
[BRIDGE]SQUID-HC12-BRIDGE v2.0
[[CTRL] depth_valid=1 depth=13.511 vz=0.504 az=-0.494 target_valid=0 target=0.000 pid=0.000 pid_base=0.000 buoyancy_pwm=0 mask_valid=1 mask=0 forward_active=0
$T,134,2,-7,234,28,8,935,-779,-1458,1196,0*50
[CTRL] depth_valid=1 depth=13.126 vz=-0.932 az=-1.560 target_valid=0 target=0.000 pid=0.000 pid_base=0.000 buoyancy_pwm=0 mask_valid=1 mask= forward_active=0
[CTRL] depth_valid=1 depth=12.186 vz=-2.245 az=-2.015 target_valid=0 target=0.000 pid=0.000 pid_base=0.000 buoyancy_pwm=0 mask_valid=1 mask=0 forward_active=0
[CTRL] depth_valid=1 depth=11.025 vz=-2.799 az=-1.605 target_valid=0 target=0.000 pid=0.000 pid_base=0.000 buoyancy_pwm=0 mask_valid=1 mask=0 forward_active=0
[CTRL] depth_valid=1 depth=10.594 vz=-1.236 az=0.468 target_valid=0 target=0.000 pid=0.000 pid_base=0.000 buoyancy_pwm=0 mask_valid=1 mask=0 forward_active=0
$T,106,-6,10,236,32,73,793,-868,-1286,1201,0*53
[CTRL] depth_valid=1 depth=11.648 vz=1.980 az=2.908 target_valid=0 target=0.000 pid=0.000 pid_base=0.000 buoyancy_pwm=0 mask_valid=1 mask=0 forward_active=0
[CTRL] depth_valid=1 depth=12.667 vz=2.580 az=2.044 target_valid=0 target=0.000 pid=0.000 pid_base=0.000 buoyancy_pwm=0 mask_valid=1 mask=0 forward_active=0
[CTRL] depth_valid=1 depth=12.900 vz=0.950 az=-0.287 target_valid=0 target=0.000 pid=0.000 pid_base=0.000 buoyancy_pwm=0 mask_valid=1 mask=0 forward_active=0
[CTRL] depth_valid=1 depth=12.236 vz=-1.345 az=-2.130 target_valid=0 target=0.000 pid=0.000 pid_base=0.000 buoyancy_pwm=0 mask_valid=1 mask=0 forward_active=0
$T,120,-17,-23,237,29,69,822,-812,-1325,1201,0*4A
[CTRL] depth_valid=1 depth=11.188 vz=-2.534 az=-2.178 target_valid=0 target=0.000 pid=0.000 pid_base=0.000 buoyancy_pwm=0 mask_valid=1 mask=0 forward_active=0
[CTRL] depth_valid=1 depth=10.917 vz=-1.140 az=-0.052 target_valid=0 target=0.000 pid=0.000 pid_base=0.000 buoyancy_pwm=0 mask_valid=1 mask=0 forward_active=0
[OK]hb
[CTRL] depth_valid=1 depth=11.419 vz=0.854 az=1.617 target_valid=0 target=0.000 pid=0.000 pid_base=0.000 buoyancy_pwm=0 mask_valid=1 mask=0 forward_active=0
[CTRL] depth_valid=1 depth=12.284 vz=1.986 az=1.798 target_valid=0 target=0.000 pid=0.000 pid_base=0.000 buoyancy_pwm=0 mask_valid=1 mask=0 forward_active=0
$T,124,20,16,238,27,72,856,-803,-1391,1199,0*49
[CTRL] depth_valid=1 depth=12.683 vz=1.131 az=0.193 target_valid=0 target=0.000 pid=0.000 pid_base=0.000 buoyancy_pwm=0 mask_valid=1 mask=0 forward_active=0
[CTRL] depth_valid=1 depth=12.217 vz=-0.796 az=-1.517 target_valid=0 target=0.000 pid=0.000 pid_base=0.000 buoyancy_pwm=0 mask_valid=1 mask=0 forward_active=0
[CTRL] depth_valid=1 depth=11.428 vz=-1.864 az=-1.728 target_valid=0 target=0.000 pid=0.000 pid_base=0.000 buoyancy_pwm=0 mask_valid=1 mask=0 forward_active=0
[CTRL] depth_valid=1 depth=10.974 vz=-1.359 az=-0.550 target_valid=0 target=0.000 pid=0.000 pid_base=0.000 buoyancy_pwm=0 mask_valid=1 mask=0 forward_active=0
$T,109,-10,-2,240,25,74,813,-855,-1382,1198,0*7A
[CTRL] depth_valid=1 depth=11.394 vz=0.561 az=1.269 target_valid=0 target=0.000 pid=0.000 pid_base=0.000 buoyancy_pwm=0 mask_valid=1 mask=0 forward_active=0
[CTRL] depth_valid=1 depth=12.086 vz=1.597 az=1.549 target_valid=0 target=0.000 pid=0.000 pid_base=0.000 buoyancy_pwm=0 mask_valid=1 mask=0 forward_active=0
[CTRL] depth_valid=1 depth=12.439 vz=1.012 az=0.308 target_valid=0 target=0.000 pid=0.000 pid_base=0.000 buoyancy_pwm=0 mask_valid=1 mask=0 forward_active=0
Target depth set to 5.0 cm
[OK]l5#1[ACK] l5#1

[CTRL] depth_valid=1 depth=12.205 vz=-0.373 az=-1.027 target_valid=1 target=5.000 pid=-15.484 pid_base=0.272 buoyancy_pwm=80 mask_valid=1 mask=384 forward_active=0
$T,120,-7,-13,242,24,75,854,-814,-1437,1201,0*79
[OK]hb
<- Minima: BUOY 
[CTRL] depth_valid=1 depth=11.536 vz=-1.451 az=-1.426 target_valid=1 target=5.000 pid=-0.088 pid_base=0.286 buoyancy_pwm=80 mask_valid=1 mask=384 forward_active=0
Target depth set to 10.0 cm
[OK]l10#2[ACK] l10#2

[CTRL] depth_valid=1 depth=11.136 vz=-1.114 az=-0.483 target_valid=1 target=10.000 pid=35.841 pid_base=0.298 buoyancy_pwm=91 mask_valid=1 mask=0 forward_active=0
[CTRL] depth_valid=1 depth=11.429 vz=0.386 az=0.982 target_valid=1 target=10.000 pid=-14.949 pid_base=0.312 buoyancy_pwm=80 mask_valid=1 mask=384 forward_active=0
Target depth set to 15.0 cm
[OK]l15#3[ACK] l15#3

[CTRL] depth_valid=1 depth=12.011 vz=1.331 az=1.326 target_valid=1 target=15.000 pid=-19.101 pid_base=0.330 buoyancy_pwm=0 mask_valid=1 mask=0 forward_active=0
$T,120,13,12,244,23,77,807,-798,-1392,1201,4*4F
[CTRL] depth_valid=1 depth=12.300 vz=0.832 az=0.259 target_valid=1 target=15.000 pid=-12.901 pid_base=0.325 buoyancy_pwm=80 mask_valid=1 mask=384 forward_active=0
Target depth set to 20.0 cm
[OK]l20#4[ACK] l20#4

<- Minima: IDLE
[CTRL] depth_valid=1 depth=11.998 vz=-0.507 az=-0.998 target_valid=1 target=20.000 pid=97.462 pid_base=0.293 buoyancy_pwm=249 mask_valid=1 mask=0 forward_active=0
<- Minima: BUOY 
[CTRL] depth_valid=1 depth=11.451 vz=-1.287 az=-1.207 target_valid=1 target=20.000 pid=100.000 pid_base=0.271 buoyancy_pwm=255 mask_valid=1 mask=0 forward_active=0
Target depth set to 25.0 cm
[OK]l25#5[ACK] l25#5

[CTRL] depth_valid=1 depth=11.416 vz=-0.449 az=-0.003 target_valid=1 target=25.000 pid=100.000 pid_base=0.270 buoyancy_pwm=255 mask_valid=1 mask=0 forward_active=0
$T,113,-3,0,246,22,78,823,-855,-1422,1205,4*6C
[CTRL] depth_valid=1 depth=11.809 vz=0.760 az=1.032 target_valid=1 target=25.000 pid=62.975 pid_base=0.259 buoyancy_pwm=161 mask_valid=1 mask=0 forward_active=0
Target depth set to 30.0 cm
[OK]l30#6[ACK] l30#6

[CTRL] depth_valid=1 depth=12.422 vz=1.379 az=1.055 target_valid=1 target=30.000 pid=73.365 pid_base=0.204 buoyancy_pwm=187 mask_valid=1 mask=0 forward_active=0
[OK]hb
[CTRL] depth_valid=1 depth=12.697 vz=0.810 az=0.093 target_valid=1 target=30.000 pid=100.000 pid_base=0.155 buoyancy_pwm=255 mask_valid=1 mask=0 forward_active=0
[CTRL] depth_valid=1 depth=12.605 vz=-0.042 az=-0.617 target_valid=1 target=30.000 pid=100.000 pid_base=0.152 buoyancy_pwm=255 mask_valid=1 mask=0 forward_active=0
$T,125,-1,-6,,21,80,758,-861,-1390,1198,4*79
[CTRL] depth_valid=1 depth=12.420 vz=-0.598 az=-0.881 target_valid=1 target=30.000 pid=100.000 pid_base=0.146 buoyancy_pwm=255 mask_valid=1 mask=0 forward_active=0
[CTRL] depth_valid=1 depth=12.264 vz=-0.537 az=-0.451 target_valid=1 target=30.000 pid=100.000 pid_base=0.142 buoyancy_pwm=255 mask_valid=1 mask=0 forward_active=0
[CTRL] depth_valid=1 depth=12.230 vz=-0.282 az=-0.100 target_valid=1 target=30.000 pid=100.000 pid_base=0.141 buoyancy_pwm=255 mask_valid=1 mask=0 forward_active=0
[CTRL] depth_valid=1 depth=12.591 vz=0.699 az=0.796 target_valid=1 target=30.000 pid=100.000 pid_base=0.152 buoyancy_pwm=255 mask_valid=1 mask=0 forward_active=0
$T,126,7,7,,20,82,-787,-857,115,1196,4*49
[CTRL] depth_valid=1 depth=13.417 vz=1.739 az=1.298 target_valid=1 target=30.000 pid=56.975 pid_base=0.144 buoyancy_pwm=145 mask_valid=1 mask=0 forward_active=0
<- Minima: IDLE
[CTRL] depth_valid=1 depth=14.468 vz=2.434 az=1.331 target_valid=1 target=30.000 pid=0.000 pid_base=0.088 buoyancy_pwm=0 mask_valid=1 mask=0 forward_active=0
[CTRL] depth_valid=1 depth=16.000 vz=3.390 az=1.561 target_valid=1 target=30.000 pid=-18.543 pid_base=0.060 buoyancy_pwm=0 mask_valid=1 mask=0 forward_active=0
<- Minima: BUOY 
[CTRL] depth_valid=1 depth=18.116 vz=4.592 az=1.887 target_valid=1 target=30.000 pid=-38.781 pid_base=0.059 buoyancy_pwm=99 mask_valid=1 mask=384 forward_active=0
$T,181,45,18,,20,42,-797,-852,75,1206,4*79
[OK]hb
[CTRL] depth_valid=1 depth=20.333 vz=4.906 az=1.309 target_valid=1 target=30.000 pid=-47.689 pid_base=0.072 buoyancy_pwm=122 mask_valid=1 mask=384 forward_active=0
[CTRL] depth_valid=1 depth=22.175 vz=4.037 az=-0.016 target_valid=1 target=30.000 pid=-40.035 pid_base=0.083 buoyancy_pwm=102 mask_valid=1 mask=384 forward_active=0
[CTRL] depth_valid=1 depth=23.422 vz=2.564 az=-1.265 target_valid=1 target=30.000 pid=-22.917 pid_base=0.085 buoyancy_pwm=80 mask_valid=1 mask=384 forward_active=0
[CTRL] depth_valid=1 depth=23.930 vz=0.749 az=-2.289 target_valid=1 target=30.000 pid=0.000 pid_base=0.069 buoyancy_pwm=0 mask_valid=1 mask=0 forward_active=0
$T,239,7,-22,,21,14,-329,-889,-433,1206,4*75
[CTRL] depth_valid=1 depth=24.202 vz=-0.077 az=-2.053 target_valid=1 target=30.000 pid=69.404 pid_base=0.048 buoyancy_pwm=177 mask_valid=1 mask=0 forward_active=0
[CTRL] depth_valid=1 depth=24.362 vz=-0.226 az=-1.316 target_valid=1 target=30.000 pid=82.560 pid_base=0.024 buoyancy_pwm=211 mask_valid=1 mask=0 forward_active=0
[CTRL] depth_valid=1 depth=24.971 vz=0.829 az=0.146 target_valid=1 target=30.000 pid=0.000 pid_base=0.015 buoyancy_pwm=0 mask_valid=1 mask=0 forward_active=0
[CTRL] depth_valid=1 depth=26.441 vz=2.837 az=1.746 target_valid=1 target=30.000 pid=-28.749 pid_base=0.037 buoyancy_pwm=0 mask_valid=1 mask=0 forward_active=0
$T,264,28,17,,21,14,-807,-835,8,1207,4*4B
[CTRL] depth_valid=1 depth=28.581 vz=4.452 az=2.215 target_valid=1 target=30.000 pid=-58.644 pid_base=0.088 buoyancy_pwm=150 mask_valid=1 mask=384 forward_active=0
[CTRL] depth_valid=1 depth=30.749 vz=4.865 az=1.570 target_valid=1 target=30.000 pid=-69.446 pid_base=0.150 buoyancy_pwm=177 mask_valid=1 mask=384 forward_active=0
[OK]hb
[CTRL] depth_valid=1 depth=32.266 vz=3.395 az=-0.373 target_valid=1 target=30.000 pid=-50.404 pid_base=0.203 buoyancy_pwm=129 mask_valid=1 mask=384 forward_active=0
[CTRL] depth_valid=1 depth=33.465 vz=2.235 az=-1.267 target_valid=1 target=30.000 pid=-38.373 pid_base=0.254 buoyancy_pwm=98 mask_valid=1 mask=384 forward_active=0
$T,334,22,-12,,,21,-1154,-893,330,1207,4*52
[CTRL] depth_valid=1 depth=34.383 vz=1.537 az=-1.367 target_valid=1 target=30.000 pid=-32.977 pid_base=0.300 buoyancy_pwm=84 mask_valid=1 mask=384 forward_active=0
[CTRL] depth_valid=1 depth=34.950 vz=0.766 az=-1.477 target_valid=1 target=30.000 pid=-24.019 pid_base=0.340 buoyancy_pwm=80 mask_valid=1 mask=384 forward_active=0
[CTRL] depth_valid=1 depth=35.052 vz=-0.209 az=-1.719 target_valid=1 target=30.000 pid=-13.340 pid_base=0.368 buoyancy_pwm=80 mask_valid=1 mask=384 forward_active=0
[CTRL] depth_valid=1 depth=34.688 vz=-1.218 az=-1.893 target_valid=1 target=30.000 pid=0.000 pid_base=0.382 buoyancy_pwm=0 mask_valid=1 mask=0 forward_active=0
$T,345,-13,-19,,,,972,-888,1780,1201,4*51
<- Minima: IDLE
[CTRL] depth_valid=1 depth=34.140 vz=-1.565 az=-1.368 target_valid=1 target=30.000 pid=46.612 pid_base=0.388 buoyancy_pwm=119 mask_valid=1 mask=0 forward_active=0
<- Minima: BUOY 
[CTRL] depth_valid=1 depth=33.752 vz=-1.236 az=-0.556 target_valid=1 target=30.000 pid=36.912 pid_base=0.397 buoyancy_pwm=94 mask_valid=1 mask=0 forward_active=0
[CTRL] depth_valid=1 depth=33.879 vz=-0.031 az=0.636 target_valid=1 target=30.000 pid=-9.994 pid_base=0.419 buoyancy_pwm=80 mask_valid=1 mask=384 forward_active=0
[CTRL] depth_valid=1 depth=34.460 vz=1.199 az=1.346 target_valid=1 target=30.000 pid=-28.410 pid_base=0.458 buoyancy_pwm=80 mask_valid=1 mask=384 forward_active=0
$T,345,13,13,,,,-1214,-888,354,1197,4*7C
[OK]hb
[CTRL] depth_valid=1 depth=35.377 vz=1.983 az=1.313 target_valid=1 target=30.000 pid=-44.520 pid_base=0.510 buoyancy_pwm=114 mask_valid=1 mask=384 forward_active=0
[CTRL] depth_valid=1 depth=36.220 vz=1.980 az=0.708 target_valid=1 target=30.000 pid=-46.065 pid_base=0.564 buoyancy_pwm=117 mask_valid=1 mask=384 forward_active=0
[CTRL] depth_valid=1 depth=36.801 vz=1.257 az=-0.293 target_valid=1 target=30.000 pid=-37.328 pid_base=0.614 buoyancy_pwm=95 mask_valid=1 mask=384 forward_active=0
[CTRL] depth_valid=1 depth=36.662 vz=-0.326 az=-1.533 target_valid=1 target=30.000 pid=-16.609 pid_base=0.644 buoyancy_pwm=80 mask_valid=1 mask=384 forward_active=0
$T,365,-5,-16,,,,975,-868,1767,1197,4*67
[CTRL] depth_valid=1 depth=36.306 vz=-1.157 az=-1.636 target_valid=1 target=30.000 pid=-5.317 pid_base=0.666 buoyancy_pwm=80 mask_valid=1 mask=384 forward_active=0
<- Minima: IDLE
[CTRL] depth_valid=1 depth=35.435 vz=-2.222 az=-1.899 target_valid=1 target=30.000 pid=63.221 pid_base=0.670 buoyancy_pwm=161 mask_valid=1 mask=0 forward_active=0
<- Minima: BUOY 
[CTRL] depth_valid=1 depth=34.078 vz=-3.241 az=-1.995 target_valid=1 target=30.000 pid=100.000 pid_base=0.646 buoyancy_pwm=255 mask_valid=1 mask=0 forward_active=0
[CTRL] depth_valid=1 depth=33.052 vz=-2.596 az=-0.594 target_valid=1 target=30.000 pid=100.000 pid_base=0.615 buoyancy_pwm=255 mask_valid=1 mask=0 forward_active=0
$T,329,-24,-3,,,,-937,-857,75,1203,4*44
[CTRL] depth_valid=1 depth=32.826 vz=-0.643 az=1.336 target_valid=1 target=30.000 pid=0.000 pid_base=0.618 buoyancy_pwm=0 mask_valid=1 mask=0 forward_active=0
[CTRL] depth_valid=1 depth=33.823 vz=2.179 az=3.105 target_valid=1 target=30.000 pid=-44.779 pid_base=0.664 buoyancy_pwm=114 mask_valid=1 mask=384 forward_active=0
[OK]hb
[CTRL] depth_valid=1 depth=35.297 vz=3.652 az=2.984 target_valid=1 target=30.000 pid=-70.035 pid_base=0.730 buoyancy_pwm=179 mask_valid=1 mask=384 forward_active=0
[CTRL] depth_valid=1 depth=36.174 vz=2.509 az=0.693 target_valid=1 target=30.000 pid=-56.576 pid_base=0.785 buoyancy_pwm=144 mask_valid=1 mask=384 forward_active=0
$T,362,23,4,,,,782,-844,-1645,1197,4*43
[CTRL] depth_valid=1 depth=36.512 vz=0.915 az=-0.955 target_valid=1 target=30.000 pid=-36.932 pid_base=0.827 buoyancy_pwm=94 mask_valid=1 mask=384 forward_active=0
[CTRL] depth_valid=1 depth=36.391 vz=-0.415 az=-1.656 target_valid=1 target=30.000 pid=-19.602 pid_base=0.856 buoyancy_pwm=80 mask_valid=1 mask=384 forward_active=0
[CTRL] depth_valid=1 depth=35.919 vz=-1.345 az=-1.737 target_valid=1 target=30.000 pid=-6.633 pid_base=0.873 buoyancy_pwm=80 mask_valid=1 mask=384 forward_active=0
<- Minima: IDLE
[CTRL] depth_valid=1 depth=34.972 vz=-2.385 az=-1.925 target_valid=1 target=30.000 pid=54.781 pid_base=0.872 buoyancy_pwm=140 mask_valid=1 mask=0 forward_active=0
$T,347,-26,-20,,,,790,-833,-1658,1196,0*7D
<- Minima: BUOY 
[CTRL] depth_valid=1 depth=33.486 vz=-3.454 az=-2.032 target_valid=1 target=30.000 pid=100.000 pid_base=0.840 buoyancy_pwm=255 mask_valid=1 mask=0 forward_active=0
[CTRL] depth_valid=1 depth=32.211 vz=-3.089 az=-0.841 target_valid=1 target=30.000 pid=100.000 pid_base=0.801 buoyancy_pwm=255 mask_valid=1 mask=0 forward_active=0
[CTRL] depth_valid=1 depth=31.937 vz=-0.829 az=1.450 target_valid=1 target=30.000 pid=0.000 pid_base=0.798 buoyancy_pwm=0 mask_valid=1 mask=0 forward_active=0
[CTRL] depth_valid=1 depth=32.805 vz=1.927 az=3.097 target_valid=1 target=30.000 pid=-43.200 pid_base=0.835 buoyancy_pwm=110 mask_valid=1 mask=384 forward_active=0
$T,330,22,31,,,,84,-884,-950,1193,4*70
[OK]hb
[CTRL] depth_valid=1 depth=33.984 vz=3.029 az=2.641 target_valid=1 target=30.000 pid=-61.410 pid_base=0.887 buoyancy_pwm=157 mask_valid=1 mask=384 forward_active=0
[CTRL] depth_valid=1 depth=34.910 vz=2.472 az=0.968 target_valid=1 target=30.000 pid=-56.943 pid_base=0.937 buoyancy_pwm=145 mask_valid=1 mask=384 forward_active=0
[CTRL] depth_valid=1 depth=35.354 vz=1.138 az=-0.610 target_valid=1 target=30.000 pid=-40.917 pid_base=0.976 buoyancy_pwm=104 mask_valid=1 mask=384 forward_active=0
[CTRL] depth_valid=1 depth=35.216 vz=-0.414 az=-1.691 target_valid=1 target=30.000 pid=-20.449 pid_base=0.999 buoyancy_pwm=80 mask_valid=1 mask=384 forward_active=0
$T,351,-6,-17,,,,713,-850,-1578,1206,4*4D
[CTRL] depth_valid=1 depth=34.537 vz=-1.756 az=-2.107 target_valid=1 target=30.000 pid=-1.293 pid_base=1.004 buoyancy_pwm=80 mask_valid=1 mask=384 forward_active=0
[CTRL] depth_valid=1 depth=33.310 vz=-3.097 az=-2.433 target_valid=1 target=30.000 pid=100.000 pid_base=0.987 buoyancy_pwm=255 mask_valid=1 mask=0 forward_active=0
[CTRL] depth_valid=1 depth=31.771 vz=-3.738 az=-1.968 target_valid=1 target=30.000 pid=100.000 pid_base=0.941 buoyancy_pwm=255 mask_valid=1 mask=0 forward_active=0
[CTRL] depth_valid=1 depth=30.636 vz=-2.776 az=-0.298 target_valid=1 target=30.000 pid=100.000 pid_base=0.907 buoyancy_pwm=255 mask_valid=1 mask=0 forward_active=0
$T,305,-24,0,,,,-680,-855,-193,1206,4*74
<- Minima: IDLE
[CTRL] depth_valid=1 depth=30.419 vz=-0.601 az=1.667 target_valid=1 tget=30.000 pid=-6.200 pid_base=0.902 buoyancy_pwm=80 mask_valid=1 mask=384 forward_active=0
<- Minima: BUOY 
[CTRL] depth_valid=1 depth=31.151 vz=1.769 az=2.939 target_valid=1 target=30.000 pid=-39.838 pid_base=0.927 buoyancy_pwm=102 mask_valid=1 mask=384 forward_active=0
[OK]hb
[CTRL] depth_valid=1 depth=32.191 vz=2.647 az=2.308 target_valid=1 target=30.000 pid=-54.499 pid_base=0.967 buoyancy_pwm=139 mask_valid=1 mask=384 forward_active=0
[CTRL] depth_valid=1 depth=33.070 vz=2.244 az=0.881 target_valid=1 target=30.000 pid=-51.754 pid_base=1.006 buoyancy_pwm=132 mask_valid=1 mask=384 forward_active=0
$T,331,20,5,,,,640,-859,-1513,1198,4*4B
[CTRL] depth_valid=1 depth=33.346 vz=0.744 az=-0.822 target_valid=1 target=30.000 pid=-32.862 pid_base=1.031 buoyancy_pwm=84 mask_valid=1 mask=384 forward_active=0
[CTRL] depth_valid=1 depth=33.090 vz=-0.728 az=-1.767 target_valid=1 target=30.000 pid=-12.922 pid_base=1.040 buoyancy_pwm=80 mask_valid=1 mask=384 forward_active=0
[CTRL] depth_valid=1 depth=32.393 vz=-1.908 az=-2.078 target_valid=1 target=30.000 pid=26.090 pid_base=1.033 buoyancy_pwm=0 mask_valid=1 mask=0 forward_active=0
[CTRL] depth_valid=1 depth=31.163 vz=-3.049 az=-2.213 target_valid=1 target=30.000 pid=100.000 pid_base=1.005 buoyancy_pwm=255 mask_valid=1 mask=0 forward_active=0
$T,309,-31,-21,,,,604,-854,-1478,1194,4*7B
[CTRL] depth_valid=1 depth=29.722 vz=-3.441 az=-1.612 target_valid=1 target=30.000 pid=100.000 pid_base=0.962 buoyancy_pwm=255 mask_valid=1 mask=0 forward_active=0
[CTRL] depth_valid=1 depth=28.553 vz=-2.707 az=-0.250 target_valid=1 target=30.000 pid=100.000 pid_base=0.927 buoyancy_pwm=255 mask_valid=1 mask=0 forward_active=0
<- Minima: IDLE
[CTRL] depth_valid=1 depth=28.524 vz=-0.333 az=1.805 target_valid=1 target=30.000 pid=-6.406 pid_base=0.921 buoyancy_pwm=80 mask_valid=1 mask=384 forward_active=0
<- Minima: BUOY 
[CTRL] depth_valid=1 depth=29.470 vz=2.116 az=3.003 target_valid=1 target=30.000 pid=-41.468 pid_base=0.944 buoyancy_pwm=106 mask_valid=1 mask=384 forward_active=0
$T,296,22,28,,,23,-68,-874,-805,1205,4*59
[OK]hb
[CTRL] depth_valid=1 depth=30.547 vz=2.822 az=2.249 target_valid=1 target=30.000 pid=-53.741 pid_base=0.976 buoyancy_pwm=137 mask_valid=1 mask=384 forward_active=0
[CTRL] depth_valid=1 depth=31.202 vz=1.890 az=0.456 target_valid=1 target=30.000 pid=-43.159 pid_base=1.000 buoyancy_pwm=110 mask_valid=1 mask=384 forward_active=0
[CTRL] depth_valid=1 depth=31.229 vz=0.243 az=-1.132 target_valid=1 target=30.000 pid=-21.408 pid_base=1.007 buoyancy_pwm=80 mask_valid=1 mask=384 forward_active=0
[CTRL] depth_valid=1 depth=30.709 vz=-1.255 az=-1.904 target_valid=1 target=30.000 pid=-0.162 pid_base=0.997 buoyancy_pwm=80 mask_valid=1 mask=384 forward_active=0
$T,305,-14,-19,,,25,582,-863,-1456,1205,4*72
[CTRL] depth_valid=1 depth=29.804 vz=-2.291 az=-1.983 target_valid=1 target=30.000 pid=96.122 pid_base=0.971 buoyancy_pwm=245 mask_valid=1 mask=0 forward_active=0
[CTRL] depth_valid=1 depth=28.491 vz=-3.089 az=-1.783 target_valid=1 target=30.000 pid=100.000 pid_base=0.932 buoyancy_pwm=255 mask_valid=1 mask=0 forward_active=0
[CTRL] depth_valid=1 depth=27.537 vz=-2.434 az=-0.503 target_valid=1 target=30.000 pid=100.000 pid_base=0.903 buoyancy_pwm=255 mask_valid=1 mask=0 forward_active=0
[CTRL] depth_valid=1 depth=27.408 vz=-0.469 az=1.379 target_valid=1 target=30.000 pid=0.000 pid_base=0.893 buoyancy_pwm=0 mask_valid=1 mask=0 forward_active=0
$T,275,0,17,,,22,-898,-837,16,1196,4*47
[CTRL] depth_valid=1 depth=28.373 vz=2.078 az=2.857 target_valid=1 target=30.000 pid=-38.019 pid_base=0.911 buoyancy_pwm=97 mask_valid=1 mask=384 forward_active=0
[CTRL] depth_valid=1 depth=29.813 vz=3.425 az=2.672 target_valid=1 target=30.000 pid=-59.714 pid_base=0.949 buoyancy_pwm=152 mask_valid=1 mask=384 forward_active=0
[OK]hb
[CTRL] depth_valid=1 depth=30.836 vz=2.765 az=0.964 target_valid=1 target=30.000 pid=-53.668 pid_base=0.981 buoyancy_pwm=137 mask_valid=1 mask=384 forward_active=0
[CTRL] depth_valid=1 depth=31.062 vz=0.797 az=-1.101 target_valid=1 target=30.000 pid=-28.136 pid_base=0.993 buoyancy_pwm=80 mask_valid=1 mask=384 forward_active=0
$T,310,4,-13,,,24,1219,-882,1499,1200,4*71
[CTRL] depth_valid=1 depth=30.837 vz=-0.639 az=-1.819 target_valid=1 target=30.000 pid=-8.510 pid_base=0.991 buoyancy_pwm=80 mask_valid=1 mask=384 forward_active=0
<- Minima: IDLE
[CTRL] depth_valid=1 depth=30.226 vz=-1.623 az=-1.847 target_valid=1 target=30.000 pid=37.069 pid_base=0.975 buoyancy_pwm=95 mask_valid=1 mask=0 forward_active=0
<- Minima: BUOY 
[CTRL] depth_valid=1 depth=29.216 vz=-2.517 az=-1.841 target_valid=1 target=30.000 pid=100.000 pid_base=0.945 buoyancy_pwm=255 mask_valid=1 mask=0 forward_active=0
[CTRL] depth_valid=1 depth=28.180 vz=-2.662 az=-1.245 target_valid=1 target=30.000 pid=100.000 pid_base=0.914 buoyancy_pwm=255 mask_valid=1 mask=0 forward_active=0
$T,279,-26,-11,,,22,-1071,-856,190,1196,4*7F
Forward started.
[OK]w#7[ACK] w#7

<- Minima: FWD BUOY 
[CTRL] depth_valid=1 depth=27.692 vz=-1.229 az=0.588 target_valid=1 target=30.000 pid=46.410 pid_base=0.897 buoyancy_pwm=118 mask_valid=1 mask=6 forward_active=1
<- Minima: FWD 
[CTRL] depth_valid=1 depth=28.230 vz=1.021 az=2.164 target_valid=1 target=30.000 pid=-23.479 pid_base=0.903 buoyancy_pwm=0 mask_valid=1 mask=6 forward_active=1
<- Minima: FWD BUOY 
[CTRL] depth_valid=1 depth=29.735 vz=3.533 az=3.414 target_valid=1 target=30.000 pid=-60.850 pid_base=0.942 buoyancy_pwm=155 mask_valid=1 mask=384 forward_active=1
[CTRL] depth_valid=1 depth=31.400 vz=4.243 az=2.565 target_valid=1 target=30.000 pid=-74.794 pid_base=0.994 buoyancy_pwm=191 mask_valid=1 mask=390 forward_active=1
$T,316,41,22,,,23,-1034,-869,136,1194,5*75
[OK]hb
[CTRL] depth_valid=1 depth=33.051 vz=3.493 az=0.727 target_valid=1 target=30.000 pid=-70.260 pid_base=1.047 buoyancy_pwm=179 mask_valid=1 mask=390 forward_active=1
[CTRL] depth_valid=1 depth=35.384 vz=4.870 az=1.597 target_valid=1 target=30.000 pid=-94.485 pid_base=1.145 buoyancy_pwm=241 mask_valid=1 mask=384 forward_active=1
[CTRL] depth_valid=1 depth=37.792 vz=5.318 az=1.314 target_valid=1 target=30.000 pid=-100.000 pid_base=1.231 buoyancy_pwm=255 mask_valid=1 mask=390 forward_active=1
[CTRL] depth_valid=1 depth=39.954 vz=4.794 az=0.302 target_valid=1 target=30.000 pid=-100.000 pid_base=1.296 buoyancy_pwm=255 mask_valid=1 mask=384 forward_active=1
$T,399,47,3,,,,1797,-889,927,1157,5*6C
[CTRL] depth_valid=1 depth=42.141 vz=4.340 az=-0.337 target_valid=1 target=30.000 pid=-100.000 pid_base=1.362 buoyancy_pwm=255 mask_valid=1 mask=384 forward_active=1
[CTRL] depth_valid=1 depth=44.355 vz=4.264 az=-0.374 target_valid=1 target=30.000 pid=-100.000 pid_base=1.428 buoyancy_pwm=255 mask_valid=1 mask=390 forward_active=1
[CTRL] depth_valid=1 depth=46.692 vz=4.476 az=-0.096 target_valid=1 target=30.000 pid=-100.000 pid_base=1.498 buoyancy_pwm=255 mask_valid=1 mask=384 forward_active=1
[CTRL] depth_valid=1 depth=49.223 vz=4.889 az=0.213 target_valid=1 target=30.000 pid=-100.000 pid_base=1.574 buoyancy_pwm=255 mask_valid=1 mask=384 forward_active=1
Forward stop: pressure balance in progress...
[OK]w#8[ACK] w#8

$T,497,52,5,,,,914,-879,-1789,1199,5*48
[CTRL] depth_valid=1 depth=51.819 vz=5.047 az=0.127 target_valid=1 target=30.000 pid=-100.000 pid_base=1.652 buoyancy_pwm=255 mask_valid=1 mask=388 forward_active=0
<- Minima: BUOY 
[CTRL] depth_valid=1 depth=54.506 vz=5.455 az=0.455 target_valid=1 target=30.000 pid=-100.000 pid_base=1.733 buoyancy_pwm=255 mask_valid=1 mask=384 forward_active=0
[OK]hb
[CTRL] depth_valid=1 depth=57.803 vz=6.610 az=1.201 target_valid=1 target=30.000 pid=-100.000 pid_base=1.832 buoyancy_pwm=255 mask_valid=1 mask=384 forward_active=0
[CTRL] depth_valid=1 depth=61.139 vz=6.995 az=1.025 target_valid=1 target=30.000 pid=-100.000 pid_base=1.932 buoyancy_pwm=255 mask_valid=1 mask=384 forward_active=0
$T,616,69,8,,,,841,-861,-1737,1199,4*4A
[CTRL] depth_valid=1 depth=64.579 vz=7.124 az=0.689 target_valid=1 target=30.000 pid=-100.000 pid_base=2.035 buoyancy_pwm=255 mask_valid=1 mask=384 forward_active=0
[CTRL] depth_valid=1 depth=68.202 vz=7.319 az=0.529 target_valid=1 target=30.000 pid=-100.000 pid_base=2.144 buoyancy_pwm=255 mask_valid=1 mask=384 forward_active=0
[CTRL] depth_valid=1 depth=72.273 vz=8.172 az=0.935 target_valid=1 target=30.000 pid=-100.000 pid_base=2.266 buoyancy_pwm=255 mask_valid=1 mask=384 forward_active=0
[CTRL] depth_valid=1 depth=76.653 vz=8.817 az=0.977 target_valid=1 target=30.000 pid=-100.000 pid_base=2.397 buoyancy_pwm=255 mask_valid=1 mask=384 forward_active=0
$T,774,90,10,,,,857,-852,-1770,1197,4*7A
[CTRL] depth_valid=1 depth=78.422 vz=3.241 az=-4.645 target_valid=1 target=30.000 pid=-100.000 pid_base=2.450 buoyancy_pwm=255 mask_valid=1 mask=384 forward_active=0
[CTRL] depth_valid=1 depth=75.549 vz=-6.225 az=-10.437 target_valid=1 target=30.000 pid=-62.394 pid_base=2.443 buoyancy_pwm=159 mask_valid=1 mask=384 forward_active=0
[CTRL] depth_valid=1 depth=73.945 vz=-5.741 az=-5.413 target_valid=1 target=30.000 pid=-69.540 pid_base=2.619 buoyancy_pwm=177 mask_valid=1 mask=384 forward_active=0
[CTRL] depth_valid=1 depth=74.036 vz=-1.585 az=0.314 target_valid=1 target=30.000 pid=-100.000 pid_base=2.733 buoyancy_pwm=255 mask_valid=1 mask=384 forward_active=0
$T,741,-9,9,,,,861,-824,-1782,1198,4*5F
[OK]hb
[CTRL] depth_valid=1 depth=75.119 vz=1.924 az=3.020 target_valid=1 target=30.000 pid=-100.000 pid_base=2.766 buoyancy_pwm=255 mask_valid=1 mask=384 forward_active=0
[CTRL] depth_valid=1 depth=76.644 vz=3.758 az=3.263 target_valid=1 target=30.000 pid=-100.000 pid_base=2.812 buoyancy_pwm=255 mask_valid=1 mask=384 forward_active=0
[CTRL] depth_valid=1 depth=78.547 vz=4.581 az=2.522 target_valid=1 target=30.000 pid=-100.000 pid_base=2.869 buoyancy_pwm=255 mask_valid=1 mask=384 forward_active=0
[CTRL] depth_valid=1 depth=78.342 vz=0.315 az=-2.246 target_valid=1 target=30.000 pid=-100.000 pid_base=2.863 buoyancy_pwm=255 mask_valid=1 mask=384 forward_active=0
$T,780,-7,-31,,,38,854,-793,-1797,1207,4*45
[CTRL] depth_valid=1 depth=76.727 vz=-3.374 az=-4.206 target_valid=1 target=30.000 pid=-100.000 pid_base=2.814 buoyancy_pwm=255 mask_valid=1 mask=384 forward_active=0
[CTRL] depth_valid=1 depth=76.346 vz=-1.894 az=-1.131 target_valid=1 target=30.000 pid=-100.000 pid_base=2.803 buoyancy_pwm=255 mask_valid=1 mask=384 forward_active=0
[CTRL] depth_valid=1 depth=76.732 vz=0.397 az=1.302 target_valid=1 target=30.000 pid=-100.000 pid_base=2.814 buoyancy_pwm=255 mask_valid=1 mask=384 forward_active=0
[CTRL] depth_valid=1 depth=77.493 vz=1.758 az=1.868 target_valid=1 target=30.000 pid=-100.000 pid_base=2.837 buoyancy_pwm=255 mask_valid=1 mask=384 forward_active=0
$T,776,19,19,,,37,852,-768,1799,1207,4*57
[CTRL] depth_valid=1 depth=78.270 vz=1.832 az=0.993 target_valid=1 target=30.000 pid=-100.000 pid_base=2.860 buoyancy_pwm=255 mask_valid=1 mask=384 forward_active=0
[CTRL] depth_valid=1 depth=78.256 vz=0.154 az=-0.935 target_valid=1 target=30.000 pid=-100.000 pid_base=2.860 buoyancy_pwm=255 mask_valid=1 mask=384 forward_active=0
[OK]hb
[CTRL] depth_valid=1 depth=77.880 vz=-1.006 az=-1.551 target_valid=1 target=30.000 pid=-100.000 pid_base=2.849 buoyancy_pwm=255 mask_valid=1 mask=384 forward_active=0
[CTRL] depth_valid=1 depth=77.990 vz=-0.345 az=-0.415 target_valid=1 target=30.000 pid=-100.000 pid_base=2.852 buoyancy_pwm=255 mask_valid=1 mask=384 forward_active=0
$T,780,-1,-1,,,37,857,-744,-1798,1201,4*7F
[CTRL] depth_valid=1 depth=78.312 vz=0.330 az=0.209 target_valid=1 target=30.000 pid=-100.000 pid_base=2.862 buoyancy_pwm=255 mask_valid=1 mask=384 forward_active=0
[CTRL] depth_valid=1 depth=78.652 vz=0.671 az=0.371 target_valid=1 target=30.000 pid=-100.000 pid_base=2.872 buoyancy_pwm=255 mask_valid=1 mask=384 forward_active=0
[CTRL] depth_valid=1 depth=78.574 vz=-0.049 az=-0.410 target_valid=1 target=30.000 pid=-100.000 pid_base=2.870 buoyancy_pwm=255 mask_valid=1 mask=384 forward_active=0
[CTRL] depth_valid=1 depth=77.832 vz=-1.654 az=-1.674 target_valid=1 target=30.000 pid=-100.000 pid_base=2.847 buoyancy_pwm=255 mask_valid=1 mask=384 forward_active=0
$T,777,-16,-15,,,,874,-730,1789,1197,4*53
[CTRL] depth_valid=1 depth=77.422 vz=-1.375 az=-0.796 target_valid=1 target=30.000 pid=-100.000 pid_base=2.835 buoyancy_pwm=255 mask_valid=1 mask=384 forward_active=0
[CTRL] depth_valid=1 depth=77.386 vz=-0.469 az=0.205 target_valid=1 target=30.000 pid=-100.000 pid_base=2.834 buoyancy_pwm=255 mask_valid=1 mask=384 forward_active=0
[CTRL] depth_valid=1 depth=77.420 vz=0.087 az=0.572 target_valid=1 target=30.000 pid=-100.000 pid_base=2.835 buoyancy_pwm=255 mask_valid=1 mask=384 forward_active=0
[CTRL] depth_valid=1 depth=77.497 vz=0.334 az=0.555 target_valid=1 target=30.000 pid=-100.000 pid_base=2.837 buoyancy_pwm=255 mask_valid=1 mask=384 forward_active=0
$T,774,1,3,,,,868,-711,-1791,1198,4*74
[OK]hb
[CTRL] depth_valid=1 depth=77.418 vz=-0.059 az=-0.059 target_valid=1 target=30.000 pid=-100.000 pid_base=2.835 buoyancy_pwm=255 mask_valid=1 mask=384 forward_active=0
[CTRL] depth_valid=1 depth=77.137 vz=-0.576 az=-0.485 target_valid=1 target=30.000 pid=-100.000 pid_base=2.826 buoyancy_pwm=255 mask_valid=1 mask=384 forward_active=0
[CTRL] depth_valid=1 depth=76.827 vz=-0.895 az=-0.650 target_valid=1 target=30.000 pid=-100.000 pid_base=2.817 buoyancy_pwm=255 mask_valid=1 mask=384 forward_active=0
[CTRL] depth_valid=1 depth=76.341 vz=-1.147 az=-0.602 target_valid=1 target=30.000 pid=-100.000 pid_base=2.803 buoyancy_pwm=255 mask_valid=1 mask=384 forward_active=0
$T,761,-13,-7,,,,868,-671,-1788,1196,4*46
[CTRL] depth_valid=1 depth=75.876 vz=-1.086 az=-0.296 target_valid=1 target=30.000 pid=-100.000 pid_base=2.789 buoyancy_pwm=255 mask_valid=1 mask=384 forward_active=0
[CTRL] depth_valid=1 depth=75.148 vz=-1.480 az=-0.477 target_valid=1 target=30.000 pid=-100.000 pid_base=2.767 buoyancy_pwm=255 mask_valid=1 mask=384 forward_active=0
[CTRL] depth_valid=1 depth=73.964 vz=-2.504 az=-1.168 target_valid=1 target=30.000 pid=-100.000 pid_base=2.731 buoyancy_pwm=255 mask_valid=1 mask=384 forward_active=0
[CTRL] depth_valid=1 depth=72.570 vz=-3.201 az=-1.346 target_valid=1 target=30.000 pid=-100.000 pid_base=2.689 buoyancy_pwm=255 mask_valid=1 mask=384 forward_active=0
$T,722,-33,-13,,,,884,-647,1798,1199,4*52
[CTRL] depth_valid=1 depth=70.718 vz=-4.092 az=-1.572 target_valid=1 target=30.000 pid=-89.303 pid_base=2.809 buoyancy_pwm=228 mask_valid=1 mask=384 forward_active=0
[CTRL] depth_valid=1 depth=68.477 vz=-5.006 az=-1.767 target_valid=1 target=30.000 pid=-75.568 pid_base=2.941 buoyancy_pwm=193 mask_valid=1 mask=384 forward_active=0
[OK]hb
[CTRL] depth_valid=1 depth=65.573 vz=-6.271 az=-2.116 target_valid=1 target=30.000 pid=-55.110 pid_base=3.041 buoyancy_pwm=141 mask_valid=1 mask=384 forward_active=0
[CTRL] depth_valid=1 depth=62.007 vz=-7.821 az=-2.624 target_valid=1 target=30.000 pid=-28.731 pid_base=3.105 buoyancy_pwm=80 mask_valid=1 mask=384 forward_active=0
$T,612,-81,-26,,,,883,-640,1795,1200,4*51
[CTRL] depth_valid=1 depth=57.742 vz=-9.312 az=-2.869 target_valid=1 target=30.000 pid=-0.842 pid_base=3.128 buoyancy_pwm=80 mask_valid=1 mask=384 forward_active=0
[CTRL] depth_valid=1 depth=52.785 vz=-10.707 az=-2.887 target_valid=1 target=30.000 pid=100.000 pid_base=2.984 buoyancy_pwm=255 mask_valid=1 mask=0 forward_active=0
[OK]d#9[ACK] d#9

<- Minima: TURN BUOY 
[CTRL] depth_valid=1 depth=47.796 vz=-10.731 az=-1.707 target_valid=1 target=30.000 pid=100.000 pid_base=2.834 buoyancy_pwm=255 mask_valid=1 mask=0 forward_active=0
[CTRL] depth_valid=1 depth=43.273 vz=-9.577 az=-0.053 target_valid=1 target=30.000 pid=100.000 pid_base=2.698 buoyancy_pwm=255 mask_valid=1 mask=0 forward_active=0
$T,426,-91,3,,,,864,-692,-1783,1200,6*61
[CTRL] depth_valid=1 depth=39.682 vz=-7.436 az=1.693 target_valid=1 target=30.000 pid=100.000 pid_base=2.590 buoyancy_pwm=255 mask_valid=1 mask=0 forward_active=0
<- Minima: BUOY 
[CTRL] depth_valid=1 depth=36.670 vz=-5.674 az=2.429 target_valid=1 target=30.000 pid=40.542 pid_base=2.500 buoyancy_pwm=103 mask_valid=1 mask=0 forward_active=0
[CTRL] depth_valid=1 depth=34.420 vz=-4.021 az=2.747 target_valid=1 target=30.000 pid=-9.286 pid_base=2.433 buoyancy_pwm=80 mask_valid=1 mask=384 forward_active=0
<- Minima: IDLE
[CTRL] depth_valid=1 depth=32.220 vz=-3.745 az=1.764 target_valid=1 target=30.000 pid=-7.101 pid_base=2.367 buoyancy_pwm=0 mask_valid=1 mask=0 forward_active=0
$T,317,-38,14,,,,878,-712,1776,1196,0*78
d=1 depth=29.721 vz=-4.632 az=0.173 target_valid=1 target=30.000 pid=68.336 pid_base=2.292 buoyancy_pwm=174 mask_valid=1 mask=0 forward_active=0
<- Minima: BUOY 
[CTRL] depth_valid=1 depth=26.656 vz=-6.119 az=-1.204 target_valid=1 target=30.000 pid=100.000 pid_base=2.199 buoyancy_pwm=255 mask_valid=1 mask=0 forward_active=0
[CTRL] depth_valid=1 depth=23.358 vz=-6.905 az=-1.388 target_valid=1 target=30.000 pid=100.000 pid_base=2.100 buoyancy_pwm=255 mask_valid=1 mask=0 forward_active=0
[CTRL] depth_valid=1 depth=20.420 vz=-6.330 az=-0.350 target_valid=1 target=30.000 pid=100.000 pid_base=2.012 buoyancy_pwm=255 mask_valid=1 mask=0 forward_active=0
$T,199,-61,-1,,,29,908,-784,1718,1200,4*6B
[CTRL] depth_valid=1 depth=17.926 vz=-5.281 az=0.611 target_valid=1 target=30.000 pid=100.000 pid_base=1.937 buoyancy_pwm=255 mask_valid=1 mask=0 forward_active=0
[CTRL] depth_valid=1 depth=15.747 vz=-4.388 az=1.089 target_valid=1 target=30.000 pid=100.000 pid_base=1.872 buoyancy_pwm=255 mask_valid=1 mask=0 forward_active=0
[CTRL] depth_valid=1 depth=14.114 vz=-3.136 az=1.664 target_valid=1 target=30.000 pid=100.000 pid_base=1.823 buoyancy_pwm=255 mask_valid=1 mask=0 forward_active=0
[CTRL] depth_valid=1 depth=12.509 vz=-2.914 az=1.107 target_valid=1 target=30.000 pid=100.000 pid_base=1.774 buoyancy_pwm=255 mask_valid=1 mask=0 forward_active=0
$T,122,-28,11,,,16,1183,-867,1578,1201,4*4B
[CTRL] depth_valid=1 depth=11.427 vz=-1.882 az=1.508 target_valid=1 target=30.000 pid=100.000 pid_base=1.742 buoyancy_pwm=255 mask_valid=1 mask=0 forward_active=0
[CTRL] depth_valid=1 depth=11.257 vz=0.253 az=2.591 target_valid=1 target=30.000 pid=8.877 pid_base=1.689 buoyancy_pwm=80 mask_valid=1 mask=0 forward_active=0
[CTRL] depth_valid=1 depth=12.221 vz=2.410 az=3.231 target_valid=1 target=30.000 pid=-29.474 pid_base=1.622 buoyancy_pwm=80 mask_valid=1 mask=384 forward_active=0
[OK]hb
[CTRL] depth_valid=1 depth=13.492 vz=3.183 az=2.380 target_valid=1 target=30.000 pid=-46.478 pid_base=1.574 buoyancy_pwm=119 mask_valid=1 mask=384 forward_active=0
$T,134,31,23,,,,993,-814,-1660,1201,4*74
[CTRL] depth_valid=1 depth=13.986 vz=1.570 az=-0.076 target_valid=1 target=30.000 pid=-28.348 pid_base=1.512 buoyancy_pwm=80 mask_valid=1 mask=384 forward_active=0
<- Minima: IDLE
[CTRL] depth_valid=1 depth=13.588 vz=-0.785 az=-2.078 target_valid=1 target=30.000 pid=35.797 pid_base=1.423 buoyancy_pwm=91 mask_valid=1 mask=0 forward_active=0
<- Minima: BUOY 
[CTRL] depth_valid=1 depth=12.618 vz=-2.456 az=-2.628 target_valid=1 target=30.000 pid=100.000 pid_base=1.370 buoyancy_pwm=255 mask_valid=1 mask=0 forward_active=0
[CTRL] depth_valid=1 depth=11.561 vz=-2.769 az=-1.755 target_valid=1 target=30.000 pid=100.000 pid_base=1.337 buoyancy_pwm=255 mask_valid=1 mask=0 forward_active=0
$T,115,-27,-17,,11,108,1409,-874,1666,1203,4*5E
[CTRL] depth_valid=1 depth=11.343 vz=-0.865 az=0.674 target_valid=1 target=30.000 pid=100.000 pid_base=1.324 buoyancy_pwm=255 mask_valid=1 mask=0 forward_active=0
<- Minima: IDLE
[CTRL] depth_valid=1 depth=11.962 vz=1.298 az=2.191 target_valid=1 target=30.000 pid=0.000 pid_base=1.277 buoyancy_pwm=0 mask_valid=1 mask=0 forward_active=0
<- Minima: BUOY 
[CTRL] depth_valid=1 depth=13.200 vz=2.824 az=2.435 target_valid=1 target=30.000 pid=-31.554 pid_base=1.226 buoyancy_pwm=80 mask_valid=1 mask=384 forward_active=0
[CTRL] depth_valid=1 depth=14.584 vz=3.302 az=1.743 target_valid=1 target=30.000 pid=-39.036 pid_base=1.183 buoyancy_pwm=100 mask_valid=1 mask=384 forward_active=0
$T,145,33,17,250,8,50,1041,-845,-1453,1200,4*4D
[CTRL] depth_valid=1 depth=15.615 vz=2.515 az=0.305 target_valid=1 target=30.000 pid=-32.522 pid_base=1.141 buoyancy_pwm=83 mask_valid=1 mask=384 forward_active=0
[OK]hb
Forward started.
[OK]w#10[ACK] w#10

<- Minima: FWD BUOY 
[CTRL] depth_valid=1 depth=16.211 vz=1.253 az=-0.948 target_valid=1 target=30.000 pid=-21.398 pid_base=1.094 buoyancy_pwm=80 mask_valid=1 mask=390 forward_active=1
<- Minima: FWD 
[CTRL] depth_valid=1 depth=16.165 vz=-0.334 az=-1.924 target_valid=1 target=30.000 pid=17.515 pid_base=1.026 buoyancy_pwm=0 mask_valid=1 mask=6 forward_active=1
<- Minima: FWD BUOY 
[CTRL] depth_valid=1 depth=15.816 vz=-1.343 az=-2.060 target_valid=1 target=30.000 pid=100.000 pid_base=0.957 buoyancy_pwm=255 mask_valid=1 mask=0 forward_active=1
$T,158,-13,-20,249,8,7,921,-828,-1299,1197,5*44
[CTRL] depth_valid=1 depth=15.128 vz=-1.858 az=-1.592 target_valid=1 target=30.000 pid=100.000 pid_base=0.939 buoyancy_pwm=255 mask_valid=1 mask=6 forward_active=1
[CTRL] depth_valid=1 depth=14.886 vz=-0.941 az=-0.124 target_valid=1 target=30.000 pid=100.000 pid_base=0.927 buoyancy_pwm=255 mask_valid=1 mask=0 forward_active=1
<- Minima: FWD 
[CTRL] depth_valid=1 depth=16.349 vz=2.624 az=2.874 target_valid=1 target=30.000 pid=-27.953 pid_base=0.912 buoyancy_pwm=0 mask_valid=1 mask=0 forward_active=1
<- Minima: FWD BUOY 
[CTRL] depth_valid=1 depth=18.576 vz=5.168 az=3.829 target_valid=1 target=30.000 pid=-66.417 pid_base=0.916 buoyancy_pwm=169 mask_valid=1 mask=390 forward_active=1
$T,185,51,38,246,8,13,538,-892,-912,1193,5*49
[CTRL] depth_valid=1 depth=20.774 vz=5.296 az=2.235 target_valid=1 target=30.000 pid=-72.825 pid_base=0.930 buoyancy_pwm=186 mask_valid=1 mask=384 forward_active=1
[CTRL] depth_valid=1 depth=22.596 vz=4.442 az=0.657 target_valid=1 target=30.000 pid=-65.343 pid_base=0.942 buoyancy_pwm=167 mask_valid=1 mask=384 forward_active=1
[Cvz=3.260 az=-4 target_valid=1 target=30.000 pid=-53.090 pid_base=0.956 buoyancy_pwm=135 mask_valid=1 mask=390 forward_active=1
[CTRL] depth_valid=1 depth=25.698 vz=2.815 az=-0.802 target_valid=1 target=30.000 pid=-50.614 pid_base=0.976 buoyancy_pwm=129 mask_valid=1 mask=384 forward_active=1
$T,260,29,-5,245,10,24,781,-851,-1205,1193,5*50
[CTRL] depth_valid=1 depth=27.102 vz=2.549 az=-0.715 target_valid=1 target=30.000 pid=-50.411 pid_base=1.000 buoyancy_pwm=129 mask_valid=1 mask=390 forward_active=1
[CTRL] depth_valid=1 depth=28.464 vz=2.312 az=-0.761 target_valid=1 target=30.000 pid=-43.965 pid_base=1.030 buoyancy_pwm=112 mask_valid=1 mask=390 forward_active=1
[CTRL] depth_valid=1 depth=29.133 vz=1.213 az=-1.332 target_valid=1 target=30.000 pid=-32.165 pid_base=1.044 buoyancy_pwm=82 mask_valid=1 mask=384 forward_active=1
[CTRL] depth_valid=1 depth=29.685 vz=0.764 az=-1.145 target_valid=1 target=30.000 pid=-26.377 pid_base=1.057 buoyancy_pwm=80 mask_valid=1 mask=390 forward_active=1
$T,299,10,-7,,12,16,814,-828,-1318,1075,5*67
[CTRL] depth_valid=1 depth=30.068 vz=0.185 az=-1.349 target_valid=1 target=30.000 pid=-19.683 pid_base=1.069 buoyancy_pwm=80 mask_valid=1 mask=390 forward_active=1
[CTRL] depth_valid=1 depth=29.830 vz=-0.915 az=-1.788 target_valid=1 target=30.000 pid=-4.392 pid_base=1.062 buoyancy_pwm=80 mask_valid=1 mask=384 forward_active=1
[CTRL] depth_valid=1 depth=29.679 vz=-0.999 az=-1.244 target_valid=1 target=30.000 pid=-2.854 pid_base=1.057 buoyancy_pwm=80 mask_valid=1 mask=390 forward_active=1
<- Minima: FWD 
[CTRL] depth_valid=1 depth=29.642 vz=-0.553 az=-0.431 target_valid=1 target=30.000 pid=-8.671 pid_base=1.054 buoyancy_pwm=0 mask_valid=1 mask=0 forward_active=1
$T,296,-4,-3,,16,24,780,-843,-1376,1150,1*74
<- Minima: FWD BUOY 
[CTRL] depth_valid=1 depth=30.039 vz=0.599 az=0.701 target_valid=1 target=30.000 pid=-25.056 pid_base=1.065 buoyancy_pwm=80 mask_valid=1 mask=384 forward_active=1
[OK]hb
[CTRL] depth_valid=1 depth=30.805 vz=1.741 az=1.410 target_valid=1 target=30.000 pid=-42.364 pid_base=1.089 buoyancy_pwm=108 mask_valid=1 mask=390 forward_active=1
[CTRL] depth_valid=1 depth=31.472 vz=1.527 az=0.495 target_valid=1 target=30.000 pid=-41.419 pid_base=1.115 buoyancy_pwm=106 mask_valid=1 mask=384 forward_active=1
[CTRL] depth_valid=1 depth=32.400 vz=1.885 az=0.520 target_valid=1 target=30.000 pid=-48.883 pid_base=1.152 buoyancy_pwm=125 mask_valid=1 mask=384 forward_active=1
$T,325,18,4,,,26,812,-799,-1548,1191,5*4C
Forward stop: pressure balance in progress...
[OK]w#11[ACK] w#11

[CTRL] depth_valid=1 depth=33.124 vz=1.552 az=-0.010 target_valid=1 target=30.000 pid=-46.679 pid_base=1.188 buoyancy_pwm=119 mask_valid=1 mask=386 forward_active=0
[CTRL] depth_valid=1 depth=33.493 vz=0.639 az=-0.870 target_valid=1 target=30.000 pid=-35.853 pid_base=1.216 buoyancy_pwm=91 mask_valid=1 mask=388 forward_active=0
<- Minima: BUOY 
[CTRL] depth_valid=1 depth=33.387 vz=-0.430 az=-1.423 target_valid=1 target=30.000 pid=-21.707 pid_base=1.230 buoyancy_pwm=80 mask_valid=1 mask=384 forward_active=0
[CTRL] depth_valid=1 depth=32.934 vz=-1.312 az=-1.607 target_valid=1 target=30.000 pid=-9.100 pid_base=1.233 buoyancy_pwm=80 mask_valid=1 mask=384 forward_active=0
$T,327,-16,-17,,,,896,-785,1773,1197,4*57
<- Minima: IDLE
[CTRL] depth_valid=1 depth=31.971 vz=-2.376 az=-1.870 target_valid=1 target=30.000 pid=44.177 pid_base=1.217 buoyancy_pwm=113 mask_valid=1 mask=0 forward_active=0
<- Minima: BUOY 
[CTRL] depth_valid=1 depth=30.456 vz=-3.463 az=-1.977 target_valid=1 target=30.000 pid=100.000 pid_base=1.177 buoyancy_pwm=255 mask_valid=1 mask=0 forward_active=0
[CTRL] depth_valid=1 depth=29.395 vz=-2.673 az=-0.459 target_valid=1 target=30.000 pid=100.000 pid_base=1.145 buoyancy_pwm=255 mask_valid=1 mask=0 forward_active=0
[OK]hb
[CTRL] depth_valid=1 depth=29.213 vz=-0.589 az=1.480 target_valid=1 target=30.000 pid=-9.154 pid_base=1.136 buoyancy_pwm=80 mask_valid=1 mask=384 forward_active=0
$T,292,-2,17,65,219,22,1142,-875,1352,1200,4*42
[CTRL] depth_valid=1 depth=29.910 vz=1.622 az=2.669 target_valid=1 target=30.000 pid=-40.431 pid_base=1.155 buoyancy_pwm=103 mask_valid=1 mask=384 forward_active=0
[CTRL] depth_valid=1 depth=30.987 vz=2.768 az=2.473 target_valid=1 target=30.000 pid=-58.632 pid_base=1.189 buoyancy_pwm=150 mask_valid=1 mask=384 forward_active=0
[CTRL] depth_valid=1 depth=32.052 vz=2.648 az=1.215 target_valid=1 target=30.000 pid=-60.031 pid_base=1.228 buoyancy_pwm=153 mask_valid=1 mask=384 forward_active=0
[CTRL] depth_valid=1 depth=32.577 vz=1.457 az=-0.309 target_valid=1 target=30.000 pid=-45.811 pid_base=1.255 buoyancy_pwm=117 mask_valid=1 mask=384 forward_active=0
$T,325,11,-5,60,215,79,955,-817,1368,1201,4*7A
[CTRL] depth_valid=1 depth=32.592 vz=-0.037 az=-1.487 target_valid=1 target=30.000 pid=-26.208 pid_base=1.269 buoyancy_pwm=80 mask_valid=1 mask=384 forward_active=0
[CTRL] depth_valid=1 depth=32.246 vz=-1.089 az=-1.790 target_valid=1 target=30.000 pid=-11.542 pid_base=1.270 buoyancy_pwm=80 mask_valid=1 mask=384 forward_active=0
<- Minima: IDLE
[CTRL] depth_valid=1 depth=31.291 vz=-2.169 az=-1.825 target_valid=1 target=30.000 pid=31.014 pid_base=1.253 buoyancy_pwm=80 mask_valid=1 tive=0
<- Minima: BUOY 
[CTRL] depth_valid=1 depth=30.079 vz=-2.955 az=-1.755 target_valid=1 target=30.000 pid=100.000 pid_base=1.220 buoyancy_pwm=255 mask_valid=1 mask=0 forward_active=0
$T,300,-29,-17,60,215,79,905,-827,1272,1203,4*66
[CTRL] depth_valid=1 depth=28.997 vz=-2.642 az=-0.723 target_valid=1 target=30.000 pid=100.000 pid_base=1.188 buoyancy_pwm=255 mask_valid=1 mask=0 forward_active=0
[OK]hb
[CTRL] depth_valid=1 depth=28.752 vz=-0.741 az=1.230 target_valid=1 target=30.000 pid=-7.098 pid_base=1.177 buoyancy_pwm=80 mask_valid=1 mask=384 forward_active=0
[CTRL] depth_valid=1 depth=29.429 vz=1.547 az=2.626 target_valid=1 target=30.000 pid=-39.296 pid_base=1.192 buoyancy_pwm=100 mask_valid=1 mask=384 forward_active=0
[CTRL] depth_valid=1 depth=30.741 vz=3.106 az=2.726 target_valid=1 target=30.000 pid=-63.580 pid_base=1.231 buoyancy_pwm=162 mask_valid=1 mask=384 forward_active=0
$T,309,32,26,,,14,902,-809,1148,1198,4*5C
[CTRL] depth_valid=1 depth=31.964 vz=3.014 az=1.392 target_valid=1 target=30.000 pid=-65.767 pid_base=1.274 buoyancy_pwm=168 mask_valid=1 mask=384 forward_active=0
[CTRL] depth_valid=1 depth=32.645 vz=1.752 az=-0.302 target_valid=1 target=30.000 pid=-51.015 pid_base=1.306 buoyancy_pwm=130 mask_valid=1 mask=384 forward_active=0
[CTRL] depth_valid=1 depth=32.982 vz=0.628 az=-1.133 target_valid=1 target=30.000 pid=-37.234 pid_base=1.331 buoyancy_pwm=95 mask_valid=1 mask=384 forward_active=0
[CTRL] depth_valid=1 depth=32.802 vz=-0.680 az=-1.815 target_valid=1 target=30.000 pid=-19.648 pid_base=1.340 buoyancy_pwm=80 mask_valid=1 mask=384 forward_active=0
$T,327,-8,-18,,,,878,-783,1060,1198,4*6B
[CTRL] depth_valid=1 depth=32.250 vz=-1.602 az=-1.868 target_valid=1 target=30.000 pid=-6.162 pid_base=1.336 buoyancy_pwm=80 mask_valid=1 mask=384 forward_active=0
Target depth set to 35.0 cm
[OK]l35#12[ACK] l35#12

[CTRL] depth_valid=1 depth=31.058 vz=-2.923 az=-2.250 target_valid=1 target=35.000 pid=100.000 pid_base=1.301 buoyancy_pwm=255 mask_valid=1 mask=0 forward_active=0
[CTRL] depth_valid=1 depth=29.531 vz=-3.666 az=-1.937 target_valid=1 target=35.000 pid=100.000 pid_base=1.255 buoyancy_pwm=255 mask_valid=1 mask=0 forward_active=0
[OK]hb
Target depth set to 40.0 cm
[OK]l40#13[ACK] l40#13

[CTRL] depth_valid=1 depth=28.403 vz=-2.724 az=-0.264 target_valid=1 target=40.000 pid=100.000 pid_base=1.222 buoyancy_pwm=255 mask_valid=1 mask=0 forward_active=0
$T,282,-26,-1,,,22,797,-858,1047,1198,4*63
[CTRL] depth_valid=1 depth=27.965 vz=-0.679 az=1.573 target_valid=1 target=40.000 pid=76.167 pid_base=1.197 buoyancy_pwm=194 mask_valid=1 mask=0 forward_active=0
[CTRL] depth_valid=1 depth=28.788 vz=1.883 az=3.034 target_valid=1 target=40.000 pid=-28.367 pid_base=1.156 buoyancy_pwm=0 mask_valid=1 mask=0 forward_active=0
<- Minima: IDLE
[CTRL] depth_valid=1 depth=30.601 vz=4.299 az=3.765 target_valid=1 target=40.000 pid=-64.269 pid_base=1.159 buoyancy_pwm=164 mask_valid=1 mask=384 forward_active=0
<- Minima: BUOY 
[CTRL] depth_valid=1 depth=32.866 vz=5.466 az=3.113 target_valid=1 target=40.000 pid=-84.946 pid_base=1.185 buoyancy_pwm=217 mask_valid=1 mask=384 forward_active=0
$T,328,54,31,,,24,886,-826,879,1203,4*61
[CTRL] depth_valid=1 depth=35.029 vz=5.096 az=1.392 target_valid=1 target=40.000 pid=-85.107 pid_base=1.220 buoyancy_pwm=217 mask_valid=1 mask=384 forward_active=0
[CTRL] depth_valid=1 depth=36.770 vz=3.870 az=-0.279 target_valid=1 target=40.000 pid=-72.944 pid_base=1.251 buoyancy_pwm=186 mask_valid=1 mask=384 forward_active=0
[CTRL] depth_valid=1 depth=38.084 vz=2.651 az=-1.224 target_valid=1 target=40.000 pid=-59.909 pid_base=1.278 buoyancy_pwm=153 mask_valid=1 mask=384 forward_active=0
[CTRL] depth_valid=1 depth=39.206 vz=1.929 az=-1.363 target_valid=1 target=40.000 pid=-46.456 pid_base=1.304 buoyancy_pwm=118 mask_valid=1 mask=384 forward_active=0
$T,393,17,-14,,,47,855,-803,855,1203,4*4E
d=1 depth=40.130 vz=1.546 az=-1.116 target_valid=1 target=40.000 pid=-43.764 pid_base=1.330 buoyancy_pwm=112 mask_valid=1 mask=384 forward_active=0
[CTRL] depth_valid=1 depth=40.510 vz=0.455 az=-1.623 target_valid=1 target=40.000 pid=-30.268 pid_base=1.343 buoyancy_pwm=80 mask_valid=1 mask=384 forward_active=0
[CTRL] depth_valid=1 depth=40.609 vz=-0.248 az=-1.568 target_valid=1 target=40.000 pid=-21.234 pid_base=1.349 buoyancy_pwm=80 mask_valid=1 mask=384 forward_active=0
[CTRL] depth_valid=1 depth=40.453 vz=-0.678 az=-1.179 target_valid=1 target=40.000 pid=-15.154 pid_base=1.348 buoyancy_pwm=80 mask_valid=1 mask=384 forward_active=0
$T,404,-6,-11,71,56,43,857,-790,818,1199,4*50
[CTRL] depth_valid=1 depth=40.138 vz=-1.007 az=-1.012 target_valid=1 target=40.000 pid=-9.955 pid_base=1.340 buoyancy_pwm=0 mask_valid=1 mask=0 forward_active=0
<- Minima: IDLE
[CTRL] depth_valid=1 depth=39.508 vz=-1.559 az=-1.078 target_valid=1 target=40.000 pid=-0.911 pid_base=1.321 buoyancy_pwm=80 mask_valid=1 mask=384 forward_active=0
<- Minima: BUOY 
[CTRL] depth_valid=1 depth=39.077 vz=-1.181 az=-0.309 target_valid=1 target=40.000 pid=-4.730 pid_base=1.304 buoyancy_pwm=0 mask_valid=1 mask=0 forward_active=0
<- Minima: IDLE
[CTRL] depth_valid=1 depth=39.164 vz=0.045 az=0.862 target_valid=1 target=40.000 pid=-21.208 pid_base=1.302 buoyancy_pwm=80 mask_valid=1 mask=384 forward_active=0
<- Minima: BUOY 
$T,391,0,8,69,55,44,889,-817,762,1199,4*69
[CTRL] depth_valid=1 depth=39.769 vz=1.284 az=1.472 target_valid=1 target=40.000 pid=-39.267 pid_base=1.318 buoyancy_pwm=100 mask_valid=1 mask=384 forward_active=0
[CTRL] depth_valid=1 depth=40.446 vz=1.682 az=1.148 target_valid=1 target=40.000 pid=-46.400 pid_base=1.338 buoyancy_pwm=118 mask_valid=1 mask=384 forward_active=0
[CTRL] depth_valid=1 depth=40.842 vz=1.127 az=0.181 target_valid=1 target=40.000 pid=-40.125 pid_base=1.353 buoyancy_pwm=102 mask_valid=1 mask=384 forward_active=0
[OK]hb
[CTRL] depth_valid=1 depth=40.945 vz=0.248 az=-0.685 target_valid=1 target=40.000 pid=-28.776 pid_base=1.361 buoyancy_pwm=80 mask_valid=1 mask=384 forward_active=0
$T,408,0,-8,70,54,45,866,-777,736,1202,4*43
[CTRL] depth_valid=1 depth=40.789 vz=-0.465 az=-1.013 target_valid=1 target=40.000 pid=-18.945 pid_base=1.361 buoyancy_pwm=80 mask_valid=1 mask=384 forward_active=0
[CTRL] depth_valid=1 depth=39.942 vz=-1.847 az=-1.697 target_valid=1 target=40.000 pid=-1.088 pid_base=1.343 buoyancy_pwm=80 mask_valid=1 mask=384 forward_active=0
<- Minima: IDLE
[CTRL] depth_valid=1 depth=38.869 vz=-2.628 az=-1.666 target_valid=1 target=40.000 pid=89.959 pid_base=1.304 buoyancy_pwm=229 mask_valid=1 mask=0 forward_active=0
<- Minima: BUOY 
[CTRL] depth_valid=1 depth=37.769 vz=-2.665 az=-0.975 target_valid=1 target=40.000 pid=100.000 pid_base=1.268 buoyancy_pwm=255 mask_valid=1 mask=0 forward_active=0
$T,377,-26,-9,70,54,45,909,-814,643,1202,4*55
[CTRL] depth_valid=1 depth=37.324 vz=-1.204 az=0.671 target_valid=1 target=40.000 pid=2.235 pid_base=1.247 buoyancy_pwm=80 mask_valid=1 mask=0 forward_active=0
[CTRL] depth_valid=1 depth=37.709 vz=0.907 az=2.203 target_valid=1 target=40.000 pid=-28.515 pid_base=1.245 buoyancy_pwm=80 mask_valid=1 mask=384 forward_active=0
[CTRL] depth_valid=1 depth=38.707 vz=2.441 az=2.520 target_valid=1 target=40.000 pid=-51.421 pid_base=1.266 buoyancy_pwm=131 mask_valid=1 mask=384 forward_active=0
[CTRL] depth_valid=1 depth=39.666 vz=2.481 az=1.399 target_valid=1 target=40.000 pid=-54.429 pid_base=1.291 buoyancy_pwm=139 mask_valid=1 mask=384 forward_active=0
$T,397,23,11,71,54,45,844,-758,663,1198,4*6B
[CTRL] depth_valid=1 depth=40.289 vz=1.578 az=-0.031 target_valid=1 target=40.000 pid=-44.053 pid_base=1.309 buoyancy_pwm=112 mask_valid=1 mask=384 forward_active=0
[OK]hb
[CTRL] depth_valid=1 depth=40.379 vz=0.209 az=-1.219 target_valid=1 target=40.000 pid=-26.081 pid_base=1.314 buoyancy_pwm=80 mask_valid=1 mask=384 forward_active=0
[CTRL] depth_valid=1 depth=39.935 vz=-1.200 az=-1.828 target_valid=1 target=40.000 pid=-9.850 pid_base=1.306 buoyancy_pwm=80 mask_valid=1 mask=384 forward_active=0
[CTRL] depth_valid=1 depth=39.118 vz=-2.190 az=-1.962 target_valid=1 target=40.000 pid=55.619 pid_base=1.276 buoyancy_pwm=142 mask_valid=1 mask=0 forward_active=0
$T,391,-21,-19,72,54,46,857,-746,607,1198,4*68
[CTRL] depth_valid=1 depth=37.918 vz=-2.986 az=-1.854 target_valid=1 target=40.000 pid=100.000 pid_base=1.235 buoyancy_pwm=255 mask_valid=1 mask=0 forward_active=0
[CTRL] depth_valid=1 depth=36.770 vz=-2.784 az=-0.882 target_valid=1 target=40.000 pid=100.000 pid_base=1.201 buoyancy_pwm=255 mask_valid=1 mask=0 forward_active=0
[CTRL] depth_valid=1 depth=36.621 vz=-0.609 az=1.341 target_valid=1 target=40.000 pid=0.000 pid_base=1.185 buoyancy_pwm=0 mask_valid=1 mask=0 forward_active=0
<- Minima: IDLE
[CTRL] depth_valid=1 depth=37.472 vz=1.911 az=2.889 target_valid=1 target=40.000 pid=-40.319 pid_base=1.195 buoyancy_pwm=103 mask_valid=1 mask=384 forward_active=0
<- Minima: BUOY 
$T,376,22,30,72,54,46,840,-820,586,1198,4*6A
[CTRL] depth_valid=1 depth=39.090 vz=3.840 az=3.228 target_valid=1 target=40.000 pid=-70.155 pid_base=1.235 buoyancy_pwm=179 mask_valid=1 mask=384 forward_active=0
[CTRL] depth_valid=1 depth=40.713 vz=4.039 az=1.953 target_valid=1 target=40.000 pid=-77.106 pid_base=1.282 buoyancy_pwm=197 mask_valid=1 mask=384 forward_active=0
[CTRL] depth_valid=1 depth=42.294 vz=3.712 az=0.822 target_valid=1 target=40.000 pid=-77.120 pid_base=1.337 buoyancy_pwm=197 mask_valid=1 mask=384 forward_active=0
[OK]hb
[CTRL] depth_valid=1 depth=43.370 vz=2.432 az=-0.635 target_valid=1 target=40.000 pid=-63.231 pid_base=1.383 buoyancy_pwm=161 mask_valid=1 mask=384 forward_active=0
$T,435,22,-7,73,55,48,845,-774,562,1205,4*7B
[CTRL] depth_valid=1 depth=44.144 vz=1.068 az=-1.504 target_valid=1 target=40.000 pid=-47.585 pid_base=1.428 buoyancy_pwm=121 mask_valid=1 mask=384 forward_active=0
[CTRL] depth_valid=1 depth=44.379 vz=0.112 az=-1.697 target_valid=1 target=40.000 pid=-35.939 pid_base=1.456 buoyancy_pwm=92 mask_valid=1 mask=384 forward_active=0
[CTRL] depth_valid=1 depth=44.270 vz=-0.642 az=-1.626 target_valid=1 target=40.000 pid=-26.061 pid_base=1.474 buoyancy_pwm=80 mask_valid=1 mask=384 forward_active=0
[CTRL] depth_valid=1 depth=43.655 vz=-1.638 az=-1.789 target_valid=1 target=40.000 pid=-11.592 pid_base=1.476 buoyancy_pwm=80 mask_valid=1 mask=384 forward_active=0
$T,435,-17,-17,,55,49,847,-759,546,1205,4*6F
[CTRL] depth_valid=1 depth=42.571 vz=-2.738 az=-2.044 target_valid=1 target=40.000 pid=33.624 pid_base=1.459 buoyancy_pwm=86 mask_valid=1 mask=0 forward_active=0
<- Minima: IDLE
[CTRL] depth_valid=1 depth=41.213 vz=-3.297 az=-1.673 target_valid=1 target=40.000 pid=98.705 pid_base=1.428 buoyancy_pwm=252 mask_valid=1 mask=0 forward_active=0
<- Minima: BUOY 
[CTRL] depth_valid=1 depth=40.150 vz=-2.654 az=-0.426 target_valid=1 target=40.000 pid=63.841 pid_base=1.400 buoyancy_pwm=163 mask_valid=1 mask=0 forward_active=0
[CTRL] depth_valid=1 depth=39.714 vz=-1.029 az=1.157 target_valid=1 target=40.000 pid=-9.857 pid_base=1.387 buoyancy_pwm=0 mask_valid=1 mask=0 forward_active=0
<- Minima: IDLE
$T,397,-6,14,,,49,895,-831,486,1201,0*7D
[CTRL] depth_valid=1 depth=40.223 vz=1.160 az=2.462 target_valid=1 target=40.000 pid=-40.384 pid_base=1.401 buoyancy_pwm=103 mask_valid=1 mask=384 forward_active=0
<- Minima: BUOY 
[OK]hb
[CTRL] depth_valid=1 depth=41.280 vz=2.624 az=2.604 target_valid=1 target=40.000 pid=-62.797 pid_base=1.436 buoyancy_pwm=160 mask_valid=1 mask=384 forward_active=0
[CTRL] depth_valid=1 depth=42.228 vz=2.273 az=1.068 target_valid=1 target=40.000 pid=-61.104 pid_base=1.469 buoyancy_pwm=156 mask_valid=1 mask=384 forward_active=0
[CTRL] depth_valid=1 depth=42.719 vz=1.258 az=-0.298 target_valid=1 target=40.000 pid=-48.911 pid_base=1.502 buoyancy_pwm=125 mask_valid=1 mask=384 forward_active=0
$T,427,10,-4,,,,870,-774,491,1201,4*7D
[CTRL] depth_valid=1 depth=42.816 vz=0.099 az=-1.196 target_valid=1 target=40.000 pid=-34.027 pid_base=1.519 buoyancy_pwm=87 mask_valid=1 mask=384 forward_active=0
[CTRL] depth_valid=1 depth=42.350 vz=-1.256 az=-1.873 target_valid=1 target=40.000 pid=-15.015 pid_base=1.518 buoyancy_pwm=80 mask_valid=1 mask=384 forward_active=0
[CTRL] depth_valid=1 depth=41.383 vz=-2.419 az=-2.081 target_valid=1 target=40.000 pid=17.012 pid_base=1.499 buoyancy_pwm=80 mask_valid=1 mask=0 forward_active=0
<- Minima: IDLE
[CTRL] depth_valid=1 depth=39.812 vz=-3.694 az=-2.303 target_valid=1 target=40.000 pid=100.000 pid_base=1.456 buoyancy_pwm=255 mask_valid=1 mask=0 forward_active=0
<- Minima: BUOY 
$T,395,-38,-22,,,,861,-775,471,1203,4*6D
[CTRL] depth_valid=1 depth=38.273 vz=-3.660 az=-1.275 target_valid=1 target=40.000 pid=100.000 pid_base=1.410 buoyancy_pwm=255 mask_valid=1 mask=0 forward_active=0
[CTRL] depth_valid=1 depth=37.396 vz=-2.289 az=0.387 target_valid=1 target=40.000 pid=70.453 pid_base=1.379 buoyancy_pwm=180 mask_valid=1 mask=0 forward_active=0
[CTRL] depth_valid=1 depth=37.503 vz=0.107 az=2.213 target_valid=1 target=40.000 pid=-20.209 pid_base=1.370 buoyancy_pwm=0 mask_valid=1 mask=0 forward_active=0
<- Minima: IDLE
[OK]hb
[CTRL] depth_valid=1 depth=38.228 vz=1.897 az=2.753 target_valid=1 target=40.000 pid=-45.776 pid_base=1.381 buoyancy_pwm=117 mask_valid=1 mask=384 forward_active=0
<- Minima: BUOY 
$T,383,21,27,92,,,874,-797,435,1203,4*64
[CTRL] depth_valid=1 depth=39.221 vz=2.559 az=2.050 target_valid=1 target=40.000 pid=-57.104 pid_base=1.404 buoyancy_pwm=146 mask_valid=1 mask=384 forward_active=0
[CTRL] depth_valid=1 depth=40.095 vz=2.324 az=0.975 target_valid=1 target=40.000 pid=-56.255 pid_base=1.429 buoyancy_pwm=143 mask_valid=1 mask=384 forward_active=0
[CTRL] depth_valid=1 depth=40.563 vz=0.889 az=-0.744 target_valid=1 target=40.000 pid=-42.008 pid_base=1.444 buoyancy_pwm=107 mask_valid=1 mask=384 forward_active=0
[CTRL] depth_valid=1 depth=40.467 vz=-0.347 az=-1.498 target_valid=1 target=40.000 pid=-21.743 pid_base=1.445 buoyancy_pwm=80 mask_valid=1 mask=384 forward_active=0
$T,404,-5,-15,,,,861,-763,427,1205,4*5A
[CTRL] depth_valid=1 depth=39.918 vz=-1.529 az=-1.912 target_valid=1 target=40.000 pid=-4.555 pid_base=1.430 buoyancy_pwm=80 mask_valid=1 mask=384 forward_active=0
[CTRL] depth_valid=1 depth=38.846 vz=-2.658 az=-2.087 target_valid=1 target=40.000 pid=80.479 pid_base=1.395 buoyancy_pwm=205 mask_valid=1 mask=0 forward_active=0
[CTRL] depth_valid=1 depth=37.246 vz=-3.681 az=-2.030 target_valid=1 target=40.000 pid=100.000 pid_base=1.346 buoyancy_pwm=255 mask_valid=1 mask=0 forward_active=0
[CTRL] depth_valid=1 depth=36.246 vz=-2.671 az=-0.341 target_valid=1 target=40.000 pid=100.000 pid_base=1.316 buoyancy_pwm=255 mask_valid=1 mask=0 forward_active=0
$T,361,-24,0,,,,879,-831,388,1205,4*77
[CTRL] depth_valid=1 depth=35.880 vz=-0.920 az=1.302 target_valid=1 target=40.000 pid=0.000 pid_base=1.292 buoyancy_pwm=0 mask_valid=1 mask=0 forward_active=0
[OK]hb
[CTRL] depth_valid=1 depth=36.477 vz=1.342 az=2.608 target_valid=1 target=40.000 pid=-32.871 pid_base=1.291 buoyancy_pwm=84 mask_valid=1 mask=384 forward_active=0
[CTRL] depth_valid=1 depth=37.577 vz=2.740 az=2.619 target_valid=1 target=40.000 pid=-54.114 pid_base=1.309 buoyancy_pwm=138 mask_valid=1 mask=384 forward_active=0
[CTRL] depth_valid=1 depth=38.533 vz=2.537 az=1.267 target_valid=1 target=40.000 pid=-53.743 pid_base=1.328 buoyancy_pwm=137 mask_valid=1 mask=384 forward_active=0
$T,386,23,9,92,,,839,-766,405,1200,4*58
[CTRL] depth_valid=1 depth=38.971 vz=0.983 az=-0.626 target_valid=1 target=40.000 pid=-38.154 pid_base=1.335 buoyancy_pwm=97 mask_valid=1 mask=384 forward_active=0
[CTRL] depth_valid=1 depth=38.927 vz=-0.184 az=-1.342 target_valid=1 target=40.000 pid=-18.250 pid_base=1.328 buoyancy_pwm=80 mask_valid=1 mask=384 forward_active=0
[CTRL] depth_valid=1 depth=38.398 vz=-1.411 az=-1.850 target_valid=1 target=40.000 pid=-0.337 pid_base=1.306 buoyancy_pwm=80 mask_valid=1 mask=384 forward_active=0
[CTRL] depth_valid=1 depth=37.379 vz=-2.472 az=-1.951 target_valid=1 target=40.000 pid=100.000 pid_base=1.265 buoyancy_pwm=255 mask_valid=1 mask=0 forward_active=0
$T,372,-25,-18,,,,828,-760,398,1198,4*69
EMERGENCY STOP: global pressure balance started (5s), commands locked.
[OK]s#14[ACK] s#14

[CTRL] depth_valid=1 depth=36.282 vz=-2.710 az=-1.312 target_valid=0 target=0.000 pid=0.000 pid_base=0.000 buoyancy_pwm=0 mask_valid=1 mask=256 forward_active=0
<- Minima: FWD TURN BUOY 
[CTRL] depth_valid=1 depth=35.372 vz=-2.242 az=-0.366 target_valid=0 target=0.000 pid=0.000 pid_base=0.000 buoyancy_pwm=0 mask_valid=1 mask=130 forward_active=0
[CTRL] depth_valid=1 depth=34.909 vz=-1.131 az=0.716 target_valid=0 target=0.000 pid=0.000 pid_base=0.000 buoyancy_pwm=0 mask_valid=1 mask=260 forward_active=0
[OK]hb
[CTRL] depth_valid=1 depth=34.510 vz=-0.716 az=0.717 target_valid=0 target=0.000 pid=0.000 pid_base=0.000 buoyancy_pwm=0 mask_valid=1 mask=130 forward_active=0
$T,344,-7,6,,,,830,-757,392,1214,7*4D
[CTRL] depth_valid=1 depth=33.927 vz=-1.072 az=0.048 target_valid=0 target=0.000 pid=0.000 pid_base=0.000 buoyancy_pwm=0 mask_valid=1 mask=260 forward_active=0
[CTRL] depth_valid=1 depth=33.276 vz=-1.315 az=-0.186 target_valid=0 target=0.000 pid=0.000 pid_base=0.000 buoyancy_pwm=0 mask_valid=1 mask=130 forward_active=0
[CTRL] depth_valid=1 depth=32.734 vz=-0.975 az=0.178 target_valid=0 target=0.000 pid=0.000 pid_base=0.000 buoyancy_pwm=0 mask_valid=1 mask=260 forward_active=0
[CTRL] depth_valid=1 depth=32.351 vz=-0.819 az=0.183 target_valid=0 target=0.000 pid=0.000 pid_base=0.000 buoyancy_pwm=0 mask_valid=1 mask=130 forward_active=0
$T,322,-8,1,,,,861,-762,360,1203,7*4C
[CTRL] depth_valid=1 depth=31.796 vz=-1.108 az=-0.176 target_valid=0 target=0.000 pid=0.000 pid_base=0.000 buoyancy_pwm=0 mask_valid=1 mask=260 forward_active=0
[CTRL] depth_valid=1 depth=31.165 vz=-1.334 az=-0.307 target_valid=0 target=0.000 pid=0.000 pid_base=0.000 buoyancy_pwm=0 mask_valid=1 mask=130 forward_active=0
Global balance complete. System ready.
[CTRL] depth_valid=1 depth=30.591 vz=-1.267 az=-0.136 target_valid=0 target=0.000 pid=0.000 pid_base=0.000 buoyancy_pwm=0 mask_valid=1 mask=4 forward_active=0
<- Minima: IDLE
[CTRL] depth_valid=1 depth=30.060 vz=-1.182 az=-0.046 target_valid=0 target=0.000 pid=0.000 pid_base=0.000 buoyancy_pwm=0 mask_valid=1 mask=0 forward_active=0
$T,299,-12,-1,,,,881,-766,335,1199,0*56
[CTRL] depth_valid=1 depth=29.342 vz=-1.537 az=-0.375 target_valid=0 target=0.000 pid=0.000 pid_base=0.000 buoyancy_pwm=0 mask_valid=1 mask=0 forward_active=0
[OK]hb
[CTRL] depth_valid=1 depth=28.378 vz=-2.012 az=-0.605 target_valid=0 target=0.000 pid=0.000 pid_base=0.000 buoyancy_pwm=0 mask_valid=1 mask=0 forward_active=0
[CTRL] depth_valid=1 depth=27.415 vz=-2.093 az=-0.422 target_valid=0 target=0.000 pid=0.000 pid_base=0.000 buoyancy_pwm=0 mask_valid=1 mask=0 forward_active=0
[CTRL] depth_valid=1 depth=26.442 vz=-2.108 az=-0.291 target_valid=0 target=0.000 pid=0.000 pid_base=0.000 buoyancy_pwm=0 mask_valid=1 mask=0 forward_active=0
$T,262,-22,-3,,,22,891,-771,321,1203,0*51
[CTRL] depth_valid=1 depth=25.145 vz=-2.726 az=-0.732 target_valid=0 target=0.000 pid=0.000 pid_base=0.000 buoyancy_pwm=0 mask_valid=1 mask=0 forward_active=0
[CTRL] depth_valid=1 depth=23.612 vz=-3.332 az=-0.966 target_valid=0 target=0.000 pid=0.000 pid_base=0.000 buoyancy_pwm=0 mask_valid=1 mask=0 forward_active=0
[CTRL] depth_valid=1 depth=21.587 vz=-3.796 az=-0.870 target_valid=0 target=0.000 pid=0.000 pid_base=0.000 buoyancy_pwm=0 mask_valid=1 mask=0 forward_active=0
[CTRL] depth_valid=1 depth=19.685 vz=-4.143 az=-0.847 target_valid=0 target=0.000 pid=0.000 pid_base=0.000 buoyancy_pwm=0 mask_valid=1 mask=0 forward_active=0
$T,192,-43,-9,,,,895,-776,316,1203,0*57
[CTRL] depth_valid=1 depth=17.225 vz=-5.133 az=-1.341 target_valid=0 target=0.000 pid=0.000 pid_base=0.000 buoyancy_pwm=0 mask_valid=1 mask=0 forward_active=0
[CTRL] depth_valid=1 depth=14.474 vz=-5.872 az=-1.455 target_valid=0 target=0.000 pid=0.000 pid_base=0.000 buoyancy_pwm=0 mask_valid=1 mask=0 forward_active=0
[CTRL] depth_valid=1 depth=11.678 vz=-6.014 az=-0.950 target_valid=0 target=0.000 pid=0.000 pid_base=0.000 buoyancy_pwm=0 mask_valid=1 mask=0 forward_active=0
[OK]hb
[CTRL] depth_valid=1 depth=10.475 vz=-2.546 az=2.553 target_valid=0 target=0.000 pid=0.000 pid_base=0.000 buoyancy_pwm=0 mask_valid=1 mask=0 forward_active=0
$T,105,-15,33,,102,8,-1085,-853,-1298,1196,0*4C
[CTRL] depth_valid=1 depth=11.737 vz=2.798 az=5.853 target_valid=0 target=0.000 pid=0.000 pid_base=0.000 buoyancy_pwm=0 mask_valid=1 mask=0 forward_active=0
[CTRL] depth_valid=1 depth=13.281 vz=4.391 az=4.588 target_valid=0 target=0.000 pid=0.000 pid_base=0.000 buoyancy_pwm=0 mask_valid=1 mask=0 forward_active=0
[CTRL] depth_valid=1 depth=14.515 vz=3.588 az=1.866 target_valid=0 target=0.000 pid=0.000 pid_base=0.000 buoyancy_pwm=0 mask_valid=1 mask=0 forward_active=0
[CTRL] depth_valid=1 depth=14.931 vz=1.397 az=-0.794 target_valid=0 target=0.000 pid=0.000 pid_base=0.000 buoyancy_pwm=0 mask_valid=1 mask=0 forward_active=0
$T,149,10,-11,,102,8,896,-823,320,1198,0*40
[CTRL] depth_valid=1 depth=14.903 vz=-0.196 az=-1.798 target_valid=0 target=0.000 pid=0.000 pid_base=0.000 buoyancy_pwm=0 mask_valid=1 mask=0 forward_active=0
[CTRL] depth_valid=1 depth=14.393 vz=-1.486 az=-2.152 target_valid=0 target=0.000 pid=0.000 pid_base=0.000 buoyancy_pwm=0 mask_valid=1 mask=0 forward_active=0
[CTRL] depth_valid=1 depth=13.214 vz=-2.946 az=-2.519 target_valid=0 target=0.000 pid=0.000 pid_base=0.000 buoyancy_pwm=0 mask_valid=1 mask=0 forward_active=0
[CTRL] depth_valid=1 depth=11.598 vz=-3.781 az=-2.096 target_valid=0 target=0.000 pid=0.000 pid_base=0.000 buoyancy_pwm=0 mask_valid=1 mask=0 forward_active=0
$T,113,-37,-18,,102,8,920,-863,298,1200,0*66
[CTRL] depth_valid=1 depth=10.850 vz=-1.966 az=0.432 target_valid=0 target=0.000 pid=0.000 pid_base=0.000 buoyancy_pwm=0 mask_valid=1 mask=0 forward_active=0
[OK]hb
[CTRL] depth_valid=1 depth=11.725 vz=1.630 az=3.237 target_valid=0 target=0.000 pid=0.000 pid_base=0.000 buoyancy_pwm=0 mask_valid=1 mask=0 forward_active=0
[CTRL] depth_valid=1 depth=12.953 vz=3.154 az=3.092 target_valid=0 target=0.000 pid=0.000 pid_base=0.000 buoyancy_pwm=0 mask_valid=1 mask=0 forward_active=0
[CTRL] depth_valid=1 depth=13.898 vz=2.621 az=1.233 target_valid=0 target=0.000 pid=0.000 pid_base=0.000 buoyancy_pwm=0 mask_valid=1 mask=0 forward_active=0
$T,139,24,9,,103,8,905,-802,314,1198,0*5A
[CTRL] depth_valid=1 depth=14.213 vz=0.996 az=-0.709 target_valid=0 target=0.000 pid=0.000 pid_base=0.000 buoyancy_pwm=0 mask_valid=1 mask=0 forward_active=0
[CTRL] depth_valid=1 depth=13.930 vz=-0.703 az=-1.880 target_valid=0 target=0.000 pid=0.000 pid_base=0.000 buoyancy_pwm=0 mask_valid=1 mask=0 forward_active=0
[CTRL] depth_valid=1 depth=13.214 vz=-1.947 az=-2.173 target_valid=0 target=0.000 pid=0.000 pid_base=0.000 buoyancy_pwm=0 mask_valid=1 mask=0 forward_active=0
[CTRL] depth_valid=1 depth=12.064 vz=-2.829 az=-1.989 target_valid=0 target=0.000 pid=0.000 pid_base=0.000 buoyancy_pwm=0 mask_valid=1 mask=0 forward_active=0
$T,119,-27,-17,,103,8,880,-856,340,1197,0*67
[CTRL] depth_valid=1 depth=11.378 vz=-2.003 az=-0.471 target_valid=0 target=0.000 pid=0.000 pid_base=0.000 buoyancy_pwm=0 mask_valid=1 mask=0 forward_active=0
[CTRL] depth_valid=1 depth=11.454 vz=-0.057 az=1.392 target_valid=0 target=0.000 pid=0.000 pid_base=0.000 buoyancy_pwm=0 mask_valid=1 mask=0 forward_active=0
[CTRL] depth_valid=1 depth=12.571 vz=2.340 az=2.636 target_valid=0 target=0.000 pid=0.000 pid_base=0.000 buoyancy_pwm=0 mask_valid=1 mask=0 forward_active=0
[OK]hb
[CTRL] depth_valid=1 depth=13.463 vz=2.382 az=1.474 target_valid=0 target=0.000 pid=0.000 pid_base=0.000 buoyancy_pwm=0 mask_valid=1 mask=0 forward_active=0
$T,135,22,11,,103,8,848,-786,372,1199,0*63
[CTRL] depth_valid=1 depth=13.786 vz=1.034 az=-0.348 target_valid=0 target=0.000 pid=0.000 pid_base=0.000 buoyancy_pwm=0 mask_valid=1 mask=0 forward_active=0
[CTRL] depth_valid=1 depth=13.433 vz=-0.745 az=-1.738 target_valid=0 target=0.000 pid=0.000 pid_base=0.000 buoyancy_pwm=0 mask_valid=1 mask=0 forward_active=0
[CTRL] depth_valid=1 depth=12.691 vz=-1.976 az=-2.096 target_valid=0 target=0.000 pid=0.000 pid_base=0.000 buoyancy_pwm=0 mask_valid=1 mask=0 forward_active=0
[CTRL] depth_valid=1 depth=11.847 vz=-2.236 az=-1.414 target_valid=0 target=0.000 pid=0.000 pid_base=0.000 buoyancy_pwm=0 mask_valid=1 mask=0 forward_active=0
$T,117,-21,-11,,104,8,865,-854,354,1199,0*6C
[CTRL] depth_valid=1 depth=11.558 vz=-1.036 az=0.193 target_valid=0 target=0.000 pid=0.000 pid_base=0.000 buoyancy_pwm=0 mask_valid=1 mask=0 forward_active=0
[CTRL] depth_valid=1 depth=11.861 vz=0.561 az=1.448 target_valid=0 target=0.000 pid=0.000 pid_base=0.000 buoyancy_pwm=0 mask_valid=1 mask=0 forward_active=0
[CTRL] depth_valid=1 depth=12.576 vz=1.706 az=1.759 target_valid=0 target=0.000 pid=0.000 pid_base=0.000 buoyancy_pwm=0 mask_valid=1 mask=0 forward_active=0
[CTRL] depth_valid=1 depth=13.257 vz=1.519 az=0.696 target_valid=0 target=0.000 pid=0.000 pid_base=0.000 buoyancy_pwm=0 mask_valid=1 mask=0 forward_active=0
$T,132,15,6,,104,,855,-804,365,1203,0*66
[CTRL] depth_valid=1 depth=13.362 vz=0.371 az=-0.620 target_valid=0 target=0.000 pid=0.000 pid_base=0.000 buoyancy_pwm=0 mask_valid=1 mask=0 forward_active=0
[OK]hb
[CTRL] depth_valid=1 depth=13.039 vz=-0.797 az=-1.373 target_valid=0 target=0.000 pid=0.000 pid_base=0.000 buoyancy_pwm=0 mask_valid=1 mask=0 forward_active=0
[CTRL] depth_valid=1 depth=12.318 vz=-1.785 az=-1.639 target_valid=0 target=0.000 pid=0.000 pid_base=0.000 buoyancy_pwm=0 mask_valid=1 mask=0 forward_active=0
[CTRL] depth_valid=1 depth=11.686 vz=-1.666 az=-0.813 target_valid=0 target=0.000 pid=0.000 pid_base=0.000 buoyancy_pwm=0 mask_valid=1 mask=0 forward_active=0
$T,116,-15,-6,,104,8,829,-855,391,1203,0*5C
[CTRL] depth_valid=1 depth=11.682 vz=-0.262 az=0.735 target_valid=0 target=0.000 pid=0.000 pid_base=0.000 buoyancy_pwm=0 mask_valid=1 mask=0 forward_active=0
[CTRL] depth_valid=1 depth=12.201 vz=1.101 az=1.530 target_valid=0 target=0.000 pid=0.000 pid_base=0.000 buoyancy_pwm=0 mask_valid=1 mask=0 forward_active=0
[CTRL] depth_valid=1 depth=12.794 vz=1.473 az=1.125 target_valid=0 target=0.000 pid=0.000 pid_base=0.000 buoyancy_pwm=0 mask_valid=1 mask=0 forward_active=0
[CTRL] depth_valid=1 depth=13.160 vz=0.966 az=0.150 target_valid=0 target=0.000 pid=0.000 pid_base=0.000 buoyancy_pwm=0 mask_valid=1 mask=0 forward_active=0
$T,131,7,0,,104,,862,-810,357,1206,0*55
[CTRL] depth_valid=1 depth=13.108 vz=-0.100 az=-0.879 target_valid=0 target=0.000 pid=0.000 pid_base=0.000 buoyancy_pwm=0 mask_valid=1 mask=0 forward_active=0
[CTRL] depth_valid=1 depth=12.630 vz=-1.169 az=-1.425 target_valid=0 target=0.000 pid=0.000 pid_base=0.000 buoyancy_pwm=0 mask_valid=1 mask=0 forward_active=0
[CTRL] depth_valid=1 depth=12.028 vz=-1.576 az=-1.170 target_valid=0 target=0.000 pid=0.000 pid_base=0.000 buoyancy_pwm=0 mask_valid=1 mask=0 forward_active=0
[OK]hb
[CTRL] depth_valid=1 depth=11.748 vz=-0.893 az=-0.092 target_valid=0 target=0.000 pid=0.000 pid_base=0.000 buoyancy_pwm=0 mask_valid=1 mask=0 forward_active=0
$T,117,-8,0,,105,,891,-850,328,1206,0*72
[CTRL] depth_valid=1 depth=11.917 vz=0.241 az=0.890 target_valid=0 target=0.000 pid=0.000 pid_base=0.000 buoyancy_pwm=0 mask_valid=1 mask=0 forward_active=0
[CTRL] depth_valid=1 depth=12.400 vz=1.093 az=1.184 target_valid=0 target=0.000 pid=0.000 pid_base=0.000 buoyancy_pwm=0 mask_valid=1 mask=0 forward_active=0
[CTRL] depth_valid=1 depth=12.921 vz=1.269 az=0.768 target_valid=0 target=0.000 pid=0.000 pid_base=0.000 buoyancy_pwm=0 mask_valid=1 mask=0 forward_active=0
[CTRL] depth_valid=1 depth=13.030 vz=0.277 az=-0.449 target_valid=0 target=0.000 pid=0.000 pid_base=0.000 buoyancy_pwm=0 mask_valid=1 mask=0 forward_active=0
$T,130,1,-5,,105,,872,-811,347,1206,0*7A
[CTRL] depth_valid=1 depth=12.742 vz=-0.701 az=-1.111 target_valid=0 target=0.000 pid=0.000 pid_base=0.000 buoyancy_pwm=0 mask_valid=1 mask=0 forward_active=0
[CTRL] depth_valid=1 depth=12.288 vz=-1.180 az=-1.041 target_valid=0 target=0.000 pid=0.000 pid_base=0.000 buoyancy_pwm=0 mask_valid=1 mask=0 forward_active=0
[CTRL] depth_valid=1 depth=11.905 vz=-1.041 az=-0.479 target_valid=0 target=0.000 pid=0.000 pid_base=0.000 buoyancy_pwm=0 mask_valid=1 mask=0 forward_active=0
[CTRL] depth_valid=1 depth=11.900 vz=-0.180 az=0.447 target_valid=0 target=0.000 pid=0.000 pid_base=0.000 buoyancy_pwm=0 mask_valid=1 mask=0 forward_active=0
$T,119,0,5,,106,,893,-843,326,1206,0*51
[CTRL] depth_valid=1 depth=12.250 vz=0.731 az=0.994 target_valid=0 target=0.000 pid=0.000 pid_base=0.000 buoyancy_pwm=0 mask_valid=1 mask=0 forward_active=0
[OK]hb
[CTRL] depth_valid=1 depth=12.669 vz=1.003 az=0.741 target_valid=0 target=0.000 pid=0.000 pid_base=0.000 buoyancy_pwm=0 mask_valid=1 mask=0 forward_active=0
[CTRL] depth_valid=1 depth=12.917 vz=0.618 az=0.041 target_valid=0 target=0.000 pid=0.000 pid_base=0.000 buoyancy_pwm=0 mask_valid=1 mask=0 forward_active=0
[CTRL] depth_valid=1 depth=12.850 vz=-0.129 az=-0.632 target_valid=0 target=0.000 pid=0.000 pid_base=0.000 buoyancy_pwm=0 mask_valid=1 mask=0 forward_active=0
$T,127,-2,-7,,105,,912,-815,306,1198,0*52
[CTRL] depth_valid=1 depth=12.477 vz=-0.883 az=-0.999 target_valid=0 target=0.000 pid=0.000 pid_base=0.000 buoyancy_pwm=0 mask_valid=1 mask=0 forward_active=0
[CTRL] depth_valid=1 depth=12.091 vz=-1.048 az=-0.725 target_valid=0 target=0.000 pid=0.000 pid_base=0.000 buoyancy_pwm=0 mask_valid=1 mask=0 forward_active=0
[CTRL] depth_valid=1 depth=11.936 vz=-0.668 az=-0.144 target_valid=0 target=0.000 pid=0.000 pid_base=0.000 buoyancy_pwm=0 mask_valid=1 mask=0 forward_active=0
[CTRL] depth_valid=1 depth=12.071 vz=0.195 az=0.590 target_valid=0 target=0.000 pid=0.000 pid_base=0.000 buoyancy_pwm=0 mask_valid=1 mask=0 forward_active=0
$T,121,3,6,,106,,916,-835,303,1201,0*57
[CTRL] depth_valid=1 depth=12.435 vz=0.782 az=0.784 target_valid=0 target=0.000 pid=0.000 pid_base=0.000 buoyancy_pwm=0 mask_valid=1 mask=0 forward_active=0
[CTRL] depth_valid=1 depth=12.713 vz=0.688 az=0.316 target_valid=0 target=0.000 pid=0.000 pid_base=0.000 buoyancy_pwm=0 mask_valid=1 mask=0 forward_active=0
[CTRL] depth_valid=1 depth=12.784 vz=0.218 az=-0.234 target_valid=0 target=0.000 pid=0.000 pid_base=0.000 buoyancy_pwm=0 mask_valid=1 mask=0 forward_active=0
[CTRL] depth_valid=1 depth=12.615 vz=-0.427 az=-0.712 target_valid=0 target=0.000 pid=0.000 pid_base=0.000 buoyancy_pwm=0 mask_valid=1 mask=0 forward_active=0
$T,125,-5,-8,,106,8,901,-822,319,1201,0*68
[OK]hb
[CTRL] depth_valid=1 depth=12.320 vz=-0.762 az=-0.693 target_valid=0 target=0.000 pid=0.000 pid_base=0.000 buoyancy_pwm=0 mask_valid=1 mask=0 forward_active=0
[CTRL] depth_valid=1 depth=12.020 vz=-0.790 az=-0.427 target_valid=0 target=0.000 pid=0.000 pid_base=0.000 buoyancy_pwm=0 mask_valid=1 mask=0 forward_active=0
[CTRL] depth_valid=1 depth=12.055 vz=-0.113 az=0.297 target_valid=0 target=0.000 pid=0.000 pid_base=0.000 buoyancy_pwm=0 mask_valid=1 mask=0 forward_active=0
[CTRL] depth_valid=1 depth=12.244 vz=0.408 az=0.591 target_valid=0 target=0.000 pid=0.000 pid_base=0.000 buoyancy_pwm=0 mask_valid=1 mask=0 forward_active=0
$T,122,4,6,,107,,925,-830,294,1201,0*58
[CTRL] depth_valid=1 depth=12.518 vz=0.612 az=0.457 target_valid=0 target=0.000 pid=0.000 pid_base=0.000 buoyancy_pwm=0 mask_valid=1 mask=0 forward_active=0
[CTRL] depth_valid=1 depth=12.702 vz=0.430 az=0.064 target_valid=0 target=0.000 pid=0.000 pid_base=0.000 buoyancy_pwm=0 mask_valid=1 mask=0 forward_active=0
[CTRL] depth_valid=1 depth=12.661 vz=-0.104 az=-0.452 target_valid=0 target=0.000 pid=0.000 pid_base=0.000 buoyancy_pwm=0 mask_valid=1 mask=0 forward_active=0
[CTRL] depth_valid=1 depth=12.455 vz=-0.542 az=-0.649 target_valid=0 target=0.000 pid=0.000 pid_base=0.000 buoyancy_pwm=0 mask_valid=1 mask=0 forward_active=0
$T,124,-6,-6,,107,,909,-828,311,1196,0*5A
[CTRL] depth_valid=1 depth=12.199 vz=-0.729 az=-0.566 target_valid=0 target=0.000 pid=0.000 pid_base=0.000 buoyancy_pwm=0 mask_valid=1 mask=0 forward_active=0
[CTRL] depth_valid=1 depth=12.065 vz=-0.442 az=-0.094 target_valid=0 target=0.000 pid=0.000 pid_base=0.000 buoyancy_pwm=0 mask_valid=1 mask=0 forward_active=0
[OK]hb
[CTRL] depth_valid=1 depth=12.131 vz=0.062 az=0.352 target_valid=0 target=0.000 pid=0.000 pid_base=0.000 buoyancy_pwm=0 mask_valid=1 mask=0 forward_active=0
[CTRL] depth_valid=1 depth=12.365 vz=0.488 az=0.525 target_valid=0 target=0.000 pid=0.000 pid_base=0.000 buoyancy_pwm=0 mask_valid=1 mask=0 forward_active=0
$T,124,5,5,,107,,887,-827,333,1196,0*52
[CTRL] depth_valid=1 depth=12.585 vz=0.497 az=0.257 target_valid=0 target=0.000 pid=0.000 pid_base=0.000 buoyancy_pwm=0 mask_valid=1 mask=0 forward_active=0
[CTRL] depth_valid=1 depth=12.682 vz=0.226 az=-0.115 target_valid=0 target=0.000 pid=0.000 pid_base=0.000 buoyancy_pwm=0 mask_valid=1 mask=0 forward_active=0
[CTRL] depth_valid=1 depth=12.526 vz=-0.331 az=-0.547 target_valid=0 target=0.000 pid=0.000 pid_base=0.000 buoyancy_pwm=0 mask_valid=1 mask=0 forward_active=0
[CTRL] depth_valid=1 depth=12.315 vz=-0.597 az=-0.566 target_valid=0 target=0.000 pid=0.000 pid_base=0.000 buoyancy_pwm=0 mask_valid=1 mask=0 forward_active=0
$T,122,-6,-5,,107,,898,-833,322,1203,0*53
[CTRL] depth_valid=1 depth=12.121 vz=-0.581 az=-0.341 target_valid=0 target=0.000 pid=0.000 pid_base=0.000 buoyancy_pwm=0 mask_valid=1 mask=0 forward_active=0
[CTRL] depth_valid=1 depth=12.129 vz=-0.139 az=0.148 target_valid=0 target=0.000 pid=0.000 pid_base=0.000 buoyancy_pwm=0 mask_valid=1 mask=0 forward_active=0
[CTRL] depth_valid=1 depth=12.292 vz=0.293 az=0.413 target_valid=0 target=0.000 pid=0.000 pid_base=0.000 buoyancy_pwm=0 mask_valid=1 mask=0 forward_active=0
[CTRL] depth_valid=1 depth=12.461 vz=0.416 az=0.323 target_valid=0 target=0.000 pid=0.000 pid_base=0.000 buoyancy_pwm=0 mask_valid=1 mask=0 forward_active=0
$T,124,4,2,,108,,894,-825,326,1199,0*50
[OK]hb
[CTRL] depth_valid=1 depth=12.599 vz=0.311 az=0.061 target_valid=0 target=0.000 pid=0.000 pid_base=0.000 buoyancy_pwm=0 mask_valid=1 mask=0 forward_active=0
[CTRL] depth_valid=1 depth=12.542 vz=-0.129 az=-0.367 target_valid=0 target=0.000 pid=0.000 pid_base=0.000 buoyancy_pwm=0 mask_valid=1 mask=0 forward_active=0
[CTRL] depth_valid=1 depth=12.429 vz=-0.371 az=-0.452 target_valid=0 target=0.000 pid=0.000 pid_base=0.000 buoyancy_pwm=0 mask_valid=1 mask=0 forward_active=0
[CTRL] depth_valid=1 depth=12.234 vz=-0.516 az=-0.394 target_valid=0 target=0.000 pid=0.000 pid_base=0.000 buoyancy_pwm=0 mask_valid=1 mask=0 forward_active=0
$T,121,-5,-3,,108,,847,-837,372,1199,0*59
[CTRL] depth_valid=1 depth=12.158 vz=-0.285 az=-0.045 target_valid=0 target=0.000 pid=0.000 pid_base=0.000 buoyancy_pwm=0 mask_valid=1 mask=0 forward_active=0
[CTRL] depth_valid=1 depth=12.209 vz=0.014 az=0.184 target_valid=0 target=0.000 pid=0.000 pid_base=0.000 buoyancy_pwm=0 mask_valid=1 mask=0 forward_active=0
[CTRL] depth_valid=1 depth=12.318 vz=0.172 az=0.186 target_valid=0 target=0.000 pid=0.000 pid_base=0.000 buoyancy_pwm=0 mask_valid=1 mask=0 forward_active=0
[CTRL] depth_valid=1 depth=12.501 vz=0.360 az=0.229 target_valid=0 target=0.000 pid=0.000 pid_base=0.000 buoyancy_pwm=0 mask_valid=1 mask=0 forward_active=0
$T,125,3,1,,108,,851,-824,368,1198,0*56
[CTRL] depth_valid=1 depth=12.572 vz=0.170 az=-0.061 target_valid=0 target=0.000 pid=0.000 pid_base=0.000 buoyancy_pwm=0 mask_valid=1 mask=0 forward_active=0
[CTRL] depth_valid=1 depth=12.478 vz=-0.208 az=-0.368 target_valid=0 target=0.000 pid=0.000 pid_base=0.000 buoyancy_pwm=0 mask_valid=1 mask=0 forward_active=0
[OK]hb
[CTRL] depth_valid=1 depth=12.405 vz=-0.220 az=-0.208 target_valid=0 target=0.000 pid=0.000 pid_base=0.000 buoyancy_pwm=0 mask_valid=1 mask=0 forward_active=0
[CTRL] depth_valid=1 depth=12.215 vz=-0.398 az=-0.251 target_valid=0 target=0.000 pid=0.000 pid_base=0.000 buoyancy_pwm=0 mask_valid=1 mask=0 forward_active=0
$T,121,-4,-2,,108,,872,-837,347,1198,0*58
[CTRL] depth_valid=1 depth=12.195 vz=-0.159 az=0.025 target_valid=0 target=0.000 pid=0.000 pid_base=0.000 buoyancy_pwm=0 mask_valid=1 mask=0 forward_active=0
[CTRL] depth_valid=1 depth=12.276 vz=0.105 az=0.204 target_valid=0 target=0.000 pid=0.000 pid_base=0.000 buoyancy_pwm=0 mask_valid=1 mask=0 forward_active=0
[CTRL] depth_valid=1 depth=12.401 vz=0.204 az=0.138 target_valid=0 target=0.000 pid=0.000 pid_base=0.000 buoyancy_pwm=0 mask_valid=1 mask=0 forward_active=0
[CTRL] depth_valid=1 depth=12.495 vz=0.194 az=0.044 target_valid=0 target=0.000 pid=0.000 pid_base=0.000 buoyancy_pwm=0 mask_valid=1 mask=0 forward_active=0
$T,124,1,0,,108,,840,-825,379,1198,0*55
[CTRL] depth_valid=1 depth=12.503 vz=-0.010 az=-0.181 target_valid=0 target=0.000 pid=0.000 pid_base=0.000 buoyancy_pwm=0 mask_valid=1 mask=0 forward_active=0
[CTRL] depth_valid=1 depth=12.379 vz=-0.326 az=-0.392 target_valid=0 target=0.000 pid=0.000 pid_base=0.000 buoyancy_pwm=0 mask_valid=1 mask=0 forward_active=0
[CTRL] depth_valid=1 depth=12.241 vz=-0.425 az=-0.344 target_valid=0 target=0.000 pid=0.000 pid_base=0.000 buoyancy_pwm=0 mask_valid=1 mask=0 forward_active=0
[CTRL] depth_valid=1 depth=12.237 vz=-0.126 az=0.049 target_valid=0 target=0.000 pid=0.000 pid_base=0.000 buoyancy_pwm=0 mask_valid=1 mask=0 forward_active=0
$T,122,0,1,,108,,844,-836,376,1199,0*5B
[OK]hb
[CTRL] depth_valid=1 depth=12.302 vz=0.109 az=0.212 target_valid=0 target=0.000 pid=0.000 pid_base=0.000 buoyancy_pwm=0 mask_valid=1 mask=0 forward_active=0
[CTRL] depth_valid=1 depth=12.317 vz=0.064 az=0.065 target_valid=0 target=0.000 pid=0.000 pid_base=0.000 buoyancy_pwm=0 mask_valid=1 mask=0 forward_active=0
[CTRL] depth_valid=1 depth=12.419 vz=0.185 az=0.118 target_valid=0 target=0.000 pid=0.000 pid_base=0.000 buoyancy_pwm=0 mask_valid=1 mask=0 forward_active=0
[CTRL] depth_valid=1 depth=12.485 vz=0.111 az=-0.035 target_valid=0 target=0.000 pid=0.000 pid_base=0.000 buoyancy_pwm=0 mask_valid=1 mask=0 forward_active=0
$T,124,0,-1,,108,,869,-827,350,1196,0*74
[CTRL] depth_valid=1 depth=12.454 vz=-0.094 az=-0.219 target_valid=0 target=0.000 pid=0.000 pid_base=0.000 buoyancy_pwm=0 mask_valid=1 mask=0 forward_active=0
[CTRL] depth_valid=1 depth=12.341 vz=-0.311 az=-0.335 target_valid=0 target=0.000 pid=0.000 pid_base=0.000 buoyancy_pwm=0 mask_valid=1 mask=0 forward_active=0
[CTRL] depth_valid=1 depth=12.286 vz=-0.216 az=-0.122 target_valid=0 target=0.000 pid=0.000 pid_base=0.000 buoyancy_pwm=0 mask_valid=1 mask=0 forward_active=0
[CTRL] depth_valid=1 depth=12.264 vz=-0.081 az=0.047 target_valid=0 target=0.000 pid=0.000 pid_base=0.000 buoyancy_pwm=0 mask_valid=1 mask=0 forward_active=0
$T,122,0,0,,109,,874,-834,345,1201,0*58
[CTRL] depth_valid=1 depth=12.291 vz=0.017 az=0.081 target_valid=0 target=0.000 pid=0.000 pid_base=0.000 buoyancy_pwm=0 mask_valid=1 mask=0 forward_active=0
[CTRL] depth_valid=1 depth=12.420 vz=0.262 az=0.245 target_valid=0 target=0.000 pid=0.000 pid_base=0.000 buoyancy_pwm=0 mask_valid=1 mask=0 forward_active=0
[OK]hb
[CTRL] depth_valid=1 depth=12.460 vz=0.086 az=-0.042 target_valid=0 target=0.000 pid=0.000 pid_base=0.000 buoyancy_pwm=0 mask_valid=1 mask=0 forward_active=0
[CTRL] depth_valid=1 depth=12.457 vz=-0.049 az=-0.166 target_valid=0 target=0.000 pid=0.000 pid_base=0.000 buoyancy_pwm=0 mask_valid=1 mask=0 forward_active=0
$T,124,-1,-2,,109,,865,-830,354,1201,0*59
[CTRL] depth_valid=1 depth=12.387 vz=-0.220 az=-0.270 target_valid=0 target=0.000 pid=0.000 pid_base=0.000 buoyancy_pwm=0 mask_valid=1 mask=0 forward_active=0
[CTRL] depth_valid=1 depth=12.320 vz=-0.244 az=-0.200 target_valid=0 target=0.000 pid=0.000 pid_base=0.000 buoyancy_pwm=0 mask_valid=1 mask=0 forward_active=0
[CTRL] depth_valid=1 depth=12.264 vz=-0.183 az=-0.071 target_valid=0 target=0.000 pid=0.000 pid_base=0.000 buoyancy_pwm=0 mask_valid=1 mask=0 forward_active=0
[CTRL] depth_valid=1 depth=12.261 vz=-0.050 az=0.057 target_valid=0 target=0.000 pid=0.000 pid_base=0.000 buoyancy_pwm=0 mask_valid=1 mask=0 forward_active=0
$T,122,0,1,,109,,888,-833,332,1205,0*59
[CTRL] depth_valid=1 depth=12.319 vz=0.047 az=0.060 target_valid=0 target=0.000 pid=0.000 pid_base=0.000 buoyancy_pwm=0 mask_valid=1 mask=0 forward_active=0
[CTRL] depth_valid=1 depth=12.407 vz=0.146 az=0.088 target_valid=0 target=0.000 pid=0.000 pid_base=0.000 buoyancy_pwm=0 mask_valid=1 mask=0 forward_active=0
[CTRL] depth_valid=1 depth=12.446 vz=0.044 az=-0.070 target_valid=0 target=0.000 pid=0.000 pid_base=0.000 buoyancy_pwm=0 mask_valid=1 mask=0 forward_active=0
[CTRL] depth_valid=1 depth=12.407 vz=-0.138 az=-0.229 target_valid=0 target=0.000 pid=0.000 pid_base=0.000 buoyancy_pwm=0 mask_valid=1 mask=0 forward_active=0
$T,123,-1,-2,45,,,911,-831,309,1205,0*68
[OK]hb
[CTRL] depth_valid=1 depth=12.316 vz=-0.290 az=-0.294 target_valid=0 target=0.000 pid=0.000 pid_base=0.000 buoyancy_pwm=0 mask_valid=1 mask=0 forward_active=0
[CTRL] depth_valid=1 depth=12.311 vz=-0.141 az=-0.072 target_valid=0 target=0.000 pid=0.000 pid_base=0.000 buoyancy_pwm=0 mask_valid=1 mask=0 forward_active=0
[CTRL] depth_valid=1 depth=12.296 vz=-0.049 az=0.037 target_valid=0 target=0.000 pid=0.000 pid_base=0.000 buoyancy_pwm=0 mask_valid=1 mask=0 forward_active=0
[CTRL] depth_valid=1 depth=12.340 vz=0.072 az=0.111 target_valid=0 target=0.000 pid=0.000 pid_base=0.000 buoyancy_pwm=0 mask_valid=1 mask=0 forward_active=0
$T,123,0,0,44,,,895,-833,325,1198,0*6C
[CTRL] depth_valid=1 depth=12.390 vz=0.090 az=0.052 target_valid=0 target=0.000 pid=0.000 pid_base=0.000 buoyancy_pwm=0 mask_valid=1 mask=0 forward_active=0
[CTRL] depth_valid=1 depth=12.379 vz=-0.046 az=-0.113 target_valid=0 target=0.000 pid=0.000 pid_base=0.000 buoyancy_pwm=0 mask_valid=1 mask=0 forward_active=0
[CTRL] depth_valid=1 depth=12.368 vz=-0.099 az=-0.145 target_valid=0 target=0.000 pid=0.000 pid_base=0.000 buoyancy_pwm=0 mask_valid=1 mask=0 forward_active=0
[CTRL] depth_valid=1 depth=12.352 vz=-0.137 az=-0.160 target_valid=0 target=0.000 pid=0.000 pid_base=0.000 buoyancy_pwm=0 mask_valid=1 mask=0 forward_active=0
$T,123,-1,-1,44,,,915,-831,304,1199,0*65
[CTRL] depth_valid=1 depth=12.332 vz=-0.110 az=-0.084 target_valid=0 target=0.000 pid=0.000 pid_base=0.000 buoyancy_pwm=0 mask_valid=1 mask=0 forward_active=0
[CTRL] depth_valid=1 depth=12.286 vz=-0.137 az=-0.087 target_valid=0 target=0.000 pid=0.000 pid_base=0.000 buoyancy_pwm=0 mask_valid=1 mask=0 forward_active=0
[OK]hb
[CTRL] depth_valid=1 depth=12.279 vz=-0.079 az=-0.025 target_valid=0 target=0.000 pid=0.000 pid_base=0.000 buoyancy_pwm=0 mask_valid=1 mask=0 forward_active=0
[CTRL] depth_valid=1 depth=12.337 vz=0.132 az=0.184 target_valid=0 target=0.000 pid=0.000 pid_base=0.000 buoyancy_pwm=0 mask_valid=1 mask=0 forward_active=0
$T,123,1,1,44,,,934,-832,285,1198,0*6C
[CTRL] depth_valid=1 depth=12.403 vz=0.135 az=0.077 target_valid=0 target=0.000 pid=0.000 pid_base=0.000 buoyancy_pwm=0 mask_valid=1 mask=0 forward_active=0
[CTRL] depth_valid=1 depth=12.360 vz=-0.077 az=-0.152 target_valid=0 target=0.000 pid=0.000 pid_base=0.000 buoyancy_pwm=0 mask_valid=1 mask=0 forward_active=0
[CTRL] depth_valid=1 depth=12.378 vz=-0.046 az=-0.090 target_valid=0 target=0.000 pid=0.000 pid_base=0.000 buoyancy_pwm=0 mask_valid=1 mask=0 forward_active=0
[CTRL] depth_valid=1 depth=12.386 vz=-0.027 az=-0.048 target_valid=0 target=0.000 pid=0.000 pid_base=0.000 buoyancy_pwm=0 mask_valid=1 mask=0 forward_active=0
$T,123,-1,-1,44,,,900,-832,319,1200,0*6D
[CTRL] depth_valid=1 depth=12.318 vz=-0.202 az=-0.219 target_valid=0 target=0.000 pid=0.000 pid_base=0.000 buoyancy_pwm=0 mask_valid=1 mask=0 forward_active=0
[CTRL] depth_valid=1 depth=12.287 vz=-0.194 az=-0.169 target_valid=0 target=0.000 pid=0.000 pid_base=0.000 buoyancy_pwm=0 mask_valid=1 mask=0 forward_active=0
[CTRL] depth_valid=1 depth=12.294 vz=-0.043 az=0.018 target_valid=0 target=0.000 pid=0.000 pid_base=0.000 buoyancy_pwm=0 mask_valid=1 mask=0 forward_active=0
[CTRL] depth_valid=1 depth=12.305 vz=-0.065 az=-0.071 target_valid=0 target=0.000 pid=0.000 pid_base=0.000 buoyancy_pwm=0 mask_valid=1 mask=0 forward_active=0
$T,123,0,0,44,,,903,-832,318,1203,0*6C
[OK]hb
[CTRL] depth_valid=1 depth=12.369 vz=0.033 az=-0.006 target_valid=0 target=0.000 pid=0.000 pid_base=0.000 buoyancy_pwm=0 mask_valid=1 mask=0 forward_active=0
[CTRL] depth_valid=1 depth=12.357 vz=-0.075 az=-0.133 target_valid=0 target=0.000 pid=0.000 pid_base=0.000 buoyancy_pwm=0 mask_valid=1 mask=0 forward_active=0
[CTRL] depth_valid=1 depth=12.347 vz=-0.089 az=-0.110 target_valid=0 target=0.000 pid=0.000 pid_base=0.000 buoyancy_pwm=0 mask_valid=1 mask=0 forward_active=0
[CTRL] depth_valid=1 depth=12.312 vz=-0.163 az=-0.170 target_valid=0 target=0.000 pid=0.000 pid_base=0.000 buoyancy_pwm=0 mask_valid=1 mask=0 forward_active=0
$T,123,-1,-1,43,,,912,-833,308,1203,0*6B
[CTRL] depth_valid=1 depth=12.315 vz=-0.117 az=-0.110 target_valid=0 target=0.000 pid=0.000 pid_base=0.000 buoyancy_pwm=0 mask_valid=1 mask=0 forward_active=0
[CTRL] depth_valid=1 depth=12.291 vz=-0.119 az=-0.091 target_valid=0 target=0.000 pid=0.000 pid_base=0.000 buoyancy_pwm=0 mask_valid=1 mask=0 forward_active=0
[CTRL] depth_valid=1 depth=12.345 vz=0.061 az=0.088 target_valid=0 target=0.000 pid=0.000 pid_base=0.000 buoyancy_pwm=0 mask_valid=1 mask=0 forward_active=0
[CTRL] depth_valid=1 depth=12.368 vz=0.039 az=0.013 target_valid=0 target=0.000 pid=0.000 pid_base=0.000 buoyancy_pwm=0 mask_valid=1 mask=0 forward_active=0
$T,123,0,0,43,,,892,-831,329,1201,0*61
[CTRL] depth_valid=1 depth=12.418 vz=0.069 az=0.009 target_valid=0 target=0.000 pid=0.000 pid_base=0.000 buoyancy_pwm=0 mask_valid=1 mask=0 forward_active=0
[CTRL] depth_valid=1 depth=12.376 vz=-0.070 az=-0.106 target_valid=0 target=0.000 pid=0.000 pid_base=0.000 buoyancy_pwm=0 mask_valid=1 mask=0 forward_active=0
[OK]hb
[CTRL] depth_valid=1 depth=12.374 vz=-0.057 az=-0.068 target_valid=0 target=0.000 pid=0.000 pid_base=0.000 buoyancy_pwm=0 mask_valid=1 mask=0 forward_active=0
[CTRL] depth_valid=1 depth=12.307 vz=-0.186 az=-0.175 target_valid=0 target=0.000 pid=0.000 pid_base=0.000 buoyancy_pwm=0 mask_valid=1 mask=0 forward_active=0
$T,122,-2,-2,43,,,866,-834,354,1200,0*65
[CTRL] depth_valid=1 depth=12.300 vz=-0.099 az=-0.052 target_valid=0 target=0.000 pid=0.000 pid_base=0.000 buoyancy_pwm=0 mask_valid=1 mask=0 forward_active=0
[CTRL] depth_valid=1 depth=12.316 vz=-0.004 az=0.035 target_valid=0 target=0.000 pid=0.000 pid_base=0.000 buoyancy_pwm=0 mask_valid=1 mask=0 forward_active=0
[CTRL] depth_valid=1 depth=12.361 vz=0.059 az=0.048 target_valid=0 target=0.000 pid=0.000 pid_base=0.000 buoyancy_pwm=0 mask_valid=1 mask=0 forward_active=0
[CTRL] depth_valid=1 depth=12.360 vz=-0.028 az=-0.074 target_valid=0 target=0.000 pid=0.000 pid_base=0.000 buoyancy_pwm=0 mask_valid=1 mask=0 forward_active=0
$T,123,0,0,42,,,880,-831,341,1205,0*69
[CTRL] depth_valid=1 depth=12.386 vz=-0.019 az=-0.071 target_valid=0 target=0.000 pid=0.000 pid_base=0.000 buoyancy_pwm=0 mask_valid=1 mask=0 forward_active=0
[CTRL] depth_valid=1 depth=12.377 vz=-0.077 az=-0.118 target_valid=0 target=0.000 pid=0.000 pid_base=0.000 buoyancy_pwm=0 mask_valid=1 mask=0 forward_active=0
[CTRL] depth_valid=1 depth=12.330 vz=-0.151 az=-0.150 target_valid=0 target=0.000 pid=0.000 pid_base=0.000 buoyancy_pwm=0 mask_valid=1 mask=0 forward_active=0
[CTRL] depth_valid=1 depth=12.273 vz=-0.193 az=-0.150 target_valid=0 target=0.000 pid=0.000 pid_base=0.000 buoyancy_pwm=0 mask_valid=1 mask=0 forward_active=0
$T,122,-1,0,42,92,,883,-834,338,1198,0*40
[OK]hb
[CTRL] depth_valid=1 depth=12.328 vz=-0.007 az=0.024 target_valid=0 target=0.000 pid=0.000 pid_base=0.000 buoyancy_pwm=0 mask_valid=1 mask=0 forward_active=0
[CTRL] depth_valid=1 depth=12.324 vz=-0.081 az=-0.103 target_valid=0 target=0.000 pid=0.000 pid_base=0.000 buoyancy_pwm=0 mask_valid=1 mask=0 forward_active=0
[CTRL] depth_valid=1 depth=12.347 vz=-0.020 az=-0.032 target_valid=0 target=0.000 pid=0.000 pid_base=0.000 buoyancy_pwm=0 mask_valid=1 mask=0 forward_active=0
[CTRL] depth_valid=1 depth=12.359 vz=-0.016 az=-0.037 target_valid=0 target=0.000 pid=0.000 pid_base=0.000 buoyancy_pwm=0 mask_valid=1 mask=0 forward_active=0
$T,123,0,0,42,92,,844,-832,377,1198,0*6B
[CTRL] depth_valid=1 depth=12.366 vz=-0.045 az=-0.079 target_valid=0 target=0.000 pid=0.000 pid_base=0.000 buoyancy_pwm=0 mask_valid=1 mask=0 forward_active=0
[CTRL] depth_valid=1 depth=12.362 vz=-0.034 az=-0.041 target_valid=0 target=0.000 pid=0.000 pid_base=0.000 buoyancy_pwm=0 mask_valid=1 mask=0 forward_active=0
[CTRL] depth_valid=1 depth=12.327 vz=-0.082 az=-0.067 target_valid=0 target=0.000 pid=0.000 pid_base=0.000 buoyancy_pwm=0 mask_valid=1 mask=0 forward_active=0
[CTRL] depth_valid=1 depth=12.307 vz=-0.072 az=-0.039 target_valid=0 target=0.000 pid=0.000 pid_base=0.000 buoyancy_pwm=0 mask_valid=1 mask=0 forward_active=0
$T,123,0,1,42,91,,855,-834,366,1198,0*6F
[CTRL] depth_valid=1 depth=12.341 vz=-0.029 az=-0.040 target_valid=0 target=0.000 pid=0.000 pid_base=0.000 buoyancy_pwm=0 mask_valid=1 mask=0 forward_active=0
[CTRL] depth_valid=1 depth=12.322 vz=-0.094 az=-0.109 target_valid=0 target=0.000 pid=0.000 pid_base=0.000 buoyancy_pwm=0 mask_valid=1 mask=0 forward_active=0
[OK]hb
[CTRL] depth_valid=1 depth=12.369 vz=0.025 az=0.013 target_valid=0 target=0.000 pid=0.000 pid_base=0.000 buoyancy_pwm=0 mask_valid=1 mask=0 forward_active=0
[CTRL] depth_valid=1 depth=12.339 vz=-0.086 az=-0.110 target_valid=0 target=0.000 pid=0.000 pid_base=0.000 buoyancy_pwm=0 mask_valid=1 mask=0 forward_active=0
$T,123,-1,-1,41,91,,869,-833,352,1198,0*62
[CTRL] depth_valid=1 depth=12.350 vz=-0.064 az=-0.084 target_valid=0 target=0.000 pid=0.000 pid_base=0.000 buoyancy_pwm=0 mask_valid=1 mask=0 forward_active=0
[CTRL] depth_valid=1 depth=12.349 vz=-0.064 az=-0.075 target_valid=0 target=0.000 pid=0.000 pid_base=0.000 buoyancy_pwm=0 mask_valid=1 mask=0 forward_active=0
[CTRL] depth_valid=1 depth=12.343 vz=-0.052 az=-0.044 target_valid=0 target=0.000 pid=0.000 pid_base=0.000 buoyancy_pwm=0 mask_valid=1 mask=0 forward_active=0
[CTRL] depth_valid=1 depth=12.342 vz=-0.035 az=-0.024 target_valid=0 target=0.000 pid=0.000 pid_base=0.000 buoyancy_pwm=0 mask_valid=1 mask=0 forward_active=0
$T,123,0,0,41,91,,851,-833,370,1198,0*69
[CTRL] depth_valid=1 depth=12.351 vz=-0.042 az=-0.056 target_valid=0 target=0.000 pid=0.000 pid_base=0.000 buoyancy_pwm=0 mask_valid=1 mask=0 forward_active=0
[CTRL] depth_valid=1 depth=12.358 vz=-0.015 az=-0.017 target_valid=0 target=0.000 pid=0.000 pid_base=0.000 buoyancy_pwm=0 mask_valid=1 mask=0 forward_active=0
[CTRL] depth_valid=1 depth=12.315 vz=-0.151 az=-0.170 target_valid=0 target=0.000 pid=0.000 pid_base=0.000 buoyancy_pwm=0 mask_valid=1 mask=0 forward_active=0
[CTRL] depth_valid=1 depth=12.327 vz=-0.090 az=-0.092 target_valid=0 target=0.000 pid=0.000 pid_base=0.000 buoyancy_pwm=0 mask_valid=1 mask=0 forward_active=0
$T,123,0,0,41,91,,859,-834,362,1201,0*66
[OK]hb
[CTRL] depth_valid=1 depth=12.391 vz=0.030 az=0.003 target_valid=0 target=0.000 pid=0.000 pid_base=0.000 buoyancy_pwm=0 mask_valid=1 mask=0 forward_active=0
[CTRL] depth_valid=1 depth=12.292 vz=-0.191 az=-0.187 target_valid=0 target=0.000 pid=0.000 pid_base=0.000 buoyancy_pwm=0 mask_valid=1 mask=0 forward_active=0
[CTRL] depth_valid=1 depth=12.314 vz=-0.072 az=-0.047 target_valid=0 target=0.000 pid=0.000 pid_base=0.000 buoyancy_pwm=0 mask_valid=1 mask=0 forward_active=0
[CTRL] depth_valid=1 depth=12.336 vz=-0.018 az=-0.013 target_valid=0 target=0.000 pid=0.000 pid_base=0.000 buoyancy_pwm=0 mask_valid=1 mask=0 forward_active=0
$T,123,0,0,41,91,,886,-832,335,1197,0*6C
[CTRL] depth_valid=1 depth=12.351 vz=-0.018 az=-0.037 target_valid=0 target=0.000 pid=0.000 pid_base=0.000 buoyancy_pwm=0 mask_valid=1 mask=0 forward_active=0
[CTRL] depth_valid=1 depth=12.319 vz=-0.103 az=-0.114 target_valid=0 target=0.000 pid=0.000 pid_base=0.000 buoyancy_pwm=0 mask_valid=1 mask=0 forward_active=0
[CTRL] depth_valid=1 depth=12.330 vz=-0.084 az=-0.100 target_valid=0 target=0.000 pid=0.000 pid_base=0.000 buoyancy_pwm=0 mask_valid=1 mask=0 forward_active=0
[CTRL] depth_valid=1 depth=12.316 vz=-0.081 az=-0.073 target_valid=0 target=0.000 pid=0.000 pid_base=0.000 buoyancy_pwm=0 mask_valid=1 mask=0 forward_active=0
$T,123,0,0,40,91,,890,-833,331,1200,0*62
[CTRL] depth_valid=1 depth=12.337 vz=-0.069 az=-0.094 target_valid=0 target=0.000 pid=0.000 pid_base=0.000 buoyancy_pwm=0 mask_valid=1 mask=0 forward_active=0
[CTRL] depth_valid=1 depth=12.268 vz=-0.209 az=-0.205 target_valid=0 target=0.000 pid=0.000 pid_base=0.000 buoyancy_pwm=0 mask_valid=1 mask=0 forward_active=0
[OK]hb
[CTRL] depth_valid=1 depth=12.359 vz=0.044 az=0.046 target_valid=0 target=0.000 pid=0.000 pid_base=0.000 buoyancy_pwm=0 mask_valid=1 mask=0 forward_active=0
[CTRL] depth_valid=1 depth=12.312 vz=-0.077 az=-0.076 target_valid=0 target=0.000 pid=0.000 pid_base=0.000 buoyancy_pwm=0 mask_valid=1 mask=0 forward_active=0
$T,123,0,0,39,91,,880,-834,341,1196,0*61
[CTRL] depth_valid=1 depth=12.339 vz=-0.038 az=-0.058 target_valid=0 target=0.000 pid=0.000 pid_base=0.000 buoyancy_pwm=0 mask_valid=1 mask=0 forward_active=0
[CTRL] depth_valid=1 depth=12.318 vz=-0.121 az=-0.148 target_valid=0 target=0.000 pid=0.000 pid_base=0.000 buoyancy_pwm=0 mask_valid=1 mask=0 forward_active=0
[CTRL] depth_valid=1 depth=12.375 vz=0.052 az=0.050 target_valid=0 target=0.000 pid=0.000 pid_base=0.000 buoyancy_pwm=0 mask_valid=1 mask=0 forward_active=0
[CTRL] depth_valid=1 depth=12.337 vz=-0.090 az=-0.116 target_valid=0 target=0.000 pid=0.000 pid_base=0.000 buoyancy_pwm=0 mask_valid=1 mask=0 forward_active=0
$T,123,-1,-1,39,91,,910,-833,311,1201,0*66
[CTRL] depth_valid=1 depth=12.331 vz=-0.093 az=-0.106 target_valid=0 target=0.000 pid=0.000 pid_base=0.000 buoyancy_pwm=0 mask_valid=1 mask=0 forward_active=0
[CTRL] depth_valid=1 depth=12.328 vz=-0.064 az=-0.054 target_valid=0 target=0.000 pid=0.000 pid_base=0.000 buoyancy_pwm=0 mask_valid=1 mask=0 forward_active=0
[CTRL] depth_valid=1 depth=12.317 vz=-0.071 az=-0.060 target_valid=0 target=0.000 pid=0.000 pid_base=0.000 buoyancy_pwm=0 mask_valid=1 mask=0 forward_active=0
[CTRL] depth_valid=1 depth=12.299 vz=-0.072 az=-0.049 target_valid=0 target=0.000 pid=0.000 pid_base=0.000 buoyancy_pwm=0 mask_valid=1 mask=0 forward_active=0
$T,123,0,0,38,91,,912,-833,309,1198,0*6F
[OK]hb
[CTRL] depth_valid=1 depth=12.335 vz=-0.011 az=-0.020 target_valid=0 target=0.000 pid=0.000 pid_base=0.000 buoyancy_pwm=0 mask_valid=1 mask=0 forward_active=0
[CTRL] depth_valid=1 depth=12.362 vz=0.005 az=-0.027 target_valid=0 target=0.000 pid=0.000 pid_base=0.000 buoyancy_pwm=0 mask_valid=1 mask=0 forward_active=0
[CTRL] depth_valid=1 depth=12.338 vz=-0.074 az=-0.097 target_valid=0 target=0.000 pid=0.000 pid_base=0.000 buoyancy_pwm=0 mask_valid=1 mask=0 forward_active=0
[CTRL] depth_valid=1 depth=12.304 vz=-0.141 az=-0.147 target_valid=0 target=0.000 pid=0.000 pid_base=0.000 buoyancy_pwm=0 mask_valid=1 mask=0 forward_active=0
$T,122,-2,-2,38,91,,892,-833,330,1198,0*6D
[CTRL] depth_valid=1 depth=12.276 vz=-0.142 az=-0.121 target_valid=0 target=0.000 pid=0.000 pid_base=0.000 buoyancy_pwm=0 mask_valid=1 mask=0 forward_active=0
[CTRL] depth_valid=1 depth=12.325 vz=0.008 az=0.026 target_valid=0 target=0.000 pid=0.000 pid_base=0.000 buoyancy_pwm=0 mask_valid=1 mask=0 forward_active=0
[CTRL] depth_valid=1 depth=12.319 vz=-0.040 az=-0.049 target_valid=0 target=0.000 pid=0.000 pid_base=0.000 buoyancy_pwm=0 mask_valid=1 mask=0 forward_active=0
[CTRL] depth_valid=1 depth=12.350 vz=0.012 az=-0.007 target_valid=0 target=0.000 pid=0.000 pid_base=0.000 buoyancy_pwm=0 mask_valid=1 mask=0 forward_active=0
$T,123,0,0,38,91,,915,-833,307,1197,0*69
[CTRL] depth_valid=1 depth=12.375 vz=0.004 az=-0.043 target_valid=0 target=0.000 pid=0.000 pid_base=0.000 buoyancy_pwm=0 mask_valid=1 mask=0 forward_active=0
[CTRL] depth_valid=1 depth=12.310 vz=-0.143 az=-0.156 target_valid=0 target=0.000 pid=0.000 pid_base=0.000 buoyancy_pwm=0 mask_valid=1 mask=0 forward_active=0
[OK]hb
[CTRL] depth_valid=1 depth=12.351 vz=-0.025 az=-0.033 target_valid=0 target=0.000 pid=0.000 pid_base=0.000 buoyancy_pwm=0 mask_valid=1 mask=0 forward_active=0
[CTRL] depth_valid=1 depth=12.336 vz=-0.066 az=-0.070 target_valid=0 target=0.000 pid=0.000 pid_base=0.000 buoyancy_pwm=0 mask_valid=1 mask=0 forward_active=0
$T,123,0,0,38,91,,920,-833,302,1199,0*64
[CTRL] depth_valid=1 depth=12.348 vz=-0.039 az=-0.047 target_valid=0 target=0.000 pid=0.000 pid_base=0.000 buoyancy_pwm=0 mask_valid=1 mask=0 forward_active=0
[CTRL] depth_valid=1 depth=12.339 vz=-0.057 az=-0.060 target_valid=0 target=0.000 pid=0.000 pid_base=0.000 buoyancy_pwm=0 mask_valid=1 mask=0 forward_active=0
[CTRL] depth_valid=1 depth=12.257 vz=-0.219 az=-0.203 target_valid=0 target=0.000 pid=0.000 pid_base=0.000 buoyancy_pwm=0 mask_valid=1 mask=0 forward_active=0
[CTRL] depth_valid=1 depth=12.329 vz=0.029 az=0.061 target_valid=0 target=0.000 pid=0.000 pid_base=0.000 buoyancy_pwm=0 mask_valid=1 mask=0 forward_active=0
$T,123,0,0,37,91,,893,-832,329,1200,0*69
[CTRL] depth_valid=1 depth=12.348 vz=0.025 az=0.010 target_valid=0 target=0.000 pid=0.000 pid_base=0.000 buoyancy_pwm=0 mask_valid=1 mask=0 forward_active=0
[CTRL] depth_valid=1 depth=12.316 vz=-0.077 az=-0.093 target_valid=0 target=0.000 pid=0.000 pid_base=0.000 buoyancy_pwm=0 mask_valid=1 mask=0 forward_active=0
[CTRL] depth_valid=1 depth=12.308 vz=-0.073 az=-0.070 target_valid=0 target=0.000 pid=0.000 pid_base=0.000 buoyancy_pwm=0 mask_valid=1 mask=0 forward_active=0
[CTRL] depth_valid=1 depth=12.299 vz=-0.055 az=-0.038 target_valid=0 target=0.000 pid=0.000 pid_base=0.000 buoyancy_pwm=0 mask_valid=1 mask=0 forward_active=0
$T,123,0,0,37,91,,889,-834,333,1201,0*6E
[OK]hb
[CTRL] depth_valid=1 depth=12.332 vz=-0.030 az=-0.056 target_valid=0 target=0.000 pid=0.000 pid_base=0.000 buoyancy_pwm=0 mask_valid=1 mask=0 forward_active=0
[CTRL] depth_valid=1 depth=12.286 vz=-0.171 az=-0.197 target_valid=0 target=0.000 pid=0.000 pid_base=0.000 buoyancy_pwm=0 mask_valid=1 mask=0 forward_active=0
[CTRL] depth_valid=1 depth=12.311 vz=-0.049 az=-0.038 target_valid=0 target=0.000 pid=0.000 pid_base=0.000 buoyancy_pwm=0 mask_valid=1 mask=0 forward_active=0
[CTRL] depth_valid=1 depth=12.299 vz=-0.100 az=-0.108 target_valid=0 target=0.000 pid=0.000 pid_base=0.000 buoyancy_pwm=0 mask_valid=1 mask=0 forward_active=0
$T,122,-1,-1,37,91,,892,-833,330,1201,0*61
[CTRL] depth_valid=1 depth=12.341 vz=0.037 az=0.043 target_valid=0 target=0.000 pid=0.000 pid_base=0.000 buoyancy_pwm=0 mask_valid=1 mask=0 forward_active=0
[CTRL] depth_valid=1 depth=12.361 vz=0.058 az=0.048 target_valid=0 target=0.000 pid=0.000 pid_base=0.000 buoyancy_pwm=0 mask_valid=1 mask=0 forward_active=0
[CTRL] depth_valid=1 depth=12.321 vz=-0.064 az=-0.076 target_valid=0 target=0.000 pid=0.000 pid_base=0.000 buoyancy_pwm=0 mask_valid=1 mask=0 forward_active=0
[CTRL] depth_valid=1 depth=12.298 vz=-0.094 az=-0.089 target_valid=0 target=0.000 pid=0.000 pid_base=0.000 buoyancy_pwm=0 mask_valid=1 mask=0 forward_active=0
$T,122,0,0,36,91,,876,-834,346,1201,0*6C
[CTRL] depth_valid=1 depth=12.357 vz=0.025 az=0.006 target_valid=0 target=0.000 pid=0.000 pid_base=0.000 buoyancy_pwm=0 mask_valid=1 mask=0 forward_active=0
[CTRL] depth_valid=1 depth=12.326 vz=-0.106 az=-0.144 target_valid=0 target=0.000 pid=0.000 pid_base=0.000 buoyancy_pwm=0 mask_valid=1 mask=0 forward_active=0
[OK]hb
[CTRL] depth_valid=1 depth=12.375 vz=0.025 az=0.008 target_valid=0 target=0.000 pid=0.000 pid_base=0.000 buoyancy_pwm=0 mask_valid=1 mask=0 forward_active=0
[CTRL] depth_valid=1 depth=12.343 vz=-0.104 az=-0.134 target_valid=0 target=0.000 pid=0.000 pid_base=0.000 buoyancy_pwm=0 mask_valid=1 mask=0 forward_active=0
$T,123,-1,-1,36,91,,855,-833,368,1201,0*67
[CTRL] depth_valid=1 depth=12.328 vz=-0.087 az=-0.079 target_valid=0 target=0.000 pid=0.000 pid_base=0.000 buoyancy_pwm=0 mask_valid=1 mask=0 forward_active=0
[CTRL] depth_valid=1 depth=12.333 vz=-0.037 az=-0.020 target_valid=0 target=0.000 pid=0.000 pid_base=0.000 buoyancy_pwm=0 mask_valid=1 mask=0 forward_active=0
[CTRL] depth_valid=1 depth=12.334 vz=-0.040 az=-0.039 target_valid=0 target=0.000 pid=0.000 pid_base=0.000 buoyancy_pwm=0 mask_valid=1 mask=0 forward_active=0
[CTRL] depth_valid=1 depth=12.316 vz=-0.081 az=-0.083 target_valid=0 target=0.000 pid=0.000 pid_base=0.000 buoyancy_pwm=0 mask_valid=1 mask=0 forward_active=0
$T,122,-1,-1,36,91,,875,-833,348,1205,0*62
[CTRL] depth_valid=1 depth=12.358 vz=0.009 az=-0.009 target_valid=0 target=0.000 pid=0.000 pid_base=0.000 buoyancy_pwm=0 mask_valid=1 mask=0 forward_active=0
[CTRL] depth_valid=1 depth=12.311 vz=-0.111 az=-0.120 target_valid=0 target=0.000 pid=0.000 pid_base=0.000 buoyancy_pwm=0 mask_valid=1 mask=0 forward_active=0
[CTRL] depth_valid=1 depth=12.303 vz=-0.079 az=-0.062 target_valid=0 target=0.000 pid=0.000 pid_base=0.000 buoyancy_pwm=0 mask_valid=1 mask=0 forward_active=0
[CTRL] depth_valid=1 depth=12.326 vz=0.007 az=0.025 target_valid=0 target=0.000 pid=0.000 pid_base=0.000 buoyancy_pwm=0 mask_valid=1 mask=0 forward_active=0
$T,122,0,0,36,91,,873,-834,350,1201,0*6E
[OK]hb
[CTRL] depth_valid=1 depth=12.356 vz=0.066 az=0.063 target_valid=0 target=0.000 pid=0.000 pid_base=0.000 buoyancy_pwm=0 mask_valid=1 mask=0 forward_active=0
[CTRL] depth_valid=1 depth=12.327 vz=-0.044 az=-0.060 target_valid=0 target=0.000 pid=0.000 pid_base=0.000 buoyancy_pwm=0 mask_valid=1 mask=0 forward_active=0
[CTRL] depth_valid=1 depth=12.336 vz=-0.045 az=-0.066 target_valid=0 target=0.000 pid=0.000 pid_base=0.000 buoyancy_pwm=0 mask_valid=1 mask=0 forward_active=0
[CTRL] depth_valid=1 depth=12.318 vz=-0.053 az=-0.046 target_valid=0 target=0.000 pid=0.000 pid_base=0.000 buoyancy_pwm=0 mask_valid=1 mask=0 forward_active=0
$T,123,0,0,36,91,,849,-833,374,1201,0*67
[CTRL] depth_valid=1 depth=12.333 vz=-0.025 az=-0.032 target_valid=0 target=0.000 pid=0.000 pid_base=0.000 buoyancy_pwm=0 mask_valid=1 mask=0 forward_active=0
[CTRL] depth_valid=1 depth=12.302 vz=-0.149 az=-0.179 target_valid=0 target=0.000 pid=0.000 pid_base=0.000 buoyancy_pwm=0 mask_valid=1 mask=0 forward_active=0
[CTRL] depth_valid=1 depth=12.317 vz=-0.061 az=-0.056 target_valid=0 target=0.000 pid=0.000 pid_base=0.000 buoyancy_pwm=0 mask_valid=1 mask=0 forward_active=0
[CTRL] depth_valid=1 depth=12.326 vz=-0.056 az=-0.066 target_valid=0 target=0.000 pid=0.000 pid_base=0.000 buoyancy_pwm=0 mask_valid=1 mask=0 forward_active=0
$T,123,0,0,35,91,,872,-835,351,1199,0*6F
[CTRL] depth_valid=1 depth=12.315 vz=-0.078 az=-0.082 target_valid=0 target=0.000 pid=0.000 pid_base=0.000 buoyancy_pwm=0 mask_valid=1 mask=0 forward_active=0
[CTRL] depth_valid=1 depth=12.330 vz=-0.038 az=-0.043 target_valid=0 target=0.000 pid=0.000 pid_base=0.000 buoyancy_pwm=0 mask_valid=1 mask=0 forward_active=0
[OK]hb
[CTRL] depth_valid=1 depth=12.330 vz=-0.050 az=-0.059 target_valid=0 target=0.000 pid=0.000 pid_base=0.000 buoyancy_pwm=0 mask_valid=1 mask=0 forward_active=0
[CTRL] depth_valid=1 depth=12.295 vz=-0.110 az=-0.104 target_valid=0 target=0.000 pid=0.000 pid_base=0.000 buoyancy_pwm=0 mask_valid=1 mask=0 forward_active=0
$T,123,0,0,35,91,,879,-834,344,1199,0*61
[CTRL] depth_valid=1 depth=12.341 vz=-0.006 az=-0.013 target_valid=0 target=0.000 pid=0.000 pid_base=0.000 buoyancy_pwm=0 mask_valid=1 mask=0 forward_active=0
[CTRL] depth_valid=1 depth=12.298 vz=-0.130 az=-0.143 target_valid=0 target=0.000 pid=0.000 pid_base=0.000 buoyancy_pwm=0 mask_valid=1 mask=0 forward_active=0
[CTRL] depth_valid=1 depth=12.317 vz=-0.053 az=-0.052 target_valid=0 target=0.000 pid=0.000 pid_base=0.000 buoyancy_pwm=0 mask_valid=1 mask=0 forward_active=0
[CTRL] depth_valid=1 depth=12.321 vz=-0.043 az=-0.045 target_valid=0 target=0.000 pid=0.000 pid_base=0.000 buoyancy_pwm=0 mask_valid=1 mask=0 forward_active=0
$T,123,0,0,35,91,,866,-833,358,1202,0*64
[CTRL] depth_valid=1 depth=12.337 vz=0.006 az=0.007 target_valid=0 target=0.000 pid=0.000 pid_base=0.000 buoyancy_pwm=0 mask_valid=1 mask=0 forward_active=0
[CTRL] depth_valid=1 depth=12.335 vz=-0.035 az=-0.050 target_valid=0 target=0.000 pid=0.000 pid_base=0.000 buoyancy_pwm=0 mask_valid=1 mask=0 forward_active=0
[CTRL] depth_valid=1 depth=12.326 vz=-0.053 az=-0.058 target_valid=0 target=0.000 pid=0.000 pid_base=0.000 buoyancy_pwm=0 mask_valid=1 mask=0 forward_active=0
[CTRL] depth_valid=1 depth=12.341 vz=-0.022 az=-0.033 target_valid=0 target=0.000 pid=0.000 pid_base=0.000 buoyancy_pwm=0 mask_valid=1 mask=0 forward_active=0
$T,123,0,0,35,91,,882,-834,341,1202,0*61
[OK]hb
[CTRL] depth_valid=1 depth=12.298 vz=-0.138 az=-0.150 target_valid=0 target=0.000 pid=0.000 pid_base=0.000 buoyancy_pwm=0 mask_valid=1 mask=0 forward_active=0
[CTRL] depth_valid=1 depth=12.329 vz=-0.023 az=-0.016 target_valid=0 target=0.000 pid=0.000 pid_base=0.000 buoyancy_pwm=0 mask_valid=1 mask=0 forward_active=0
[CTRL] depth_valid=1 depth=12.322 vz=-0.052 az=-0.060 target_valid=0 target=0.000 pid=0.000 pid_base=0.000 buoyancy_pwm=0 mask_valid=1 mask=0 forward_active=0
[CTRL] depth_valid=1 depth=12.319 vz=-0.065 az=-0.076 target_valid=0 target=0.000 pid=0.000 pid_base=0.000 buoyancy_pwm=0 mask_valid=1 mask=0 forward_active=0
$T,123,0,0,34,91,,901,-833,322,1200,0*6A
[CTRL] depth_valid=1 depth=12.355 vz=0.000 az=-0.020 target_valid=0 target=0.000 pid=0.000 pid_base=0.000 buoyancy_pwm=0 mask_valid=1 mask=0 forward_active=0
[CTRL] depth_valid=1 depth=12.327 vz=-0.071 az=-0.081 target_valid=0 target=0.000 pid=0.000 pid_base=0.000 buoyancy_pwm=0 mask_valid=1 mask=0 forward_active=0
[CTRL] depth_valid=1 depth=12.330 vz=-0.046 az=-0.044 target_valid=0 target=0.000 pid=0.000 pid_base=0.000 buoyancy_pwm=0 mask_valid=1 mask=0 forward_active=0
[CTRL] depth_valid=1 depth=12.316 vz=-0.104 az=-0.120 target_valid=0 target=0.000 pid=0.000 pid_base=0.000 buoyancy_pwm=0 mask_valid=1 mask=0 forward_active=0
$T,122,-1,-1,34,91,,896,-834,328,1202,0*6B
[CTRL] depth_valid=1 depth=12.308 vz=-0.112 az=-0.120 target_valid=0 target=0.000 pid=0.000 pid_base=0.000 buoyancy_pwm=0 mask_valid=1 mask=0 forward_active=0
[CTRL] depth_valid=1 depth=12.299 vz=-0.101 az=-0.094 target_valid=0 target=0.000 pid=0.000 pid_base=0.000 buoyancy_pwm=0 mask_valid=1 mask=0 forward_active=0
[OK]hb
[CTRL] depth_valid=1 depth=12.345 vz=-0.019 az=-0.039 target_valid=0 target=0.000 pid=0.000 pid_base=0.000 buoyancy_pwm=0 mask_valid=1 mask=0 forward_active=0
[CTRL] depth_valid=1 depth=12.315 vz=-0.114 az=-0.135 target_valid=0 target=0.000 pid=0.000 pid_base=0.000 buoyancy_pwm=0 mask_valid=1 mask=0 forward_active=0
$T,123,-1,-1,36,91,,891,-834,332,1199,0*65
[CTRL] depth_valid=1 depth=12.271 vz=-0.224 az=-0.244 target_valid=0 target=0.000 pid=0.000 pid_base=0.000 buoyancy_pwm=0 mask_valid=1 mask=0 forward_active=0
[CTRL] depth_valid=1 depth=12.328 vz=-0.017 az=-0.004 target_valid=0 target=0.000 pid=0.000 pid_base=0.000 buoyancy_pwm=0 mask_valid=1 mask=0 forward_active=0
[CTRL] depth_valid=1 depth=12.327 vz=-0.055 az=-0.069 target_valid=0 target=0.000 pid=0.000 pid_base=0.000 buoyancy_pwm=0 mask_valid=1 mask=0 forward_active=0
[CTRL] depth_valid=1 depth=12.334 vz=-0.043 az=-0.051 target_valid=0 target=0.000 pid=0.000 pid_base=0.000 buoyancy_pwm=0 mask_valid=1 mask=0 forward_active=0
$T,122,-1,-1,35,91,,914,-833,310,1198,0*6D
[CTRL] depth_valid=1 depth=12.340 vz=-0.029 az=-0.037 target_valid=0 target=0.000 pid=0.000 pid_base=0.000 buoyancy_pwm=0 mask_valid=1 mask=0 forward_active=0
[CTRL] depth_valid=1 depth=12.338 vz=-0.029 az=-0.033 target_valid=0 target=0.000 pid=0.000 pid_base=0.000 buoyancy_pwm=0 mask_valid=1 mask=0 forward_active=0
[CTRL] depth_valid=1 depth=12.320 vz=-0.076 az=-0.080 target_valid=0 target=0.000 pid=0.000 pid_base=0.000 buoyancy_pwm=0 mask_valid=1 mask=0 forward_active=0
[CTRL] depth_valid=1 depth=12.339 vz=0.001 az=0.010 target_valid=0 target=0.000 pid=0.000 pid_base=0.000 buoyancy_pwm=0 mask_valid=1 mask=0 forward_active=0
$T,122,-1,-1,35,91,,907,-834,316,1201,0*6D
[OK]hb
[CTRL] depth_valid=1 depth=12.342 vz=-0.001 az=-0.003 target_valid=0 target=0.000 pid=0.000 pid_base=0.000 buoyancy_pwm=0 mask_valid=1 mask=0 forward_active=0
[CTRL] depth_valid=1 depth=12.305 vz=-0.096 az=-0.099 target_valid=0 target=0.000 pid=0.000 pid_base=0.000 buoyancy_pwm=0 mask_valid=1 mask=0 forward_active=0
[CTRL] depth_valid=1 depth=12.304 vz=-0.091 az=-0.096 target_valid=0 target=0.000 pid=0.000 pid_base=0.000 buoyancy_pwm=0 mask_valid=1 mask=0 forward_active=0
[CTRL] depth_valid=1 depth=12.325 vz=-0.040 az=-0.049 target_valid=0 target=0.000 pid=0.000 pid_base=0.000 buoyancy_pwm=0 mask_valid=1 mask=0 forward_active=0
$T,122,-1,-1,35,91,,888,-834,335,1201,0*6A
[CTRL] depth_valid=1 depth=12.346 vz=0.017 az=0.012 target_valid=0 target=0.000 pid=0.000 pid_base=0.000 buoyancy_pwm=0 mask_valid=1 mask=0 forward_active=0
[CTRL] depth_valid=1 depth=12.344 vz=-0.053 az=-0.090 target_valid=0 target=0.000 pid=0.000 pid_base=0.000 buoyancy_pwm=0 mask_valid=1 mask=0 forward_active=0
[CTRL] depth_valid=1 depth=12.335 vz=-0.079 az=-0.098 target_valid=0 target=0.000 pid=0.000 pid_base=0.000 buoyancy_pwm=0 mask_valid=1 mask=0 forward_active=0
[CTRL] depth_valid=1 depth=12.311 vz=-0.117 az=-0.121 target_valid=0 target=0.000 pid=0.000 pid_base=0.000 buoyancy_pwm=0 mask_valid=1 mask=0 forward_active=0
$T,122,-1,-1,35,,,903,-834,321,1201,0*65
[CTRL] depth_valid=1 depth=12.293 vz=-0.116 az=-0.101 target_valid=0 target=0.000 pid=0.000 pid_base=0.000 buoyancy_pwm=0 mask_valid=1 mask=0 forward_active=0
[CTRL] depth_valid=1 depth=12.335 vz=0.026 az=0.046 target_valid=0 target=0.000 pid=0.000 pid_base=0.000 buoyancy_pwm=0 mask_valid=1 mask=0 forward_active=0
[OK]hb
[CTRL] depth_valid=1 depth=12.316 vz=-0.061 az=-0.075 target_valid=0 target=0.000 pid=0.000 pid_base=0.000 buoyancy_pwm=0 mask_valid=1 mask=0 forward_active=0
[CTRL] depth_valid=1 depth=12.321 vz=-0.038 az=-0.039 target_valid=0 target=0.000 pid=0.000 pid_base=0.000 buoyancy_pwm=0 mask_valid=1 mask=0 forward_active=0
$T,123,0,0,34,,,902,-833,322,1209,0*68
[CTRL] depth_valid=1 depth=12.295 vz=-0.103 az=-0.106 target_valid=0 target=0.000 pid=0.000 pid_base=0.000 buoyancy_pwm=0 mask_valid=1 mask=0 forward_active=0
[CTRL] depth_valid=1 depth=12.350 vz=0.055 az=0.060 target_valid=0 target=0.000 pid=0.000 pid_base=0.000 buoyancy_pwm=0 mask_valid=1 mask=0 forward_active=0
[CTRL] depth_valid=1 depth=12.304 vz=-0.107 az=-0.129 target_valid=0 target=0.000 pid=0.000 pid_base=0.000 buoyancy_pwm=0 mask_valid=1 mask=0 forward_active=0
[CTRL] depth_valid=1 depth=12.294 vz=-0.099 az=-0.099 target_valid=0 target=0.000 pid=0.000 pid_base=0.000 buoyancy_pwm=0 mask_valid=1 mask=0 forward_active=0
$T,123,0,0,34,,,883,-834,341,1206,0*6D
[CTRL] depth_valid=1 depth=12.321 vz=-0.059 az=-0.078 target_valid=0 target=0.000 pid=0.000 pid_base=0.000 buoyancy_pwm=0 mask_valid=1 mask=0 forward_active=0
[CTRL] depth_valid=1 depth=12.305 vz=-0.112 az=-0.129 target_valid=0 target=0.000 pid=0.000 pid_base=0.000 buoyancy_pwm=0 mask_valid=1 mask=0 forward_active=0
[CTRL] depth_valid=1 depth=12.345 vz=0.018 az=0.020 target_valid=0 target=0.000 pid=0.000 pid_base=0.000 buoyancy_pwm=0 mask_valid=1 mask=0 forward_active=0
[CTRL] depth_valid=1 depth=12.309 vz=-0.106 az=-0.123 target_valid=0 target=0.000 pid=0.000 pid_base=0.000 buoyancy_pwm=0 mask_valid=1 mask=0 forward_active=0
$T,123,-1,-1,34,,,877,-834,347,1206,0*60
[OK]hb
[CTRL] depth_valid=1 depth=12.288 vz=-0.143 az=-0.150 target_valid=0 target=0.000 pid=0.000 pid_base=0.000 buoyancy_pwm=0 mask_valid=1 mask=0 forward_active=0
[CTRL] depth_valid=1 depth=12.321 vz=-0.072 az=-0.089 target_valid=0 target=0.000 pid=0.000 pid_base=0.000 buoyancy_pwm=0 mask_valid=1 mask=0 forward_active=0
[CTRL] depth_valid=1 depth=12.349 vz=-0.002 az=-0.012 target_valid=0 target=0.000 pid=0.000 pid_base=0.000 buoyancy_pwm=0 mask_valid=1 mask=0 forward_active=0
[CTRL] depth_valid=1 depth=12.323 vz=-0.093 az=-0.111 target_valid=0 target=0.000 pid=0.000 pid_base=0.000 buoyancy_pwm=0 mask_valid=1 mask=0 forward_active=0
$T,123,0,0,34,,,888,-834,336,1200,0*60
[CTRL] depth_valid=1 depth=12.334 vz=-0.072 az=-0.089 target_valid=0 target=0.000 pid=0.000 pid_base=0.000 buoyancy_pwm=0 mask_valid=1 mask=0 forward_active=0
[CTRL] depth_valid=1 depth=12.330 vz=-0.072 az=-0.080 target_valid=0 target=0.000 pid=0.000 pid_base=0.000 buoyancy_pwm=0 mask_valid=1 mask=0 forward_active=0
[CTRL] depth_valid=1 depth=12.338 vz=-0.039 az=-0.039 target_valid=0 target=0.000 pid=0.000 pid_base=0.000 buoyancy_pwm=0 mask_valid=1 mask=0 forward_active=0
[CTRL] depth_valid=1 depth=12.353 vz=0.010 az=0.011 target_valid=0 target=0.000 pid=0.000 pid_base=0.000 buoyancy_pwm=0 mask_valid=1 mask=0 forward_active=0
$T,123,0,0,34,,,870,-835,354,1197,0*6F
[CTRL] depth_valid=1 depth=12.342 vz=-0.032 az=-0.040 target_valid=0 target=0.000 pid=0.000 pid_base=0.000 buoyancy_pwm=0 mask_valid=1 mask=0 forward_active=0
[CTRL] depth_valid=1 depth=12.304 vz=-0.107 az=-0.104 target_valid=0 target=0.000 pid=0.000 pid_base=0.000 buoyancy_pwm=0 mask_valid=1 mask=0 forward_active=0
[OK]hb
[CTRL] depth_valid=1 depth=12.310 vz=-0.085 az=-0.089 target_valid=0 target=0.000 pid=0.000 pid_base=0.000 buoyancy_pwm=0 mask_valid=1 mask=0 forward_active=0
[CTRL] depth_valid=1 depth=12.325 vz=-0.057 az=-0.069 target_valid=0 target=0.000 pid=0.000 pid_base=0.000 buoyancy_pwm=0 mask_valid=1 mask=0 forward_active=0
$T,123,0,0,34,,,854,-834,370,1204,0*67
[CTRL] depth_valid=1 depth=12.341 vz=-0.020 az=-0.029 target_valid=0 target=0.000 pid=0.000 pid_base=0.000 buoyancy_pwm=0 mask_valid=1 mask=0 forward_active=0
[CTRL] depth_valid=1 depth=12.305 vz=-0.113 az=-0.121 target_valid=0 target=0.000 pid=0.000 pid_base=0.000 buoyancy_pwm=0 mask_valid=1 mask=0 forward_active=0
[CTRL] depth_valid=1 depth=12.300 vz=-0.087 az=-0.077 target_valid=0 target=0.000 pid=0.000 pid_base=0.000 buoyancy_pwm=0 mask_valid=1 mask=0 forward_active=0
[CTRL] depth_valid=1 depth=12.332 vz=-0.021 az=-0.030 target_valid=0 target=0.000 pid=0.000 pid_base=0.000 buoyancy_pwm=0 mask_valid=1 mask=0 forward_active=0
$T,123,0,0,33,,,880,-834,344,1205,0*6F
[CTRL] depth_valid=1 depth=12.318 vz=-0.107 az=-0.145 target_valid=0 target=0.000 pid=0.000 pid_base=0.000 buoyancy_pwm=0 mask_valid=1 mask=0 forward_active=0
[CTRL] depth_valid=1 depth=12.334 vz=-0.059 az=-0.075 target_valid=0 target=0.000 pid=0.000 pid_base=0.000 buoyancy_pwm=0 mask_valid=1 mask=0 forward_active=0
[CTRL] depth_valid=1 depth=12.319 vz=-0.099 az=-0.112 target_valid=0 target=0.000 pid=0.000 pid_base=0.000 buoyancy_pwm=0 mask_valid=1 mask=0 forward_active=0
[CTRL] depth_valid=1 depth=12.331 vz=-0.082 az=-0.100 target_valid=0 target=0.000 pid=0.000 pid_base=0.000 buoyancy_pwm=0 mask_valid=1 mask=0 forward_active=0
$T,123,0,0,33,,,872,-834,352,1205,0*65
[OK]hb
[CTRL] depth_valid=1 depth=12.335 vz=-0.086 az=-0.108 target_valid=0 target=0.000 pid=0.000 pid_base=0.000 buoyancy_pwm=0 mask_valid=1 mask=0 forward_active=0
[CTRL] depth_valid=1 depth=12.352 vz=-0.019 az=-0.022 target_valid=0 target=0.000 pid=0.000 pid_base=0.000 buoyancy_pwm=0 mask_valid=1 mask=0 forward_active=0
[CTRL] depth_valid=1 depth=12.344 vz=-0.028 az=-0.031 target_valid=0 target=0.000 pid=0.000 pid_base=0.000 buoyancy_pwm=0 mask_valid=1 mask=0 forward_active=0
[CTRL] depth_valid=1 depth=12.351 vz=-0.024 az=-0.036 target_valid=0 target=0.000 pid=0.000 pid_base=0.000 buoyancy_pwm=0 mask_valid=1 mask=0 forward_active=0
$T,123,-1,-1,33,,,861,-834,363,1203,0*63
[CTRL] depth_valid=1 depth=12.303 vz=-0.105 az=-0.092 target_valid=0 target=0.000 pid=0.000 pid_base=0.000 buoyancy_pwm=0 mask_valid=1 mask=0 forward_active=0
[CTRL] depth_valid=1 depth=12.296 vz=-0.111 az=-0.106 target_valid=0 target=0.000 pid=0.000 pid_base=0.000 buoyancy_pwm=0 mask_valid=1 mask=0 forward_active=0
[CTRL] depth_valid=1 depth=12.327 vz=0.027 az=0.056 target_valid=0 target=0.000 pid=0.000 pid_base=0.000 buoyancy_pwm=0 mask_valid=1 mask=0 forward_active=0
[CTRL] depth_valid=1 depth=12.292 vz=-0.071 az=-0.064 target_valid=0 target=0.000 pid=0.000 pid_base=0.000 buoyancy_pwm=0 mask_valid=1 mask=0 forward_active=0
$T,123,0,0,33,,,885,-835,338,1204,0*61
[CTRL] depth_valid=1 depth=12.328 vz=-0.017 az=-0.038 target_valid=0 target=0.000 pid=0.000 pid_base=0.000 buoyancy_pwm=0 mask_valid=1 mask=0 forward_active=0
[CTRL] depth_valid=1 depth=12.278 vz=-0.152 az=-0.168 target_valid=0 target=0.000 pid=0.000 pid_base=0.000 buoyancy_pwm=0 mask_valid=1 mask=0 forward_active=0
[OK]hb
[CTRL] depth_valid=1 depth=12.349 vz=0.035 az=0.021 target_valid=0 target=0.000 pid=0.000 pid_base=0.000 buoyancy_pwm=0 mask_valid=1 mask=0 forward_active=0
[CTRL] depth_valid=1 depth=12.335 vz=-0.067 az=-0.109 target_valid=0 target=0.000 pid=0.000 pid_base=0.000 buoyancy_pwm=0 mask_valid=1 mask=0 forward_active=0
$T,123,-1,-1,33,,,886,-833,337,1204,0*6B
[CTRL] depth_valid=1 depth=12.315 vz=-0.115 az=-0.137 target_valid=0 target=0.000 pid=0.000 pid_base=0.000 buoyancy_pwm=0 mask_valid=1 mask=0 forward_active=0
[CTRL] depth_valid=1 depth=12.314 vz=-0.040 az=-0.016 target_valid=0 target=0.000 pid=0.000 pid_base=0.000 buoyancy_pwm=0 mask_valid=1 mask=0 forward_active=0
[CTRL] depth_valid=1 depth=12.337 vz=0.003 az=0.003 target_valid=0 target=0.000 pid=0.000 pid_base=0.000 buoyancy_pwm=0 mask_valid=1 mask=0 forward_active=0
[CTRL] depth_valid=1 depth=12.314 vz=-0.032 az=-0.020 target_valid=0 target=0.000 pid=0.000 pid_base=0.000 buoyancy_pwm=0 mask_valid=1 mask=0 forward_active=0
$T,123,0,0,33,,,881,-834,342,1206,0*6B
[CTRL] depth_valid=1 depth=12.316 vz=-0.035 az=-0.037 target_valid=0 target=0.000 pid=0.000 pid_base=0.000 buoyancy_pwm=0 mask_valid=1 mask=0 forward_active=0
[CTRL] depth_valid=1 depth=12.303 vz=-0.098 az=-0.117 target_valid=0 target=0.000 pid=0.000 pid_base=0.000 buoyancy_pwm=0 mask_valid=1 mask=0 forward_active=0
[CTRL] depth_valid=1 depth=12.325 vz=-0.050 az=-0.066 target_valid=0 target=0.000 pid=0.000 pid_base=0.000 buoyancy_pwm=0 mask_valid=1 mask=0 forward_active=0
[CTRL] depth_valid=1 depth=12.308 vz=-0.086 az=-0.094 target_valid=0 target=0.000 pid=0.000 pid_base=0.000 buoyancy_pwm=0 mask_valid=1 mask=0 forward_active=0
$T,123,0,0,33,,,889,-834,334,1206,0*62
[OK]hb
[CTRL] depth_valid=1 depth=12.349 vz=-0.040 az=-0.080 target_valid=0 target=0.000 pid=0.000 pid_base=0.000 buoyancy_pwm=0 mask_valid=1 mask=0 forward_active=0
[CTRL] depth_valid=1 depth=12.347 vz=-0.071 az=-0.107 target_valid=0 target=0.000 pid=0.000 pid_base=0.000 buoyancy_pwm=0 mask_valid=1 mask=0 forward_active=0
[CTRL] depth_valid=1 depth=12.368 vz=-0.031 az=-0.059 target_valid=0 target=0.000 pid=0.000 pid_base=0.000 buoyancy_pwm=0 mask_valid=1 mask=0 forward_active=0
[CTRL] depth_valid=1 depth=12.313 vz=-0.118 az=-0.109 target_valid=0 target=0.000 pid=0.000 pid_base=0.000 buoyancy_pwm=0 mask_valid=1 mask=0 forward_active=0
$T,122,-1,-1,,,,903,-833,320,1204,0*60
[CTRL] depth_valid=1 depth=12.337 vz=-0.027 az=-0.015 target_valid=0 target=0.000 pid=0.000 pid_base=0.000 buoyancy_pwm=0 mask_valid=1 mask=0 forward_active=0
[CTRL] depth_valid=1 depth=12.305 vz=-0.117 az=-0.118 target_valid=0 target=0.000 pid=0.000 pid_base=0.000 buoyancy_pwm=0 mask_valid=1 mask=0 forward_active=0
[CTRL] depth_valid=1 depth=12.313 vz=-0.091 az=-0.094 target_valid=0 target=0.000 pid=0.000 pid_base=0.000 buoyancy_pwm=0 mask_valid=1 mask=0 forward_active=0
[CTRL] depth_valid=1 depth=12.335 vz=-0.044 az=-0.056 target_valid=0 target=0.000 pid=0.000 pid_base=0.000 buoyancy_pwm=0 mask_valid=1 mask=0 forward_active=0
$T,123,0,0,,,,900,-834,324,1203,0*66
[CTRL] depth_valid=1 depth=12.300 vz=-0.140 az=-0.155 target_valid=0 target=0.000 pid=0.000 pid_base=0.000 buoyancy_pwm=0 mask_valid=1 mask=0 forward_active=0
[CTRL] depth_valid=1 depth=12.269 vz=-0.170 az=-0.161 target_valid=0 target=0.000 pid=0.000 pid_base=0.000 buoyancy_pwm=0 mask_valid=1 mask=0 forward_active=0
[OK]hb
[CTRL] depth_valid=1 depth=12.353 vz=0.049 az=0.043 target_valid=0 target=0.000 pid=0.000 pid_base=0.000 buoyancy_pwm=0 mask_valid=1 mask=0 forward_active=0
[CTRL] depth_valid=1 depth=12.352 vz=-0.009 az=-0.036 target_valid=0 target=0.000 pid=0.000 pid_base=0.000 buoyancy_pwm=0 mask_valid=1 mask=0 forward_active=0
$T,123,-1,-1,,,,892,-833,331,1198,0*6E
[CTRL] depth_valid=1 depth=12.319 vz=-0.110 az=-0.136 target_valid=0 target=0.000 pid=0.000 pid_base=0.000 buoyancy_pwm=0 mask_valid=1 mask=0 forward_active=0
[CTRL] depth_valid=1 depth=12.318 vz=-0.100 az=-0.115 target_valid=0 target=0.000 pid=0.000 pid_base=0.000 buoyancy_pwm=0 mask_valid=1 mask=0 forward_active=0
[CTRL] depth_valid=1 depth=12.304 vz=-0.090 az=-0.079 target_valid=0 target=0.000 pid=0.000 pid_base=0.000 buoyancy_pwm=0 mask_valid=1 mask=0 forward_active=0
[CTRL] depth_valid=1 depth=12.321 vz=-0.009 az=0.005 target_valid=0 target=0.000 pid=0.000 pid_base=0.000 buoyancy_pwm=0 mask_valid=1 mask=0 forward_active=0
$T,122,0,0,,,,908,-834,315,1198,0*6C
[CTRL] depth_valid=1 depth=12.314 vz=-0.040 az=-0.045 target_valid=0 target=0.000 pid=0.000 pid_base=0.000 buoyancy_pwm=0 mask_valid=1 mask=0 forward_active=0
[CTRL] depth_valid=1 depth=12.317 vz=-0.061 az=-0.082 target_valid=0 target=0.000 pid=0.000 pid_base=0.000 buoyancy_pwm=0 mask_valid=1 mask=0 forward_active=0
[CTRL] depth_valid=1 depth=12.291 vz=-0.107 az=-0.108 target_valid=0 target=0.000 pid=0.000 pid_base=0.000 buoyancy_pwm=0 mask_valid=1 mask=0 forward_active=0
[CTRL] depth_valid=1 depth=12.285 vz=-0.078 az=-0.061 target_valid=0 target=0.000 pid=0.000 pid_base=0.000 buoyancy_pwm=0 mask_valid=1 mask=0 forward_active=0
$T,123,0,0,,,,898,-834,325,1203,0*67
[CTRL] depth_valid=1 depth=12.353 vz=0.003 az=-0.044 target_valid=0 target=0.000 pid=0.000 pid_base=0.000 buoyancy_pwm=0 mask_valid=1 mask=0 forward_active=0
[OK]hb
[CTRL] depth_valid=1 depth=12.320 vz=-0.104 az=-0.138 target_valid=0 target=0.000 pid=0.000 pid_base=0.000 buoyancy_pwm=0 mask_valid=1 mask=0 forward_active=0
[CTRL] depth_valid=1 depth=12.339 vz=-0.049 az=-0.067 target_valid=0 target=0.000 pid=0.000 pid_base=0.000 buoyancy_pwm=0 mask_valid=1 mask=0 forward_active=0
[CTRL] depth_valid=1 depth=12.318 vz=-0.108 az=-0.126 target_valid=0 target=0.000 pid=0.000 pid_base=0.000 buoyancy_pwm=0 mask_valid=1 mask=0 forward_active=0
$T,123,0,0,,,,883,-834,341,1203,0*6F
[CTRL] depth_valid=1 depth=12.324 vz=-0.056 az=-0.052 target_valid=0 target=0.000 pid=0.000 pid_base=0.000 buoyancy_pwm=0 mask_valid=1 mask=0 forward_active=0
[CTRL] depth_valid=1 depth=12.336 vz=-0.018 az=-0.015 target_valid=0 target=0.000 pid=0.000 pid_base=0.000 buoyancy_pwm=0 mask_valid=1 mask=0 forward_active=0
[CTRL] depth_valid=1 depth=12.312 vz=-0.052 az=-0.044 target_valid=0 target=0.000 pid=0.000 pid_base=0.000 buoyancy_pwm=0 mask_valid=1 mask=0 forward_active=0
[CTRL] depth_valid=1 depth=12.346 vz=0.016 az=0.004 target_valid=0 target=0.000 pid=0.000 pid_base=0.000 buoyancy_pwm=0 mask_valid=1 mask=0 forward_active=0
$T,123,0,0,,,,895,-835,328,1199,0*66
[CTRL] depth_valid=1 depth=12.311 vz=-0.103 az=-0.127 target_valid=0 target=0.000 pid=0.000 pid_base=0.000 buoyancy_pwm=0 mask_valid=1 mask=0 forward_active=0
[CTRL] depth_valid=1 depth=12.303 vz=-0.064 az=-0.050 target_valid=0 target=0.000 pid=0.000 pid_base=0.000 buoyancy_pwm=0 mask_valid=1 mask=0 forward_active=0
[CTRL] depth_valid=1 depth=12.331 vz=-0.012 az=-0.020 target_valid=0 target=0.000 pid=0.000 pid_base=0.000 buoyancy_pwm=0 mask_valid=1 mask=0 forward_active=0
[OK]hb
[CTRL] depth_valid=1 depth=12.284 vz=-0.137 az=-0.145 target_valid=0 target=0.000 pid=0.000 pid_base=0.000 buoyancy_pwm=0 mask_valid=1 mask=0 forward_active=0
$T,122,-1,-1,,,,890,-833,334,1203,0*69
[CTRL] depth_valid=1 depth=12.344 vz=0.019 az=0.010 target_valid=0 target=0.000 pid=0.000 pid_base=0.000 buoyancy_pwm=0 mask_valid=1 mask=0 forward_active=0
[CTRL] depth_valid=1 depth=12.334 vz=-0.093 az=-0.143 target_valid=0 target=0.000 pid=0.000 pid_base=0.000 buoyancy_pwm=0 mask_valid=1 mask=0 forward_active=0
[CTRL] depth_valid=1 depth=12.301 vz=-0.136 az=-0.141 target_valid=0 target=0.000 pid=0.000 pid_base=0.000 buoyancy_pwm=0 mask_valid=1 mask=0 forward_active=0
[CTRL] depth_valid=1 depth=12.328 vz=-0.003 az=0.022 target_valid=0 target=0.000 pid=0.000 pid_base=0.000 buoyancy_pwm=0 mask_valid=1 mask=0 forward_active=0
$T,123,0,0,,,,874,-835,350,1203,0*66
[CTRL] depth_valid=1 depth=12.354 vz=-0.015 az=-0.046 target_valid=0 target=0.000 pid=0.000 pid_base=0.000 buoyancy_pwm=0 mask_valid=1 mask=0 forward_active=0
[CTRL] depth_valid=1 depth=12.289 vz=-0.146 az=-0.147 target_valid=0 target=0.000 pid=0.000 pid_base=0.000 buoyancy_pwm=0 mask_valid=1 mask=0 forward_active=0
[CTRL] depth_valid=1 depth=12.315 vz=-0.039 az=-0.029 target_valid=0 target=0.000 pid=0.000 pid_base=0.000 buoyancy_pwm=0 mask_valid=1 mask=0 forward_active=0
[CTRL] depth_valid=1 depth=12.309 vz=-0.045 az=-0.044 target_valid=0 target=0.000 pid=0.000 pid_base=0.000 buoyancy_pwm=0 mask_valid=1 mask=0 forward_active=0
$T,123,0,0,,,,877,-834,346,1202,0*62
[CTRL] depth_valid=1 depth=12.313 vz=-0.072 az=-0.095 target_valid=0 target=0.000 pid=0.000 pid_base=0.000 buoyancy_pwm=0 mask_valid=1 mask=0 forward_active=0
[OK]hb
[CTRL] depth_valid=1 depth=12.350 vz=-0.027 az=-0.066 target_valid=0 target=0.000 pid=0.000 pid_base=0.000 buoyancy_pwm=0 mask_valid=1 mask=0 forward_active=0
[CTRL] depth_valid=1 depth=12.329 vz=-0.091 az=-0.113 target_valid=0 target=0.000 pid=0.000 pid_base=0.000 buoyancy_pwm=0 mask_valid=1 mask=0 forward_active=0
[CTRL] depth_valid=1 depth=12.330 vz=-0.059 az=-0.060 target_valid=0 target=0.000 pid=0.000 pid_base=0.000 buoyancy_pwm=0 mask_valid=1 mask=0 forward_active=0
$T,122,-1,-1,,,,884,-834,339,1201,0*64
[CTRL] depth_valid=1 depth=12.315 vz=-0.074 az=-0.067 target_valid=0 target=0.000 pid=0.000 pid_base=0.000 buoyancy_pwm=0 mask_valid=1 mask=0 forward_active=0
[CTRL] depth_valid=1 depth=12.291 vz=-0.104 az=-0.091 target_valid=0 target=0.000 pid=0.000 pid_base=0.000 buoyancy_pwm=0 mask_valid=1 mask=0 forward_active=0
[CTRL] depth_valid=1 depth=12.277 vz=-0.126 az=-0.122 target_valid=0 target=0.000 pid=0.000 pid_base=0.000 buoyancy_pwm=0 mask_valid=1 mask=0 forward_active=0
[CTRL] depth_valid=1 depth=12.321 vz=0.001 az=0.006 target_valid=0 target=0.000 pid=0.000 pid_base=0.000 buoyancy_pwm=0 mask_valid=1 mask=0 forward_active=0
$T,123,0,0,,,,867,-835,356,1196,0*6D
[CTRL] depth_valid=1 depth=12.341 vz=-0.052 az=-0.109 target_valid=0 target=0.000 pid=0.000 pid_base=0.000 buoyancy_pwm=0 mask_valid=1 mask=0 forward_active=0
[CTRL] depth_valid=1 depth=12.328 vz=-0.078 az=-0.100 target_valid=0 target=0.000 pid=0.000 pid_base=0.000 buoyancy_pwm=0 mask_valid=1 mask=0 forward_active=0
[OK]hb
[CTRL] depth_valid=1 depth=12.328 vz=-0.075 az=-0.090 target_valid=0 target=0.000 pid=0.000 pid_base=0.000 buoyancy_pwm=0 mask_valid=1 mask=0 forward_active=0
[CTRL] depth_valid=1 depth=12.324 vz=-0.088 az=-0.097 target_valid=0 target=0.000 pid=0.000 pid_base=0.000 buoyancy_pwm=0 mask_valid=1 mask=0 forward_active=0
$T,123,0,0,,,,870,-834,354,1200,0*64
[CTRL] depth_valid=1 depth=12.348 vz=-0.019 az=-0.025 target_valid=0 target=0.000 pid=0.000 pid_base=0.000 buoyancy_pwm=0 mask_valid=1 mask=0 forward_active=0
[CTRL] depth_valid=1 depth=12.305 vz=-0.119 az=-0.118 target_valid=0 target=0.000 pid=0.000 pid_base=0.000 buoyancy_pwm=0 mask_valid=1 mask=0 forward_active=0
[CTRL] depth_valid=1 depth=12.311 vz=-0.058 az=-0.041 target_valid=0 target=0.000 pid=0.000 pid_base=0.000 buoyancy_pwm=0 mask_valid=1 mask=0 forward_active=0
[CTRL] depth_valid=1 depth=12.284 vz=-0.152 az=-0.162 target_valid=0 target=0.000 pid=0.000 pid_base=0.000 buoyancy_pwm=0 mask_valid=1 mask=0 forward_active=0
$T,122,-1,-1,,,,884,-834,340,1208,0*63
[CTRL] depth_valid=1 depth=12.319 vz=-0.044 az=-0.047 target_valid=0 target=0.000 pid=0.000 pid_base=0.000 buoyancy_pwm=0 mask_valid=1 mask=0 forward_active=0
[CTRL] depth_valid=1 depth=12.310 vz=-0.065 az=-0.068 target_valid=0 target=0.000 pid=0.000 pid_base=0.000 buoyancy_pwm=0 mask_valid=1 mask=0 forward_active=0
[CTRL] depth_valid=1 depth=12.341 vz=-0.053 az=-0.092 target_valid=0 target=0.000 pid=0.000 pid_base=0.000 buoyancy_pwm=0 mask_valid=1 mask=0 forward_active=0
[CTRL] depth_valid=1 depth=12.353 vz=-0.014 az=-0.029 target_valid=0 target=0.000 pid=0.000 pid_base=0.000 buoyancy_pwm=0 mask_valid=1 mask=0 forward_active=0
$T,123,-1,-1,,,,876,-834,348,1196,0*63
[CTRL] depth_valid=1 depth=12.312 vz=-0.123 az=-0.137 target_valid=0 target=0.000 pid=0.000 pid_base=0.000 buoyancy_pwm=0 mask_valid=1 mask=0 forward_active=0
[OK]hb
Target depth set to 35.0 cm
[OK]l35#15[ACK] l35#15

[CTRL] depth_valid=1 depth=12.294 vz=-0.108 az=-0.091 target_valid=1 target=35.000 pid=100.000 pid_base=0.513 buoyancy_pwm=255 mask_valid=1 mask=0 forward_active=0
Target depth set to 30.0 cm
[OK]l30#16[ACK] l30#16

<- Minima: BUOY 
[CTRL] depth_valid=1 depth=12.329 vz=0.046 az=0.082 target_valid=1 target=30.000 pid=100.000 pid_base=0.514 buoyancy_pwm=255 mask_valid=1 mask=0 forward_active=0
[CTRL] depth_valid=1 depth=12.618 vz=0.554 az=0.457 target_valid=1 target=30.000 pid=96.545 pid_base=0.508 buoyancy_pwm=246 mask_valid=1 mask=0 forward_active=0
$T,126,6,4,,,,801,-857,432,1198,4*61
[CTRL] depth_valid=1 depth=13.095 vz=1.061 az=0.695 target_valid=1 target=30.000 pid=59.834 pid_base=0.436 buoyancy_pwm=153 mask_valid=1 mask=0 forward_active=0
[CTRL] depth_valid=1 depth=13.894 vz=1.756 az=0.989 target_valid=1 target=30.000 pid=2.540 pid_base=0.377 buoyancy_pwm=80 mask_valid=1 mask=0 forward_active=0
[CTRL] depth_valid=1 depth=15.160 vz=2.713 az=1.351 target_valid=1 target=30.000 pid=-13.971 pid_base=0.336 buoyancy_pwm=0 mask_valid=1 mask=0 forward_active=0
[CTRL] depth_valid=1 depth=16.801 vz=3.552 az=1.442 target_valid=1 target=30.000 pid=-27.971 pid_base=0.315 buoyancy_pwm=80 mask_valid=1 mask=384 forward_active=0
$T,171,36,14,,,10,808,-859,423,1198,4*67
[CTRL] depth_valid=1 depth=18.560 vz=3.774 az=0.936 target_valid=1 target=30.000 pid=-34.239 pid_base=0.306 buoyancy_pwm=87 mask_valid=1 mask=384 forward_active=0
[CTRL] depth_valid=1 depth=19.976 vz=3.051 az=-0.115 target_valid=1 target=30.000 pid=-27.183 pid_base=0.295 buoyancy_pwm=80 mask_valid=1 mask=384 forward_active=0
[CTRL] depth_valid=1 depth=20.907 vz=1.816 az=-1.153 target_valid=1 target=30.000 pid=-12.116 pid_base=0.274 buoyancy_pwm=80 mask_valid=1 mask=384 forward_active=0
[OK]hb
<- Minima: IDLE
[CTRL] depth_valid=1 depth=21.444 vz=0.790 az=-1.535 target_valid=1 target=30.000 pid=6.546 pid_base=0.247 buoyancy_pwm=80 mask_valid=1 mask=0 forward_active=0
$T,214,5,-16,,,15,856,-832,377,1201,0*7A
<- Minima: BUOY 
[CTRL] depth_valid=1 depth=21.627 vz=0.008 az=-1.525 target_valid=1 target=30.000 pid=71.840 pid_base=0.210 buoyancy_pwm=183 mask_valid=1 mask=0 forward_active=0
[CTRL] depth_valid=1 depth=21.802 vz=-0.003 az=-0.851 target_valid=1 target=30.000 pid=75.520 pid_base=0.174 buoyancy_pwm=193 mask_valid=1 mask=0 forward_active=0
[CTRL] depth_valid=1 depth=22.581 vz=1.272 az=0.587 target_valid=1 target=30.000 pid=0.000 pid_base=0.157 buoyancy_pwm=0 mask_valid=1 mask=0 forward_active=0
<- Minima: IDLE
[CTRL] depth_valid=1 depth=24.482 vz=3.861 az=2.536 target_valid=1 target=30.000 pid=-43.075 pid_base=0.181 buoyancy_pwm=110 mask_valid=1 mask=384 forward_active=0
$T,248,41,25,,,16,22,-895,1205,1201,0*6E
<- Minima: BUOY 
[CTRL] depth_valid=1 depth=27.113 vz=5.837 az=3.107 target_valid=1 target=30.000 pid=-77.757 pid_base=0.237 buoyancy_pwm=198 mask_valid=1 mask=384 forward_active=0
[CTRL] depth_valid=1 depth=29.804 vz=6.117 az=1.952 target_valid=1 target=30.000 pid=-88.032 pid_base=0.309 buoyancy_pwm=224 mask_valid=1 mask=384 forward_active=0
[CTRL] depth_valid=1 depth=32.237 vz=5.345 az=0.444 target_valid=1 target=30.000 pid=-84.335 pid_base=0.386 buoyancy_pwm=215 mask_valid=1 mask=384 forward_active=0
[CTRL] depth_valid=1 depth=34.055 vz=3.870 az=-0.983 target_valid=1 target=30.000 pid=-69.842 pid_base=0.456 buoyancy_pwm=178 mask_valid=1 mask=384 forward_active=0
$T,343,36,-11,,,22,863,-848,382,1203,4*4D
[CTRL] depth_valid=1 depth=35.707 vz=3.016 az=-1.307 target_valid=1 target=30.000 pid=-63.397 pid_base=0.530 buoyancy_pwm=162 mask_valid=1 mask=384 forward_active=0
[OK]hb
[CTRL] depth_valid=1 depth=37.042 vz=2.313 az=-1.392 target_valid=1 target=30.000 pid=-58.279 pid_base=0.601 buoyancy_pwm=149 mask_valid=1 mask=384 forward_active=0
[CTRL] depth_valid=1 depth=37.981 vz=1.471 az=-1.560 target_valid=1 target=30.000 pid=-50.395 pid_base=0.667 buoyancy_pwm=129 mask_valid=1 mask=384 forward_active=0
[CTRL] depth_valid=1 depth=38.599 vz=0.764 az=-1.538 target_valid=1 target=30.000 pid=-43.544 pid_base=0.727 buoyancy_pwm=111 mask_valid=1 mask=384 forward_active=0
$T,386,5,-16,,,,860,-827,394,1203,4*7E
[CTRL] depth_valid=1 depth=39.019 vz=0.441 az=-1.187 target_valid=1 target=30.000 pid=-35.321 pid_base=0.783 buoyancy_pwm=90 mask_valid=1 mask=384 forward_active=0
[CTRL] depth_valid=1 depth=39.052 vz=-0.243 az=-1.301 target_valid=1 target=30.000 pid=-26.591 pid_base=0.828 buoyancy_pwm=80 mask_valid=1 mask=384 forward_active=0
[CTRL] depth_valid=1 depth=38.845 vz=-0.785 az=-1.249 target_valid=1 target=30.000 pid=-19.797 pid_base=0.866 buoyancy_pwm=80 mask_valid=1 mask=384 forward_active=0
[CTRL] depth_valid=1 depth=38.345 vz=-1.390 az=-1.288 target_valid=1 target=30.000 pid=-11.368 pid_base=0.894 buoyancy_pwm=80 mask_valid=1 mask=384 forward_active=0
$T,380,-16,-12,,,,882,-812,360,1201,4*60
<- Minima: IDLE
[CTRL] depth_valid=1 depth=37.497 vz=-2.019 az=-1.277 target_valid=1 target=30.000 pid=-1.609 pid_base=0.909 buoyancy_pwm=0 mask_valid=1 mask=0 forward_active=0
<- Minima: BUOY 
[CTRL] depth_valid=1 depth=36.783 vz=-1.856 az=-0.647 target_valid=1 target=30.000 pid=-2.666 pid_base=0.923 buoyancy_pwm=0 mask_valid=1 mask=0 forward_active=0
<- Minima: IDLE
[OK]hb
[CTRL] depth_valid=1 depth=36.098 vz=-1.356 az=0.054 target_valid=1 target=30.000 pid=-8.334 pid_base=0.940 buoyancy_pwm=0 mask_valid=1 mask=0 forward_active=0
<- Minima: BUOY 
[CTRL] depth_valid=1 depth=35.953 vz=-0.388 az=0.822 target_valid=1 target=30.000 pid=-21.504 pid_base=0.965 buoyancy_pwm=80 mask_valid=1 mask=384 forward_active=0
$T,359,-3,7,,,,889,-828,332,1201,4*4C
<- Minima: IDLE
[CTRL] depth_valid=1 depth=36.077 vz=0.405 az=1.139 target_valid=1 target=30.000 pid=-33.052 pid_base=0.998 buoyancy_pwm=84 mask_valid=1 mask=384 forward_active=0
<- Minima: BUOY 
[CTRL] depth_valid=1 depth=36.349 vz=0.765 az=0.917 target_valid=1 target=30.000 pid=-39.268 pid_base=1.037 buoyancy_pwm=100 mask_valid=1 mask=384 forward_active=0
[CTRL] depth_valid=1 depth=36.600 vz=0.734 az=0.486 target_valid=1 target=30.000 pid=-40.237 pid_base=1.076 buoyancy_pwm=103 mask_valid=1 mask=384 forward_active=0
[CTRL] depth_valid=1 depth=36.523 vz=-0.059 az=-0.440 target_valid=1 target=30.000 pid=-30.180 pid_base=1.106 buoyancy_pwm=80 mask_valid=1 mask=384 forward_active=0
$T,364,-1,-5,,,,848,-790,380,1203,4*65
[CTRL] depth_valid=1 depth=36.234 vz=-0.762 az=-0.918 target_valid=1 target=30.000 pid=-20.735 pid_base=1.129 buoyancy_pwm=80 mask_valid=1 mask=384 forward_active=0
[CTRL] depth_valid=1 depth=35.469 vz=-1.820 az=-1.485 target_valid=1 target=30.000 pid=-5.245 pid_base=1.136 buoyancy_pwm=80 mask_valid=1 mask=384 forward_active=0
[CTRL] depth_valid=1 depth=34.055 vz=-3.137 az=-1.949 target_valid=1 target=30.000 pid=93.246 pid_base=1.118 buoyancy_pwm=238 mask_valid=1 mask=0 forward_active=0
[CTRL] depth_valid=1 depth=32.466 vz=-3.624 az=-1.494 target_valid=1 target=30.000 pid=100.000 pid_base=1.073 buoyancy_pwm=255 mask_valid=1 mask=0 forward_active=0
$T,320,-33,-9,,,,942,-827,287,1206,4*53
[OK]hb
[CTRL] depth_valid=1 depth=31.384 vz=-2.227 az=0.341 target_valid=1 target=30.000 pid=74.463 pid_base=1.048 buoyancy_pwm=190 mask_valid=1 mask=0 forward_active=0
[CTRL] depth_valid=1 depth=31.319 vz=-0.234 az=1.842 target_valid=1 target=30.000 pid=-16.178 pid_base=1.049 buoyancy_pwm=80 mask_valid=1 mask=384 forward_active=0
[CTRL] depth_valid=1 depth=31.902 vz=1.485 az=2.462 target_valid=1 target=30.000 pid=-40.813 pid_base=1.074 buoyancy_pwm=104 mask_valid=1 mask=384 forward_active=0
[CTRL] depth_valid=1 depth=32.501 vz=1.767 az=1.602 target_valid=1 target=30.000 pid=-46.414 pid_base=1.103 buoyancy_pwm=118 mask_valid=1 mask=384 forward_active=0
$T,325,15,12,,,25,870,-773,368,1203,4*64
[CTRL] depth_valid=1 depth=32.560 vz=0.560 az=-0.137 target_valid=1 target=30.000 pid=-30.760 pid_base=1.118 buoyancy_pwm=80 mask_valid=1 mask=384 forward_active=0
[CTRL] depth_valid=1 depth=32.030 vz=-1.088 az=-1.518 target_valid=1 target=30.000 pid=-7.634 pid_base=1.114 buoyancy_pwm=80 mask_valid=1 mask=384 forward_active=0
<- Minima: IDLE
[CTRL] depth_valid=1 depth=30.992 vz=-2.506 az=-2.125 target_valid=1 target=30.000 pid=83.131 pid_base=1.091 buoyancy_pwm=212 mask_valid=1 mask=0 forward_active=0
<- Minima: BUOY 
[CTRL] depth_valid=1 depth=29.697 vz=-3.235 az=-1.908 target_valid=1 target=30.000 pid=100.000 pid_base=1.054 buoyancy_pwm=255 mask_valid=1 mask=0 forward_active=0
$T,292,-33,-17,,,,886,-793,355,1203,4*66
[CTRL] depth_valid=1 depth=28.345 vz=-3.262 az=-1.130 target_valid=1 target=30.000 pid=100.000 pid_base=1.013 buoyancy_pwm=255 mask_valid=1 mask=0 forward_active=0
[CTRL] depth_valid=1 depth=27.554 vz=-1.555 az=0.822 target_valid=1 target=30.000 pid=80.032 pid_base=0.992 buoyancy_pwm=204 mask_valid=1 mask=0 forward_active=0
[CTRL] depth_valid=1 depth=27.904 vz=0.745 az=2.396 target_valid=1 target=30.000 pid=-22.712 pid_base=0.987 buoyancy_pwm=80 mask_valid=1 mask=384 forward_active=0
[OK]hb
[CTRL] depth_valid=1 depth=28.993 vz=2.641 az=2.921 target_valid=1 target=30.000 pid=-49.004 pid_base=1.011 buoyancy_pwm=125 mask_valid=1 mask=384 forward_active=0
$T,292,28,29,,,22,914,-803,327,1206,4*6D
[CTRL] depth_valid=1 depth=30.150 vz=2.928 az=1.810 target_valid=1 target=30.000 pid=-55.872 pid_base=1.044 buoyancy_pwm=142 mask_valid=1 mask=384 forward_active=0
[CTRL] depth_valid=1 depth=30.621 vz=1.504 az=-0.175 target_valid=1 target=30.000 pid=-38.181 pid_base=1.060 buoyancy_pwm=97 mask_valid=1 mask=384 forward_active=0
[CTRL] depth_valid=1 depth=30.520 vz=-0.192 az=-1.564 target_valid=1 target=30.000 pid=-15.366 pid_base=1.060 buoyancy_pwm=80 mask_valid=1 mask=384 forward_active=0
[CTRL] depth_valid=1 depth=30.109 vz=-1.236 az=-1.821 target_valid=1 target=30.000 pid=-0.390 pid_base=1.049 buoyancy_pwm=80 mask_valid=1 mask=384 forward_active=0
$T,298,-15,-17,,,,911,-783,329,1202,4*6C
[CTRL] depth_valid=1 depth=29.207 vz=-2.298 az=-1.981 target_valid=1 target=30.000 pid=97.154 pid_base=1.021 buoyancy_pwm=248 mask_valid=1 mask=0 forward_active=0
[CTRL] depth_valid=1 depth=27.971 vz=-2.981 az=-1.718 target_valid=1 target=30.000 pid=100.000 pid_base=0.984 buoyancy_pwm=255 mask_valid=1 mask=0 forward_active=0
[CTRL] depth_valid=1 depth=27.111 vz=-2.274 az=-0.401 target_valid=1 target=30.000 pid=100.000 pid_base=0.958 buoyancy_pwm=255 mask_valid=1 mask=0 forward_active=0
<- Minima: IDLE
[CTRL] depth_valid=1 depth=27.305 vz=0.502 az=2.155 target_valid=1 target=30.000 pid=-15.782 pid_base=0.952 buoyancy_pwm=80 mask_valid=1 mask=384 forward_active=0
$T,274,10,24,,,21,1261,-869,-17,1205,0*4E
<- Minima: BUOY 
[CTRL] depth_valid=1 depth=28.568 vz=2.859 az=3.142 target_valid=1 target=30.000 pid=-51.110 pid_base=0.979 buoyancy_pwm=130 mask_valid=1 mask=384 forward_active=0
[OK]hb
[CTRL] depth_valid=1 depth=30.067 vz=3.668 az=2.397 target_valid=1 tart=30.000 pid=-65.045 pid_base=1.020 buoyancy_pwm=166 mask_valid=1 mask=384 forward_active=0
[CTRL] depth_valid=1 depth=31.119 vz=2.750 az=0.553 target_valid=1 target=30.000 pid=-55.670 pid_base=1.054 buoyancy_pwm=142 mask_valid=1 mask=384 forward_active=0
[CTRL] depth_valid=1 depth=31.563 vz=1.031 az=-1.211 target_valid=1 target=30.000 pid=-34.092 pid_base=1.075 buoyancy_pwm=87 mask_valid=1 mask=384 forward_active=0
$T,316,8,-12,,,22,939,-822,308,1201,4*71
[CTRL] depth_valid=1 depth=31.805 vz=0.150 az=-1.502 target_valid=1 target=30.000 pid=-23.177 pid_base=1.090 buoyancy_pwm=80 mask_valid=1 mask=384 forward_active=0
[CTRL] depth_valid=1 depth=31.506 vz=-1.008 az=-1.889 target_valid=1 target=30.000 pid=-7.129 pid_base=1.090 buoyancy_pwm=80 mask_valid=1 mask=384 forward_active=0
<- Minima: IDLE
[CTRL] depth_valid=1 depth=30.656 vz=-2.187 az=-2.102 target_valid=1 target=30.000 pid=64.347 pid_base=1.071 buoyancy_pwm=164 mask_valid=1 mask=0 forward_active=0
<- Minima: BUOY 
[CTRL] depth_valid=1 depth=29.357 vz=-3.149 az=-2.040 target_valid=1 target=30.000 pid=100.000 pid_base=1.033 buoyancy_pwm=255 mask_valid=1 mask=0 forward_active=0
$T,289,-30,-16,,,,934,-846,305,1206,4*61
[CTRL] depth_valid=1 depth=28.427 vz=-2.383 az=-0.489 target_valid=1 target=30.000 pid=100.000 pid_base=1.005 buoyancy_pwm=255 mask_valid=1 mask=0 forward_active=0
<- Minima: IDLE
[CTRL] depth_valid=1 depth=28.315 vz=-0.422 az=1.387 target_valid=1 target=30.000 pid=-6.438 pid_base=0.994 buoyancy_pwm=80 mask_valid=1 mask=384 forward_active=0
<- Minima: BUOY 
[CTRL] depth_valid=1 depth=29.202 vz=2.014 az=2.848 target_valid=1 target=30.000 pid=-41.124 pid_base=1.014 buoyancy_pwm=105 mask_valid=1 mask=384 forward_active=0
[OK]hb
[CTRL] depth_valid=1 depth=30.538 vz=2.946 az=2.153 target_valid=1 target=30.000 pid=-57.092 pid_base=1.053 buoyancy_pwm=146 mask_valid=1 mask=384 forward_active=0
$T,307,29,20,,,23,889,-802,351,1200,4*6A
[CTRL] depth_valid=1 depth=31.493 vz=2.460 az=0.780 target_valid=1 target=30.000 pid=-53.270 pid_base=1.087 buoyancy_pwm=136 mask_valid=1 mask=384 forward_active=0
[CTRL] depth_valid=1 depth=31.986 vz=1.163 az=-0.714 target_valid=1 target=30.000 pid=-37.479 pid_base=1.110 buoyancy_pwm=96 mask_valid=1 mask=384 forward_active=0
[CTRL] depth_valid=1 depth=31.903 vz=-0.325 az=-1.721 target_valid=1 target=30.000 pid=-17.648 pid_base=1.118 buoyancy_pwm=80 mask_valid=1 mask=384 forward_active=0
[CTRL] depth_valid=1 depth=31.482 vz=-1.344 az=-1.918 target_valid=1 target=30.000 pid=-3.129 pid_base=1.114 buoyancy_pwm=80 mask_valid=1 mask=384 forward_active=0
$T,313,-15,-20,,,,850,-784,391,1200,4*68
[CTRL] depth_valid=1 depth=30.585 vz=-2.309 az=-1.950 target_valid=1 target=30.000 pid=72.047 pid_base=1.092 buoyancy_pwm=184 mask_valid=1 mask=0 forward_active=0
[CTRL] depth_valid=1 depth=29.415 vz=-2.796 az=-1.509 target_valid=1 target=30.000 pid=100.000 pid_base=1.058 buoyancy_pwm=255 mask_valid=1 mask=0 forward_active=0
[CTRL] depth_valid=1 depth=28.596 vz=-2.073 az=-0.251 target_valid=1 target=30.000 pid=85.188 pid_base=1.032 buoyancy_pwm=217 mask_valid=1 mask=0 forward_active=0
[CTRL] depth_valid=1 depth=28.901 vz=0.421 az=1.949 target_valid=1 target=30.000 pid=-19.733 pid_base=1.034 buoyancy_pwm=80 mask_valid=1 mask=384 forward_active=0
$T,292,14,26,,,22,870,-869,370,1198,4*64
[CTRL] depth_valid=1 depth=30.210 vz=2.932 az=3.172 target_valid=1 target=30.000 pid=-56.631 pid_base=1.070 buoyancy_pwm=144 mask_valid=1 mask=384 forward_active=0
[OK]hb
[CTRL] depth_valid=1 depth=31.622 vz=3.521 az=2.236 target_valid=1 target=30.000 pid=-68.343 pid_base=1.117 buoyancy_pwm=174 mask_valid=1 mask=384 forward_active=0
[CTRL] depth_valid=1 depth=32.453 vz=2.265 az=0.182 target_valid=1 target=30.000 pid=-54.045 pid_base=1.152 buoyancy_pwm=138 mask_valid=1 mask=384 forward_active=0
[CTRL] depth_valid=1 depth=32.810 vz=0.747 az=-1.238 target_valid=1 target=30.000 pid=-35.052 pid_base=1.176 buoyancy_pwm=89 mask_valid=1 mask=384 forward_active=0
$T,328,3,-13,,,23,815,-822,432,1199,4*74
[CTRL] depth_valid=1 depth=32.774 vz=-0.371 az=-1.685 target_valid=1 target=30.000 pid=-20.358 pid_base=1.189 buoyancy_pwm=80 mask_valid=1 mask=384 forward_active=0
[CTRL] depth_valid=1 depth=32.318 vz=-1.413 az=-1.926 target_valid=1 target=30.000 pid=-5.536 pid_base=1.188 buoyancy_pwm=80 mask_valid=1 mask=384 forward_active=0
[CTRL] depth_valid=1 depth=31.064 vz=-2.708 az=-2.060 target_valid=1 target=30.000 pid=68.278 pid_base=1.167 buoyancy_pwm=174 mask_valid=1 mask=0 forward_active=0
[CTRL] depth_valid=1 depth=29.690 vz=-3.306 az=-1.698 target_valid=1 target=30.000 pid=100.000 pid_base=1.121 buoyancy_pwm=255 mask_valid=1 mask=0 forward_active=0
$T,295,-32,-14,,,23,899,-860,344,1202,4*6E
[CTRL] depth_valid=1 depth=29.037 vz=-1.870 az=0.231 target_valid=1 target=30.000 pid=54.536 pid_base=1.100 buoyancy_pwm=139 mask_valid=1 mask=0 forward_active=0
[CTRL] depth_valid=1 depth=29.226 vz=0.350 az=2.013 target_valid=1 target=30.000 pid=-20.920 pid_base=1.101 buoyancy_pwm=80 mask_valid=1 mask=384 forward_active=0
[CTRL] depth_valid=1 depth=30.177 vz=2.176 az=2.592 target_valid=1 target=30.000 pid=-47.759 pid_base=1.128 buoyancy_pwm=122 mask_valid=1 mask=384 forward_active=0
[OK]hb
[CTRL] depth_valid=1 depth=31.099 vz=2.470 az=1.697 target_valid=1 target=30.000 pid=-54.207 pid_base=1.158 buoyancy_pwm=138 mask_valid=1 mask=384 forward_active=0
$T,312,24,14,,,23,826,-794,421,1199,4*62
[CTRL] depth_valid=1 depth=31.624 vz=1.401 az=-0.036 target_valid=1 target=30.000 pid=-41.507 pid_base=1.181 buoyancy_pwm=106 mask_valid=1 mask=384 forward_active=0
[CTRL] depth_valid=1 depth=31.616 vz=0.015 az=-1.223 target_valid=1 target=30.000 pid=-23.182 pid_base=1.189 buoyancy_pwm=80 mask_valid=1 mask=384 forward_active=0
[CTRL] depth_valid=1 depth=31.175 vz=-1.212 az=-1.778 target_valid=1 target=30.000 pid=-5.818 pid_base=1.183 buoyancy_pwm=80 mask_valid=1 mask=384 forward_active=0
[CTRL] depth_valid=1 depth=30.179 vz=-2.464 az=-2.113 target_valid=1 target=30.000 pid=80.670 pid_base=1.157 buoyancy_pwm=206 mask_valid=1 mask=0 forward_active=0
$T,297,-27,-20,,,,805,-784,438,1203,4*63
[CTRL] depth_valid=1 depth=28.875 vz=-3.203 az=-1.870 target_valid=1 target=30.000 pid=100.000 pid_base=1.118 buoyancy_pwm=255 mask_valid=1 mask=0 forward_active=0
[CTRL] depth_valid=1 depth=27.616 vz=-2.586 az=-0.451 target_valid=1 target=30.000 pid=100.000 pid_base=1.081 buoyancy_pwm=255 mask_valid=1 mask=0 forward_active=0
[CTRL] depth_valid=1 depth=27.446 vz=-0.544 az=1.494 target_valid=1 target=30.000 pid=0.000 pid_base=1.067 buoyancy_pwm=0 mask_valid=1 mask=0 forward_active=0
[CTRL] depth_valid=1 depth=28.358 vz=2.106 az=3.108 target_valid=1 target=30.000 pid=-42.210 pid_base=1.083 buoyancy_pwm=108 mask_valid=1 mask=384 forward_active=0
$T,285,23,30,,,22,669,-838,575,1203,4*61
[CTRL] depth_valid=1 depth=29.754 vz=3.466 az=2.864 target_valid=1 target=30.000 pid=-63.943 pid_base=1.120 buoyancy_pwm=163 mask_valid=1 mask=384 forward_active=0
[OK]hb
[CTRL] depth_valid=1 depth=30.800 vz=2.874 az=1.118 target_valid=1 target=30.000 pid=-58.866 pid_base=1.153 buoyancy_pwm=150 mask_valid=1 mask=384 forward_active=0
[CTRL] depth_valid=1 depth=31.339 vz=1.492 az=-0.504 target_valid=1 target=30.000 pid=-41.996 pid_base=1.174 buoyancy_pwm=107 mask_valid=1 mask=384 forward_active=0
[CTRL] depth_valid=1 depth=31.439 vz=0.081 az=-1.522 target_valid=1 target=30.000 pid=-23.603 pid_base=1.184 buoyancy_pwm=80 mask_valid=1 mask=384 forward_active=0
$T,314,-1,-14,,,,790,-806,457,1197,4*5B
[CTRL] depth_valid=1 depth=31.164 vz=-0.967 az=-1.799 target_valid=1 target=30.000 pid=-9.059 pid_base=1.183 buoyancy_pwm=80 mask_valid=1 mask=384 forward_active=0
[CTRL] depth_valid=1 depth=30.309 vz=-2.174 az=-2.077 target_valid=1 target=30.000 pid=55.324 pid_base=1.162 buoyancy_pwm=141 mask_valid=1 mask=0 forward_active=0
[CTRL] depth_valid=1 depth=29.054 vz=-3.036 az=-1.933 target_valid=1 target=30.000 pid=100.000 pid_base=1.124 buoyancy_pwm=255 mask_valid=1 mask=0 forward_active=0
[CTRL] depth_valid=1 depth=27.984 vz=-2.622 az=-0.732 target_valid=1 target=30.000 pid=100.000 pid_base=1.092 buoyancy_pwm=255 mask_valid=1 mask=0 forward_active=0
$T,278,-19,0,,,22,554,-879,696,1205,4*74
<- Minima: IDLE
[CTRL] depth_valid=1 depth=27.875 vz=-0.541 az=1.322 target_valid=1 target=30.000 pid=-5.907 pid_base=1.082 buoyancy_pwm=80 mask_valid=1 mask=384 forward_active=0
<- Minima: BUOY 
[CTRL] depth_valid=1 depth=28.808 vz=1.943 az=2.750 target_valid=1 target=30.000 pid=-41.325 pid_base=1.101 buoyancy_pwm=105 mask_valid=1 mask=384 forward_active=0
[CTRL] depth_valid=1 depth=30.182 vz=3.273 az=2.605 target_valid=1 target=30.000 pid=-62.657 pid_base=1.139 buoyancy_pwm=160 mask_valid=1 mask=384 forward_active=0
[OK]hb
[CTRL] depth_valid=1 depth=31.428 vz=3.097 az=1.282 target_valid=1 target=30.000 pid=-63.711 pid_base=1.180 buoyancy_pwm=162 mask_valid=1 mask=384 forward_active=0
$T,317,27,7,,,23,785,-811,459,1200,4*5E
[CTRL] depth_valid=1 depth=32.216 vz=1.885 az=-0.338 target_valid=1 target=30.000 pid=-49.860 pid_base=1.213 buoyancy_pwm=127 mask_valid=1 mask=384 forward_active=0
[CTRL] depth_valid=1 depth=32.558 vz=0.614 az=-1.307 target_valid=1 target=30.000 pid=-34.088 pid_base=1.235 buoyancy_pwm=87 mask_valid=1 mask=384 forward_active=0
[CTRL] depth_valid=1 depth=32.466 vz=-0.628 az=-1.896 target_valid=1 target=30.000 pid=-17.574 pid_base=1.246 buoyancy_pwm=80 mask_valid=1 mask=384 forward_active=0
[CTRL] depth_valid=1 depth=31.874 vz=-1.736 az=-2.084 target_valid=1 target=30.000 pid=-1.483 pid_base=1.240 buoyancy_pwm=80 mask_valid=1 mask=384 forward_active=0
$T,315,-21,-21,,,,845,-793,398,1200,4*63
[CTRL] depth_valid=1 depth=30.688 vz=-2.914 az=-2.219 target_valid=1 target=30.000 pid=100.000 pid_base=1.211 buoyancy_pwm=255 mask_valid=1 mask=0 forward_active=0
[CTRL] depth_valid=1 depth=29.340 vz=-3.170 az=-1.422 target_valid=1 target=30.000 pid=100.000 pid_base=1.171 buoyancy_pwm=255 mask_valid=1 mask=0 forward_active=0
[CTRL] depth_valid=1 depth=28.574 vz=-1.944 az=0.240 target_valid=1 target=30.000 pid=59.879 pid_base=1.146 buoyancy_pwm=153 mask_valid=1 mask=0 forward_active=0
<- Minima: IDLE
[CTRL] depth_valid=1 depth=28.658 vz=0.124 az=1.869 target_valid=1 target=30.000 pid=-17.653 pid_base=1.141 buoyancy_pwm=0 mask_valid=1 mask=0 forward_active=0
$T,289,9,23,,,22,991,-867,246,1203,0*56
<- Minima: BUOY 
[CTRL] depth_valid=1 depth=29.708 vz=2.422 az=2.958 target_valid=1 target=30.000 pid=-50.986 pid_base=1.168 buoyancy_pwm=130 mask_valid=1 mask=384 forward_active=0
[OK]hb
Target depth set to 35.0 cm
[OK]l35#17[ACK] l35#17

[CTRL] depth_valid=1 depth=31.061 vz=3.319 az=2.365 target_valid=1 target=35.000 pid=-63.073 pid_base=1.202 buoyancy_pwm=161 mask_valid=1 mask=384 forward_active=0
vz=2.931 az=0.981 target_valid=1 target=35.000 pid=-60.670 pid_base=1.220 buoyancy_pwm=155 mask_valid=1 mask=384 forward_active=0
[Retry 1/5] l40#18
Target depth set to 40.0 cm
[OK]l40#18[ACK] l40#18

[CTRL] depth_valid=1 depth=32.969 vz=1.728 az=-0.479 target_valid=1 target=40.000 pid=-46.310 pid_base=1.230 buoyancy_pwm=118 mask_valid=1 mask=384 forward_active=0
$T,331,13,-7,,,23,925,-810,321,1203,4*7E
[CTRL] depth_valid=1 depth=33.266 vz=0.458 az=-1.392 target_valid=1 target=40.000 pid=-19.504 pid_base=1.209 buoyancy_pwm=80 mask_valid=1 mask=384 forward_active=0
[CTRL] depth_valid=1 depth=33.071 vz=-0.719 az=-1.792 target_valid=1 target=40.000 pid=-2.529 pid_base=1.169 buoyancy_pwm=80 mask_valid=1 mask=384 forward_active=0
[CTRL] depth_valid=1 depth=32.437 vz=-1.720 az=-1.894 target_valid=1 target=40.000 pid=79.747 pid_base=1.114 buoyancy_pwm=203 mask_valid=1 mask=0 forward_active=0
[CTRL] depth_valid=1 depth=31.738 vz=-1.881 az=-1.215 target_valid=1 target=40.000 pid=100.000 pid_base=1.067 buoyancy_pwm=255 mask_valid=1 mask=0 forward_active=0
$T,315,-17,-8,,,,1027,-853,216,1201,4*65
[CTRL] depth_valid=1 depth=31.465 vz=-0.876 az=0.172 target_valid=1 target=40.000 pid=35.037 pid_base=1.031 buoyancy_pwm=89 mask_valid=1 mask=0 forward_active=0
<- Minima: IDLE
[CTRL] depth_valid=1 depth=32.297 vz=1.584 az=2.160 target_valid=1 target=40.000 pid=-28.257 pid_base=1.014 buoyancy_pwm=0 mask_valid=1 mask=0 forward_active=0
<- Minima: BUOY 
[CTRL] depth_valid=1 depth=34.123 vz=4.004 az=3.205 target_valid=1 target=40.000 pid=-57.946 pid_base=1.034 buoyancy_pwm=148 mask_valid=1 mask=384 forward_active=0
[OK]hb
[CTRL] depth_valid=1 depth=36.139 vz=4.729 az=2.373 target_valid=1 target=40.000 pid=-72.427 pid_base=1.070 buoyancy_pwm=185 mask_valid=1 mask=384 forward_active=0
$T,367,45,18,,,25,906,-800,339,1201,4*60
[CTRL] depth_valid=1 depth=37.744 vz=3.790 az=0.508 target_valid=1 target=40.000 pid=-63.845 pid_base=1.102 buoyancy_pwm=163 mask_valid=1 mask=384 forward_active=0
[CTRL] depth_valid=1 depth=39.042 vz=2.753 az=-0.596 target_valid=1 target=40.000 pid=-53.296 pid_base=1.133 buoyancy_pwm=136 mask_valid=1 mask=384 forward_active=0
[CTRL] depth_valid=1 depth=40.093 vz=1.985 az=-0.983 target_valid=1 target=40.000 pid=-45.798 pid_base=1.162 buoyancy_pwm=117 mask_valid=1 mask=384 forward_active=0
[CTRL] depth_valid=1 depth=40.751 vz=1.033 az=-1.412 target_valid=1 target=40.000 pid=-34.908 pid_base=1.184 buoyancy_pwm=89 mask_valid=1 mask=384 forward_active=0
$T,409,9,-12,,,,859,-778,392,1200,4*7C
[CTRL] depth_valid=1 depth=41.078 vz=0.229 az=-1.544 target_valid=1 target=40.000 pid=-25.167 pid_base=1.198 buoyancy_pwm=80 mask_valid=1 mask=384 forward_active=0
[CTRL] depth_valid=1 depth=40.918 vz=-0.707 az=-1.689 target_valid=1 target=40.000 pid=-12.374 pid_base=1.199 buoyancy_pwm=80 mask_valid=1 mask=384 forward_active=0
[CTRL] depth_valid=1 depth=40.467 vz=-1.352 az=-1.536 target_valid=1 target=40.000 pid=-2.667 pid_base=1.189 buoyancy_pwm=80 mask_valid=1 mask=384 forward_active=0
<- Minima: IDLE
[CTRL] depth_valid=1 depth=39.843 vz=-1.707 az=-1.226 target_valid=1 target=40.000 pid=22.275 pid_base=1.171 buoyancy_pwm=0 mask_valid=1 mask=0 forward_active=0
$T,395,-18,-11,,,,825,-785,409,1200,0*68
<- Minima: BUOY 
[CTRL] depth_valid=1 depth=39.152 vz=-1.715 az=-0.722 target_valid=1 target=40.000 pid=34.275 pid_base=1.149 buoyancy_pwm=87 mask_valid=1 mask=0 forward_active=0
[OK]hb
<- Minima: IDLE
[CTRL] depth_valid=1 depth=38.857 vz=-0.794 az=0.380 target_valid=1 target=40.000 pid=-5.668 pid_base=1.135 buoyancy_pwm=0 mask_valid=1 mask=0 forward_active=0
<- Minima: BUOY 
[CTRL] depth_valid=1 depth=39.336 vz=0.982 az=1.716 target_valid=1 target=40.000 pid=-30.520 pid_base=1.144 buoyancy_pwm=80 mask_valid=1 mask=384 forward_active=0
[CTRL] depth_valid=1 depth=40.363 vz=2.267 az=1.941 target_valid=1 target=40.000 pid=-50.365 pid_base=1.174 buoyancy_pwm=128 mask_valid=1 mask=384 forward_active=0
$T,407,26,19,,,,853,-780,383,1199,4*67
[CTRL] depth_valid=1 depth=41.515 vz=2.661 az=1.353 target_valid=1 target=40.000 pid=-58.801 pid_base=1.213 buoyancy_pwm=150 mask_valid=1 mask=384 forward_active=0
[CTRL] depth_valid=1 depth=42.237 vz=1.828 az=0.062 target_valid=1 target=40.000 pid=-49.814 pid_base=1.244 buoyancy_pwm=127 mask_valid=1 mask=384 forward_active=0
[CTRL] depth_valid=1 depth=42.540 vz=0.653 az=-0.972 target_valid=1 target=40.000 pid=-35.234 pid_base=1.265 buoyancy_pwm=90 mask_valid=1 mask=384 forward_active=0
[CTRL] depth_valid=1 depth=42.467 vz=-0.491 az=-1.612 target_valid=1 target=40.000 pid=-20.077 pid_base=1.276 buoyancy_pwm=80 mask_valid=1 mask=384 forward_active=0
$T,424,-6,-14,,,,849,-755,396,1200,4*5D
[CTRL] depth_valid=1 depth=42.040 vz=-1.339 az=-1.710 target_valid=1 target=40.000 pid=-7.884 pid_base=1.275 buoyancy_pwm=80 mask_valid=1 mask=384 forward_active=0
[CTRL] depth_valid=1 depth=40.998 vz=-2.512 az=-1.990 target_valid=1 target=40.000 pid=62.085 pid_base=1.252 buoyancy_pwm=158 mask_valid=1 mask=0 forward_active=0
[CTRL] depth_valid=1 depth=39.640 vz=-3.241 az=-1.779 target_valid=1 target=40.000 pid=100.000 pid_base=1.213 buoyancy_pwm=255 mask_valid=1 mask=0 forward_active=0
[OK]hb
[CTRL] depth_valid=1 depth=38.838 vz=-2.112 az=-0.061 target_valid=1 target=40.000 pid=64.551 pid_base=1.188 buoyancy_pwm=165 mask_valid=1 mask=0 forward_active=0
$T,386,-16,4,,,,887,-826,358,1199,4*77
[CTRL] depth_valid=1 depth=38.706 vz=-0.352 az=1.450 target_valid=1 target=40.000 pid=-12.208 pid_base=1.177 buoyancy_pwm=80 mask_valid=1 mask=384 forward_active=0
[CTRL] depth_valid=1 depth=39.478 vz=1.782 az=2.597 target_valid=1 target=40.000 pid=-42.617 pid_base=1.195 buoyancy_pwm=109 mask_valid=1 mask=384 forward_active=0
[CTRL] depth_valid=1 depth=40.645 vz=2.845 az=2.301 target_valid=1 target=40.000 pid=-59.903 pid_base=1.230 buoyancy_pwm=153 mask_valid=1 mask=384 forward_active=0
[CTRL] depth_valid=1 depth=41.537 vz=2.316 az=0.809 target_valid=1 target=40.000 pid=-55.337 pid_base=1.262 buoyancy_pwm=141 mask_valid=1 mask=384 forward_active=0
$T,417,19,3,,,,868,-763,379,1207,4*55
[CTRL] depth_valid=1 depth=41.824 vz=0.782 az=-0.886 target_valid=1 target=40.000 pid=-35.847 pid_base=1.280 buoyancy_pwm=91 mask_valid=1 mask=384 forward_active=0
[CTRL] depth_valid=1 depth=41.742 vz=-0.403 az=-1.543 target_valid=1 target=40.000 pid=-20.035 pid_base=1.287 buoyancy_pwm=80 mask_valid=1 mask=384 forward_active=0
[CTRL] depth_valid=1 depth=41.126 vz=-1.648 az=-1.972 target_valid=1 target=40.000 pid=-1.964 pid_base=1.276 buoyancy_pwm=80 mask_valid=1 mask=384 forward_active=0
[CTRL] depth_valid=1 depth=40.078 vz=-2.658 az=-2.034 target_valid=1 target=40.000 pid=85.280 pid_base=1.248 buoyancy_pwm=217 mask_valid=1 mask=0 forward_active=0
$T,396,-28,-18,,,,853,-760,392,1207,4*6D
[CTRL] depth_valid=1 depth=38.812 vz=-3.070 az=-1.528 target_valid=1 target=40.000 pid=100.000 pid_base=1.210 buoyancy_pwm=255 mask_valid=1 mask=0 forward_active=0
[OK]hb
[CTRL] depth_valid=1 depth=37.804 vz=-2.323 az=-0.161 target_valid=1 target=40.000 pid=94.833 pid_base=1.180 buoyancy_pwm=242 mask_valid=1 mask=0 forward_active=0
<- Minima: IDLE
[CTRL] depth_valid=1 depth=37.862 vz=0.010 az=1.903 target_valid=1 target=40.000 pid=-15.196 pid_base=1.171 buoyancy_pwm=0 mask_valid=1 mask=0 forward_active=0
<- Minima: BUOY 
[CTRL] depth_valid=1 depth=38.973 vz=2.531 az=3.163 target_valid=1 target=40.000 pid=-51.593 pid_base=1.195 buoyancy_pwm=132 mask_valid=1 mask=384 forward_active=0
$T,395,32,33,,,,848,-808,396,1202,4*66
[CTRL] depth_valid=1 depth=40.616 vz=3.930 az=2.906 target_valid=1 target=40.000 pid=-74.585 pid_base=1.243 buoyancy_pwm=190 mask_valid=1 mask=384 forward_active=0
[CTRL] depth_valid=1 depth=42.184 vz=3.826 az=1.525 target_valid=1 target=40.000 pid=-77.531 pid_base=1.297 buoyancy_pwm=198 mask_valid=1 mask=384 forward_active=0
[CTRL] depth_valid=1 depth=43.384 vz=2.794 az=-0.034 target_valid=1 target=40.000 pid=-67.275 pid_base=1.346 buoyancy_pwm=172 mask_valid=1 mask=384 forward_active=0
[CTRL] depth_valid=1 depth=44.261 vz=1.694 az=-1.014 target_valid=1 target=40.000 pid=-55.366 pid_base=1.392 buoyancy_pwm=141 mask_valid=1 mask=384 forward_active=0
$T,445,14,-10,,,,865,-770,388,1202,4*44
[CTRL] depth_valid=1 depth=44.726 vz=0.604 az=-1.570 target_valid=1 target=40.000 pid=-42.585 pid_base=1.428 buoyancy_pwm=109 mask_valid=1 mask=384 forward_active=0
[CTRL] depth_valid=1 depth=44.650 vz=-0.560 az=-1.912 target_valid=1 target=40.000 pid=-27.389 pid_base=1.450 buoyancy_pwm=80 mask_valid=1 mask=384 forward_active=0
[CTRL] depth_valid=1 depth=44.103 vz=-1.658 az=-2.094 target_valid=1 target=40.000 pid=-11.793 pid_base=1.456 buoyancy_pwm=80 mask_valid=1 mask=384 forward_active=0
[OK]hb
<- Minima: IDLE
[CTRL] depth_valid=1 depth=43.184 vz=-2.448 az=-1.927 target_valid=1 target=40.000 pid=0.000 pid_base=1.447 buoyancy_pwm=0 mask_valid=1 mask=0 forward_active=0
$T,427,-27,-19,,,,883,-757,359,1202,0*61
<- Minima: BUOY 
[CTRL] depth_valid=1 depth=41.782 vz=-3.316 az=-1.872 target_valid=1 target=40.000 pid=94.777 pid_base=1.419 buoyancy_pwm=242 mask_valid=1 mask=0 forward_active=0
[CTRL] depth_valid=1 depth=40.457 vz=-3.171 az=-0.963 target_valid=1 target=40.000 pid=100.000 pid_base=1.384 buoyancy_pwm=255 mask_valid=1 mask=0 forward_active=0
[CTRL] depth_valid=1 depth=39.750 vz=-1.745 az=0.644 target_valid=1 target=40.000 pid=0.893 pid_base=1.363 buoyancy_pwm=80 mask_valid=1 mask=0 forward_active=0
[CTRL] depth_valid=1 depth=40.094 vz=0.647 az=2.310 target_valid=1 target=40.000 pid=-32.649 pid_base=1.372 buoyancy_pwm=83 mask_valid=1 mask=384 forward_active=0
$T,404,15,27,,,,846,-810,394,1203,4*6D
[CTRL] depth_valid=1 depth=41.122 vz=2.449 az=2.753 target_valid=1 target=40.000 pid=-59.473 pid_base=1.406 buoyancy_pwm=152 mask_valid=1 mask=384 forward_active=0
[CTRL] depth_valid=1 depth=41.971 vz=2.279 az=1.338 target_valid=1 target=40.000 pid=-59.638 pid_base=1.439 buoyancy_pwm=152 mask_valid=1 mask=384 forward_active=0
[CTRL] depth_valid=1 depth=42.375 vz=1.214 az=-0.129 target_valid=1 target=40.000 pid=-46.756 pid_base=1.462 buoyancy_pwm=119 mask_valid=1 mask=384 forward_active=0
[CTRL] depth_valid=1 depth=42.229 vz=-0.293 az=-1.369 target_valid=1 target=40.000 pid=-26.534 pid_base=1.470 buoyancy_pwm=80 mask_valid=1 mask=384 forward_active=0
$T,420,-6,-15,,,,849,-771,396,1204,4*5A
[CTRL] depth_valid=1 depth=41.652 vz=-1.502 az=-1.833 target_valid=1 target=40.000 pid=-9.103 pid_base=1.462 buoyancy_pwm=80 mask_valid=1 mask=384 forward_active=0
[OK]hb
<- Minima: IDLE
[CTRL] depth_valid=1 depth=40.517 vz=-2.740 az=-2.124 target_valid=1 target=40.000 pid=61.728 pid_base=1.435 buoyancy_pwm=157 mask_valid=1 mask=0 forward_active=0
<- Minima: BUOY 
[CTRL] depth_valid=1 depth=38.868 vz=-3.825 az=-2.139 target_valid=1 target=40.000 pid=100.000 pid_base=1.386 buoyancy_pwm=255 mask_valid=1 mask=0 forward_active=0
[CTRL] depth_valid=1 depth=37.454 vz=-3.423 az=-0.893 target_valid=1 target=40.000 pid=100.000 pid_base=1.343 buoyancy_pwm=255 mask_valid=1 mask=0 forward_active=0
$T,371,-28,-1,,,,853,-837,399,1197,4*50
[CTRL] depth_valid=1 depth=36.923 vz=-1.389 az=1.200 target_valid=1 target=40.000 pid=12.028 pid_base=1.320 buoyancy_pwm=80 mask_valid=1 mask=0 forward_active=0
<- Minima: IDLE
[CTRL] depth_valid=1 depth=37.251 vz=0.859 az=2.573 target_valid=1 target=40.000 pid=-28.510 pid_base=1.315 buoyancy_pwm=0 mask_valid=1 mask=0 forward_active=0
<- Minima: BUOY 
[CTRL] depth_valid=1 depth=38.237 vz=2.448 az=2.727 target_valid=1 target=40.000 pid=-52.065 pid_base=1.333 buoyancy_pwm=133 mask_valid=1 mask=384 forward_active=0
[CTRL] depth_valid=1 depth=39.337 vz=2.802 az=1.790 target_valid=1 target=40.000 pid=-59.580 pid_base=1.359 buoyancy_pwm=152 mask_valid=1 mask=384 forward_active=0
$T,396,27,14,,,,844,-787,400,1203,4*69
[CTRL] depth_valid=1 depth=40.117 vz=1.992 az=0.292 target_valid=1 target=40.000 pid=-50.830 pid_base=1.381 buoyancy_pwm=130 mask_valid=1 mask=384 forward_active=0
[CTRL] depth_valid=1 depth=40.488 vz=0.766 az=-0.934 target_valid=1 target=40.000 pid=-35.508 pid_base=1.394 buoyancy_pwm=91 mask_valid=1 mask=384 forward_active=0
[CTRL] depth_valid=1 depth=40.305 vz=-0.547 az=-1.640 target_valid=1 target=40.000 pid=-17.562 pid_base=1.391 buoyancy_pwm=80 mask_valid=1 mask=384 forward_active=0
[OK]hb
<- Minima: IDLE
[CTRL] depth_valid=1 depth=39.654 vz=-1.778 az=-2.039 target_valid=1 target=40.000 pid=0.000 pid_base=1.372 buoyancy_pwm=0 mask_valid=1 mask=0 forward_active=0
$T,393,-20,-19,,,,857,-767,385,1206,0*61
<- Minima: BUOY 
[CTRL] depth_valid=1 depth=38.552 vz=-2.749 az=-2.022 target_valid=1 target=40.000 pid=99.262 pid_base=1.335 buoyancy_pwm=253 mask_valid=1 mask=0 forward_active=0
[CTRL] depth_valid=1 depth=37.286 vz=-3.035 az=-1.387 target_valid=1 target=40.000 pid=100.000 pid_base=1.296 buoyancy_pwm=255 mask_valid=1 mask=0 forward_active=0
[CTRL] depth_valid=1 depth=36.706 vz=-1.656 az=0.325 target_valid=1 target=40.000 pid=42.821 pid_base=1.269 buoyancy_pwm=109 mask_valid=1 mask=0 forward_active=0
[CTRL] depth_valid=1 depth=37.054 vz=0.657 az=2.113 target_valid=1 target=40.000 pid=-24.264 pid_base=1.263 buoyancy_pwm=80 mask_valid=1 mask=384 forward_active=0
$T,373,14,25,,,,827,-832,414,1201,4*63
[CTRL] depth_valid=1 depth=38.128 vz=2.516 az=2.707 target_valid=1 target=40.000 pid=-51.636 pid_base=1.283 buoyancy_pwm=132 mask_valid=1 mask=384 forward_active=0
[CTRL] depth_valid=1 depth=39.225 vz=2.777 az=1.689 target_valid=1 target=40.000 pid=-57.897 pid_base=1.309 buoyancy_pwm=148 mask_valid=1 mask=384 forward_active=0
[CTRL] depth_valid=1 depth=39.906 vz=1.744 az=0.022 target_valid=1 target=40.000 pid=-45.892 pid_base=1.327 buoyancy_pwm=117 mask_valid=1 mask=384 forward_active=0
[CTRL] depth_valid=1 depth=39.950 vz=0.121 az=-1.385 target_valid=1 target=40.000 pid=-24.373 pid_base=1.328 buoyancy_pwm=80 mask_valid=1 mask=384 forward_active=0
$T,399,-2,-14,,,,838,-790,409,1201,4*57
[CTRL] depth_valid=1 depth=39.693 vz=-0.890 az=-1.688 target_valid=1 target=40.000 pid=-10.196 pid_base=1.320 buoyancy_pwm=80 mask_valid=1 mask=384 forward_active=0
[OK]hb
<- Minima: IDLE
[CTRL] depth_valid=1 depth=38.958 vz=-1.898 az=-1.838 target_valid=1 target=40.000 pid=31.613 pid_base=1.295 buoyancy_pwm=81 mask_valid=1 mask=0 forward_active=0
<- Minima: BUOY 
[CTRL] depth_valid=1 depth=37.736 vz=-2.903 az=-1.911 target_valid=1 target=40.000 pid=100.000 pid_base=1.253 buoyancy_pwm=255 mask_valid=1 mask=0 forward_active=0
[CTRL] depth_valid=1 depth=36.634 vz=-2.743 az=-0.954 target_valid=1 target=40.000 pid=100.000 pid_base=1.220 buoyancy_pwm=255 mask_valid=1 mask=0 forward_active=0
$T,363,-23,-4,,,,870,-851,378,1201,4*5F
[CTRL] depth_valid=1 depth=36.263 vz=-1.031 az=0.947 target_valid=1 target=40.000 pid=7.347 pid_base=1.200 buoyancy_pwm=80 mask_valid=1 mask=0 forward_active=0
[CTRL] depth_valid=1 depth=37.103 vz=1.811 az=2.789 target_valid=1 target=40.000 pid=-33.540 pid_base=1.202 buoyancy_pwm=86 mask_valid=1 mask=384 forward_active=0
[CTRL] depth_valid=1 depth=38.592 vz=3.625 az=3.119 target_valid=1 target=40.000 pid=-66.368 pid_base=1.238 buoyancy_pwm=169 mask_valid=1 mask=384 forward_active=0
[CTRL] depth_valid=1 depth=39.965 vz=3.550 az=1.691 target_valid=1 target=40.000 pid=-68.935 pid_base=1.275 buoyancy_pwm=176 mask_valid=1 mask=384 forward_active=0
$T,401,34,14,,,,847,-793,398,1200,4*61
[CTRL] depth_valid=1 depth=41.225 vz=2.951 az=0.399 target_valid=1 target=40.000 pid=-64.376 pid_base=1.316 buoyancy_pwm=164 mask_valid=1 mask=384 forward_active=0
[CTRL] depth_valid=1 depth=42.006 vz=1.760 az=-0.783 target_valid=1 target=40.000 pid=-50.742 pid_base=1.347 buoyancy_pwm=129 mask_valid=1 mask=384 forward_active=0
[CTRL] depth_valid=1 depth=42.422 vz=0.593 az=-1.500 target_valid=1 target=40.000 pid=-36.540 pid_base=1.371 buoyancy_pwm=93 mask_valid=1 mask=384 forward_active=0
[OK]hb
[CTRL] depth_valid=1 depth=42.367 vz=-0.495 az=-1.816 target_valid=1 target=40.000 pid=-22.155 pid_base=1.381 buoyancy_pwm=80 mask_valid=1 mask=384 forward_active=0
$T,422,-9,-19,,,,842,-771,407,1201,4*5A
[CTRL] depth_valid=1 depth=41.766 vz=-1.652 az=-2.037 target_valid=1 target=40.000 pid=-5.372 pid_base=1.374 buoyancy_pwm=80 mask_valid=1 mask=384 forward_active=0
[CTRL] depth_valid=1 depth=40.813 vz=-2.520 az=-1.970 target_valid=1 target=40.000 pid=51.527 pid_base=1.352 buoyancy_pwm=131 mask_valid=1 mask=0 forward_active=0
[CTRL] depth_valid=1 depth=39.491 vz=-3.151 az=-1.677 target_valid=1 target=40.000 pid=100.000 pid_base=1.314 buoyancy_pwm=255 mask_valid=1 mask=0 forward_active=0
[CTRL] depth_valid=1 depth=38.576 vz=-2.375 az=-0.327 target_valid=1 target=40.000 pid=75.877 pid_base=1.284 buoyancy_pwm=193 mask_valid=1 mask=0 forward_active=0
$T,384,-18,2,,,,874,-842,370,1211,4*7A
[CTRL] depth_valid=1 depth=38.620 vz=0.154 az=1.919 target_valid=1 target=40.000 pid=-20.995 pid_base=1.277 buoyancy_pwm=0 mask_valid=1 mask=0 forward_active=0
<- Minima: IDLE
[CTRL] depth_valid=1 depth=39.575 vz=2.275 az=2.867 target_valid=1 target=40.000 pid=-51.706 pid_base=1.300 buoyancy_pwm=132 mask_valid=1 mask=384 forward_active=0
<- Minima: BUOY 
[CTRL] depth_valid=1 depth=40.935 vz=3.360 az=2.504 target_valid=1 target=40.000 pid=-69.819 pid_base=1.342 buoyancy_pwm=178 mask_valid=1 mask=384 forward_active=0
[CTRL] depth_valid=1 depth=42.023 vz=2.816 az=0.923 target_valid=1 target=40.000 pid=-65.628 pid_base=1.382 buoyancy_pwm=167 mask_valid=1 mask=384 forward_active=0
$T,423,26,5,,,,839,-780,405,1203,4*59
[CTRL] depth_valid=1 depth=42.823 vz=1.854 az=-0.327 target_valid=1 target=40.000 pid=-55.205 pid_base=1.418 buoyancy_pwm=141 mask_valid=1 mask=384 forward_active=0
[OK]hb
[CTRL] depth_valid=1 depth=43.050 vz=0.492 az=-1.320 target_valid=1 target=40.000 pid=-37.959 pid_base=1.439 buoyancy_pwm=97 mask_valid=1 mask=384 forward_active=0
[CTRL] depth_valid=1 depth=42.930 vz=-0.601 az=-1.722 target_valid=1 target=40.000 pid=-23.410 pid_base=1.450 buoyancy_pwm=80 mask_valid=1 mask=384 forward_active=0
[CTRL] depth_valid=1 depth=42.285 vz=-1.770 az=-2.021 target_valid=1 target=40.000 pid=-6.409 pid_base=1.445 buoyancy_pwm=80 mask_valid=1 mask=384 forward_active=0
$T,420,-19,-19,,,,850,-762,394,1201,4*65
[CTRL] depth_valid=1 depth=41.167 vz=-2.872 az=-2.184 target_valid=1 target=40.000 pid=66.302 pid_base=1.421 buoyancy_pwm=169 mask_valid=1 mask=0 forward_active=0
[CTRL] depth_valid=1 depth=39.756 vz=-3.421 az=-1.727 target_valid=1 target=40.000 pid=100.000 pid_base=1.381 buoyancy_pwm=255 mask_valid=1 mask=0 forward_active=0
[CTRL] depth_valid=1 depth=38.421 vz=-3.119 az=-0.699 target_valid=1 target=40.000 pid=100.000 pid_base=1.341 buoyancy_pwm=255 mask_valid=1 mask=0 forward_active=0
[CTRL] depth_valid=1 depth=37.933 vz=-0.946 az=1.394 target_valid=1 target=40.000 pid=-5.886 pid_base=1.318 buoyancy_pwm=80 mask_valid=1 mask=384 forward_active=0
$T,379,-6,16,,,,973,-839,271,1201,4*79
[CTRL] depth_valid=1 depth=38.462 vz=1.288 az=2.655 target_valid=1 target=40.000 pid=-36.867 pid_base=1.325 buoyancy_pwm=94 mask_valid=1 mask=384 forward_active=0
[CTRL] depth_valid=1 depth=39.484 vz=2.613 az=2.595 target_valid=1 target=40.000 pid=-57.138 pid_base=1.350 buoyancy_pwm=146 mask_valid=1 mask=384 forward_active=0
[CTRL] depth_valid=1 depth=40.228 vz=2.110 az=0.994 target_valid=1 target=40.000 pid=-52.408 pid_base=1.372 buoyancy_pwm=134 mask_valid=1 mask=384 forward_active=0
[OK]hb
[CTRL] depth_valid=1 depth=40.479 vz=0.821 az=-0.538 target_valid=1 target=40.000 pid=-35.926 pid_base=1.381 buoyancy_pwm=92 mask_valid=1 mask=384 forward_active=0
$T,404,3,-8,,,,895,-786,353,1201,4*4D
[CTRL] depth_valid=1 depth=40.201 vz=-0.695 az=-1.637 target_valid=1 target=40.000 pid=-15.019 pid_base=1.375 buoyancy_pwm=80 mask_valid=1 mask=384 forward_active=0
[CTRL] depth_valid=1 depth=39.506 vz=-1.867 az=-1.993 target_valid=1 target=40.000 pid=14.799 pid_base=1.354 buoyancy_pwm=80 mask_valid=1 mask=0 forward_active=0
<- Minima: IDLE
[CTRL] depth_valid=1 depth=38.353 vz=-2.871 az=-2.045 target_valid=1 target=40.000 pid=100.000 pid_base=1.315 buoyancy_pwm=255 mask_valid=1 mask=0 forward_active=0
<- Minima: BUOY 
[CTRL] depth_valid=1 depth=37.146 vz=-2.992 az=-1.313 target_valid=1 target=40.000 pid=100.000 pid_base=1.279 buoyancy_pwm=255 mask_valid=1 mask=0 forward_active=0
$T,368,-27,-8,,,,946,-833,299,1199,4*50
[CTRL] depth_valid=1 depth=36.402 vz=-1.860 az=0.211 target_valid=1 target=40.000 pid=65.236 pid_base=1.251 buoyancy_pwm=166 mask_valid=1 mask=0 forward_active=0
[CTRL] depth_valid=1 depth=36.691 vz=0.580 az=2.213 target_valid=1 target=40.000 pid=-22.031 pid_base=1.241 buoyancy_pwm=80 mask_valid=1 mask=384 forward_active=0
[CTRL] depth_valid=1 depth=37.942 vz=2.812 az=3.041 target_valid=1 target=40.000 pid=-54.830 pid_base=1.265 buoyancy_pwm=140 mask_valid=1 mask=384 forward_active=0
[CTRL] depth_valid=1 depth=39.269 vz=3.310 az=2.078 target_valid=1 target=40.000 pid=-64.838 pid_base=1.298 buoyancy_pwm=165 mask_valid=1 mask=384 forward_active=0
$T,395,30,14,,,,853,-772,394,1198,4*6B
[CTRL] depth_valid=1 depth=40.038 vz=2.049 az=0.069 target_valid=1 target=40.000 pid=-50.035 pid_base=1.319 buoyancy_pwm=128 mask_valid=1 mask=384 forward_active=0
[CTRL] depth_valid=1 depth=40.411 vz=0.826 az=-0.986 target_valid=1 target=40.000 pid=-34.759 pid_base=1.331 buoyancy_pwm=89 mask_valid=1 mask=384 forward_active=0
[OK]hb
[CTRL] depth_valid=1 depth=40.477 vz=-0.115 az=-1.381 target_valid=1 target=40.000 pid=-22.437 pid_base=1.336 buoyancy_pwm=80 mask_valid=1 mask=384 forward_active=0
[CTRL] depth_valid=1 depth=39.904 vz=-1.425 az=-1.881 target_valid=1 target=40.000 pid=-3.477 pid_base=1.320 buoyancy_pwm=80 mask_valid=1 mask=384 forward_active=0
$T,396,-17,-18,,,,844,-756,401,1205,4*6D
[CTRL] depth_valid=1 depth=38.880 vz=-2.541 az=-2.055 target_valid=1 target=40.000 pid=85.124 pid_base=1.287 buoyancy_pwm=217 mask_valid=1 mask=0 forward_active=0
[CTRL] depth_valid=1 depth=37.705 vz=-2.856 az=-1.429 target_valid=1 target=40.000 pid=100.000 pid_base=1.251 buoyancy_pwm=255 mask_valid=1 mask=0 forward_active=0
[CTRL] depth_valid=1 depth=37.107 vz=-1.557 az=0.326 target_valid=1 target=40.000 pid=35.835 pid_base=1.226 buoyancy_pwm=91 mask_valid=1 mask=0 forward_active=0
[CTRL] depth_valid=1 depth=37.476 vz=0.706 az=2.083 target_valid=1 target=40.000 pid=-24.872 pid_base=1.223 buoyancy_pwm=0 mask_valid=1 mask=0 forward_active=0
<- Minima: IDLE
$T,377,14,25,,,,852,-824,385,1205,0*6D
[CTRL] depth_valid=1 depth=38.606 vz=2.666 az=2.806 target_valid=1 target=40.000 pid=-53.789 pid_base=1.246 buoyancy_pwm=137 mask_valid=1 mask=384 forward_active=0
<- Minima: BUOY 
[CTRL] depth_valid=1 depth=39.932 vz=3.233 az=2.000 target_valid=1arget=40.000 pid=-64.799 pid_base=1.282 buoyancy_pwm=165 mask_valid=1 mask=384 forward_active=0
Target depth set to 45.0 cm
[OK]l45#19[ACK] l45#19

[CTRL] depth_valid=1 depth=41.252 vz=3.035 az=0.886 target_valid=1 target=45.000 pid=-62.210 pid_base=1.316 buoyancy_pwm=159 mask_valid=1 mask=384 forward_active=0
[CTRL] depth_valid=1 depth=42.034 vz=1.878 az=-0.444 target_valid=1 target=45.000 pid=-48.492 pid_base=1.322 buoyancy_pwm=124 mask_valid=1 mask=384 forward_active=0
$T,423,17,-5,,,,857,-774,392,1201,4*7E
[OK]hb
Target depth set to 50.0 cm
[OK]l50#20[ACK] l50#20

[CTRL] depth_valid=1 depth=42.460 vz=0.732 az=-1.252 target_valid=1 target=50.000 pid=-23.948 pid_base=1.317 buoyancy_pwm=80 mask_valid=1 mask=384 forward_active=0
[CTRL] depth_valid=1 depth=42.335 vz=-0.475 az=-1.693 target_valid=1 target=50.000 pid=-6.681 pid_base=1.276 buoyancy_pwm=80 mask_valid=1 mask=384 forward_active=0
[CTRL] depth_valid=1 depth=41.782 vz=-1.586 az=-1.964 target_valid=1 target=50.000 pid=62.863 pid_base=1.220 buoyancy_pwm=160 mask_valid=1 mask=0 forward_active=0
[CTRL] depth_valid=1 depth=41.052 vz=-1.994 az=-1.491 target_valid=1 target=50.000 pid=100.000 pid_base=1.163 buoyancy_pwm=255 mask_valid=1 mask=0 forward_active=0
$T,408,-17,-9,,,,876,-806,367,1203,4*57
[CTRL] depth_valid=1 depth=40.814 vz=-0.884 az=0.101 target_valid=1 target=50.000 pid=30.896 pid_base=1.125 buoyancy_pwm=80 mask_valid=1 mask=0 forward_active=0
[CTRL] depth_valid=1 depth=41.399 vz=1.137 az=1.776 target_valid=1 target=50.000 pid=-22.345 pid_base=1.098 buoyancy_pwm=80 mask_valid=1 mask=384 forward_active=0
[CTRL] depth_valid=1 depth=42.925 vz=3.343 az=2.827 target_valid=1 target=50.000 pid=-48.276 pid_base=1.104 buoyancy_pwm=123 mask_valid=1 mask=384 forward_active=0
[CTRL] depth_valid=1 depth=44.522 vz=3.806 az=1.935 target_valid=1 target=50.000 pid=-60.071 pid_base=1.120 buoyancy_pwm=153 mask_valid=1 mask=384 forward_active=0
$T,450,37,15,,,,832,-752,413,1203,4*6F
[CTRL] depth_valid=1 depth=45.881 vz=3.223 az=0.595 target_valid=1 target=50.000 pid=-53.311 pid_base=1.136 buoyancy_pwm=136 mask_valid=1 mask=384 forward_active=0
[OK]hb
[CTRL] depth_valid=1 depth=46.810 vz=1.993 az=-0.745 target_valid=1 target=50.000 pid=-38.981 pid_base=1.146 buoyancy_pwm=99 mask_valid=1 mask=384 forward_active=0
[CTRL] depth_valid=1 depth=47.396 vz=1.010 az=-1.264 target_valid=1 target=50.000 pid=-27.114 pid_base=1.149 buoyancy_pwm=80 mask_valid=1 mask=384 forward_active=0
[CTRL] depth_valid=1 depth=47.725 vz=0.290 az=-1.371 target_valid=1 target=50.000 pid=-18.119 pid_base=1.146 buoyancy_pwm=80 mask_valid=1 mask=384 forward_active=0
$T,477,1,-12,,,,840,-737,402,1199,4*73
[CTRL] depth_valid=1 depth=47.727 vz=-0.402 az=-1.424 target_valid=1 target=50.000 pid=-8.658 pid_base=1.135 buoyancy_pwm=80 mask_valid=1 mask=384 forward_active=0
[CTRL] depth_valid=1 depth=47.341 vz=-1.157 az=-1.482 target_valid=1 target=50.000 pid=16.216 pid_base=1.112 buoyancy_pwm=0 mask_valid=1 mask=0 forward_active=0
<- Minima: IDLE
[CTRL] depth_valid=1 depth=47.085 vz=-0.923 az=-0.664 target_valid=1 target=50.000 pid=3.481 pid_base=1.090 buoyancy_pwm=0 mask_valid=1 mask=0 forward_active=0
[CTRL] depth_valid=1 depth=47.141 vz=-0.140 az=0.254 target_valid=1 target=50.000 pid=-9.698 pid_base=1.077 buoyancy_pwm=0 mask_valid=1 mask=0 forward_active=0
$T,472,3,6,,,,869,-768,356,1203,0*6F
[CTRL] depth_valid=1 depth=47.635 vz=0.941 az=1.009 target_valid=1 target=50.000 pid=-25.123 pid_base=1.079 buoyancy_pwm=80 mask_valid=1 mask=384 forward_active=0
<- Minima: BUOY 
[CTRL] depth_valid=1 depth=48.398 vz=1.692 az=1.163 target_valid=1 target=50.000 pid=-36.949 pid_base=1.092 buoyancy_pwm=94 mask_valid=1 mask=384 forward_active=0
[CTRL] depth_valid=1 depth=49.354 vz=2.166 az=1.043 target_valid=1 target=50.000 pid=-45.688 pid_base=1.114 buoyancy_pwm=117 mask_valid=1 mask=384 forward_active=0
[CTRL] depth_valid=1 depth=50.252 vz=2.031 az=0.452 target_valid=1 target=50.000 pid=-46.249 pid_base=1.140 buoyancy_pwm=118 mask_valid=1 mask=384 forward_active=0
$T,504,17,1,,,,873,-728,363,1202,4*51
[OK]hb
[CTRL] depth_valid=1 depth=50.813 vz=1.242 az=-0.434 target_valid=1 target=50.000 pid=-37.282 pid_base=1.160 buoyancy_pwm=95 mask_valid=1 mask=384 forward_active=0
[CTRL] depth_valid=1 depth=50.872 vz=0.015 az=-1.309 target_valid=1 target=50.000 pid=-21.177 pid_base=1.166 buoyancy_pwm=80 mask_valid=1 mask=384 forward_active=0
[CTRL] depth_valid=1 depth=50.608 vz=-0.852 az=-1.497 target_valid=1 target=50.000 pid=-9.001 pid_base=1.162 buoyancy_pwm=80 mask_valid=1 mask=384 forward_active=0
[CTRL] depth_valid=1 depth=49.952 vz=-1.712 az=-1.615 target_valid=1 target=50.000 pid=25.037 pid_base=1.144 buoyancy_pwm=0 mask_valid=1 mask=0 forward_active=0
<- Minima: IDLE
$T,497,-17,-13,,,,881,-716,352,1209,0*64
[CTRL] depth_valid=1 depth=49.086 vz=-2.222 az=-1.413 target_valid=1 target=50.000 pid=79.860 pid_base=1.116 buoyancy_pwm=204 mask_valid=1 mask=0 forward_active=0
<- Minima: BUOY 
[CTRL] depth_valid=1 depth=48.227 vz=-2.040 az=-0.620 target_valid=1 target=50.000 pid=79.949 pid_base=1.084 buoyancy_pwm=204 mask_valid=1 mask=0 forward_active=0
[CTRL] depth_valid=1 depth=48.133 vz=-0.395 az=1.051 target_valid=1 target=50.000 pid=-8.150 pid_base=1.072 buoyancy_pwm=80 mask_valid=1 mask=384 forward_active=0
[CTRL] depth_valid=1 depth=49.048 vz=1.974 az=2.579 target_valid=1 target=50.000 pid=-42.002 pid_base=1.092 buoyancy_pwm=107 mask_valid=1 mask=384 forward_active=0
$T,495,27,29,,,,883,-756,352,1204,4*63
[CTRL] depth_valid=1 depth=50.409 vz=3.230 az=2.464 target_valid=1 target=50.000 pid=-62.343 pid_base=1.131 buoyancy_pwm=159 mask_valid=1 mask=384 forward_active=0
[OK]hb
[CTRL] depth_valid=1 depth=51.472 vz=2.733 az=0.953 target_valid=1 target=50.000 pid=-58.654 pid_base=1.167 buoyancy_pwm=150 mask_valid=1 mask=384 forward_active=0
[CTRL] depth_valid=1 depth=52.104 vz=1.477 az=-0.571 target_valid=1 target=50.000 pid=-43.787 pid_base=1.195 buoyancy_pwm=112 mask_valid=1 mask=384 forward_active=0
[CTRL] depth_valid=1 depth=52.406 vz=0.464 az=-1.196 target_valid=1 target=50.000 pid=-31.345 pid_base=1.215 buoyancy_pwm=80 mask_valid=1 mask=384 forward_active=0
$T,524,3,-11,,,,870,-724,371,1204,4*70
[CTRL] depth_valid=1 depth=52.420 vz=-0.288 az=-1.344 target_valid=1 target=50.000 pid=-21.621 pid_base=1.228 buoyancy_pwm=80 mask_valid=1 mask=384 forward_active=0
[CTRL] depth_valid=1 depth=51.825 vz=-1.521 az=-1.829 target_valid=1 target=50.000 pid=-3.839 pid_base=1.221 buoyancy_pwm=80 mask_valid=1 mask=384 forward_active=0
[CTRL] depth_valid=1 depth=50.824 vz=-2.491 az=-1.898 target_valid=1 target=50.000 pid=69.527 pid_base=1.199 buoyancy_pwm=177 mask_valid=1 mask=0 forward_active=0
[CTRL] depth_valid=1 depth=49.758 vz=-2.643 az=-1.229 target_valid=1 target=50.000 pid=98.557 pid_base=1.169 buoyancy_pwm=251 mask_valid=1 mask=0 forward_active=0
$T,495,-22,-6,,,,909,-761,329,1203,4*57
[CTRL] depth_valid=1 depth=49.271 vz=-1.338 az=0.407 target_valid=1 target=50.000 pid=2.273 pid_base=1.152 buoyancy_pwm=80 mask_valid=1 mask=0 forward_active=0
<- Minima: IDLE
[CTRL] depth_valid=1 depth=49.673 vz=0.764 az=1.968 target_valid=1 target=50.000 pid=-28.663 pid_base=1.161 buoyancy_pwm=80 mask_valid=1 mask=384 forward_active=0
<- Minima: BUOY 
[CTRL] depth_valid=1 depth=50.630 vz=2.226 az=2.265 target_valid=1 target=50.000 pid=-50.719 pid_base=1.190 buoyancy_pwm=129 mask_valid=1 mask=384 forward_active=0
[OK]hb
[CTRL] depth_valid=1 depth=51.539 vz=2.285 az=1.263 target_valid=1 target=50.000 pid=-54.044 pid_base=1.222 buoyancy_pwm=138 mask_valid=1 mask=384 forward_active=0
$T,518,21,9,,,,860,-713,380,1200,4*54
[CTRL] depth_valid=1 depth=52.246 vz=1.691 az=0.160 target_valid=1 target=50.000 pid=-48.223 pid_base=1.253 buoyancy_pwm=123 mask_valid=1 mask=384 forward_active=0
[CTRL] depth_valid=1 depth=52.405 vz=0.421 az=-0.976 target_valid=1 target=50.000 pid=-31.973 pid_base=1.270 buoyancy_pwm=82 mask_valid=1 mask=384 forward_active=0
[CTRL] depth_valid=1 depth=52.151 vz=-0.801 az=-1.651 target_valid=1 target=50.000 pid=-15.264 pid_base=1.274 buoyancy_pwm=80 mask_valid=1 mask=384 forward_active=0
[CTRL] depth_valid=1 depth=51.421 vz=-1.922 az=-1.942 target_valid=1 target=50.000 pid=8.515 pid_base=1.262 buoyancy_pwm=80 mask_valid=1 mask=0 forward_active=0
<- Minima: IDLE
$T,511,-20,-17,,,,868,-700,369,1200,0*6A
[CTRL] depth_valid=1 depth=50.301 vz=-2.788 az=-1.895 target_valid=1 target=50.000 pid=95.004 pid_base=1.233 buoyancy_pwm=242 mask_valid=1 mask=0 forward_active=0
<- Minima: BUOY 
[CTRL] depth_valid=1 depth=49.137 vz=-2.868 az=-1.189 target_valid=1 target=50.000 pid=100.000 pid_base=1.198 buoyancy_pwm=255 mask_valid=1 mask=0 forward_active=0
[CTRL] depth_valid=1 depth=48.641 vz=-1.351 az=0.613 target_valid=1 target=50.000 pid=7.196 pid_base=1.179 buoyancy_pwm=80 mask_valid=1 mask=0 forward_active=0
<- Minima: IDLE
[CTRL] depth_valid=1 depth=49.153 vz=1.030 az=2.320 target_valid=1 target=50.000 pid=-31.774 pid_base=1.188 buoyancy_pwm=81 mask_valid=1 mask=384 forward_active=0
<- Minima: BUOY 
$T,494,17,26,,,,857,-760,379,1206,4*69
[CTRL] depth_valid=1 depth=50.298 vz=2.717 az=2.674 target_valid=1 target=50.000 pid=-57.277 pid_base=1.221 buoyancy_pwm=146 mask_valid=1 mask=384 forward_active=0
[CTRL] depth_valid=1 depth=51.376 vz=2.757 az=1.502 target_valid=1 target=50.000 pid=-60.780 pid_base=1.257 buoyancy_pwm=155 mask_valid=1 mask=384 forward_active=0
[OK]hb
[CTRL] depth_valid=1 depth=52.004 vz=1.721 az=-0.000 target_valid=1 target=50.000 pid=-48.829 pid_base=1.284 buoyancy_pwm=125 mask_valid=1 mask=384 forward_active=0
[CTRL] depth_valid=1 depth=52.227 vz=0.501 az=-1.028 target_valid=1 target=50.000 pid=-33.395 pid_base=1.302 buoyancy_pwm=85 mask_valid=1 mask=384 forward_active=0
$T,522,2,-10,,,,856,-722,386,1206,4*7E
[CTRL] depth_valid=1 depth=52.057 vz=-0.655 az=-1.634 target_valid=1 target=50.000 pid=-17.775 pid_base=1.308 buoyancy_pwm=80 mask_valid=1 mask=384 forward_active=0
[CTRL] depth_valid=1 depth=51.339 vz=-1.883 az=-2.018 target_valid=1 target=50.000 pid=0.000 pid_base=1.295 buoyancy_pwm=0 mask_valid=1 mask=0 forward_active=0
<- Minima: IDLE
[CTRL] depth_valid=1 depth=50.191 vz=-2.832 az=-1.987 target_valid=1 target=50.000 pid=95.523 pid_base=1.265 buoyancy_pwm=244 mask_valid=1 mask=0 forward_active=0
<- Minima: BUOY 
[CTRL] depth_valid=1 depth=49.148 vz=-2.642 az=-0.993 target_valid=1 target=50.000 pid=97.231 pid_base=1.233 buoyancy_pwm=248 mask_valid=1 mask=0 forward_active=0
$T,488,-23,-4,,,,899,-772,338,1198,4*53
[CTRL] depth_valid=1 depth=48.688 vz=-1.204 az=0.665 target_valid=1 target=50.000 pid=0.000 pid_base=1.214 buoyancy_pwm=0 mask_valid=1 mask=0 forward_active=0
[CTRL] depth_valid=1 depth=49.064 vz=0.829 az=2.087 target_valid=1 target=50.000 pid=-29.618 pid_base=1.220 buoyancy_pwm=0 mask_valid=1 mask=0 forward_active=0
[CTRL] depth_valid=1 depth=50.046 vz=2.369 az=2.449 target_valid=1 target=50.000 pid=-52.706 pid_base=1.246 buoyancy_pwm=134 mask_valid=1 mask=384 forward_active=0
[CTRL] depth_valid= depth=51.136 vz=2.782 az=1.735 target_valid=1 target=50.000 pid=-61.180 pid_base=1.282 buoyancy_pwm=156 mask_valid=1 mask=384 forward_active=0
$T,515,29,16,,,,865,-732,372,1198,4*66
[OK]hb
[CTRL] depth_valid=1 depth=51.998 vz=2.094 az=0.343 target_valid=1 target=50.000 pid=-54.481 pid_base=1.315 buoyancy_pwm=139 mask_valid=1 mask=384 forward_active=0
[CTRL] depth_valid=1 depth=52.374 vz=0.803 az=-0.949 target_valid=1 target=50.000 pid=-38.520 pid_base=1.338 buoyancy_pwm=98 mask_valid=1 mask=384 forward_active=0
[CTRL] depth_valid=1 depth=52.251 vz=-0.495 az=-1.682 target_valid=1 target=50.000 pid=-21.148 pid_base=1.346 buoyancy_pwm=80 mask_valid=1 mask=384 forward_active=0
[CTRL] depth_valid=1 depth=51.698 vz=-1.634 az=-2.013 target_valid=1 target=50.000 pid=-4.716 pid_base=1.340 buoyancy_pwm=80 mask_valid=1 mask=384 forward_active=0
$T,514,-17,-17,,,,867,-714,374,1198,4*6B
[CTRL] depth_valid=1 depth=50.723 vz=-2.540 az=-1.982 target_valid=1 target=50.000 pid=58.806 pid_base=1.318 buoyancy_pwm=150 mask_valid=1 mask=0 forward_active=0
[CTRL] depth_valid=1 depth=49.385 vz=-3.159 az=-1.651 target_valid=1 target=50.000 pid=100.000 pid_base=1.279 buoyancy_pwm=255 mask_valid=1 mask=0 forward_active=0
[CTRL] depth_valid=1 depth=48.267 vz=-2.652 az=-0.484 target_valid=1 target=50.000 pid=100.000 pid_base=1.245 buoyancy_pwm=255 mask_valid=1 mask=0 forward_active=0
[CTRL] depth_valid=1 depth=48.052 vz=-0.674 az=1.372 target_valid=1 target=50.000 pid=-7.806 pid_base=1.231 buoyancy_pwm=80 mask_valid=1 mask=384 forward_active=0
$T,482,1,20,,,,922,-790,317,1201,4*5C
[CTRL] depth_valid=1 depth=48.845 vz=1.785 az=2.821 target_valid=1 target=50.000 pid=-42.525 pid_base=1.246 buoyancy_pwm=108 mask_valid=1 mask=384 forward_active=0
[CTRL] depth_valid=1 depth=49.952 vz=2.832 az=2.444 target_valid=1 target=50.000 pid=-59.352 pid_base=1.276 buoyancy_pwm=151 mask_valid=1 mask=384 forward_active=0
[OK]hb
[CTRL] depth_valid=1 depth=50.853 vz=2.451 az=1.065 target_valid=1 target=50.000 pid=-56.715 pid_base=1.305 buoyancy_pwm=145 mask_valid=1 mask=384 forward_active=0
[CTRL] depth_valid=1 depth=51.260 vz=1.097 az=-0.567 target_valid=1 target=50.000 pid=-39.865 pid_base=1.323 buoyancy_pwm=102 mask_valid=1 mask=384 forward_active=0
$T,512,6,-9,,,,882,-741,364,1206,4*41
[CTRL] depth_valid=1 depth=51.155 vz=-0.333 az=-1.565 target_valid=1 target=50.000 pid=-20.665 pid_base=1.326 buoyancy_pwm=80 mask_valid=1 mask=384 forward_active=0
[CTRL] depth_valid=1 depth=50.709 vz=-1.315 az=-1.760 target_valid=1 target=50.000 pid=-6.495 pid_base=1.318 buoyancy_pwm=80 mask_valid=1 mask=384 forward_active=0
[CTRL] depth_valid=1 depth=49.689 vz=-2.518 az=-2.066 target_valid=1 target=50.000 pid=73.380 pid_base=1.289 buoyancy_pwm=187 mask_valid=1 mask=0 forward_active=0
[CTRL] depth_valid=1 depth=48.415 vz=-3.072 az=-1.656 target_valid=1 target=50.000 pid=100.000 pid_base=1.248 buoyancy_pwm=255 mask_valid=1 mask=0 forward_active=0
$T,479,-31,-14,,,,901,-765,338,1206,4*6D
[CTRL] depth_valid=1 depth=47.395 vz=-2.400 az=-0.314 target_valid=1 target=50.000 pid=100.000 pid_base=1.218 buoyancy_pwm=255 mask_valid=1 mask=0 forward_active=0
[CTRL] depth_valid=1 depth=47.040 vz=-0.788 az=1.225 target_valid=1 target=50.000 pid=0.000 pid_base=1.195 buoyancy_pwm=0 mask_valid=1 mask=0 forward_active=0
[CTRL] depth_valid=1 depth=47.945 vz=1.937 az=2.953 target_valid=1 target=50.000 pid=-41.919 pid_base=1.209 buoyancy_pwm=107 mask_valid=1 mask=384 forward_active=0
[CTRL] depth_valid=1 depth=49.343 vz=3.416 az=2.878 target_valid=1 target=50.000 pid=-65.210 pid_base=1.244 buoyancy_pwm=166 mask_valid=1 mask=384 forward_active=0
[OK]hb
$T,498,36,26,,,,908,-757,327,1208,4*6C
[CTRL] depth_valid=1 depth=50.791 vz=3.527 az=1.656 target_valid=1 target=50.000 pid=-70.540 pid_base=1.287 buoyancy_pwm=180 mask_valid=1 mask=384 forward_active=0
[CTRL] depth_valid=1 depth=51.943 vz=2.703 az=0.212 target_valid=1 target=50.000 pid=-62.776 pid_base=1.328 buoyancy_pwm=160 mask_valid=1 mask=384 forward_active=0
[CTRL] depth_valid=1 depth=52.737 vz=1.619 az=-0.847 target_valid=1 target=50.000 pid=-50.704 pid_base=1.364 buoyancy_pwm=129 mask_valid=1 mask=384 forward_active=0
[CTRL] depth_valid=1 depth=53.149 vz=0.612 az=-1.366 target_valid=1 target=50.000 pid=-38.707 pid_base=1.391 buoyancy_pwm=99 mask_valid=1 mask=384 forward_active=0
$T,531,3,-14,,,,888,-727,356,1204,4*70
[CTRL] depth_valid=1 depth=53.098 vz=-0.475 az=-1.766 target_valid=1 target=50.000 pid=-24.412 pid_base=1.405 buoyancy_pwm=80 mask_valid=1 mask=384 forward_active=0
[CTRL] depth_valid=1 depth=52.594 vz=-1.458 az=-1.870 target_valid=1 target=50.000 pid=-10.291 pid_base=1.404 buoyancy_pwm=80 mask_valid=1 mask=384 forward_active=0
[CTRL] depth_valid=1 depth=51.552 vz=-2.633 az=-2.133 target_valid=1 target=50.000 pid=47.515 pid_base=1.384 buoyancy_pwm=121 mask_valid=1 mask=0 forward_active=0
[CTRL] depth_valid=1 depth=49.930 vz=-3.359 az=-1.691 target_valid=1 target=50.000 pid=100.000 pid_base=1.346 buoyancy_pwm=255 mask_valid=1 mask=0 forward_active=0
$T,497,-31,-13,,,,899,-751,339,1202,4*68
[CTRL] depth_valid=1 depth=49.005 vz=-2.407 az=-0.175 target_valid=1 target=50.000 pid=69.712 pid_base=1.311 buoyancy_pwm=178 mask_valid=1 mask=0 forward_active=0
[CTRL] depth_valid=1 depth=48.808 vz=-0.486 az=1.589 target_valid=1 target=50.000 pid=-13.339 pid_base=1.299 buoyancy_pwm=80 mask_valid=1 mask=384 forward_active=0
<- Minima: IDLE
[OK]hb
[CTRL] depth_valid=1 depth=49.577 vz=1.824 az=2.838 target_valid=1 target=50.000 pid=-46.083 pid_base=1.318 buoyancy_pwm=118 mask_valid=1 mask=384 forward_active=0
<- Minima: BUOY 
[CTRL] depth_valid=1 depth=50.736 vz=2.996 az=2.600 target_valid=1 target=50.000 pid=-64.813 pid_base=1.353 buoyancy_pwm=165 mask_valid=1 mask=384 forward_active=0
$T,512,33,25,,,,887,-735,350,1202,4*61
[CTRL] depth_valid=1 depth=52.039 vz=3.178 az=1.573 target_valid=1 target=50.000 pid=-70.853 pid_base=1.398 buoyancy_pwm=181 mask_valid=1 mask=384 forward_active=0
[CTRL] depth_valid=1 depth=52.863 vz=2.050 az=-0.095 target_valid=1 target=50.000 pid=-58.284 pid_base=1.435 buoyancy_pwm=149 mask_valid=1 mask=384 forward_active=0
[CTRL] depth_valid=1 depth=53.364 vz=0.937 az=-1.060 target_valid=1 target=50.000 pid=-45.126 pid_base=1.466 buoyancy_pwm=115 mask_valid=1 mask=384 forward_active=0
[CTRL] depth_valid=1 depth=53.476 vz=-0.075 az=-1.524 target_valid=1 target=50.000 pid=-32.303 pid_base=1.486 buoyancy_pwm=82 mask_valid=1 mask=384 forward_active=0
$T,534,-2,-15,,,,873,-710,369,1204,4*54
[CTRL] depth_valid=1 depth=53.071 vz=-1.240 az=-1.919 target_valid=1 target=50.000 pid=-16.073 pid_base=1.491 buoyancy_pwm=80 mask_valid=1 mask=384 forward_active=0
[CTRL] depth_valid=1 depth=52.190 vz=-2.302 az=-2.054 target_valid=1 target=50.000 pid=0.000 pid_base=1.478 buoyancy_pwm=0 mask_valid=1 mask=0 forward_active=0
<- Minima: IDLE
[CTRL] depth_valid=1 depth=50.588 vz=-3.382 az=-1.984 target_valid=1 target=50.000 pid=100.000 pid_base=1.439 buoyancy_pwm=255 mask_valid=1 mask=0 forward_active=0
<- Minima: BUOY 
[CTRL] depth_valid=1 depth=49.397 vz=-2.970 az=-0.816 target_valid=1 target=50.000 pid=97.777 pid_base=1.403 buoyancy_pwm=249 mask_valid=1 mask=0 forward_active=0
$T,492,-28,-6,,,,909,-766,330,1207,4*51
[OK]hb
[CTRL] depth_valid=1 depth=48.794 vz=-1.554 az=0.711 target_valid=1 target=50.000 pid=0.000 pid_base=1.380 buoyancy_pwm=0 mask_valid=1 mask=0 forward_active=0
[CTRL] depth_valid=1 depth=49.049 vz=0.478 az=2.058 target_valid=1 target=50.000 pid=-28.531 pid_base=1.382 buoyancy_pwm=80 mask_valid=1 mask=384 forward_active=0
[CTRL] depth_valid=1 depth=49.937 vz=2.159 az=2.551 target_valid=1 target=50.000 pid=-53.245 pid_base=1.406 buoyancy_pwm=136 mask_valid=1 mask=384 forward_active=0
[CTRL] depth_valid=1 depth=50.704 vz=2.123 az=1.375 target_valid=1 target=50.000 pid=-54.847 pid_base=1.431 buoyancy_pwm=140 mask_valid=1 mask=384 forward_active=0
$T,508,18,8,,,,859,-712,381,1207,4*53
[CTRL] depth_valid=1 depth=51.030 vz=1.037 az=-0.153 target_valid=1 target=50.000 pid=-41.329 pid_base=1.445 buoyancy_pwm=105 mask_valid=1 mask=384 forward_active=0
[CTRL] depth_valid=1 depth=50.745 vz=-0.494 az=-1.365 target_valid=1 target=50.000 pid=-20.262 pid_base=1.441 buoyancy_pwm=80 mask_valid=1 mask=384 forward_active=0
[CTRL] depth_valid=1 depth=50.129 vz=-1.625 az=-1.802 target_valid=1 target=50.000 pid=-3.596 pid_base=1.425 buoyancy_pwm=80 mask_valid=1 mask=384 forward_active=0
<- Minima: IDLE
[CTRL] depth_valid=1 depth=48.745 vz=-2.850 az=-1.895 target_valid=1 target=50.000 pid=92.938 pid_base=1.388 buoyancy_pwm=237 mask_valid=1 mask=0 forward_active=0
<- Minima: BUOY 
$T,484,-30,-19,,,,837,-717,401,1209,4*60
[CTRL] depth_valid=1 depth=47.525 vz=-2.856 az=-1.018 target_valid=1 target=50.000 pid=100.000 pid_base=1.343 buoyancy_pwm=255 mask_valid=1 mask=0 forward_active=0
[CTRL] depth_valid=1 depth=46.710 vz=-1.960 az=0.185 target_valid=1 target=50.000 pid=61.396 pid_base=1.311 buoyancy_pwm=157 mask_valid=1 mask=0 forward_active=0
[OK]hb
[CTRL] depth_valid=1 depth=47.026 vz=0.533 az=2.218 target_valid=1 target=50.000 pid=-23.495 pid_base=1.305 buoyancy_pwm=0 mask_valid=1 mask=0 forward_active=0
<- Minima: IDLE
[CTRL] depth_valid=1 depth=48.065 vz=2.484 az=2.861 target_valid=1 target=50.000 pid=-52.000 pid_base=1.324 buoyancy_pwm=133 mask_valid=1 mask=384 forward_active=0
<- Minima: BUOY 
$T,485,29,28,,,,831,-736,405,1200,4*63
[CTRL] depth_valid=1 depth=49.307 vz=3.123 az=2.119 target_valid=1 target=50.000 pid=-63.681 pid_base=1.354 buoyancy_pwm=162 mask_valid=1 mask=384 forward_active=0
[CTRL] depth_valid=1 depth=50.337 vz=2.523 az=0.625 target_valid=1 target=50.000 pid=-58.404 pid_base=1.384 buoyancy_pwm=149 mask_valid=1 mask=384 forward_active=0
[CTRL] depth_valid=1 depth=50.932 vz=1.354 az=-0.668 target_valid=1 target=50.000 pid=-44.481 pid_base=1.405 buoyancy_pwm=113 mask_valid=1 mask=384 forward_active=0
[CTRL] depth_valid=1 depth=51.229 vz=0.439 az=-1.191 target_valid=1 target=50.000 pid=-33.189 pid_base=1.420 buoyancy_pwm=85 mask_valid=1 mask=384 forward_active=0
$T,512,1,-12,,,,849,-707,393,1200,4*77
[CTRL] depth_valid=1 depth=50.979 vz=-0.857 az=-1.861 target_valid=1 target=50.000 pid=-15.374 pid_base=1.418 buoyancy_pwm=80 mask_valid=1 mask=384 forward_active=0
Ascending...
[OK]k#21[ACK] k#21

[CTRL] depth_valid=1 depth=50.317 vz=-1.783 az=-1.859 target_valid=0 target=0.000 pid=-100.000 pid_base=0.000 buoyancy_pwm=255 mask_valid=1 mask=384 forward_active=0
[CTRL] depth_valid=1 depth=48.707 vz=-3.420 az=-2.367 target_valid=0 target=0.000 pid=-100.000 pid_base=0.000 buoyancy_pwm=255 mask_valid=1 mask=384 forward_active=0
[CTRL] depth_valid=1 depth=46.676 vz=-4.848 az=-2.683 target_valid=0 target=0.000 pid=-100.000 pid_base=0.000 buoyancy_pwm=255 mask_valid=1 mask=384 forward_active=0
$T,462,-51,-27,,,,851,-690,406,1199,4*61
[OK]hb
[CTRL] depth_valid=1 depth=43.839 vz=-6.491 az=-3.003 target_valid=0 target=0.000 pid=-100.000 pid_base=0.000 buoyancy_pwm=255 mask_valid=1 mask=384 forward_active=0
[CTRL] depth_valid=1 depth=39.950 vz=-8.702 az=-3.669 target_valid=0 target=0.000 pid=-100.000 pid_base=0.000 buoyancy_pwm=255 mask_valid=1 mask=384 forward_active=0
[CTRL] depth_valid=1 depth=35.223 vz=-10.569 az=-3.764 target_valid=0 target=0.000 pid=-100.000 pid_base=0.000 buoyancy_pwm=255 mask_valid=1 mask=384 forward_active=0
[CTRL] depth_valid=1 depth=29.500 vz=-12.359 az=-3.665 target_valid=0 target=0.000 pid=-100.000 pid_base=0.000 buoyancy_pwm=255 mask_valid=1 mask=384 forward_active=0
$T,274,-127,-34,,,,864,-695,395,1198,4*5D
[CTRL] depth_valid=1 depth=22.808 vz=-14.481 az=-4.025 target_valid=0 target=0.000 pid=-100.000 pid_base=0.000 buoyancy_pwm=255 mask_valid=1 mask=384 forward_active=0
[CTRL] depth_valid=1 depth=15.543 vz=-15.483 az=-3.146 target_valid=0 target=0.000 pid=-100.000 pid_base=0.000 buoyancy_pwm=255 mask_valid=1 mask=384 forward_active=0
[CTRL] depth_valid=1 depth=9.463 vz=-12.636 az=0.936 target_valid=0 target=0.000 pid=-100.000 pid_base=0.000 buoyancy_pwm=255 mask_valid=1 mask=384 forward_active=0
[CTRL] depth_valid=1 depth=10.709 vz=2.237 az=13.166 target_valid=0 target=0.000 pid=-100.000 pid_base=0.000 buoyancy_pwm=255 mask_valid=1 mask=384 forward_active=0
$T,119,59,146,,,,883,-740,378,1200,4*58
[CTRL] depth_valid=1 depth=13.715 vz=8.505 az=12.376 target_valid=0 target=0.000 pid=-100.000 pid_base=0.000 buoyancy_pwm=255 mask_valid=1 mask=384 forward_active=0
Ascend stopped.
[OK]k#22[ACK] k#22

vz=7.384 az=5.934 target_valid=0 target=0.000 pid=0.000 pid_base=0.000 buoyancy_pwm=0 mask_valid=1 mask=0 forward_active=0
<- Minima: IDLE
[CTRL] depth_valid=1 depth=15.285 vz=0.525 az=-2.460 target_valid=0 target=0.000 pid=0.000 pid_base=0.000 buoyancy_pwm=0 mask_valid=1 mask=0 forward_active=0
[CTRL] depth_valid=1 depth=12.845 vz=-5.048 az=-5.947 target_valid=0 target=0.000 pid=0.000 pid_base=0.000 buoyancy_pwm=0 mask_valid=1 mask=0 forward_active=0
$T,122,-52,-51,,,,877,-752,322,1201,0*6E
[CTRL] depth_valid=1 depth=11.665 vz=-3.803 az=-2.242 target_valid=0 target=0.000 pid=0.000 pid_base=0.000 buoyancy_pwm=0 mask_valid=1 mask=0 forward_active=0
[CTRL] depth_valid=1 depth=11.548 vz=-1.026 az=1.003 target_valid=0 target=0.000 pid=0.000 pid_base=0.000 buoyancy_pwm=0 mask_valid=1 mask=0 forward_active=0
[CTRL] depth_valid=1 depth=12.755 vz=2.572 az=3.639 target_valid=0 target=0.000 pid=0.000 pid_base=0.000 buoyancy_pwm=0 mask_valid=1 mask=0 forward_active=0
[CTRL] depth_valid=1 depth=14.406 vz=3.899 az=3.006 target_valid=0 target=0.000 pid=0.000 pid_base=0.000 buoyancy_pwm=0 mask_valid=1 mask=0 forward_active=0
$T,147,34,20,,115,,857,-667,333,1202,0*58
[CTRL] depth_valid=1 depth=14.632 vz=1.171 az=-0.695 target_valid=0 target=0.000 pid=0.000 pid_base=0.000 buoyancy_pwm=0 mask_valid=1 mask=0 forward_active=0
[CTRL] depth_valid=1 depth=13.759 vz=-1.735 az=-2.816 target_valid=0 target=0.000 pid=0.000 pid_base=0.000 buoyancy_pwm=0 mask_valid=1 mask=0 forward_active=0
[CTRL] depth_valid=1 depth=12.315 vz=-3.489 az=-3.052 target_valid=0 target=0.000 pid=0.000 pid_base=0.000 buoyancy_pwm=0 mask_valid=1 mask=0 forward_active=0
[CTRL] depth_valid=1 depth=11.442 vz=-2.411 az=-0.722 target_valid=0 target=0.000 pid=0.000 pid_base=0.000 buoyancy_pwm=0 mask_valid=1 mask=0 forward_active=0
$T,116,-10,7,,,8,855,-816,338,1202,0*4E
[OK]hb
[CTRL] depth_valid=1 depth=12.191 vz=1.044 az=2.435 target_valid=0 target=0.000 pid=0.000 pid_base=0.000 buoyancy_pwm=0 mask_valid=1 mask=0 forward_active=0
[CTRL] depth_valid=1 depth=13.363 vz=2.751 az=2.731 target_valid=0 target=0.000 pid=0.000 pid_base=0.000 buoyancy_pwm=0 mask_valid=1 mask=0 forward_active=0
[CTRL] depth_valid=1 depth=14.343 vz=2.541 az=1.289 target_valid=0 target=0.000 pid=0.000 pid_base=0.000 buoyancy_pwm=0 mask_valid=1 mask=0 forward_active=0
[CTRL] depth_valid=1 depth=14.212 vz=0.071 az=-1.417 target_valid=0 target=0.000 pid=0.000 pid_base=0.000 buoyancy_pwm=0 mask_valid=1 mask=0 forward_active=0
$T,139,-8,-20,,,8,855,-709,343,1206,0*6B
[CTRL] depth_valid=1 depth=13.052 vz=-2.560 az=-3.021 target_valid=0 target=0.000 pid=0.000 pid_base=0.000 buoyancy_pwm=0 mask_valid=1 mask=0 forward_active=0
[CTRL] depth_valid=1 depth=12.116 vz=-2.596 az=-1.720 target_valid=0 target=0.000 pid=0.000 pid_base=0.000 buoyancy_pwm=0 mask_valid=1 mask=0 forward_active=0
[CTRL] depth_valid=1 depth=11.769 vz=-1.221 az=0.160 target_valid=0 target=0.000 pid=0.000 pid_base=0.000 buoyancy_pwm=0 mask_valid=1 mask=0 forward_active=0
[CTRL] depth_valid=1 depth=12.484 vz=1.317 az=2.213 target_valid=0 target=0.000 pid=0.000 pid_base=0.000 buoyancy_pwm=0 mask_valid=1 mask=0 forward_active=0
$T,129,21,26,,,8,863,-754,335,1210,0*5C
[CTRL] depth_valid=1 depth=13.622 vz=2.586 az=2.194 target_valid=0 target=0.000 pid=0.000 pid_base=0.000 buoyancy_pwm=0 mask_valid=1 mask=0 forward_active=0
[CTRL] depth_valid=1 depth=14.073 vz=1.429 az=0.213 target_valid=0 target=0.000 pid=0.000 pid_base=0.000 buoyancy_pwm=0 mask_valid=1 mask=0 forward_active=0
[OK]hb
[CTRL] depth_valid=1 depth=13.773 vz=-0.522 az=-1.567 target_valid=0 target=0.000 pid=0.000 pid_base=0.000 buoyancy_pwm=0 mask_valid=1 mask=0 forward_active=0
[CTRL] depth_valid=1 depth=12.752 vz=-2.386 az=-2.477 target_valid=0 target=0.000 pid=0.000 pid_base=0.000 buoyancy_pwm=0 mask_valid=1 mask=0 forward_active=0
$T,124,-25,-21,,,7,860,-773,342,1199,0*59
[CTRL] depth_valid=1 depth=11.970 vz=-2.149 az=-1.166 target_valid=0 target=0.000 pid=0.000 pid_base=0.000 buoyancy_pwm=0 mask_valid=1 mask=0 forward_active=0
[CTRL] depth_valid=1 depth=12.057 vz=-0.245 az=0.921 target_valid=0 target=0.000 pid=0.000 pid_base=0.000 buoyancy_pwm=0 mask_valid=1 mask=0 forward_active=0
[CTRL] depth_valid=1 depth=12.745 vz=1.504 az=1.976 target_valid=0 target=0.000 pid=0.000 pid_base=0.000 buoyancy_pwm=0 mask_valid=1 mask=0 forward_active=0
[CTRL] depth_valid=1 depth=13.627 vz=2.135 az=1.583 target_valid=0 target=0.000 pid=0.000 pid_base=0.000 buoyancy_pwm=0 mask_valid=1 mask=0 forward_active=0
$T,138,19,11,,,8,864,-727,337,1198,0*51
[CTRL] depth_valid=1 depth=13.867 vz=0.829 az=-0.277 target_valid=0 target=0.000 pid=0.000 pid_base=0.000 buoyancy_pwm=0 mask_valid=1 mask=0 forward_active=0
[CTRL] depth_valid=1 depth=13.358 vz=-1.004 az=-1.699 target_valid=0 target=0.000 pid=0.000 pid_base=0.000 buoyancy_pwm=0 mask_valid=1 mask=0 forward_active=0
[CTRL] depth_valid=1 depth=12.585 vz=-1.979 az=-1.817 target_valid=0 target=0.000 pid=0.000 pid_base=0.000 buoyancy_pwm=0 mask_valid=1 mask=0 forward_active=0
[CTRL] depth_valid=1 depth=12.019 vz=-1.622 az=-0.736 target_valid=0 target=0.000 pid=0.000 pid_base=0.000 buoyancy_pwm=0 mask_valid=1 mask=0 forward_active=0
$T,120,-9,0,,,8,860,-796,343,1203,0*78
[OK]hb
[CTRL] depth_valid=1 depth=12.244 vz=0.167 az=1.080 target_valid=0 target=0.000 pid=0.000 pid_base=0.000 buoyancy_pwm=0 mask_valid=1 mask=0 forward_active=0
[CTRL] depth_valid=1 depth=12.884 vz=1.439 az=1.643 target_valid=0 target=0.000 pid=0.000 pid_base=0.000 buoyancy_pwm=0 mask_valid=1 mask=0 forward_active=0
[CTRL] depth_valid=1 depth=13.541 vz=1.654 az=1.068 target_valid=0 target=0.000 pid=0.000 pid_base=0.000 buoyancy_pwm=0 mask_valid=1 mask=0 forward_active=0
[CTRL] depth_valid=1 depth=13.666 vz=0.516 az=-0.397 target_valid=0 target=0.000 pid=0.000 pid_base=0.000 buoyancy_pwm=0 mask_valid=1 mask=0 forward_active=0
$T,135,0,-7,,,8,855,-739,348,1203,0*7A
[CTRL] depth_valid=1 depth=13.174 vz=-1.063 az=-1.588 target_valid=0 target=0.000 pid=0.000 pid_base=0.000 buoyancy_pwm=0 mask_valid=1 mask=0 forward_active=0
[CTRL] depth_valid=1 depth=12.505 vz=-1.670 az=-1.383 target_valid=0 target=0.000 pid=0.000 pid_base=0.000 buoyancy_pwm=0 mask_valid=1 mask=0 forward_active=0
[CTRL] depth_valid=1 depth=12.112 vz=-1.166 az=-0.365 target_valid=0 target=0.000 pid=0.000 pid_base=0.000 buoyancy_pwm=0 mask_valid=1 mask=0 forward_active=0
[CTRL] depth_valid=1 depth=12.297 vz=0.204 az=0.936 target_valid=0 target=0.000 pid=0.000 pid_base=0.000 buoyancy_pwm=0 mask_valid=1 mask=0 forward_active=0
$T,124,6,12,30,,8,860,-778,343,1207,0*6A
[CTRL] depth_valid=1 depth=12.944 vz=1.409 az=1.498 target_valid=0 target=0.000 pid=0.000 pid_base=0.000 buoyancy_pwm=0 mask_valid=1 mask=0 forward_active=0
[CTRL] depth_valid=1 depth=13.375 vz=1.174 az=0.597 target_valid=0 target=0.000 pid=0.000 pid_base=0.000 buoyancy_pwm=0 mask_valid=1 mask=0 forward_active=0
[OK]hb
[CTRL] depth_valid=1 depth=13.555 vz=0.455 az=-0.328 target_valid=0 target=0.000 pid=0.000 pid_base=0.000 buoyancy_pwm=0 mask_valid=1 mask=0 forward_active=0
[CTRL] depth_valid=1 depth=13.034 vz=-1.064 az=-1.472 target_valid=0 target=0.000 pid=0.000 pid_base=0.000 buoyancy_pwm=0 mask_valid=1 mask=0 forward_active=0
$T,128,-11,-13,30,,8,860,-769,344,1207,0*56
[CTRL] depth_valid=1 depth=12.527 vz=-1.373 az=-1.094 target_valid=0 target=0.000 pid=0.000 pid_base=0.000 buoyancy_pwm=0 mask_valid=1 mask=0 forward_active=0
[CTRL] depth_valid=1 depth=12.175 vz=-1.008 az=-0.317 target_valid=0 target=0.000 pid=0.000 pid_base=0.000 buoyancy_pwm=0 mask_valid=1 mask=0 forward_active=0
[CTRL] depth_valid=1 depth=12.349 vz=0.169 az=0.782 target_valid=0 target=0.000 pid=0.000 pid_base=0.000 buoyancy_pwm=0 mask_valid=1 mask=0 forward_active=0
[CTRL] depth_valid=1 depth=12.830 vz=1.041 az=1.125 target_valid=0 target=0.000 pid=0.000 pid_base=0.000 buoyancy_pwm=0 mask_valid=1 mask=0 forward_active=0
$T,130,13,12,30,,,857,-760,346,1199,0*6F
[CTRL] depth_valid=1 depth=13.314 vz=1.100 az=0.583 target_valid=0 target=0.000 pid=0.000 pid_base=0.000 buoyancy_pwm=0 mask_valid=1 mask=0 forward_active=0
[CTRL] depth_valid=1 depth=13.336 vz=0.186 az=-0.467 target_valid=0 target=0.000 pid=0.000 pid_base=0.000 buoyancy_pwm=0 mask_valid=1 mask=0 forward_active=0
[CTRL] depth_valid=1 depth=12.959 vz=-0.886 az=-1.210 target_valid=0 target=0.000 pid=0.000 pid_base=0.000 buoyancy_pwm=0 mask_valid=1 mask=0 forward_active=0
[CTRL] depth_valid=1 depth=12.483 vz=-1.301 az=-1.077 target_valid=0 target=0.000 pid=0.000 pid_base=0.000 buoyancy_pwm=0 mask_valid=1 mask=0 forward_active=0
$T,124,-10,-6,30,,166,863,-791,341,1203,0*63
[OK]hb
[CTRL] depth_valid=1 depth=12.266 vz=-0.757 az=-0.169 target_valid=0 target=0.000 pid=0.000 pid_base=0.000 buoyancy_pwm=0 mask_valid=1 mask=0 forward_active=0
[CTRL] depth_valid=1 depth=12.404 vz=0.182 az=0.689 target_valid=0 target=0.000 pid=0.000 pid_base=0.000 buoyancy_pwm=0 mask_valid=1 mask=0 forward_active=0
[CTRL] depth_valid=1 depth=12.811 vz=0.885 az=0.936 target_valid=0 target=0.000 pid=0.000 pid_base=0.000 buoyancy_pwm=0 mask_valid=1 mask=0 forward_active=0
[CTRL] depth_valid=1 depth=13.178 vz=0.860 az=0.432 target_valid=0 target=0.000 pid=0.000 pid_base=0.000 buoyancy_pwm=0 mask_valid=1 mask=0 forward_active=0
$T,132,8,3,31,95,109,866,-757,338,1201,0*5F
[CTRL] depth_valid=1 depth=13.270 vz=0.247 az=-0.322 target_valid=0 target=0.000 pid=0.000 pid_base=0.000 buoyancy_pwm=0 mask_valid=1 mask=0 forward_active=0
[CTRL] depth_valid=1 depth=12.914 vz=-0.739 az=-1.009 target_valid=0 target=0.000 pid=0.000 pid_base=0.000 buoyancy_pwm=0 mask_valid=1 mask=0 forward_active=0
[CTRL] depth_valid=1 depth=12.509 vz=-1.065 az=-0.855 target_valid=0 target=0.000 pid=0.000 pid_base=0.000 buoyancy_pwm=0 mask_valid=1 mask=0 forward_active=0
[CTRL] depth_valid=1 depth=12.280 vz=-0.770 az=-0.291 target_valid=0 target=0.000 pid=0.000 pid_base=0.000 buoyancy_pwm=0 mask_valid=1 mask=0 forward_active=0
$T,123,-4,1,31,95,218,864,-795,341,1209,0*75
[CTRL] depth_valid=1 depth=12.408 vz=0.102 az=0.539 target_valid=0 target=0.000 pid=0.000 pid_base=0.000 buoyancy_pwm=0 mask_valid=1 mask=0 forward_active=0
[CTRL] depth_valid=1 depth=12.772 vz=0.804 az=0.879 target_valid=0 target=0.000 pid=0.000 pid_base=0.000 buoyancy_pwm=0 mask_valid=1 mask=0 forward_active=0
[OK]hb
[CTRL] depth_valid=1 depth=13.120 vz=0.875 az=0.531 target_valid=0 target=0.000 pid=0.000 pid_base=0.000 buoyancy_pwm=0 mask_valid=1 mask=0 forward_active=0
[CTRL] depth_valid=1 depth=13.118 vz=0.115 az=-0.376 target_valid=0 target=0.000 pid=0.000 pid_base=0.000 buoyancy_pwm=0 mask_valid=1 mask=0 forward_active=0
$T,131,0,-3,31,95,6536,863,-767,342,1209,0*44
[CTRL] depth_valid=1 depth=12.944 vz=-0.490 az=-0.776 target_valid=0 target=0.000 pid=0.000 pid_base=0.000 buoyancy_pwm=0 mask_valid=1 mask=0 forward_active=0
[CTRL] depth_valid=1 depth=12.572 vz=-0.940 az=-0.833 target_valid=0 target=0.000 pid=0.000 pid_base=0.000 buoyancy_pwm=0 mask_valid=1 mask=0 forward_active=0
[CTRL] depth_valid=1 depth=12.315 vz=-0.772 az=-0.359 target_valid=0 target=0.000 pid=0.000 pid_base=0.000 buoyancy_pwm=0 mask_valid=1 mask=0 forward_active=0
[CTRL] depth_valid=1 depth=12.382 vz=-0.052 az=0.363 target_valid=0 target=0.000 pid=0.000 pid_base=0.000 buoyancy_pwm=0 mask_valid=1 mask=0 forward_active=0
$T,125,3,7,32,93,206,864,-790,341,1198,0*5B
[CTRL] depth_valid=1 depth=12.704 vz=0.633 az=0.732 target_valid=0 target=0.000 pid=0.000 pid_base=0.000 buoyancy_pwm=0 mask_valid=1 mask=0 forward_active=0
[CTRL] depth_valid=1 depth=12.982 vz=0.677 az=0.413 target_valid=0 target=0.000 pid=0.000 pid_base=0.000 buoyancy_pwm=0 mask_valid=1 mask=0 forward_active=0
[CTRL] depth_valid=1 depth=13.074 vz=0.238 az=-0.184 target_valid=0 target=0.000 pid=0.000 pid_base=0.000 buoyancy_pwm=0 mask_valid=1 mask=0 forward_active=0
[CTRL] depth_valid=1 depth=12.897 vz=-0.419 az=-0.687 target_valid=0 target=0.000 pid=0.000 pid_base=0.000 buoyancy_pwm=0 mask_valid=1 mask=0 forward_active=0
$T,128,-4,-6,32,94,187,859,-782,347,1202,0*56
[OK]hb
[CTRL] depth_valid=1 depth=12.626 vz=-0.762 az=-0.721 target_valid=0 target=0.000 pid=0.000 pid_base=0.000 buoyancy_pwm=0 mask_valid=1 mask=0 forward_active=0
[CTRL] depth_valid=1 depth=12.374 vz=-0.679 az=-0.333 target_valid=0 target=0.000 pid=0.000 pid_base=0.000 buoyancy_pwm=0 mask_valid=1 mask=0 forward_active=0
[CTRL] depth_valid=1 depth=12.372 vz=-0.136 az=0.254 target_valid=0 target=0.000 pid=0.000 pid_base=0.000 buoyancy_pwm=0 mask_valid=1 mask=0 forward_active=0
[CTRL] depth_valid=1 depth=12.613 vz=0.486 az=0.647 target_valid=0 target=0.000 pid=0.000 pid_base=0.000 buoyancy_pwm=0 mask_valid=1 mask=0 forward_active=0
$T,127,7,7,33,93,191,861,-783,346,1202,0*51
[CTRL] depth_valid=1 depth=12.894 vz=0.643 az=0.447 target_valid=0 target=0.000 pid=0.000 pid_base=0.000 buoyancy_pwm=0 mask_valid=1 mask=0 forward_active=0
[CTRL] depth_valid=1 depth=12.957 vz=0.178 az=-0.196 target_valid=0 target=0.000 pid=0.000 pid_base=0.000 buoyancy_pwm=0 mask_valid=1 mask=0 forward_active=0
[CTRL] depth_valid=1 depth=12.899 vz=-0.187 az=-0.439 target_valid=0 target=0.000 pid=0.000 pid_base=0.000 buoyancy_pwm=0 mask_valid=1 mask=0 forward_active=0
[CTRL] depth_valid=1 depth=12.621 vz=-0.708 az=-0.730 target_valid=0 target=0.000 pid=0.000 pid_base=0.000 buoyancy_pwm=0 mask_valid=1 mask=0 forward_active=0
$T,125,-6,-5,33,94,158,864,-794,343,1203,0*55
[CTRL] depth_valid=1 depth=12.450 vz=-0.544 az=-0.285 target_valid=0 target=0.000 pid=0.000 pid_base=0.000 buoyancy_pwm=0 mask_valid=1 mask=0 forward_active=0
[CTRL] depth_valid=1 depth=12.427 vz=-0.147 az=0.166 target_valid=0 target=0.000 pid=0.000 pid_base=0.000 buoyancy_pwm=0 mask_valid=1 mask=0 forward_active=0
[OK]hb
[CTRL] depth_valid=1 depth=12.561 vz=0.257 az=0.409 target_valid=0 target=0.000 pid=0.000 pid_base=0.000 buoyancy_pwm=0 mask_valid=1 mask=0 forward_active=0
[CTRL] depth_valid=1 depth=12.777 vz=0.483 az=0.395 target_valid=0 target=0.000 pid=0.000 pid_base=0.000 buoyancy_pwm=0 mask_valid=1 mask=0 forward_active=0
$T,128,6,5,34,93,195,861,-782,346,1203,0*5E
[CTRL] depth_valid=1 depth=12.912 vz=0.267 az=-0.036 target_valid=0 target=0.000 pid=0.000 pid_base=0.000 buoyancy_pwm=0 mask_valid=1 mask=0 forward_active=0
[CTRL] depth_valid=1 depth=12.805 vz=-0.250 az=-0.489 target_valid=0 target=0.000 pid=0.000 pid_base=0.000 buoyancy_pwm=0 mask_valid=1 mask=0 forward_active=0
[CTRL] depth_valid=1 depth=12.642 vz=-0.493 az=-0.518 target_valid=0 target=0.000 pid=0.000 pid_base=0.000 buoyancy_pwm=0 mask_valid=1 mask=0 forward_active=0
[CTRL] depth_valid=1 depth=12.456 vz=-0.551 az=-0.375 target_valid=0 target=0.000 pid=0.000 pid_base=0.000 buoyancy_pwm=0 mask_valid=1 mask=0 forward_active=0
$T,124,-2,0,34,93,189,858,-801,350,1203,0*7A
[CTRL] depth_valid=1 depth=12.408 vz=-0.279 az=-0.032 target_valid=0 target=0.000 pid=0.000 pid_base=0.000 buoyancy_pwm=0 mask_valid=1 mask=0 forward_active=0
[CTRL] depth_valid=1 depth=12.519 vz=0.175 az=0.355 target_valid=0 target=0.000 pid=0.000 pid_base=0.000 buoyancy_pwm=0 mask_valid=1 mask=0 forward_active=0
[CTRL] depth_valid=1 depth=12.704 vz=0.353 az=0.288 target_valid=0 target=0.000 pid=0.000 pid_base=0.000 buoyancy_pwm=0 mask_valid=1 mask=0 forward_active=0
[CTRL] depth_valid=1 depth=12.831 vz=0.285 az=0.074 target_valid=0 target=0.000 pid=0.000 pid_base=0.000 buoyancy_pwm=0 mask_valid=1 mask=0 forward_active=0
$T,128,2,0,34,94,190,859,-785,349,1202,0*5F
[OK]hb
[CTRL] depth_valid=1 depth=12.878 vz=0.096 az=-0.138 target_valid=0 target=0.000 pid=0.000 pid_base=0.000 buoyancy_pwm=0 mask_valid=1 mask=0 forward_active=0
[CTRL] depth_valid=1 depth=12.705 vz=-0.352 az=-0.453 target_valid=0 target=0.000 pid=0.000 pid_base=0.000 buoyancy_pwm=0 mask_valid=1 mask=0 forward_active=0
[CTRL] depth_valid=1 depth=12.479 vz=-0.583 az=-0.471 target_valid=0 target=0.000 pid=0.000 pid_base=0.000 buoyancy_pwm=0 mask_valid=1 mask=0 forward_active=0
[CTRL] depth_valid=1 depth=12.413 vz=-0.284 az=-0.026 target_valid=0 target=0.000 pid=0.000 pid_base=0.000 buoyancy_pwm=0 mask_valid=1 mask=0 forward_active=0
$T,124,0,2,35,93,190,855,-803,353,1205,0*54
[CTRL] depth_valid=1 depth=12.509 vz=0.119 az=0.292 target_valid=0 target=0.000 pid=0.000 pid_base=0.000 buoyancy_pwm=0 mask_valid=1 mask=0 forward_active=0
[CTRL] depth_valid=1 depth=12.619 vz=0.249 az=0.251 target_valid=0 target=0.000 pid=0.000 pid_base=0.000 buoyancy_pwm=0 mask_valid=1 mask=0 forward_active=0
[CTRL] depth_valid=1 depth=12.779 vz=0.289 az=0.113 target_valid=0 target=0.000 pid=0.000 pid_base=0.000 buoyancy_pwm=0 mask_valid=1 mask=0 forward_active=0
[CTRL] depth_valid=1 depth=12.806 vz=0.029 az=-0.198 target_valid=0 target=0.000 pid=0.000 pid_base=0.000 buoyancy_pwm=0 mask_valid=1 mask=0 forward_active=0
$T,127,0,-1,35,94,190,855,-791,354,1209,0*71
[CTRL] depth_valid=1 depth=12.723 vz=-0.245 az=-0.373 target_valid=0 target=0.000 pid=0.000 pid_base=0.000 buoyancy_pwm=0 mask_valid=1 mask=0 forward_active=0
[CTRL] depth_valid=1 depth=12.476 vz=-0.588 az=-0.514 target_valid=0 target=0.000 pid=0.000 pid_base=0.000 buoyancy_pwm=0 mask_valid=1 mask=0 forward_active=0
[OK]hb
[CTRL] depth_valid=1 depth=12.497 vz=-0.153 az=0.046 target_valid=0 target=0.000 pid=0.000 pid_base=0.000 buoyancy_pwm=0 mask_valid=1 mask=0 forward_active=0
[CTRL] depth_valid=1 depth=12.447 vz=-0.088 az=0.081 target_valid=0 target=0.000 pid=0.000 pid_base=0.000 buoyancy_pwm=0 mask_valid=1 mask=0 forward_active=0
$T,124,0,2,36,94,190,857,-802,353,1198,0*54
[CTRL] depth_valid=1 depth=12.566 vz=0.181 az=0.225 target_valid=0 target=0.000 pid=0.000 pid_base=0.000 buoyancy_pwm=0 mask_valid=1 mask=0 forward_active=0
[CTRL] depth_valid=1 depth=12.682 vz=0.195 az=0.080 target_valid=0 target=0.000 pid=0.000 pid_base=0.000 buoyancy_pwm=0 mask_valid=1 mask=0 forward_active=0
[CTRL] depth_valid=1 depth=12.734 vz=0.083 az=-0.079 target_valid=0 target=0.000 pid=0.000 pid_base=0.000 buoyancy_pwm=0 mask_valid=1 mask=0 forward_active=0
[CTRL] depth_valid=1 depth=12.656 vz=-0.200 az=-0.309 target_valid=0 target=0.000 pid=0.000 pid_base=0.000 buoyancy_pwm=0 mask_valid=1 mask=0 forward_active=0
$T,126,-1,-1,36,93,190,860,-798,349,1198,0*50
[CTRL] depth_valid=1 depth=12.556 vz=-0.353 az=-0.360 target_valid=0 target=0.000 pid=0.000 pid_base=0.000 buoyancy_pwm=0 mask_valid=1 mask=0 forward_active=0
[CTRL] depth_valid=1 depth=12.466 vz=-0.298 az=-0.175 target_valid=0 target=0.000 pid=0.000 pid_base=0.000 buoyancy_pwm=0 mask_valid=1 mask=0 forward_active=0
[CTRL] depth_valid=1 depth=12.416 vz=-0.186 az=-0.029 target_valid=0 target=0.000 pid=0.000 pid_base=0.000 buoyancy_pwm=0 mask_valid=1 mask=0 forward_active=0
[CTRL] depth_valid=1 depth=12.485 vz=0.029 az=0.104 target_valid=0 target=0.000 pid=0.000 pid_base=0.000 buoyancy_pwm=0 mask_valid=1 mask=0 forward_active=0
$T,125,2,3,36,93,190,854,-800,356,1203,0*54
[OK]hb
[CTRL] depth_valid=1 depth=12.673 vz=0.309 az=0.238 target_valid=0 target=0.000 pid=0.000 pid_base=0.000 buoyancy_pwm=0 mask_valid=1 mask=0 forward_active=0
[CTRL] depth_valid=1 depth=12.694 vz=0.072 az=-0.093 target_valid=0 target=0.000 pid=0.000 pid_base=0.000 buoyancy_pwm=0 mask_valid=1 mask=0 forward_active=0
[CTRL] depth_valid=1 depth=12.671 vz=-0.125 az=-0.264 target_valid=0 target=0.000 pid=0.000 pid_base=0.000 buoyancy_pwm=0 mask_valid=1 mask=0 forward_active=0
[CTRL] depth_valid=1 depth=12.574 vz=-0.308 az=-0.340 target_valid=0 target=0.000 pid=0.000 pid_base=0.000 buoyancy_pwm=0 mask_valid=1 mask=0 forward_active=0
$T,125,-2,-1,37,93,190,856,-804,353,1203,0*54
[CTRL] depth_valid=1 depth=12.511 vz=-0.276 az=-0.210 target_valid=0 target=0.000 pid=0.000 pid_base=0.000 buoyancy_pwm=0 mask_valid=1 mask=0 forward_active=0
[CTRL] depth_valid=1 depth=12.433 vz=-0.218 az=-0.076 target_valid=0 target=0.000 pid=0.000 pid_base=0.000 buoyancy_pwm=0 mask_valid=1 mask=0 forward_active=0
[CTRL] depth_valid=1 depth=12.479 vz=-0.015 az=0.076 target_valid=0 target=0.000 pid=0.000 pid_base=0.000 buoyancy_pwm=0 mask_valid=1 mask=0 forward_active=0
[CTRL] depth_valivz=0.152 az=0.146 target_valid=0 target=0.000 pid=0.000 pid_base=0.000 buoyancy_pwm=0 mask_valid=1 mask=0 forward_active=0
$T,126,2,2,37,93,190,864,-801,346,1201,0*56
[CTRL] depth_valid=1 depth=12.673 vz=0.158 az=0.039 target_valid=0 target=0.000 pid=0.000 pid_base=0.000 buoyancy_pwm=0 mask_valid=1 mask=0 forward_active=0
[CTRL] depth_valid=1 depth=12.685 vz=-0.015 az=-0.160 target_valid=0 target=0.000 pid=0.000 pid_base=0.000 buoyancy_pwm=0 mask_valid=1 mask=0 forward_active=0
[OK]hb
[CTRL] depth_valid=1 depth=12.611 vz=-0.221 az=-0.296 target_valid=0 target=0.000 pid=0.000 pid_base=0.000 buoyancy_pwm=0 mask_valid=1 mask=0 forward_active=0
[CTRL] depth_valid=1 depth=12.509 vz=-0.308 az=-0.262 target_valid=0 target=0.000 pid=0.000 pid_base=0.000 buoyancy_pwm=0 mask_valid=1 mask=0 forward_active=0
$T,125,-1,0,37,93,191,861,-808,349,1199,0*79
[CTRL] depth_valid=1 depth=12.453 vz=-0.242 az=-0.132 target_valid=0 target=0.000 pid=0.000 pid_base=0.000 buoyancy_pwm=0 mask_valid=1 mask=0 forward_active=0
[CTRL] depth_valid=1 depth=12.471 vz=-0.004 az=0.128 target_valid=0 target=0.000 pid=0.000 pid_base=0.000 buoyancy_pwm=0 mask_valid=1 mask=0 forward_active=0
[CTRL] depth_valid=1 depth=12.513 vz=0.043 az=0.062 target_valid=0 target=0.000 pid=0.000 pid_base=0.000 buoyancy_pwm=0 mask_valid=1 mask=0 forward_active=0
[CTRL] depth_valid=1 depth=12.616 vz=0.177 az=0.120 target_valid=0 target=0.000 pid=0.000 pid_base=0.000 buoyancy_pwm=0 mask_valid=1 mask=0 forward_active=0
$T,126,2,2,38,93,191,858,-802,352,1196,0*5C
[CTRL] depth_valid=1 depth=12.698 vz=0.125 az=-0.025 target_valid=0 target=0.000 pid=0.000 pid_base=0.000 buoyancy_pwm=0 mask_valid=1 mask=0 forward_active=0
[CTRL] depth_valid=1 depth=12.581 vz=-0.234 az=-0.325 target_valid=0 target=0.000 pid=0.000 pid_base=0.000 buoyancy_pwm=0 mask_valid=1 mask=0 forward_active=0
[CTRL] depth_valid=1 depth=12.511 vz=-0.257 az=-0.228 target_valid=0 target=0.000 pid=0.000 pid_base=0.000 buoyancy_pwm=0 mask_valid=1 mask=0 forward_active=0
[CTRL] depth_valid=1 depth=12.481 vz=-0.151 az=-0.059 target_valid=0 target=0.000 pid=0.000 pid_base=0.000 buoyancy_pwm=0 mask_valid=1 mask=0 forward_active=0
$T,125,0,0,38,93,191,868,-810,343,1199,0*50
[OK]hb
[CTRL] depth_valid=1 depth=12.460 vz=-0.101 az=-0.020 target_valid=0 target=0.000 pid=0.000 pid_base=0.000 buoyancy_pwm=0 mask_valid=1 mask=0 forward_active=0
[CTRL] depth_valid=1 depth=12.530 vz=0.084 az=0.115 target_valid=0 target=0.000 pid=0.000 pid_base=0.000 buoyancy_pwm=0 mask_valid=1 mask=0 forward_active=0
[CTRL] depth_valid=1 depth=12.540 vz=-0.024 az=-0.073 target_valid=0 target=0.000 pid=0.000 pid_base=0.000 buoyancy_pwm=0 mask_valid=1 mask=0 forward_active=0
[CTRL] depth_valid=1 depth=12.562 vz=-0.031 az=-0.083 target_valid=0 target=0.000 pid=0.000 pid_base=0.000 buoyancy_pwm=0 mask_valid=1 mask=0 forward_active=0
$T,126,0,0,38,93,179,870,-805,341,1205,0*5C
[CTRL] depth_valid=1 depth=12.575 vz=-0.065 az=-0.126 target_valid=0 target=0.000 pid=0.000 pid_base=0.000 buoyancy_pwm=0 mask_valid=1 mask=0 forward_active=0
[CTRL] depth_valid=1 depth=12.514 vz=-0.201 az=-0.218 target_valid=0 target=0.000 pid=0.000 pid_base=0.000 buoyancy_pwm=0 mask_valid=1 mask=0 forward_active=0
[CTRL] depth_valid=1 depth=12.421 vz=-0.291 az=-0.234 target_valid=0 target=0.000 pid=0.000 pid_base=0.000 buoyancy_pwm=0 mask_valid=1 mask=0 forward_active=0
[CTRL] depth_valid=1 depth=12.399 vz=-0.195 az=-0.110 target_valid=0 target=0.000 pid=0.000 pid_base=0.000 buoyancy_pwm=0 mask_valid=1 mask=0 forward_active=0
$T,124,0,1,39,93,192,864,-811,346,1205,0*5C
[CTRL] depth_valid=1 depth=12.459 vz=0.009 az=0.063 target_valid=0 target=0.000 pid=0.000 pid_base=0.000 buoyancy_pwm=0 mask_valid=1 mask=0 forward_active=0
[CTRL] depth_valid=1 depth=12.513 vz=0.089 az=0.081 target_valid=0 target=0.000 pid=0.000 pid_base=0.000 buoyancy_pwm=0 mask_valid=1 mask=0 forward_active=0
[OK]hb
[CTRL] depth_valid=1 depth=12.613 vz=0.158 az=0.061 target_valid=0 target=0.000 pid=0.000 pid_base=0.000 buoyancy_pwm=0 mask_valid=1 mask=0 forward_active=0
[CTRL] depth_valid=1 depth=12.564 vz=-0.118 az=-0.229 target_valid=0 target=0.000 pid=0.000 pid_base=0.000 buoyancy_pwm=0 mask_valid=1 mask=0 forward_active=0
$T,125,-1,-1,39,93,191,870,-808,341,1204,0*54
[CTRL] depth_valid=1 depth=12.516 vz=-0.209 az=-0.254 target_valid=0 target=0.000 pid=0.000 pid_base=0.000 buoyancy_pwm=0 mask_valid=1 mask=0 forward_active=0
[CTRL] depth_valid=1 depth=12.477 vz=-0.213 az=-0.194 target_valid=0 target=0.000 pid=0.000 pid_base=0.000 buoyancy_pwm=0 mask_valid=1 mask=0 forward_active=0
[CTRL] depth_valid=1 depth=12.413 vz=-0.197 az=-0.108 target_valid=0 target=0.000 pid=0.000 pid_base=0.000 buoyancy_pwm=0 mask_valid=1 mask=0 forward_active=0
[CTRL] depth_valid=1 depth=12.452 vz=-0.008 az=0.064 target_valid=0 target=0.000 pid=0.000 pid_base=0.000 buoyancy_pwm=0 mask_valid=1 mask=0 forward_active=0
$T,124,1,1,39,92,191,875,-812,336,1199,0*5D
[CTRL] depth_valid=1 depth=12.500 vz=0.043 az=0.033 target_valid=0 target=0.000 pid=0.000 pid_base=0.000 buoyancy_pwm=0 mask_valid=1 mask=0 forward_active=0
[CTRL] depth_valid=1 depth=12.534 vz=0.066 az=0.029 target_valid=0 target=0.000 pid=0.000 pid_base=0.000 buoyancy_pwm=0 mask_valid=1 mask=0 forward_active=0
[CTRL] depth_valid=1 depth=12.528 vz=-0.043 az=-0.105 target_valid=0 target=0.000 pid=0.000 pid_base=0.000 buoyancy_pwm=0 mask_valid=1 mask=0 forward_active=0
[CTRL] depth_valid=1 depth=12.525 vz=-0.091 az=-0.140 target_valid=0 target=0.000 pid=0.000 pid_base=0.000 buoyancy_pwm=0 mask_valid=1 mask=0 forward_active=0
$T,125,0,-1,39,92,191,868,-811,343,1203,0*7D
[OK]hb
[CTRL] depth_valid=1 depth=12.481 vz=-0.165 az=-0.173 target_valid=0 target=0.000 pid=0.000 pid_base=0.000 buoyancy_pwm=0 mask_valid=1 mask=0 forward_active=0
[CTRL] depth_valid=1 depth=12.442 vz=-0.152 az=-0.106 target_valid=0 target=0.000 pid=0.000 pid_base=0.000 buoyancy_pwm=0 mask_valid=1 mask=0 forward_active=0
[CTRL] depth_valid=1 depth=12.431 vz=-0.094 az=-0.039 target_valid=0 target=0.000 pid=0.000 pid_base=0.000 buoyancy_pwm=0 mask_valid=1 mask=0 forward_active=0
[CTRL] depth_valid=1 depth=12.458 vz=-0.006 az=0.021 target_valid=0 target=0.000 pid=0.000 pid_base=0.000 buoyancy_pwm=0 mask_valid=1 mask=0 forward_active=0
$T,124,0,0,40,92,192,865,-812,346,1203,0*56
[CTRL] depth_valid=1 depth=12.539 vz=0.132 az=0.106 target_valid=0 target=0.000 pid=0.000 pid_base=0.000 buoyancy_pwm=0 mask_valid=1 mask=0 forward_active=0
[CTRL] depth_valid=1 depth=12.570 vz=0.065 az=-0.016 target_valid=0 target=0.000 pid=0.000 pid_base=0.000 buoyancy_pwm=0 mask_valid=1 mask=0 forward_active=0
[CTRL] depth_valid=1 depth=12.568 vz=-0.040 az=-0.124 target_valid=0 target=0.000 pid=0.000 pid_base=0.000 buoyancy_pwm=0 mask_valid=1 mask=0 forward_active=0
[CTRL] depth_valid=1 depth=12.487 vz=-0.179 az=-0.186 target_valid=0 target=0.000 pid=0.000 pid_base=0.000 buoyancy_pwm=0 mask_valid=1 mask=0 forward_active=0
$T,124,-2,-2,40,92,192,873,-813,338,1203,0*59
[CTRL] depth_valid=1 depth=12.406 vz=-0.263 az=-0.215 target_valid=0 target=0.000 pid=0.000 pid_base=0.000 buoyancy_pwm=0 mask_valid=1 mask=0 forward_active=0
[CTRL] depth_valid=1 depth=12.412 vz=-0.100 az=-0.015 target_valid=0 target=0.000 pid=0.000 pid_base=0.000 buoyancy_pwm=0 mask_valid=1 mask=0 forward_active=0
[CTRL] depth_valid=1 depth=12.477 vz=0.049 az=0.073 target_valid=0 target=0.000 pid=0.000 pid_base=0.000 buoyancy_pwm=0 mask_valid=1 mask=0 forward_active=0
[OK]hb
[CTRL] depth_valid=1 depth=12.508 vz=0.048 az=0.017 target_valid=0 target=0.000 pid=0.000 pid_base=0.000 buoyancy_pwm=0 mask_valid=1 mask=0 forward_active=0
$T,125,0,0,40,92,192,874,-813,338,1203,0*5F
[CTRL] depth_valid=1 depth=12.501 vz=-0.069 az=-0.135 target_valid=0 target=0.000 pid=0.000 pid_base=0.000 buoyancy_pwm=0 mask_valid=1 mask=0 forward_active=0
[CTRL] depth_valid=1 depth=12.497 vz=-0.084 az=-0.118 target_valid=0 target=0.000 pid=0.000 pid_base=0.000 buoyancy_pwm=0 mask_valid=1 mask=0 forward_active=0
[CTRL] depth_valid=1 depth=12.533 vz=-0.037 az=-0.080 target_valid=0 target=0.000 pid=0.000 pid_base=0.000 buoyancy_pwm=0 mask_valid=1 mask=0 forward_active=0
[CTRL] depth_valid=1 depth=12.462 vz=-0.199 az=-0.213 target_valid=0 target=0.000 pid=0.000 pid_base=0.000 buoyancy_pwm=0 mask_valid=1 mask=0 forward_active=0
$T,124,-2,-1,40,92,192,873,-816,339,1203,0*5E
[CTRL] depth_valid=1 depth=12.448 vz=-0.115 az=-0.075 target_valid=0 target=0.000 pid=0.000 pid_base=0.000 buoyancy_pwm=0 mask_valid=1 mask=0 forward_active=0
[CTRL] depth_valid=1 depth=12.451 vz=-0.009 az=0.044 target_valid=0 target=0.000 pid=0.000 pid_base=0.000 buoyancy_pwm=0 mask_valid=1 mask=0 forward_active=0
[CTRL] depth_valid=1 depth=12.499 vz=0.080 az=0.080 target_valid=0 target=0.000 pid=0.000 pid_base=0.000 buoyancy_pwm=0 mask_valid=1 mask=0 forward_active=0
[CTRL] depth_valid=1 depth=12.482 vz=-0.003 az=-0.020 target_valid=0 target=0.000 pid=0.000 pid_base=0.000 buoyancy_pwm=0 mask_valid=1 mask=0 forward_active=0
$T,124,0,0,41,91,192,875,-814,337,1198,0*54
[OK]hb
[CTRL] depth_valid=1 depth=12.515 vz=0.003 az=-0.044 target_valid=0 target=0.000 pid=0.000 pid_base=0.000 buoyancy_pwm=0 mask_valid=1 mask=0 forward_active=0
[CTRL] depth_valid=1 depth=12.454 vz=-0.169 az=-0.199 target_valid=0 target=0.000 pid=0.000 pid_base=0.000 buoyancy_pwm=0 mask_valid=1 mask=0 forward_active=0
[CTRL] depth_valid=1 depth=12.459 vz=-0.096 az=-0.087 target_valid=0 target=0.000 pid=0.000 pid_base=0.000 buoyancy_pwm=0 mask_valid=1 mask=0 forward_active=0
[CTRL] depth_valid=1 depth=12.433 vz=-0.113 az=-0.091 target_valid=0 target=0.000 pid=0.000 pid_base=0.000 buoyancy_pwm=0 mask_valid=1 mask=0 forward_active=0
$T,124,-1,0,41,91,192,876,-817,337,1198,0*78
[CTRL] depth_valid=1 depth=12.441 vz=-0.101 az=-0.107 target_valid=0 target=0.000 pid=0.000 pid_base=0.000 buoyancy_pwm=0 mask_valid=1 mask=0 forward_active=0
[CTRL] depth_valid=1 depth=12.452 vz=-0.034 az=-0.022 target_valid=0 target=0.000 pid=0.000 pid_base=0.000 buoyancy_pwm=0 mask_valid=1 mask=0 forward_active=0
[CTRL] depth_valid=1 depth=12.507 vz=0.103 az=0.105 target_valid=0 target=0.000 pid=0.000 pid_base=0.000 buoyancy_pwm=0 mask_valid=1 mask=0 forward_active=0
[CTRL] depth_valid=1 depth=12.486 vz=-0.013 az=-0.039 target_valid=0 target=0.000 pid=0.000 pid_base=0.000 buoyancy_pwm=0 mask_valid=1 mask=0 forward_active=0
$T,125,0,0,41,91,192,871,-816,341,1200,0*50
[CTRL] depth_valid=1 depth=12.491 vz=-0.050 az=-0.090 target_valid=0 target=0.000 pid=0.000 pid_base=0.000 buoyancy_pwm=0 mask_valid=1 mask=0 forward_active=0
[CTRL] depth_valid=1 depth=12.457 vz=-0.141 az=-0.165 target_valid=0 target=0.000 pid=0.000 pid_base=0.000 buoyancy_pwm=0 mask_valid=1 mask=0 forward_active=0
[CTRL] depth_valid=1 depth=12.444 vz=-0.097 az=-0.077 target_valid=0 target=0.000 pid=0.000 pid_base=0.000 buoyancy_pwm=0 mask_valid=1 mask=0 forward_active=0
[OK]hb
[CTRL] depth_valid=1 depth=12.436 vz=-0.067 az=-0.040 target_valid=0 target=0.000 pid=0.000 pid_base=0.000 buoyancy_pwm=0 mask_valid=1 mask=0 forward_active=0
$T,124,0,0,41,91,193,874,-818,339,1201,0*55
[CTRL] depth_valid=1 depth=12.438 vz=-0.065 az=-0.062 target_valid=0 target=0.000 pid=0.000 pid_base=0.000 buoyancy_pwm=0 mask_valid=1 mask=0 forward_active=0
[CTRL] depth_valid=1 depth=12.467 vz=0.012 az=0.013 target_valid=0 target=0.000 pid=0.000 pid_base=0.000 buoyancy_pwm=0 mask_valid=1 mask=0 forward_active=0
[CTRL] depth_valid=1 depth=12.455 vz=-0.045 az=-0.057 target_valid=0 target=0.000 pid=0.000 pid_base=0.000 buoyancy_pwm=0 mask_valid=1 mask=0 forward_active=0
[CTRL] depth_valid=1 depth=12.452 vz=-0.063 az=-0.079 target_valid=0 target=0.000 pid=0.000 pid_base=0.000 buoyancy_pwm=0 mask_valid=1 mask=0 forward_active=0
$T,124,0,0,41,91,193,879,-818,334,1201,0*55
[CTRL] depth_valid=1 depth=12.497 vz=0.018 az=-0.011 target_valid=0 target=0.000 pid=0.000 pid_base=0.000 buoyancy_pwm=0 mask_valid=1 mask=0 forward_active=0
[CTRL] depth_valid=1 depth=12.427 vz=-0.150 az=-0.157 target_valid=0 target=0.000 pid=0.000 pid_base=0.000 buoyancy_pwm=0 mask_valid=1 mask=0 forward_active=0
[CTRL] depth_valid=1 depth=12.392 vz=-0.161 az=-0.132 target_valid=0 target=0.000 pid=0.000 pid_base=0.000 buoyancy_pwm=0 mask_valid=1 mask=0 forward_active=0
[CTRL] depth_valid=1 depth=12.447 vz=-0.002 az=0.012 target_valid=0 target=0.000 pid=0.000 pid_base=0.000 buoyancy_pwm=0 mask_valid=1 mask=0 forward_active=0
$T,125,1,1,42,91,194,878,-819,336,1200,0*53
d=1 depth=12.442 vz=-0.079 az=-0.106 target_valid=0 target=0.000 pid=0.000 pid_base=0.000 buoyancy_pwm=0 mask_valid=1 mask=0 forward_active=0
[CTRL] depth_valid=1 depth=12.472 vz=-0.024 az=-0.049 target_valid=0 target=0.000 pid=0.000 pid_base=0.000 buoyancy_pwm=0 mask_valid=1 mask=0 forward_active=0
[CTRL] depth_valid=1 depth=12.453 vz=-0.078 az=-0.094 target_valid=0 target=0.000 pid=0.000 pid_base=0.000 buoyancy_pwm=0 mask_valid=1 mask=0 forward_active=0
[CTRL] depth_valid=1 depth=12.444 vz=-0.074 az=-0.070 target_valid=0 target=0.000 pid=0.000 pid_base=0.000 buoyancy_pwm=0 mask_valid=1 mask=0 forward_active=0
$T,124,0,0,42,91,194,880,-819,333,1203,0*53
[CTRL] depth_valid=1 depth=12.412 vz=-0.141 az=-0.139 target_valid=0 target=0.000 pid=0.000 pid_base=0.000 buoyancy_pwm=0 mask_valid=1 mask=0 forward_active=0
[CTRL] depth_valid=1 depth=12.390 vz=-0.129 az=-0.103 target_valid=0 target=0.000 pid=0.000 pid_base=0.000 buoyancy_pwm=0 mask_valid=1 mask=0 forward_active=0
[CTRL] depth_valid=1 depth=12.423 vz=-0.012 az=0.011 target_valid=0 target=0.000 pid=0.000 pid_base=0.000 buoyancy_pwm=0 mask_valid=1 mask=0 forward_active=0
[CTRL] depth_valid=1 depth=12.441 vz=0.005 az=-0.004 target_valid=0 target=0.000 pid=0.000 pid_base=0.000 buoyancy_pwm=0 mask_valid=1 mask=0 forward_active=0
$T,124,0,0,42,90,194,884,-819,329,1199,0*5D
[CTRL] depth_valid=1 depth=12.440 vz=-0.056 az=-0.094 target_valid=0 target=0.000 pid=0.000 pid_base=0.000 buoyancy_pwm=0 mask_valid=1 mask=0 forward_active=0
[CTRL] depth_valid=1 depth=12.443 vz=-0.033 az=-0.042 target_valid=0 target=0.000 pid=0.000 pid_base=0.000 buoyancy_pwm=0 mask_valid=1 mask=0 forward_active=0
[CTRL] depth_valid=1 depth=12.455 vz=-0.030 az=-0.050 target_valid=0 target=0.000 pid=0.000 pid_base=0.000 buoyancy_pwm=0 mask_valid=1 mask=0 forward_active=0
[OK]hb
[CTRL] depth_valid=1 depth=12.433 vz=-0.077 az=-0.083 target_valid=0 target=0.000 pid=0.000 pid_base=0.000 buoyancy_pwm=0 mask_valid=1 mask=0 forward_active=0
$T,124,0,0,42,90,194,878,-820,335,1201,0*5B
[CTRL] depth_valid=1 depth=12.403 vz=-0.149 az=-0.159 target_valid=0 target=0.000 pid=0.000 pid_base=0.000 buoyancy_pwm=0 mask_valid=1 mask=0 forward_active=0
[CTRL] depth_valid=1 depth=12.393 vz=-0.100 az=-0.073 target_valid=0 target=0.000 pid=0.000 pid_base=0.000 buoyancy_pwm=0 mask_valid=1 mask=0 forward_active=0
[CTRL] depth_valid=1 depth=12.394 vz=-0.123 az=-0.132 target_valid=0 target=0.000 pid=0.000 pid_base=0.000 buoyancy_pwm=0 mask_valid=1 mask=0 forward_active=0
[CTRL] depth_valid=1 depth=12.392 vz=-0.082 az=-0.067 target_valid=0 target=0.000 pid=0.000 pid_base=0.000 buoyancy_pwm=0 mask_valid=1 mask=0 forward_active=0
$T,124,1,1,43,90,194,874,-821,339,1203,0*59
[CTRL] depth_valid=1 depth=12.451 vz=0.025 az=0.005 target_valid=0 target=0.000 pid=0.000 pid_base=0.000 buoyancy_pwm=0 mask_valid=1 mask=0 forward_active=0
[CTRL] depth_valid=1 depth=12.457 vz=-0.005 az=-0.035 target_valid=0 target=0.000 pid=0.000 pid_base=0.000 buoyancy_pwm=0 mask_valid=1 mask=0 forward_active=0
[CTRL] depth_valid=1 depth=12.425 vz=-0.095 az=-0.113 target_valid=0 target=0.000 pid=0.000 pid_base=0.000 buoyancy_pwm=0 mask_valid=1 mask=0 forward_active=0
[CTRL] depth_valid=1 depth=12.417 vz=-0.063 az=-0.052 target_valid=0 target=0.000 pid=0.000 pid_base=0.000 buoyancy_pwm=0 mask_valid=1 mask=0 forward_active=0
$T,124,0,0,43,89,194,877,-821,336,1203,0*5D
[OK]hb
[CTRL] depth_valid=1 depth=12.437 vz=0.021 az=0.037 target_valid=0 target=0.000 pid=0.000 pid_base=0.000 buoyancy_pwm=0 mask_valid=1 mask=0 forward_active=0
[CTRL] depth_valid=1 depth=12.390 vz=-0.125 az=-0.136 target_valid=0 target=0.000 pid=0.000 pid_base=0.000 buoyancy_pwm=0 mask_valid=1 mask=0 forward_active=0
[CTRL] depth_valid=1 depth=12.385 vz=-0.083 az=-0.066 target_valid=0 target=0.000 pid=0.000 pid_base=0.000 buoyancy_pwm=0 mask_valid=1 mask=0 forward_active=0
[CTRL] depth_valid=1 depth=12.403 vz=-0.032 az=-0.027 target_valid=0 target=0.000 pid=0.000 pid_base=0.000 buoyancy_pwm=0 mask_valid=1 mask=0 forward_active=0
$T,124,1,1,43,89,194,881,-821,333,1202,0*50
[CTRL] depth_valid=1 depth=12.457 vz=0.026 az=-0.017 target_valid=0 target=0.000 pid=0.000 pid_base=0.000 buoyancy_pwm=0 mask_valid=1 mask=0 forward_active=0
[CTRL] depth_valid=1 depth=12.417 vz=-0.085 az=-0.107 target_valid=0 target=0.000 pid=0.000 pid_base=0.000 buoyancy_pwm=0 mask_valid=1 mask=0 forward_active=0
[CTRL] depth_valid=1 depth=12.393 vz=-0.100 az=-0.096 target_valid=0 target=0.000 pid=0.000 pid_base=0.000 buoyancy_pwm=0 mask_valid=1 mask=0 forward_active=0
[CTRL] depth_valid=1 depth=12.418 vz=-0.005 az=0.010 target_valid=0 target=0.000 pid=0.000 pid_base=0.000 buoyancy_pwm=0 mask_valid=1 mask=0 forward_active=0
$T,124,0,0,43,89,194,877,-822,337,1199,0*5F
[CTRL] depth_valid=1 depth=12.395 vz=-0.093 az=-0.104 target_valid=0 target=0.000 pid=0.000 pid_base=0.000 buoyancy_pwm=0 mask_valid=1 mask=0 forward_active=0
[CTRL] depth_valid=1 depth=12.386 vz=-0.080 az=-0.073 target_valid=0 target=0.000 pid=0.000 pid_base=0.000 buoyancy_pwm=0 mask_valid=1 mask=0 forward_active=0
[CTRL] depth_valid=1 depth=12.403 vz=0.031 az=0.061 target_valid=0 target=0.000 pid=0.000 pid_base=0.000 buoyancy_pwm=0 mask_valid=1 mask=0 forward_active=0
[OK]hb
[CTRL] depth_valid=1 depth=12.448 vz=0.091 az=0.075 target_valid=0 target=0.000 pid=0.000 pid_base=0.000 buoyancy_pwm=0 mask_valid=1 mask=0 forward_active=0
$T,124,0,0,43,89,195,880,-822,334,1199,0*55
[CTRL] depth_valid=1 depth=12.437 vz=-0.021 az=-0.071 target_valid=0 target=0.000 pid=0.000 pid_base=0.000 buoyancy_pwm=0 mask_valid=1 mask=0 forward_active=0
[CTRL] depth_valid=1 depth=12.369 vz=-0.186 az=-0.206 target_valid=0 target=0.000 pid=0.000 pid_base=0.000 buoyancy_pwm=0 mask_valid=1 mask=0 forward_active=0
[CTRL] depth_valid=1 depth=12.357 vz=-0.130 az=-0.104 target_valid=0 target=0.000 pid=0.000 pid_base=0.000 buoyancy_pwm=0 mask_valid=1 mask=0 forward_active=0
[CTRL] depth_valid=1 depth=12.413 vz=0.033 az=0.048 target_valid=0 target=0.000 pid=0.000 pid_base=0.000 buoyancy_pwm=0 mask_valid=1 mask=0 forward_active=0
$T,124,1,1,43,89,195,878,-823,336,1205,0*57
[CTRL] depth_valid=1 depth=12.441 vz=0.016 az=-0.022 target_valid=0 target=0.000 pid=0.000 pid_base=0.000 buoyancy_pwm=0 mask_valid=1 mask=0 forward_active=0
[CTRL] depth_valid=1 depth=12.395 vz=-0.107 az=-0.130 target_valid=0 target=0.000 pid=0.000 pid_base=0.000 buoyancy_pwm=0 mask_valid=1 mask=0 forward_active=0
[CTRL] depth_valid=1 depth=12.424 vz=-0.049 az=-0.071 target_valid=0 target=0.000 pid=0.000 pid_base=0.000 buoyancy_pwm=0 mask_valid=1 mask=0 forward_active=0
[CTRL] depth_valid=1 depth=12.420 vz=-0.042 az=-0.047 target_valid=0 target=0.000 pid=0.000 pid_base=0.000 buoyancy_pwm=0 mask_valid=1 mask=0 forward_active=0
$T,123,0,0,44,89,195,875,-823,339,1205,0*55
[CTRL] depth_valid=1 depth=12.393 vz=-0.081 az=-0.074 target_valid=0 target=0.000 pid=0.000 pid_base=0.000 buoyancy_pwm=0 mask_valid=1 mask=0 forward_active=0
[OK]hb
[CTRL] depth_valid=1 depth=12.386 vz=-0.068 az=-0.054 target_valid=0 target=0.000 pid=0.000 pid_base=0.000 buoyancy_pwm=0 mask_valid=1 mask=0 forward_active=0
[CTRL] depth_valid=1 depth=12.379 vz=-0.077 az=-0.070 target_valid=0 target=0.000 pid=0.000 pid_base=0.000 buoyancy_pwm=0 mask_valid=1 mask=0 forward_active=0
[CTRL] depth_valid=1 depth=12.391 vz=-0.034 az=-0.029 target_valid=0 target=0.000 pid=0.000 pid_base=0.000 buoyancy_pwm=0 mask_valid=1 mask=0 forward_active=0
$T,123,0,0,44,89,195,876,-824,337,1209,0*53
[CTRL] depth_valid=1 depth=12.413 vz=0.018 az=0.015 target_valid=0 target=0.000 pid=0.000 pid_base=0.000 buoyancy_pwm=0 mask_valid=1 mask=0 forward_active=0
[CTRL] depth_valid=1 depth=12.433 vz=0.021 az=-0.004 target_valid=0 target=0.000 pid=0.000 pid_base=0.000 buoyancy_pwm=0 mask_valid=1 mask=0 forward_active=0
[CTRL] depth_valid=1 depth=12.400 vz=-0.080 az=-0.103 target_valid=0 target=0.000 pid=0.000 pid_base=0.000 buoyancy_pwm=0 mask_valid=1 mask=0 forward_active=0
[CTRL] depth_valid=1 depth=12.384 vz=-0.098 az=-0.104 target_valid=0 target=0.000 pid=0.000 pid_base=0.000 buoyancy_pwm=0 mask_valid=1 mask=0 forward_active=0
$T,124,0,0,44,89,195,878,-823,335,1209,0*5F
[CTRL] depth_valid=1 depth=12.405 vz=-0.057 az=-0.074 target_valid=0 target=0.000 pid=0.000 pid_base=0.000 buoyancy_pwm=0 mask_valid=1 mask=0 forward_active=0
[CTRL] depth_valid=1 depth=12.385 vz=-0.075 az=-0.071 target_valid=0 target=0.000 pid=0.000 pid_base=0.000 buoyancy_pwm=0 mask_valid=1 mask=0 forward_active=0
[CTRL] depth_valid=1 depth=12.404 vz=-0.021 az=-0.021 target_valid=0 target=0.000 pid=0.000 pid_base=0.000 buoyancy_pwm=0 mask_valid=1 mask=0 forward_active=0
[OK]hb
[CTRL] depth_valid=1 depth=12.367 vz=-0.112 az=-0.115 target_valid=0 target=0.000 pid=0.000 pid_base=0.000 buoyancy_pwm=0 mask_valid=1 mask=0 forward_active=0
$T,123,-1,-1,44,89,196,875,-824,339,1212,0*57
[CTRL] depth_valid=1 depth=12.379 vz=-0.075 az=-0.082 target_valid=0 target=0.000 pid=0.000 pid_base=0.000 buoyancy_pwm=0 mask_valid=1 mask=0 forward_active=0
[CTRL] depth_valid=1 depth=12.383 vz=-0.035 az=-0.024 target_valid=0 target=0.000 pid=0.000 pid_base=0.000 buoyancy_pwm=0 mask_valid=1 mask=0 forward_active=0
[CTRL] depth_valid=1 depth=12.388 vz=-0.042 az=-0.049 target_valid=0 target=0.000 pid=0.000 pid_base=0.000 buoyancy_pwm=0 mask_valid=1 mask=0 forward_active=0
[CTRL] depth_valid=1 depth=12.372 vz=-0.099 az=-0.113 target_valid=0 target=0.000 pid=0.000 pid_base=0.000 buoyancy_pwm=0 mask_valid=1 mask=0 forward_active=0
$T,123,0,0,45,89,196,877,-824,337,1212,0*5A
[CTRL] depth_valid=1 depth=12.425 vz=0.030 az=0.017 target_valid=0 target=0.000 pid=0.000 pid_base=0.000 buoyancy_pwm=0 mask_valid=1 mask=0 forward_active=0
[CTRL] depth_valid=1 depth=12.400 vz=-0.075 az=-0.100 target_valid=0 target=0.000 pid=0.000 pid_base=0.000 buoyancy_pwm=0 mask_valid=1 mask=0 forward_active=0
[CTRL] depth_valid=1 depth=12.416 vz=-0.028 az=-0.040 target_valid=0 target=0.000 pid=0.000 pid_base=0.000 buoyancy_pwm=0 mask_valid=1 mask=0 forward_active=0
[CTRL] depth_valid=1 depth=12.708 vz=0.505 az=0.395 target_valid=0 target=0.000 pid=0.000 pid_base=0.000 buoyancy_pwm=0 mask_valid=1 mask=0 forward_active=0
$T,126,2,1,45,90,196,374,-836,828,1216,0*5E
[CTRL] depth_valid=1 depth=11.610 vz=-2.322 az=-2.390 target_valid=0 target=0.000 pid=0.000 pid_base=0.000 buoyancy_pwm=0 mask_valid=1 mask=0 forward_active=0
[OK]hb
[CTRL] depth_valid=1 depth=8.839 vz=-5.842 az=-4.224 target_valid=0 target=0.000 pid=0.000 pid_base=0.000 buoyancy_pwm=0 mask_valid=1 mask=0 forward_active=0
[CTRL] depth_valid=1 depth=8.546 vz=-1.174 az=1.993 target_valid=0 target=0.000 pid=0.000 pid_base=0.000 buoyancy_pwm=0 mask_valid=1 mask=0 forward_active=0
[CTRL] depth_valid=1 depth=10.565 vz=3.546 az=4.589 target_valid=0 target=0.000 pid=0.000 pid_base=0.000 buoyancy_pwm=0 mask_valid=1 mask=0 forward_active=0
$T,105,27,29,39,84,,-786,-798,1480,1200,0*75
[CTRL] depth_valid=1 depth=10.155 vz=0.504 az=0.050 target_valid=0 target=0.000 pid=0.000 pid_base=0.000 buoyancy_pwm=0 mask_valid=1 mask=0 forward_active=0
[CTRL] depth_valid=1 depth=4.116 vz=-12.810 az=-12.072 target_valid=0 target=0.000 pid=0.000 pid_base=0.000 buoyancy_pwm=0 mask_valid=1 mask=0 forward_active=0
[CTRL] depth_valid=1 depth=-1.236 vz=-11.367 az=-4.066 target_valid=0 target=0.000 pid=0.000 pid_base=0.000 buoyancy_pwm=0 mask_valid=1 mask=0 forward_active=0
[CTRL] depth_valid=1 depth=0.203 vz=0.601 az=7.312 target_valid=0 target=0.000 pid=0.000 pid_base=0.000 buoyancy_pwm=0 mask_valid=1 mask=0 forward_active=0
$T,5,21,75,,,,-858,-152,1025,1198,0*78
[CTRL] depth_valid=1 depth=0.272 vz=1.687 az=4.903 target_valid=0 target=0.000 pid=0.000 pid_base=0.000 buoyancy_pwm=0 mask_valid=1 mask=0 forward_active=0
[CTRL] depth_valid=1 depth=0.178 vz=1.154 az=2.370 target_valid=0 target=0.000 pid=0.000 pid_base=0.000 buoyancy_pwm=0 mask_valid=1 mask=0 forward_active=0
[CTRL] depth_valid=1 depth=0.093 vz=0.523 az=0.853 target_valid=0 target=0.000 pid=0.000 pid_base=0.000 buoyancy_pwm=0 mask_valid=1 mask=0 forward_active=0
[OK]hb
[CTRL] depth_valid=1 depth=0.033 vz=0.147 az=0.187 target_valid=0 target=0.000 pid=0.000 pid_base=0.000 buoyancy_pwm=0 mask_valid=1 mask=0 forward_active=0
$T,0,0,0,,,,-936,-213,1206,1203,0*71
[CTRL] depth_valid=1 depth=0.007 vz=0.014 az=0.003 target_valid=0 target=0.000 pid=0.000 pid_base=0.000 buoyancy_pwm=0 mask_valid=1 mask=0 forward_active=0
[CTRL] depth_valid=1 depth=-0.000 vz=-0.009 az=-0.015 target_valid=0 target=0.000 pid=0.000 pid_base=0.000 buoyancy_pwm=0 mask_valid=1 mask=0 forward_active=0
[CTRL] depth_valid=1 depth=-0.001 vz=-0.005 az=-0.006 target_valid=0 target=0.000 pid=0.000 pid_base=0.000 buoyancy_pwm=0 mask_valid=1 mask=0 forward_active=0
[CTRL] depth_valid=1 depth=-0.000 vz=-0.001 az=0.000 target_valid=0 target=0.000 pid=0.000 pid_base=0.000 buoyancy_pwm=0 mask_valid=1 mask=0 forward_active=0
$T,0,0,0,,,,-945,-144,1191,1203,0*79
[CTRL] depth_valid=1 depth=0.000 vz=0.000 az=0.001 target_valid=0 target=0.000 pid=0.000 pid_base=0.000 buoyancy_pwm=0 mask_valid=1 mask=0 forward_active=0
[CTRL] depth_valid=1 depth=0.000 vz=0.000 az=0.001 target_valid=0 target=0.000 pid=0.000 pid_base=0.000 buoyancy_pwm=0 mask_valid=1 mask=0 forward_active=0
[CTRL] depth_valid=1 depth=0.000 vz=0.000 az=0.000 target_valid=0 target=0.000 pid=0.000 pid_base=0.000 buoyancy_pwm=0 mask_valid=1 mask=0 forward_active=0
[CTRL] depth_valid=1 depth=0.000 vz=0.000 az=-0.000 target_valid=0 target=0.000 pid=0.000 pid_base=0.000 buoyancy_pwm=0 mask_valid=1 mask=0 forward_active=0
$T,0,0,0,,,,-672,-315,826,1203,0*40
[CTRL] depth_valid=1 depth=-0.000 vz=-0.000 az=-0.000 target_valid=0 target=0.000 pid=0.000 pid_base=0.000 buoyancy_pwm=0 mask_valid=1 mask=0 forward_active=0
[OK]hb
[CTRL] depth_valid=1 depth=0.757 vz=1.588 az=1.411 target_valid=0 target=0.000 pid=0.000 pid_base=0.000 buoyancy_pwm=0 mask_valid=1 mask=0 forward_active=0
[CTRL] depth_valid=1 depth=0.059 vz=-0.741 az=-1.058 target_valid=0 target=0.000 pid=0.000 pid_base=0.000 buoyancy_pwm=0 mask_valid=1 mask=0 forward_active=0
[CTRL] depth_valid=1 depth=-0.080 vz=-0.528 az=-0.403 target_valid=0 target=0.000 pid=0.000 pid_base=0.000 buoyancy_pwm=0 mask_valid=1 mask=0 forward_active=0
$T,0,-3,-1,,,,-1480,259,-1678,1203,0*41
[CTRL] depth_valid=1 depth=-0.024 vz=-0.050 az=0.149 target_valid=0 target=0.000 pid=0.000 pid_base=0.000 buoyancy_pwm=0 mask_valid=1 mask=0 forward_active=0
[CTRL] depth_valid=1 depth=0.006 vz=0.080 az=0.185 target_valid=0 target=0.000 pid=0.000 pid_base=0.000 buoyancy_pwm=0 mask_valid=1 mask=0 forward_active=0
[CTRL] depth_valid=1 depth=0.008 vz=0.056 az=0.090 target_valid=0 target=0.000 pid=0.000 pid_base=0.000 buoyancy_pwm=0 mask_valid=1 mask=0 forward_active=0
[CTRL] depth_valid=1 depth=0.004 vz=0.021 az=0.025 target_valid=0 target=0.000 pid=0.000 pid_base=0.000 buoyancy_pwm=0 mask_valid=1 mask=0 forward_active=0
$T,0,0,0,,,,-1041,284,-1087,1203,0*4C
[CTRL] depth_valid=1 depth=0.020 vz=0.019 az=-0.005 target_valid=0 target=0.000 pid=0.000 pid_base=0.000 buoyancy_pwm=0 mask_valid=1 mask=0 forward_active=0
[CTRL] depth_valid=1 depth=0.033 vz=0.041 az=0.028 target_valid=0 target=0.000 pid=0.000 pid_base=0.000 buoyancy_pwm=0 mask_valid=1 mask=0 forward_active=0
[CTRL] depth_valid=1 depth=0.056 vz=0.066 az=0.042 target_valid=0 target=0.000 pid=0.000 pid_base=0.000 buoyancy_pwm=0 mask_valid=1 mask=0 forward_active=0
[OK]hb
[CTRL] depth_valid=1 depth=0.073 vz=0.053 az=0.010 target_valid=0 target=0.000 pid=0.000 pid_base=0.000 buoyancy_pwm=0 mask_valid=1 mask=0 forward_active=0
$T,0,0,0,,,,1602,731,976,1205,0*76
[CTRL] depth_valid=1 depth=0.122 vz=0.147 az=0.100 target_valid=0 target=0.000 pid=0.000 pid_base=0.000 buoyancy_pwm=0 mask_valid=1 mask=0 forward_active=0
[CTRL] depth_valid=1 depth=0.168 vz=0.142 az=0.052 target_valid=0 target=0.000 pid=0.000 pid_base=0.000 buoyancy_pwm=0 mask_valid=1 mask=0 forward_active=0
[CTRL] depth_valid=1 depth=0.114 vz=-0.053 az=-0.129 target_valid=0 target=0.000 pid=0.000 pid_base=0.000 buoyancy_pwm=0 mask_valid=1 mask=0 forward_active=0
[CTRL] depth_valid=1 depth=0.084 vz=-0.122 az=-0.164 target_valid=0 target=0.000 pid=0.000 pid_base=0.000 buoyancy_pwm=0 mask_valid=1 mask=0 forward_active=0
$T,0,-1,-1,,,,1648,531,991,1205,0*73
[CTRL] depth_valid=1 depth=0.072 vz=-0.095 az=-0.089 target_valid=0 target=0.000 pid=0.000 pid_base=0.000 buoyancy_pwm=0 mask_valid=1 mask=0 forward_active=0
[CTRL] depth_valid=1 depth=0.094 vz=-0.007 az=0.011 target_valid=0 target=0.000 pid=0.000 pid_base=0.000 buoyancy_pwm=0 mask_valid=1 mask=0 forward_active=0
[CTRL] depth_valid=1 depth=0.071 vz=-0.049 az=-0.032 target_valid=0 target=0.000 pid=0.000 pid_base=0.000 buoyancy_pwm=0 mask_valid=1 mask=0 forward_active=0
[CTRL] depth_valid=1 depth=0.101 vz=0.033 az=0.044 target_valid=0 target=0.000 pid=0.000 pid_base=0.000 buoyancy_pwm=0 mask_valid=1 mask=0 forward_active=0
$T,1,0,0,,,,1649,533,992,1203,0*74
[CTRL] depth_valid=1 depth=0.112 vz=0.035 az=0.026 target_valid=0 target=0.000 pid=0.000 pid_base=0.000 buoyancy_pwm=0 mask_valid=1 mask=0 forward_active=0
[OK]hb
[CTRL] depth_valid=1 depth=0.110 vz=0.008 az=-0.008 target_valid=0 target=0.000 pid=0.000 pid_base=0.000 buoyancy_pwm=0 mask_valid=1 mask=0 forward_active=0
[CTRL] depth_valid=1 depth=0.082 vz=-0.069 az=-0.083 target_valid=0 target=0.000 pid=0.000 pid_base=0.000 buoyancy_pwm=0 mask_valid=1 mask=0 forward_active=0
[CTRL] depth_valid=1 depth=0.078 vz=-0.040 az=-0.028 target_valid=0 target=0.000 pid=0.000 pid_base=0.000 buoyancy_pwm=0 mask_valid=1 mask=0 forward_active=0
$T,0,0,0,,,,1650,533,992,1200,0*7E
[CTRL] depth_valid=1 depth=0.089 vz=-0.001 az=0.010 target_valid=0 target=0.000 pid=0.000 pid_base=0.000 buoyancy_pwm=0 mask_valid=1 mask=0 forward_active=0
[CTRL] depth_valid=1 depth=0.097 vz=0.016 az=0.020 target_valid=0 target=0.000 pid=0.000 pid_base=0.000 buoyancy_pwm=0 mask_valid=1 mask=0 forward_active=0
[CTRL] depth_valid=1 depth=0.121 vz=0.054 az=0.045 target_valid=0 target=0.000 pid=0.000 pid_base=0.000 buoyancy_pwm=0 mask_valid=1 mask=0 forward_active=0
[CTRL] depth_valid=1 depth=0.131 vz=0.040 az=0.014 target_valid=0 target=0.000 pid=0.000 pid_base=0.000 buoyancy_pwm=0 mask_valid=1 mask=0 forward_active=0
$T,1,0,0,,,,1650,533,992,1201,0*7E
[CTRL] depth_valid=1 depth=0.105 vz=-0.040 az=-0.063 target_valid=0 target=0.000 pid=0.000 pid_base=0.000 buoyancy_pwm=0 mask_valid=1 mask=0 forward_active=0
[CTRL] depth_valid=1 depth=0.093 vz=-0.061 az=-0.071 target_valid=0 target=0.000 pid=0.000 pid_base=0.000 buoyancy_pwm=0 mask_valid=1 mask=0 forward_active=0
[CTRL] depth_valid=1 depth=0.103 vz=-0.022 az=-0.023 target_valid=0 target=0.000 pid=0.000 pid_base=0.000 buoyancy_pwm=0 mask_valid=1 mask=0 forward_active=0
[OK]hb
[CTRL] depth_vaid=1 depth=0.099 vz=-0.010 az=0.002 target_valid=0 target=0.000 pid=0.000 pid_base=0.000 buoyancy_pwm=0 mask_valid=1 mask=0 forward_active=0
$T,0,0,0,,,,1650,533,992,1199,0*7D
[CTRL] depth_valid=1 depth=0.055 vz=-0.105 az=-0.093 target_valid=0 target=0.000 pid=0.000 pid_base=0.000 buoyancy_pwm=0 mask_valid=1 mask=0 forward_active=0
[CTRL] depth_valid=1 depth=0.105 vz=0.048 az=0.066 target_valid=0 target=0.000 pid=0.000 pid_base=0.000 buoyancy_pwm=0 mask_valid=1 mask=0 forward_active=0
[CTRL] depth_valid=1 depth=0.106 vz=0.027 az=0.025 target_valid=0 target=0.000 pid=0.000 pid_base=0.000 buoyancy_pwm=0 mask_valid=1 mask=0 forward_active=0
[CTRL] depth_valid=1 depth=0.094 vz=-0.001 az=0.001 target_valid=0 target=0.000 pid=0.000 pid_base=0.000 buoyancy_pwm=0 mask_valid=1 mask=0 forward_active=0
$T,0,0,0,,,,1650,533,992,1202,0*7C
[CTRL] depth_valid=1 depth=0.099 vz=0.009 az=0.009 target_valid=0 target=0.000 pid=0.000 pid_base=0.000 buoyancy_pwm=0 mask_valid=1 mask=0 forward_active=0
[CTRL] depth_valid=1 depth=0.093 vz=-0.016 az=-0.023 target_valid=0 target=0.000 pid=0.000 pid_base=0.000 buoyancy_pwm=0 mask_valid=1 mask=0 forward_active=0
[CTRL] depth_valid=1 depth=0.102 vz=0.011 az=0.009 target_valid=0 target=0.000 pid=0.000 pid_base=0.000 buoyancy_pwm=0 mask_valid=1 mask=0 forward_active=0
