[CTRL] depth_valid=1 depth=12.009 vz=-0.079 az=-0.078 target_valid=0 target=0.000 pid=0.000 pid_base=0.000 buoyancy_pwm=0 mask_valid=1 mask=0 forward_active=0
[CTRL] depth_valid=1 depth=12.017 vz=-0.034 az=-0.025 target_valid=0 target=0.000 pid=0.000 pid_base=0.000 buoyancy_pwm=0 mask_valid=1 mask=0 forward_active=0
[CTRL] depth_valid=1 depth=12.045 vz=0.041 az=0.048 target_valid=0 target=0.000 pid=0.000 pid_base=0.000 buoyancy_pwm=0 mask_valid=1 mask=0 forward_active=0
$T,120,0,0,,,,1024,-794,-864,1200,0*7F
[CTRL] depth_valid=1 depth=12.041 vz=-0.007 az=-0.023 target_valid=0 target=0.000 pid=0.000 pid_base=0.000 buoyancy_pwm=0 mask_valid=1 mask=0 forward_active=0
[CTRL] depth_valid=1 depth=12.003 vz=-0.111 az=-0.123 target_valid=0 target=0.000 pid=0.000 pid_base=0.000 buoyancy_pwm=0 mask_valid=1 mask=0 forward_active=0
[CTRL] depth_valid=1 depth=12.001 vz=-0.063 az=-0.048 target_valid=0 target=0.000 pid=0.000 pid_base=0.000 buoyancy_pwm=0 mask_valid=1 mask=0 forward_active=0
[CTRL] depth_valid=1 depth=12.003 vz=-0.035 az=-0.021 target_valid=0 target=0.000 pid=0.000 pid_base=0.000 buoyancy_pwm=0 mask_valid=1 mask=0 forward_active=0
$T,120,0,0,,,,1020,-795,-860,1200,0*7E
[CTRL] depth_valid=1 depth=12.029 vz=-0.020 az=-0.045 target_valid=0 target=0.000 pid=0.000 pid_base=0.000 buoyancy_pwm=0 mask_valid=1 mask=0 forward_active=0
[CTRL] depth_valid=1 depth=12.027 vz=-0.003 az=-0.002 target_valid=0 target=0.000 pid=0.000 pid_base=0.000 buoyancy_pwm=0 mask_valid=1 mask=0 forward_active=0
[CTRL] depth_valid=1 depth=12.024 vz=-0.024 az=-0.035 target_valid=0 target=0.000 pid=0.000 pid_base=0.000 buoyancy_pwm=0 mask_valid=1 mask=0 forward_active=0
[Cvz=-0.056 az=68 target_valid=0 target=0.000 pid=0.000 pid_base=0.000 buoyancy_pwm=0 mask_valid=1 mask=0 forward_active=0
$T,120,0,0,,,,1023,-796,-862,1206,0*7A
[CTRL] depth_valid=1 depth=11.997 vz=-0.077 az=-0.075 target_valid=0 target=0.000 pid=0.000 pid_base=0.000 buoyancy_pwm=0 mask_valid=1 mask=0 forward_active=0
[CTRL] depth_valid=1 depth=11.986 vz=-0.078 az=-0.069 target_valid=0 target=0.000 pid=0.000 pid_base=0.000 buoyancy_pwm=0 mask_valid=1 mask=0 forward_active=0
[CTRL] depth_valid=1 depth=12.039 vz=0.060 az=0.062 target_valid=0 target=0.000 pid=0.000 pid_base=0.000 buoyancy_pwm=0 mask_valid=1 mask=0 forward_active=0
[CTRL] depth_valid=1 depth=12.041 vz=0.012 az=-0.010 target_valid=0 target=0.000 pid=0.000 pid_base=0.000 buoyancy_pwm=0 mask_valid=1 mask=0 forward_active=0
$T,120,0,0,,,,1017,-795,-857,1206,0*78
[CTRL] depth_valid=1 depth=12.030 vz=-0.072 az=-0.111 target_valid=0 target=0.000 pid=0.000 pid_base=0.000 buoyancy_pwm=0 mask_valid=1 mask=0 forward_active=0
[CTRL] depth_valid=1 depth=11.988 vz=-0.147 az=-0.153 target_valid=0 target=0.000 pid=0.000 pid_base=0.000 buoyancy_pwm=0 mask_valid=1 mask=0 forward_active=0
[CTRL] depth_valid=1 depth=12.013 vz=-0.059 az=-0.055 target_valid=0 target=0.000 pid=0.000 pid_base=0.000 buoyancy_pwm=0 mask_valid=1 mask=0 forward_active=0
[CTRL] depth_valid=1 depth=12.010 vz=-0.058 az=-0.057 target_valid=0 target=0.000 pid=0.000 pid_base=0.000 buoyancy_pwm=0 mask_valid=1 mask=0 forward_active=0
$T,120,0,0,,,,1016,-794,-855,1206,0*7A
[CTRL] depth_valid=1 depth=12.045 vz=0.026 az=0.021 target_valid=0 target=0.000 pid=0.000 pid_base=0.000 buoyancy_pwm=0 mask_valid=1 mask=0 forward_active=0
[CTRL] depth_valid=1 depth=11.984 vz=-0.110 az=-0.101 target_valid=0 target=0.000 pid=0.000 pid_base=0.000 buoyancy_pwm=0 mask_valid=1 mask=0 forward_active=0
[OK]hb
[CTRL] depth_valid=1 depth=12.010 vz=-0.041 az=-0.042 target_valid=0 target=0.000 pid=0.000 pid_base=0.000 buoyancy_pwm=0 mask_valid=1 mask=0 forward_active=0
Target depth set to 5.0 cm
[OK]l5#26[ACK] l5#26

<- Minima: BUOY 
Target depth set to 10.0 cm
[OK]l10#27[ACK] l10#27

[CTRL] depth_valid=1 depth=12.004 vz=-0.072 az=-0.085 target_valid=1 target=10.000 pid=47.692 pid_base=47.692 buoyancy_pwm=156 mask_valid=1 mask=0 forward_active=0
$T,120,0,0,,,,979,-797,-816,1200,4*4D
[CTRL] depth_valid=1 depth=12.097 vz=0.112 az=0.076 target_valid=1 target=10.000 pid=21.240 pid_base=21.240 buoyancy_pwm=105 mask_valid=1 mask=0 forward_active=0
Target depth set to 15.0 cm
[OK]l15#28[ACK] l15#28

<- Minima: IDLE
[CTRL] depth_valid=1 depth=12.116 vz=0.011 az=-0.079 target_valid=1 target=15.000 pid=80.000 pid_base=80.000 buoyancy_pwm=217 mask_valid=1 mask=0 forward_active=0
Target depth set to 20.0 cm
[OK]l20#29[ACK] l20#29

<- Minima: BUOY 
[CTRL] depth_valid=1 depth=12.072 vz=-0.146 az=-0.209 target_valid=1 target=20.000 pid=80.000 pid_base=80.000 buoyancy_pwm=217 mask_valid=1 mask=0 forward_active=0
[CTRL] depth_valid=1 depth=11.981 vz=-0.250 az=-0.222 target_valid=1 target=20.000 pid=80.000 pid_base=80.000 buoyancy_pwm=217 mask_valid=1 mask=0 forward_active=0
$T,119,-2,-2,,,,1071,-821,-898,1200,4*73
Target depth set to 25.0 cm
[OK]l25#30[ACK] l25#30

[CTRL] depth_valid=1 depth=11.997 vz=-0.095 az=-0.039 target_valid=1 target=25.000 pid=80.000 pid_base=80.000 buoyancy_pwm=217 mask_valid=1 mask=0 forward_active=0
[CTRL] depth_valid=1 depth=11.920 vz=-0.122 az=-0.018 target_valid=1 target=25.000 pid=80.000 pid_base=80.000 buoyancy_pwm=217 mask_valid=1 mask=0 forward_active=0
Target depth set to 30.0 cm
[OK]l30#31[ACK] l30#31

[CTRL] depth_valid=1 depth=11.969 vz=0.074 az=0.144 target_valid=1 target=30.000 pid=80.000 pid_base=80.000 buoyancy_pwm=217 mask_valid=1 mask=0 forward_active=0
[CTRL] depth_valid=1 depth=11.889 vz=-0.123 az=-0.091 target_valid=1 target=30.000 pid=80.000 pid_base=80.000 buoyancy_pwm=217 mask_valid=1 mask=0 forward_active=0
$T,118,-1,0,,,,1136,-846,-958,1215,4*54
[OK]hb
[CTRL] depth_valid=1 depth=11.802 vz=-0.285 az=-0.251 target_valid=1 target=30.000 pid=80.000 pid_base=80.000 buoyancy_pwm=217 mask_valid=1 mask=0 forward_active=0
[CTRL] depth_valid=1 depth=11.631 vz=-0.414 az=-0.259 target_valid=1 target=30.000 pid=80.000 pid_base=80.000 buoyancy_pwm=217 mask_valid=1 mask=0 forward_active=0
[CTRL] depth_valid=1 depth=11.601 vz=-0.169 az=0.038 target_valid=1 target=30.000 pid=80.000 pid_base=80.000 buoyancy_pwm=217 mask_valid=1 mask=0 forward_active=0
[CTRL] depth_valid=1 depth=11.660 vz=0.094 az=0.231 target_valid=1 target=30.000 pid=80.000 pid_base=80.000 buoyancy_pwm=217 mask_valid=1 mask=0 forward_active=0
$T,116,0,2,,,,1750,-880,-1563,1215,4*4D
[CTRL] depth_valid=1 depth=11.576 vz=-0.136 az=-0.088 target_valid=1 target=30.000 pid=80.000 pid_base=80.000 buoyancy_pwm=217 mask_valid=1 mask=0 forward_active=0
[CTRL] depth_valid=1 depth=11.662 vz=0.079 az=0.091 target_valid=1 target=30.000 pid=80.000 pid_base=80.000 buoyancy_pwm=217 mask_valid=1 mask=0 forward_active=0
[CTRL] depth_valid=1 depth=11.677 vz=0.033 az=0.001 target_valid=1 target=30.000 pid=80.000 pid_base=80.000 buoyancy_pwm=217 mask_valid=1 mask=0 forward_active=0
[CTRL] depth_valid=1 depth=11.673 vz=0.004 az=-0.016 target_valid=1 target=30.000 pid=80.000 pid_base=80.000 buoyancy_pwm=217 mask_valid=1 mask=0 forward_active=0
$T,116,0,0,,,,-1147,-856,1331,1215,4*45
[CTRL] depth_valid=1 depth=11.601 vz=-0.152 az=-0.152 target_valid=1 target=30.000 pid=80.000 pid_base=80.000 buoyancy_pwm=217 mask_valid=1 mask=0 forward_active=0
[CTRL] depth_valid=1 depth=11.568 vz=-0.183 az=-0.158 target_valid=1 target=30.000 pid=80.000 pid_base=80.000 buoyancy_pwm=217 mask_valid=1 mask=0 forward_active=0
[OK]hb
[CTRL] depth_valid=1 depth=11.525 vz=-0.212 az=-0.175 target_valid=1 target=30.000 pid=80.000 pid_base=80.000 buoyancy_pwm=217 mask_valid=1 mask=0 forward_active=0
[CTRL] depth_valid=1 depth=11.477 vz=-0.238 az=-0.184 target_valid=1 target=30.000 pid=80.000 pid_base=80.000 buoyancy_pwm=217 mask_valid=1 mask=0 forward_active=0
$T,114,-2,-1,,,,-1030,-838,1210,1206,4*4D
[CTRL] depth_valid=1 depth=11.507 vz=-0.061 az=-0.001 target_valid=1 target=30.000 pid=80.000 pid_base=80.000 buoyancy_pwm=217 mask_valid=1 mask=0 forward_active=0
[CTRL] depth_valid=1 depth=11.512 vz=0.034 az=0.096 target_valid=1 target=30.000 pid=80.000 pid_base=80.000 buoyancy_pwm=217 mask_valid=1 mask=0 forward_active=0
[CTRL] depth_valid=1 depth=11.470 vz=-0.105 az=-0.096 target_valid=1 target=30.000 pid=80.000 pid_base=80.000 buoyancy_pwm=217 mask_valid=1 mask=0 forward_active=0
[CTRL] depth_valid=1 depth=11.589 vz=0.176 az=0.167 target_valid=1 target=30.000 pid=80.000 pid_base=80.000 buoyancy_pwm=217 mask_valid=1 mask=0 forward_active=0
$T,115,1,1,,,,-977,-822,1152,1209,4*75
[CTRL] depth_valid=1 depth=11.659 vz=0.038 az=-0.122 target_valid=1 target=30.000 pid=80.000 pid_base=80.000 buoyancy_pwm=217 mask_valid=1 mask=0 forward_active=0
[CTRL] depth_valid=1 depth=11.713 vz=0.109 az=0.011 target_valid=1 target=30.000 pid=80.000 pid_base=80.000 buoyancy_pwm=217 mask_valid=1 mask=0 forward_active=0
[CTRL] depth_valid=1 depth=11.946 vz=0.392 az=0.202 target_valid=1 target=30.000 pid=80.000 pid_base=80.000 buoyancy_pwm=217 mask_valid=1 mask=0 forward_active=0
[CTRL] depth_valid=1 depth=11.968 vz=0.148 az=-0.068 target_valid=1 target=30.000 pid=80.000 pid_base=80.000 buoyancy_pwm=217 mask_valid=1 mask=0 forward_active=0
$T,119,1,0,,,,-952,-806,1129,1209,4*75
[OK]hb
[CTRL] depth_valid=1 depth=12.347 vz=0.700 az=0.417 target_valid=1 target=30.000 pid=80.000 pid_base=80.000 buoyancy_pwm=217 mask_valid=1 mask=0 forward_active=0
[CTRL] depth_valid=1 depth=12.772 vz=0.923 az=0.407 target_valid=1 target=30.000 pid=80.000 pid_base=80.000 buoyancy_pwm=217 mask_valid=1 mask=0 forward_active=0
[CTRL] depth_valid=1 depth=13.242 vz=1.015 az=0.285 target_valid=1 target=30.000 pid=80.000 pid_base=80.000 buoyancy_pwm=217 mask_valid=1 mask=0 forward_active=0
[CTRL] depth_valid=1 depth=13.837 vz=1.245 az=0.346 target_valid=1 target=30.000 pid=80.000 pid_base=80.000 buoyancy_pwm=217 mask_valid=1 mask=0 forward_active=0
$T,138,12,3,,,8,-940,-788,1118,1209,4*77
[CTRL] depth_valid=1 depth=14.786 vz=1.911 az=0.727 target_valid=1 target=30.000 pid=80.000 pid_base=80.000 buoyancy_pwm=217 mask_valid=1 mask=0 forward_active=0
[CTRL] depth_valid=1 depth=16.033 vz=2.579 az=0.930 target_valid=1 target=30.000 pid=-80.000 pid_base=-80.000 buoyancy_pwm=217 mask_valid=1 mask=384 forward_active=0
[CTRL] depth_valid=1 depth=17.267 vz=2.680 az=0.598 target_valid=1 target=30.000 pid=-80.000 pid_base=-80.000 buoyancy_pwm=217 mask_valid=1 mask=384 forward_active=0
[CTRL] depth_valid=1 depth=18.308 vz=2.148 az=-0.181 target_valid=1 target=30.000 pid=-80.000 pid_base=-80.000 buoyancy_pwm=217 mask_valid=1 mask=384 forward_active=0
$T,183,21,-1,,,8,-981,-850,1156,1211,4*5C
<- Minima: IDLE
[CTRL] depth_valid=1 depth=18.770 vz=0.822 az=-1.301 target_valid=1 target=30.000 pid=80.000 pid_base=80.000 buoyancy_pwm=217 mask_valid=1 mask=0 forward_active=0
<- Minima: BUOY 
[CTRL] depth_valid=1 depth=18.470 vz=-0.789 az=-2.052 target_valid=1 target=30.000 pid=97.000 pid_base=80.000 buoyancy_pwm=249 mask_valid=1 mask=0 forward_active=0
[OK]hb
[CTRL] depth_valid=1 depth=18.009 vz=-1.342 az=-1.580 target_valid=1 target=30.000 pid=89.000 pid_base=80.000 buoyancy_pwm=234 mask_valid=1 mask=0 forward_active=0
[CTRL] depth_valid=1 depth=18.371 vz=0.351 az=0.601 target_valid=1 target=30.000 pid=75.750 pid_base=80.000 buoyancy_pwm=209 mask_valid=1 mask=0 forward_active=0
$T,183,3,6,,,12,-941,-761,1100,1211,4*7F
[CTRL] depth_valid=1 depth=19.750 vz=2.739 az=2.305 target_valid=1 target=30.000 pid=-91.750 pid_base=-80.000 buoyancy_pwm=239 mask_valid=1 mask=384 forward_active=0
[CTRL] depth_valid=1 depth=21.154 vz=3.302 az=1.736 target_valid=1 target=30.000 pid=-20.612 pid_base=-30.362 buoyancy_pwm=104 mask_valid=1 mask=384 forward_active=0
[CTRL] depth_valid=1 depth=22.033 vz=2.195 az=0.016 target_valid=1 target=30.000 pid=-64.111 pid_base=-72.111 buoyancy_pwm=187 mask_valid=1 mask=384 forward_active=0
<- Minima: IDLE
[CTRL] depth_valid=1 depth=22.439 vz=0.904 az=-1.055 target_valid=1 target=30.000 pid=80.124 pid_base=67.624 buoyancy_pwm=217 mask_valid=1 mask=0 forward_active=0
$T,224,9,-10,,,,-1020,-824,1179,1206,0*5F
<- Minima: BUOY 
[CTRL] depth_valid=1 depth=22.411 vz=-0.184 az=-1.456 target_valid=1 target=30.000 pid=88.750 pid_base=80.000 buoyancy_pwm=234 mask_valid=1 mask=0 forward_active=0
[CTRL] depth_valid=1 depth=22.534 vz=-0.187 az=-0.867 target_valid=1 target=30.000 pid=74.250 pid_base=80.000 buoyancy_pwm=206 mask_valid=1 mask=0 forward_active=0
[CTRL] depth_valid=1 depth=23.044 vz=0.752 az=0.295 target_valid=1 target=30.000 pid=63.500 pid_base=80.000 buoyancy_pwm=186 mask_valid=1 mask=0 forward_active=0
[CTRL] depth_valid=1 depth=24.422 vz=2.813 az=1.955 target_valid=1 target=30.000 pid=9.541 pid_base=-3.209 buoyancy_pwm=83 mask_valid=1 mask=0 forward_active=0
$T,244,28,19,,,,-978,-775,1139,1204,4*72
[OK]hb
[CTRL] depth_valid=1 depth=26.359 vz=4.256 az=2.287 target_valid=1 target=30.000 pid=-64.250 pid_base=-80.000 buoyancy_pwm=187 mask_valid=1 mask=384 forward_active=0
[CTRL] depth_valid=1 depth=28.245 vz=4.250 az=1.223 target_valid=1 target=30.000 pid=-68.750 pid_base=-80.000 buoyancy_pwm=196 mask_valid=1 mask=384 forward_active=0
[CTRL] depth_valid=1 depth=29.465 vz=2.737 az=-0.633 target_valid=1 target=30.000 pid=-44.116 pid_base=-55.866 buoyancy_pwm=149 mask_valid=1 mask=384 forward_active=0
<- Minima: IDLE
[CTRL] depth_valid=1 depth=30.269 vz=1.484 az=-1.422 target_valid=1 target=30.000 pid=-22.498 pid_base=-36.748 buoyancy_pwm=108 mask_valid=1 mask=384 forward_active=0
$T,302,14,-14,,,,-1092,-823,1253,1204,0*65
<- Minima: BUOY 
[CTRL] depth_valid=1 depth=30.871 vz=0.943 az=-1.215 target_valid=1 target=30.000 pid=-28.706 pid_base=-42.956 buoyancy_pwm=119 mask_valid=1 mask=384 forward_active=0
[CTRL] depth_valid=1 depth=31.577 vz=1.159 az=-0.468 target_valid=1 target=30.000 pid=-39.054 pid_base=-53.304 buoyancy_pwm=139 mask_valid=1 mask=384 forward_active=0
[CTRL] depth_valid=1 depth=32.331 vz=1.271 az=-0.248 target_valid=1 target=30.000 pid=-46.073 pid_base=-55.323 buoyancy_pwm=152 mask_valid=1 mask=384 forward_active=0
[CTRL] depth_valid=1 depth=32.917 vz=1.007 az=-0.442 target_valid=1 target=30.000 pid=-53.922 pid_base=-55.672 buoyancy_pwm=167 mask_valid=1 mask=384 forward_active=0
$T,329,10,-4,,,,-1362,-866,1522,1206,4*53
[CTRL] depth_valid=1 depth=32.965 vz=-0.097 az=-1.262 target_valid=1 target=30.000 pid=0.000 pid_base=0.000 buoyancy_pwm=0 mask_valid=1 mask=0 forward_active=0
[CTRL] depth_valid=1 depth=32.364 vz=-1.520 az=-1.953 target_valid=1 target=30.000 pid=13.197 pid_base=2.447 buoyancy_pwm=90 mask_valid=1 mask=0 forward_active=0
[OK]hb
<- Minima: IDLE
[CTRL] depth_valid=1 depth=31.782 vz=-1.653 az=-1.217 target_valid=1 target=30.000 pid=0.000 pid_base=0.000 buoyancy_pwm=0 mask_valid=1 mask=0 forward_active=0
[CTRL] depth_valid=1 depth=31.370 vz=-1.154 az=-0.269 target_valid=1 target=30.000 pid=0.000 pid_base=0.000 buoyancy_pwm=0 mask_valid=1 mask=0 forward_active=0
$T,313,-11,-2,,,,-1029,-822,1184,1203,0*75
<- Minima: BUOY 
[CTRL] depth_valid=1 depth=31.567 vz=0.213 az=0.965 target_valid=1 target=30.000 pid=-13.884 pid_base=-13.884 buoyancy_pwm=91 mask_valid=1 mask=384 forward_active=0
[CTRL] depth_valid=1 depth=31.772 vz=0.535 az=0.748 target_valid=1 target=30.000 pid=-16.300 pid_base=-16.300 buoyancy_pwm=96 mask_valid=1 mask=384 forward_active=0
<- Minima: IDLE
[CTRL] depth_valid=1 depth=31.495 vz=-0.346 az=-0.332 target_valid=1 target=30.000 pid=0.000 pid_base=0.000 buoyancy_pwm=0 mask_valid=1 mask=0 forward_active=0
[CTRL] depth_valid=1 depth=30.827 vz=-1.417 az=-1.120 target_valid=1 target=30.000 pid=13.117 pid_base=13.117 buoyancy_pwm=90 mask_valid=1 mask=0 forward_active=0
$T,308,-14,-11,,,25,-1038,-851,1199,1200,0*44
<- Minima: BUOY 
[CTRL] depth_valid=1 depth=30.092 vz=-1.826 az=-1.039 target_valid=1 target=30.000 pid=0.000 pid_base=0.000 buoyancy_pwm=0 mask_valid=1 mask=0 forward_active=0
<- Minima: IDLE
[CTRL] depth_valid=1 depth=29.816 vz=-0.888 az=0.178 target_valid=1 target=30.000 pid=0.000 pid_base=0.000 buoyancy_pwm=0 mask_valid=1 mask=0 forward_active=0
[CTRL] depth_valid=1 depth=29.854 vz=0.024 az=0.835 target_valid=1 target=30.000 pid=0.000 pid_base=0.000 buoyancy_pwm=0 mask_valid=1 mask=0 forward_active=0
[CTRL] depth_valid=1 depth=29.980 vz=0.375 az=0.720 target_valid=1 target=30.000 pid=0.000 pid_base=0.000 buoyancy_pwm=0 mask_valid=1 mask=0 forward_active=0
$T,299,3,7,,,24,-1113,-869,1273,1205,0*4C
[OK]hb
[CTRL] depth_valid=1 depth=29.993 vz=0.187 az=0.226 target_valid=1 target=30.000 pid=0.000 pid_base=0.000 buoyancy_pwm=0 mask_valid=1 mask=0 forward_active=0
[CTRL] depth_valid=1 depth=29.858 vz=-0.208 az=-0.216 target_valid=1 target=30.000 pid=0.000 pid_base=0.000 buoyancy_pwm=0 mask_valid=1 mask=0 forward_active=0
[CTRL] depth_valid=1 depth=29.798 vz=-0.199 az=-0.130 target_valid=1 target=30.000 pid=0.000 pid_base=0.000 buoyancy_pwm=0 mask_valid=1 mask=0 forward_active=0
[CTRL] depth_valid=1 depth=29.683 vz=-0.319 az=-0.214 target_valid=1 target=30.000 pid=10.640 pid_base=10.640 buoyancy_pwm=85 mask_valid=1 mask=0 forward_active=0
$T,296,-3,-2,,,23,-1121,-877,1268,1205,0*45
<- Minima: BUOY 
[CTRL] depth_valid=1 depth=29.483 vz=-0.510 az=-0.329 target_valid=1 target=30.000 pid=16.308 pid_base=16.308 buoyancy_pwm=96 mask_valid=1 mask=0 forward_active=0
[CTRL] depth_valid=1 depth=29.210 vz=-0.680 az=-0.373 target_valid=1 target=30.000 pid=21.446 pid_base=21.446 buoyancy_pwm=106 mask_valid=1 mask=0 forward_active=0
[CTRL] depth_valid=1 depth=29.271 vz=0.040 az=0.424 target_valid=1 target=30.000 pid=9.472 pid_base=9.472 buoyancy_pwm=83 mask_valid=1 mask=0 forward_active=0
<- Minima: IDLE
[CTRL] depth_valid=1 depth=29.765 vz=1.063 az=1.112 target_valid=1 target=30.000 pid=-36.960 pid_base=-36.960 buoyancy_pwm=135 mask_valid=1 mask=384 forward_active=0
$T,297,10,11,,,23,-1001,-832,1139,1202,0*46
<- Minima: BUOY 
[CTRL] depth_valid=1 depth=30.679 vz=2.004 az=1.379 target_valid=1 target=30.000 pid=-73.340 pid_base=-73.340 buoyancy_pwm=204 mask_valid=1 mask=384 forward_active=0
[CTRL] depth_valid=1 depth=31.654 vz=2.253 az=0.971 target_valid=1 target=30.000 pid=-80.000 pid_base=-80.000 buoyancy_pwm=217 mask_valid=1 mask=384 forward_active=0
[OK]hb
[CTRL] depth_valid=1 depth=32.036 vz=1.034 az=-0.494 target_valid=1 target=30.000 pid=-51.617 pid_base=-51.617 buoyancy_pwm=163 mask_valid=1 mask=384 forward_active=0
<- Minima: IDLE
[CTRL] depth_valid=1 depth=31.789 vz=-0.587 az=-1.670 target_valid=1 target=30.000 pid=9.979 pid_base=-6.021 buoyancy_pwm=84 mask_valid=1 mask=0 forward_active=0
$T,317,-5,-16,,,25,-1580,-884,1724,1202,0*71
[CTRL] depth_valid=1 depth=31.250 vz=-1.521 az=-1.779 target_valid=1 target=30.000 pid=0.000 pid_base=0.000 buoyancy_pwm=0 mask_valid=1 mask=0 forward_active=0
<- Minima: BUOY 
[CTRL] depth_valid=1 depth=30.647 vz=-1.625 az=-1.073 target_valid=1 target=30.000 pid=0.000 pid_base=0.000 buoyancy_pwm=0 mask_valid=1 mask=0 forward_active=0
[CTRL] depth_valid=1 depth=30.285 vz=-1.027 az=-0.105 target_valid=1 target=30.000 pid=0.000 pid_base=0.000 buoyancy_pwm=0 mask_valid=1 mask=0 forward_active=0
<- Minima: IDLE
[CTRL] depth_valid=1 depth=30.018 vz=-0.604 az=0.279 target_valid=1 target=30.000 pid=0.000 pid_base=0.000 buoyancy_pwm=0 mask_valid=1 mask=0 forward_active=0
$T,300,-6,2,,,24,-1192,-880,1342,1202,0*6A
[CTRL] depth_valid=1 depth=29.802 vz=-0.428 az=0.265 target_valid=1 target=30.000 pid=0.000 pid_base=0.000 buoyancy_pwm=0 mask_valid=1 mask=0 forward_active=0
<- Minima: BUOY 
[CTRL] depth_valid=1 depth=29.402 vz=-0.743 az=-0.129 target_valid=1 target=30.000 pid=19.710 pid_base=19.710 buoyancy_pwm=102 mask_valid=1 mask=0 forward_active=0
[CTRL] depth_valid=1 depth=29.234 vz=-0.427 az=0.169 target_valid=1 target=30.000 pid=13.409 pid_base=13.409 buoyancy_pwm=90 mask_valid=1 mask=0 forward_active=0
<- Minima: IDLE
[CTRL] depth_valid=1 depth=29.461 vz=0.407 az=0.763 target_valid=1 target=30.000 pid=0.000 pid_base=0.000 buoyancy_pwm=0 mask_valid=1 mask=0 forward_active=0
$T,294,4,7,,,23,-1029,-843,1174,1201,0*41
[OK]hb
[CTRL] depth_valid=1 depth=29.975 vz=1.154 az=1.043 target_valid=1 target=30.000 pid=0.000 pid_base=0.000 buoyancy_pwm=0 mask_valid=1 mask=0 forward_active=0
<- Minima: BUOY 
[CTRL] depth_valid=1 depth=30.493 vz=1.209 az=0.574 target_valid=1 target=30.000 pid=-25.332 pid_base=-25.332 buoyancy_pwm=113 mask_valid=1 mask=384 forward_active=0
[CTRL] depth_valid=1 depth=31.005 vz=1.003 az=0.039 target_valid=1 target=30.000 pid=-24.818 pid_base=-24.818 buoyancy_pwm=112 mask_valid=1 mask=384 forward_active=0
[CTRL] depth_valid=1 depth=31.062 vz=0.041 az=-0.876 target_valid=1 target=30.000 pid=0.000 pid_base=0.000 buoyancy_pwm=0 mask_valid=1 mask=0 forward_active=0
$T,310,0,-8,,,25,1312,-888,-1154,1202,4*65
<- Minima: IDLE
[CTRL] depth_valid=1 depth=30.624 vz=-1.118 az=-1.522 target_valid=1 target=30.000 pid=8.356 pid_base=8.356 buoyancy_pwm=81 mask_valid=1 mask=0 forward_active=0
[CTRL] depth_valid=1 depth=29.662 vz=-2.295 az=-1.874 target_valid=1 target=30.000 pid=26.778 pid_base=26.778 buoyancy_pwm=116 mask_valid=1 mask=0 forward_active=0
<- Minima: BUOY 
[CTRL] depth_valid=1 depth=28.791 vz=-2.279 az=-1.086 target_valid=1 target=30.000 pid=31.967 pid_base=31.967 buoyancy_pwm=126 mask_valid=1 mask=0 forward_active=0
[CTRL] depth_valid=1 depth=28.361 vz=-1.248 az=0.207 target_valid=1 target=30.000 pid=25.321 pid_base=25.321 buoyancy_pwm=113 mask_valid=1 mask=0 forward_active=0
$T,283,-12,2,,,24,-1056,-844,1214,1202,4*52
[CTRL] depth_valid=1 depth=28.466 vz=0.042 az=1.092 target_valid=1 target=30.000 pid=25.433 pid_base=28.683 buoyancy_pwm=113 mask_valid=1 mask=0 forward_active=0
[CTRL] depth_valid=1 depth=28.826 vz=0.896 az=1.296 target_valid=1 target=30.000 pid=0.000 pid_base=0.000 buoyancy_pwm=0 mask_valid=1 mask=0 forward_active=0
[OK]hb
<- Minima: IDLE
[CTRL] depth_valid=1 depth=29.281 vz=1.216 az=0.999 target_valid=1 target=30.000 pid=-14.067 pid_base=-14.067 buoyancy_pwm=92 mask_valid=1 mask=384 forward_active=0
[CTRL] depth_valid=1 depth=30.079 vz=1.840 az=1.109 target_valid=1 target=30.000 pid=0.000 pid_base=0.000 buoyancy_pwm=0 mask_valid=1 mask=0 forward_active=0
$T,300,18,11,,,22,-1103,-858,1274,1205,0*42
<- Minima: BUOY 
[CTRL] depth_valid=1 depth=30.862 vz=1.789 az=0.542 target_valid=1 target=30.000 pid=-51.528 pid_base=-51.528 buoyancy_pwm=163 mask_valid=1 mask=384 forward_active=0
[CTRL] depth_valid=1 depth=31.205 vz=0.847 az=-0.499 target_valid=1 target=30.000 pid=-31.202 pid_base=-31.202 buoyancy_pwm=124 mask_valid=1 mask=384 forward_active=0
<- Minima: IDLE
[CTRL] depth_valid=1 depth=31.082 vz=-0.419 az=-1.417 target_valid=1 target=30.000 pid=0.000 pid_base=0.000 buoyancy_pwm=0 mask_valid=1 mask=0 forward_active=0
<- Minima: BUOY 
[CTRL] depth_valid=1 depth=30.492 vz=-1.536 az=-1.777 target_valid=1 target=30.000 pid=13.159 pid_base=13.159 buoyancy_pwm=90 mask_valid=1 mask=0 forward_active=0
$T,304,-15,-17,,,25,-1233,-875,1410,1206,4*46
<- Minima: IDLE
[CTRL] depth_valid=1 depth=29.726 vz=-1.983 az=-1.400 target_valid=1 target=30.000 pid=22.348 pid_base=22.348 buoyancy_pwm=107 mask_valid=1 mask=0 forward_active=0
<- Minima: BUOY 
[CTRL] depth_valid=1 depth=29.057 vz=-1.687 az=-0.528 target_valid=1 target=30.000 pid=23.657 pid_base=23.657 buoyancy_pwm=110 mask_valid=1 mask=0 forward_active=0
[CTRL] depth_valid=1 depth=28.740 vz=-0.821 az=0.423 target_valid=1 target=30.000 pid=17.455 pid_base=17.455 buoyancy_pwm=98 mask_valid=1 mask=0 forward_active=0
[CTRL] depth_valid=1 depth=28.771 vz=0.120 az=1.030 target_valid=1 target=30.000 pid=20.012 pid_base=20.012 buoyancy_pwm=103 mask_valid=1 mask=0 forward_active=0
$T,287,1,10,,,22,-1001,-838,1180,1208,4*71
[OK]hb
<- Minima: IDLE
[CTRL] depth_valid=1 depth=29.134 vz=0.930 az=1.250 target_valid=1 target=30.000 pid=0.000 pid_base=0.000 buoyancy_pwm=0 mask_valid=1 mask=0 forward_active=0
<- Minima: BUOY 
[CTRL] depth_valid=1 depth=29.794 vz=1.570 az=1.222 target_valid=1 target=30.000 pid=-47.851 pid_base=-47.851 buoyancy_pwm=156 mask_valid=1 mask=384 forward_active=0
[CTRL] depth_valid=1 depth=30.702 vz=2.069 az=1.089 target_valid=1 target=30.000 pid=-69.165 pid_base=-69.165 buoyancy_pwm=196 mask_valid=1 mask=384 forward_active=0
[CTRL] depth_valid=1 depth=31.443 vz=1.740 az=0.317 target_valid=1 target=30.000 pid=-56.133 pid_base=-56.133 buoyancy_pwm=172 mask_valid=1 mask=384 forward_active=0
$T,314,17,3,,,25,-891,-888,1080,1201,4*4B
[CTRL] depth_valid=1 depth=31.804 vz=0.778 az=-0.678 target_valid=1 target=30.000 pid=-21.910 pid_base=-21.910 buoyancy_pwm=106 mask_valid=1 mask=384 forward_active=0
<- Minima: IDLE
[CTRL] depth_valid=1 depth=31.412 vz=-0.940 az=-1.872 target_valid=1 target=30.000 pid=0.000 pid_base=0.000 buoyancy_pwm=0 mask_valid=1 mask=0 forward_active=0
<- Minima: BUOY 
[CTRL] depth_valid=1 depth=30.556 vz=-2.130 az=-2.058 target_valid=1 target=30.000 pid=16.983 pid_base=16.983 buoyancy_pwm=97 mask_valid=1 mask=0 forward_active=0
[CTRL] depth_valid=1 depth=29.609 vz=-2.458 az=-1.479 target_valid=1 target=30.000 pid=27.561 pid_base=27.561 buoyancy_pwm=117 mask_valid=1 mask=0 forward_active=0
$T,296,-24,-14,,,24,-1013,-836,1190,1207,4*47
[CTRL] depth_valid=1 depth=28.871 vz=-1.870 az=-0.341 target_valid=1 target=30.000 pid=27.050 pid_base=27.050 buoyancy_pwm=116 mask_valid=1 mask=0 forward_active=0
[CTRL] depth_valid=1 depth=28.617 vz=-0.712 az=0.737 target_valid=1 target=30.000 pid=22.648 pid_base=22.648 buoyancy_pwm=108 mask_valid=1 mask=0 forward_active=0
[OK]hb
[CTRL] depth_valid=1 depth=28.750 vz=0.314 az=1.222 target_valid=1 target=30.000 pid=14.904 pid_base=19.904 buoyancy_pwm=93 mask_valid=1 mask=0 forward_active=0
<- Minima: IDLE
[CTRL] depth_valid=1 depth=29.193 vz=1.053 az=1.245 target_valid=1 target=30.000 pid=0.000 pid_base=0.000 buoyancy_pwm=0 mask_valid=1 mask=0 forward_active=0
$T,291,10,12,,,22,-1001,-823,1167,1203,0*48
<- Minima: BUOY 
[CTRL] depth_valid=1 depth=29.882 vz=1.617 az=1.148 target_valid=1 target=30.000 pid=0.000 pid_base=0.000 buoyancy_pwm=0 mask_valid=1 mask=0 forward_active=0
[CTRL] depth_valid=1 depth=30.620 vz=1.827 az=0.869 target_valid=1 target=30.000 pid=-58.469 pid_base=-58.469 buoyancy_pwm=176 mask_valid=1 mask=384 forward_active=0
[CTRL] depth_valid=1 depth=31.314 vz=1.564 az=0.233 target_valid=1 target=30.000 pid=-48.855 pid_base=-48.855 buoyancy_pwm=158 mask_valid=1 mask=384 forward_active=0
[CTRL] depth_valid=1 depth=31.419 vz=0.258 az=-1.017 target_valid=1 target=30.000 pid=-9.968 pid_base=-9.968 buoyancy_pwm=84 mask_valid=1 mask=384 forward_active=0
$T,314,2,-10,,,23,-1477,-883,1649,1206,4*5C
<- Minima: IDLE
[CTRL] depth_valid=1 depth=31.078 vz=-0.975 az=-1.675 target_valid=1 target=30.000 pid=0.000 pid_base=0.000 buoyancy_pwm=0 mask_valid=1 mask=0 forward_active=0
<- Minima: BUOY 
[CTRL] depth_valid=1 depth=30.092 vz=-2.419 az=-2.225 target_valid=1 target=30.000 pid=0.000 pid_base=0.000 buoyancy_pwm=0 mask_valid=1 mask=0 forward_active=0
[CTRL] depth_valid=1 depth=29.152 vz=-2.486 az=-1.350 target_valid=1 target=30.000 pid=38.688 pid_base=38.688 buoyancy_pwm=138 mask_valid=1 mask=0 forward_active=0
[CTRL] depth_valid=1 depth=28.375 vz=-1.933 az=-0.311 target_valid=1 target=30.000 pid=32.895 pid_base=32.895 buoyancy_pwm=127 mask_valid=1 mask=0 forward_active=0
$T,283,-19,-3,,,23,-1018,-824,1183,1206,4*77
[OK]hb
[CTRL] depth_valid=1 depth=28.095 vz=-0.754 az=0.773 target_valid=1 target=30.000 pid=30.653 pid_base=31.153 buoyancy_pwm=123 mask_valid=1 mask=0 forward_active=0
[CTRL] depth_valid=1 depth=28.283 vz=0.513 az=1.503 target_valid=1 target=30.000 pid=20.990 pid_base=21.740 buoyancy_pwm=105 mask_valid=1 mask=0 forward_active=0
[CTRL] depth_valid=1 depth=28.715 vz=1.209 az=1.436 target_valid=1 target=30.000 pid=-9.000 pid_base=-3.250 buoyancy_pwm=82 mask_valid=1 mask=384 forward_active=0
[CTRL] depth_valid=1 depth=29.286 vz=1.492 az=1.050 target_valid=1 target=30.000 pid=-20.367 pid_base=-22.117 buoyancy_pwm=104 mask_valid=1 mask=384 forward_active=0
$T,292,14,10,,,22,-1068,-844,1233,1204,4*42
[CTRL] depth_valid=1 depth=29.853 vz=1.319 az=0.391 target_valid=1 target=30.000 pid=0.000 pid_base=0.000 buoyancy_pwm=0 mask_valid=1 mask=0 forward_active=0
<- Minima: IDLE
[CTRL] depth_valid=1 depth=29.837 vz=0.055 az=-0.887 target_valid=1 target=30.000 pid=0.000 pid_base=0.000 buoyancy_pwm=0 mask_valid=1 mask=0 forward_active=0
<- Minima: BUOY 
[CTRL] depth_valid=1 depth=29.438 vz=-1.010 az=-1.425 target_valid=1 target=30.000 pid=28.453 pid_base=19.203 buoyancy_pwm=119 mask_valid=1 mask=0 forward_active=0
[CTRL] depth_valid=1 depth=29.080 vz=-0.991 az=-0.727 target_valid=1 target=30.000 pid=25.534 pid_base=16.034 buoyancy_pwm=113 mask_valid=1 mask=0 forward_active=0
$T,290,-9,-7,,,23,-1004,-788,1170,1212,4*4D
[CTRL] depth_valid=1 depth=29.340 vz=0.345 az=0.759 target_valid=1 target=30.000 pid=0.000 pid_base=0.000 buoyancy_pwm=0 mask_valid=1 mask=0 forward_active=0
<- Minima: IDLE
[CTRL] depth_valid=1 depth=30.287 vz=1.986 az=1.795 target_valid=1 target=30.000 pid=-77.250 pid_base=-80.000 buoyancy_pwm=212 mask_valid=1 mask=384 forward_active=0
<- Minima: BUOY 
d=1 depth=31.292 vz=2.394 az=1.325 target_valid=1 target=30.000 pid=-73.000 pid_base=-80.000 buoyancy_pwm=204 mask_valid=1 mask=384 forward_active=0
[CTRL] depth_valid=1 depth=32.042 vz=1.764 az=0.157 target_valid=1 target=30.000 pid=-42.085 pid_base=-55.335 buoyancy_pwm=145 mask_valid=1 mask=384 forward_active=0
$T,320,17,1,,,24,-1301,-868,1464,1212,4*7E
<- Minima: IDLE
[CTRL] depth_valid=1 depth=32.238 vz=0.478 az=-1.003 target_valid=1 target=30.000 pid=0.000 pid_base=0.000 buoyancy_pwm=0 mask_valid=1 mask=0 forward_active=0
[CTRL] depth_valid=1 depth=32.065 vz=-0.568 az=-1.457 target_valid=1 target=30.000 pid=0.000 pid_base=0.000 buoyancy_pwm=0 mask_valid=1 mask=0 forward_active=0
<- Minima: BUOY 
[CTRL] depth_valid=1 depth=31.590 vz=-1.319 az=-1.481 target_valid=1 target=30.000 pid=17.343 pid_base=1.593 buoyancy_pwm=98 mask_valid=1 mask=0 forward_active=0
<- Minima: IDLE
[CTRL] depth_valid=1 depth=31.293 vz=-1.098 az=-0.727 target_valid=1 target=30.000 pid=0.000 pid_base=0.000 buoyancy_pwm=0 mask_valid=1 mask=0 forward_active=0
$T,312,-10,-7,,,,-1119,-825,1282,1207,0*74
<- Minima: BUOY 
[CTRL] depth_valid=1 depth=31.352 vz=-0.149 az=0.360 target_valid=1 target=30.000 pid=-11.071 pid_base=-11.071 buoyancy_pwm=86 mask_valid=1 mask=384 forward_active=0
[CTRL] depth_valid=1 depth=31.718 vz=0.598 az=0.706 target_valid=1 target=30.000 pid=-20.590 pid_base=-20.590 buoyancy_pwm=104 mask_valid=1 mask=384 forward_active=0
[CTRL] depth_valid=1 depth=31.736 vz=0.195 az=0.032 target_valid=1 target=30.000 pid=-14.459 pid_base=-14.459 buoyancy_pwm=92 mask_valid=1 mask=384 forward_active=0
<- Minima: IDLE
[CTRL] depth_valid=1 depth=31.111 vz=-1.249 az=-1.249 target_valid=1 target=30.000 pid=13.727 pid_base=13.727 buoyancy_pwm=91 mask_valid=1 mask=0 forward_active=0
$T,311,-12,-12,,,25,1667,-875,-1493,1204,0*48
[OK]hb
<- Minima: BUOY 
[CTRL] depth_valid=1 depth=30.007 vz=-2.498 az=-1.782 target_valid=1 target=30.000 pid=0.000 pid_base=0.000 buoyancy_pwm=0 mask_valid=1 mask=0 forward_active=0
[CTRL] depth_valid=1 depth=28.813 vz=-2.798 az=-1.246 target_valid=1 target=30.000 pid=36.835 pid_base=36.835 buoyancy_pwm=135 mask_valid=1 mask=0 forward_active=0
[CTRL] depth_valid=1 depth=28.146 vz=-1.729 az=0.174 target_valid=1 target=30.000 pid=30.855 pid_base=30.855 buoyancy_pwm=123 mask_valid=1 mask=0 forward_active=0
[CTRL] depth_valid=1 depth=28.058 vz=-0.317 az=1.207 target_valid=1 target=30.000 pid=22.899 pid_base=22.899 buoyancy_pwm=108 mask_valid=1 mask=0 forward_active=0
$T,280,-3,12,,,22,-1202,-848,1384,1209,4*5A
[CTRL] depth_valid=1 depth=28.156 vz=0.380 az=1.206 target_valid=1 target=30.000 pid=30.322 pid_base=30.322 buoyancy_pwm=122 mask_valid=1 mask=0 forward_active=0
[CTRL] depth_valid=1 depth=28.561 vz=1.056 az=1.232 target_valid=1 target=30.000 pid=0.000 pid_base=0.000 buoyancy_pwm=0 mask_valid=1 mask=0 forward_active=0
[CTRL] depth_valid=1 depth=29.321 vz=1.826 az=1.365 target_valid=1 target=30.000 pid=-52.555 pid_base=-52.555 buoyancy_pwm=165 mask_valid=1 mask=384 forward_active=0
<- Minima: IDLE
[CTRL] depth_valid=1 depth=30.174 vz=2.016 az=0.913 target_valid=1 target=30.000 pid=0.000 pid_base=0.000 buoyancy_pwm=0 mask_valid=1 mask=0 forward_active=0
$T,301,20,9,,,22,-1568,-862,1746,1204,0*74
<- Minima: BUOY 
[CTRL] depth_valid=1 depth=30.819 vz=1.464 az=-0.006 target_valid=1 target=30.000 pid=-16.340 pid_base=-27.090 buoyancy_pwm=96 mask_valid=1 mask=384 forward_active=0
<- Minima: IDLE
[CTRL] depth_valid=1 depth=30.997 vz=0.355 az=-0.971 target_valid=1 target=30.000 pid=0.000 pid_base=0.000 buoyancy_pwm=0 mask_valid=1 mask=0 forward_active=0
[CTRL] depth_valid=1 depth=30.947 vz=-0.338 az=-1.148 target_valid=1 target=30.000 pid=0.000 pid_base=0.000 buoyancy_pwm=0 mask_valid=1 mask=0 forward_active=0
[OK]hb
[CTRL] depth_valid=1 depth=30.991 vz=-0.234 az=-0.581 target_valid=1 target=30.000 pid=0.000 pid_base=0.000 buoyancy_pwm=0 mask_valid=1 mask=0 forward_active=0
$T,309,-2,-5,,,24,-1349,-848,1513,1203,0*4E
<- Minima: BUOY 
[CTRL] depth_valid=1 depth=31.187 vz=0.138 az=-0.077 target_valid=1 target=30.000 pid=-12.016 pid_base=-12.016 buoyancy_pwm=88 mask_valid=1 mask=384 forward_active=0
<- Minima: IDLE
[CTRL] depth_valid=1 depth=31.057 vz=-0.274 az=-0.398 target_valid=1 target=30.000 pid=0.000 pid_base=0.000 buoyancy_pwm=0 mask_valid=1 mask=0 forward_active=0
[CTRL] depth_valid=1 depth=30.706 vz=-0.857 az=-0.771 target_valid=1 target=30.000 pid=0.000 pid_base=0.000 buoyancy_pwm=0 mask_valid=1 mask=0 forward_active=0
<- Minima: BUOY 
[CTRL] depth_valid=1 depth=30.216 vz=-1.172 az=-0.708 target_valid=1 target=30.000 pid=10.154 pid_base=10.154 buoyancy_pwm=84 mask_valid=1 mask=0 forward_active=0
$T,302,-11,-7,,,24,-1286,-847,1447,1201,4*7E
<- Minima: IDLE
[CTRL] depth_valid=1 depth=29.731 vz=-1.171 az=-0.412 target_valid=1 target=30.000 pid=13.778 pid_base=13.778 buoyancy_pwm=91 mask_valid=1 mask=0 forward_active=0
<- Minima: BUOY 
[CTRL] depth_valid=1 depth=29.364 vz=-0.857 az=0.031 target_valid=1 target=30.000 pid=13.422 pid_base=13.422 buoyancy_pwm=90 mask_valid=1 mask=0 forward_active=0
[CTRL] depth_valid=1 depth=29.095 vz=-0.591 az=0.213 target_valid=1 target=30.000 pid=18.297 pid_base=18.297 buoyancy_pwm=100 mask_valid=1 mask=0 forward_active=0
[CTRL] depth_valid=1 depth=29.065 vz=0.021 az=0.671 target_valid=1 target=30.000 pid=13.635 pid_base=13.635 buoyancy_pwm=91 mask_valid=1 mask=0 forward_active=0
$T,290,0,6,,,22,-1116,-823,1281,1208,4*4E
<- Minima: IDLE
d=1 depth=29.425 vz=0.962 az=1.248 target_valid=1 target=30.000 pid=-28.126 pid_base=-28.126 buoyancy_pwm=118 mask_valid=1 mask=384 forward_active=0
[CTRL] depth_valid=1 depth=30.083 vz=1.627 az=1.284 target_valid=1 target=30.000 pid=0.000 pid_base=0.000 buoyancy_pwm=0 mask_valid=1 mask=0 forward_active=0
<- Minima: BUOY 
[CTRL] depth_valid=1 depth=31.014 vz=2.090 az=1.066 target_valid=1 target=30.000 pid=-79.177 pid_base=-79.177 buoyancy_pwm=215 mask_valid=1 mask=384 forward_active=0
[CTRL] depth_valid=1 depth=31.762 vz=1.643 az=0.134 target_valid=1 target=30.000 pid=-37.243 pid_base=-54.243 buoyancy_pwm=136 mask_valid=1 mask=384 forward_active=0
$T,317,16,1,,,24,-1645,-872,-1770,1208,4*55
<- Minima: IDLE
[CTRL] depth_valid=1 depth=31.766 vz=0.104 az=-1.228 target_valid=1 target=30.000 pid=0.000 pid_base=0.000 buoyancy_pwm=0 mask_valid=1 mask=0 forward_active=0
<- Minima: BUOY 
[CTRL] depth_valid=1 depth=31.378 vz=-1.100 az=-1.748 target_valid=1 target=30.000 pid=15.615 pid_base=0.115 buoyancy_pwm=94 mask_valid=1 mask=0 forward_active=0
<- Minima: IDLE
[CTRL] depth_valid=1 depth=30.864 vz=-1.528 az=-1.400 target_valid=1 target=30.000 pid=0.000 pid_base=0.000 buoyancy_pwm=0 mask_valid=1 mask=0 forward_active=0
[CTRL] depth_valid=1 depth=30.571 vz=-0.978 az=-0.338 target_valid=1 target=30.000 pid=0.000 pid_base=0.000 buoyancy_pwm=0 mask_valid=1 mask=0 forward_active=0
$T,305,-9,-3,,,25,-1047,-841,1215,1206,0*4E
[CTRL] depth_valid=1 depth=30.589 vz=-0.135 az=0.487 target_valid=1 target=30.000 pid=0.000 pid_base=0.000 buoyancy_pwm=0 mask_valid=1 mask=0 forward_active=0
[CTRL] depth_valid=1 depth=30.624 vz=0.098 az=0.419 target_valid=1 target=30.000 pid=0.000 pid_base=0.000 buoyancy_pwm=0 mask_valid=1 mask=0 forward_active=0
[CTRL] depth_valid=1 depth=30.441 vz=-0.336 az=-0.191 target_valid=1 target=30.000 pid=0.000 pid_base=0.000 buoyancy_pwm=0 mask_valid=1 mask=0 forward_active=0
[OK]hb
[CTRL] depth_valid=1 depth=30.042 vz=-0.855 az=-0.569 target_valid=1 target=30.000 pid=0.000 pid_base=0.000 buoyancy_pwm=0 mask_valid=1 mask=0 forward_active=0
$T,300,-8,-5,,,24,-1052,-857,1209,1202,0*47
<- Minima: BUOY 
[CTRL] depth_valid=1 depth=29.679 vz=-0.919 az=-0.415 target_valid=1 target=30.000 pid=11.383 pid_base=11.383 buoyancy_pwm=86 mask_valid=1 mask=0 forward_active=0
[CTRL] depth_valid=1 depth=29.286 vz=-0.976 az=-0.339 target_valid=1 target=30.000 pid=15.730 pid_base=15.730 buoyancy_pwm=95 mask_valid=1 mask=0 forward_active=0
[CTRL] depth_valid=1 depth=28.861 vz=-1.005 az=-0.265 target_valid=1 target=30.000 pid=19.962 pid_base=19.962 buoyancy_pwm=103 mask_valid=1 mask=0 forward_active=0
[CTRL] depth_valid=1 depth=28.469 vz=-0.878 az=-0.061 target_valid=1 target=30.000 pid=21.631 pid_base=21.631 buoyancy_pwm=106 mask_valid=1 mask=0 forward_active=0
$T,284,-8,0,,,22,-993,-825,1142,1208,4*56
[CTRL] depth_valid=1 depth=28.464 vz=-0.069 az=0.637 target_valid=1 target=30.000 pid=13.700 pid_base=13.700 buoyancy_pwm=91 mask_valid=1 mask=0 forward_active=0
[CTRL] depth_valid=1 depth=29.003 vz=1.163 az=1.382 target_valid=1 target=30.000 pid=-19.604 pid_base=-19.604 buoyancy_pwm=102 mask_valid=1 mask=384 forward_active=0
[CTRL] depth_valid=1 depth=29.882 vz=1.978 az=1.406 target_valid=1 target=30.000 pid=0.000 pid_base=0.000 buoyancy_pwm=0 mask_valid=1 mask=0 forward_active=0
[CTRL] depth_valid=1 depth=30.639 vz=1.803 az=0.600 target_valid=1 target=30.000 pid=-39.037 pid_base=-50.787 buoyancy_pwm=139 mask_valid=1 mask=384 forward_active=0
$T,306,18,6,,,24,-1245,-878,1407,1208,4*7C
[CTRL] depth_valid=1 depth=31.017 vz=0.925 az=-0.418 target_valid=1 target=30.000 pid=-16.027 pid_base=-32.527 buoyancy_pwm=95 mask_valid=1 mask=384 forward_active=0
[OK]hb
<- Minima: IDLE
[CTRL] depth_valid=1 depth=31.059 vz=0.020 az=-0.998 target_valid=1 target=30.000 pid=0.000 pid_base=0.000 buoyancy_pwm=0 mask_valid=1 mask=0 forward_active=0
[CTRL] depth_valid=1 depth=30.996 vz=-0.404 az=-0.953 target_valid=1 target=30.000 pid=0.000 pid_base=0.000 buoyancy_pwm=0 mask_valid=1 mask=0 forward_active=0
[CTRL] depth_valid=1 depth=30.993 vz=-0.330 az=-0.529 target_valid=1 target=30.000 pid=0.000 pid_base=0.000 buoyancy_pwm=0 mask_valid=1 mask=0 forward_active=0
$T,309,-3,-5,,,25,-1145,-863,1309,1208,0*4F
[CTRL] depth_valid=1 depth=30.992 vz=-0.185 az=-0.207 target_valid=1 target=30.000 pid=0.000 pid_base=0.000 buoyancy_pwm=0 mask_valid=1 mask=0 forward_active=0
[CTRL] depth_valid=1 depth=30.847 vz=-0.370 az=-0.297 target_valid=1 target=30.000 pid=0.000 pid_base=0.000 buoyancy_pwm=0 mask_valid=1 mask=0 forward_active=0
[CTRL] depth_valid=1 depth=30.711 vz=-0.453 az=-0.312 target_valid=1 target=30.000 pid=0.000 pid_base=0.000 buoyancy_pwm=0 mask_valid=1 mask=0 forward_active=0
[CTRL] depth_valid=1 depth=30.468 vz=-0.598 az=-0.327 target_valid=1 target=30.000 pid=0.000 pid_base=0.000 buoyancy_pwm=0 mask_valid=1 mask=0 forward_active=0
$T,304,-5,-3,,,24,-1210,-868,1369,1205,0*40
[CTRL] depth_valid=1 depth=30.181 vz=-0.694 az=-0.297 target_valid=1 target=30.000 pid=0.000 pid_base=0.000 buoyancy_pwm=0 mask_valid=1 mask=0 forward_active=0
[CTRL] depth_valid=1 depth=29.736 vz=-1.005 az=-0.462 target_valid=1 target=30.000 pid=11.598 pid_base=11.598 buoyancy_pwm=87 mask_valid=1 mask=0 forward_active=0
<- Minima: BUOY 
[CTRL] depth_valid=1 depth=29.216 vz=-1.147 az=-0.378 target_valid=1 target=30.000 pid=16.340 pid_base=16.340 buoyancy_pwm=96 mask_valid=1 mask=0 forward_active=0
[OK]hb
[CTRL] depth_valid=1 depth=28.691 vz=-1.167 az=-0.243 target_valid=1 target=30.000 pid=21.312 pid_base=21.312 buoyancy_pwm=105 mask_valid=1 mask=0 forward_active=0
$T,286,-11,-2,,,22,-1068,-849,1225,1202,4*7D
[CTRL] depth_valid=1 depth=28.356 vz=-0.771 az=0.182 target_valid=1 target=30.000 pid=25.051 pid_base=25.051 buoyancy_pwm=112 mask_valid=1 mask=0 forward_active=0
[CTRL] depth_valid=1 depth=28.420 vz=0.089 az=0.802 target_valid=1 target=30.000 pid=20.708 pid_base=20.708 buoyancy_pwm=104 mask_valid=1 mask=0 forward_active=0
[CTRL] depth_valid=1 depth=28.971 vz=1.245 az=1.423 target_valid=1 target=30.000 pid=-24.834 pid_base=-23.834 buoyancy_pwm=112 mask_valid=1 mask=384 forward_active=0
[CTRL] depth_valid=1 depth=29.839 vz=1.978 az=1.361 target_valid=1 target=30.000 pid=0.000 pid_base=0.000 buoyancy_pwm=0 mask_valid=1 mask=0 forward_active=0
$T,298,19,13,,,22,-1047,-855,1213,1203,4*4E
[CTRL] depth_valid=1 depth=30.527 vz=1.708 az=0.527 target_valid=1 target=30.000 pid=-32.093 pid_base=-47.343 buoyancy_pwm=126 mask_valid=1 mask=384 forward_active=0
[CTRL] depth_valid=1 depth=31.011 vz=1.104 az=-0.230 target_valid=1 target=30.000 pid=-19.760 pid_base=-39.510 buoyancy_pwm=102 mask_valid=1 mask=384 forward_active=0
<- Minima: IDLE
[CTRL] depth_valid=1 depth=31.147 vz=0.162 az=-0.985 target_valid=1 target=30.000 pid=0.000 pid_base=0.000 buoyancy_pwm=0 mask_valid=1 mask=0 forward_active=0
[CTRL] depth_valid=1 depth=30.948 vz=-0.650 az=-1.270 target_valid=1 target=30.000 pid=9.657 pid_base=-3.343 buoyancy_pwm=83 mask_valid=1 mask=0 forward_active=0
$T,309,-6,-12,,,24,-1107,-875,1278,1204,0*77
[CTRL] depth_valid=1 depth=30.785 vz=-0.705 az=-0.806 target_valid=1 target=30.000 pid=0.000 pid_base=0.000 buoyancy_pwm=0 mask_valid=1 mask=0 forward_active=0
[OK]hb
[CTRL] depth_valid=1 depth=30.462 vz=-0.851 az=-0.585 target_valid=1 target=30.000 pid=0.000 pid_base=0.000 buoyancy_pwm=0 mask_valid=1 mask=0 forward_active=0
[CTRL] depth_valid=1 depth=30.243 vz=-0.636 az=-0.176 target_valid=1 target=30.000 pid=0.000 pid_base=0.000 buoyancy_pwm=0 mask_valid=1 mask=0 forward_active=0
[CTRL] depth_valid=1 depth=30.074 vz=-0.481 az=-0.028 target_valid=1 target=30.000 pid=0.000 pid_base=0.000 buoyancy_pwm=0 mask_valid=1 mask=0 forward_active=0
$T,300,-4,0,,,24,-1172,-884,1325,1203,0*60
<- Minima: BUOY 
[CTRL] depth_valid=1 depth=29.660 vz=-0.857 az=-0.360 target_valid=1 target=30.000 pid=11.758 pid_base=11.758 buoyancy_pwm=87 mask_valid=1 mask=0 forward_active=0
[CTRL] depth_valid=1 depth=29.081 vz=-1.265 az=-0.572 target_valid=1 target=30.000 pid=20.490 pid_base=20.490 buoyancy_pwm=104 mask_valid=1 mask=0 forward_active=0
[CTRL] depth_valid=1 depth=28.617 vz=-1.093 az=-0.192 target_valid=1 target=30.000 pid=21.248 pid_base=21.248 buoyancy_pwm=105 mask_valid=1 mask=0 forward_active=0
[CTRL] depth_valid=1 depth=28.524 vz=-0.272 az=0.582 target_valid=1 target=30.000 pid=13.306 pid_base=13.306 buoyancy_pwm=90 mask_valid=1 mask=0 forward_active=0
$T,285,-2,5,,,22,-1009,-837,1158,1208,4*6B
<- Minima: IDLE
[CTRL] depth_valid=1 depth=28.823 vz=0.685 az=1.117 target_valid=1 target=30.000 pid=0.000 pid_base=0.000 buoyancy_pwm=0 mask_valid=1 mask=0 forward_active=0
<- Minima: BUOY 
[CTRL] depth_valid=1 depth=29.398 vz=1.381 az=1.204 target_valid=1 target=30.000 pid=-34.790 pid_base=-34.790 buoyancy_pwm=131 mask_valid=1 mask=384 forward_active=0
<- Minima: IDLE
[CTRL] depth_valid=1 depth=30.060 vz=1.655 az=0.940 target_valid=1 target=30.000 pid=0.000 pid_base=0.000 buoyancy_pwm=0 mask_valid=1 mask=0 forward_active=0
[OK]hb
<- Minima: BUOY 
[CTRL] depth_valid=1 depth=30.585 vz=1.280 az=0.201 target_valid=1 target=30.000 pid=-34.509 pid_base=-34.509 buoyancy_pwm=130 mask_valid=1 mask=384 forward_active=0
$T,305,12,2,,,24,-663,-890,831,1208,4*7E
[CTRL] depth_valid=1 depth=30.798 vz=0.473 az=-0.594 target_valid=1 target=30.000 pid=-11.530 pid_base=-11.530 buoyancy_pwm=87 mask_valid=1 mask=384 forward_active=0
<- Minima: IDLE
[CTRL] depth_valid=1 depth=30.445 vz=-0.742 az=-1.320 target_valid=1 target=30.000 pid=0.000 pid_base=0.000 buoyancy_pwm=0 mask_valid=1 mask=0 forward_active=0
[CTRL] depth_valid=1 depth=30.027 vz=-1.157 az=-1.099 target_valid=1 target=30.000 pid=0.000 pid_base=0.000 buoyancy_pwm=0 mask_valid=1 mask=0 forward_active=0
<- Minima: BUOY 
[CTRL] depth_valid=1 depth=29.598 vz=-1.196 az=-0.694 target_valid=1 target=30.000 pid=13.829 pid_base=13.829 buoyancy_pwm=91 mask_valid=1 mask=0 forward_active=0
$T,295,-11,-6,,,24,-877,-868,1044,1203,4*4D
[CTRL] depth_valid=1 depth=29.222 vz=-0.989 az=-0.253 target_valid=1 target=30.000 pid=15.556 pid_base=15.556 buoyancy_pwm=94 mask_valid=1 mask=0 forward_active=0
[CTRL] depth_valid=1 depth=28.887 vz=-0.729 az=0.090 target_valid=1 target=30.000 pid=17.642 pid_base=17.642 buoyancy_pwm=98 mask_valid=1 mask=0 forward_active=0
[CTRL] depth_valid=1 depth=28.870 vz=-0.018 az=0.666 target_valid=1 target=30.000 pid=9.562 pid_base=9.562 buoyancy_pwm=83 mask_valid=1 mask=0 forward_active=0
<- Minima: IDLE
[CTRL] depth_valid=1 depth=29.146 vz=0.719 az=1.019 target_valid=1 target=30.000 pid=0.000 pid_base=0.000 buoyancy_pwm=0 mask_valid=1 mask=0 forward_active=0
$T,291,7,10,,,22,-943,-827,1113,1204,0*42
[CTRL] depth_valid=1 depth=29.862 vz=1.604 az=1.289 target_valid=1 target=30.000 pid=0.000 pid_base=0.000 buoyancy_pwm=0 mask_valid=1 mask=0 forward_active=0
[OK]hb
<- Minima: BUOY 
[CTRL] depth_valid=1 depth=30.818 vz=2.163 az=1.167 target_valid=1 target=30.000 pid=-76.000 pid_base=-80.000 buoyancy_pwm=209 mask_valid=1 mask=384 forward_active=0
[CTRL] depth_valid=1 depth=31.462 vz=1.584 az=0.153 target_valid=1 target=30.000 pid=-40.048 pid_base=-51.298 buoyancy_pwm=141 mask_valid=1 mask=384 forward_active=0
<- Minima: IDLE
[CTRL] depth_valid=1 depth=31.701 vz=0.505 az=-0.862 target_valid=1 target=30.000 pid=0.000 pid_base=0.000 buoyancy_pwm=0 mask_valid=1 mask=0 forward_active=0
$T,317,5,-8,,,25,-1385,-889,1570,1206,0*6A
<- Minima: BUOY 
[CTRL] depth_valid=1 depth=31.408 vz=-0.749 az=-1.548 target_valid=1 target=30.000 pid=8.194 pid_base=-5.306 buoyancy_pwm=80 mask_valid=1 mask=0 forward_active=0
<- Minima: IDLE
[CTRL] depth_valid=1 depth=30.978 vz=-1.315 az=-1.412 target_valid=1 target=30.000 pid=0.000 pid_base=0.000 buoyancy_pwm=0 mask_valid=1 mask=0 forward_active=0
[CTRL] depth_valid=1 depth=30.520 vz=-1.290 az=-0.787 target_valid=1 target=30.000 pid=0.000 pid_base=0.000 buoyancy_pwm=0 mask_valid=1 mask=0 forward_active=0
[CTRL] depth_valid=1 depth=30.252 vz=-0.812 az=-0.080 target_valid=1 target=30.000 pid=0.000 pid_base=0.000 buoyancy_pwm=0 mask_valid=1 mask=0 forward_active=0
$T,302,-8,0,,,25,-1229,-876,1388,1203,0*68
[CTRL] depth_valid=1 depth=29.986 vz=-0.702 az=-0.050 target_valid=1 target=30.000 pid=0.000 pid_base=0.000 buoyancy_pwm=0 mask_valid=1 mask=0 forward_active=0
<- Minima: BUOY 
[CTRL] depth_valid=1 depth=29.338 vz=-1.353 az=-0.624 target_valid=1 target=30.000 pid=21.312 pid_base=21.312 buoyancy_pwm=105 mask_valid=1 mask=0 forward_active=0
[CTRL] depth_valid=1 depth=28.590 vz=-1.742 az=-0.755 target_valid=1 target=30.000 pid=37.429 pid_base=37.429 buoyancy_pwm=136 mask_valid=1 mask=0 forward_active=0
[OK]hb
[CTRL] depth_valid=1 depth=28.118 vz=-1.229 az=-0.045 target_valid=1 target=30.000 pid=27.442 pid_base=27.442 buoyancy_pwm=117 mask_valid=1 mask=0 forward_active=0
$T,281,-12,0,,,22,-999,-826,1154,1209,4*67
[CTRL] depth_valid=1 depth=28.139 vz=-0.111 az=0.852 target_valid=1 target=30.000 pid=18.023 pid_base=18.023 buoyancy_pwm=99 mask_valid=1 mask=0 forward_active=0
Target depth set to 35.0 cm
[OK]l35#32[ACK] l35#32

[CTRL] depth_valid=1 depth=28.588 vz=1.015 az=1.394 target_valid=1 target=35.000 pid=-80.000 pid_base=-80.000 buoyancy_pwm=217 mask_valid=1 mask=384 forward_active=0
[CTRL] depth_valid=1 depth=29.186 vz=1.458 az=1.109 target_valid=1 target=35.000 pid=-80.000 pid_base=-80.000 buoyancy_pwm=217 mask_valid=1 mask=384 forward_active=0
Target depth set to 40.0 cm
[OK]l40#33[ACK] l40#33

<- Minima: IDLE
[CTRL] depth_valid=1 depth=29.570 vz=1.014 az=0.216 target_valid=1 target=40.000 pid=80.000 pid_base=80.000 buoyancy_pwm=217 mask_valid=1 mask=0 forward_active=0
$T,295,10,2,,,23,-1592,-883,1755,1214,0*78
<- Minima: BUOY 
[CTRL] depth_valid=1 depth=29.534 vz=-0.025 az=-0.789 target_valid=1 target=40.000 pid=80.000 pid_base=80.000 buoyancy_pwm=217 mask_valid=1 mask=0 forward_active=0
[CTRL] depth_valid=1 depth=29.214 vz=-0.811 az=-1.113 target_valid=1 target=40.000 pid=80.000 pid_base=80.000 buoyancy_pwm=217 mask_valid=1 mask=0 forward_active=0
[CTRL] depth_valid=1 depth=29.306 vz=-0.149 az=-0.086 target_valid=1 target=40.000 pid=80.000 pid_base=80.000 buoyancy_pwm=217 mask_valid=1 mask=0 forward_active=0
[CTRL] depth_valid=1 depth=30.481 vz=2.187 az=1.894 target_valid=1 target=40.000 pid=-65.250 pid_base=-80.000 buoyancy_pwm=189 mask_valid=1 mask=384 forward_active=0
$T,304,21,18,,,23,-1041,-799,1217,1207,4*42
[CTRL] depth_valid=1 depth=32.332 vz=4.041 az=2.594 target_valid=1 target=40.000 pid=-61.500 pid_base=-80.000 buoyancy_pwm=182 mask_valid=1 mask=384 forward_active=0
[OK]hb
[CTRL] depth_valid=1 depth=34.083 vz=4.057 az=1.415 target_valid=1 target=40.000 pid=-66.000 pid_base=-80.000 buoyancy_pwm=190 mask_valid=1 mask=384 forward_active=0
<- Minima: IDLE
[CTRL] depth_valid=1 depth=35.316 vz=2.859 az=-0.219 target_valid=1 target=40.000 pid=12.135 pid_base=-3.615 buoyancy_pwm=88 mask_valid=1 mask=0 forward_active=0
<- Minima: BUOY 
[CTRL] depth_valid=1 depth=36.290 vz=1.947 az=-0.882 target_valid=1 target=40.000 pid=-10.585 pid_base=-16.835 buoyancy_pwm=85 mask_valid=1 mask=384 forward_active=0
$T,362,19,-8,,,,-1002,-838,1157,1211,4*57
[CTRL] depth_valid=1 depth=37.421 vz=2.026 az=-0.440 target_valid=1 target=40.000 pid=-25.356 pid_base=-33.856 buoyancy_pwm=113 mask_valid=1 mask=384 forward_active=0
[CTRL] depth_valid=1 depth=38.758 vz=2.545 az=0.190 target_valid=1 target=40.000 pid=-77.451 pid_base=-79.951 buoyancy_pwm=212 mask_valid=1 mask=384 forward_active=0
[CTRL] depth_valid=1 depth=40.219 vz=2.836 az=0.275 target_valid=1 target=40.000 pid=-70.250 pid_base=-80.000 buoyancy_pwm=198 mask_valid=1 mask=384 forward_active=0
[CTRL] depth_valid=1 depth=41.151 vz=1.887 az=-0.700 target_valid=1 target=40.000 pid=-51.078 pid_base=-59.078 buoyancy_pwm=162 mask_valid=1 mask=384 forward_active=0
$T,411,18,-7,,,101,-873,-890,971,1213,4*68
[CTRL] depth_valid=1 depth=41.767 vz=1.029 az=-1.165 target_valid=1 target=40.000 pid=-49.583 pid_base=-63.583 buoyancy_pwm=159 mask_valid=1 mask=384 forward_active=0
<- Minima: IDLE
[CTRL] depth_valid=1 depth=42.143 vz=0.405 az=-1.237 target_valid=1 target=40.000 pid=0.000 pid_base=0.000 buoyancy_pwm=0 mask_valid=1 mask=0 forward_active=0
<- Minima: BUOY 
[CTRL] depth_valid=1 depth=42.393 vz=0.119 az=-0.998 target_valid=1 target=40.000 pid=-9.952 pid_base=-18.702 buoyancy_pwm=84 mask_valid=1 mask=384 forward_active=0
[OK]hb
[CTRL] depth_valid=1 depth=42.354 vz=-0.311 az=-0.928 target_valid=1 target=40.000 pid=-8.875 pid_base=-14.875 buoyancy_pwm=82 mask_valid=1 mask=384 forward_active=0
$T,423,-3,-9,230,,98,-1525,-890,1545,1213,4*75
[CTRL] depth_valid=1 depth=42.041 vz=-0.842 az=-0.977 target_valid=1 target=40.000 pid=0.000 pid_base=0.000 buoyancy_pwm=0 mask_valid=1 mask=0 forward_active=0
<- Minima: IDLE
[CTRL] depth_valid=1 depth=42.130 vz=-0.099 az=0.072 target_valid=1 target=40.000 pid=-14.949 pid_base=-18.699 buoyancy_pwm=93 mask_valid=1 mask=384 forward_active=0
<- Minima: BUOY 
[CTRL] depth_valid=1 depth=42.635 vz=0.924 az=0.862 target_valid=1 target=40.000 pid=-79.250 pid_base=-80.000 buoyancy_pwm=216 mask_valid=1 mask=384 forward_active=0
[CTRL] depth_valid=1 depth=43.086 vz=1.031 az=0.517 target_valid=1 target=40.000 pid=-64.760 pid_base=-71.260 buoyancy_pwm=188 mask_valid=1 mask=384 forward_active=0
$T,430,10,5,229,9,98,933,-845,-967,1209,4*7C
[CTRL] depth_valid=1 depth=42.783 vz=-0.484 az=-1.037 target_valid=1 target=40.000 pid=0.000 pid_base=0.000 buoyancy_pwm=0 mask_valid=1 mask=0 forward_active=0
<- Minima: IDLE
[CTRL] depth_valid=1 depth=41.716 vz=-2.347 az=-2.180 target_valid=1 target=40.000 pid=34.387 pid_base=21.137 buoyancy_pwm=130 mask_valid=1 mask=0 forward_active=0
<- Minima: BUOY 
[CTRL] depth_valid=1 depth=40.757 vz=-2.553 az=-1.470 target_valid=1 target=40.000 pid=38.275 pid_base=25.775 buoyancy_pwm=138 mask_valid=1 mask=0 forward_active=0
[CTRL] depth_valid=1 depth=40.400 vz=-1.217 az=0.245 target_valid=1 target=40.000 pid=0.000 pid_base=0.000 buoyancy_pwm=0 mask_valid=1 mask=0 forward_active=0
<- Minima: IDLE
$T,403,-12,2,229,7,98,-994,-866,930,1209,0*50
[CTRL] depth_valid=1 depth=40.794 vz=0.684 az=1.686 target_valid=1 target=40.000 pid=-20.077 pid_base=-20.077 buoyancy_pwm=103 mask_valid=1 mask=384 forward_active=0
<- Minima: BUOY 
[OK]hb
[CTRL] depth_valid=1 depth=41.486 vz=1.737 az=1.822 target_valid=1 target=40.000 pid=-80.000 pid_base=-80.000 buoyancy_pwm=217 mask_valid=1 mask=384 forward_active=0
[CTRL] depth_valid=1 depth=41.905 vz=1.297 az=0.642 target_valid=1 target=40.000 pid=-59.581 pid_base=-59.581 buoyancy_pwm=178 mask_valid=1 mask=384 forward_active=0
[CTRL] depth_valid=1 depth=41.752 vz=-0.150 az=-0.903 target_valid=1 target=40.000 pid=-11.282 pid_base=-11.282 buoyancy_pwm=86 mask_valid=1 mask=384 forward_active=0
$T,417,-1,-9,228,7,98,980,-851,-1057,1208,4*7D
[CTRL] depth_valid=1 depth=40.960 vz=-1.753 az=-1.876 target_valid=1 target=40.000 pid=16.198 pid_base=16.198 buoyancy_pwm=96 mask_valid=1 mask=0 forward_active=0
[CTRL] depth_valid=1 depth=39.714 vz=-2.896 az=-2.015 target_valid=1 target=40.000 pid=38.073 pid_base=38.073 buoyancy_pwm=137 mask_valid=1 mask=0 forward_active=0
[CTRL] depth_valid=1 depth=38.917 vz=-2.108 az=-0.448 target_valid=1 target=40.000 pid=23.234 pid_base=23.234 buoyancy_pwm=109 mask_valid=1 mask=0 forward_active=0
[CTRL] depth_valid=1 depth=38.681 vz=-0.658 az=0.963 target_valid=1 target=40.000 pid=12.432 pid_base=14.682 buoyancy_pwm=88 mask_valid=1 mask=0 forward_active=0
$T,386,-6,9,226,7,98,-1353,-875,1316,1206,4*6D
[CTRL] depth_valid=1 depth=38.949 vz=0.688 az=1.657 target_valid=1 target=40.000 pid=0.000 pid_base=0.000 buoyancy_pwm=0 mask_valid=1 mask=0 forward_active=0
<- Minima: IDLE
[CTRL] depth_valid=1 depth=39.513 vz=1.464 az=1.560 target_valid=1 target=40.000 pid=-43.207 pid_base=-43.207 buoyancy_pwm=147 mask_valid=1 mask=384 forward_active=0
<- Minima: BUOY 
[CTRL] depth_valid=1 depth=40.218 vz=1.758 az=1.108 target_valid=1 target=40.000 pid=-55.554 pid_base=-55.554 buoyancy_pwm=170 mask_valid=1 mask=384 forward_active=0
[OK]hb
[CTRL] depth_valid=1 depth=40.987 vz=1.802 az=0.654 target_valid=1 target=40.000 pid=-67.744 pid_base=-67.744 buoyancy_pwm=194 mask_valid=1 mask=384 forward_active=0
$T,409,18,6,226,9,99,834,-883,-829,1208,4*75
[CTRL] depth_valid=1 depth=41.528 vz=1.234 az=-0.138 target_valid=1 target=40.000 pid=-51.184 pid_base=-51.184 buoyancy_pwm=162 mask_valid=1 mask=384 forward_active=0
[CTRL] depth_valid=1 depth=41.593 vz=0.085 az=-1.082 target_valid=1 target=40.000 pid=-18.682 pid_base=-18.682 buoyancy_pwm=100 mask_valid=1 mask=384 forward_active=0
[CTRL] depth_valid=1 depth=41.024 vz=-1.347 az=-1.815 target_valid=1 target=40.000 pid=0.000 pid_base=0.000 buoyancy_pwm=0 mask_valid=1 mask=0 forward_active=0
<- Minima: IDLE
[CTRL] depth_valid=1 depth=39.949 vz=-2.632 az=-2.164 target_valid=1 target=40.000 pid=0.000 pid_base=0.000 buoyancy_pwm=0 mask_valid=1 mask=0 forward_active=0
$T,399,-26,-21,227,,99,712,-889,-672,1210,0*77
[CTRL] depth_valid=1 depth=38.879 vz=-2.690 az=-1.278 target_valid=1 target=40.000 pid=31.244 pid_base=31.244 buoyancy_pwm=124 mask_valid=1 mask=0 forward_active=0
<- Minima: BUOY 
[CTRL] depth_valid=1 depth=38.161 vz=-1.866 az=-0.074 target_valid=1 target=40.000 pid=30.111 pid_base=30.111 buoyancy_pwm=122 mask_valid=1 mask=0 forward_active=0
[CTRL] depth_valid=1 depth=37.967 vz=-0.450 az=1.168 target_valid=1 target=40.000 pid=17.514 pid_base=17.514 buoyancy_pwm=98 mask_valid=1 mask=0 forward_active=0
[CTRL] depth_valid=1 depth=38.316 vz=0.894 az=1.770 target_valid=1 target=40.000 pid=-10.492 pid_base=-10.492 buoyancy_pwm=85 mask_valid=1 mask=384 forward_active=0
$T,383,8,17,227,,101,-910,-871,987,1211,4*7E
[CTRL] depth_valid=1 depth=39.029 vz=1.764 az=1.686 target_valid=1 target=40.000 pid=-37.057 pid_base=-37.057 buoyancy_pwm=135 mask_valid=1 mask=384 forward_active=0
[OK]hb
[CTRL] depth_valid=1 depth=40.001 vz=2.319 az=1.402 target_valid=1 target=40.000 pid=0.000 pid_base=0.000 buoyancy_pwm=0 mask_valid=1 mask=0 forward_active=0
<- Minima: IDLE
[CTRL] depth_valid=1 depth=40.833 vz=1.971 az=0.451 target_valid=1 target=40.000 pid=-40.814 pid_base=-57.564 buoyancy_pwm=142 mask_valid=1 mask=384 forward_active=0
<- Minima: BUOY 
[CTRL] depth_valid=1 depth=41.545 vz=1.485 az=-0.206 target_valid=1 target=40.000 pid=-39.069 pid_base=-57.569 buoyancy_pwm=139 mask_valid=1 mask=384 forward_active=0
$T,415,14,-2,,9,101,1254,-879,-1133,1203,4*5B
[CTRL] depth_valid=1 depth=41.689 vz=0.195 az=-1.273 target_valid=1 target=40.000 pid=0.000 pid_base=0.000 buoyancy_pwm=0 mask_valid=1 mask=0 forward_active=0
<- Minima: IDLE
[CTRL] depth_valid=1 depth=41.489 vz=-0.669 az=-1.443 target_valid=1 target=40.000 pid=0.000 pid_base=0.000 buoyancy_pwm=0 mask_valid=1 mask=0 forward_active=0
[CTRL] depth_valid=1 depth=41.189 vz=-0.977 az=-1.093 target_valid=1 target=40.000 pid=17.090 pid_base=2.340 buoyancy_pwm=97 mask_valid=1 mask=0 forward_active=0
<- Minima: BUOY 
[CTRL] depth_valid=1 depth=40.980 vz=-0.775 az=-0.500 target_valid=1 target=40.000 pid=0.000 pid_base=0.000 buoyancy_pwm=0 mask_valid=1 mask=0 forward_active=0
<- Minima: IDLE
$T,409,-7,-5,,,,-1303,-869,1469,1200,0*48
[CTRL] depth_valid=1 depth=41.030 vz=-0.118 az=0.229 target_valid=1 target=40.000 pid=-13.233 pid_base=-15.483 buoyancy_pwm=90 mask_valid=1 mask=384 forward_active=0
<- Minima: BUOY 
[CTRL] depth_valid=1 depth=41.582 vz=0.975 az=0.956 target_valid=1 target=40.000 pid=-60.431 pid_base=-67.681 buoyancy_pwm=180 mask_valid=1 mask=384 forward_active=0
[CTRL] depth_valid=1 depth=41.923 vz=0.880 az=0.430 target_valid=1 target=40.000 pid=-46.060 pid_base=-60.060 buoyancy_pwm=152 mask_valid=1 mask=384 forward_active=0
[OK]hb
[CTRL] depth_valid=1 depth=41.468 vz=-0.840 az=-1.282 target_valid=1 target=40.000 pid=14.382 pid_base=0.882 buoyancy_pwm=92 mask_valid=1 mask=0 forward_active=0
$T,414,-8,-12,,,,1041,-828,-832,1205,4*4F
[CTRL] depth_valid=1 depth=40.402 vz=-2.456 az=-2.138 target_valid=1 target=40.000 pid=28.746 pid_base=28.746 buoyancy_pwm=119 mask_valid=1 mask=0 forward_active=0
[CTRL] depth_valid=1 depth=39.251 vz=-2.780 az=-1.455 target_valid=1 target=40.000 pid=27.432 pid_base=27.432 buoyancy_pwm=117 mask_valid=1 mask=0 forward_active=0
[CTRL] depth_valid=1 depth=38.660 vz=-1.605 az=0.167 target_valid=1 target=40.000 pid=19.247 pid_base=19.247 buoyancy_pwm=101 mask_valid=1 mask=0 forward_active=0
[CTRL] depth_valid=1 depth=38.616 vz=-0.167 az=1.260 target_valid=1 target=40.000 pid=8.270 pid_base=8.270 buoyancy_pwm=81 mask_valid=1 mask=0 forward_active=0
$T,386,-1,12,,,,1395,-877,-1217,1205,4*5B
[CTRL] depth_valid=1 depth=38.793 vz=0.620 az=1.359 target_valid=1 target=40.000 pid=9.220 pid_base=9.220 buoyancy_pwm=82 mask_valid=1 mask=0 forward_active=0
[CTRL] depth_valid=1 depth=39.032 vz=0.872 az=1.023 target_valid=1 target=40.000 pid=0.000 pid_base=0.000 buoyancy_pwm=0 mask_valid=1 mask=0 forward_active=0
<- Minima: IDLE
[CTRL] depth_valid=1 depth=39.722 vz=1.678 az=1.307 target_valid=1 target=40.000 pid=-76.009 pid_base=-76.009 buoyancy_pwm=209 mask_valid=1 mask=384 forward_active=0
<- Minima: BUOY 
[CTRL] depth_valid=1 depth=40.747 vz=2.377 az=1.343 target_valid=1 target=40.000 pid=-80.000 pid_base=-80.000 buoyancy_pwm=217 mask_valid=1 mask=384 forward_active=0
$T,407,23,13,,,,1326,-865,-1157,1214,4*45
[CTRL] depth_valid=1 depth=41.668 vz=2.152 az=0.541 target_valid=1 target=40.000 pid=-80.000 pid_base=-80.000 buoyancy_pwm=217 mask_valid=1 mask=384 forward_active=0
[OK]hb
[CTRL] depth_valid=1 depth=41.928 vz=0.704 az=-0.927 target_valid=1 target=40.000 pid=-29.323 pid_base=-29.323 buoyancy_pwm=121 mask_valid=1 mask=384 forward_active=0
[CTRL] depth_valid=1 depth=41.621 vz=-0.800 az=-1.805 target_valid=1 target=40.000 pid=-10.835 pid_base=-10.835 buoyancy_pwm=85 mask_valid=1 mask=384 forward_active=0
[CTRL] depth_valid=1 depth=40.821 vz=-2.048 az=-2.102 target_valid=1 target=40.000 pid=9.166 pid_base=9.166 buoyancy_pwm=82 mask_valid=1 mask=0 forward_active=0
$T,408,-20,-21,,,,1105,-855,-923,1214,4*72
[CTRL] depth_valid=1 depth=39.774 vz=-2.560 az=-1.589 target_valid=1 target=40.000 pid=24.358 pid_base=20.358 buoyancy_pwm=111 mask_valid=1 mask=0 forward_active=0
[CTRL] depth_valid=1 depth=38.954 vz=-2.166 az=-0.630 target_valid=1 target=40.000 pid=27.962 pid_base=24.712 buoyancy_pwm=118 mask_valid=1 mask=0 forward_active=0
[CTRL] depth_valid=1 depth=38.343 vz=-1.396 az=0.303 target_valid=1 target=40.000 pid=22.828 pid_base=22.578 buoyancy_pwm=108 mask_valid=1 mask=0 forward_active=0
[CTRL] depth_valid=1 depth=38.394 vz=0.064 az=1.366 target_valid=1 target=40.000 pid=16.149 pid_base=17.149 buoyancy_pwm=96 mask_valid=1 mask=0 forward_active=0
$T,383,0,13,,,,-1256,-864,1410,1206,4*7D
[CTRL] depth_valid=1 depth=38.979 vz=1.437 az=1.910 target_valid=1 target=40.000 pid=-34.448 pid_base=-36.198 buoyancy_pwm=130 mask_valid=1 mask=384 forward_active=0
[CTRL] depth_valid=1 depth=39.766 vz=2.040 az=1.595 target_valid=1 target=40.000 pid=-69.250 pid_base=-80.000 buoyancy_pwm=197 mask_valid=1 mask=384 forward_active=0
[CTRL] depth_valid=1 depth=40.356 vz=1.578 az=0.489 target_valid=1 target=40.000 pid=-24.480 pid_base=-37.730 buoyancy_pwm=111 mask_valid=1 mask=384 forward_active=0
[OK]hb
[CTRL] depth_valid=1 depth=40.761 vz=0.969 az=-0.235 target_valid=1 target=40.000 pid=-21.053 pid_base=-35.053 buoyancy_pwm=105 mask_valid=1 mask=384 forward_active=0
$T,407,9,-2,,,,1463,-884,-1288,1205,4*68
[CTRL] depth_valid=1 depth=40.851 vz=0.161 az=-0.818 target_valid=1 target=40.000 pid=0.000 pid_base=0.000 buoyancy_pwm=0 mask_valid=1 mask=0 forward_active=0
<- Minima: IDLE
[CTRL] depth_valid=1 depth=40.874 vz=-0.170 az=-0.761 target_valid=1 target=40.000 pid=-8.325 pid_base=-14.325 buoyancy_pwm=81 mask_valid=1 mask=384 forward_active=0
<- Minima: BUOY 
[CTRL] depth_valid=1 depth=40.997 vz=0.021 az=-0.285 target_valid=1 target=40.000 pid=-13.492 pid_base=-18.992 buoyancy_pwm=90 mask_valid=1 mask=384 forward_active=0
[CTRL] depth_valid=1 depth=41.165 vz=0.208 az=-0.033 target_valid=1 target=40.000 pid=-18.670 pid_base=-21.670 buoyancy_pwm=100 mask_valid=1 mask=384 forward_active=0
$T,411,2,0,,,,1200,-872,-1013,1205,4*41
[CTRL] depth_valid=1 depth=41.033 vz=-0.317 az=-0.510 target_valid=1 target=40.000 pid=0.000 pid_base=0.000 buoyancy_pwm=0 mask_valid=1 mask=0 forward_active=0
<- Minima: IDLE
[CTRL] depth_valid=1 depth=40.321 vz=-1.552 az=-1.371 target_valid=1 target=40.000 pid=26.462 pid_base=17.712 buoyancy_pwm=115 mask_valid=1 mask=0 forward_active=0
<- Minima: BUOY 
[CTRL] depth_valid=1 depth=39.198 vz=-2.599 az=-1.697 target_valid=1 target=40.000 pid=46.492 pid_base=39.242 buoyancy_pwm=153 mask_valid=1 mask=0 forward_active=0
[CTRL] depth_valid=1 depth=38.420 vz=-2.093 az=-0.594 target_valid=1 target=40.000 pid=33.445 pid_base=28.695 buoyancy_pwm=128 mask_valid=1 mask=0 forward_active=0
$T,384,-20,-5,,,,-1127,-858,1319,1216,4*7A
[CTRL] depth_valid=1 depth=38.133 vz=-0.832 az=0.693 target_valid=1 target=40.000 pid=16.800 pid_base=16.300 buoyancy_pwm=97 mask_valid=1 mask=0 forward_active=0
[OK]hb
[CTRL] depth_valid=1 depth=38.387 vz=0.635 az=1.637 target_valid=1 target=40.000 pid=0.000 pid_base=0.000 buoyancy_pwm=0 mask_valid=1 mask=0 forward_active=0
<- Minima: IDLE
[CTRL] depth_valid=1 depth=38.880 vz=1.372 az=1.550 target_valid=1 target=40.000 pid=-25.560 pid_base=-22.810 buoyancy_pwm=113 mask_valid=1 mask=384 forward_active=0
<- Minima: BUOY 
[CTRL] depth_valid=1 depth=39.473 vz=1.526 az=0.976 target_valid=1 target=40.000 pid=-33.102 pid_base=-38.852 buoyancy_pwm=128 mask_valid=1 mask=384 forward_active=0
$T,394,15,9,,,,-1542,-877,1725,1202,4*75
[CTRL] depth_valid=1 depth=40.014 vz=1.219 az=0.211 target_valid=1 target=40.000 pid=0.000 pid_base=0.000 buoyancy_pwm=0 mask_valid=1 mask=0 forward_active=0
<- Minima: IDLE
[CTRL] depth_valid=1 depth=40.203 vz=0.412 az=-0.597 target_valid=1 target=40.000 pid=0.000 pid_base=0.000 buoyancy_pwm=0 mask_valid=1 mask=0 forward_active=0
[CTRL] depth_valid=1 depth=40.222 vz=-0.114 az=-0.793 target_valid=1 target=40.000 pid=0.000 pid_base=0.000 buoyancy_pwm=0 mask_valid=1 mask=0 forward_active=0
[CTRL] depth_valid=1 depth=40.197 vz=-0.248 az=-0.563 target_valid=1 target=40.000 pid=0.000 pid_base=0.000 buoyancy_pwm=0 mask_valid=1 mask=0 forward_active=0
$T,401,-2,-5,,,,-1139,-860,1314,1202,0*48
<- Minima: BUOY 
[CTRL] depth_valid=1 depth=40.674 vz=0.723 az=0.468 target_valid=1 target=40.000 pid=-23.948 pid_base=-23.948 buoyancy_pwm=110 mask_valid=1 mask=384 forward_active=0
[CTRL] depth_valid=1 depth=41.039 vz=0.780 az=0.270 target_valid=1 target=40.000 pid=-22.291 pid_base=-22.291 buoyancy_pwm=107 mask_valid=1 mask=384 forward_active=0
[CTRL] depth_valid=1 depth=40.881 vz=-0.297 az=-0.819 target_valid=1 target=40.000 pid=0.000 pid_base=0.000 buoyancy_pwm=0 mask_valid=1 mask=0 forward_active=0
<- Minima: IDLE
[OK]hb
[CTRL] depth_valid=1 depth=40.158 vz=-1.551 az=-1.493 target_valid=1 target=40.000 pid=0.000 pid_base=0.000 buoyancy_pwm=0 mask_valid=1 mask=0 forward_active=0
$T,401,-15,-14,,,,1283,-881,-1107,1202,0*43
[CTRL] depth_valid=1 depth=39.148 vz=-2.319 az=-1.462 target_valid=1 target=40.000 pid=26.037 pid_base=26.037 buoyancy_pwm=114 mask_valid=1 mask=0 forward_active=0
<- Minima: BUOY 
[CTRL] depth_valid=1 depth=38.365 vz=-1.901 az=-0.452 target_valid=1 target=40.000 pid=27.047 pid_base=27.047 buoyancy_pwm=116 mask_valid=1 mask=0 forward_active=0
[CTRL] depth_valid=1 depth=38.105 vz=-0.787 az=0.620 target_valid=1 target=40.000 pid=25.359 pid_base=25.359 buoyancy_pwm=113 mask_valid=1 mask=0 forward_active=0
[CTRL] depth_valid=1 depth=38.193 vz=0.181 az=1.097 target_valid=1 target=40.000 pid=23.661 pid_base=23.661 buoyancy_pwm=110 mask_valid=1 mask=0 forward_active=0
$T,381,1,10,,,,-1248,-873,1416,1203,4*77
[CTRL] depth_valid=1 depth=38.638 vz=1.100 az=1.378 target_valid=1 target=40.000 pid=0.000 pid_base=0.000 buoyancy_pwm=0 mask_valid=1 mask=0 forward_active=0
[CTRL] depth_valid=1 depth=39.459 vz=1.948 az=1.493 target_valid=1 target=40.000 pid=-71.879 pid_base=-71.879 buoyancy_pwm=202 mask_valid=1 mask=384 forward_active=0
[CTRL] depth_valid=1 depth=40.741 vz=2.841 az=1.558 target_valid=1 target=40.000 pid=-80.000 pid_base=-80.000 buoyancy_pwm=217 mask_valid=1 mask=384 forward_active=0
[CTRL] depth_valid=1 depth=41.806 vz=2.443 az=0.478 target_valid=1 target=40.000 pid=-80.000 pid_base=-80.000 buoyancy_pwm=217 mask_valid=1 mask=384 forward_active=0
$T,418,24,4,,,,864,-862,-700,1206,4*77
[CTRL] depth_valid=1 depth=42.347 vz=1.115 az=-0.954 target_valid=1 target=40.000 pid=-73.530 pid_base=-73.530 buoyancy_pwm=205 mask_valid=1 mask=384 forward_active=0
[OK]hb
[CTRL] depth_valid=1 depth=42.421 vz=-0.161 az=-1.704 target_valid=1 target=40.000 pid=-21.724 pid_base=-21.724 buoyancy_pwm=106 mask_valid=1 mask=384 forward_active=0
[CTRL] depth_valid=1 depth=42.017 vz=-1.293 az=-1.991 target_valid=1 target=40.000 pid=0.000 pid_base=0.000 buoyancy_pwm=0 mask_valid=1 mask=0 forward_active=0
<- Minima: IDLE
[CTRL] depth_valid=1 depth=41.204 vz=-2.125 az=-1.848 target_valid=1 target=40.000 pid=0.000 pid_base=0.000 buoyancy_pwm=0 mask_valid=1 mask=0 forward_active=0
$T,412,-21,-18,,,,866,-856,-710,1206,0*45
<- Minima: BUOY 
[CTRL] depth_valid=1 depth=40.111 vz=-2.653 az=-1.509 target_valid=1 target=40.000 pid=0.000 pid_base=0.000 buoyancy_pwm=0 mask_valid=1 mask=0 forward_active=0
<- Minima: IDLE
[CTRL] depth_valid=1 depth=39.179 vz=-2.228 az=-0.477 target_valid=1 target=40.000 pid=24.172 pid_base=24.172 buoyancy_pwm=111 mask_valid=1 mask=0 forward_active=0
<- Minima: BUOY 
[CTRL] depth_valid=1 depth=38.876 vz=-0.832 az=0.873 target_valid=1 target=40.000 pid=11.553 pid_base=11.553 buoyancy_pwm=87 mask_valid=1 mask=0 forward_active=0
[CTRL] depth_valid=1 depth=39.100 vz=0.563 az=1.640 target_valid=1 target=40.000 pid=0.000 pid_base=0.000 buoyancy_pwm=0 mask_valid=1 mask=0 forward_active=0
$T,390,5,16,,,,-1427,-897,1599,1203,4*76
<- Minima: IDLE
[CTRL] depth_valid=1 depth=39.573 vz=1.261 az=1.472 target_valid=1 target=40.000 pid=-35.267 pid_base=-35.267 buoyacy_pwm=132 mask_valid=1 mask=384 forward_active=0
<- Minima: BUOY 
[CTRL] depth_valid=1 depth=40.081 vz=1.372 az=0.919 target_valid=1 target=40.000 pid=0.000 pid_base=0.000 buoyancy_pwm=0 mask_valid=1 mask=0 forward_active=0
<- Minima: IDLE
[CTRL] depth_valid=1 depth=40.612 vz=1.349 az=0.540 target_valid=1 target=40.000 pid=-51.584 pid_base=-51.584 buoyancy_pwm=163 mask_valid=1 mask=384 forward_active=0
<- Minima: BUOY 
[OK]hb
[CTRL] depth_valid=1 depth=41.005 vz=0.940 az=-0.039 target_valid=1 target=40.000 pid=-38.462 pid_base=-38.462 buoyancy_pwm=138 mask_valid=1 mask=384 forward_active=0
$T,410,9,0,,,,1337,-872,-1152,1206,4*49
[CTRL] depth_valid=1 depth=41.085 vz=0.134 az=-0.737 target_valid=1 target=40.000 pid=-15.851 pid_base=-15.851 buoyancy_pwm=95 mask_valid=1 mask=384 forward_active=0
[CTRL] depth_valid=1 depth=40.607 vz=-1.188 az=-1.602 target_valid=1 target=40.000 pid=0.000 pid_base=0.000 buoyancy_pwm=0 mask_valid=1 mask=0 forward_active=0
[CTRL] depth_valid=1 depth=39.664 vz=-2.307 az=-1.894 target_valid=1 target=40.000 pid=30.991 pid_base=30.991 buoyancy_pwm=124 mask_valid=1 mask=0 forward_active=0
[CTRL] depth_valid=1 depth=38.576 vz=-2.563 az=-1.234 target_valid=1 target=40.000 pid=31.545 pid_base=31.545 buoyancy_pwm=125 mask_valid=1 mask=0 forward_active=0
$T,385,-25,-12,,,,-1215,-864,1395,1207,4*41
[CTRL] depth_valid=1 depth=37.890 vz=-1.621 az=0.169 target_valid=1 target=40.000 pid=26.862 pid_base=23.612 buoyancy_pwm=116 mask_valid=1 mask=0 forward_active=0
[CTRL] depth_valid=1 depth=37.913 vz=0.026 az=1.493 target_valid=1 target=40.000 pid=23.498 pid_base=23.748 buoyancy_pwm=109 mask_valid=1 mask=0 forward_active=0
[CTRL] depth_valid=1 depth=38.168 vz=0.916 az=1.642 target_valid=1 target=40.000 pid=-18.488 pid_base=-11.988 buoyancy_pwm=100 mask_valid=1 mask=384 forward_active=0
[CTRL] depth_valid=1 depth=38.900 vz=1.790 az=1.632 target_valid=1 target=40.000 pid=-37.472 pid_base=-37.472 buoyancy_pwm=136 mask_valid=1 mask=384 forward_active=0
$T,388,17,16,,,,-1070,-858,1249,1210,4*41
[CTRL] depth_valid=1 depth=39.747 vz=2.055 az=1.113 target_valid=1 target=40.000 pid=-67.360 pid_base=-67.360 buoyancy_pwm=193 mask_valid=1 mask=384 forward_active=0
<- Minima: IDLE
[OK]hb
[CTRL] depth_valid=1 depth=40.722 vz=2.097 az=0.578 target_valid=1 target=40.000 pid=-63.135 pid_base=-63.135 buoyancy_pwm=185 mask_valid=1 mask=384 forward_active=0
<- Minima: BUOY 
[CTRL] depth_valid=1 depth=41.075 vz=0.847 az=-0.771 target_valid=1 target=40.000 pid=-37.883 pid_base=-37.883 buoyancy_pwm=137 mask_valid=1 mask=384 forward_active=0
[CTRL] depth_valid=1 depth=41.101 vz=-0.117 az=-1.261 target_valid=1 target=40.000 pid=0.000 pid_base=0.000 buoyancy_pwm=0 mask_valid=1 mask=0 forward_active=0
$T,411,-1,-12,,,,1551,-882,-1369,1211,4*76
<- Minima: IDLE
[CTRL] depth_valid=1 depth=40.893 vz=-0.736 az=-1.252 target_valid=1 target=40.000 pid=8.313 pid_base=-5.937 buoyancy_pwm=81 mask_valid=1 mask=0 forward_active=0
<- Minima: BUOY 
[CTRL] depth_valid=1 depth=40.748 vz=-0.651 az=-0.667 target_valid=1 target=40.000 pid=0.000 pid_base=0.000 buoyancy_pwm=0 mask_valid=1 mask=0 forward_active=0
<- Minima: IDLE
[CTRL] depth_valid=1 depth=40.887 vz=0.049 az=0.188 target_valid=1 target=40.000 pid=-11.367 pid_base=-15.117 buoyancy_pwm=86 mask_valid=1 mask=384 forward_active=0
<- Minima: BUOY 
[CTRL] depth_valid=1 depth=41.170 vz=0.432 az=0.315 target_valid=1 target=40.000 pid=-16.761 pid_base=-18.011 buoyancy_pwm=97 mask_valid=1 mask=384 forward_active=0
$T,411,4,3,,,,1368,-868,-1194,1204,4*4F
[CTRL] depth_valid=1 depth=41.233 vz=0.153 az=-0.108 target_valid=1 target=40.000 pid=-13.123 pid_base=-15.873 buoyancy_pwm=90 mask_valid=1 mask=384 forward_active=0
<- Minima: IDLE
[CTRL] depth_valid=1 depth=40.831 vz=-0.863 az=-0.970 target_valid=1 target=40.000 pid=10.833 pid_base=2.083 buoyancy_pwm=85 mask_valid=1 mask=0 forward_active=0
<- Minima: BUOY 
[CTRL] depth_valid=1 depth=40.015 vz=-1.847 az=-1.389 target_valid=1 target=40.000 pid=0.000 pid_base=0.000 buoyancy_pwm=0 mask_valid=1 mask=0 forward_active=0
<- Minima: IDLE
[OK]hb
[CTRL] depth_valid=1 depth=39.362 vz=-1.660 az=-0.626 target_valid=1 target=40.000 pid=16.886 pid_base=16.886 buoyancy_pwm=97 mask_valid=1 mask=0 forward_active=0
$T,393,-16,-6,,,,-1224,-867,1388,1204,0*79
<- Minima: BUOY 
[CTRL] depth_valid=1 depth=39.021 vz=-0.867 az=0.316 target_valid=1 target=40.000 pid=12.003 pid_base=12.003 buoyancy_pwm=88 mask_valid=1 mask=0 forward_active=0
[CTRL] depth_valid=1 depth=39.157 vz=0.241 az=1.070 target_valid=1 target=40.000 pid=0.000 pid_base=0.000 buoyancy_pwm=0 mask_valid=1 mask=0 forward_active=0
<- Minima: IDLE
[CTRL] depth_valid=1 depth=39.471 vz=0.851 az=1.103 target_valid=1 target=40.000 pid=-12.373 pid_base=-12.373 buoyancy_pwm=88 mask_valid=1 mask=384 forward_active=0
[CTRL] depth_valid=1 depth=39.917 vz=1.151 az=0.871 target_valid=1 target=40.000 pid=0.000 pid_base=0.000 buoyancy_pwm=0 mask_valid=1 mask=0 forward_active=0
$T,399,11,8,,,,-1400,-878,1569,1207,0*7E
[CTRL] depth_valid=1 depth=40.441 vz=1.240 az=0.552 target_valid=1 target=40.000 pid=-43.120 pid_base=-43.120 buoyancy_pwm=147 mask_valid=1 mask=384 forward_active=0
<- Minima: BUOY 
[CTRL] depth_valid=1 depth=40.993 vz=1.243 az=0.311 target_valid=1 target=40.000 pid=-51.475 pid_base=-51.475 buoyancy_pwm=163 mask_valid=1 mask=384 forward_active=0
[CTRL] depth_valid=1 depth=41.218 vz=0.533 az=-0.434 target_valid=1 target=40.000 pid=-10.401 pid_base=-21.651 buoyancy_pwm=85 mask_valid=1 mask=384 forward_active=0
[CTRL] depth_valid=1 depth=40.907 vz=-0.747 az=-1.372 target_valid=1 target=40.000 pid=0.000 pid_base=0.000 buoyancy_pwm=0 mask_valid=1 mask=0 forward_active=0
$T,409,-7,-13,,,,1050,-845,-886,1204,4*48
<- Minima: IDLE
[CTRL] depth_valid=1 depth=40.121 vz=-1.881 az=-1.740 target_valid=1 target=40.000 pid=0.000 pid_base=0.000 buoyancy_pwm=0 mask_valid=1 mask=0 forward_active=0
[OK]hb
[CTRL] depth_valid=1 depth=39.307 vz=-2.055 az=-1.128 target_valid=1 target=40.000 pid=20.870 pid_base=20.870 buoyancy_pwm=104 mask_valid=1 mask=0 forward_active=0
<- Minima: BUOY 
[CTRL] depth_valid=1 depth=38.751 vz=-1.420 az=-0.105 target_valid=1 target=40.000 pid=19.237 pid_base=19.237 buoyancy_pwm=101 mask_valid=1 mask=0 forward_active=0
[CTRL] depth_valid=1 depth=38.650 vz=-0.307 az=0.860 target_valid=1 target=40.000 pid=8.897 pid_base=8.897 buoyancy_pwm=82 mask_valid=1 mask=0 forward_active=0
$T,386,-3,8,,,,1565,-885,-1404,1204,4*63
[CTRL] depth_valid=1 depth=38.788 vz=0.429 az=1.086 target_valid=1 target=40.000 pid=8.611 pid_base=8.611 buoyancy_pwm=81 mask_valid=1 mask=0 forward_active=0
[CTRL] depth_valid=1 depth=39.209 vz=1.065 az=1.135 target_valid=1 target=40.000 pid=-18.681 pid_base=-18.681 buoyancy_pwm=100 mask_valid=1 mask=384 forward_active=0
[CTRL] depth_valid=1 depth=39.954 vz=1.725 az=1.186 target_valid=1 target=40.000 pid=0.000 pid_base=0.000 buoyancy_pwm=0 mask_valid=1 mask=0 forward_active=0
<- Minima: IDLE
[CTRL] depth_valid=1 depth=40.812 vz=1.972 az=0.860 target_valid=1 target=40.000 pid=-76.477 pid_base=-76.477 buoyancy_pwm=210 mask_valid=1 mask=384 forward_active=0
$T,408,19,8,,,,903,-858,-732,1204,0*7A
<- Minima: BUOY 
[CTRL] depth_valid=1 depth=41.314 vz=1.215 az=-0.180 target_valid=1 target=40.000 pid=-48.213 pid_base=-48.213 buoyancy_pwm=156 mask_valid=1 mask=384 forward_active=0
[CTRL] depth_valid=1 depth=41.348 vz=0.007 az=-1.164 target_valid=1 target=40.000 pid=-16.238 pid_base=-16.238 buoyancy_pwm=96 mask_valid=1 mask=384 forward_active=0
[CTRL] depth_valid=1 depth=40.806 vz=-1.355 az=-1.833 target_valid=1 target=40.000 pid=0.000 pid_base=0.000 buoyancy_pwm=0 mask_valid=1 mask=0 forward_active=0
<- Minima: IDLE
[OK]hb
[CTRL] depth_valid=1 depth=39.961 vz=-2.263 az=-1.905 target_valid=1 target=40.000 pid=0.000 pid_base=0.000 buoyancy_pwm=0 mask_valid=1 mask=0 forward_active=0
$T,399,-22,-19,,,,824,-861,-651,1210,0*42
<- Minima: BUOY 
[CTRL] depth_valid=1 depth=39.064 vz=-2.404 az=-1.290 target_valid=1 target=40.000 pid=36.425 pid_base=36.425 buoyancy_pwm=134 mask_valid=1 mask=0 forward_active=0
[CTRL] depth_valid=1 depth=38.166 vz=-2.236 az=-0.663 target_valid=1 target=40.000 pid=42.923 pid_base=42.923 buoyancy_pwm=146 mask_valid=1 mask=0 forward_active=0
[CTRL] depth_valid=1 depth=37.763 vz=-1.116 az=0.508 target_valid=1 target=40.000 pid=26.734 pid_base=26.734 buoyancy_pwm=116 mask_valid=1 mask=0 forward_active=0
[CTRL] depth_valid=1 depth=38.002 vz=0.517 az=1.654 target_valid=1 target=40.000 pid=18.504 pid_base=18.504 buoyancy_pwm=100 mask_valid=1 mask=0 forward_active=0
$T,380,5,16,,,,-987,-874,1152,1205,4*49
[CTRL] depth_valid=1 depth=38.746 vz=1.774 az=1.943 target_valid=1 target=40.000 pid=-31.827 pid_base=-34.077 buoyancy_pwm=125 mask_valid=1 mask=384 forward_active=0
[CTRL] depth_valid=1 depth=39.609 vz=2.195 az=1.455 target_valid=1 target=40.000 pid=-74.000 pid_base=-80.000 buoyancy_pwm=206 mask_valid=1 mask=384 forward_active=0
[CTRL] depth_valid=1 depth=40.224 vz=1.592 az=0.295 target_valid=1 target=40.000 pid=-20.816 pid_base=-34.816 buoyancy_pwm=104 mask_valid=1 mask=384 forward_active=0
<- Minima: IDLE
[CTRL] depth_valid=1 depth=40.528 vz=0.715 az=-0.581 target_valid=1 target=40.000 pid=0.000 pid_base=0.000 buoyancy_pwm=0 mask_valid=1 mask=0 forward_active=0
$T,405,7,-5,,,,987,-887,-808,1211,0*64
[CTRL] depth_valid=1 depth=40.743 vz=0.261 az=-0.741 target_valid=1 target=40.000 pid=0.000 pid_base=0.000 buoyancy_pwm=0 mask_valid=1 mask=0 forward_active=0
[OK]hb
[CTRL] depth_valid=1 depth=41.179 vz=0.628 az=-0.142 target_valid=1 target=40.000 pid=-21.171 pid_base=-25.421 buoyancy_pwm=105 mask_valid=1 mask=384 forward_active=0
<- Minima: BUOY 
[CTRL] depth_valid=1 depth=41.787 vz=1.129 az=0.321 target_valid=1 target=40.000 pid=-61.912 pid_base=-66.162 buoyancy_pwm=183 mask_valid=1 mask=384 forward_active=0
[CTRL] depth_valid=1 depth=42.186 vz=0.786 az=-0.172 target_valid=1 target=40.000 pid=-28.168 pid_base=-34.168 buoyancy_pwm=118 mask_valid=1 mask=384 forward_active=0
$T,421,7,-1,,,,892,-828,-695,1202,4*6A
[CTRL] depth_valid=1 depth=41.942 vz=-0.586 az=-1.330 target_valid=1 target=40.000 pid=0.000 pid_base=0.000 buoyancy_pwm=0 mask_valid=1 mask=0 forward_active=0
[CTRL] depth_valid=1 depth=41.043 vz=-2.016 az=-1.921 target_valid=1 target=40.000 pid=22.368 pid_base=8.368 buoyancy_pwm=107 mask_valid=1 mask=0 forward_active=0
[CTRL] depth_valid=1 depth=39.906 vz=-2.623 az=-1.522 target_valid=1 target=40.000 pid=0.000 pid_base=0.000 buoyancy_pwm=0 mask_valid=1 mask=0 forward_active=0
[CTRL] depth_valid=1 depth=39.402 vz=-1.406 az=0.193 target_valid=1 target=40.000 pid=11.807 pid_base=8.307 buoyancy_pwm=87 mask_valid=1 mask=0 forward_active=0
$T,394,-14,1,,,,-822,-870,997,1207,4*5F
[CTRL] depth_valid=1 depth=39.604 vz=0.298 az=1.494 target_valid=1 target=40.000 pid=-8.602 pid_base=-8.602 buoyancy_pwm=81 mask_valid=1 mask=384 forward_active=0
[CTRL] depth_valid=1 depth=39.890 vz=0.849 az=1.260 target_valid=1 target=40.000 pid=0.000 pid_base=0.000 buoyancy_pwm=0 mask_valid=1 mask=0 forward_active=0
<- Minima: IDLE
[CTRL] depth_valid=1 depth=40.222 vz=0.915 az=0.725 target_valid=1 target=40.000 pid=-26.853 pid_base=-26.853 buoyancy_pwm=116 mask_valid=1 mask=384 forward_active=0
<- Minima: BUOY 
[OK]hb
[CTRL] depth_valid=1 depth=40.535 vz=0.820 az=0.332 target_valid=1 target=40.000 pid=-30.685 pid_base=-30.685 buoyancy_pwm=123 mask_valid=1 mask=384 forward_active=0
$T,405,8,3,,,,-707,-884,886,1207,4*40
[CTRL] depth_valid=1 depth=40.885 vz=0.725 az=0.067 target_valid=1 target=40.000 pid=-22.090 pid_base=-22.090 buoyancy_pwm=107 mask_valid=1 mask=384 forward_active=0
[CTRL] depth_valid=1 depth=40.954 vz=0.102 az=-0.546 target_valid=1 target=40.000 pid=-14.082 pid_base=-14.082 buoyancy_pwm=92 mask_valid=1 mask=384 forward_active=0
[CTRL] depth_valid=1 depth=40.253 vz=-1.508 az=-1.693 target_valid=1 target=40.000 pid=17.520 pid_base=17.520 buoyancy_pwm=98 mask_valid=1 mask=0 forward_active=0
<- Minima: IDLE
[CTRL] depth_valid=1 depth=39.053 vz=-2.806 az=-2.077 target_valid=1 target=40.000 pid=42.123 pid_base=42.123 buoyancy_pwm=145 mask_valid=1 mask=0 forward_active=0
$T,390,-28,-20,,,,-625,-885,801,1202,0*46
<- Minima: BUOY 
[CTRL] depth_valid=1 depth=37.937 vz=-2.772 az=-1.162 target_valid=1 target=40.000 pid=48.978 pid_base=47.728 buoyancy_pwm=158 mask_valid=1 mask=0 forward_active=0
[CTRL] depth_valid=1 depth=37.400 vz=-1.481 az=0.389 target_valid=1 target=40.000 pid=29.146 pid_base=31.146 buoyancy_pwm=120 mask_valid=1 mask=0 forward_active=0
[CTRL] depth_valid=1 depth=37.427 vz=0.005 az=1.417 target_valid=1 target=40.000 pid=30.125 pid_base=36.125 buoyancy_pwm=122 mask_valid=1 mask=0 forward_active=0
[CTRL] depth_valid=1 depth=37.842 vz=1.029 az=1.589 target_valid=1 target=40.000 pid=-20.331 pid_base=-20.581 buoyancy_pwm=103 mask_valid=1 mask=384 forward_active=0
$T,378,10,15,,,,-859,-868,1029,1206,4*78
[CTRL] depth_valid=1 depth=38.357 vz=1.363 az=1.141 target_valid=1 target=40.000 pid=0.000 pid_base=0.000 buoyancy_pwm=0 mask_valid=1 mask=0 forward_active=0
<- Minima: IDLE
[OK]hb
[CTRL] depth_valid=1 depth=39.059 vz=1.631 az=0.836 target_valid=1 target=40.000 pid=-27.554 pid_base=-27.554 buoyancy_pwm=117 mask_valid=1 mask=384 forward_active=0
<- Minima: BUOY 
[CTRL] depth_valid=1 depth=39.888 vz=1.793 az=0.561 target_valid=1 target=40.000 pid=0.000 pid_base=0.000 buoyancy_pwm=0 mask_valid=1 mask=0 forward_active=0
<- Minima: IDLE
[CTRL] depth_valid=1 depth=40.273 vz=0.940 az=-0.413 target_valid=1 target=40.000 pid=-20.821 pid_base=-20.821 buoyancy_pwm=104 mask_valid=1 mask=384 forward_active=0
$T,402,9,-4,,,,746,-871,-583,1202,0*6A
<- Minima: BUOY 
[CTRL] depth_valid=1 depth=40.355 vz=0.066 az=-0.996 target_valid=1 target=40.000 pid=0.000 pid_base=0.000 buoyancy_pwm=0 mask_valid=1 mask=0 forward_active=0
<- Minima: IDLE
[CTRL] depth_valid=1 depth=40.388 vz=-0.171 az=-0.761 target_valid=1 target=40.000 pid=0.000 pid_base=0.000 buoyancy_pwm=0 mask_valid=1 mask=0 forward_active=0
[CTRL] depth_valid=1 depth=40.658 vz=0.309 az=-0.041 target_valid=1 target=40.000 pid=-15.277 pid_base=-15.277 buoyancy_pwm=94 mask_valid=1 mask=384 forward_active=0
<- Minima: BUOY 
[CTRL] depth_valid=1 depth=41.022 vz=0.640 az=0.213 target_valid=1 target=40.000 pid=-20.925 pid_base=-20.925 buoyancy_pwm=105 mask_valid=1 mask=384 forward_active=0
$T,410,6,2,,,,991,-860,-822,1204,4*4D
[CTRL] depth_valid=1 depth=40.956 vz=-0.110 az=-0.555 target_valid=1 target=40.000 pid=0.000 pid_base=0.000 buoyancy_pwm=0 mask_valid=1 mask=0 forward_active=0
<- Minima: IDLE
[CTRL] depth_valid=1 depth=40.296 vz=-1.418 az=-1.428 target_valid=1 target=40.000 pid=12.631 pid_base=12.631 buoyancy_pwm=89 mask_valid=1 mask=0 forward_active=0
[CTRL] depth_valid=1 depth=39.407 vz=-2.097 az=-1.370 target_valid=1 target=40.000 pid=23.757 pid_base=23.757 buoyancy_pwm=110 mask_valid=1 mask=0 forward_active=0
<- Minima: BUOY 
[OK]hb
[CTRL] depth_valid=1 depth=38.846 vz=-1.501 az=-0.281 target_valid=1 target=40.000 pid=21.044 pid_base=21.044 buoyancy_pwm=105 mask_valid=1 mask=0 forward_active=0
$T,388,-15,-2,,,,-1160,-877,1335,1205,4*75
[CTRL] depth_valid=1 depth=38.690 vz=-0.409 az=0.777 target_valid=1 target=40.000 pid=12.130 pid_base=12.130 buoyancy_pwm=88 mask_valid=1 mask=0 forward_active=0
[CTRL] depth_valid=1 depth=38.847 vz=0.507 az=1.236 target_valid=1 target=40.000 pid=0.000 pid_base=0.000 buoyancy_pwm=0 mask_valid=1 mask=0 forward_active=0
<- Minima: IDLE
[CTRL] depth_valid=1 depth=39.360 vz=1.265 az=1.311 target_valid=1 target=40.000 pid=-27.614 pid_base=-27.614 buoyancy_pwm=117 mask_valid=1 mask=384 forward_active=0
<- Minima: BUOY 
Target depth set to 45.0 cm
[OK]l45#34[ACK] l45#34

[CTRL] depth_valid=1 depth=40.159 vz=1.857 az=1.207 target_valid=1 target=45.000 pid=-80.000 pid_base=-80.000 buoyancy_pwm=217 mask_valid=1 mask=384 forward_active=0
$T,401,18,12,,,,-1392,-883,1582,1205,4*41
[CTRL] depth_valid=1 depth=40.887 vz=1.703 az=0.507 target_valid=1 target=45.000 pid=-44.295 pid_base=-44.295 buoyancy_pwm=149 mask_valid=1 mask=384 forward_active=0
Target depth set to 50.0 cm
[OK]l50#35[ACK] l50#35

[CTRL] depth_valid=1 depth=40.922 vz=0.201 az=-1.020 target_valid=1 target=50.000 pid=80.000 pid_base=80.000 buoyancy_pwm=217 mask_valid=1 mask=0 forward_active=0
[CTRL] depth_valid=1 depth=40.285 vz=-1.499 az=-2.038 target_valid=1 target=50.000 pid=80.000 pid_base=80.000 buoyancy_pwm=217 mask_valid=1 mask=0 forward_active=0
[CTRL] depth_valid=1 depth=39.546 vz=-1.999 az=-1.597 target_valid=1 target=50.000 pid=80.000 pid_base=80.000 buoyancy_pwm=217 mask_valid=1 mask=0 forward_active=0
$T,395,-19,-15,,,,-1029,-822,1220,1216,4*48
[CTRL] depth_valid=1 depth=39.675 vz=-0.219 az=0.602 target_valid=1 target=50.000 pid=80.000 pid_base=80.000 buoyancy_pwm=217 mask_valid=1 mask=0 forward_active=0
vz=2.337 az=2.464 target_valid=1 target=50.000 pid=-61.750 pid_base=-80.000 buoyancy_pwm=182 mask_valid=1 mask=384 forward_active=0
<- Minima: IDLE
[CTRL] depth_valid=1 depth=42.397 vz=3.569 az=2.363 target_valid=1 target=50.000 pid=0.000 pid_base=0.000 buoyancy_pwm=0 mask_valid=1 mask=0 forward_active=0
<- Minima: BUOY 
[CTRL] depth_valid=1 depth=43.914 vz=3.594 az=1.332 target_valid=1 target=50.000 pid=-44.791 pid_base=-52.291 buoyancy_pwm=150 mask_valid=1 mask=384 forward_active=0
$T,439,35,13,,,,-1284,-891,1450,1216,4*4D
[CTRL] depth_valid=1 depth=45.341 vz=3.177 az=0.382 target_valid=1 target=50.000 pid=-45.205 pid_base=-54.455 buoyancy_pwm=151 mask_valid=1 mask=384 forward_active=0
[CTRL] depth_valid=1 depth=46.749 vz=2.923 az=-0.003 target_valid=1 target=50.000 pid=-23.958 pid_base=-33.958 buoyancy_pwm=110 mask_valid=1 mask=384 forward_active=0
[CTRL] depth_valid=1 depth=47.903 vz=2.231 az=-0.658 target_valid=1 target=50.000 pid=0.000 pid_base=0.000 buoyancy_pwm=0 mask_valid=1 mask=0 forward_active=0
[CTRL] depth_valid=1 depth=48.536 vz=1.077 az=-1.397 target_valid=1 target=50.000 pid=-14.074 pid_base=-14.074 buoyancy_pwm=92 mask_valid=1 mask=384 forward_active=0
$T,485,10,-13,,,101,990,-865,-890,1207,4*55
<- Minima: IDLE
[CTRL] depth_valid=1 depth=48.895 vz=0.340 az=-1.453 target_valid=1 target=50.000 pid=19.684 pid_base=19.684 buoyancy_pwm=102 mask_valid=1 mask=0 forward_active=0
<- Minima: BUOY 
[CTRL] depth_valid=1 depth=49.547 vz=0.962 az=-0.268 target_valid=1 target=50.000 pid=-24.783 pid_base=-24.783 buoyancy_pwm=112 mask_valid=1 mask=384 forward_active=0
<- Minima: IDLE
[CTRL] depth_valid=1 depth=51.012 vz=2.789 az=1.393 target_valid=1 target=50.000 pid=-80.000 pid_base=-80.000 buoyancy_pwm=217 mask_valid=1 mask=384 forward_active=0
<- Minima: BUOY 
[OK]hb
[CTRL] depth_valid=1 depth=52.850 vz=3.899 az=1.664 target_valid=1 target=50.000 pid=-80.000 pid_base=-80.000 buoyancy_pwm=217 mask_valid=1 mask=384 forward_active=0
$T,528,38,16,214,,99,1010,-837,-982,1211,4*44
[CTRL] depth_valid=1 depth=54.320 vz=3.299 az=0.374 target_valid=1 target=50.000 pid=-80.000 pid_base=-80.000 buoyancy_pwm=217 mask_valid=1 mask=384 forward_active=0
[CTRL] depth_valid=1 depth=55.283 vz=2.085 az=-0.806 target_valid=1 target=50.000 pid=-80.000 pid_base=-80.000 buoyancy_pwm=217 mask_valid=1 mask=384 forward_active=0
[CTRL] depth_valid=1 depth=55.860 vz=1.094 az=-1.227 target_valid=1 target=50.000 pid=-80.000 pid_base=-80.000 buoyancy_pwm=217 mask_valid=1 mask=384 forward_active=0
[CTRL] depth_valid=1 depth=56.151 vz=0.224 az=-1.486 target_valid=1 target=50.000 pid=-55.755 pid_base=-71.005 buoyancy_pwm=171 mask_valid=1 mask=384 forward_active=0
$T,561,2,-14,212,10,97,978,-814,-1020,1211,4*51
[CTRL] depth_valid=1 depth=55.912 vz=-0.831 az=-1.745 target_valid=1 target=50.000 pid=31.374 pid_base=22.874 buoyancy_pwm=124 mask_valid=1 mask=0 forward_active=0
<- Minima: IDLE
[CTRL] depth_valid=1 depth=55.085 vz=-2.024 az=-1.983 target_valid=1 target=50.000 pid=20.936 pid_base=11.186 buoyancy_pwm=105 mask_valid=1 mask=0 forward_active=0
<- Minima: BUOY 
[CTRL] depth_valid=1 depth=54.214 vz=-2.211 az=-1.264 target_valid=1 target=50.000 pid=0.000 pid_base=0.000 buoyancy_pwm=0 mask_valid=1 mask=0 forward_active=0
<- Minima: IDLE
[CTRL] depth_valid=1 depth=53.998 vz=-0.810 az=0.467 target_valid=1 target=50.000 pid=-17.028 pid_base=-17.028 buoyancy_pwm=97 mask_valid=1 mask=384 forward_active=0
$T,539,-8,4,211,7,96,-1648,-891,1558,1204,0*69
<- Minima: BUOY 
[CTRL] depth_valid=1 depth=54.660 vz=1.296 az=2.000 target_valid=1 target=50.000 pid=-80.000 pid_base=-80.000 buoyancy_pwm=217 mask_valid=1 mask=384 forward_active=0
[CTRL] depth_valid=1 depth=55.265 vz=1.598 az=1.316 target_valid=1 target=50.000 pid=-80.000 pid_base=-80.000 buoyancy_pwm=217 mask_valid=1 mask=384 forward_active=0
[OK]hb
[CTRL] depth_valid=1 depth=55.303 vz=0.341 az=-0.394 target_valid=1 target=50.000 pid=-58.703 pid_base=-58.703 buoyancy_pwm=176 mask_valid=1 mask=384 forward_active=0
[CTRL] depth_valid=1 depth=54.702 vz=-1.325 az=-1.692 target_valid=1 target=50.000 pid=10.556 pid_base=10.556 buoyancy_pwm=85 mask_valid=1 mask=0 forward_active=0
$T,547,-13,-16,211,8,96,1038,-842,-1165,1203,4*4D
[CTRL] depth_valid=1 depth=53.793 vz=-2.229 az=-1.735 target_valid=1 target=50.000 pid=0.000 pid_base=0.000 buoyancy_pwm=0 mask_valid=1 mask=0 forward_active=0
<- Minima: IDLE
[CTRL] depth_valid=1 depth=52.840 vz=-2.327 az=-1.058 target_valid=1 target=50.000 pid=0.000 pid_base=0.000 buoyancy_pwm=0 mask_valid=1 mask=0 forward_active=0
[CTRL] depth_valid=1 depth=52.180 vz=-1.718 az=-0.153 target_valid=1 target=50.000 pid=0.000 pid_base=0.000 buoyancy_pwm=0 mask_valid=1 mask=0 forward_active=0
[CTRL] depth_valid=1 depth=51.741 vz=-0.984 az=0.508 target_valid=1 target=50.000 pid=0.000 pid_base=0.000 buoyancy_pwm=0 mask_valid=1 mask=0 forward_active=0
$T,517,-9,5,210,7,97,1017,-843,-1171,1206,0*6B
[CTRL] depth_valid=1 depth=51.291 vz=-0.803 az=0.420 target_valid=1 target=50.000 pid=0.000 pid_base=0.000 buoyancy_pwm=0 mask_valid=1 mask=0 forward_active=0
<- Minima: BUOY 
[CTRL] depth_valid=1 depth=50.866 vz=-0.786 az=0.218 target_valid=1 target=50.000 pid=0.000 pid_base=0.000 buoyancy_pwm=0 mask_valid=1 mask=0 forward_active=0
<- Minima: IDLE
[CTRL] depth_valid=1 depth=50.560 vz=-0.572 az=0.297 target_valid=1 target=50.000 pid=0.000 pid_base=0.000 buoyancy_pwm=0 mask_valid=1 mask=0 forward_active=0
<- Minima: BUOY 
[CTRL] depth_valid=1 depth=50.292 vz=-0.534 az=0.152 target_valid=1 target=50.000 pid=0.000 pid_base=0.000 buoyancy_pwm=0 mask_valid=1 mask=0 forward_active=0
$T,502,-5,1,211,7,97,979,-843,-1114,1207,4*50
[OK]hb
[CTRL] depth_valid=1 depth=50.102 vz=-0.414 az=0.141 target_valid=1 target=50.000 pid=0.000 pid_base=0.000 buoyancy_pwm=0 mask_valid=1 mask=0 forward_active=0
<- Minima: IDLE
[CTRL] depth_valid=1 depth=49.892 vz=-0.392 az=0.090 target_valid=1 target=50.000 pid=0.000 pid_base=0.000 buoyancy_pwm=0 mask_valid=1 mask=0 forward_active=0
[CTRL] depth_valid=1 depth=49.605 vz=-0.566 az=-0.110 target_valid=1 target=50.000 pid=0.000 pid_base=0.000 buoyancy_pwm=0 mask_valid=1 mask=0 forward_active=0
[CTRL] depth_valid=1 depth=49.366 vz=-0.564 az=-0.100 target_valid=1 target=50.000 pid=0.000 pid_base=0.000 buoyancy_pwm=0 mask_valid=1 mask=0 forward_active=0
$T,493,-5,-1,208,9,97,1004,-840,-1116,1207,0*45
<- Minima: BUOY 
[CTRL] depth_valid=1 depth=49.034 vz=-0.728 az=-0.227 target_valid=1 target=50.000 pid=13.673 pid_base=13.673 buoyancy_pwm=91 mask_valid=1 mask=0 forward_active=0
[CTRL] depth_valid=1 depth=48.693 vz=-0.724 az=-0.118 target_valid=1 target=50.000 pid=15.771 pid_base=15.771 buoyancy_pwm=95 mask_valid=1 mask=0 forward_active=0
[CTRL] depth_valid=1 depth=48.608 vz=-0.250 az=0.310 target_valid=1 target=50.000 pid=0.000 pid_base=0.000 buoyancy_pwm=0 mask_valid=1 mask=0 forward_active=0
<- Minima: IDLE
[CTRL] depth_valid=1 depth=48.907 vz=0.606 az=0.875 target_valid=1 target=50.000 pid=0.000 pid_base=0.000 buoyancy_pwm=0 mask_valid=1 mask=0 forward_active=0
$T,489,6,8,208,10,97,1111,-877,-1168,1208,0*7B
<- Minima: BUOY 
[CTRL] depth_valid=1 depth=49.600 vz=1.520 az=1.232 target_valid=1 target=50.000 pid=-61.655 pid_base=-61.655 buoyancy_pwm=182 mask_valid=1 mask=384 forward_active=0
<- Minima: IDLE
[CTRL] depth_valid=1 depth=50.311 vz=1.679 az=0.796 target_valid=1 target=50.000 pid=-58.945 pid_base=-58.945 buoyancy_pwm=177 mask_valid=1 mask=384 forward_active=0
<- Minima: BUOY 
[OK]hb
[CTRL] depth_valid=1 depth=50.904 vz=1.396 az=0.207 target_valid=1 target=50.000 pid=-52.746 pid_base=-52.746 buoyancy_pwm=165 mask_valid=1 mask=384 forward_active=0
[CTRL] depth_valid=1 depth=51.118 vz=0.527 az=-0.604 target_valid=1 target=50.000 pid=-24.254 pid_base=-24.254 buoyancy_pwm=111 mask_valid=1 mask=384 forward_active=0
$T,511,5,-6,210,8,97,1120,-833,-1134,1213,4*6E
[CTRL] depth_valid=1 depth=50.996 vz=-0.444 az=-1.219 target_valid=1 target=50.000 pid=-11.214 pid_base=-11.214 buoyancy_pwm=86 mask_valid=1 mask=384 forward_active=0
<- Minima: IDLE
[CTRL] depth_valid=1 depth=50.119 vz=-2.041 az=-2.072 target_valid=1 target=50.000 pid=0.000 pid_base=0.000 buoyancy_pwm=0 mask_valid=1 mask=0 forward_active=0
<- Minima: BUOY 
[CTRL] depth_valid=1 depth=48.915 vz=-2.928 az=-1.941 target_valid=1 target=50.000 pid=41.567 pid_base=41.567 buoyancy_pwm=144 mask_valid=1 mask=0 forward_active=0
[CTRL] depth_valid=1 depth=47.686 vz=-2.932 az=-1.091 target_valid=1 target=50.000 pid=50.398 pid_base=50.398 buoyancy_pwm=161 mask_valid=1 mask=0 forward_active=0
$T,476,-29,-10,,10,97,-1786,-878,-1780,1213,4*61
[CTRL] depth_valid=1 depth=47.117 vz=-1.471 az=0.616 target_valid=1 target=50.000 pid=31.256 pid_base=31.256 buoyancy_pwm=124 mask_valid=1 mask=0 forward_active=0
[CTRL] depth_valid=1 depth=47.284 vz=0.434 az=1.973 target_valid=1 target=50.000 pid=23.514 pid_base=23.514 buoyancy_pwm=110 mask_valid=1 mask=0 forward_active=0
[CTRL] depth_valid=1 depth=47.993 vz=1.794 az=2.223 target_valid=1 target=50.000 pid=0.000 pid_base=0.000 buoyancy_pwm=0 mask_valid=1 mask=0 forward_active=0
[CTRL] depth_valid=1 depth=49.013 vz=2.525 az=1.843 target_valid=1 target=50.000 pid=-80.000 pid_base=-80.000 buoyancy_pwm=217 mask_valid=1 mask=384 forward_active=0
$T,490,25,18,210,13,99,1687,-890,-1610,1206,4*74
[OK]hb
[CTRL] depth_valid=1 depth=50.239 vz=2.818 az=1.228 target_valid=1 target=50.000 pid=-67.250 pid_base=-80.000 buoyancy_pwm=193 mask_valid=1 mask=384 forward_active=0
[CTRL] depth_valid=1 depth=51.397 vz=2.541 az=0.395 target_valid=1 target=50.000 pid=-64.750 pid_base=-80.000 buoyancy_pwm=188 mask_valid=1 mask=384 forward_active=0
[CTRL] depth_valid=1 depth=52.253 vz=1.780 az=-0.461 target_valid=1 target=50.000 pid=-74.750 pid_base=-80.000 buoyancy_pwm=207 mask_valid=1 mask=384 forward_active=0
[CTRL] depth_valid=1 depth=52.527 vz=0.354 az=-1.555 target_valid=1 target=50.000 pid=-17.787 pid_base=-29.537 buoyancy_pwm=99 mask_valid=1 mask=384 forward_active=0
$T,525,3,-15,,,99,905,-844,-786,1214,4*5F
[CTRL] depth_valid=1 depth=52.403 vz=-0.724 az=-1.878 target_valid=1 target=50.000 pid=0.000 pid_base=0.000 buoyancy_pwm=0 mask_valid=1 mask=0 forward_active=0
[CTRL] depth_valid=1 depth=51.795 vz=-1.721 az=-1.954 target_valid=1 target=50.000 pid=0.000 pid_base=0.000 buoyancy_pwm=0 mask_valid=1 mask=0 forward_active=0
<- Minima: IDLE
[CTRL] depth_valid=1 depth=51.057 vz=-2.058 az=-1.460 target_valid=1 target=50.000 pid=13.485 pid_base=13.485 buoyancy_pwm=90 mask_valid=1 mask=0 forward_active=0
[CTRL] depth_valid=1 depth=50.435 vz=-1.680 az=-0.541 target_valid=1 target=50.000 pid=0.000 pid_base=0.000 buoyancy_pwm=0 mask_valid=1 mask=0 forward_active=0
$T,504,-16,-5,,,,1284,-884,-1127,1207,0*71
[CTRL] depth_valid=1 depth=50.255 vz=-0.598 az=0.569 target_valid=1 target=50.000 pid=0.000 pid_base=0.000 buoyancy_pwm=0 mask_valid=1 mask=0 forward_active=0
<- Minima: BUOY 
[CTRL] depth_valid=1 depth=50.362 vz=0.296 az=1.055 target_valid=1 target=50.000 pid=-14.257 pid_base=-14.257 buoyancy_pwm=92 mask_valid=1 mask=384 forward_active=0
[OK]hb
[CTRL] depth_valid=1 depth=50.334 vz=0.190 az=0.489 target_valid=1 target=50.000 pid=-10.505 pid_base=-10.505 buoyancy_pwm=85 mask_valid=1 mask=384 forward_active=0
<- Minima: IDLE
[CTRL] depth_valid=1 depth=49.956 vz=-0.604 az=-0.404 target_valid=1 target=50.000 pid=0.000 pid_base=0.000 buoyancy_pwm=0 mask_valid=1 mask=0 forward_active=0
$T,499,-6,-4,,,,964,-844,-771,1207,0*48
<- Minima: BUOY 
[CTRL] depth_valid=1 depth=49.417 vz=-1.127 az=-0.654 target_valid=1 target=50.000 pid=12.396 pid_base=12.396 buoyancy_pwm=88 mask_valid=1 mask=0 forward_active=0
[CTRL] depth_valid=1 depth=48.958 vz=-1.079 az=-0.328 target_valid=1 target=50.000 pid=14.411 pid_base=14.411 buoyancy_pwm=92 mask_valid=1 mask=0 forward_active=0
[CTRL] depth_valid=1 depth=48.963 vz=-0.159 az=0.559 target_valid=1 target=50.000 pid=0.000 pid_base=0.000 buoyancy_pwm=0 mask_valid=1 mask=0 forward_active=0
<- Minima: IDLE
[CTRL] depth_valid=1 depth=49.338 vz=0.787 az=1.070 target_valid=1 target=50.000 pid=-10.185 pid_base=-10.185 buoyancy_pwm=84 mask_valid=1 mask=384 forward_active=0
$T,493,7,10,,,,1023,-872,-793,1207,0*44
<- Minima: BUOY 
[CTRL] depth_valid=1 depth=49.913 vz=1.360 az=1.063 target_valid=1 target=50.000 pid=0.000 pid_base=0.000 buoyancy_pwm=0 mask_valid=1 mask=0 forward_active=0
<- Minima: IDLE
[CTRL] depth_valid=1 depth=50.506 vz=1.383 az=0.574 target_valid=1 target=50.000 pid=-48.769 pid_base=-48.769 buoyancy_pwm=158 mask_valid=1 mask=384 forward_active=0
<- Minima: BUOY 
[CTRL] depth_valid=1 depth=51.109 vz=1.283 az=0.189 target_valid=1 target=50.000 pid=-51.473 pid_base=-51.473 buoyancy_pwm=163 mask_valid=1 mask=384 forward_active=0
[CTRL] depth_valid=1 depth=51.262 vz=0.365 az=-0.682 target_valid=1 target=50.000 pid=-22.460 pid_base=-22.460 buoyancy_pwm=108 mask_valid=1 mask=384 forward_active=0
$T,512,3,-6,,,,942,-824,-676,1207,4*60
[OK]hb
[CTRL] depth_valid=1 depth=51.016 vz=-0.719 az=-1.372 target_valid=1 target=50.000 pid=0.000 pid_base=0.000 buoyancy_pwm=0 mask_valid=1 mask=0 forward_active=0
<- Minima: IDLE
[CTRL] depth_valid=1 depth=50.013 vz=-2.315 az=-2.148 target_valid=1 target=50.000 pid=0.000 pid_base=0.000 buoyancy_pwm=0 mask_valid=1 mask=0 forward_active=0
<- Minima: BUOY 
[CTRL] depth_valid=1 depth=48.707 vz=-3.094 az=-1.857 target_valid=1 target=50.000 pid=51.529 pid_base=51.529 buoyancy_pwm=163 mask_valid=1 mask=0 forward_active=0
[CTRL] depth_valid=1 depth=47.689 vz=-2.462 az=-0.464 target_valid=1 target=50.000 pid=35.046 pid_base=35.046 buoyancy_pwm=131 mask_valid=1 mask=0 forward_active=0
$T,476,-24,-4,,,,-1574,-893,-1724,1207,4*57
[CTRL] depth_valid=1 depth=47.310 vz=-0.934 az=1.033 target_valid=1 target=50.000 pid=23.211 pid_base=23.211 buoyancy_pwm=109 mask_valid=1 mask=0 forward_active=0
[CTRL] depth_valid=1 depth=47.677 vz=0.890 az=2.110 target_valid=1 target=50.000 pid=-18.751 pid_base=-18.751 buoyancy_pwm=100 mask_valid=1 mask=384 forward_active=0
[CTRL] depth_valid=1 depth=48.501 vz=2.039 az=2.105 target_valid=1 target=50.000 pid=-36.921 pid_base=-37.171 buoyancy_pwm=135 mask_valid=1 mask=384 forward_active=0
[CTRL] depth_valid=1 depth=49.553 vz=2.535 az=1.554 target_valid=1 target=50.000 pid=-69.250 pid_base=-80.000 buoyancy_pwm=197 mask_valid=1 mask=384 forward_active=0
$T,495,25,15,,,,1115,-868,-777,1211,4*71
<- Minima: IDLE
[CTRL] depth_valid=1 depth=50.435 vz=2.157 az=0.548 target_valid=1 target=50.000 pid=-43.251 pid_base=-61.001 buoyancy_pwm=147 mask_valid=1 mask=384 forward_active=0
<- Minima: BUOY 
[CTRL] depth_valid=1 depth=51.036 vz=1.356 az=-0.382 target_valid=1 target=50.000 pid=-31.399 pid_base=-47.399 buoyancy_pwm=125 mask_valid=1 mask=384 forward_active=0
[OK]hb
[CTRL] depth_valid=1 depth=51.359 vz=0.521 az=-0.966 target_valid=1 target=50.000 pid=-9.470 pid_base=-22.720 buoyancy_pwm=83 mask_valid=1 mask=384 forward_active=0
[CTRL] depth_valid=1 depth=51.319 vz=-0.375 az=-1.358 target_valid=1 target=50.000 pid=0.000 pid_base=0.000 buoyancy_pwm=0 mask_valid=1 mask=0 forward_active=0
$T,513,-3,-13,,,,958,-837,-624,1211,4*71
<- Minima: IDLE
[CTRL] depth_valid=1 depth=51.118 vz=-0.811 az=-1.193 target_valid=1 target=50.000 pid=13.429 pid_base=2.679 buoyancy_pwm=90 mask_valid=1 mask=0 forward_active=0
[CTRL] depth_valid=1 depth=50.784 vz=-1.004 az=-0.866 target_valid=1 target=50.000 pid=9.030 pid_base=0.780 buoyancy_pwm=82 mask_valid=1 mask=0 forward_active=0
[CTRL] depth_valid=1 depth=50.600 vz=-0.664 az=-0.245 target_valid=1 target=50.000 pid=0.000 pid_base=0.000 buoyancy_pwm=0 mask_valid=1 mask=0 forward_active=0
<- Minima: BUOY 
[CTRL] depth_valid=1 depth=50.908 vz=0.465 az=0.790 target_valid=1 target=50.000 pid=-24.381 pid_base=-24.381 buoyancy_pwm=111 mask_valid=1 mask=384 forward_active=0
$T,509,4,7,,,,928,-868,-590,1205,4*4C
[CTRL] depth_valid=1 depth=51.469 vz=1.148 az=0.929 target_valid=1 target=50.000 pid=-72.892 pid_base=-72.892 buoyancy_pwm=203 mask_valid=1 mask=384 forward_active=0
[CTRL] depth_valid=1 depth=51.560 vz=0.348 az=-0.216 target_valid=1 target=50.000 pid=-22.383 pid_base=-22.383 buoyancy_pwm=107 mask_valid=1 mask=384 forward_active=0
[CTRL] depth_valid=1 depth=50.747 vz=-1.739 az=-1.979 target_valid=1 target=50.000 pid=35.349 pid_base=19.849 buoyancy_pwm=132 mask_valid=1 mask=0 forward_active=0
[CTRL] depth_valid=1 depth=49.476 vz=-3.099 az=-2.346 target_valid=1 target=50.000 pid=67.455 pid_base=51.205 buoyancy_pwm=193 mask_valid=1 mask=0 forward_active=0
$T,494,-30,-23,,,,1040,-873,-689,1205,4*7F
[OK]hb
[CTRL] depth_valid=1 depth=48.460 vz=-2.711 az=-1.056 target_valid=1 target=50.000 pid=47.917 pid_base=41.667 buoyancy_pwm=156 mask_valid=1 mask=0 forward_active=0
[CTRL] depth_valid=1 depth=48.017 vz=-1.263 az=0.594 target_valid=1 target=50.000 pid=22.686 pid_base=21.936 buoyancy_pwm=108 mask_valid=1 mask=0 forward_active=0
[CTRL] depth_valid=1 depth=48.280 vz=0.535 az=1.811 target_valid=1 target=50.000 pid=11.570 pid_base=11.570 buoyancy_pwm=87 mask_valid=1 mask=0 forward_active=0
<- Minima: IDLE
[CTRL] depth_valid=1 depth=48.840 vz=1.507 az=1.825 target_valid=1 target=50.000 pid=-28.388 pid_base=-28.388 buoyancy_pwm=119 mask_valid=1 mask=384 forward_active=0
$T,488,15,18,,,,-1634,-894,-1610,1206,0*6A
<- Minima: BUOY 
[CTRL] depth_valid=1 depth=49.938 vz=2.558 az=1.882 target_valid=1 target=50.000 pid=0.000 pid_base=0.000 buoyancy_pwm=0 mask_valid=1 mask=0 forward_active=0
[CTRL] depth_valid=1 depth=51.026 vz=2.647 az=1.140 target_valid=1 target=50.000 pid=-80.000 pid_base=-80.000 buoyancy_pwm=217 mask_valid=1 mask=384 forward_active=0
[CTRL] depth_valid=1 depth=51.851 vz=1.966 az=0.060 target_valid=1 target=50.000 pid=-52.649 pid_base=-70.649 buoyancy_pwm=165 mask_valid=1 mask=384 forward_active=0
[CTRL] depth_valid=1 depth=52.283 vz=0.819 az=-0.999 target_valid=1 target=50.000 pid=-67.933 pid_base=-78.433 buoyancy_pwm=194 mask_valid=1 mask=384 forward_active=0
$T,522,8,-9,,,,909,-841,-559,1201,4*63
[CTRL] depth_valid=1 depth=52.227 vz=-0.330 az=-1.554 target_valid=1 target=50.000 pid=0.000 pid_base=0.000 buoyancy_pwm=0 mask_valid=1 mask=0 forward_active=0
<- Minima: IDLE
[OK]hb
[CTRL] depth_valid=1 depth=51.610 vz=-1.590 az=-1.952 target_valid=1 target=50.000 pid=0.000 pid_base=0.000 buoyancy_pwm=0 mask_valid=1 mask=0 forward_active=0
[CTRL] depth_valid=1 depth=50.844 vz=-2.016 az=-1.468 target_valid=1 target=50.000 pid=0.000 pid_base=0.000 buoyancy_pwm=0 mask_valid=1 mask=0 forward_active=0
[CTRL] depth_valid=1 depth=50.181 vz=-1.752 az=-0.638 target_valid=1 target=50.000 pid=0.000 pid_base=0.000 buoyancy_pwm=0 mask_valid=1 mask=0 forward_active=0
$T,501,-17,-6,,,,976,-874,-629,1207,0*76
[CTRL] depth_valid=1 depth=49.755 vz=-1.115 az=0.126 target_valid=1 target=50.000 pid=0.000 pid_base=0.000 buoyancy_pwm=0 mask_valid=1 mask=0 forward_active=0
[CTRL] depth_valid=1 depth=49.389 vz=-0.743 az=0.368 target_valid=1 target=50.000 pid=10.255 pid_base=10.255 buoyancy_pwm=84 mask_valid=1 mask=0 forward_active=0
[CTRL] depth_valid=1 depth=49.107 vz=-0.472 az=0.446 target_valid=1 target=50.000 pid=0.000 pid_base=0.000 buoyancy_pwm=0 mask_valid=1 mask=0 forward_active=0
[CTRL] depth_valid=1 depth=48.879 vz=-0.322 az=0.402 target_valid=1 target=50.000 pid=0.000 pid_base=0.000 buoyancy_pwm=0 mask_valid=1 mask=0 forward_active=0
$T,488,-3,4,,,,956,-893,-624,1207,0*6A
[CTRL] depth_valid=1 depth=49.085 vz=0.437 az=0.838 target_valid=1 target=50.000 pid=0.000 pid_base=0.000 buoyancy_pwm=0 mask_valid=1 mask=0 forward_active=0
<- Minima: BUOY 
[CTRL] depth_valid=1 depth=49.672 vz=1.387 az=1.302 target_valid=1 target=50.000 pid=-65.092 pid_base=-65.092 buoyancy_pwm=189 mask_valid=1 mask=384 forward_active=0
<- Minima: IDLE
[CTRL] depth_valid=1 depth=50.431 vz=1.752 az=0.996 target_valid=1 target=50.000 pid=-69.223 pid_base=-69.223 buoyancy_pwm=196 mask_valid=1 mask=384 forward_active=0
<- Minima: BUOY 
[CTRL] depth_valid=1 depth=51.002 vz=1.306 az=0.114 target_valid=1 target=50.000 pid=-42.466 pid_base=-42.466 buoyancy_pwm=146 mask_valid=1 mask=384 forward_active=0
$T,510,13,1,,,,858,-847,-532,1213,4*70
[OK]hb
[CTRL] depth_valid=1 depth=51.316 vz=0.580 az=-0.624 target_valid=1 target=50.000 pid=-24.024 pid_base=-24.024 buoyancy_pwm=110 mask_valid=1 mask=384 forward_active=0
[CTRL] depth_valid=1 depth=51.065 vz=-0.662 az=-1.444 target_valid=1 target=50.000 pid=0.000 pid_base=0.000 buoyancy_pwm=0 mask_valid=1 mask=0 forward_active=0
<- Minima: IDLE
[CTRL] depth_valid=1 depth=50.335 vz=-1.848 az=-1.868 target_valid=1 target=50.000 pid=17.558 pid_base=17.558 buoyancy_pwm=98 mask_valid=1 mask=0 forward_active=0
[CTRL] depth_valid=1 depth=49.202 vz=-2.735 az=-1.832 target_valid=1 target=50.000 pid=37.396 pid_base=37.396 buoyancy_pwm=136 mask_valid=1 mask=0 forward_active=0
$T,492,-27,-18,,,,873,-864,-545,1213,0*48
<- Minima: BUOY 
[CTRL] depth_valid=1 depth=48.150 vz=-2.555 az=-0.877 target_valid=1 target=50.000 pid=41.403 pid_base=41.403 buoyancy_pwm=144 mask_valid=1 mask=0 forward_active=0
[CTRL] depth_valid=1 depth=47.643 vz=-1.261 az=0.613 target_valid=1 target=50.000 pid=24.675 pid_base=24.675 buoyancy_pwm=112 mask_valid=1 mask=0 forward_active=0
[CTRL] depth_valid=1 depth=47.812 vz=0.317 az=1.602 target_valid=1 target=50.000 pid=22.829 pid_base=22.829 buoyancy_pwm=108 mask_valid=1 mask=0 forward_active=0
[CTRL] depth_valid=1 depth=48.502 vz=1.651 az=1.981 target_valid=1 target=50.000 pid=-24.641 pid_base=-24.641 buoyancy_pwm=112 mask_valid=1 mask=384 forward_active=0
$T,485,16,19,,,,921,-890,-587,1209,4*41
[CTRL] depth_valid=1 depth=49.352 vz=2.154 az=1.523 target_valid=1 target=50.000 pid=-70.442 pid_base=-70.442 buoyancy_pwm=199 mask_valid=1 mask=384 forward_active=0
<- Minima: IDLE
[CTRL] depth_valid=1 depth=50.226 vz=2.086 az=0.774 target_valid=1 target=50.000 pid=-63.096 pid_base=-63.096 buoyancy_pwm=185 mask_valid=1 mask=384 forward_active=0

[CTRL] depth_valid=1 depth=50.954 vz=1.635 az=0.036 target_valid=1 target=50.000 pid=-31.664 pid_base=-51.664 buoyancy_pwm=125 mask_valid=1 mask=384 forward_active=0
[CTRL] depth_valid=1 depth=51.286 vz=0.609 az=-0.919 target_valid=1 target=50.000 pid=-13.527 pid_base=-22.277 buoyancy_pwm=91 mask_valid=1 mask=384 forward_active=0
$T,512,6,-9,,,,1091,-848,-771,1211,4*57
<- Minima: IDLE
[CTRL] depth_valid=1 depth=51.168 vz=-0.484 az=-1.486 target_valid=1 target=50.000 pid=0.000 pid_base=0.000 buoyancy_pwm=0 mask_valid=1 mask=0 forward_active=0
[CTRL] depth_valid=1 depth=51.019 vz=-0.706 az=-1.060 target_valid=1 target=50.000 pid=0.000 pid_base=0.000 buoyancy_pwm=0 mask_valid=1 mask=0 forward_active=0
[CTRL] depth_valid=1 depth=50.829 vz=-0.644 az=-0.545 target_valid=1 target=50.000 pid=0.000 pid_base=0.000 buoyancy_pwm=0 mask_valid=1 mask=0 forward_active=0
<- Minima: BUOY 
[CTRL] depth_valid=1 depth=50.759 vz=-0.413 az=-0.193 target_valid=1 target=50.000 pid=0.000 pid_base=0.000 buoyancy_pwm=0 mask_valid=1 mask=0 forward_active=0
$T,507,-4,-1,,,,1046,-860,-732,1211,4*73
[CTRL] depth_valid=1 depth=50.849 vz=0.014 az=0.185 target_valid=1 target=50.000 pid=-14.993 pid_base=-16.993 buoyancy_pwm=93 mask_valid=1 mask=384 forward_active=0
[CTRL] depth_valid=1 depth=50.941 vz=0.186 az=0.222 target_valid=1 target=50.000 pid=-15.973 pid_base=-19.723 buoyancy_pwm=95 mask_valid=1 mask=384 forward_active=0
[CTRL] depth_valid=1 depth=50.749 vz=-0.335 az=-0.331 target_valid=1 target=50.000 pid=0.000 pid_base=0.000 buoyancy_pwm=0 mask_valid=1 mask=0 forward_active=0
<- Minima: IDLE
[CTRL] depth_valid=1 depth=50.137 vz=-1.260 az=-0.964 target_valid=1 target=50.000 pid=0.000 pid_base=0.000 buoyancy_pwm=0 mask_valid=1 mask=0 forward_active=0
$T,501,-12,-9,,,,1002,-829,-690,1204,0*4E
<- Minima:[CTRLd=1 depth=49.334 vz=-1.842 az=-1.049 target_valid=1 target=50.000 pid=19.144 pid_base=19.144 buoyancy_pwm=101 mask_valid=1 mask=0 forward_active=0
[CTRL] depth_valid=1 depth=48.681 vz=-1.496 az=-0.242 target_valid=1 target=50.000 pid=14.556 pid_base=14.556 buoyancy_pwm=92 mask_valid=1 mask=0 forward_active=0
[CTRL] depth_valid=1 depth=48.556 vz=-0.362 az=0.819 target_valid=1 target=50.000 pid=0.000 pid_base=0.000 buoyancy_pwm=0 mask_valid=1 mask=0 forward_active=0
<- Minima: IDLE
[CTRL] depth_valid=1 depth=48.865 vz=0.700 az=1.310 target_valid=1 target=50.000 pid=0.000 pid_base=0.000 buoyancy_pwm=0 mask_valid=1 mask=0 forward_active=0
$T,488,7,13,,,,1101,-862,-800,1204,0*4B
<- Minima: BUOY 
[CTRL] depth_valid=1 depth=49.418 vz=1.310 az=1.186 target_valid=1 target=50.000 pid=-34.591 pid_base=-34.591 buoyancy_pwm=131 mask_valid=1 mask=384 forward_active=0
[CTRL] depth_valid=1 depth=50.077 vz=1.580 az=0.879 target_valid=1 target=50.000 pid=0.000 pid_base=0.000 buoyancy_pwm=0 mask_valid=1 mask=0 forward_active=0
[CTRL] depth_valid=1 depth=50.565 vz=1.151 az=0.091 target_valid=1 target=50.000 pid=-33.562 pid_base=-33.562 buoyancy_pwm=129 mask_valid=1 mask=384 forward_active=0
[CTRL] depth_valid=1 depth=50.975 vz=0.794 az=-0.293 target_valid=1 target=50.000 pid=-23.934 pid_base=-23.934 buoyancy_pwm=110 mask_valid=1 mask=384 forward_active=0
$T,509,7,-2,,,,1149,-829,-859,1207,4*56
[CTRL] depth_valid=1 depth=51.029 vz=0.008 az=-0.873 target_valid=1 target=50.000 pid=-16.389 pid_base=-16.389 buoyancy_pwm=96 mask_valid=1 mask=384 forward_active=0
vz=-1.230 az=-1.550 target_valid=1 target=50.000 pid=0.000 pid_base=0.000 buoyancy_pwm=0 mask_valid=1 mask=0 forward_active=0
<- Minima: IDLE
[CTRL] depth_valid=1 depth=49.553 vz=-2.305 az=-1.821 target_valid=1 target=50.000 pid=29.740 pid_base=29.740 buoyancy_pwm=121 mask_valid=1 mask=0 forward_active=0
<- Minima: BUOY 
[CTRL] depth_valid=1 depth=48.599 vz=-2.441 az=-1.197 target_valid=1 target=50.000 pid=30.552 pid_base=30.552 buoyancy_pwm=123 mask_valid=1 mask=0 forward_active=0
$T,485,-24,-11,,,,1311,-858,-1024,1215,4*44
[CTRL] depth_valid=1 depth=47.786 vz=-1.931 az=-0.238 target_valid=1 target=50.000 pid=31.644 pid_base=31.644 buoyancy_pwm=125 mask_valid=1 mask=0 forward_active=0
[CTRL] depth_valid=1 depth=47.617 vz=-0.478 az=1.076 target_valid=1 target=50.000 pid=18.065 pid_base=18.065 buoyancy_pwm=99 mask_valid=1 mask=0 forward_active=0
[CTRL] depth_valid=1 depth=48.299 vz=1.450 az=2.163 target_valid=1 target=50.000 pid=-12.207 pid_base=-12.207 buoyancy_pwm=88 mask_valid=1 mask=384 forward_active=0
[CTRL] depth_valid=1 depth=49.231 vz=2.387 az=2.020 target_valid=1 target=50.000 pid=-80.000 pid_base=-80.000 buoyancy_pwm=217 mask_valid=1 mask=384 forward_active=0
$T,492,23,20,,,,1165,-859,-906,1215,4*7F
[CTRL] depth_valid=1 depth=50.098 vz=2.250 az=1.023 target_valid=1 target=50.000 pid=0.000 pid_base=0.000 buoyancy_pwm=0 mask_valid=1 mask=0 forward_active=0
[CTRL] depth_valid=1 depth=50.866 vz=1.812 az=0.206 target_valid=1 target=50.000 pid=-38.425 pid_base=-56.925 buoyancy_pwm=138 mask_valid=1 mask=384 forward_active=0
[CTRL] depth_valid=1 depth=51.528 vz=1.426 az=-0.183 target_valid=1 target=50.000 pid=-52.038 pid_base=-65.538 buoyancy_pwm=164 mask_valid=1 mask=384 forward_active=0
[CTRL] depth_valid=1 depth=51.859 vz=0.649 az=-0.758 target_valid=1 target=50.000 pid=-19.856 pid_base=-33.356 buoyancy_pwm=103 mask_valid=1 mask=384 forward_active=0
[OK]hb
$T,518,6,-7,,,,949,-822,-705,1208,4*69
[CTRL] depth_valid=1 depth=51.842 vz=-0.301 az=-1.312 target_valid=1 target=50.000 pid=0.000 pid_base=0.000 buoyancy_pwm=0 mask_valid=1 mask=0 forward_active=0
<- Minima: IDLE
[CTRL] depth_valid=1 depth=51.073 vz=-1.795 az=-1.998 target_valid=1 target=50.000 pid=0.000 pid_base=0.000 buoyancy_pwm=0 mask_valid=1 mask=0 forward_active=0
<- Minima: BUOY 
[CTRL] depth_valid=1 depth=50.074 vz=-2.460 az=-1.684 target_valid=1 target=50.000 pid=0.000 pid_base=0.000 buoyancy_pwm=0 mask_valid=1 mask=0 forward_active=0
[CTRL] depth_valid=1 depth=49.434 vz=-1.716 az=-0.313 target_valid=1 target=50.000 pid=13.441 pid_base=13.441 buoyancy_pwm=90 mask_valid=1 mask=0 forward_active=0
$T,494,-17,-3,,,,1347,-892,-1112,1208,4*7A
<- Minima: IDLE
[CTRL] depth_valid=1 depth=49.353 vz=-0.300 az=1.013 target_valid=1 target=50.000 pid=0.000 pid_base=0.000 buoyancy_pwm=0 mask_valid=1 mask=0 forward_active=0
<- Minima: BUOY 
[CTRL] depth_valid=1 depth=49.767 vz=0.990 az=1.635 target_valid=1 target=50.000 pid=-49.236 pid_base=-49.236 buoyancy_pwm=158 mask_valid=1 mask=384 forward_active=0
<- Minima: IDLE
[CTRL] depth_valid=1 depth=50.099 vz=1.076 az=0.998 target_valid=1 target=50.000 pid=0.000 pid_base=0.000 buoyancy_pwm=0 mask_valid=1 mask=0 forward_active=0
<- Minima: BUOY 
[CTRL] depth_valid=1 depth=50.503 vz=1.026 az=0.496 target_valid=1 target=50.000 pid=-37.405 pid_base=-37.405 buoyancy_pwm=136 mask_valid=1 mask=384 forward_active=0
$T,505,10,4,,,,726,-864,-488,1207,4*70
[CTRL] depth_valid=1 depth=50.822 vz=0.772 az=0.061 target_valid=1 target=50.000 pid=-22.090 pid_base=-22.090 buoyancy_pwm=107 mask_valid=1 mask=384 forward_active=0
[CTRL] depth_valid=1 depth=50.964 vz=0.270 az=-0.420 target_valid=1 target=50.000 pid=-8.971 pid_base=-20.221 buoyancy_pwm=82 mask_valid=1 mask=384 forward_active=0
<- Minima: IDLE
[OK]hb
[CTRL] depth_valid=1 depth=50.631 vz=-0.756 az=-1.122 target_valid=1 target=50.000 pid=0.000 pid_base=0.000 buoyancy_pwm=0 mask_valid=1 mask=0 forward_active=0
<- Minima: BUOY 
[CTRL] depth_valid=1 depth=49.931 vz=-1.593 az=-1.307 target_valid=1 target=50.000 pid=0.000 pid_base=0.000 buoyancy_pwm=0 mask_valid=1 mask=0 forward_active=0
$T,499,-15,-13,,,,833,-867,-617,1207,4*4B
[CTRL] depth_valid=1 depth=49.231 vz=-1.676 az=-0.777 target_valid=1 target=50.000 pid=22.420 pid_base=15.670 buoyancy_pwm=107 mask_valid=1 mask=0 forward_active=0
[CTRL] depth_valid=1 depth=49.078 vz=-0.545 az=0.515 target_valid=1 target=50.000 pid=0.000 pid_base=0.000 buoyancy_pwm=0 mask_valid=1 mask=0 forward_active=0
[CTRL] depth_valid=1 depth=49.604 vz=0.999 az=1.517 target_valid=1 target=50.000 pid=-46.745 pid_base=-46.745 buoyancy_pwm=154 mask_valid=1 mask=384 forward_active=0
<- Minima: IDLE
[CTRL] depth_valid=1 depth=50.161 vz=1.431 az=1.190 target_valid=1 target=50.000 pid=0.000 pid_base=0.000 buoyancy_pwm=0 mask_valid=1 mask=0 forward_active=0
$T,501,14,11,,,,1001,-834,-811,1206,0*7B
<- Minima: BUOY 
[CTRL] depth_valid=1 depth=50.489 vz=0.948 az=0.243 target_valid=1 target=50.000 pid=-30.871 pid_base=-30.871 buoyancy_pwm=124 mask_valid=1 mask=384 forward_active=0
[CTRL] depth_valid=1 depth=50.785 vz=0.652 az=-0.128 target_valid=1 target=50.000 pid=-21.041 pid_base=-21.041 buoyancy_pwm=105 mask_valid=1 mask=384 forward_active=0
[CTRL] depth_valid=1 depth=50.955 vz=0.209 az=-0.525 target_valid=1 target=50.000 pid=-18.483 pid_base=-18.483 buoyancy_pwm=100 mask_valid=1 mask=384 forward_active=0
[CTRL] depth_valid=1 depth=50.457 vz=-1.188 az=-1.556 target_valid=1 target=50.000 pid=0.000 pid_base=0.000 buoyancy_pwm=0 mask_valid=1 mask=0 forward_active=0
$T,504,-11,-15,,,,984,-777,-800,1204,4*44
[CTRL] depth_valid=1 depth=49.380 vz=-2.593 az=-2.140 target_valid=1 target=50.000 pid=37.187 pid_base=37.187 buoyancy_pwm=136 mask_valid=1 mask=0 forward_active=0
<- Minima: BUOY 
[CTRL] depth_valid=1 depth=48.080 vz=-3.108 az=-1.639 target_valid=1 target=50.000 pid=54.858 pid_base=54.858 buoyancy_pwm=169 mask_valid=1 mask=0 forward_active=0
[CTRL] depth_valid=1 depth=47.196 vz=-2.193 az=-0.138 target_valid=1 target=50.000 pid=37.132 pid_base=37.132 buoyancy_pwm=135 mask_valid=1 mask=0 forward_active=0
[CTRL] depth_valid=1 depth=47.036 vz=-0.448 az=1.381 target_valid=1 target=50.000 pid=22.668 pid_base=22.668 buoyancy_pwm=108 mask_valid=1 mask=0 forward_active=0
$T,470,-4,13,,,,1188,-864,-1036,1204,4*5D
[CTRL] depth_valid=1 depth=47.472 vz=1.087 az=2.026 target_valid=1 target=50.000 pid=-23.710 pid_base=-23.710 buoyancy_pwm=110 mask_valid=1 mask=384 forward_active=0
<- Minima: IDLE
[CTRL] depth_valid=1 depth=48.154 vz=1.824 az=1.753 target_valid=1 target=50.000 pid=-10.544 pid_base=-10.544 buoyancy_pwm=85 mask_valid=1 mask=384 forward_active=0
<- Minima: BUOY 
[CTRL] depth_valid=1 depth=49.010 vz=2.124 az=1.229 target_valid=1 target=50.000 pid=-55.614 pid_base=-52.114 buoyancy_pwm=171 mask_valid=1 mask=384 forward_active=0
[CTRL] depth_valid=1 depth=49.840 vz=1.975 az=0.567 target_valid=1 target=50.000 pid=0.000 pid_base=0.000 buoyancy_pwm=0 mask_valid=1 mask=0 forward_active=0
$T,498,19,5,,,,1063,-817,-899,1204,4*41
[CTRL] depth_valid=1 depth=50.371 vz=1.134 az=-0.459 target_valid=1 target=50.000 pid=-12.546 pid_base=-28.796 buoyancy_pwm=89 mask_valid=1 mask=384 forward_active=0
<- Minima: IDLE
[CTRL] depth_valid=1 depth=50.471 vz=0.146 az=-1.083 target_valid=1 target=50.000 pid=0.000 pid_base=0.000 buoyancy_pwm=0 mask_valid=1 mask=0 forward_active=0
[OK]hb
<- Minima: BUOY 
[CTRL] depth_valid=1 depth=50.540 vz=-0.101 az=-0.807 target_valid=1 target=50.000 pid=-10.694 pid_base=-10.694 buoyancy_pwm=85 mask_valid=1 mask=384 forward_active=0
[CTRL] depth_valid=1 depth=50.945 vz=0.602 az=0.153 target_valid=1 target=50.000 pid=-25.886 pid_base=-25.886 buoyancy_pwm=114 mask_valid=1 mask=384 forward_active=0
$T,509,6,1,,,,1216,-843,-1044,1202,4*4C
[CTRL] depth_valid=1 depth=51.293 vz=0.603 az=0.002 target_valid=1 target=50.000 pid=-22.035 pid_base=-22.035 buoyancy_pwm=107 mask_valid=1 mask=384 forward_active=0
[CTRL] depth_valid=1 depth=51.029 vz=-0.579 az=-1.065 target_valid=1 target=50.000 pid=0.000 pid_base=0.000 buoyancy_pwm=0 mask_valid=1 mask=0 forward_active=0
<- Minima: IDLE
[CTRL] depth_valid=1 depth=50.165 vz=-1.990 az=-1.829 target_valid=1 target=50.000 pid=0.000 pid_base=0.000 buoyancy_pwm=0 mask_valid=1 mask=0 forward_active=0
<- Minima: BUOY 
[CTRL] depth_valid=1 depth=49.047 vz=-2.639 az=-1.564 target_valid=1 target=50.000 pid=38.630 pid_base=38.630 buoyancy_pwm=138 mask_valid=1 mask=0 forward_active=0
$T,490,-26,-15,,,,1680,-873,-1517,1202,4*41
[CTRL] depth_valid=1 depth=48.455 vz=-1.609 az=-0.008 target_valid=1 target=50.000 pid=22.765 pid_base=22.765 buoyancy_pwm=108 mask_valid=1 mask=0 forward_active=0
[CTRL] depth_valid=1 depth=48.357 vz=-0.300 az=1.070 target_valid=1 target=50.000 pid=13.172 pid_base=13.172 buoyancy_pwm=90 mask_valid=1 mask=0 forward_active=0
[CTRL] depth_valid=1 depth=48.693 vz=0.893 az=1.612 target_valid=1 target=50.000 pid=0.000 pid_base=0.000 buoyancy_pwm=0 mask_valid=1 mask=0 forward_active=0
[CTRL] depth_valid=1 depth=49.408 vz=1.763 az=1.620 target_valid=1 target=50.000 pid=-57.866 pid_base=-57.866 buoyancy_pwm=175 mask_valid=1 mask=384 forward_active=0
$T,494,17,16,,,,-1241,-880,1402,1216,4*41
[CTRL] depth_valid=1 depth=50.516 vz=2.611 az=1.642 target_valid=1 target=50.000 pid=-80.000 pid_base=-80.000 buoyancy_pwm=217 mask_valid=1 mask=384 forward_active=0
<- Minima: BUOY 
[CTRL] depth_valid=1 depth=51.645 vz=2.596 az=0.865 target_valid=1 target=50.000 pid=-80.000 pid_base=-80.000 buoyancy_pwm=217 mask_valid=1 mask=384 forward_active=0
[CTRL] depth_valid=1 depth=52.530 vz=1.881 az=-0.205 target_valid=1 target=50.000 pid=-67.750 pid_base=-80.000 buoyancy_pwm=194 mask_valid=1 mask=384 forward_active=0
[CTRL] depth_valid=1 depth=52.850 vz=0.543 az=-1.322 target_valid=1 target=50.000 pid=-23.534 pid_base=-34.784 buoyancy_pwm=110 mask_valid=1 mask=384 forward_active=0
$T,528,5,-13,,,,908,-840,-729,1203,4*58
[CTRL] depth_valid=1 depth=52.694 vz=-0.634 az=-1.771 target_valid=1 target=50.000 pid=0.000 pid_base=0.000 buoyancy_pwm=0 mask_valid=1 mask=0 forward_active=0
[CTRL] depth_valid=1 depth=52.033 vz=-1.741 az=-1.952 target_valid=1 target=50.000 pid=0.000 pid_base=0.000 buoyancy_pwm=0 mask_valid=1 mask=0 forward_active=0
<- Minima: IDLE
[CTRL] depth_valid=1 depth=51.326 vz=-1.979 az=-1.362 target_valid=1 target=50.000 pid=0.000 pid_base=0.000 buoyancy_pwm=0 mask_valid=1 mask=0 forward_active=0
[CTRL] depth_valid=1 depth=50.718 vz=-1.653 az=-0.550 target_valid=1 target=50.000 pid=0.000 pid_base=0.000 buoyancy_pwm=0 mask_valid=1 mask=0 forward_active=0
$T,507,-16,-5,,,,908,-872,-734,1206,0*71
[CTRL] depth_valid=1 depth=50.385 vz=-0.887 az=0.295 target_valid=1 target=50.000 pid=0.000 pid_base=0.000 buoyancy_pwm=0 mask_valid=1 mask=0 forward_active=0
[CTRL] depth_valid=1 depth=50.078 vz=-0.570 az=0.421 target_valid=1 target=50.000 pid=0.000 pid_base=0.000 buoyancy_pwm=0 mask_valid=1 mask=0 forward_active=0
[OK]hb
[CTRL] depth_valid=1 depth=49.744 vz=-0.603 az=0.182 target_valid=1 target=50.000 pid=8.456 pid_base=8.456 buoyancy_pwm=81 mask_valid=1 mask=0 forward_active=0
[CTRL] depth_valid=1 depth=49.267 vz=-0.982 az=-0.277 target_valid=1 target=50.000 pid=15.659 pid_base=15.659 buoyancy_pwm=95 mask_valid=1 mask=0 forward_active=0
$T,492,-9,-2,,,,932,-864,-765,1206,0*4F
[CTRL] depth_valid=1 depth=49.078 vz=-0.533 az=0.177 target_valid=1 target=50.000 pid=10.035 pid_base=10.035 buoyancy_pwm=84 mask_valid=1 mask=0 forward_active=0
[CTRL] depth_valid=1 depth=49.116 vz=0.151 az=0.713 target_valid=1 target=50.000 pid=0.000 pid_base=0.000 buoyancy_pwm=0 mask_valid=1 mask=0 forward_active=0
<- Minima: BUOY 
[CTRL] depth_valid=1 depth=49.582 vz=1.032 az=1.119 target_valid=1 target=50.000 pid=-36.181 pid_base=-36.181 buoyancy_pwm=134 mask_valid=1 mask=384 forward_active=0
<- Minima: IDLE
[CTRL] depth_valid=1 depth=50.181 vz=1.391 az=0.887 target_valid=1 target=50.000 pid=0.000 pid_base=0.000 buoyancy_pwm=0 mask_valid=1 mask=0 forward_active=0
$T,501,13,8,,,,1022,-842,-849,1203,0*4C
<- Minima: BUOY 
[CTRL] depth_valid=1 depth=50.645 vz=1.174 az=0.324 target_valid=1 target=50.000 pid=-42.621 pid_base=-42.621 buoyancy_pwm=146 mask_valid=1 mask=384 forward_active=0
[CTRL] depth_valid=1 depth=51.110 vz=1.042 az=0.091 target_valid=1 target=50.000 pid=-47.451 pid_base=-47.451 buoyancy_pwm=155 mask_valid=1 mask=384 forward_active=0
[CTRL] depth_valid=1 depth=51.142 vz=0.063 az=-0.818 target_valid=1 target=50.000 pid=-16.631 pid_base=-16.631 buoyancy_pwm=96 mask_valid=1 mask=384 forward_active=0
[CTRL] depth_valid=1 depth=50.710 vz=-1.109 az=-1.509 target_valid=1 target=50.000 pid=0.000 pid_base=0.000 buoyancy_pwm=0 mask_valid=1 mask=0 forward_active=0
$T,507,-11,-15,,,,989,-785,-800,1213,4*41
[OK]hb
[CTRL] depth_valid=1 depth=49.701 vz=-2.440 az=-2.043 target_valid=1 target=50.000 pid=32.977 pid_base=32.977 buoyancy_pwm=128 mask_valid=1 mask=0 forward_active=0
[CTRL] depth_valid=1 depth=48.507 vz=-2.834 az=-1.457 target_valid=1 target=50.000 pid=43.060 pid_base=43.060 buoyancy_pwm=147 mask_valid=1 mask=0 forward_active=0
[CTRL] depth_valid=1 depth=47.731 vz=-1.961 az=-0.091 target_valid=1 target=50.000 pid=32.155 pid_base=32.155 buoyancy_pwm=126 mask_valid=1 mask=0 forward_active=0
[CTRL] depth_valid=1 depth=47.550 vz=-0.419 az=1.272 target_valid=1 target=50.000 pid=18.937 pid_base=18.937 buoyancy_pwm=101 mask_valid=1 mask=0 forward_active=0
$T,475,-4,12,,,,1189,-863,-1008,1208,4*5E
[CTRL] depth_valid=1 depth=47.884 vz=0.871 az=1.766 target_valid=1 target=50.000 pid=-20.404 pid_base=-20.404 buoyancy_pwm=104 mask_valid=1 mask=384 forward_active=0
[CTRL] depth_valid=1 depth=48.566 vz=1.752 az=1.725 target_valid=1 target=50.000 pid=-24.482 pid_base=-24.482 buoyancy_pwm=111 mask_valid=1 mask=384 forward_active=0
[CTRL] depth_valid=1 depth=49.508 vz=2.324 az=1.481 target_valid=1 target=50.000 pid=-74.250 pid_base=-80.000 buoyancy_pwm=206 mask_valid=1 mask=384 forward_active=0
<- Minima: IDLE
[CTRL] depth_valid=1 depth=50.411 vz=2.145 az=0.657 target_valid=1 target=50.000 pid=-45.929 pid_base=-62.179 buoyancy_pwm=152 mask_valid=1 mask=384 forward_active=0
$T,504,21,6,,,,1006,-814,-831,1201,0*4E
<- Minima: BUOY 
[CTRL] depth_valid=1 depth=50.981 vz=1.301 az=-0.367 target_valid=1 target=50.000 pid=-29.925 pid_base=-47.425 buoyancy_pwm=122 mask_valid=1 mask=384 forward_active=0
[CTRL] depth_valid=1 depth=51.171 vz=0.244 az=-1.158 target_valid=1 target=50.000 pid=0.000 pid_base=0.000 buoyancy_pwm=0 mask_valid=1 mask=0 forward_active=0
[OK]hb
[CTRL] depth_valid=1 depth=51.319 vz=-0.063 az=-0.967 target_valid=1 target=50.000 pid=0.000 pid_base=0.000 buoyancy_pwm=0 mask_valid=1 mask=0 forward_active=0
[CTRL] depth_valid=1 depth=51.510 vz=0.083 az=-0.458 target_valid=1 target=50.000 pid=-14.251 pid_base=-22.251 buoyancy_pwm=92 mask_valid=1 mask=384 forward_active=0
$T,515,0,-4,,,,1105,-845,-937,1205,4*53
[CTRL] depth_valid=1 depth=51.782 vz=0.395 az=-0.010 target_valid=1 target=50.000 pid=-24.645 pid_base=-29.395 buoyancy_pwm=112 mask_valid=1 mask=384 forward_active=0
[CTRL] depth_valid=1 depth=51.963 vz=0.248 az=-0.211 target_valid=1 target=50.000 pid=-23.978 pid_base=-25.978 buoyancy_pwm=110 mask_valid=1 mask=384 forward_active=0
[CTRL] depth_valid=1 depth=51.728 vz=-0.572 az=-0.864 target_valid=1 target=50.000 pid=0.000 pid_base=0.000 buoyancy_pwm=0 mask_valid=1 mask=0 forward_active=0
<- Minima: IDLE
[CTRL] depth_valid=1 depth=50.962 vz=-1.753 az=-1.521 target_valid=1 target=50.000 pid=0.000 pid_base=0.000 buoyancy_pwm=0 mask_valid=1 mask=0 forward_active=0
$T,509,-17,-15,,,,996,-821,-823,1205,0*44
<- Minima: BUOY 
[CTRL] depth_valid=1 depth=49.912 vz=-2.526 az=-1.564 target_valid=1 target=50.000 pid=0.000 pid_base=0.000 buoyancy_pwm=0 mask_valid=1 mask=0 forward_active=0
[CTRL] depth_valid=1 depth=49.169 vz=-2.013 az=-0.525 target_valid=1 target=50.000 pid=21.733 pid_base=21.733 buoyancy_pwm=106 mask_valid=1 mask=0 forward_active=0
[CTRL] depth_valid=1 depth=48.892 vz=-0.805 az=0.673 target_valid=1 target=50.000 pid=11.841 pid_base=11.841 buoyancy_pwm=87 mask_valid=1 mask=0 forward_active=0
Ascending...
[OK]k#36[ACK] k#36

[CTRL] depth_valid=1 depth=49.151 vz=0.584 az=1.523 target_valid=0 target=0.000 pid=-100.000 pid_base=-100.000 buoyancy_pwm=255 mask_valid=1 mask=384 forward_active=0
$T,491,5,15,,,,1018,-860,-834,1206,4*4D
[OK]hb
[CTRL] depth_valid=1 depth=49.453 vz=0.925 az=1.114 target_valid=0 target=0.000 pid=-100.000 pid_base=-100.000 buoyancy_pwm=255 mask_valid=1 mask=384 forward_active=0
[CTRL] depth_valid=1 depth=49.515 vz=0.369 az=0.123 target_valid=0 target=0.000 pid=-100.000 pid_base=-100.000 buoyancy_pwm=255 mask_valid=1 mask=384 forward_active=0
[CTRL] depth_valid=1 depth=48.983 vz=-1.029 az=-1.150 target_valid=0 target=0.000 pid=-100.000 pid_base=-100.000 buoyancy_pwm=255 mask_valid=1 mask=384 forward_active=0
[CTRL] depth_valid=1 depth=47.609 vz=-2.993 az=-2.333 target_valid=0 target=0.000 pid=-100.000 pid_base=-100.000 buoyancy_pwm=255 mask_valid=1 mask=384 forward_active=0
$T,476,-29,-23,,,,926,-798,-708,1208,4*4C
[CTRL] depth_valid=1 depth=45.372 vz=-5.057 az=-3.112 target_valid=0 target=0.000 pid=-100.000 pid_base=-100.000 buoyancy_pwm=255 mask_valid=1 mask=384 forward_active=0
[CTRL] depth_valid=1 depth=42.287 vz=-6.917 az=-3.360 target_valid=0 target=0.000 pid=-100.000 pid_base=-100.000 buoyancy_pwm=255 mask_valid=1 mask=384 forward_active=0
[CTRL] depth_valid=1 depth=38.399 vz=-8.668 az=-3.453 target_valid=0 target=0.000 pid=-100.000 pid_base=-100.000 buoyancy_pwm=255 mask_valid=1 mask=384 forward_active=0
[CTRL] depth_valid=1 depth=33.562 vz=-10.548 az=-3.597 target_valid=0 target=0.000 pid=-100.000 pid_base=-100.000 buoyancy_pwm=255 mask_valid=1 mask=384 forward_active=0
$T,335,-105,-35,,,,922,-785,-755,1202,4*7E
[CTRL] depth_valid=1 depth=27.789 vz=-12.473 az=-3.732 target_valid=0 target=0.000 pid=-100.000 pid_base=-100.000 buoyancy_pwm=255 mask_valid=1 mask=384 forward_active=0
[CTRL] depth_valid=1 depth=21.410 vz=-13.729 az=-3.230 target_valid=0 target=0.000 pid=-100.000 pid_base=-100.000 buoyancy_pwm=255 mask_valid=1 mask=384 forward_active=0
[OK]hb
[CTRL] depth_valid=1 depth=14.593 vz=-14.566 az=-2.630 target_valid=0 target=0.000 pid=-100.000 pid_base=-100.000 buoyancy_pwm=255 mask_valid=1 mask=384 forward_active=0
Ascend stopped.
[OK]k#37[ACK] k#37

[CTRL] depth_valid=1 depth=8.827 vz=-11.909 az=1.033 target_valid=0 target=0.000 pid=0.000 pid_base=0.000 buoyancy_pwm=0 mask_valid=1 mask=0 forward_active=0
$T,88,-119,10,205,8,94,-1029,-830,920,1205,4*57
<- Minima: IDLE
[CTRL] depth_valid=1 depth=11.364 vz=4.775 az=14.738 target_valid=0 target=0.000 pid=0.000 pid_base=0.000 buoyancy_pwm=0 mask_valid=1 mask=0 forward_active=0
[CTRL] depth_valid=1 depth=14.798 vz=9.581 az=11.880 target_valid=0 target=0.000 pid=0.000 pid_base=0.000 buoyancy_pwm=0 mask_valid=1 mask=0 forward_active=0
[CTRL] depth_valid=1 depth=14.841 vz=3.431 az=1.579 target_valid=0 target=0.000 pid=0.000 pid_base=0.000 buoyancy_pwm=0 mask_valid=1 mask=0 forward_active=0
[CTRL] depth_valid=1 depth=12.817 vz=-3.253 az=-4.679 target_valid=0 target=0.000 pid=0.000 pid_base=0.000 buoyancy_pwm=0 mask_valid=1 mask=0 forward_active=0
$T,128,-32,-46,206,9,13,-1471,-872,1311,1209,0*49
[CTRL] depth_valid=1 depth=10.156 vz=-6.185 az=-4.994 target_valid=0 target=0.000 pid=0.000 pid_base=0.000 buoyancy_pwm=0 mask_valid=1 mask=0 forward_active=0
[CTRL] depth_valid=1 depth=10.537 vz=-0.417 az=2.250 target_valid=0 target=0.000 pid=0.000 pid_base=0.000 buoyancy_pwm=0 mask_valid=1 mask=0 forward_active=0
[CTRL] depth_valid=1 depth=12.875 vz=4.581 az=5.198 target_valid=0 target=0.000 pid=0.000 pid_base=0.000 buoyancy_pwm=0 mask_valid=1 mask=0 forward_active=0
[CTRL] depth_valid=1 depth=13.517 vz=2.472 az=1.023 target_valid=0 target=0.000 pid=0.000 pid_base=0.000 buoyancy_pwm=0 mask_valid=1 mask=0 forward_active=0
$T,135,24,10,207,13,47,926,-743,-1124,1201,0*45
[OK]hb
[CTRL] depth_valid=1 depth=12.769 vz=-1.096 az=-2.446 target_valid=0 target=0.000 pid=0.000 pid_base=0.000 buoyancy_pwm=0 mask_valid=1 mask=0 forward_active=0
[CTRL] depth_valid=1 depth=11.007 vz=-4.004 az=-3.826 target_valid=0 target=0.000 pid=0.000 pid_base=0.000 buoyancy_pwm=0 mask_valid=1 mask=0 forward_active=0
[CTRL] depth_valid=1 depth=10.170 vz=-2.432 az=-0.663 target_valid=0 target=0.000 pid=0.000 pid_base=0.000 buoyancy_pwm=0 mask_valid=1 mask=0 forward_active=0
[CTRL] depth_valid=1 depth=11.645 vz=2.356 az=3.524 target_valid=0 target=0.000 pid=0.000 pid_base=0.000 buoyancy_pwm=0 mask_valid=1 mask=0 forward_active=0
$T,116,23,35,207,16,90,1017,-817,-1210,1201,0*7B
[CTRL] depth_valid=1 depth=12.607 vz=2.598 az=2.059 target_valid=0 target=0.000 pid=0.000 pid_base=0.000 buoyancy_pwm=0 mask_valid=1 mask=0 forward_active=0
[CTRL] depth_valid=1 depth=12.615 vz=0.578 az=-0.569 target_valid=0 target=0.000 pid=0.000 pid_base=0.000 buoyancy_pwm=0 mask_valid=1 mask=0 forward_active=0
[CTRL] depth_valid=1 depth=11.626 vz=-2.069 az=-2.597 target_valid=0 target=0.000 pid=0.000 pid_base=0.000 buoyancy_pwm=0 mask_valid=1 mask=0 forward_active=0
[CTRL] depth_valid=1 depth=10.681 vz=-2.395 az=-1.658 target_valid=0 target=0.000 pid=0.000 pid_base=0.000 buoyancy_pwm=0 mask_valid=1 mask=0 forward_active=0
$T,106,-23,-16,205,19,82,1411,-877,-1583,1206,0*7B
[CTRL] depth_valid=1 depth=11.057 vz=0.194 az=1.225 target_valid=0 target=0.000 pid=0.000 pid_base=0.000 buoyancy_pwm=0 mask_valid=1 mask=0 forward_active=0
[CTRL] depth_valid=1 depth=11.690 vz=1.411 az=1.648 target_valid=0 target=0.000 pid=0.000 pid_base=0.000 buoyancy_pwm=0 mask_valid=1 mask=0 forward_active=0
[OK]hb
[CTRL] depth_valid=1 depth=12.288 vz=1.538 az=0.994 target_valid=0 target=0.000 pid=0.000 pid_base=0.000 buoyancy_pwm=0 mask_valid=1 mask=0 forward_active=0
[CTRL] depth_valid=1 depth=12.122 vz=-0.102 az=-0.882 target_valid=0 target=0.000 pid=0.000 pid_base=0.000 buoyancy_pwm=0 mask_valid=1 mask=0 forward_active=0
$T,121,-1,-8,203,21,78,968,-817,-1140,1206,0*46
[CTRL] depth_valid=1 depth=11.384 vz=-1.572 az=-1.700 target_valid=0 target=0.000 pid=0.000 pid_base=0.000 buoyancy_pwm=0 mask_valid=1 mask=0 forward_active=0
[CTRL] depth_valid=1 depth=11.044 vz=-1.058 az=-0.482 target_valid=0 target=0.000 pid=0.000 pid_base=0.000 buoyancy_pwm=0 mask_valid=1 mask=0 forward_active=0
[CTRL] depth_valid=1 depth=11.104 vz=-0.079 az=0.531 target_valid=0 target=0.000 pid=0.000 pid_base=0.000 buoyancy_pwm=0 mask_valid=1 mask=0 forward_active=0
[CTRL] depth_valid=1 depth=11.734 vz=1.266 az=1.386 target_valid=0 target=0.000 pid=0.000 pid_base=0.000 buoyancy_pwm=0 mask_valid=1 mask=0 forward_active=0
$T,117,12,13,202,23,76,1034,-834,-1207,1203,0*73
[CTRL] depth_valid=1 depth=12.159 vz=1.053 az=0.498 target_valid=0 target=0.000 pid=0.000 pid_base=0.000 buoyancy_pwm=0 mask_valid=1 mask=0 forward_active=0
[CTRL] depth_valid=1 depth=11.829 vz=-0.489 az=-1.033 target_valid=0 target=0.000 pid=0.000 pid_base=0.000 buoyancy_pwm=0 mask_valid=1 mask=0 forward_active=0
[CTRL] depth_valid=1 depth=11.274 vz=-1.360 az=-1.339 target_valid=0 target=0.000 pid=0.000 pid_base=0.000 buoyancy_pwm=0 mask_valid=1 mask=0 forward_active=0
[CTRL] depth_valid=1 depth=11.001 vz=-0.853 az=-0.295 target_valid=0 target=0.000 pid=0.000 pid_base=0.000 buoyancy_pwm=0 mask_valid=1 mask=0 forward_active=0
$T,110,-8,-2,201,25,74,1083,-853,-1255,1201,0*70
[OK]hb
[CTRL] depth_valid=1 depth=11.391 vz=0.609 az=1.041 target_valid=0 target=0.000 pid=0.000 pid_base=0.000 buoyancy_pwm=0 mask_valid=1 mask=0 forward_active=0
[CTRL] depth_valid=1 depth=11.921 vz=1.165 az=0.971 target_valid=0 target=0.000 pid=0.000 pid_base=0.000 buoyancy_pwm=0 mask_valid=1 mask=0 forward_active=0
[CTRL] depth_valid=1 depth=11.958 vz=0.313 az=-0.200 target_valid=0 target=0.000 pid=0.000 pid_base=0.000 buoyancy_pwm=0 mask_valid=1 mask=0 forward_active=0
[CTRL] depth_valid=1 depth=11.610 vz=-0.791 az=-1.105 target_valid=0 target=0.000 pid=0.000 pid_base=0.000 buoyancy_pwm=0 mask_valid=1 mask=0 forward_active=0
$T,116,-7,-11,201,27,73,1039,-843,-1211,1205,0*4A
[CTRL] depth_valid=1 depth=11.135 vz=-1.193 az=-0.955 target_valid=0 target=0.000 pid=0.000 pid_base=0.000 buoyancy_pwm=0 mask_valid=1 mask=0 forward_active=0
[CTRL] depth_valid=1 depth=11.188 vz=-0.209 az=0.268 target_valid=0 target=0.000 pid=0.000 pid_base=0.000 buoyancy_pwm=0 mask_valid=1 mask=0 forward_active=0
[CTRL] depth_valid=1 depth=11.622 vz=0.823 az=0.977 target_valid=0 target=0.000 pid=0.000 pid_base=0.000 buoyancy_pwm=0 mask_valid=1 mask=0 forward_active=0
[CTRL] depth_valid=1 depth=11.929 vz=0.810 az=0.508 target_valid=0 target=0.000 pid=0.000 pid_base=0.000 buoyancy_pwm=0 mask_valid=1 mask=0 forward_active=0
$T,119,8,5,200,28,71,1004,-826,-1176,1201,0*78
[CTRL] depth_valid=1 depth=11.866 vz=-0.025 az=-0.464 target_valid=0 target=0.000 pid=0.000 pid_base=0.000 buoyancy_pwm=0 mask_valid=1 mask=0 forward_active=0
[CTRL] depth_valid=1 depth=11.382 vz=-1.014 az=-1.077 target_valid=0 target=0.000 pid=0.000 pid_base=0.000 buoyancy_pwm=0 mask_valid=1 mask=0 forward_active=0
[CTRL] depth_valid=1 depth=11.191 vz=-0.704 az=-0.371 target_valid=0 target=0.000 pid=0.000 pid_base=0.000 buoyancy_pwm=0 mask_valid=1 mask=0 forward_active=0
[OK]hb
[CTRL] depth_valid=1 depth=11.413 vz=0.283 az=0.608 target_valid=0 target=0.000 pid=0.000 pid_base=0.000 buoyancy_pwm=0 mask_valid=1 mask=0 forward_active=0
$T,114,2,6,199,30,69,1024,-835,-1195,1201,0*72
[CTRL] depth_valid=1 depth=11.752 vz=0.748 az=0.692 target_valid=0 target=0.000 pid=0.000 pid_base=0.000 buoyancy_pwm=0 mask_valid=1 mask=0 forward_active=0
[CTRL] depth_valid=1 depth=11.920 vz=0.458 az=0.102 target_valid=0 target=0.000 pid=0.000 pid_base=0.000 buoyancy_pwm=0 mask_valid=1 mask=0 forward_active=0
[CTRL] depth_valid=1 depth=11.646 vz=-0.496 az=-0.758 target_valid=0 target=0.000 pid=0.000 pid_base=0.000 buoyancy_pwm=0 mask_valid=1 mask=0 forward_active=0
[CTRL] depth_valid=1 depth=11.341 vz=-0.776 az=-0.658 target_valid=0 target=0.000 pid=0.000 pid_base=0.000 buoyancy_pwm=0 mask_valid=1 mask=0 forward_active=0
$T,113,-7,-6,198,31,68,1059,-849,-1228,1200,0*74
[CTRL] depth_valid=1 depth=11.295 vz=-0.314 az=-0.007 target_valid=0 target=0.000 pid=0.000 pid_base=0.000 buoyancy_pwm=0 mask_valid=1 mask=0 forward_active=0
[CTRL] depth_valid=1 depth=11.551 vz=0.451 az=0.623 target_valid=0 target=0.000 pid=0.000 pid_base=0.000 buoyancy_pwm=0 mask_valid=1 mask=0 forward_active=0
[CTRL] depth_valid=1 depth=11.830 vz=0.640 az=0.469 target_valid=0 target=0.000 pid=0.000 pid_base=0.000 buoyancy_pwm=0 mask_valid=1 mask=0 forward_active=0
[CTRL] depth_valid=1 depth=11.796 vz=0.045 az=-0.257 target_valid=0 target=0.000 pid=0.000 pid_base=0.000 buoyancy_pwm=0 mask_valid=1 mask=0 forward_active=0
$T,117,0,-2,198,32,67,1003,-832,-1173,1212,0*5F
[OK]hb
[CTRL] depth_valid=1 depth=11.517 vz=-0.612 az=-0.715 target_valid=0 target=0.000 pid=0.000 pid_base=0.000 buoyancy_pwm=0 mask_valid=1 mask=0 forward_active=0
[CTRL] depth_valid=1 depth=11.309 vz=-0.590 az=-0.381 target_valid=0 target=0.000 pid=0.000 pid_base=0.000 buoyancy_pwm=0 mask_valid=1 mask=0 forward_active=0
[CTRL] depth_valid=1 depth=11.400 vz=-0.001 az=0.240 target_valid=0 target=0.000 pid=0.000 pid_base=0.000 buoyancy_pwm=0 mask_valid=1 mask=0 forward_active=0
[CTRL] depth_valid=1 depth=11.680 vz=0.537 az=0.552 target_valid=0 target=0.000 pid=0.000 pid_base=0.000 buoyancy_pwm=0 mask_valid=1 mask=0 forward_active=0
$T,116,5,5,197,33,66,998,-826,-1169,1207,0*4E
[CTRL] depth_valid=1 depth=11.792 vz=0.318 az=0.088 target_valid=0 target=0.000 pid=0.000 pid_base=0.000 buoyancy_pwm=0 mask_valid=1 mask=0 forward_active=0
[CTRL] depth_valid=1 depth=11.646 vz=-0.306 az=-0.519 target_valid=0 target=0.000 pid=0.000 pid_base=0.000 buoyancy_pwm=0 mask_valid=1 mask=0 forward_active=0
[CTRL] depth_valid=1 depth=11.461 vz=-0.512 az=-0.480 target_valid=0 target=0.000 pid=0.000 pid_base=0.000 buoyancy_pwm=0 mask_valid=1 mask=0 forward_active=0
[CTRL] depth_valid=1 depth=11.345 vz=-0.372 az=-0.161 target_valid=0 target=0.000 pid=0.000 pid_base=0.000 buoyancy_pwm=0 mask_valid=1 mask=0 forward_active=0
$T,113,-3,-1,197,34,64,1031,-842,-1202,1203,0*7F
[CTRL] depth_valid=1 depth=11.542 vz=0.233 az=0.355 target_valid=0 target=0.000 pid=0.000 pid_base=0.000 buoyancy_pwm=0 mask_valid=1 mask=0 forward_active=0
[CTRL] depth_valid=1 depth=11.779 vz=0.500 az=0.395 target_valid=0 target=0.000 pid=0.000 pid_base=0.000 buoyancy_pwm=0 mask_valid=1 mask=0 forward_active=0
[CTRL] depth_valid=1 depth=11.202 vz=-1.414 az=-1.693 target_valid=0 target=0.000 pid=0.000 pid_base=0.000 buoyancy_pwm=0 mask_valid=1 mask=0 forward_active=0
[OK]hb
[CTRL] depth_valid=1 depth=5.582 vz=-10.628 az=-8.287 target_valid=0 target=0.000 pid=0.000 pid_base=0.000 buoyancy_pwm=0 mask_valid=1 mask=0 forward_active=0
$T,55,-106,-82,199,35,64,1634,-74,1409,1203,0*62
[CTRL] depth_valid=1 depth=0.145 vz=-13.684 az=-7.803 target_valid=0 target=0.000 pid=0.000 pid_base=0.000 buoyancy_pwm=0 mask_valid=1 mask=0 forward_active=0
[CTRL] depth_valid=1 depth=-0.859 vz=-4.120 az=3.803 target_valid=0 target=0.000 pid=0.000 pid_base=0.000 buoyancy_pwm=0 mask_valid=1 mask=0 forward_active=0
[CTRL] depth_valid=1 depth=-0.188 vz=1.307 az=7.442 target_valid=0 target=0.000 pid=0.000 pid_base=0.000 buoyancy_pwm=0 mask_valid=1 mask=0 forward_active=0
[CTRL] depth_valid=1 depth=0.322 vz=2.733 az=5.399 target_valid=0 target=0.000 pid=0.000 pid_base=0.000 buoyancy_pwm=0 mask_valid=1 mask=0 forward_active=0
$T,3,25,47,,,67,-1662,641,1232,1203,0*61
[CTRL] depth_valid=1 depth=0.240 vz=1.389 az=2.038 target_valid=0 target=0.000 pid=0.000 pid_base=0.000 buoyancy_pwm=0 mask_valid=1 mask=0 forward_active=0
[CTRL] depth_valid=1 depth=0.117 vz=0.422 az=0.423 target_valid=0 target=0.000 pid=0.000 pid_base=0.000 buoyancy_pwm=0 mask_valid=1 mask=0 forward_active=0
[CTRL] depth_valid=1 depth=0.017 vz=-0.013 az=-0.097 target_valid=0 target=0.000 pid=0.000 pid_base=0.000 buoyancy_pwm=0 mask_valid=1 mask=0 forward_active=0
[CTRL] depth_valid=1 depth=-0.006 vz=-0.059 az=-0.088 target_valid=0 target=0.000 pid=0.000 pid_base=0.000 buoyancy_pwm=0 mask_valid=1 mask=0 forward_active=0
$T,0,0,0,,,,-1024,266,-1650,1200,0*4C
[CTRL] depth_valid=1 depth=-0.005 vz=-0.023 az=-0.021 target_valid=0 target=0.000 pid=0.000 pid_base=0.000 buoyancy_pwm=0 mask_valid=1 mask=0 forward_active=0
[OK]hb
[CTRL] depth_valid=1 depth=-0.001 vz=-0.002 az=0.004 target_valid=0 target=0.000 pid=0.000 pid_base=0.000 buoyancy_pwm=0 mask_valid=1 mask=0 forward_active=0
[CTRL] depth_valid=1 depth=-0.000 vz=0.003 az=0.007 target_valid=0 target=0.000 pid=0.000 pid_base=0.000 buoyancy_pwm=0 mask_valid=1 mask=0 forward_active=0
[CTRL] depth_valid=1 depth=0.000 vz=0.003 az=0.004 target_valid=0 target=0.000 pid=0.000 pid_base=0.000 buoyancy_pwm=0 mask_valid=1 mask=0 forward_active=0
$T,0,0,0,,,,-1023,326,-1645,1207,0*4D
[CTRL] depth_valid=1 depth=0.000 vz=0.001 az=0.001 target_valid=0 target=0.000 pid=0.000 pid_base=0.000 buoyancy_pwm=0 mask_valid=1 mask=0 forward_active=0
[CTRL] depth_valid=1 depth=0.000 vz=0.000 az=-0.000 target_valid=0 target=0.000 pid=0.000 pid_base=0.000 buoyancy_pwm=0 mask_valid=1 mask=0 forward_active=0
[CTRL] depth_valid=1 depth=-0.000 vz=-0.000 az=-0.000 target_valid=0 target=0.000 pid=0.000 pid_base=0.000 buoyancy_pwm=0 mask_valid=1 mask=0 forward_active=0
[CTRL] depth_valid=1 depth=-0.000 vz=-0.000 az=-0.000 target_valid=0 target=0.000 pid=0.000 pid_base=0.000 buoyancy_pwm=0 mask_valid=1 mask=0 forward_active=0
$T,0,0,0,,,,-920,119,-1544,1207,0*7A
[CTRL] depth_valid=1 depth=-0.000 vz=-0.000 az=-0.000 target_valid=0 target=0.000 pid=0.000 pid_base=0.000 buoyancy_pwm=0 mask_valid=1 mask=0 forward_active=0
[CTRL] depth_valid=1 depth=-0.000 vz=0.000 az=0.000 target_valid=0 target=0.000 pid=0.000 pid_base=0.000 buoyancy_pwm=0 mask_valid=1 mask=0 forward_active=0
[CTRL] depth_valid=1 depth=0.000 vz=0.000 az=0.000 target_valid=0 target=0.000 pid=0.000 pid_base=0.000 buoyancy_pwm=0 mask_valid=1 mask=0 forward_active=0
[OK]hb
[CTRL] depth_valid=1 depth=0.000 vz=0.000 az=0.000 target_valid=0 target=0.000 pid=0.000 pid_base=0.000 buoyancy_pwm=0 mask_valid=1 mask=0 forward_active=0
$T,0,0,0,,,,-975,181,-1512,1203,0*7C
[CTRL] depth_valid=1 depth=0.000 vz=0.000 az=0.000 target_valid=0 target=0.000 pid=0.000 pid_base=0.000 buoyancy_pwm=0 mask_valid=1 mask=0 forward_active=0
[CTRL] depth_valid=1 depth=0.000 vz=-0.000 az=-0.000 target_valid=0 target=0.000 pid=0.000 pid_base=0.000 buoyancy_pwm=0 mask_valid=1 mask=0 forward_active=0
[CTRL] depth_valid=1 depth=-0.000 vz=-0.000 az=-0.000 target_valid=0 target=0.000 pid=0.000 pid_base=0.000 buoyancy_pwm=0 mask_valid=1 mask=0 forward_active=0
[CTRL] depth_valid=1 depth=-0.000 vz=-0.000 az=-0.000 target_valid=0 target=0.000 pid=0.000 pid_base=0.000 buoyancy_pwm=0 mask_valid=1 mask=0 forward_active=0
$T,0,0,0,,,,-958,119,-1537,1205,0*73
[CTRL] depth_valid=1 depth=-0.000 vz=-0.000 az=-0.000 target_valid=0 target=0.000 pid=0.000 pid_base=0.000 buoyancy_pwm=0 mask_valid=1 mask=0 forward_active=0
[CTRL] depth_valid=1 depth=-0.000 vz=-0.000 az=0.000 target_valid=0 target=0.000 pid=0.000 pid_base=0.000 buoyancy_pwm=0 mask_valid=1 mask=0 forward_active=0
[CTRL] depth_valid=1 depth=0.000 vz=0.000 az=0.000 target_valid=0 target=0.000 pid=0.000 pid_base=0.000 buoyancy_pwm=0 mask_valid=1 mask=0 forward_active=0
[CTRL] depth_valid=1 depth=0.000 vz=0.000 az=0.000 target_valid=0 target=0.000 pid=0.000 pid_base=0.000 buoyancy_pwm=0 mask_valid=1 mask=0 forward_active=0
$T,0,0,0,,,,1073,339,819,1202,0*75
[CTRL] depth_valid=1 depth=0.000 vz=0.000 az=0.000 target_valid=0 target=0.000 pid=0.000 pid_base=0.000 buoyancy_pwm=0 mask_valid=1 mask=0 forward_active=0
[OK]hb
[CTRL] depth_valid=1 depth=0.000 vz=-0.000 az=-0.000 target_valid=0 target=0.000 pid=0.000 pid_base=0.000 buoyancy_pwm=0 mask_valid=1 mask=0 forward_active=0
[CTRL] depth_valid=1 depth=-0.000 vz=-0.000 az=-0.000 target_valid=0 target=0.000 pid=0.000 pid_base=0.000 buoyancy_pwm=0 mask_valid=1 mask=0 forward_active=0
[CTRL] depth_valid=1 depth=-0.000 vz=-0.000 az=-0.000 target_valid=0 target=0.000 pid=0.000 pid_base=0.000 buoyancy_pwm=0 mask_valid=1 mask=0 forward_active=0
$T,0,0,0,,,,1787,499,1587,1202,0*4F
[CTRL] depth_valid=1 depth=-0.000 vz=-0.000 az=0.000 target_valid=0 target=0.000 pid=0.000 pid_base=0.000 buoyancy_pwm=0 mask_valid=1 mask=0 forward_active=0
[CTRL] depth_valid=1 depth=0.000 vz=0.000 az=0.000 target_valid=0 target=0.000 pid=0.000 pid_base=0.000 buoyancy_pwm=0 mask_valid=1 mask=0 forward_active=0
[CTRL] depth_valid=1 depth=0.000 vz=0.000 az=0.000 target_valid=0 target=0.000 pid=0.000 pid_base=0.000 buoyancy_pwm=0 mask_valid=1 mask=0 forward_active=0
[CTRL] depth_valid=1 depth=0.000 vz=0.000 az=0.000 target_valid=0 target=0.000 pid=0.000 pid_base=0.000 buoyancy_pwm=0 mask_valid=1 mask=0 forward_active=0
$T,0,0,0,,,,-1530,583,-1780,1204,0*48
[CTRL] depth_valid=1 depth=0.000 vz=0.000 az=-0.000 target_valid=0 target=0.000 pid=0.000 pid_base=0.000 buoyancy_pwm=0 mask_valid=1 mask=0 forward_active=0
[CTRL] depth_valid=1 depth=-0.000 vz=-0.000 az=-0.000 target_valid=0 target=0.000 pid=0.000 pid_base=0.000 buoyancy_pwm=0 mask_valid=1 mask=0 forward_active=0
[CTRL] depth_valid=1 depth=-0.000 vz=-0.000 az=-0.000 target_valid=0 target=0.000 pid=0.000 pid_base=0.000 buoyancy_pwm=0 mask_valid=1 mask=0 forward_active=0
[OK]hb
[CTRL] depth_valid=1 depth=-0.000 vz=-0.000 az=-0.000 target_valid=0 target=0.000 pid=0.000 pid_base=0.000 buoyancy_pwm=0 mask_valid=1 mask=0 forward_active=0
$T,0,0,0,,,,-1419,263,-1711,1201,0*46
[CTRL] depth_valid=1 depth=-0.000 vz=-0.000 az=-0.000 target_valid=0 target=0.000 pid=0.000 pid_base=0.000 buoyancy_pwm=0 mask_valid=1 mask=0 forward_active=0
[CTRL] depth_valid=1 depth=-0.000 vz=0.000 az=0.000 target_valid=0 target=0.000 pid=0.000 pid_base=0.000 buoyancy_pwm=0 mask_valid=1 mask=0 forward_active=0
[CTRL] depth_valid=1 depth=0.000 vz=0.000 az=0.000 target_valid=0 target=0.000 pid=0.000 pid_base=0.000 buoyancy_pwm=0 mask_valid=1 mask=0 forward_active=0
[CTRL] depth_valid=1 depth=0.000 vz=0.000 az=0.000 target_valid=0 target=0.000 pid=0.000 pid_base=0.000 buoyancy_pwm=0 mask_valid=1 mask=0 forward_active=0
$T,0,0,0,,,,-1406,221,1456,1201,0*63
[CTRL] depth_valid=1 depth=0.000 vz=0.000 az=0.000 target_valid=0 target=0.000 pid=0.000 pid_base=0.000 buoyancy_pwm=0 mask_valid=1 mask=0 forward_active=0
[CTRL] depth_valid=1 depth=0.000 vz=0.000 az=0.000 target_valid=0 target=0.000 pid=0.000 pid_base=0.000 buoyancy_pwm=0 mask_valid=1 mask=0 forward_active=0
[CTRL] depth_valid=1 depth=0.000 vz=0.000 az=-0.000 target_valid=0 target=0.000 pid=0.000 pid_base=0.000 buoyancy_pwm=0 mask_valid=1 mask=0 forward_active=0
[CTRL] depth_valid=1 depth=-0.000 vz=-0.000 az=-0.000 target_valid=0 target=0.000 pid=0.000 pid_base=0.000 buoyancy_pwm=0 mask_valid=1 mask=0 forward_active=0
$T,0,0,0,,,,1505,732,401,1201,0*78
[CTRL] depth_valid=1 depth=-0.000 vz=-0.000 az=-0.000 target_valid=0 target=0.000 pid=0.000 pid_base=0.000 buoyancy_pwm=0 mask_valid=1 mask=0 forward_active=0
[OK]hb
[CTRL] depth_valid=1 depth=-0.000 vz=-0.000 az=-0.000 target_valid=0 target=0.000 pid=0.000 pid_base=0.000 buoyancy_pwm=0 mask_valid=1 mask=0 forward_active=0
[CTRL] depth_valid=1 depth=-0.000 vz=-0.000 az=-0.000 target_valid=0 target=0.000 pid=0.000 pid_base=0.000 buoyancy_pwm=0 mask_valid=1 mask=0 forward_active=0
[CTRL] depth_valid=1 depth=-0.000 vz=0.000 az=0.000 target_valid=0 target=0.000 pid=0.000 pid_base=0.000 buoyancy_pwm=0 mask_valid=1 mask=0 forward_active=0
$T,0,0,0,,,,1652,540,505,1200,0*7A
[CTRL] depth_valid=1 depth=0.000 vz=0.000 az=0.000 target_valid=0 target=0.000 pid=0.000 pid_base=0.000 buoyancy_pwm=0 mask_valid=1 mask=0 forward_active=0
[CTRL] depth_valid=1 depth=0.000 vz=0.000 az=0.000 target_valid=0 target=0.000 pid=0.000 pid_base=0.000 buoyancy_pwm=0 mask_valid=1 mask=0 forward_active=0
[CTRL] depth_valid=1 depth=0.000 vz=0.000 az=0.000 target_valid=0 target=0.000 pid=0.000 pid_base=0.000 buoyancy_pwm=0 mask_valid=1 mask=0 forward_active=0
[CTRL] depth_valid=1 depth=0.000 vz=0.000 az=0.000 target_valid=0 target=0.000 pid=0.000 pid_base=0.000 buoyancy_pwm=0 mask_valid=1 mask=0 forward_active=0
$T,0,0,0,,,,1655,542,508,1204,0*76
[CTRL] depth_valid=1 depth=0.000 vz=0.000 az=-0.000 target_valid=0 target=0.000 pid=0.000 pid_base=0.000 buoyancy_pwm=0 mask_valid=1 mask=0 forward_active=0
[CTRL] depth_valid=1 depth=-0.000 vz=-0.000 az=-0.000 target_valid=0 target=0.000 pid=0.000 pid_base=0.000 buoyancy_pwm=0 mask_valid=1 mask=0 forward_active=0
[CTRL] depth_valid=1 depth=-0.000 vz=-0.000 az=-0.000 target_valid=0 target=0.000 pid=0.000 pid_base=0.000 buoyancy_pwm=0 mask_valid=1 mask=0 forward_active=0
[OK]hb
[CTRL] depth_valid=1 depth=-0.000 vz=-0.000 az=-0.000 target_valid=0 target=0.000 pid=0.000 pid_base=0.000 buoyancy_pwm=0 mask_valid=1 mask=0 forward_active=0
$T,0,0,0,,,,1656,543,508,1208,0*78
[CTRL] depth_valid=1 depth=-0.000 vz=-0.000 az=-0.000 target_valid=0 target=0.000 pid=0.000 pid_base=0.000 buoyancy_pwm=0 mask_valid=1 mask=0 forward_active=0
[CTRL] depth_valid=1 depth=-0.000 vz=0.000 az=0.000 target_valid=0 target=0.000 pid=0.000 pid_base=0.000 buoyancy_pwm=0 mask_valid=1 mask=0 forward_active=0
[CTRL] depth_valid=1 depth=0.000 vz=0.000 az=0.000 target_valid=0 target=0.000 pid=0.000 pid_base=0.000 buoyancy_pwm=0 mask_valid=1 mask=0 forward_active=0
[CTRL] depth_valid=1 depth=0.000 vz=0.000 az=0.000 target_valid=0 target=0.000 pid=0.000 pid_base=0.000 buoyancy_pwm=0 mask_valid=1 mask=0 forward_active=0
$T,0,0,0,,,,1656,543,508,1208,0*78
[CTRL] depth_valid=1 depth=0.000 vz=0.000 az=0.000 target_valid=0 target=0.000 pid=0.000 pid_base=0.000 buoyancy_pwm=0 mask_valid=1 mask=0 forward_active=0
[CTRL] depth_valid=1 depth=0.000 vz=0.000 az=0.000 target_valid=0 target=0.000 pid=0.000 pid_base=0.000 buoyancy_pwm=0 mask_valid=1 mask=0 forward_active=0
[CTRL] depth_valid=1 depth=0.000 vz=-0.000 az=-0.000 target_valid=0 target=0.000 pid=0.000 pid_base=0.000 buoyancy_pwm=0 mask_valid=1 mask=0 forward_active=0
[CTRL] depth_valid=1 depth=-0.000 vz=-0.000 az=-0.000 target_valid=0 target=0.000 pid=0.000 pid_base=0.000 buoyancy_pwm=0 mask_valid=1 mask=0 forward_active=0
$T,0,0,0,,,,1656,543,508,1208,0*78
[CTRL] depth_valid=1 depth=-0.000 vz=-0.000 az=-0.000 target_valid=0 target=0.000 pid=0.000 pid_base=0.000 buoyancy_pwm=0 mask_valid=1 mask=0 forward_active=0
[OK]hb
[CTRL] depth_valid=1 depth=-0.000 vz=-0.000 az=-0.000 target_valid=0 target=0.000 pid=0.000 pid_base=0.000 buoyancy_pwm=0 mask_valid=1 mask=0 forward_active=0
[CTRL] depth_valid=1 depth=-0.000 vz=-0.000 az=-0.000 target_valid=0 target=0.000 pid=0.000 pid_base=0.000 buoyancy_pwm=0 mask_valid=1 mask=0 forward_active=0
[CTRL] depth_valid=1 depth=-0.000 vz=-0.000 az=0.000 target_valid=0 target=0.000 pid=0.000 pid_base=0.000 buoyancy_pwm=0 mask_valid=1 mask=0 forward_active=0
$T,0,0,0,,,,1656,543,508,1208,0*78
[CTRL] depth_valid=1 depth=0.000 vz=0.000 az=0.000 target_valid=0 target=0.000 pid=0.000 pid_base=0.000 buoyancy_pwm=0 mask_valid=1 mask=0 forward_active=0
[CTRL] depth_valid=1 depth=0.000 vz=0.000 az=0.000 target_valid=0 target=0.000 pid=0.000 pid_base=0.000 buoyancy_pwm=0 mask_valid=1 mask=0 forward_active=0
[CTRL] depth_valid=1 depth=0.000 vz=0.000 az=0.000 target_valid=0 target=0.000 pid=0.000 pid_base=0.000 buoyancy_pwm=0 mask_valid=1 mask=0 forward_active=0
[CTRL] depth_valid=1 depth=1.527 vz=-2.711 az=-5.292 target_valid=0 target=0.000 pid=0.000 pid_base=0.000 buoyancy_pwm=0 mask_valid=1 mask=0 forward_active=0
$T,15,-27,-52,,,,1657,543,509,1201,0*47
[CTRL] depth_valid=1 depth=-0.022 vz=-5.410 az=-6.352 target_valid=0 target=0.000 pid=0.000 pid_base=0.000 buoyancy_pwm=0 mask_valid=1 mask=0 forward_active=0
[CTRL] depth_valid=1 depth=-0.506 vz=-3.928 az=-3.046 target_valid=0 target=0.000 pid=0.000 pid_base=0.000 buoyancy_pwm=0 mask_valid=1 mask=0 forward_active=0
[CTRL] depth_valid=1 depth=-0.356 vz=-1.462 az=0.045 target_valid=0 target=0.000 pid=0.000 pid_base=0.000 buoyancy_pwm=0 mask_valid=1 mask=0 forward_active=0
[OK]hb
[CTRL] depth_valid=1 depth=-0.111 vz=0.091 az=1.359 target_valid=0 target=0.000 pid=0.000 pid_base=0.000 buoyancy_pwm=0 mask_valid=1 mask=0 forward_active=0
$T,-1,0,13,,,,1657,543,509,1205,0*6B
[CTRL] depth_valid=1 depth=-0.030 vz=0.448 az=1.440 target_valid=0 target=0.000 pid=0.000 pid_base=0.000 buoyancy_pwm=0 mask_valid=1 mask=0 forward_active=0
[CTRL] depth_valid=1 depth=0.058 vz=0.638 az=1.152 target_valid=0 target=0.000 pid=0.000 pid_base=0.000 buoyancy_pwm=0 mask_valid=1 mask=0 forward_active=0
[CTRL] depth_valid=1 depth=0.072 vz=0.471 az=0.648 target_valid=0 target=0.000 pid=0.000 pid_base=0.000 buoyancy_pwm=0 mask_valid=1 mask=0 forward_active=0
[CTRL] depth_valid=1 depth=0.049 vz=0.231 az=0.239 target_valid=0 target=0.000 pid=0.000 pid_base=0.000 buoyancy_pwm=0 mask_valid=1 mask=0 forward_active=0
$T,0,1,1,,,,1657,543,509,1203,0*73
[CTRL] depth_valid=1 depth=0.018 vz=0.043 az=-0.001 target_valid=0 target=0.000 pid=0.000 pid_base=0.000 buoyancy_pwm=0 mask_valid=1 mask=0 forward_active=0
[CTRL] depth_valid=1 depth=0.003 vz=-0.017 az=-0.053 target_valid=0 target=0.000 pid=0.000 pid_base=0.000 buoyancy_pwm=0 mask_valid=1 mask=0 forward_active=0
[CTRL] depth_valid=1 depth=-0.002 vz=-0.028 az=-0.045 target_valid=0 target=0.000 pid=0.000 pid_base=0.000 buoyancy_pwm=0 mask_valid=1 mask=0 forward_active=0
[CTRL] depth_valid=1 depth=-0.003 vz=-0.019 az=-0.023 target_valid=0 target=0.000 pid=0.000 pid_base=0.000 buoyancy_pwm=0 mask_valid=1 mask=0 forward_active=0
$T,0,0,0,,,,1657,543,509,1206,0*76
[CTRL] depth_valid=1 depth=-0.002 vz=-0.008 az=-0.007 target_valid=0 target=0.000 pid=0.000 pid_base=0.000 buoyancy_pwm=0 mask_valid=1 mask=0 forward_active=0
[OK]hb
[CTRL] depth_valid=1 depth=-0.001 vz=-0.002 az=0.001 target_valid=0 target=0.000 pid=0.000 pid_base=0.000 buoyancy_pwm=0 mask_valid=1 mask=0 forward_active=0
[CTRL] depth_valid=1 depth=-0.000 vz=0.001 az=0.003 target_valid=0 target=0.000 pid=0.000 pid_base=0.000 buoyancy_pwm=0 mask_valid=1 mask=0 forward_active=0
[CTRL] depth_valid=1 depth=0.000 vz=0.002 az=0.003 target_valid=0 target=0.000 pid=0.000 pid_base=0.000 buoyancy_pwm=0 mask_valid=1 mask=0 forward_active=0
$T,0,0,0,,,,1657,543,509,1208,0*78
[CTRL] depth_valid=1 depth=0.000 vz=0.001 az=0.001 target_valid=0 target=0.000 pid=0.000 pid_base=0.000 buoyancy_pwm=0 mask_valid=1 mask=0 forward_active=0
[CTRL] depth_valid=1 depth=0.000 vz=0.000 az=0.000 target_valid=0 target=0.000 pid=0.000 pid_base=0.000 buoyancy_pwm=0 mask_valid=1 mask=0 forward_active=0
[CTRL] depth_valid=1 depth=0.000 vz=0.000 az=-0.000 target_valid=0 target=0.000 pid=0.000 pid_base=0.000 buoyancy_pwm=0 mask_valid=1 mask=0 forward_active=0
[CTRL] depth_valid=1 depth=0.000 vz=-0.000 az=-0.000 target_valid=0 target=0.000 pid=0.000 pid_base=0.000 buoyancy_pwm=0 mask_valid=1 mask=0 forward_active=0
$T,0,0,0,,,,1659,545,511,1208,0*79
[CTRL] depth_valid=1 depth=0.014 vz=0.028 az=0.023 target_valid=0 target=0.000 pid=0.000 pid_base=0.000 buoyancy_pwm=0 mask_valid=1 mask=0 forward_active=0
[CTRL] depth_valid=1 depth=0.488 vz=0.734 az=0.437 target_valid=0 target=0.000 pid=0.000 pid_base=0.000 buoyancy_pwm=0 mask_valid=1 mask=0 forward_active=0
[CTRL] depth_valid=1 depth=0.378 vz=0.034 az=-0.342 target_valid=0 target=0.000 pid=0.000 pid_base=0.000 buoyancy_pwm=0 mask_valid=1 mask=0 forward_active=0
[OK]hb
[CTRL] depth_valid=1 depth=0.597 vz=0.376 az=0.065 target_valid=0 target=0.000 pid=0.000 pid_base=0.000 buoyancy_pwm=0 mask_valid=1 mask=0 forward_active=0
$T,5,3,0,,,,1655,543,508,1208,0*7D
[CTRL] depth_valid=1 depth=0.595 vz=0.113 az=-0.183 target_valid=0 target=0.000 pid=0.000 pid_base=0.000 buoyancy_pwm=0 mask_valid=1 mask=0 forward_active=0
[CTRL] depth_valid=1 depth=0.696 vz=0.174 az=-0.087 target_valid=0 target=0.000 pid=0.000 pid_base=0.000 buoyancy_pwm=0 mask_valid=1 mask=0 forward_active=0
[CTRL] depth_valid=1 depth=0.653 vz=-0.052 az=-0.249 target_valid=0 target=0.000 pid=0.000 pid_base=0.000 buoyancy_pwm=0 mask_valid=1 mask=0 forward_active=0
[CTRL] depth_valid=1 depth=0.657 vz=-0.056 az=-0.168 target_valid=0 target=0.000 pid=0.000 pid_base=0.000 buoyancy_pwm=0 mask_valid=1 mask=0 forward_active=0
$T,6,0,-1,,,,1657,544,509,1205,0*58
[CTRL] depth_valid=1 depth=0.645 vz=-0.085 az=-0.155 target_valid=0 target=0.000 pid=0.000 pid_base=0.000 buoyancy_pwm=0 mask_valid=1 mask=0 forward_active=0
[CTRL] depth_valid=1 depth=0.622 vz=-0.102 az=-0.119 target_valid=0 target=0.000 pid=0.000 pid_base=0.000 buoyancy_pwm=0 mask_valid=1 mask=0 forward_active=0
[CTRL] depth_valid=1 depth=0.624 vz=-0.050 az=-0.036 target_valid=0 target=0.000 pid=0.000 pid_base=0.000 buoyancy_pwm=0 mask_valid=1 mask=0 forward_active=0
[CTRL] depth_valid=1 depth=0.639 vz=0.000 az=0.013 target_valid=0 target=0.000 pid=0.000 pid_base=0.000 buoyancy_pwm=0 mask_valid=1 mask=0 forward_active=0
$T,6,0,0,,,,1657,544,509,1206,0*77
[CTRL] depth_valid=1 depth=0.652 vz=0.030 az=0.035 target_valid=0 target=0.000 pid=0.000 pid_base=0.000 buoyancy_pwm=0 mask_valid=1 mask=0 forward_active=0
[OK]hb
[CTRL] depth_valid=1 depth=0.639 vz=0.001 az=0.009 target_valid=0 target=0.000 pid=0.000 pid_base=0.000 buoyancy_pwm=0 mask_valid=1 mask=0 forward_active=0
[CTRL] depth_valid=1 depth=0.622 vz=-0.040 az=-0.036 target_valid=0 target=0.000 pid=0.000 pid_base=0.000 buoyancy_pwm=0 mask_valid=1 mask=0 forward_active=0
[CTRL] depth_valid=1 depth=0.662 vz=0.061 az=0.062 target_valid=0 target=0.000 pid=0.000 pid_base=0.000 buoyancy_pwm=0 mask_valid=1 mask=0 forward_active=0
$T,6,0,0,,,,1657,544,509,1206,0*77
[CTRL] depth_valid=1 depth=0.636 vz=-0.018 az=-0.025 target_valid=0 target=0.000 pid=0.000 pid_base=0.000 buoyancy_pwm=0 mask_valid=1 mask=0 forward_active=0
[CTRL] depth_valid=1 depth=0.619 vz=-0.048 az=-0.046 target_valid=0 target=0.000 pid=0.000 pid_base=0.000 buoyancy_pwm=0 mask_valid=1 mask=0 forward_active=0
[CTRL] depth_valid=1 depth=0.609 vz=-0.063 az=-0.060 target_valid=0 target=0.000 pid=0.000 pid_base=0.000 buoyancy_pwm=0 mask_valid=1 mask=0 forward_active=0
[CTRL] depth_valid=1 depth=0.602 vz=-0.043 az=-0.023 target_valid=0 target=0.000 pid=0.000 pid_base=0.000 buoyancy_pwm=0 mask_valid=1 mask=0 forward_active=0
$T,6,0,0,,,,1657,544,509,1202,0*73
[CTRL] depth_valid=1 depth=0.621 vz=0.019 az=0.035 target_valid=0 target=0.000 pid=0.000 pid_base=0.000 buoyancy_pwm=0 mask_valid=1 mask=0 forward_active=0
[CTRL] depth_valid=1 depth=0.626 vz=0.019 az=0.021 target_valid=0 target=0.000 pid=0.000 pid_base=0.000 buoyancy_pwm=0 mask_valid=1 mask=0 forward_active=0
[CTRL] depth_valid=1 depth=0.623 vz=-0.004 az=-0.012 target_valid=0 target=0.000 pid=0.000 pid_base=0.000 buoyancy_pwm=0 mask_valid=1 mask=0 forward_active=0
[OK]hb
[CTRL] depth_valid=1 depth=0.614 vz=-0.025 az=-0.029 target_valid=0 target=0.000 pid=0.000 pid_base=0.000 buoyancy_pwm=0 mask_valid=1 mask=0 forward_active=0
$T,6,0,0,,,,1657,544,509,1206,0*77
[CTRL] depth_valid=1 depth=0.614 vz=-0.018 az=-0.017 target_valid=0 target=0.000 pid=0.000 pid_base=0.000 buoyancy_pwm=0 mask_valid=1 mask=0 forward_active=0
[CTRL] depth_valid=1 depth=0.606 vz=-0.025 az=-0.019 target_valid=0 target=0.000 pid=0.000 pid_base=0.000 buoyancy_pwm=0 mask_valid=1 mask=0 forward_active=0
[CTRL] depth_valid=1 depth=0.609 vz=-0.014 az=-0.010 target_valid=0 target=0.000 pid=0.000 pid_base=0.000 buoyancy_pwm=0 mask_valid=1 mask=0 forward_active=0
[CTRL] depth_valid=1 depth=0.623 vz=0.018 az=0.016 target_valid=0 target=0.000 pid=0.000 pid_base=0.000 buoyancy_pwm=0 mask_valid=1 mask=0 forward_active=0
$T,6,0,0,,,,1657,544,509,1208,0*79
[CTRL] depth_valid=1 depth=0.596 vz=-0.047 az=-0.046 target_valid=0 target=0.000 pid=0.000 pid_base=0.000 buoyancy_pwm=0 mask_valid=1 mask=0 forward_active=0
[CTRL] depth_valid=1 depth=0.617 vz=0.015 az=0.018 target_valid=0 target=0.000 pid=0.000 pid_base=0.000 buoyancy_pwm=0 mask_valid=1 mask=0 forward_active=0
[CTRL] depth_valid=1 depth=0.620 vz=-0.003 az=-0.016 target_valid=0 target=0.000 pid=0.000 pid_base=0.000 buoyancy_pwm=0 mask_valid=1 mask=0 forward_active=0
[CTRL] depth_valid=1 depth=0.627 vz=0.010 az=-0.001 target_valid=0 target=0.000 pid=0.000 pid_base=0.000 buoyancy_pwm=0 mask_valid=1 mask=0 forward_active=0
$T,6,0,0,,,,1657,544,509,1205,0*74
[CTRL] depth_valid=1 depth=0.625 vz=-0.004 az=-0.017 target_valid=0 target=0.000 pid=0.000 pid_base=0.000 buoyancy_pwm=0 mask_valid=1 mask=0 forward_active=0
[OK]hb
[CTRL] depth_valid=1 depth=0.636 vz=0.010 az=-0.005 target_valid=0 target=0.000 pid=0.000 pid_base=0.000 buoyancy_pwm=0 mask_valid=1 mask=0 forward_active=0
[CTRL] depth_valid=1 depth=0.620 vz=-0.043 az=-0.058 target_valid=0 target=0.000 pid=0.000 pid_base=0.000 buoyancy_pwm=0 mask_valid=1 mask=0 forward_active=0
[CTRL] depth_valid=1 depth=0.605 vz=-0.050 az=-0.043 target_valid=0 target=0.000 pid=0.000 pid_base=0.000 buoyancy_pwm=0 mask_valid=1 mask=0 forward_active=0
$T,6,0,0,,,,1657,544,509,1202,0*73
[CTRL] depth_valid=1 depth=0.592 vz=-0.058 az=-0.044 target_valid=0 target=0.000 pid=0.000 pid_base=0.000 buoyancy_pwm=0 mask_valid=1 mask=0 forward_active=0
[CTRL] depth_valid=1 depth=0.612 vz=0.000 az=0.009 target_valid=0 target=0.000 pid=0.000 pid_base=0.000 buoyancy_pwm=0 mask_valid=1 mask=0 forward_active=0
[CTRL] depth_valid=1 depth=0.600 vz=-0.022 az=-0.014 target_valid=0 target=0.000 pid=0.000 pid_base=0.000 buoyancy_pwm=0 mask_valid=1 mask=0 forward_active=0
[CTRL] depth_valid=1 depth=0.615 vz=0.010 az=0.009 target_valid=0 target=0.000 pid=0.000 pid_base=0.000 buoyancy_pwm=0 mask_valid=1 mask=0 forward_active=0
$T,4,-3,-3,,,,1657,544,509,1204,0*77
[CTRL] depth_valid=1 depth=0.603 vz=0.114 az=0.163 target_valid=0 target=0.000 pid=0.000 pid_base=0.000 buoyancy_pwm=0 mask_valid=1 mask=0 forward_active=0
[CTRL] depth_valid=1 depth=0.625 vz=0.099 az=0.088 target_valid=0 target=0.000 pid=0.000 pid_base=0.000 buoyancy_pwm=0 mask_valid=1 mask=0 forward_active=0
[CTRL] depth_valid=1 depth=0.649 vz=0.077 az=0.024 target_valid=0 target=0.000 pid=0.000 pid_base=0.000 buoyancy_pwm=0 mask_valid=1 mask=0 forward_active=0
[OK]hb
[CTRL] depth_valid=1 depth=0.625 vz=-0.024 az=-0.073 target_valid=0 target=0.000 pid=0.000 pid_base=0.000 buoyancy_pwm=0 mask_valid=1 mask=0 forward_active=0
$T,6,0,0,,,,1657,544,509,1202,0*73
[CTRL] depth_valid=1 depth=0.610 vz=-0.059 az=-0.085 target_valid=0 target=0.000 pid=0.000 pid_base=0.000 buoyancy_pwm=0 mask_valid=1 mask=0 forward_active=0
[CTRL] depth_valid=1 depth=0.570 vz=-0.118 az=-0.112 target_valid=0 target=0.000 pid=0.000 pid_base=0.000 buoyancy_pwm=0 mask_valid=1 mask=0 forward_active=0
[CTRL] depth_valid=1 depth=0.603 vz=0.005 az=0.026 target_valid=0 target=0.000 pid=0.000 pid_base=0.000 buoyancy_pwm=0 mask_valid=1 mask=0 forward_active=0
[CTRL] depth_valid=1 depth=0.620 vz=0.029 az=0.029 target_valid=0 target=0.000 pid=0.000 pid_base=0.000 buoyancy_pwm=0 mask_valid=1 mask=0 forward_active=0
$T,6,0,0,,,,1657,544,509,1203,0*72
[CTRL] depth_valid=1 depth=0.631 vz=0.045 az=0.038 target_valid=0 target=0.000 pid=0.000 pid_base=0.000 buoyancy_pwm=0 mask_valid=1 mask=0 forward_active=0
[CTRL] depth_valid=1 depth=0.610 vz=-0.025 az=-0.040 target_valid=0 target=0.000 pid=0.000 pid_base=0.000 buoyancy_pwm=0 mask_valid=1 mask=0 forward_active=0
[CTRL] depth_valid=1 depth=0.603 vz=-0.034 az=-0.037 target_valid=0 target=0.000 pid=0.000 pid_base=0.000 buoyancy_pwm=0 mask_valid=1 mask=0 forward_active=0
[CTRL] depth_valid=1 depth=0.595 vz=-0.052 az=-0.057 target_valid=0 target=0.000 pid=0.000 pid_base=0.000 buoyancy_pwm=0 mask_valid=1 mask=0 forward_active=0
$T,5,0,0,,,,1657,544,509,1204,0*76
[CTRL] depth_valid=1 depth=0.616 vz=0.011 az=0.012 target_valid=0 target=0.000 pid=0.000 pid_base=0.000 buoyancy_pwm=0 mask_valid=1 mask=0 forward_active=0
[OK]hb
[CTRL] depth_valid=1 depth=0.634 vz=0.029 az=0.013 target_valid=0 target=0.000 pid=0.000 pid_base=0.000 buoyancy_pwm=0 mask_valid=1 mask=0 forward_active=0
[CTRL] depth_valid=1 depth=0.607 vz=-0.039 az=-0.047 target_valid=0 target=0.000 pid=0.000 pid_base=0.000 buoyancy_pwm=0 mask_valid=1 mask=0 forward_active=0
[CTRL] depth_valid=1 depth=0.616 vz=-0.010 az=-0.012 target_valid=0 target=0.000 pid=0.000 pid_base=0.000 buoyancy_pwm=0 mask_valid=1 mask=0 forward_active=0
$T,6,0,0,,,,1657,544,509,1202,0*73
[CTRL] depth_valid=1 depth=0.614 vz=-0.026 az=-0.032 target_valid=0 target=0.000 pid=0.000 pid_base=0.000 buoyancy_pwm=0 mask_valid=1 mask=0 forward_active=0
[CTRL] depth_valid=1 depth=0.593 vz=-0.064 az=-0.063 target_valid=0 target=0.000 pid=0.000 pid_base=0.000 buoyancy_pwm=0 mask_valid=1 mask=0 forward_active=0
[CTRL] depth_valid=1 depth=0.641 vz=0.068 az=0.073 target_valid=0 target=0.000 pid=0.000 pid_base=0.000 buoyancy_pwm=0 mask_valid=1 mask=0 forward_active=0
[CTRL] depth_valid=1 depth=0.623 vz=-0.006 az=-0.017 target_valid=0 target=0.000 pid=0.000 pid_base=0.000 buoyancy_pwm=0 mask_valid=1 mask=0 forward_active=0
$T,6,0,0,,,,1657,544,509,1201,0*70
[CTRL] depth_valid=1 depth=0.617 vz=-0.031 az=-0.044 target_valid=0 target=0.000 pid=0.000 pid_base=0.000 buoyancy_pwm=0 mask_valid=1 mask=0 forward_active=0
[CTRL] depth_valid=1 depth=0.614 vz=-0.029 az=-0.033 target_valid=0 target=0.000 pid=0.000 pid_base=0.000 buoyancy_pwm=0 mask_valid=1 mask=0 forward_active=0
[CTRL] depth_valid=1 depth=0.607 vz=-0.030 az=-0.023 target_valid=0 target=0.000 pid=0.000 pid_base=0.000 buoyancy_pwm=0 mask_valid=1 mask=0 forward_active=0
[OK]hb
[CTRL] depth_valid=1 depth=0.614 vz=-0.003 az=0.003 target_valid=0 target=0.000 pid=0.000 pid_base=0.000 buoyancy_pwm=0 mask_valid=1 mask=0 forward_active=0
$T,6,0,0,,,,1657,544,509,1203,0*72
[CTRL] depth_valid=1 depth=0.653 vz=0.080 az=0.074 target_valid=0 target=0.000 pid=0.000 pid_base=0.000 buoyancy_pwm=0 mask_valid=1 mask=0 forward_active=0
[CTRL] depth_valid=1 depth=0.602 vz=-0.061 az=-0.070 target_valid=0 target=0.000 pid=0.000 pid_base=0.000 buoyancy_pwm=0 mask_valid=1 mask=0 forward_active=0
[CTRL] depth_valid=1 depth=0.564 vz=-0.109 az=-0.088 target_valid=0 target=0.000 pid=0.000 pid_base=0.000 buoyancy_pwm=0 mask_valid=1 mask=0 forward_active=0
[CTRL] depth_valid=1 depth=0.614 vz=0.044 az=0.066 target_valid=0 target=0.000 pid=0.000 pid_base=0.000 buoyancy_pwm=0 mask_valid=1 mask=0 forward_active=0
$T,6,0,0,,,,1657,544,509,1203,0*72
[CTRL] depth_valid=1 depth=0.657 vz=0.136 az=0.141 target_valid=0 target=0.000 pid=0.000 pid_base=0.000 buoyancy_pwm=0 mask_valid=1 mask=0 forward_active=0
[CTRL] depth_valid=1 depth=0.627 vz=0.020 az=0.002 target_valid=0 target=0.000 pid=0.000 pid_base=0.000 buoyancy_pwm=0 mask_valid=1 mask=0 forward_active=0
[CTRL] depth_valid=1 depth=0.593 vz=-0.069 az=-0.081 target_valid=0 target=0.000 pid=0.000 pid_base=0.000 buoyancy_pwm=0 mask_valid=1 mask=0 forward_active=0
[CTRL] depth_valid=1 depth=0.633 vz=0.036 az=0.029 target_valid=0 target=0.000 pid=0.000 pid_base=0.000 buoyancy_pwm=0 mask_valid=1 mask=0 forward_active=0
$T,6,0,0,,,,1658,544,510,1203,0*75
[CTRL] depth_valid=1 depth=0.638 vz=0.025 az=0.010 target_valid=0 target=0.000 pid=0.000 pid_base=0.000 buoyancy_pwm=0 mask_valid=1 mask=0 forward_active=0
[OK]hb
[CTRL] depth_valid=1 depth=0.604 vz=-0.059 az=-0.068 target_valid=0 target=0.000 pid=0.000 pid_base=0.000 buoyancy_pwm=0 mask_valid=1 mask=0 forward_active=0
[CTRL] depth_valid=1 depth=0.568 vz=-0.098 az=-0.075 target_valid=0 target=0.000 pid=0.000 pid_base=0.000 buoyancy_pwm=0 mask_valid=1 mask=0 forward_active=0
[CTRL] depth_valid=1 depth=0.580 vz=-0.030 az=-0.001 target_valid=0 target=0.000 pid=0.000 pid_base=0.000 buoyancy_pwm=0 mask_valid=1 mask=0 forward_active=0
$T,5,0,0,,,,1658,547,507,1201,0*71
[CTRL] depth_valid=1 depth=0.598 vz=0.026 az=0.047 target_valid=0 target=0.000 pid=0.000 pid_base=0.000 buoyancy_pwm=0 mask_valid=1 mask=0 forward_active=0
