[CTRL] depth_valid=1 depth=0.000 vz=-0.000 az=-0.000 target_valid=0 target=0.000 pid=0.000 pid_base=0.000 buoyancy_pwm=0 mask_valid=1 mask=0 forward_active=0
$T,0,0,0,,,,1658,545,990,1192,0*7D
[CTRL] depth_valid=1 depth=0.000 vz=-0.000 az=-0.000 target_valid=0 target=0.000 pid=0.000 pid_base=0.000 buoyancy_pwm=0 mask_valid=1 mask=0 forward_active=0
[CTRL] depth_valid=1 depth=0.000 vz=-0.000 az=-0.000 target_valid=0 target=0.000 pid=0.000 pid_base=0.000 buoyancy_pwm=0 mask_valid=1 mask=0 forward_active=0
[CTRL] depth_valid=1 depth=0.000 vz=-0.000 az=-0.000 target_valid=0 target=0.000 pid=0.000 pid_base=0.000 buoyancy_pwm=0 mask_valid=1 mask=0 forward_active=0
[CTRL] depth_valid=1 depth=0.000 vz=-0.000 az=-0.000 target_valid=0 target=0.000 pid=0.000 pid_base=0.000 buoyancy_pwm=0 mask_valid=1 mask=0 forward_active=0
$T,0,0,0,,,,1658,545,990,1192,0*7D
[CTRL] depth_valid=1 depth=0.000 vz=-0.000 az=-0.000 target_valid=0 target=0.000 pid=0.000 pid_base=0.000 buoyancy_pwm=0 mask_valid=1 mask=0 forward_active=0
[CTRL] depth_valid=1 depth=0.000 vz=-0.000 az=-0.000 target_valid=0 target=0.000 pid=0.000 pid_base=0.000 buoyancy_pwm=0 mask_valid=1 mask=0 forward_active=0
[CTRL] depth_valid=1 depth=0.000 vz=-0.000 az=-0.000 target_valid=0 target=0.000 pid=0.000 pid_base=0.000 buoyancy_pwm=0 mask_valid=1 mask=0 forward_active=0
[CTRL] depth_valid=1 depth=0.000 vz=-0.000 az=-0.000 target_valid=0 target=0.000 pid=0.000 pid_base=0.000 buoyancy_pwm=0 mask_valid=1 mask=0 forward_active=0
$T,0,0,0,,,,1658,545,990,1193,0*7C
[CTRL] depth_valid=1 depth=0.000 vz=-0.000 az=-0.000 target_valid=0 target=0.000 pid=0.000 pid_base=0.000 buoyancy_pwm=0 mask_valid=1 mask=0 forward_active=0
[CTRL] depth_valid=1 depth=0.000 vz=-0.000 az=-0.000 target_valid=0 target=0.000 pid=0.000 pid_base=0.000 buoyancy_pwm=0 mask_valid=1 mask=0 forward_active=0
[OK]hb
[CTRL] depth_valid=1 depth=0.000 vz=-0.000 az=-0.000 target_valid=0 target=0.000 pid=0.000 pid_base=0.000 buoyancy_pwm=0 mask_valid=1 mask=0 forward_active=0
[CTRL] depth_valid=1 depth=0.000 vz=-0.000 az=-0.000 target_valid=0 target=0.000 pid=0.000 pid_base=0.000 buoyancy_pwm=0 mask_valid=1 mask=0 forward_active=0
$T,0,0,0,,,,1658,545,990,1193,0*7C
[CTRL] depth_valid=1 depth=0.000 vz=-0.000 az=-0.000 target_valid=0 target=0.000 pid=0.000 pid_base=0.000 buoyancy_pwm=0 mask_valid=1 mask=0 forward_active=0
[CTRL] depth_valid=1 depth=0.000 vz=-0.000 az=-0.000 target_valid=0 target=0.000 pid=0.000 pid_base=0.000 buoyancy_pwm=0 mask_valid=1 mask=0 forward_active=0
[CTRL] depth_valid=1 depth=0.000 vz=-0.000 az=-0.000 target_valid=0 target=0.000 pid=0.000 pid_base=0.000 buoyancy_pwm=0 mask_valid=1 mask=0 forward_active=0
[CTRL] depth_valid=1 depth=0.000 vz=-0.000 az=-0.000 target_valid=0 target=0.000 pid=0.000 pid_base=0.000 buoyancy_pwm=0 mask_valid=1 mask=0 forward_active=0
$T,0,0,0,,,,1658,545,990,1191,0*7E
[CTRL] depth_valid=1 depth=0.000 vz=-0.000 az=-0.000 target_valid=0 target=0.000 pid=0.000 pid_base=0.000 buoyancy_pwm=0 mask_valid=1 mask=0 forward_active=0
[CTRL] depth_valid=1 depth=0.000 vz=-0.000 az=-0.000 target_valid=0 target=0.000 pid=0.000 pid_base=0.000 buoyancy_pwm=0 mask_valid=1 mask=0 forward_active=0
[CTRL] depth_valid=1 depth=0.000 vz=-0.000 az=-0.000 target_valid=0 target=0.000 pid=0.000 pid_base=0.000 buoyancy_pwm=0 mask_valid=1 mask=0 forward_active=0
[CTRL] depth_valid=1 depth=0.000 vz=-0.000 az=-0.000 target_valid=0 target=0.000 pid=0.000 pid_base=0.000 buoyancy_pwm=0 mask_valid=1 mask=0 forward_active=0
$T,0,0,0,,,,1658,545,990,1193,0*7C
[OK]hb
[CTRL] depth_valid=1 depth=0.000 vz=-0.000 az=-0.000 target_valid=0 target=0.000 pid=0.000 pid_base=0.000 buoyancy_pwm=0 mask_valid=1 mask=0 forward_active=0
[CTRL] depth_valid=1 depth=0.000 vz=-0.000 az=-0.000 target_valid=0 target=0.000 pid=0.000 pid_base=0.000 buoyancy_pwm=0 mask_valid=1 mask=0 forward_active=0
[CTRL] depth_valid=1 depth=0.000 vz=-0.000 az=-0.000 target_valid=0 target=0.000 pid=0.000 pid_base=0.000 buoyancy_pwm=0 mask_valid=1 mask=0 forward_active=0
Forward started.
[OK]w#38[ACK] w#38

[CTRL] depth_valid=1 depth=0.000 vz=-0.000 az=-0.000 target_valid=0 target=0.000 pid=0.000 pid_base=0.000 buoyancy_pwm=0 mask_valid=1 mask=0 forward_active=1
$T,0,0,0,,,,1658,545,994,1193,0*78
<- Minima: FWD 
[CTRL] depth_valid=1 depth=0.000 vz=-0.000 az=-0.000 target_valid=0 target=0.000 pid=0.000 pid_base=0.000 buoyancy_pwm=0 mask_valid=1 mask=6 forward_active=1
[CTRL] depth_valid=1 depth=0.000 vz=-0.000 az=-0.000 target_valid=0 target=0.000 pid=0.000 pid_base=0.000 buoyancy_pwm=0 mask_valid=1 mask=0 forward_active=1
[CTRL] depth_valid=1 depth=0.000 vz=-0.000 az=-0.000 target_valid=0 target=0.000 pid=0.000 pid_base=0.000 buoyancy_pwm=0 mask_valid=1 mask=0 forward_active=1
[CTRL] depth_valid=1 depth=0.000 vz=-0.000 az=-0.000 target_valid=0 target=0.000 pid=0.000 pid_base=0.000 buoyancy_pwm=0 mask_valid=1 mask=6 forward_active=1
$T,0,0,0,,,,1658,545,1009,1191,1*47
[CTRL] depth_valid=1 depth=0.000 vz=-0.000 az=-0.000 target_valid=0 target=0.000 pid=0.000 pid_base=0.000 buoyancy_pwm=0 mask_valid=1 mask=0 forward_active=1
Forward stop: pressure balance in progress...
[OK]w#39[ACK] w#39

[CTRL] depth_valid=1 depth=0.000 vz=-0.000 az=-0.000 target_valid=0 target=0.000 pid=0.000 pid_base=0.000 buoyancy_pwm=0 mask_valid=1 mask=6 forward_active=0
[OK]hb
[CTRL] depth_valid=1 depth=0.000 vz=-0.000 az=-0.000 target_valid=0 target=0.000 pid=0.000 pid_base=0.000 buoyancy_pwm=0 mask_valid=1 mask=4 forward_active=0
<- Minima: IDLE
[CTRL] depth_valid=1 depth=0.000 vz=-0.000 az=-0.000 target_valid=0 target=0.000 pid=0.000 pid_base=0.000 buoyancy_pwm=0 mask_valid=1 mask=0 forward_active=0
$T,0,0,0,,,,1658,545,1004,1196,0*4C
[CTRL] depth_valid=1 depth=0.000 vz=-0.000 az=-0.000 target_valid=0 target=0.000 pid=0.000 pid_base=0.000 buoyancy_pwm=0 mask_valid=1 mask=0 forward_active=0
[CTRL] depth_valid=1 depth=0.000 vz=-0.000 az=-0.000 target_valid=0 target=0.000 pid=0.000 pid_base=0.000 buoyancy_pwm=0 mask_valid=1 mask=0 forward_active=0
[CTRL] depth_valid=1 depth=0.000 vz=-0.000 az=-0.000 target_valid=0 target=0.000 pid=0.000 pid_base=0.000 buoyancy_pwm=0 mask_valid=1 mask=0 forward_active=0
[CTRL] depth_valid=1 depth=0.000 vz=-0.000 az=-0.000 target_valid=0 target=0.000 pid=0.000 pid_base=0.000 buoyancy_pwm=0 mask_valid=1 mask=0 forward_active=0
$T,0,0,0,,,,1658,545,1003,1193,0*4E
[CTRL] depth_valid=1 depth=0.000 vz=-0.000 az=-0.000 target_valid=0 target=0.000 pid=0.000 pid_base=0.000 buoyancy_pwm=0 mask_valid=1 mask=0 forward_active=0
[CTRL] depth_valid=1 depth=0.00 vz=-0.000 az=-0.000 target_valid=0 target=0.000 pid=0.000 pid_base=0.000 buoyancy_pwm=0 mask_valid=1 mask=0 forward_active=0
[CTRL] depth_valid=1 depth=0.000 vz=-0.000 az=-0.000 target_valid=0 target=0.000 pid=0.000 pid_base=0.000 buoyancy_pwm=0 mask_valid=1 mask=0 forward_active=0
[CTRL] depth_valid=1 depth=0.000 vz=-0.000 az=-0.000 target_valid=0 target=0.000 pid=0.000 pid_base=0.000 buoyancy_pwm=0 mask_valid=1 mask=0 forward_active=0
$T,0,0,0,,,,1658,545,1004,1195,0*4F
[OK]hb
[CTRL] depth_valid=1 depth=0.000 vz=-0.000 az=-0.000 target_valid=0 target=0.000 pid=0.000 pid_base=0.000 buoyancy_pwm=0 mask_valid=1 mask=0 forward_active=0
[CTRL] depth_valid=1 depth=0.000 vz=-0.000 az=-0.000 target_valid=0 target=0.000 pid=0.000 pid_base=0.000 buoyancy_pwm=0 mask_valid=1 mask=0 forward_active=0
[CTRL] depth_valid=1 depth=0.000 vz=-0.000 az=-0.000 target_valid=0 target=0.000 pid=0.000 pid_base=0.000 buoyancy_pwm=0 mask_valid=1 mask=0 forward_active=0
[CTRL] depth_valid=1 depth=0.000 vz=-0.000 az=-0.000 target_valid=0 target=0.000 pid=0.000 pid_base=0.000 buoyancy_pwm=0 mask_valid=1 mask=0 forward_active=0
$T,0,0,0,,,,1658,545,1003,1197,0*4A
[CTRL] depth_valid=1 depth=0.000 vz=-0.000 az=-0.000 target_valid=0 target=0.000 pid=0.000 pid_base=0.000 buoyancy_pwm=0 mask_valid=1 mask=0 forward_active=0
[CTRL] depth_valid=1 depth=0.000 vz=-0.000 az=-0.000 target_valid=0 target=0.000 pid=0.000 pid_base=0.000 buoyancy_pwm=0 mask_valid=1 mask=0 forward_active=0
[CTRL] depth_valid=1 depth=0.000 vz=-0.000 az=-0.000 target_valid=0 target=0.000 pid=0.000 pid_base=0.000 buoyancy_pwm=0 mask_valid=1 mask=0 forward_active=0
[CTRL] depth_valid=1 depth=0.000 vz=-0.000 az=-0.000 target_valid=0 target=0.000 pid=0.000 pid_base=0.000 buoyancy_pwm=0 mask_valid=1 mask=0 forward_active=0
$T,0,0,0,,,,1658,545,1003,1202,0*45
[CTRL] depth_valid=1 depth=0.000 vz=-0.000 az=-0.000 target_valid=0 target=0.000 pid=0.000 pid_base=0.000 buoyancy_pwm=0 mask_valid=1 mask=0 forward_active=0
[CTRL] depth_valid=1 depth=0.000 vz=-0.000 az=-0.000 target_valid=0 target=0.000 pid=0.000 pid_base=0.000 buoyancy_pwm=0 mask_valid=1 mask=0 forward_active=0
[OK]hb
[CTRL] depth_valid=1 depth=0.000 vz=-0.000 az=-0.000 target_valid=0 target=0.000 pid=0.000 pid_base=0.000 buoyancy_pwm=0 mask_valid=1 mask=0 forward_active=0
[CTRL] depth_valid=1 depth=0.000 vz=-0.000 az=-0.000 target_valid=0 target=0.000 pid=0.000 pid_base=0.000 buoyancy_pwm=0 mask_valid=1 mask=0 forward_active=0
$T,0,0,0,,,,1658,545,1004,1202,0*42
[CTRL] depth_valid=1 depth=0.000 vz=-0.000 az=-0.000 target_valid=0 target=0.000 pid=0.000 pid_base=0.000 buoyancy_pwm=0 mask_valid=1 mask=0 forward_active=0
[CTRL] depth_valid=1 depth=0.000 vz=-0.000 az=-0.000 target_valid=0 target=0.000 pid=0.000 pid_base=0.000 buoyancy_pwm=0 mask_valid=1 mask=0 forward_active=0
[CTRL] depth_valid=1 depth=0.000 vz=-0.000 az=-0.000 target_valid=0 target=0.000 pid=0.000 pid_base=0.000 buoyancy_pwm=0 mask_valid=1 mask=0 forward_active=0
[CTRL] depth_valid=1 depth=0.000 vz=-0.000 az=-0.000 target_valid=0 target=0.000 pid=0.000 pid_base=0.000 buoyancy_pwm=0 mask_valid=1 mask=0 forward_active=0
$T,0,0,0,,,,1658,545,1003,1201,0*46
[CTRL] depth_valid=1 depth=0.000 vz=-0.000 az=-0.000 target_valid=0 target=0.000 pid=0.000 pid_base=0.000 buoyancy_pwm=0 mask_valid=1 mask=0 forward_active=0
[CTRL] depth_valid=1 depth=0.000 vz=-0.000 az=-0.000 target_valid=0 target=0.000 pid=0.000 pid_base=0.000 buoyancy_pwm=0 mask_valid=1 mask=0 forward_active=0
[CTRL] depth_valid=1 depth=0.000 vz=-0.000 az=-0.000 target_valid=0 target=0.000 pid=0.000 pid_base=0.000 buoyancy_pwm=0 mask_valid=1 mask=0 forward_active=0
[CTRL] depth_valid=1 depth=0.000 vz=-0.000 az=-0.000 target_valid=0 target=0.000 pid=0.000 pid_base=0.000 buoyancy_pwm=0 mask_valid=1 mask=0 forward_active=0
$T,0,0,0,,,,1658,545,1003,1198,0*45
[OK]hb
[CTRL] depth_valid=1 depth=0.000 vz=-0.000 az=-0.000 target_valid=0 target=0.000 pid=0.000 pid_base=0.000 buoyancy_pwm=0 mask_valid=1 mask=0 forward_active=0
[CTRL] depth_valid=1 depth=0.000 vz=-0.000 az=-0.000 target_valid=0 target=0.000 pid=0.000 pid_base=0.000 buoyancy_pwm=0 mask_valid=1 mask=0 forward_active=0
[CTRL] depth_valid=1 depth=0.000 vz=-0.000 az=-0.000 target_valid=0 target=0.000 pid=0.000 pid_base=0.000 buoyancy_pwm=0 mask_valid=1 mask=0 forward_active=0
[CTRL] depth_valid=1 depth=0.000 vz=-0.000 az=-0.000 target_valid=0 target=0.000 pid=0.000 pid_base=0.000 buoyancy_pwm=0 mask_valid=1 mask=0 forward_active=0
$T,0,0,0,,,,1658,545,1003,1190,0*4D
[CTRL] depth_valid=1 depth=0.000 vz=-0.000 az=-0.000 target_valid=0 target=0.000 pid=0.000 pid_base=0.000 buoyancy_pwm=0 mask_valid=1 mask=0 forward_active=0
[CTRL] depth_valid=1 depth=0.000 vz=-0.000 az=-0.000 target_valid=0 target=0.000 pid=0.000 pid_base=0.000 buoyancy_pwm=0 mask_valid=1 mask=0 forward_active=0
[CTRL] depth_valid=1 depth=0.000 vz=-0.000 az=-0.000 target_valid=0 target=0.000 pid=0.000 pid_base=0.000 buoyancy_pwm=0 mask_valid=1 mask=0 forward_active=0
[CTRL] depth_valid=1 depth=0.000 vz=-0.000 az=-0.000 target_valid=0 target=0.000 pid=0.000 pid_base=0.000 buoyancy_pwm=0 mask_valid=1 mask=0 forward_active=0
$T,0,0,0,,,,1658,545,1004,1193,0*49
[CTRL] depth_valid=1 depth=0.000 vz=-0.000 az=-0.000 target_valid=0 target=0.000 pid=0.000 pid_base=0.000 buoyancy_pwm=0 mask_valid=1 mask=0 forward_active=0
[CTRL] depth_valid=1 depth=0.000 vz=-0.000 az=-0.000 target_valid=0 target=0.000 pid=0.000 pid_base=0.000 buoyancy_pwm=0 mask_valid=1 mask=0 forward_active=0
[OK]hb
[CTRL] depth_valid=1 depth=0.000 vz=-0.000 az=-0.000 target_valid=0 target=0.000 pid=0.000 pid_base=0.000 buoyancy_pwm=0 mask_valid=1 mask=0 forward_active=0
[CTRL] depth_valid=1 depth=0.000 vz=-0.000 az=-0.000 target_valid=0 target=0.000 pid=0.000 pid_base=0.000 buoyancy_pwm=0 mask_valid=1 mask=0 forward_active=0
$T,0,0,0,,,,1658,545,1004,1194,0*4E
[CTRL] depth_valid=1 depth=0.000 vz=-0.000 az=-0.000 target_valid=0 target=0.000 pid=0.000 pid_base=0.000 buoyancy_pwm=0 mask_valid=1 mask=0 forward_active=0
[CTRL] depth_valid=1 depth=0.000 vz=-0.000 az=-0.000 target_valid=0 target=0.000 pid=0.000 pid_base=0.000 buoyancy_pwm=0 mask_valid=1 mask=0 forward_active=0
[CTRL] depth_valid=1 depth=0.000 vz=-0.000 az=-0.000 target_valid=0 target=0.000 pid=0.000 pid_base=0.000 buoyancy_pwm=0 mask_valid=1 mask=0 forward_active=0
[CTRL] depth_valid=1 depth=0.000 vz=-0.000 az=-0.000 target_valid=0 target=0.000 pid=0.000 pid_base=0.000 buoyancy_pwm=0 mask_valid=1 mask=0 forward_active=0
$T,0,0,0,,,,1658,545,1004,1194,0*4E
[CTRL] depth_valid=1 depth=0.000 vz=-0.000 az=-0.000 target_valid=0 target=0.000 pid=0.000 pid_base=0.000 buoyancy_pwm=0 mask_valid=1 mask=0 forward_active=0
[CTRL] depth_valid=1 depth=0.000 vz=-0.000 az=-0.000 target_valid=0 target=0.000 pid=0.000 pid_base=0.000 buoyancy_pwm=0 mask_valid=1 mask=0 forward_active=0
[CTRL] depth_valid=1 depth=0.000 vz=-0.000 az=-0.000 target_valid=0 target=0.000 pid=0.000 pid_base=0.000 buoyancy_pwm=0 mask_valid=1 mask=0 forward_active=0
[CTRL] depth_valid=1 depth=0.000 vz=-0.000 az=-0.000 target_valid=0 target=0.000 pid=0.000 pid_base=0.000 buoyancy_pwm=0 mask_valid=1 mask=0 forward_active=0
$T,0,0,0,,,,1658,545,1003,1194,0*49
[OK]hb
[CTRL] depth_valid=1 depth=0.000 vz=-0.000 az=-0.000 target_valid=0 target=0.000 pid=0.000 pid_base=0.000 buoyancy_pwm=0 mask_valid=1 mask=0 forward_active=0
[CTRL] depth_valid=1 depth=0.000 vz=-0.000 az=-0.000 target_valid=0 target=0.000 pid=0.000 pid_base=0.000 buoyancy_pwm=0 mask_valid=1 mask=0 forward_active=0
[CTRL] depth_valid=1 depth=0.000 vz=-0.000 az=-0.000 target_valid=0 target=0.000 pid=0.000 pid_base=0.000 buoyancy_pwm=0 mask_valid=1 mask=0 forward_active=0
[CTRL] depth_valid=1 depth=0.000 vz=-0.000 az=-0.000 target_valid=0 target=0.000 pid=0.000 pid_base=0.000 buoyancy_pwm=0 mask_valid=1 mask=0 forward_active=0
$T,0,0,0,,,,1658,545,1003,1194,0*49
[CTRL] depth_valid=1 depth=0.000 vz=-0.000 az=-0.000 target_valid=0 target=0.000 pid=0.000 pid_base=0.000 buoyancy_pwm=0 mask_valid=1 mask=0 forward_active=0
[CTRL] depth_valid=1 depth=0.000 vz=-0.000 az=-0.000 target_valid=0 target=0.000 pid=0.000 pid_base=0.000 buoyancy_pwm=0 mask_valid=1 mask=0 forward_active=0
[CTRL] depth_valid=1 depth=0.000 vz=-0.000 az=-0.000 target_valid=0 target=0.000 pid=0.000 pid_base=0.000 buoyancy_pwm=0 mask_valid=1 mask=0 forward_active=0
[CTRL] depth_valid=1 depth=0.000 vz=-0.000 az=-0.000 target_valid=0 target=0.000 pid=0.000 pid_base=0.000 buoyancy_pwm=0 mask_valid=1 mask=0 forward_active=0
$T,0,0,0,,,,1658,545,1004,1201,0*41
[CTRL] depth_valid=1 depth=0.000 vz=-0.000 az=-0.000 target_valid=0 target=0.000 pid=0.000 pid_base=0.000 buoyancy_pwm=0 mask_valid=1 mask=0 forward_active=0
[CTRL] depth_valid=1 depth=0.000 vz=-0.000 az=-0.000 target_valid=0 target=0.000 pid=0.000 pid_base=0.000 buoyancy_pwm=0 mask_valid=1 mask=0 forward_active=0
[CTRL] depth_valid=1 depth=0.000 vz=-0.000 az=-0.000 target_valid=0 target=0.000 pid=0.000 pid_base=0.000 buoyancy_pwm=0 mask_valid=1 mask=0 forward_active=0
[OK]hb
[CTRL] depth_valid=1 depth=0.000 vz=-0.000 az=-0.000 target_valid=0 target=0.000 pid=0.000 pid_base=0.000 buoyancy_pwm=0 mask_valid=1 mask=0 forward_active=0
$T,0,0,0,,,,1658,545,1003,1201,0*46
[CTRL] depth_valid=1 depth=0.000 vz=-0.000 az=-0.000 target_valid=0 target=0.000 pid=0.000 pid_base=0.000 buoyancy_pwm=0 mask_valid=1 mask=0 forward_active=0
[CTRL] depth_valid=1 depth=0.000 vz=-0.000 az=-0.000 target_valid=0 target=0.000 pid=0.000 pid_base=0.000 buoyancy_pwm=0 mask_valid=1 mask=0 forward_active=0
[CTRL] depth_valid=1 depth=0.000 vz=-0.000 az=-0.000 target_valid=0 target=0.000 pid=0.000 pid_base=0.000 buoyancy_pwm=0 mask_valid=1 mask=0 forward_active=0
[CTRL] depth_valid=1 depth=0.000 vz=-0.000 az=-0.000 target_valid=0 target=0.000 pid=0.000 pid_base=0.000 buoyancy_pwm=0 mask_valid=1 mask=0 forward_active=0
$T,0,0,0,,,,1658,545,1003,1190,0*4D
[CTRL] depth_valid=1 depth=0.000 vz=-0.000 az=-0.000 target_valid=0 target=0.000 pid=0.000 pid_base=0.000 buoyancy_pwm=0 mask_valid=1 mask=0 forward_active=0
[CTRL] depth_valid=1 depth=0.000 vz=-0.000 az=-0.000 target_valid=0 target=0.000 pid=0.000 pid_base=0.000 buoyancy_pwm=0 mask_valid=1 mask=0 forward_active=0
[CTRL] depth_valid=1 depth=0.000 vz=-0.000 az=-0.000 target_valid=0 target=0.000 pid=0.000 pid_base=0.000 buoyancy_pwm=0 mask_valid=1 mask=0 forward_active=0
[CTRL] depth_valid=1 depth=0.000 vz=-0.000 az=-0.000 target_valid=0 target=0.000 pid=0.000 pid_base=0.000 buoyancy_pwm=0 mask_valid=1 mask=0 forward_active=0
$T,0,0,0,,,,1658,545,1003,1201,0*46
[CTRL] depth_valid=1 depth=0.000 vz=-0.000 az=-0.000 target_valid=0 target=0.000 pid=0.000 pid_base=0.000 buoyancy_pwm=0 mask_valid=1 mask=0 forward_active=0
[OK]hb
[CTRL] depth_valid=1 depth=0.000 vz=-0.000 az=-0.000 target_valid=0 target=0.000 pid=0.000 pid_base=0.000 buoyancy_pwm=0 mask_valid=1 mask=0 forward_active=0
[CTRL] depth_valid=1 depth=0.000 vz=-0.000 az=-0.000 target_valid=0 target=0.000 pid=0.000 pid_base=0.000 buoyancy_pwm=0 mask_valid=1 mask=0 forward_active=0
[CTRL] depth_valid=1 depth=0.000 vz=-0.000 az=-0.000 target_valid=0 target=0.000 pid=0.000 pid_base=0.000 buoyancy_pwm=0 mask_valid=1 mask=0 forward_active=0
$T,0,0,0,,,,1658,545,1003,1201,0*46
[CTRL] depth_valid=1 depth=0.000 vz=-0.000 az=-0.000 target_valid=0 target=0.000 pid=0.000 pid_base=0.000 buoyancy_pwm=0 mask_valid=1 mask=0 forward_active=0
[CTRL] depth_valid=1 depth=0.000 vz=-0.000 az=-0.000 target_valid=0 target=0.000 pid=0.000 pid_base=0.000 buoyancy_pwm=0 mask_valid=1 mask=0 forward_active=0
[CTRL] depth_valid=1 depth=0.000 vz=-0.000 az=-0.000 target_valid=0 target=0.000 pid=0.000 pid_base=0.000 buoyancy_pwm=0 mask_valid=1 mask=0 forward_active=0
[CTRL] depth_valid=1 depth=0.000 vz=-0.000 az=-0.000 target_valid=0 target=0.000 pid=0.000 pid_base=0.000 buoyancy_pwm=0 mask_valid=1 mask=0 forward_active=0
$T,0,0,0,,,,1658,545,1004,1197,0*4D
[CTRL] depth_valid=1 depth=0.000 vz=-0.000 az=-0.000 target_valid=0 target=0.000 pid=0.000 pid_base=0.000 buoyancy_pwm=0 mask_valid=1 mask=0 forward_active=0
[CTRL] depth_valid=1 depth=0.000 vz=-0.000 az=-0.000 target_valid=0 target=0.000 pid=0.000 pid_base=0.000 buoyancy_pwm=0 mask_valid=1 mask=0 forward_active=0
[CTRL] depth_valid=1 depth=0.000 vz=-0.000 az=-0.000 target_valid=0 target=0.000 pid=0.000 pid_base=0.000 buoyancy_pwm=0 mask_valid=1 mask=0 forward_active=0
[OK]hb
[CTRL] depth_valid=1 depth=0.000 vz=-0.000 az=-0.000 target_valid=0 target=0.000 pid=0.000 pid_base=0.000 buoyancy_pwm=0 mask_valid=1 mask=0 forward_active=0
$T,0,0,0,,,,1658,565,1027,1195,0*4C
[CTRL] depth_valid=1 depth=0.000 vz=-0.000 az=-0.000 target_valid=0 target=0.000 pid=0.000 pid_base=0.000 buoyancy_pwm=0 mask_valid=1 mask=0 forward_active=0
[CTRL] depth_valid=1 depth=0.000 vz=-0.000 az=-0.000 target_valid=0 target=0.000 pid=0.000 pid_base=0.000 buoyancy_pwm=0 mask_valid=1 mask=0 forward_active=0
[CTRL] depth_valid=1 depth=0.000 vz=-0.000 az=-0.000 target_valid=0 target=0.000 pid=0.000 pid_base=0.000 buoyancy_pwm=0 mask_valid=1 mask=0 forward_active=0
[CTRL] depth_valid=1 depth=0.000 vz=-0.000 az=-0.000 target_valid=0 target=0.000 pid=0.000 pid_base=0.000 buoyancy_pwm=0 mask_valid=1 mask=0 forward_active=0
$T,0,0,0,,,,1451,178,-1673,1201,0*6B
[CTRL] depth_valid=1 depth=0.000 vz=-0.000 az=-0.000 target_valid=0 target=0.000 pid=0.000 pid_base=0.000 buoyancy_pwm=0 mask_valid=1 mask=0 forward_active=0
[CTRL] depth_valid=1 depth=0.000 vz=-0.000 az=-0.000 target_valid=0 target=0.000 pid=0.000 pid_base=0.000 buoyancy_pwm=0 mask_valid=1 mask=0 forward_active=0
[CTRL] depth_valid=1 depth=0.000 vz=-0.000 az=-0.000 target_valid=0 target=0.000 pid=0.000 pid_base=0.000 buoyancy_pwm=0 mask_valid=1 mask=0 forward_active=0
[CTRL] depth_valid=1 depth=0.000 vz=-0.000 az=-0.000 target_valid=0 target=0.000 pid=0.000 pid_base=0.000 buoyancy_pwm=0 mask_valid=1 mask=0 forward_active=0
$T,0,0,0,,,,1460,627,1725,1196,0*46
[CTRL] depth_valid=1 depth=0.000 vz=-0.000 az=-0.000 target_valid=0 target=0.000 pid=0.000 pid_base=0.000 buoyancy_pwm=0 mask_valid=1 mask=0 forward_active=0
[OK]hb
[CTRL] depth_valid=1 depth=0.000 vz=-0.000 az=-0.000 target_valid=0 target=0.000 pid=0.000 pid_base=0.000 buoyancy_pwm=0 mask_valid=1 mask=0 forward_active=0
[CTRL] depth_valid=1 depth=4.738 vz=8.944 az=7.446 target_valid=0 target=0.000 pid=0.000 pid_base=0.000 buoyancy_pwm=0 mask_valid=1 mask=0 forward_active=0
[CTRL] depth_valid=1 depth=9.461 vz=10.513 az=5.074 target_valid=0 target=0.000 pid=0.000 pid_base=0.000 buoyancy_pwm=0 mask_valid=1 mask=0 forward_active=0
$T,97,93,34,,,71,-1772,-713,-1660,1200,0*54
[CTRL] depth_valid=1 depth=10.201 vz=3.123 az=-3.338 target_valid=0 target=0.000 pid=0.000 pid_base=0.000 buoyancy_pwm=0 mask_valid=1 mask=0 forward_active=0
[CTRL] depth_valid=1 depth=9.643 vz=-1.499 az=-5.621 target_valid=0 target=0.000 pid=0.000 pid_base=0.000 buoyancy_pwm=0 mask_valid=1 mask=0 forward_active=0
[CTRL] depth_valid=1 depth=9.612 vz=-1.481 az=-3.163 target_valid=0 target=0.000 pid=0.000 pid_base=0.000 buoyancy_pwm=0 mask_valid=1 mask=0 forward_active=0
[CTRL] depth_valid=1 depth=9.884 vz=-0.391 az=-0.930 target_valid=0 target=0.000 pid=0.000 pid_base=0.000 buoyancy_pwm=0 mask_valid=1 mask=0 forward_active=0
$T,99,-2,-7,,25,74,1449,-839,-1286,1200,0*7D
[CTRL] depth_valid=1 depth=10.262 vz=0.441 az=0.146 target_valid=0 target=0.000 pid=0.000 pid_base=0.000 buoyancy_pwm=0 mask_valid=1 mask=0 forward_active=0
[CTRL] depth_valid=1 depth=11.043 vz=1.568 az=1.046 target_valid=0 target=0.000 pid=0.000 pid_base=0.000 buoyancy_pwm=0 mask_valid=1 mask=0 forward_active=0
[CTRL] depth_valid=1 depth=11.951 vz=1.924 az=0.799 target_valid=0 target=0.000 pid=0.000 pid_base=0.000 buoyancy_pwm=0 mask_valid=1 mask=0 forward_active=0
[OK]hb
[CTRL] depth_valid=1 depth=11.878 vz=0.055 az=-1.180 target_valid=0 target=0.000 pid=0.000 pid_base=0.000 buoyancy_pwm=0 mask_valid=1 mask=0 forward_active=0
$T,117,-2,-13,231,24,70,1032,-770,-875,1200,0*77
[CTRL] depth_valid=1 depth=11.624 vz=-0.699 az=-1.257 target_valid=0 target=0.000 pid=0.000 pid_base=0.000 buoyancy_pwm=0 mask_valid=1 mask=0 forward_active=0
[CTRL] depth_valid=1 depth=11.115 vz=-1.596 az=-1.668 target_valid=0 target=0.000 pid=0.000 pid_base=0.000 buoyancy_pwm=0 mask_valid=1 mask=0 forward_active=0
[CTRL] depth_valid=1 depth=8.431 vz=-5.522 az=-4.189 target_valid=0 target=0.000 pid=0.000 pid_base=0.000 buoyancy_pwm=0 mask_valid=1 mask=0 forward_active=0
[CTRL] depth_valid=1 depth=5.671 vz=-6.748 az=-3.569 target_valid=0 target=0.000 pid=0.000 pid_base=0.000 buoyancy_pwm=0 mask_valid=1 mask=0 forward_active=0
$T,47,-79,-45,229,25,78,1693,248,-1594,1200,0*61
[CTRL] depth_valid=1 depth=-0.261 vz=-12.152 az=-6.320 target_valid=0 target=0.000 pid=0.000 pid_base=0.000 buoyancy_pwm=0 mask_valid=1 mask=0 forward_active=0
[CTRL] depth_valid=1 depth=1.042 vz=1.348 az=8.416 target_valid=0 target=0.000 pid=0.000 pid_base=0.000 buoyancy_pwm=0 mask_valid=1 mask=0 forward_active=0
[CTRL] depth_valid=1 depth=2.921 vz=4.467 az=6.561 target_valid=0 target=0.000 pid=0.000 pid_base=0.000 buoyancy_pwm=0 mask_valid=1 mask=0 forward_active=0
[CTRL] depth_valid=1 depth=0.298 vz=-2.964 az=-2.347 target_valid=0 target=0.000 pid=0.000 pid_base=0.000 buoyancy_pwm=0 mask_valid=1 mask=0 forward_active=0
$T,1,-28,-20,,,21,438,789,758,1198,0*40
[CTRL] depth_valid=1 depth=-0.066 vz=-1.606 az=-0.330 target_valid=0 target=0.000 pid=0.000 pid_base=0.000 buoyancy_pwm=0 mask_valid=1 mask=0 forward_active=0
[OK]hb
[CTRL] depth_valid=1 depth=-0.077 vz=-0.193 az=1.005 target_valid=0 target=0.000 pid=0.000 pid_base=0.000 buoyancy_pwm=0 mask_valid=1 mask=0 forward_active=0
[CTRL] depth_valid=1 depth=0.861 vz=1.677 az=1.903 target_valid=0 target=0.000 pid=0.000 pid_base=0.000 buoyancy_pwm=0 mask_valid=1 mask=0 forward_active=0
[CTRL] depth_valid=1 depth=1.250 vz=1.077 az=0.411 target_valid=0 target=0.000 pid=0.000 pid_base=0.000 buoyancy_pwm=0 mask_valid=1 mask=0 forward_active=0
$T,11,6,0,,77,23,1100,801,1406,1198,0*74
[CTRL] depth_valid=1 depth=0.982 vz=-0.463 az=-1.151 target_valid=0 target=0.000 pid=0.000 pid_base=0.000 buoyancy_pwm=0 mask_valid=1 mask=0 forward_active=0
[CTRL] depth_valid=1 depth=1.281 vz=0.384 az=0.157 target_valid=0 target=0.000 pid=0.000 pid_base=0.000 buoyancy_pwm=0 mask_valid=1 mask=0 forward_active=0
[CTRL] depth_valid=1 depth=1.752 vz=1.083 az=0.749 target_valid=0 target=0.000 pid=0.000 pid_base=0.000 buoyancy_pwm=0 mask_valid=1 mask=0 forward_active=0
[CTRL] depth_valid=1 depth=1.873 vz=0.447 az=-0.135 target_valid=0 target=0.000 pid=0.000 pid_base=0.000 buoyancy_pwm=0 mask_valid=1 mask=0 forward_active=0
$T,18,3,-1,231,79,25,1291,742,1569,1194,0*6B
[CTRL] depth_valid=1 depth=2.709 vz=1.957 az=1.468 target_valid=0 target=0.000 pid=0.000 pid_base=0.000 buoyancy_pwm=0 mask_valid=1 mask=0 forward_active=0
[CTRL] depth_valid=1 depth=9.226 vz=12.204 az=8.965 target_valid=0 target=0.000 pid=0.000 pid_base=0.000 buoyancy_pwm=0 mask_valid=1 mask=0 forward_active=0
[CTRL] depth_valid=1 depth=11.847 vz=7.649 az=1.193 target_valid=0 target=0.000 pid=0.000 pid_base=0.000 buoyancy_pwm=0 mask_valid=1 mask=0 forward_active=0
[OK]hb
[CTRL] depth_valid=1 depth=12.041 vz=1.041 az=-4.851 target_valid=0 target=0.000 pid=0.000 pid_base=0.000 buoyancy_pwm=0 mask_valid=1 mask=0 forward_active=0
$T,119,0,-54,230,16,79,-1788,-841,-1645,1198,0*44
[CTRL] depth_valid=1 depth=11.320 vz=-2.422 az=-5.614 target_valid=0 target=0.000 pid=0.000 pid_base=0.000 buoyancy_pwm=0 mask_valid=1 mask=0 forward_active=0
[CTRL] depth_valid=1 depth=10.960 vz=-2.084 az=-2.846 target_valid=0 target=0.000 pid=0.000 pid_base=0.000 buoyancy_pwm=0 mask_valid=1 mask=0 forward_active=0
[CTRL] depth_valid=1 depth=11.773 vz=0.513 az=0.393 target_valid=0 target=0.000 pid=0.000 pid_base=0.000 buoyancy_pwm=0 mask_valid=1 mask=0 forward_active=0
[CTRL] depth_valid=1 depth=10.137 vz=-3.073 az=-2.810 target_valid=0 target=0.000 pid=0.000 pid_base=0.000 buoyancy_pwm=0 mask_valid=1 mask=0 forward_active=0
$T,101,-25,-20,229,28,55,926,-677,-738,1198,0*78
[CTRL] depth_valid=1 depth=11.155 vz=0.906 az=1.590 target_valid=0 target=0.000 pid=0.000 pid_base=0.000 buoyancy_pwm=0 mask_valid=1 mask=0 forward_active=0
[CTRL] depth_valid=1 depth=11.816 vz=1.581 az=1.398 target_valid=0 target=0.000 pid=0.000 pid_base=0.000 buoyancy_pwm=0 mask_valid=1 mask=0 forward_active=0
[CTRL] depth_valid=1 depth=12.018 vz=0.723 az=0.021 target_valid=0 target=0.000 pid=0.000 pid_base=0.000 buoyancy_pwm=0 mask_valid=1 mask=0 forward_active=0
[CTRL] depth_valid=1 depth=11.723 vz=-0.594 az=-1.141 target_valid=0 target=0.000 pid=0.000 pid_base=0.000 buoyancy_pwm=0 mask_valid=1 mask=0 forward_active=0
$T,116,-7,-11,231,27,69,972,-768,-817,1195,0*44
[CTRL] depth_valid=1 depth=11.359 vz=-0.986 az=-0.969 target_valid=0 target=0.000 pid=0.000 pid_base=0.000 buoyancy_pwm=0 mask_valid=1 mask=0 forward_active=0
[OK]hb
[CTRL] depth_valid=1 depth=11.095 vz=-0.835 az=-0.459 target_valid=0 target=0.000 pid=0.000 pid_base=0.000 buoyancy_pwm=0 mask_valid=1 mask=0 forward_active=0
[CTRL] depth_valid=1 depth=10.803 vz=-0.727 az=-0.183 target_valid=0 target=0.000 pid=0.000 pid_base=0.000 buoyancy_pwm=0 mask_valid=1 mask=0 forward_active=0
[CTRL] depth_valid=1 depth=10.805 vz=-0.128 az=0.361 target_valid=0 target=0.000 pid=0.000 pid_base=0.000 buoyancy_pwm=0 mask_valid=1 mask=0 forward_active=0
$T,108,0,5,229,27,75,1173,-831,-1008,1195,0*71
[CTRL] depth_valid=1 depth=11.042 vz=0.458 az=0.644 target_valid=0 target=0.000 pid=0.000 pid_base=0.000 buoyancy_pwm=0 mask_valid=1 mask=0 forward_active=0
[CTRL] depth_valid=1 depth=11.190 vz=0.436 az=0.326 target_valid=0 target=0.000 pid=0.000 pid_base=0.000 buoyancy_pwm=0 mask_valid=1 mask=0 forward_active=0
[CTRL] depth_valid=1 depth=11.408 vz=0.417 az=0.096 target_valid=0 target=0.000 pid=0.000 pid_base=0.000 buoyancy_pwm=0 mask_valid=1 mask=0 forward_active=0
[CTRL] depth_valid=1 depth=11.353 vz=-0.123 az=-0.440 target_valid=0 target=0.000 pid=0.000 pid_base=0.000 buoyancy_pwm=0 mask_valid=1 mask=0 forward_active=0
$T,113,-1,-4,229,27,71,1084,-802,-921,1193,0*43
[CTRL] depth_valid=1 depth=11.253 vz=-0.345 az=-0.467 target_valid=0 target=0.000 pid=0.000 pid_base=0.000 buoyancy_pwm=0 mask_valid=1 mask=0 forward_active=0
[CTRL] depth_valid=1 depth=11.041 vz=-0.563 az=-0.469 target_valid=0 target=0.000 pid=0.000 pid_base=0.000 buoyancy_pwm=0 mask_valid=1 mask=0 forward_active=0
[CTRL] depth_valid=1 depth=11.004 vz=-0.291 az=-0.092 target_valid=0 target=0.000 pid=0.000 pid_base=0.000 buoyancy_pwm=0 mask_valid=1 mask=0 forward_active=0
[OK]hb
[CTRL] depth_valid=1 depth=11.159 vz=0.211 az=0.334 target_valid=0 target=0.000 pid=0.000 pid_base=0.000 buoyancy_pwm=0 mask_valid=1 mask=0 forward_active=0
$T,112,3,4,228,28,71,1125,-816,-963,1198,0*4C
[CTRL] depth_valid=1 depth=11.367 vz=0.369 az=0.242 target_valid=0 target=0.000 pid=0.000 pid_base=0.000 buoyancy_pwm=0 mask_valid=1 mask=0 forward_active=0
[CTRL] depth_valid=1 depth=11.476 vz=0.229 az=-0.020 target_valid=0 target=0.000 pid=0.000 pid_base=0.000 buoyancy_pwm=0 mask_valid=1 mask=0 forward_active=0
[CTRL] depth_valid=1 depth=11.461 vz=-0.097 az=-0.338 target_valid=0 target=0.000 pid=0.000 pid_base=0.000 buoyancy_pwm=0 mask_valid=1 mask=0 forward_active=0
[CTRL] depth_valid=1 depth=11.316 vz=-0.370 az=-0.425 target_valid=0 target=0.000 pid=0.000 pid_base=0.000 buoyancy_pwm=0 mask_valid=1 mask=0 forward_active=0
$T,112,-4,-4,227,28,71,1119,-811,-957,1193,0*40
[CTRL] depth_valid=1 depth=11.178 vz=-0.400 az=-0.281 target_valid=0 target=0.000 pid=0.000 pid_base=0.000 buoyancy_pwm=0 mask_valid=1 mask=0 forward_active=0
[CTRL] depth_valid=1 depth=11.162 vz=-0.115 az=0.079 target_valid=0 target=0.000 pid=0.000 pid_base=0.000 buoyancy_pwm=0 mask_valid=1 mask=0 forward_active=0
[CTRL] depth_valid=1 depth=11.299 vz=0.218 az=0.285 target_valid=0 target=0.000 pid=0.000 pid_base=0.000 buoyancy_pwm=0 mask_valid=1 mask=0 forward_active=0
[CTRL] depth_valid=1 depth=11.391 vz=0.230 az=0.154 target_valid=0 target=0.000 pid=0.000 pid_base=0.000 buoyancy_pwm=0 mask_valid=1 mask=0 forward_active=0
$T,114,2,1,227,29,70,1127,-807,-964,1193,0*4F
[OK]hb
[CTRL] depth_valid=1 depth=11.554 vz=0.277 az=0.068 target_valid=0 target=0.000 pid=0.000 pid_base=0.000 buoyancy_pwm=0 mask_valid=1 mask=0 forward_active=0
[CTRL] depth_valid=1 depth=11.465 vz=-0.149 az=-0.324 target_valid=0 target=0.000 pid=0.000 pid_base=0.000 buoyancy_pwm=0 mask_valid=1 mask=0 forward_active=0
[CTRL] depth_valid=1 depth=11.353 vz=-0.310 az=-0.327 target_valid=0 target=0.000 pid=0.000 pid_base=0.000 buoyancy_pwm=0 mask_valid=1 mask=0 forward_active=0
[CTRL] depth_valid=1 depth=11.222 vz=-0.336 az=-0.199 target_valid=0 target=0.000 pid=0.000 pid_base=0.000 buoyancy_pwm=0 mask_valid=1 mask=0 forward_active=0
$T,112,-3,-1,226,29,70,1148,-817,-986,1193,0*4D
[CTRL] depth_valid=1 depth=11.217 vz=-0.131 az=0.015 target_valid=0 target=0.000 pid=0.000 pid_base=0.000 buoyancy_pwm=0 mask_valid=1 mask=0 forward_active=0
[CTRL] depth_valid=1 depth=11.366 vz=0.289 az=0.366 target_valid=0 target=0.000 pid=0.000 pid_base=0.000 buoyancy_pwm=0 mask_valid=1 mask=0 forward_active=0
[CTRL] depth_valid=1 depth=11.475 vz=0.268 az=0.162 target_valid=0 target=0.000 pid=0.000 pid_base=0.000 buoyancy_pwm=0 mask_valid=1 mask=0 forward_active=0
[CTRL] depth_valid=1 depth=11.486 vz=0.025 az=-0.143 target_valid=0 target=0.000 pid=0.000 pid_base=0.000 buoyancy_pwm=0 mask_valid=1 mask=0 forward_active=0
$T,114,0,-1,226,29,70,1139,-806,-976,1192,0*6D
[CTRL] depth_valid=1 depth=11.393 vz=-0.272 az=-0.375 target_valid=0 target=0.000 pid=0.000 pid_base=0.000 buoyancy_pwm=0 mask_valid=1 mask=0 forward_active=0
[CTRL] depth_valid=1 depth=11.314 vz=-0.308 az=-0.279 target_valid=0 target=0.000 pid=0.000 pid_base=0.000 buoyancy_pwm=0 mask_valid=1 mask=0 forward_active=0
Target depth set to 5.0 cm
[OK]l5#40[ACK] l5#40

[CTRL] depth_valid=1 depth=11.289 vz=-0.132 az=-0.013 target_valid=1 target=5.000 pid=-16.246 pid_base=0.244 buoyancy_pwm=80 mask_valid=1 mask=384 forward_active=0

[CTRL] depth_valid=1 depth=11.264 vz=-0.031 az=0.093 target_valid=1 target=5.000 pid=-18.212 pid_base=0.274 buoyancy_pwm=0 mask_valid=1 mask=0 forward_active=0
$T,112,0,1,225,30,69,1125,-811,-957,1195,4*4E
<- Minima: IDLE
[CTRL] depth_valid=1 depth=11.360 vz=0.165 az=0.189 target_valid=1 target=5.000 pid=-21.776 pid_base=0.309 buoyancy_pwm=80 mask_valid=1 mask=384 forward_active=0

[Retry 1/5] l10#41
[CTRL] depth_valid=1 depth=11.406 vz=0.122 az=0.058 target_valid=1 target=5.000 pid=-22.039 pid_base=0.342 buoyancy_pwm=80 mask_valid=1 mask=384 forward_active=0
Target depth set to 10.0 cm
[OK]l10#41[ACK] l10#41

<- Minima: IDLE
[CTRL] depth_valid=1 depth=11.420 vz=0.035 az=-0.049 target_valid=1 target=10.000 pid=-11.167 pid_base=0.354 buoyancy_pwm=80 mask_valid=1 mask=384 forward_active=0
<- Minima: BUOY 
[CTRL] depth_valid=1 depth=11.387 vz=-0.014 az=-0.030 target_valid=1 target=10.000 pid=-10.590 pid_base=0.360 buoyancy_pwm=0 mask_valid=1 mask=0 forward_active=0
$T,113,0,0,224,30,69,1132,-817,-961,1195,4*4A
<- Minima: IDLE
[CTRL] depth_valid=1 depth=11.393 vz=-0.051 az=-0.087 target_valid=1 target=10.000 pid=-10.256 pid_base=0.367 buoyancy_pwm=80 mask_valid=1 mask=384 forward_active=0

[Retry 1/5] l15#42
[CTRL] depth_valid=1 depth=11.359 vz=-0.097 az=-0.097 target_valid=1 target=10.000 pid=-9.710 pid_base=0.373 buoyancy_pwm=0 mask_valid=1 mask=0 forward_active=0
<- Minima: IDLE
[Retry 2/5] l15#42
Target depth set to 15.0 cm
[OK]l15#42[ACK] l15#42

[CTRL] depth_valid=1 depth=11.392 vz=0.028 az=0.044 target_valid=1 target=15.000 pid=-1.620 pid_base=0.381 buoyancy_pwm=80 mask_valid=1 mask=384 forward_active=0
<- Minima: BUOY 
[CTRL] depth_valid=1 depth=11.462 vz=0.055 az=-0.018 target_valid=1 target=15.000 pid=-1.766 pid_base=0.365 buoyancy_pwm=0 mask_valid=1 mask=0 forward_active=0
$T,114,0,-1,224,31,68,1114,-798,-941,1191,4*6B
<- Minima: IDLE
[CTRL] depth_valid=1 depth=11.467 vz=0.010 az=-0.050 target_valid=1 target=15.000 pid=-0.796 pid_base=0.348 buoyancy_pwm=0 mask_valid=1 mask=0 forward_active=0
[OK]hb
Target depth set to 20.0 cm
[OK]l20#43[ACK] l20#43

[CTRL] depth_valid=1 depth=11.494 vz=0.041 az=-0.004 target_valid=1 target=20.000 pid=55.880 pid_base=0.322 buoyancy_pwm=142 mask_valid=1 mask=0 forward_active=0
<- Minima: BUOY 
[CTRL] depth_valid=1 depth=11.427 vz=-0.123 az=-0.138 target_valid=1 target=20.000 pid=75.637 pid_base=0.278 buoyancy_pwm=193 mask_valid=1 mask=0 forward_active=0
[CTRL] depth_valid=1 depth=11.537 vz=0.121 az=0.093 target_valid=1 target=20.000 pid=60.133 pid_base=0.238 buoyancy_pwm=153 mask_valid=1 mask=0 forward_active=0
$T,115,1,0,223,31,68,1151,-827,-973,1193,4*49
[CTRL] depth_valid=1 depth=11.811 vz=0.434 az=0.230 target_valid=1 target=20.000 pid=36.141 pid_base=0.205 buoyancy_pwm=92 mask_valid=1 mask=0 forward_active=0
Target depth set to 25.0 cm
[OK]l25#44[ACK] l25#44

[CTRL] depth_valid=1 depth=12.092 vz=0.552 az=0.182 target_valid=1 target=25.000 pid=88.787 pid_base=0.165 buoyancy_pwm=226 mask_valid=1 mask=0 forward_active=0
[CTRL] depth_valid=1 depth=12.161 vz=0.169 az=-0.245 target_valid=1 target=25.000 pid=100.000 pid_base=0.135 buoyancy_pwm=255 mask_valid=1 mask=0 forward_active=0
[CTRL] depth_valid=1 depth=12.272 vz=0.122 az=-0.200 target_valid=1 target=25.000 pid=100.000 pid_base=0.139 buoyancy_pwm=255 mask_valid=1 mask=0 forward_active=0
$T,122,1,-1,223,32,1,1434,-866,-1245,1197,4*65
Target depth set to 30.0 cm
[OK]l30#45[ACK] l30#45

[CTRL] depth_valid=1 depth=12.756 vz=0.906 az=0.562 target_valid=1 target=30.000 pid=100.000 pid_base=0.132 buoyancy_pwm=255 mask_valid=1 mask=0 forward_active=0
[CTRL] depth_valid=1 depth=13.704 vz=2.036 az=1.299 target_valid=1 target=30.000 pid=18.750 pid_base=0.105 buoyancy_pwm=80 mask_valid=1 mask=0 forward_active=0
[CTRL] depth_valid=1 depth=15.409 vz=3.622 az=2.051 target_valid=1 target=30.000 pid=-20.837 pid_base=0.078 buoyancy_pwm=80 mask_valid=1 mask=384 forward_active=0
[CTRL] depth_valid=1 depth=17.565 vz=4.711 az=2.027 target_valid=1 target=30.000 pid=-39.598 pid_base=0.074 buoyancy_pwm=101 mask_valid=1 mask=384 forward_active=0
$T,178,47,18,222,32,46,1430,-857,-1242,1193,0*7E
<- Minima: BUOY 
[CTRL] depth_valid=1 depth=19.762 vz=4.902 az=1.296 target_valid=1 target=30.000 pid=-46.722 pid_base=0.083 buoyancy_pwm=119 mask_valid=1 mask=384 forward_active=0
[CTRL] depth_valid=1 depth=21.532 vz=3.924 az=-0.080 target_valid=1 target=30.000 pid=-37.346 pid_base=0.088 buoyancy_pwm=95 mask_valid=1 mask=384 forward_active=0
[CTRL] depth_valid=1 depth=22.774 vz=2.446 az=-1.334 target_valid=1 target=30.000 pid=-20.082 pid_base=0.086 buoyancy_pwm=80 mask_valid=1 mask=384 forward_active=0
[CTRL] depth_valid=1 depth=23.537 vz=1.301 az=-1.687 target_valid=1 target=30.000 pid=-6.078 pid_base=0.075 buoyancy_pwm=80 mask_valid=1 mask=384 forward_active=0
$T,235,13,-16,222,32,70,1200,-832,-1008,1196,4*58
<- Minima: IDLE
[CTRL] depth_valid=1 depth=23.959 vz=0.372 az=-1.772 target_valid=1 target=30.000 pid=35.333 pid_base=0.055 buoyancy_pwm=90 mask_valid=1 mask=0 forward_active=0
<- Minima: BUOY 
[CTRL] depth_valid=1 depth=23.965 vz=-0.416 az=-1.680 target_valid=1 target=30.000 pid=100.000 pid_base=0.026 buoyancy_pwm=255 mask_valid=1 mask=0 forward_active=0
[CTRL] depth_valid=1 depth=24.121 vz=-0.136 az=-0.731 target_valid=1 target=30.000 pid=79.273 pid_base=0.016 buoyancy_pwm=202 mask_valid=1 mask=0 forward_active=0
<- Minima: IDLE
[CTRL] depth_valid=1 depth=25.063 vz=1.595 az=1.028 target_valid=1 target=30.000 pid=-11.766 pid_base=0.017 buoyancy_pwm=80 mask_valid=1 mask=384 forward_active=0
$T,250,15,10,221,32,65,-1244,-840,1432,1197,0*7C
<- Minima: BUOY 
[CTRL] depth_valid=1 depth=27.185 vz=4.286 az=2.793 target_valid=1 target=30.000 pid=-52.846 pid_base=0.060 buoyancy_pwm=135 mask_valid=1 mask=384 forward_active=0
[OK]hb
[CTRL] depth_valid=1 depth=29.716 vz=5.647 az=2.665 target_valid=1 target=30.000 pid=-77.537 pid_base=0.127 buoyancy_pwm=198 mask_valid=1 mask=384 forward_active=0
[CTRL] depth_valid=1 depth=31.918 vz=5.078 az=0.995 target_valid=1 target=30.000 pid=-75.908 pid_base=0.196 buoyancy_pwm=194 mask_valid=1 mask=384 forward_active=0
[CTRL] depth_valid=1 depth=33.518 vz=3.407 az=-0.921 target_valid=1 target=30.000 pid=-58.199 pid_base=0.258 buoyancy_pwm=148 mask_valid=1 mask=384 forward_active=0
$T,337,31,-11,221,33,67,1319,-843,-1118,1199,4*58
[CTRL] depth_valid=1 depth=34.726 vz=2.217 az=-1.537 target_valid=1 target=30.000 pid=-46.004 pid_base=0.314 buoyancy_pwm=117 mask_valid=1 mask=384 forward_active=0
[CTRL] depth_valid=1 depth=35.798 vz=1.722 az=-1.329 target_valid=1 target=30.000 pid=-42.837 pid_base=0.373 buoyancy_pwm=109 mask_valid=1 mask=384 forward_active=0
[CTRL] depth_valid=1 depth=36.580 vz=1.165 az=-1.276 target_valid=1 target=30.000 pid=-38.187 pid_base=0.427 buoyancy_pwm=97 mask_valid=1 mask=384 forward_active=0
[CTRL] depth_valid=1 depth=36.821 vz=0.175 az=-1.572 target_valid=1 target=30.000 pid=-26.367 pid_base=0.468 buoyancy_pwm=80 mask_valid=1 mask=384 forward_active=0
$T,368,0,-16,221,32,67,1112,-806,-917,1199,4*58
[CTRL] depth_valid=1 depth=36.732 vz=-0.650 az=-1.659 target_valid=1 target=30.000 pid=-15.896 pid_base=0.500 buoyancy_pwm=80 mask_valid=1 mask=384 forward_active=0
[CTRL] depth_valid=1 depth=36.316 vz=-1.235 az=-1.440 target_valid=1 target=30.000 pid=-7.726 pid_base=0.520 buoyancy_pwm=80 mask_valid=1 mask=384 forward_active=0
<- Minima: IDLE
[CTRL] depth_valid=1 depth=35.794 vz=-1.436 az=-1.007 target_valid=1 target=30.000 pid=-4.331 pid_base=0.535 buoyancy_pwm=0 mask_valid=1 mask=0 forward_active=0
[OK]hb
[CTRL] depth_valid=1 depth=35.274 vz=-1.363 az=-0.551 target_valid=1 target=30.000 pid=-4.530 pid_base=0.547 buoyancy_pwm=0 mask_valid=1 mask=0 forward_active=0
$T,351,-13,-5,221,33,67,1170,-813,-991,1193,0*7E
[CTRL] depth_valid=1 depth=34.977 vz=-0.806 az=0.122 target_valid=1 target=30.000 pid=-11.735 pid_base=0.564 buoyancy_pwm=0 mask_valid=1 mask=0 forward_active=0
[CTRL] depth_valid=1 depth=35.078 vz=0.167 az=0.869 target_valid=1 target=30.000 pid=-25.539 pid_base=0.592 buoyancy_pwm=80 mask_valid=1 mask=384 forward_active=0
<- Minima: BUOY 
[CTRL] depth_valid=1 depth=35.676 vz=1.320 az=1.435 target_valid=1 target=30.000 pid=-43.103 pid_base=0.637 buoyancy_pwm=110 mask_valid=1 mask=384 forward_active=0
[CTRL] depth_valid=1 depth=36.194 vz=1.309 az=0.742 target_valid=1 target=30.000 pid=-44.999 pid_base=0.682 buoyancy_pwm=115 mask_valid=1 mask=384 forward_active=0
$T,362,11,4,220,33,67,1049,-768,-874,1193,4*7A
[CTRL] depth_valid=1 depth=36.397 vz=0.522 az=-0.321 target_valid=1 target=30.000 pid=-35.749 pid_base=0.720 buoyancy_pwm=91 mask_valid=1 mask=384 forward_active=0
[CTRL] depth_valid=1 depth=35.953 vz=-0.946 az=-1.453 target_valid=1 target=30.000 pid=-15.684 pid_base=0.738 buoyancy_pwm=80 mask_valid=1 mask=384 forward_active=0
[CTRL] depth_valid=1 depth=35.292 vz=-1.719 az=-1.519 target_valid=1 target=30.000 pid=-4.251 pid_base=0.746 buoyancy_pwm=80 mask_valid=1 mask=384 forward_active=0
<- Minima: IDLE
[CTRL] depth_valid=1 depth=34.146 vz=-2.716 az=-1.757 target_valid=1 target=30.000 pid=69.376 pid_base=0.736 buoyancy_pwm=177 mask_valid=1 mask=0 forward_active=0
$T,339,-28,-17,,33,67,1022,-760,-849,1195,0*75
<- Minima: BUOY 
[CTRL] depth_valid=1 depth=32.774 vz=-3.188 az=-1.407 target_valid=1 target=30.000 pid=100.000 pid_base=0.705 buoyancy_pwm=255 mask_valid=1 mask=0 forward_active=0
[OK]hb
[CTRL] depth_valid=1 depth=31.636 vz=-2.630 az=-0.315 target_valid=1 target=30.000 pid=100.000 pid_base=0.671 buoyancy_pwm=255 mask_valid=1 mask=0 forward_active=0
[CTRL] depth_valid=1 depth=31.497 vz=-0.477 az=1.626 target_valid=1 target=30.000 pid=-11.598 pid_base=0.673 buoyancy_pwm=80 mask_valid=1 mask=384 forward_active=0
[CTRL] depth_valid=1 depth=32.370 vz=2.034 az=3.027 target_valid=1 target=30.000 pid=-47.597 pid_base=0.708 buoyancy_pwm=121 mask_valid=1 mask=384 forward_active=0
$T,325,23,30,220,33,67,1102,-823,-925,1195,4*42
[CTRL] depth_valid=1 depth=33.690 vz=3.296 az=2.741 target_valid=1 target=30.000 pid=-68.278 pid_base=0.763 buoyancy_pwm=174 mask_valid=1 mask=384 forward_active=0
[CTRL] depth_valid=1 depth=34.546 vz=2.441 az=0.832 target_valid=1 target=30.000 pid=-59.610 pid_base=0.809 buoyancy_pwm=152 mask_valid=1 mask=384 forward_active=0
[CTRL] depth_valid=1 depth=34.906 vz=0.975 az=-0.773 target_valid=1 target=30.000 pid=-41.548 pid_base=0.843 buoyancy_pwm=106 mask_valid=1 mask=384 forward_active=0
[CTRL] depth_valid=1 depth=34.755 vz=-0.462 az=-1.670 target_valid=1 target=30.000 pid=-22.529 pid_base=0.863 buoyancy_pwm=80 mask_valid=1 mask=384 forward_active=0
$T,346,-7,-18,,33,67,1045,-793,-859,1198,4*4A
[CTRL] depth_valid=1 depth=34.163 vz=-1.632 az=-1.986 target_valid=1 target=30.000 pid=-5.862 pid_base=0.868 buoyancy_pwm=80 mask_valid=1 mask=384 forward_active=0
<- Minima: IDLE
[CTRL] depth_valid=1 depth=32.949 vz=-2.925 az=-2.246 target_valid=1 target=30.000 pid=85.213 pid_base=0.850 buoyancy_pwm=217 mask_valid=1 mask=0 forward_active=0
<- Minima: BUOY 
[CTRL] depth_valid=1 depth=31.467 vz=-3.544 az=-1.817 target_valid=1 target=30.000 pid=100.000 pid_base=0.808 buoyancy_pwm=255 mask_valid=1 mask=0 forward_active=0
[OK]hb
[CTRL] depth_valid=1 depth=30.148 vz=-3.001 az=-0.496 target_valid=1 target=30.000 pid=100.000 pid_base=0.769 buoyancy_pwm=255 mask_valid=1 mask=0 forward_active=0
$T,299,-27,-2,,33,67,1484,-866,-1291,1196,4*7D
[CTRL] depth_valid=1 depth=29.858 vz=-0.747 az=1.655 target_valid=1 target=30.000 pid=-6.642 pid_base=0.760 buoyancy_pwm=80 mask_valid=1 mask=384 forward_active=0
[CTRL] depth_valid=1 depth=30.562 vz=1.726 az=3.025 target_valid=1 target=30.000 pid=-41.492 pid_base=0.781 buoyancy_pwm=106 mask_valid=1 mask=384 forward_active=0
[CTRL] depth_valid=1 depth=31.517 vz=2.591 az=2.411 target_valid=1 target=30.000 pid=-55.688 pid_base=0.815 buoyancy_pwm=142 mask_valid=1 mask=384 forward_active=0
[CTRL] depth_valid=1 depth=32.117 vz=1.770 az=0.624 target_valid=1 target=30.000 pid=-46.540 pid_base=0.842 buoyancy_pwm=119 mask_valid=1 mask=384 forward_active=0
$T,321,14,2,,33,69,984,-781,-791,1196,4*7F
[CTRL] depth_valid=1 depth=32.190 vz=0.283 az=-0.964 target_valid=1 target=30.000 pid=-27.159 pid_base=0.855 buoyancy_pwm=80 mask_valid=1 mask=384 forward_active=0
[CTRL] depth_valid=1 depth=31.652 vz=-1.308 az=-1.934 target_valid=1 target=30.000 pid=-4.740 pid_base=0.849 buoyancy_pwm=80 mask_valid=1 mask=384 forward_active=0
<- Minima: IDLE
[CTRL] depth_valid=1 depth=30.596 vz=-2.607 az=-2.233 target_valid=1 target=30.000 pid=91.576 pid_base=0.824 buoyancy_pwm=234 mask_valid=1 mask=0 forward_active=0
<- Minima: BUOY 
[CTRL] depth_valid=1 depth=29.374 vz=-3.108 az=-1.751 target_valid=1 target=30.000 pid=100.000 pid_base=0.787 buoyancy_pwm=255 mask_valid=1 mask=0 forward_active=0
$T,291,-30,-15,,34,67,1090,-802,-891,1196,4*7A
d=1 depth=28.389 vz=-2.537 az=-0.561 target_valid=1 target=30.000 pid=100.000 pid_base=0.758 buoyancy_pwm=255 mask_valid=1 mask=0 forward_active=0
[CTRL] depth_valid=1 depth=28.006 vz=-0.640 az=1.298 target_valid=1 target=30.000 pid=4.748 pid_base=0.739 buoyancy_pwm=80 mask_valid=1 mask=0 forward_active=0
[CTRL] depth_valid=1 depth=28.961 vz=2.116 az=3.077 target_valid=1 target=30.000 pid=-42.999 pid_base=0.759 buoyancy_pwm=110 mask_valid=1 mask=384 forward_active=0
[CTRL] depth_valid=1 depth=30.539 vz=3.785 az=3.092 target_valid=1 target=30.000 pid=-69.419 pid_base=0.804 buoyancy_pwm=177 mask_valid=1 mask=384 forward_active=0
$T,305,37,30,,34,47,1112,-791,-914,1199,4*79
[CTRL] depth_valid=1 depth=31.819 vz=3.348 az=1.346 target_valid=1 target=30.000 pid=-67.127 pid_base=0.848 buoyancy_pwm=171 mask_valid=1 mask=384 forward_active=0
[CTRL] depth_valid=1 depth=32.616 vz=1.952 az=-0.468 target_valid=1 target=30.000 pid=-50.880 pid_base=0.883 buoyancy_pwm=130 mask_valid=1 mask=384 forward_active=0
[CTRL] depth_valid=1 depth=32.859 vz=0.348 az=-1.680 target_valid=1 target=30.000 pid=-30.456 pid_base=0.905 buoyancy_pwm=80 mask_valid=1 mask=384 forward_active=0
[CTRL] depth_valid=1 depth=32.737 vz=-0.640 az=-1.797 target_valid=1 target=30.000 pid=-17.275 pid_base=0.915 buoyancy_pwm=80 mask_valid=1 mask=384 forward_active=0
$T,326,-8,-18,,35,70,1056,-780,-850,1204,*4C
[CTRL] depth_valid=1 depth=32.183 vz=-1.629 az=-1.927 target_valid=1 target=30.000 pid=-2.899 pid_base=0.911 buoyancy_pwm=80 mask_valid=1 mask=384 forward_active=0
<- Minima: IDLE
[CTRL] depth_valid=1 depth=30.913 vz=-3.045 az=-2.340 target_valid=1 target=30.000 pid=100.000 pid_base=0.882 buoyancy_pwm=255 mask_valid=1 mask=0 forward_active=0
<- Minima: BUOY 
[CTRL] depth_valid=1 depth=29.554 vz=-3.317 az=-1.563 target_valid=1 target=30.000 pid=100.000 pid_base=0.841 buoyancy_pwm=255 mask_valid=1 mask=0 forward_active=0
[OK]hb
[CTRL] depth_valid=1 depth=28.615 vz=-2.227 az=0.095 target_valid=1 target=30.000 pid=86.354 pid_base=0.813 buoyancy_pwm=220 mask_valid=1 mask=0 forward_active=0
$T,285,-19,3,,35,67,1624,-867,-1399,1198,4*59
<- Minima: IDLE
[CTRL] depth_valid=1 depth=28.805 vz=0.306 az=2.193 target_valid=1 target=30.000 pid=-19.721 pid_base=0.812 buoyancy_pwm=80 mask_valid=1 mask=384 forward_active=0
<- Minima: BUOY 
[CTRL] depth_valid=1 depth=29.855 vz=2.498 az=3.047 target_valid=1 target=30.000 pid=-51.672 pid_base=0.839 buoyancy_pwm=132 mask_valid=1 mask=384 forward_active=0
[CTRL] depth_valid=1 depth=30.928 vz=2.879 az=2.034 target_valid=1 target=30.000 pid=-59.647 pid_base=0.873 buoyancy_pwm=152 mask_valid=1 mask=384 forward_active=0
[CTRL] depth_valid=1 depth=31.534 vz=1.777 az=0.225 target_valid=1 target=30.000 pid=-46.705 pid_base=0.897 buoyancy_pwm=119 mask_valid=1 mask=384 forward_active=0
$T,315,14,-1,,35,41,1020,-792,-783,1198,4*63
[CTRL] depth_valid=1 depth=31.563 vz=0.189 az=-1.214 target_valid=1 target=30.000 pid=-25.784 pid_base=0.906 buoyancy_pwm=80 mask_valid=1 mask=384 forward_active=0
[CTRL] depth_valid=1 depth=30.986 vz=-1.415 az=-2.055 target_valid=1 target=30.000 pid=-3.014 pid_base=0.896 buoyancy_pwm=80 mask_valid=1 mask=384 forward_active=0
<- Minima: IDLE
[CTRL] depth_valid=1 depth=30.023 vz=-2.532 az=-2.192 target_valid=1 target=30.000 pid=86.286 pid_base=0.870 buoyancy_pwm=220 mask_valid=1 mask=0 forward_active=0
<- Minima: BUOY 
[CTRL] depth_valid=1 depth=28.807 vz=-3.049 az=-1.733 target_valid=1 target=30.000 pid=100.000 pid_base=0.833 buoyancy_pwm=255 mask_valid=1 mask=0 forward_active=0
$T,285,-31,-17,,,,1070,-805,-820,1204,4*71
[CTRL] depth_valid=1 depth=27.593 vz=-2.909 az=-0.891 target_valid=1 target=30.000 pid=100.000 pid_base=0.797 buoyancy_pwm=255 mask_valid=1 mask=0 forward_active=0
[OK]hb
[CTRL] depth_valid=1 depth=27.115 vz=-1.225 az=0.933 target_valid=1 target=30.000 pid=29.277 pid_base=0.775 buoyancy_pwm=80 mask_valid=1 mask=0 forward_active=0
[CTRL] depth_valid=1 depth=27.814 vz=1.568 az=2.919 target_valid=1 target=30.000 pid=-33.925 pid_base=0.783 buoyancy_pwm=87 mask_valid=1 mask=384 forward_active=0
[CTRL] depth_valid=1 depth=29.273 vz=3.462 az=3.177 target_valid=1 target=30.000 pid=-62.903 pid_base=0.819 buoyancy_pwm=160 mask_valid=1 mask=384 forward_active=0
$T,295,35,30,,,23,1094,-801,-835,1204,4*7A
[CTRL] depth_valid=1 depth=30.552 vz=3.279 az=1.581 target_valid=1 target=30.000 pid=-63.859 pid_base=0.856 buoyancy_pwm=163 mask_valid=1 mask=384 forward_active=0
[CTRL] depth_valid=1 depth=31.227 vz=1.748 az=-0.440 target_valid=1 target=30.000 pid=-45.338 pid_base=0.881 buoyancy_pwm=116 mask_valid=1 mask=384 forward_active=0
[CTRL] depth_valid=1 depth=31.289 vz=0.063 az=-1.681 target_valid=1 target=30.000 pid=-23.189 pid_base=0.890 buoyancy_pwm=80 mask_valid=1 mask=384 forward_active=0
[CTRL] depth_valid=1 depth=30.934 vz=-1.152 az=-2.027 target_valid=1 target=30.000 pid=-6.176 pid_base=0.885 buoyancy_pwm=80 mask_valid=1 mask=384 forward_active=0
$T,308,-13,-20,,,,1057,-794,-784,1195,4*79
[CTRL] depth_valid=1 depth=30.197 vz=-2.027 az=-1.941 target_valid=1 target=30.000 pid=44.266 pid_base=0.866 buoyancy_pwm=113 mask_valid=1 mask=0 forward_active=0
[CTRL] depth_valid=1 depth=28.943 vz=-3.005 az=-1.950 target_valid=1 target=30.000 pid=100.000 pid_base=0.828 buoyancy_pwm=255 mask_valid=1 mask=0 forward_active=0
[CTRL] depth_valid=1 depth=27.706 vz=-3.022 az=-1.150 target_valid=1 target=30.000 pid=100.000 pid_base=0.791 buoyancy_pwm=255 mask_valid=1 mask=0 forward_active=0
[OK]hb
[CTRL] depth_valid=1 depth=27.285 vz=-1.200 az=0.890 target_valid=1 target=30.000 pid=25.616 pid_base=0.772 buoyancy_pwm=80 mask_valid=1 mask=0 forward_active=0
$T,272,-9,10,,,22,-1526,-860,-1777,1194,4*76
[CTRL] depth_valid=1 depth=28.057 vz=1.661 az=2.924 target_valid=1 target=30.000 pid=-35.660 pid_base=0.783 buoyancy_pwm=91 mask_valid=1 mask=384 forward_active=0
[CTRL] depth_valid=1 depth=29.547 vz=3.510 az=3.122 target_valid=1 target=30.000 pid=-64.135 pid_base=0.821 buoyancy_pwm=164 mask_valid=1 mask=384 forward_active=0
[CTRL] depth_valid=1 depth=30.885 vz=3.382 az=1.596 target_valid=1 target=30.000 pid=-66.017 pid_base=0.862 buoyancy_pwm=168 mask_valid=1 mask=384 forward_active=0
[CTRL] depth_valid=1 depth=31.590 vz=1.814 az=-0.465 target_valid=1 target=30.000 pid=-47.128 pid_base=0.889 buoyancy_pwm=120 mask_valid=1 mask=384 forward_active=0
$T,316,15,-7,,,23,1116,-815,-805,1199,4*61
[CTRL] depth_valid=1 depth=31.812 vz=0.370 az=-1.495 target_valid=1 target=30.000 pid=-28.671 pid_base=0.905 buoyancy_pwm=80 mask_valid=1 mask=384 forward_active=0
[CTRL] depth_valid=1 depth=31.560 vz=-0.822 az=-1.850 target_valid=1 target=30.000 pid=-12.287 pid_base=0.906 buoyancy_pwm=80 mask_valid=1 mask=384 forward_active=0
[CTRL] depth_valid=1 depth=30.895 vz=-1.827 az=-1.946 target_valid=1 target=30.000 pid=16.405 pid_base=0.893 buoyancy_pwm=80 mask_valid=1 mask=0 forward_active=0
[CTRL] depth_valid=1 depth=29.725 vz=-2.837 az=-1.985 target_valid=1 target=30.000 pid=100.000 pid_base=0.860 buoyancy_pwm=255 mask_valid=1 mask=0 forward_active=0
$T,294,-30,-20,,,,1072,-807,-745,1199,4*7F
[CTRL] depth_valid=1 depth=28.459 vz=-3.006 az=-1.262 target_valid=1 target=30.000 pid=100.000 pid_base=0.822 buoyancy_pwm=255 mask_valid=1 mask=0 forward_active=0
[OK]hb
[CTRL] depth_valid=1 depth=27.831 vz=-1.607 az=0.485 target_valid=1 target=30.000 pid=48.242 pid_base=0.798 buoyancy_pwm=123 mask_valid=1 mask=0 forward_active=0
[CTRL] depth_valid=1 depth=28.447 vz=1.226 az=2.658 target_valid=1 target=30.000 pid=-31.155 pid_base=0.806 buoyancy_pwm=0 mask_valid=1 mask=0 forward_active=0
[CTRL] depth_valid=1 depth=29.960 vz=3.502 az=3.361 target_valid=1 target=30.000 pid=-65.442 pid_base=0.847 buoyancy_pwm=167 mask_valid=1 mask=384 forward_active=0
$T,302,36,32,,,23,1043,-822,-697,1198,4*7F
[CTRL] depth_valid=1 depth=31.458 vz=3.809 az=2.145 target_valid=1 target=30.000 pid=-73.595 pid_base=0.895 buoyancy_pwm=188 mask_valid=1 mask=384 forward_active=0
[CTRL] depth_valid=1 depth=32.486 vz=2.676 az=0.271 target_valid=1 target=30.000 pid=-61.434 pid_base=0.936 buoyancy_pwm=157 mask_valid=1 mask=384 forward_active=0
[CTRL] depth_valid=1 depth=33.169 vz=1.480 az=-0.857 target_valid=1 target=30.000 pid=-47.629 pid_base=0.970 buoyancy_pwm=121 mask_valid=1 mask=384 forward_active=0
[CTRL] depth_valid=1 depth=33.418 vz=0.318 az=-1.474 target_valid=1 target=30.000 pid=-33.167 pid_base=0.994 buoyancy_pwm=85 mask_valid=1 mask=384 forward_active=0
$T,334,1,-15,,,,1000,-792,-633,1198,4*6A
[CTRL] depth_valid=1 depth=33.126 vz=-0.973 az=-1.972 target_valid=1 target=30.000 pid=-15.545 pid_base=1.002 buoyancy_pwm=80 mask_valid=1 mask=384 forward_active=0
[CTRL] depth_valid=1 depth=32.363 vz=-2.054 az=-2.076 target_valid=1 target=30.000 pid=0.000 pid_base=0.994 buoyancy_pwm=0 mask_valid=1 mask=0 forward_active=0
[CTRL] depth_valid=1 depth=31.049 vz=-3.147 az=-2.123 target_valid=1 target=30.000 pid=100.000 pid_base=0.963 buoyancy_pwm=255 mask_valid=1 mask=0 forward_active=0
[OK]hb
[CTRL] depth_valid=1 depth=29.758 vz=-3.170 az=-1.256 target_valid=1 target=30.000 pid=100.000 pid_base=0.925 buoyancy_pwm=255 mask_valid=1 mask=0 forward_active=0
$T,295,-31,-11,,,,1201,-840,-813,1197,4*7A
[CTRL] depth_valid=1 depth=28.946 vz=-1.983 az=0.291 target_valid=1 target=30.000 pid=51.548 pid_base=0.898 buoyancy_pwm=131 mask_valid=1 mask=0 forward_active=0
[CTRL] depth_valid=1 depth=29.215 vz=0.466 az=2.205 target_valid=1 target=30.000 pid=-24.671 pid_base=0.901 buoyancy_pwm=80 mask_valid=1 mask=384 forward_active=0
[CTRL] depth_valid=1 depth=30.210 vz=2.400 az=2.838 target_valid=1 target=30.000 pid=-53.068 pid_base=0.929 buoyancy_pwm=135 mask_valid=1 mask=384 forward_active=0
[CTRL] depth_valid=1 depth=31.498 vz=3.116 az=2.111 target_valid=1 target=30.000 pid=-66.140 pid_base=0.972 buoyancy_pwm=169 mask_valid=1 mask=384 forward_active=0
$T,316,30,18,,,24,1071,-789,-665,1198,4*71
[CTRL] depth_valid=1 depth=32.466 vz=2.454 az=0.603 target_valid=1 target=30.000 pid=-60.118 pid_base=1.011 buoyancy_pwm=153 mask_valid=1 mask=384 forward_active=0
[CTRL] depth_valid=1 depth=32.857 vz=0.921 az=-1.008 target_valid=1 target=30.000 pid=-41.019 pid_base=1.036 buoyancy_pwm=105 mask_valid=1 mask=384 forward_active=0
[CTRL] depth_valid=1 depth=32.739 vz=-0.481 az=-1.791 target_valid=1 target=30.000 pid=-22.336 pid_base=1.047 buoyancy_pwm=80 mask_valid=1 mask=384 forward_active=0
[CTRL] depth_valid=1 depth=32.198 vz=-1.621 az=-2.065 target_valid=1 target=30.000 pid=-5.976 pid_base=1.044 buoyancy_pwm=80 mask_valid=1 mask=384 forward_active=0
$T,320,-18,-20,,,,1022,-772,-598,1196,4*7E
[CTRL] depth_valid=1 depth=31.094 vz=-2.815 az=-2.268 target_valid=1 target=30.000 pid=76.103 pid_base=1.020 buoyancy_pwm=194 mask_valid=1 mask=0 forward_active=0
[OK]hb
[CTRL] depth_valid=1 depth=29.398 vz=-3.919 az=-2.219 target_valid=1 target=30.000 pid=100.000 pid_base=0.971 buoyancy_pwm=255 mask_valid=1 mask=0 forward_active=0
[CTRL] depth_valid=1 depth=27.941 vz=-3.517 az=-0.933 target_valid=1 target=30.000 pid=100.000 pid_base=0.927 buoyancy_pwm=255 mask_valid=1 mask=0 forward_active=0
[CTRL] depth_valid=1 depth=27.183 vz=-1.839 az=0.877 target_valid=1 target=30.000 pid=60.673 pid_base=0.902 buoyancy_pwm=155 mask_valid=1 mask=0 forward_active=0
$T,271,-14,11,,,22,1574,-863,-1129,1200,4*62
<- Minima: IDLE
[CTRL] depth_valid=1 depth=27.482 vz=0.700 az=2.627 target_valid=1 target=30.000 pid=-24.234 pid_base=0.897 buoyancy_pwm=0 mask_valid=1 mask=0 forward_active=0
<- Minima: BUOY 
[CTRL] depth_valid=1 depth=28.624 vz=2.772 az=3.176 target_valid=1 target=30.000 pid=-54.672 pid_base=0.921 buoyancy_pwm=139 mask_valid=1 mask=384 forward_active=0
[CTRL] depth_valid=1 depth=30.122 vz=3.733 az=2.594 target_valid=1 target=30.000 pid=-71.397 pid_base=0.962 buoyancy_pwm=182 mask_valid=1 mask=384 forward_active=0
[CTRL] depth_valid=1 depth=31.556 vz=3.526 az=1.286 target_valid=1 target=30.000 pid=-72.547 pid_base=1.009 buoyancy_pwm=185 mask_valid=1 mask=384 forward_active=0
$T,317,33,9,,,23,1036,-801,-577,1206,4*4C
[CTRL] depth_valid=1 depth=32.490 vz=2.221 az=-0.393 target_valid=1 target=30.000 pid=-57.859 pid_base=1.047 buoyancy_pwm=148 mask_valid=1 mask=384 forward_active=0
[CTRL] depth_valid=1 depth=32.953 vz=0.837 az=-1.426 target_valid=1 target=30.000 pid=-40.943 pid_base=1.075 buoyancy_pwm=104 mask_valid=1 mask=384 forward_active=0
[CTRL] depth_valid=1 depth=32.839 vz=-0.566 az=-2.016 target_valid=1 target=30.000 pid=-22.267 pid_base=1.086 buoyancy_pwm=80 mask_valid=1 mask=384 forward_active=0
[OK]hb
[CTRL] depth_valid=1 depth=32.278 vz=-1.577 az=-1.985 target_valid=1 target=30.000 pid=-7.575 pid_base=1.082 buoyancy_pwm=80 mask_valid=1 mask=384 forward_active=0
$T,321,-17,-19,,,,1017,-786,-545,1199,4*78
<- Minima: IDLE
[CTRL] depth_valid=1 depth=31.166 vz=-2.776 az=-2.201 target_valid=1 target=30.000 pid=66.989 pid_base=1.058 buoyancy_pwm=171 mask_valid=1 mask=0 forward_active=0
<- Minima: BUOY 
[CTRL] depth_valid=1 depth=29.713 vz=-3.479 az=-1.866 target_valid=1 target=30.000 pid=100.000 pid_base=1.018 buoyancy_pwm=255 mask_valid=1 mask=0 forward_active=0
[CTRL] depth_valid=1 depth=28.532 vz=-2.874 az=-0.551 target_valid=1 target=30.000 pid=100.000 pid_base=0.982 buoyancy_pwm=255 mask_valid=1 mask=0 forward_active=0
[CTRL] depth_valid=1 depth=28.127 vz=-0.957 az=1.353 target_valid=1 target=30.000 pid=0.000 pid_base=0.964 buoyancy_pwm=0 mask_valid=1 mask=0 forward_active=0
$T,281,-5,16,,76,23,1773,-862,-1282,1200,4*5C
<- Minima: IDLE
[CTRL] depth_valid=1 depth=28.888 vz=1.724 az=3.008 target_valid=1 target=30.000 pid=-42.505 pid_base=0.979 buoyancy_pwm=108 mask_valid=1 mask=384 forward_active=0
<- Minima: BUOY 
[CTRL] depth_valid=1 depth=30.386 vz=3.639 az=3.297 target_valid=1 target=30.000 pid=-71.986 pid_base=1.021 buoyancy_pwm=184 mask_valid=1 mask=384 forward_active=0
[CTRL] depth_valid=1 depth=31.837 vz=3.630 az=1.787 target_valid=1 target=30.000 pid=-75.852 pid_base=1.070 buoyancy_pwm=193 mask_valid=1 mask=384 forward_active=0
[CTRL] depth_valid=1 depth=32.938 vz=2.589 az=0.065 target_valid=1 target=30.000 pid=-65.170 pid_base=1.115 buoyancy_pwm=166 mask_valid=1 mask=384 forward_active=0
$T,330,23,-2,,76,24,1073,-798,-572,1196,4*69
[CTRL] depth_valid=1 depth=33.527 vz=1.219 az=-1.145 target_valid=1 target=30.000 pid=-48.842 pid_base=1.149 buoyancy_pwm=125 mask_valid=1 mask=384 forward_active=0
[OK]hb
[CTRL] depth_valid=1 depth=33.531 vz=-0.157 az=-1.770 target_valid=1 target=30.000 pid=-30.886 pid_base=1.167 buoyancy_pwm=80 mask_valid=1 mask=384 forward_active=0
[CTRL] depth_valid=1 depth=33.192 vz=-1.165 az=-1.903 target_valid=1 target=30.000 pid=-16.935 pid_base=1.174 buoyancy_pwm=80 mask_valid=1 mask=384 forward_active=0
[CTRL] depth_valid=1 depth=32.324 vz=-2.249 az=-2.042 target_valid=1 target=30.000 pid=-0.487 pid_base=1.162 buoyancy_pwm=0 mask_valid=1 mask=0 forward_active=0
$T,320,-24,-21,,76,,1035,-776,-517,1199,4*7B
[CTRL] depth_valid=1 depth=30.869 vz=-3.429 az=-2.189 target_valid=1 target=30.000 pid=100.000 pid_base=1.127 buoyancy_pwm=255 mask_valid=1 mask=0 forward_active=0
[CTRL] depth_valid=1 depth=29.369 vz=-3.601 az=-1.420 target_valid=1 target=30.000 pid=100.000 pid_base=1.082 buoyancy_pwm=255 mask_valid=1 mask=0 forward_active=0
[CTRL] depth_valid=1 depth=28.470 vz=-2.188 az=0.408 target_valid=1 target=30.000 pid=52.979 pid_base=1.053 buoyancy_pwm=135 mask_valid=1 mask=0 forward_active=0
[CTRL] depth_valid=1 depth=28.624 vz=0.221 az=2.208 target_valid=1 target=30.000 pid=-23.533 pid_base=1.050 buoyancy_pwm=80 mask_valid=1 mask=384 forward_active=0
$T,287,5,23,,76,23,1422,-854,-881,1204,4*4F
[CTRL] depth_valid=1 depth=29.468 vz=2.059 az=2.723 target_valid=1 target=30.000 pid=-50.175 pid_base=1.070 buoyancy_pwm=128 mask_valid=1 mask=384 forward_active=0
[CTRL] depth_valid=1 depth=30.364 vz=2.416 az=1.805 target_valid=1 target=30.000 pid=-57.314 pid_base=1.097 buoyancy_pwm=146 mask_valid=1 mask=384 forward_active=0
[CTRL] depth_valid=1 depth=30.838 vz=1.439 az=0.190 target_valid=1 target=30.000 pid=-45.610 pid_base=1.114 buoyancy_pwm=116 mask_valid=1 mask=384 forward_active=0
[OK]hb
[CTRL] depth_valid=1 depth=30.514 vz=-0.537 az=-1.578 target_valid=1 target=30.000 pid=-18.484 pid_base=1.108 buoyancy_pwm=80 mask_valid=1 mask=384 forward_active=0
$T,303,-8,-17,,76,23,1116,-805,-556,1201,4*4C
Target depth set to 35.0 cm
[OK]l35#46[ACK] l35#46

[CTRL] depth_valid=1 depth=29.740 vz=-1.955 az=-2.138 target_valid=1 target=35.000 pid=75.282 pid_base=1.082 buoyancy_pwm=192 mask_valid=1 mask=0 forward_active=0
[CTRL] depth_valid=1 depth=28.583 vz=-2.911 az=-2.081 target_valid=1 target=35.000 pid=100.000 pid_base=1.038 buoyancy_pwm=255 mask_valid=1 mask=0 forward_active=0
Target depth set to 40.0 cm
[OK]l40#47[ACK] l40#47

[CTRL] depth_valid=1 depth=27.612 vz=-2.486 az=-0.822 target_valid=1 target=40.000 pid=100.000 pid_base=1.009 buoyancy_pwm=255 mask_valid=1 mask=0 forward_active=0
[CTRL] depth_valid=1 depth=26.930 vz=-1.550 az=0.360 target_valid=1 target=40.000 pid=100.000 pid_base=0.989 buoyancy_pwm=255 mask_valid=1 mask=0 forward_active=0
$T,269,-11,7,28,76,22,-1782,-862,-1234,1201,4*7B
[CTRL] depth_valid=1 depth=27.301 vz=0.715 az=2.102 target_valid=1 target=40.000 pid=-5.411 pid_base=0.957 buoyancy_pwm=80 mask_valid=1 mask=384 forward_active=0
[CTRL] depth_valid=1 depth=28.891 vz=3.611 az=3.647 target_valid=1 target=40.000 pid=-46.908 pid_base=0.944 buoyancy_pwm=120 mask_valid=1 mask=384 forward_active=0
[CTRL] depth_valid=1 depth=31.010 vz=5.058 az=3.253 target_valid=1 target=40.000 pid=-70.717 pid_base=0.957 buoyancy_pwm=180 mask_valid=1 mask=384 forward_active=0
[CTRL] depth_valid=1 depth=32.821 vz=4.422 az=1.271 target_valid=1 target=40.000 pid=-66.157 pid_base=0.970 buoyancy_pwm=169 mask_valid=1 mask=384 forward_active=0
$T,330,42,9,28,76,23,1022,-787,-423,1193,4*4F
[CTRL] depth_valid=1 depth=34.124 vz=3.000 az=-0.474 target_valid=1 target=40.000 pid=-49.945 pid_base=0.976 buoyancy_pwm=127 mask_valid=1 mask=384 forward_active=0
[OK]hb
[CTRL] depth_valid=1 depth=34.938 vz=1.640 az=-1.367 target_valid=1 target=40.000 pid=-33.357 pid_base=0.973 buoyancy_pwm=85 mask_valid=1 mask=384 forward_active=0
[CTRL] depth_valid=1 depth=35.526 vz=0.848 az=-1.451 target_valid=1 target=40.000 pid=-23.841 pid_base=0.967 buoyancy_pwm=80 mask_valid=1 mask=384 forward_active=0
[CTRL] depth_valid=1 depth=35.835 vz=0.218 az=-1.389 target_valid=1 target=40.000 pid=-15.781 pid_base=0.954 buoyancy_pwm=80 mask_valid=1 mask=384 forward_active=0
$T,358,0,-14,27,76,,999,-764,-384,1199,4*5D
[CTRL] depth_valid=1 depth=35.717 vz=-0.587 az=-1.490 target_valid=1 target=40.000 pid=-4.269 pid_base=0.930 buoyancy_pwm=80 mask_valid=1 mask=384 forward_active=0
[CTRL] depth_valid=1 depth=35.170 vz=-1.449 az=-1.579 target_valid=1 target=40.000 pid=55.083 pid_base=0.891 buoyancy_pwm=140 mask_valid=1 mask=0 forward_active=0
[CTRL] depth_valid=1 depth=34.919 vz=-0.863 az=-0.356 target_valid=1 target=40.000 pid=15.565 pid_base=0.859 buoyancy_pwm=80 mask_valid=1 mask=0 forward_active=0
[CTRL] depth_valid=1 depth=35.370 vz=0.740 az=1.149 target_valid=1 target=40.000 pid=-19.437 pid_base=0.847 buoyancy_pwm=0 mask_valid=1 mask=0 forward_active=0
$T,355,10,13,25,76,,1115,-835,-494,1202,4*78
[CTRL] depth_valid=1 depth=36.541 vz=2.496 az=2.089 target_valid=1 target=40.000 pid=-45.518 pid_base=0.862 buoyancy_pwm=116 mask_valid=1 mask=384 forward_active=0
[CTRL] depth_valid=1 depth=37.998 vz=3.383 az=1.915 target_valid=1 target=40.000 pid=-60.903 pid_base=0.891 buoyancy_pwm=155 mask_valid=1 mask=384 forward_active=0
[CTRL] depth_valid=1 depth=39.487 vz=3.366 az=1.005 target_valid=1 target=40.000 pid=-64.500 pid_base=0.929 buoyancy_pwm=164 mask_valid=1 mask=384 forward_active=0
[OK]hb
[CTRL] depth_valid=1 depth=40.615 vz=2.507 az=-0.182 target_valid=1 target=40.000 pid=-56.057 pid_base=0.963 buoyancy_pwm=143 mask_valid=1 mask=384 forward_active=0
$T,407,23,-3,25,66,,1019,-777,-383,1202,4*60
[CTRL] depth_valid=1 depth=41.448 vz=1.532 az=-1.018 target_valid=1 target=40.000 pid=-45.401 pid_base=0.993 buoyancy_pwm=116 mask_valid=1 mask=384 forward_active=0
[CTRL] depth_valid=1 depth=41.856 vz=0.548 az=-1.440 target_valid=1 target=40.000 pid=-33.547 pid_base=1.014 buoyancy_pwm=86 mask_valid=1 mask=384 forward_active=0
[CTRL] depth_valid=1 depth=41.809 vz=-0.480 az=-1.727 target_valid=1 target=40.000 pid=-19.931 pid_base=1.022 buoyancy_pwm=80 mask_valid=1 mask=384 forward_active=0
[CTRL] depth_valid=1 depth=41.357 vz=-1.388 az=-1.801 target_valid=1 target=40.000 pid=-6.806 pid_base=1.017 buoyancy_pwm=80 mask_valid=1 mask=384 forward_active=0
$T,412,-15,-17,26,67,,997,-762,-362,1194,4*42
<- Minima: IDLE
[CTRL] depth_valid=1 depth=40.507 vz=-2.222 az=-1.792 target_valid=1 target=40.000 pid=38.799 pid_base=0.997 buoyancy_pwm=99 mask_valid=1 mask=0 forward_active=0
<- Minima: BUOY 
[CTRL] depth_valid=1 depth=39.503 vz=-2.507 az=-1.295 target_valid=1 target=40.000 pid=77.550 pid_base=0.967 buoyancy_pwm=198 mask_valid=1 mask=0 forward_active=0
[CTRL] depth_valid=1 depth=38.884 vz=-1.590 az=0.049 target_valid=1 target=40.000 pid=14.608 pid_base=0.945 buoyancy_pwm=80 mask_valid=1 mask=0 forward_active=0
[CTRL] depth_valid=1 depth=39.117 vz=0.376 az=1.669 target_valid=1 target=40.000 pid=-24.276 pid_base=0.946 buoyancy_pwm=80 mask_valid=1 mask=384 forward_active=0
$T,392,6,18,24,67,,1145,-833,-514,1198,4*44
[CTRL] depth_valid=1 depth=40.050 vz=2.063 az=2.261 target_valid=1 target=40.000 pid=-49.206 pid_base=0.972 buoyancy_pwm=125 mask_valid=1 mask=384 forward_active=0
[OK]hb
[CTRL] depth_valid=1 depth=40.987 vz=2.378 az=1.504 target_valid=1 target=40.000 pid=-55.961 pid_base=1.002 buoyancy_pwm=143 mask_valid=1 mask=384 forward_active=0
[CTRL] depth_valid=1 depth=41.524 vz=1.457 az=0.045 target_valid=1 target=40.000 pid=-45.251 pid_base=1.025 buoyancy_pwm=115 mask_valid=1 mask=384 forward_active=0
[CTRL] depth_valid=1 depth=41.445 vz=-0.111 az=-1.320 target_valid=1 target=40.000 pid=-24.295 pid_base=1.030 buoyancy_pwm=80 mask_valid=1 mask=384 forward_active=0
$T,413,-4,-15,25,66,,1020,-790,-387,1196,4*43
[CTRL] depth_valid=1 depth=41.020 vz=-1.162 az=-1.655 target_valid=1 target=40.000 pid=-9.298 pid_base=1.024 buoyancy_pwm=80 mask_valid=1 mask=384 forward_active=0
<- Minima: IDLE
[CTRL] depth_valid=1 depth=40.147 vz=-2.184 az=-1.841 target_valid=1 target=40.000 pid=39.501 pid_base=1.001 buoyancy_pwm=101 mask_valid=1 mask=0 forward_active=0
<- Minima: BUOY 
[CTRL] depth_valid=1 depth=38.927 vz=-2.848 az=-1.585 target_valid=1 target=40.000 pid=100.000 pid_base=0.963 buoyancy_pwm=255 mask_valid=1 mask=0 forward_active=0
[CTRL] depth_valid=1 depth=37.867 vz=-2.549 az=-0.657 target_valid=1 target=40.000 pid=100.000 pid_base=0.932 buoyancy_pwm=255 mask_valid=1 mask=0 forward_active=0
$T,377,-23,-3,24,65,,1230,-835,-593,1197,4*47
[CTRL] depth_valid=1 depth=37.632 vz=-0.718 az=1.168 target_valid=1 target=40.000 pid=-6.017 pid_base=0.915 buoyancy_pwm=80 mask_valid=1 mask=384 forward_active=0
<- Minima: IDLE
[CTRL] depth_valid=1 depth=38.408 vz=1.759 az=2.761 target_valid=1 target=40.000 pid=-40.884 pid_base=0.928 buoyancy_pwm=104 mask_valid=1 mask=384 forward_active=0
<- Minima: BUOY 
[CTRL] depth_valid=1 depth=40.084 vz=3.933 az=3.382 target_valid=1 target=40.000 pid=-74.233 pid_base=0.973 buoyancy_pwm=189 mask_valid=1 mask=384 forward_active=0
[OK]hb
[CTRL] depth_valid=1 depth=41.614 vz=3.902 az=1.877 target_valid=1 target=40.000 pid=-77.987 pid_base=1.023 buoyancy_pwm=199 mask_valid=1 mask=384 forward_active=0
$T,418,37,15,23,65,,1016,-764,-384,1197,4*71
[CTRL] depth_valid=1 depth=42.811 vz=2.870 az=0.162 target_valid=1 target=40.000 pid=-67.661 pid_base=1.070 buoyancy_pwm=173 mask_valid=1 mask=384 forward_active=0
[CTRL] depth_valid=1 depth=43.514 vz=1.499 az=-1.071 target_valid=1 target=40.000 pid=-51.599 pid_base=1.106 buoyancy_pwm=132 mask_valid=1 mask=384 forward_active=0
[CTRL] depth_valid=1 depth=43.924 vz=0.533 az=-1.461 target_valid=1 target=40.000 pid=-40.232 pid_base=1.137 buoyancy_pwm=103 mask_valid=1 mask=384 forward_active=0
[CTRL] depth_valid=1 depth=43.855 vz=-0.539 az=-1.780 target_valid=1 target=40.000 pid=-26.192 pid_base=1.155 buoyancy_pwm=80 mask_valid=1 mask=384 forward_active=0
$T,437,-7,-18,23,65,,988,-734,-356,1196,4*76
[CTRL] depth_valid=1 depth=43.269 vz=-1.683 az=-2.047 target_valid=1 target=40.000 pid=-9.789 pid_base=1.156 buoyancy_pwm=80 mask_valid=1 mask=384 forward_active=0
<- Minima: IDLE
[CTRL] depth_valid=1 depth=42.153 vz=-2.823 az=-2.200 target_valid=1 target=40.000 pid=48.384 pid_base=1.137 buoyancy_pwm=123 mask_valid=1 mask=0 forward_active=0
<- Minima: BUOY 
[CTRL] depth_valid=1 depth=40.787 vz=-3.292 az=-1.652 target_valid=1 target=40.000 pid=100.000 pid_base=1.103 buoyancy_pwm=255 mask_valid=1 mask=0 forward_active=0
[CTRL] depth_valid=1 depth=39.602 vz=-2.893 az=-0.634 target_valid=1 target=40.000 pid=93.855 pid_base=1.068 buoyancy_pwm=239 mask_valid=1 mask=0 forward_active=0
$T,394,-26,-3,22,65,,1108,-789,-475,1205,4*48
<- Minima: IDLE
[CTRL] depth_valid=1 depth=39.181 vz=-1.100 az=1.174 target_valid=1 target=40.000 pid=-7.074 pid_base=1.052 buoyancy_pwm=80 mask_valid=1 mask=384 forward_active=0
[CTRL] depth_valid=1 depth=39.577 vz=0.973 az=2.421 target_valid=1 target=40.000 pid=-35.690 pid_base=1.060 buoyancy_pwm=91 mask_valid=1 mask=384 forward_active=0
[OK]hb
<- Minima: BUOY 
[CTRL] depth_valid=1 depth=40.597 vz=2.567 az=2.707 target_valid=1 target=40.000 pid=-59.662 pid_base=1.091 buoyancy_pwm=152 mask_valid=1 mask=384 forward_active=0
[CTRL] depth_valid=1 depth=41.954 vz=2.859 az=1.519 target_valid=1 target=40.000 pid=-68.546 pid_base=1.133 buoyancy_pwm=175 mask_valid=1 mask=384 forward_active=0
$T,419,28,15,22,64,,1011,-734,-384,1205,4*74
[CTRL] depth_valid=1 depth=42.557 vz=1.642 az=-0.190 target_valid=1 target=40.000 pid=-52.966 pid_base=1.168 buoyancy_pwm=135 mask_valid=1 mask=384 forward_active=0
[CTRL] depth_valid=1 depth=42.736 vz=0.326 az=-1.268 target_valid=1 target=40.000 pid=-36.185 pid_base=1.186 buoyancy_pwm=92 mask_valid=1 mask=384 forward_active=0
[CTRL] depth_valid=1 depth=42.505 vz=-0.756 az=-1.658 target_valid=1 target=40.000 pid=-21.441 pid_base=1.193 buoyancy_pwm=80 mask_valid=1 mask=384 forward_active=0
[CTRL] depth_valid=1 depth=41.827 vz=-1.894 az=-2.013 target_valid=1 target=40.000 pid=-4.710 pid_base=1.184 buoyancy_pwm=80 mask_valid=1 mask=384 forward_active=0
$T,416,-21,-21,22,64,222,987,-717,-361,1194,4*71
<- Minima: IDLE
[CTRL] depth_valid=1 depth=40.582 vz=-3.059 az=-2.199 target_valid=1 target=40.000 pid=83.943 pid_base=1.153 buoyancy_pwm=214 mask_valid=1 mask=0 forward_active=0
<- Minima: BUOY 
[CTRL] depth_valid=1 depth=38.947 vz=-3.773 az=-1.834 target_valid=1 target=40.000 pid=100.000 pid_base=1.105 buoyancy_pwm=255 mask_valid=1 mask=0 forward_active=0
[CTRL] depth_valid=1 depth=37.624 vz=-3.062 az=-0.399 target_valid=1 target=40.000 pid=100.000 pid_base=1.065 buoyancy_pwm=255 mask_valid=1 mask=0 forward_active=0
[OK]hb
[CTRL] depth_valid=1 depth=37.341 vz=-0.785 az=1.683 target_valid=1 target=40.000 pid=-7.457 pid_base=1.046 buoyancy_pwm=80 mask_valid=1 mask=384 forward_active=0
$T,374,-3,20,21,64,222,1153,-809,-514,1196,4*5B
[CTRL] depth_valid=1 depth=37.931 vz=1.369 az=2.674 target_valid=1 target=40.000 pid=-37.478 pid_base=1.052 buoyancy_pwm=96 mask_valid=1 mask=384 forward_active=0
[CTRL] depth_valid=1 depth=38.821 vz=2.324 az=2.256 target_valid=1 target=40.000 pid=-52.405 pid_base=1.070 buoyancy_pwm=134 mask_valid=1 mask=384 forward_active=0
[CTRL] depth_valid=1 depth=39.596 vz=2.049 az=0.989 target_valid=1 target=40.000 pid=-50.721 pid_base=1.089 buoyancy_pwm=129 mask_valid=1 mask=384 forward_active=0
[CTRL] depth_valid=1 depth=39.930 vz=0.960 az=-0.368 target_valid=1 target=40.000 pid=-37.064 pid_base=1.098 buoyancy_pwm=95 mask_valid=1 mask=384 forward_active=0
$T,399,6,-6,21,64,222,1021,-755,-389,1196,4*69
[CTRL] depth_valid=1 depth=39.776 vz=-0.450 az=-1.476 target_valid=1 target=40.000 pid=-17.839 pid_base=1.093 buoyancy_pwm=80 mask_valid=1 mask=384 forward_active=0
[CTRL] depth_valid=1 depth=39.036 vz=-1.859 az=-2.068 target_valid=1 target=40.000 pid=17.789 pid_base=1.069 buoyancy_pwm=80 mask_valid=1 mask=0 forward_active=0
[CTRL] depth_valid=1 depth=37.865 vz=-2.873 az=-2.063 target_valid=1 target=40.000 pid=100.000 pid_base=1.028 buoyancy_pwm=255 mask_valid=1 mask=0 forward_active=0
[CTRL] depth_valid=1 depth=36.590 vz=-3.042 az=-1.296 target_valid=1 target=40.000 pid=100.000 pid_base=0.990 buoyancy_pwm=255 mask_valid=1 mask=0 forward_active=0
$T,364,-29,-10,21,63,221,1133,-793,-496,1192,4*4D
[CTRL] depth_valid=1 depth=35.878 vz=-1.840 az=0.246 target_valid=1 target=40.000 pid=68.396 pid_base=0.962 buoyancy_pwm=174 mask_valid=1 mask=0 forward_active=0
[CTRL] depth_valid=1 depth=36.069 vz=0.331 az=1.965 target_valid=1 target=40.000 pid=-17.593 pid_base=0.947 buoyancy_pwm=0 mask_valid=1 mask=0 forward_active=0
[OK]hb
[CTRL] depth_valid=1 depth=37.187 vz=2.634 az=3.054 target_valid=1 target=40.000 pid=-50.894 pid_base=0.963 buoyancy_pwm=130 mask_valid=1 mask=384 forward_active=0
[CTRL] depth_valid=1 depth=38.672 vz=3.679 az=2.597 target_valid=1 target=40.000 pid=-68.539 pid_base=0.997 buoyancy_pwm=175 mask_valid=1 mask=384 forward_active=0
$T,389,36,23,20,63,221,1064,-760,-434,1193,4*47
[CTRL] depth_valid=1 depth=39.962 vz=3.191 az=1.013 target_valid=1 target=40.000 pid=-65.400 pid_base=1.032 buoyancy_pwm=167 mask_valid=1 mask=384 forward_active=0
[CTRL] depth_valid=1 depth=40.699 vz=1.838 az=-0.535 target_valid=1 target=40.000 pid=-49.353 pid_base=1.055 buoyancy_pwm=126 mask_valid=1 mask=384 forward_active=0
[CTRL] depth_valid=1 depth=41.013 vz=0.501 az=-1.464 target_valid=1 target=40.000 pid=-32.458 pid_base=1.069 buoyancy_pwm=83 mask_valid=1 mask=384 forward_active=0
[CTRL] depth_valid=1 depth=40.964 vz=-0.464 az=-1.668 target_valid=1 target=40.000 pid=-19.575 pid_base=1.073 buoyancy_pwm=80 mask_valid=1 mask=384 forward_active=0
$T,408,-7,-17,20,63,221,1016,-741,-382,1194,4*77
[CTRL] depth_valid=1 depth=40.361 vz=-1.622 az=-1.954 target_valid=1 target=40.000 pid=-2.616 pid_base=1.058 buoyancy_pwm=80 mask_valid=1 mask=384 forward_active=0
[CTRL] depth_valid=1 depth=39.257 vz=-2.716 az=-2.066 target_valid=1 target=40.000 pid=89.549 pid_base=1.025 buoyancy_pwm=228 mask_valid=1 mask=0 forward_active=0
[CTRL] depth_valid=1 depth=38.113 vz=-2.795 az=-1.233 target_valid=1 target=40.000 pid=100.000 pid_base=0.990 buoyancy_pwm=255 mask_valid=1 mask=0 forward_active=0
[CTRL] depth_valid=1 depth=37.466 vz=-1.578 az=0.373 target_valid=1 target=40.000 pid=27.990 pid_base=0.965 buoyancy_pwm=80 mask_valid=1 mask=0 forward_active=0
[OK]hb
$T,374,-12,7,20,63,221,1186,-825,-541,1198,4*53
[CTRL] depth_valid=1 depth=37.833 vz=0.715 az=2.140 target_valid=1 target=40.000 pid=-26.605 pid_base=0.964 buoyancy_pwm=80 mask_valid=1 mask=384 forward_active=0
[CTRL] depth_valid=1 depth=38.887 vz=2.578 az=2.791 target_valid=1 target=40.000 pid=-54.065 pid_base=0.986 buoyancy_pwm=138 mask_valid=1 mask=384 forward_active=0
[CTRL] depth_valid=1 depth=39.937 vz=2.717 az=1.641 target_valid=1 target=40.000 pid=-58.650 pid_base=1.015 buoyancy_pwm=150 mask_valid=1 mask=384 forward_active=0
[CTRL] depth_valid=1 depth=40.627 vz=1.781 az=0.100 target_valid=1 target=40.000 pid=-48.037 pid_base=1.037 buoyancy_pwm=122 mask_valid=1 mask=384 forward_active=0
$T,406,14,-2,20,63,221,1022,-752,-383,1202,4*5A
[CTRL] depth_valid=1 depth=40.758 vz=0.289 az=-1.266 target_valid=1 target=40.000 pid=-28.584 pid_base=1.045 buoyancy_pwm=80 mask_valid=1 mask=384 forward_active=0
[CTRL] depth_valid=1 depth=40.401 vz=-1.006 az=-1.843 target_valid=1 target=40.000 pid=-10.440 pid_base=1.037 buoyancy_pwm=80 mask_valid=1 mask=384 forward_active=0
[CTRL] depth_valid=1 depth=39.734 vz=-1.861 az=-1.837 target_valid=1 target=40.000 pid=16.370 pid_base=1.018 buoyancy_pwm=80 mask_valid=1 mask=0 forward_active=0
[CTRL] depth_valid=1 depth=38.527 vz=-2.878 az=-1.921 target_valid=1 target=40.000 pid=100.000 pid_base=0.979 buoyancy_pwm=255 mask_valid=1 mask=0 forward_active=0
$T,382,-30,-19,20,63,221,1003,-753,-368,1196,4*49
[CTRL] depth_valid=1 depth=37.323 vz=-2.837 az=-1.007 target_valid=1 target=40.000 pid=100.000 pid_base=0.943 buoyancy_pwm=255 mask_valid=1 mask=0 forward_active=0
[CTRL] depth_valid=1 depth=36.617 vz=-1.638 az=0.492 target_valid=1 target=40.000 pid=49.498 pid_base=0.916 buoyancy_pwm=126 mask_valid=1 mask=0 forward_active=0
[OK]hb
<- Minima: IDLE
[CTRL] depth_valid=1 depth=37.124 vz=1.179 az=2.589 target_valid=1 target=40.000 pid=-24.187 pid_base=0.910 buoyancy_pwm=0 mask_valid=1 mask=0 forward_active=0
<- Minima: BUOY 
[CTRL] depth_valid=1 depth=38.711 vz=3.719 az=3.613 target_valid=1 target=40.000 pid=-68.108 pid_base=0.949 buoyancy_pwm=174 mask_valid=1 mask=384 forward_active=0
$T,387,37,36,19,63,221,1026,-794,-382,1195,4*47
[CTRL] depth_valid=1 depth=40.424 vz=4.330 az=2.553 target_valid=1 target=40.000 pid=-80.755 pid_base=0.998 buoyancy_pwm=206 mask_valid=1 mask=384 forward_active=0
[CTRL] depth_valid=1 depth=42.000 vz=3.822 az=0.990 target_valid=1 target=40.000 pid=-78.306 pid_base=1.051 buoyancy_pwm=200 mask_valid=1 mask=384 forward_active=0
[CTRL] depth_valid=1 depth=43.148 vz=2.558 az=-0.534 target_valid=1 target=40.000 pid=-64.797 pid_base=1.098 buoyancy_pwm=165 mask_valid=1 mask=384 forward_active=0
[CTRL] depth_valid=1 depth=43.955 vz=1.493 az=-1.224 target_valid=1 target=40.000 pid=-53.151 pid_base=1.140 buoyancy_pwm=136 mask_valid=1 mask=384 forward_active=0
$T,440,13,-13,18,63,222,984,-759,-335,1196,4*5B
[CTRL] depth_valid=1 depth=44.405 vz=0.541 az=-1.559 target_valid=1 target=40.000 pid=-42.124 pid_base=1.174 buoyancy_pwm=107 mask_valid=1 mask=384 forward_active=0
[CTRL] depth_valid=1 depth=44.258 vz=-0.713 az=-1.991 target_valid=1 target=40.000 pid=-25.502 pid_base=1.192 buoyancy_pwm=80 mask_valid=1 mask=384 forward_active=0
[CTRL] depth_valid=1 depth=43.712 vz=-1.616 az=-1.932 target_valid=1 target=40.000 pid=-12.452 pid_base=1.196 buoyancy_pwm=80 mask_valid=1 mask=384 forward_active=0
<- Minima: IDLE
[OK]hb
[CTRL] depth_valid=1 depth=42.710 vz=-2.554 az=-1.951 target_valid=1 target=40.000 pid=14.071 pid_base=1.183 buoyancy_pwm=0 mask_valid=1 mask=0 forward_active=0
$T,424,-27,-19,18,62,222,991,-747,-332,1196,0*70
<- Minima: BUOY 
[CTRL] depth_valid=1 depth=41.342 vz=-3.251 az=-1.730 target_valid=1 target=40.000 pid=90.268 pid_base=1.153 buoyancy_pwm=230 mask_valid=1 mask=0 forward_active=0
[CTRL] depth_valid=1 depth=40.149 vz=-2.788 az=-0.551 target_valid=1 target=40.000 pid=72.020 pid_base=1.119 buoyancy_pwm=184 mask_valid=1 mask=0 forward_active=0
[CTRL] depth_valid=1 depth=39.593 vz=-1.318 az=0.923 target_valid=1 target=40.000 pid=-6.092 pid_base=1.102 buoyancy_pwm=80 mask_valid=1 mask=384 forward_active=0
<- Minima: IDLE
[CTRL] depth_valid=1 depth=39.950 vz=0.844 az=2.342 target_valid=1 target=40.000 pid=-35.834 pid_base=1.111 buoyancy_pwm=91 mask_valid=1 mask=384 forward_active=0
$T,400,11,24,18,62,222,1124,-807,-456,1195,0*47
<- Minima: BUOY 
[CTRL] depth_valid=1 depth=40.982 vz=2.548 az=2.739 target_valid=1 target=40.000 pid=-61.348 pid_base=1.144 buoyancy_pwm=156 mask_valid=1 mask=384 forward_active=0
[CTRL] depth_valid=1 depth=41.988 vz=2.688 az=1.663 target_valid=1 target=40.000 pid=-66.062 pid_base=1.181 buoyancy_pwm=168 mask_valid=1 mask=384 forward_active=0
[CTRL] depth_valid=1 depth=42.706 vz=1.863 az=0.227 target_valid=1 target=40.000 pid=-57.238 pid_base=1.214 buoyancy_pwm=146 mask_valid=1 mask=384 forward_active=0
[CTRL] depth_valid=1 depth=42.865 vz=0.465 az=-1.029 target_valid=1 target=40.000 pid=-39.331 pid_base=1.233 buoyancy_pwm=100 mask_valid=1 mask=384 forward_active=0
$T,428,2,-11,18,62,222,1029,-762,-350,1199,4*5D
[CTRL] depth_valid=1 depth=42.589 vz=-0.791 az=-1.665 target_valid=1 target=40.000 pid=-22.159 pid_base=1.239 buoyancy_pwm=80 mask_valid=1 mask=384 forward_active=0
[CTRL] depth_valid=1 depth=41.847 vz=-1.897 az=-1.900 target_valid=1 target=40.000 pid=-5.685 pid_base=1.228 buoyancy_pwm=80 mask_valid=1 mask=384 forward_active=0
[OK]hb
<- Minima: IDLE
[CTRL] depth_valid=1 depth=40.544 vz=-3.144 az=-2.189 target_valid=1 target=40.000 pid=85.565 pid_base=1.196 buoyancy_pwm=218 mask_valid=1 mask=0 forward_active=0
<- Minima: BUOY 
[CTRL] depth_valid=1 depth=38.856 vz=-4.019 az=-2.040 target_valid=1 target=40.000 pid=100.000 pid_base=1.145 buoyancy_pwm=255 mask_valid=1 mask=0 forward_active=0
$T,385,-40,-19,18,62,222,1063,-782,-379,1199,4*45
[CTRL] depth_valid=1 depth=37.478 vz=-3.395 az=-0.658 target_valid=1 target=40.000 pid=100.000 pid_base=1.104 buoyancy_pwm=255 mask_valid=1 mask=0 forward_active=0
[CTRL] depth_valid=1 depth=36.850 vz=-1.571 az=1.158 target_valid=1 target=40.000 pid=19.725 pid_base=1.078 buoyancy_pwm=80 mask_valid=1 mask=0 forward_active=0
[CTRL] depth_valid=1 depth=37.267 vz=1.056 az=2.696 target_valid=1 target=40.000 pid=-28.306 pid_base=1.072 buoyancy_pwm=80 mask_valid=1 mask=384 forward_active=0
[CTRL] depth_valid=1 depth=38.038 vz=2.147 az=2.434 target_valid=1 target=40.000 pid=-48.794 pid_base=1.084 buoyancy_pwm=124 mask_valid=1 mask=384 forward_active=0
$T,380,21,24,17,62,222,1055,-771,-372,1194,4*49
[CTRL] depth_valid=1 depth=38.903 vz=2.306 az=1.483 target_valid=1 target=40.000 pid=-53.052 pid_base=1.103 buoyancy_pwm=135 mask_valid=1 mask=384 forward_active=0
[CTRL] depth_valid=1 depth=39.027 vz=0.621 az=-0.643 target_valid=1 target=40.000 pid=-30.823 pid_base=1.102 buoyancy_pwm=80 mask_valid=1 mask=384 forward_active=0
[CTRL] depth_valid=1 depth=38.776 vz=-0.696 az=-1.550 target_valid=1 target=40.000 pid=-12.477 pid_base=1.089 buoyancy_pwm=80 mask_valid=1 mask=384 forward_active=0
<- Minima: IDLE
[OK]hb
[CTRL] depth_valid=1 depth=37.969 vz=-1.970 az=-1.968 target_valid=1 target=40.000 pid=40.984 pid_base=1.058 buoyancy_pwm=105 mask_valid=1 mask=0 forward_active=0
$T,378,-21,-19,17,61,222,1036,-755,-347,1197,0*41
<- Minima: BUOY 
[CTRL] depth_valid=1 depth=36.962 vz=-2.608 az=-1.728 target_valid=1 target=40.000 pid=100.000 pid_base=1.016 buoyancy_pwm=255 mask_valid=1 mask=0 forward_active=0
[CTRL] depth_valid=1 depth=35.940 vz=-2.567 az=-0.983 target_valid=1 target=40.000 pid=100.000 pid_base=0.985 buoyancy_pwm=255 mask_valid=1 mask=0 forward_active=0
[CTRL] depth_valid=1 depth=35.506 vz=-1.210 az=0.574 target_valid=1 target=40.000 pid=23.039 pid_base=0.958 buoyancy_pwm=80 mask_valid=1 mask=0 forward_active=0
[CTRL] depth_valid=1 depth=36.040 vz=1.160 az=2.363 target_valid=1 target=40.000 pid=-28.700 pid_base=0.952 buoyancy_pwm=80 mask_valid=1 mask=384 forward_active=0
$T,362,15,25,16,61,223,1231,-834,-538,1196,4*44
[CTRL] depth_valid=1 depth=37.544 vz=3.222 az=2.856 target_valid=1 target=40.000 pid=-59.777 pid_base=0.978 buoyancy_pwm=152 mask_valid=1 mask=384 forward_active=0
[CTRL] depth_valid=1 depth=38.943 vz=3.474 az=1.787 target_valid=1 target=40.000 pid=-66.678 pid_base=1.011 buoyancy_pwm=170 mask_valid=1 mask=384 forward_active=0
[CTRL] depth_valid=1 depth=39.689 vz=1.968 az=-0.317 target_valid=1 target=40.000 pid=-48.515 pid_base=1.030 buoyancy_pwm=124 mask_valid=1 mask=384 forward_active=0
[CTRL] depth_valid=1 depth=39.855 vz=0.290 az=-1.628 target_valid=1 target=40.000 pid=-26.565 pid_base=1.034 buoyancy_pwm=80 mask_valid=1 mask=384 forward_active=0
$T,398,0,-17,17,61,223,1061,-792,-363,1199,4*5B
[CTRL] depth_valid=1 depth=39.746 vz=-0.663 az=-1.781 target_valid=1 target=40.000 pid=-13.555 pid_base=1.030 buoyancy_pwm=80 mask_valid=1 mask=384 forward_active=0
<- Minima: IDLE
[CTRL] depth_valid=1 depth=39.190 vz=-1.596 az=-1.846 target_valid=1 target=40.000 pid=0.000 pid_base=1.012 buoyancy_pwm=0 mask_valid=1 mask=0 forward_active=0
[OK]hb
<- Minima: BUOY 
[CTRL] depth_valid=1 depth=38.156 vz=-2.579 az=-1.934 target_valid=1 target=40.000 pid=98.499 pid_base=0.975 buoyancy_pwm=251 mask_valid=1 mask=0 forward_active=0
[CTRL] depth_valid=1 depth=37.232 vz=-2.374 az=-0.945 target_valid=1 target=40.000 pid=97.930 pid_base=0.939 buoyancy_pwm=250 mask_valid=1 mask=0 forward_active=0
$T,371,-22,-7,16,61,223,1267,-828,-563,1201,4*7F
[CTRL] depth_valid=1 depth=36.940 vz=-0.847 az=0.784 target_valid=1 target=40.000 pid=0.000 pid_base=0.916 buoyancy_pwm=0 mask_valid=1 mask=0 forward_active=0
[CTRL] depth_valid=1 depth=37.808 vz=1.814 az=2.686 target_valid=1 target=40.000 pid=-40.425 pid_base=0.928 buoyancy_pwm=103 mask_valid=1 mask=384 forward_active=0
[CTRL] depth_valid=1 depth=39.187 vz=3.279 az=2.695 target_valid=1 target=40.000 pid=-63.458 pid_base=0.961 buoyancy_pwm=162 mask_valid=1 mask=384 forward_active=0
[CTRL] depth_valid=1 depth=40.352 vz=2.953 az=1.201 target_valid=1 target=40.000 pid=-62.185 pid_base=0.995 buoyancy_pwm=159 mask_valid=1 mask=384 forward_active=0
$T,405,28,9,16,61,224,1000,-748,-299,1200,4*71
[CTRL] depth_valid=1 depth=40.917 vz=1.505 az=-0.561 target_valid=1 target=40.000 pid=-44.460 pid_base=1.015 buoyancy_pwm=113 mask_valid=1 mask=384 forward_active=0
[CTRL] depth_valid=1 depth=41.079 vz=0.258 az=-1.383 target_valid=1 target=40.000 pid=-28.367 pid_base=1.025 buoyancy_pwm=80 mask_valid=1 mask=384 forward_active=0
[CTRL] depth_valid=1 depth=40.880 vz=-0.775 az=-1.717 target_valid=1 target=40.000 pid=-14.183 pid_base=1.024 buoyancy_pwm=80 mask_valid=1 mask=384 forward_active=0
<- Minima: IDLE
[CTRL] depth_valid=1 depth=40.262 vz=-1.695 az=-1.796 target_valid=1 target=40.000 pid=-0.345 pid_base=1.009 buoyancy_pwm=0 mask_valid=1 mask=0 forward_active=0
[OK]hb
$T,401,-17,-17,16,61,227,986,-726,-283,1200,0*74
<- Minima: BUOY 
[CTRL] depth_valid=1 depth=39.058 vz=-2.880 az=-2.054 target_valid=1 target=40.000 pid=100.000 pid_base=0.972 buoyancy_pwm=255 mask_valid=1 mask=0 forward_active=0
[CTRL] depth_valid=1 depth=37.757 vz=-2.748 az=-0.939 target_valid=1 target=40.000 pid=100.000 pid_base=0.933 buoyancy_pwm=255 mask_valid=1 mask=0 forward_active=0
[CTRL] depth_valid=1 depth=37.438 vz=-1.014 az=0.918 target_valid=1 target=40.000 pid=0.000 pid_base=0.915 buoyancy_pwm=0 mask_valid=1 mask=0 forward_active=0
[CTRL] depth_valid=1 depth=38.250 vz=1.711 az=2.819 target_valid=1 target=40.000 pid=-39.936 pid_base=0.928 buoyancy_pwm=102 mask_valid=1 mask=384 forward_active=0
$T,384,20,28,15,61,226,1083,-798,-371,1198,4*46
[CTRL] depth_valid=1 depth=39.376 vz=2.826 az=2.474 target_valid=1 target=40.000 pid=-57.678 pid_base=0.956 buoyancy_pwm=147 mask_valid=1 mask=384 forward_active=0
[CTRL] depth_valid=1 depth=40.345 vz=2.464 az=1.021 target_valid=1 target=40.000 pid=-55.420 pid_base=0.984 buoyancy_pwm=141 mask_valid=1 mask=384 forward_active=0
[CTRL] depth_valid=1 depth=40.860 vz=1.308 az=-0.408 target_valid=1 target=40.000 pid=-41.435 pid_base=1.003 buoyancy_pwm=106 mask_valid=1 mask=384 forward_active=0
[CTRL] depth_valid=1 depth=40.918 vz=0.021 az=-1.356 target_valid=1 target=40.000 pid=-24.540 pid_base=1.009 buoyancy_pwm=80 mask_valid=1 mask=384 forward_active=0
$T,408,-2,-14,15,61,225,1016,-765,-302,1198,4*73
[CTRL] depth_valid=1 depth=40.468 vz=-1.214 az=-1.821 target_valid=1 target=40.000 pid=-6.964 pid_base=1.000 buoyancy_pwm=80 mask_valid=1 mask=384 forward_active=0
<- Minima: IDLE
[CTRL] depth_valid=1 depth=39.502 vz=-2.407 az=-2.078 target_valid=1 target=40.000 pid=69.050 pid_base=0.971 buoyancy_pwm=176 mask_valid=1 mask=0 forward_active=0
[OK]hb
<- Minima: BUOY 
[CTRL] depth_valid=1 depth=38.268 vz=-3.024 az=-1.731 target_valid=1 target=40.000 pid=100.000 pid_base=0.932 buoyancy_pwm=255 mask_valid=1 mask=0 forward_active=0
vz=-2.455 az=-0.523 target_valid=1 target=40.000 pid=100.000 pid_base=0.902 buoyancy_pwm=255 mask_valid=1 mask=0 forward_active=0
$T,371,-22,-2,15,61,226,1204,-829,-479,1204,4*77
[Retry 1/5] l45#48
<-[CTRL] depth_d=1 depth=37.137 vz=-0.524 az=1.331 target_valid=1 target=40.000 pid=-6.963 pid_base=0.886 buoyancy_pwm=80 mask_valid=1 mask=384 forward_active=0
[Retry 2/5] l45#48
Target depth set to 45.0 cm
[OK]l45#48[ACK] l45#48

[CTRL] depth_valid=1 depth=38.005 vz=1.879 az=2.722 target_valid=1 target=45.000 pid=-30.946 pid_base=0.895 buoyancy_pwm=0 mask_valid=1 mask=0 forward_active=0
<- Minima: BUOY 
d=1 depth=39.383 vz=3.319 az=2.714 target_valid=1 target=45.000 pid=-53.109 pid_base=0.904 buoyancy_pwm=135 mask_valid=1 mask=384 forward_active=0
[Retry 1/5] l50#49
Target depth set to 50.0 cm
[OK]l50#49[ACK] l50#49

[CTRL] depth_valid=1 depth=40.833 vz=3.516 az=1.656 target_valid=1 target=50.000 pid=-49.043 pid_base=0.923 buoyancy_pwm=125 mask_valid=1 mask=384 forward_active=0
$T,410,35,15,15,61,227,1045,-773,-318,1204,4*41
[CTRL] depth_valid=1 depth=42.072 vz=2.795 az=0.238 target_valid=1 target=50.000 pid=-41.793 pid_base=0.917 buoyancy_pwm=107 mask_valid=1 mask=384 forward_active=0
[CTRL] depth_valid=1 depth=42.943 vz=1.784 az=-0.754 target_valid=1 target=50.000 pid=-29.803 pid_base=0.906 buoyancy_pwm=80 mask_valid=1 mask=384 forward_active=0
[CTRL] depth_valid=1 depth=43.531 vz=0.906 az=-1.251 target_valid=1 target=50.000 pid=-18.910 pid_base=0.890 buoyancy_pwm=80 mask_valid=1 mask=384 forward_active=0
[CTRL] depth_vv7 target_valid=1 target=50.000 pid=-8.189 pid_base=0.865 buoyancy_pwm=80 mask_valid=1 mask=384 forward_active=0
$T,437,0,-14,14,62,226,1018,-747,-285,1196,4*5F
<- Minima: IDLE
[CTRL] depth_valid=1 depth=43.595 vz=-0.769 az=-1.614 target_valid=1 target=50.000 pid=27.879 pid_base=0.829 buoyancy_pwm=0 mask_valid=1 mask=0 forward_active=0
<- Minima: BUOY 
[CTRL] depth_valid=1 depth=43.451 vz=-0.722 az=-0.892 target_valid=1 target=50.000 pid=30.677 pid_base=0.792 buoyancy_pwm=80 mask_valid=1 mask=0 forward_active=0
<- Minima: IDLE
[CTRL] depth_valid=1 depth=43.693 vz=0.214 az=0.279 target_valid=1 target=50.000 pid=-7.286 pid_base=0.767 buoyancy_pwm=80 mask_valid=1 mask=384 forward_active=0
<- Minima: BUOY 
[CTRL] depth_valid=1 depth=44.468 vz=1.499 az=1.197 target_valid=1 target=50.000 pid=-25.815 pid_base=0.760 buoyancy_pwm=80 mask_valid=1 mask=384 forward_active=0
$T,446,16,12,14,61,,1026,-777,-286,1196,4*7D
[CTRL] depth_valid=1 depth=45.625 vz=2.493 az=1.456 target_valid=1 target=50.000 pid=-41.603 pid_base=0.770 buoyancy_pwm=106 mask_valid=1 mask=384 forward_active=0
[CTRL] depth_valid=1 depth=46.811 vz=2.735 az=1.029 target_valid=1 target=50.000 pid=-47.562 pid_base=0.786 buoyancy_pwm=121 mask_valid=1 mask=384 forward_active=0
[CTRL] depth_valid=1 depth=47.706 vz=2.094 az=0.049 target_valid=1 target=50.000 pid=-41.087 pid_base=0.799 buoyancy_pwm=105 mask_valid=1 mask=384 forward_active=0
[CTRL] depth_valid=1 depth=48.347 vz=1.347 az=-0.589 target_valid=1 target=50.000 pid=-32.607 pid_base=0.808 buoyancy_pwm=83 mask_valid=1 mask=384 forward_active=0
$T,484,11,-7,13,61,227,989,-740,-248,1206,4*6C
[CTRL] depth_valid=1 depth=48.577 vz=0.313 az=-1.238 target_valid=1 target=50.000 pid=-19.276 pid_base=0.807 buoyancy_pwm=80 mask_valid=1 mask=384 forward_active=0
[CTRL] depth_valid=1 depth=48.449 vz=-0.589 az=-1.500 target_valid=1 target=50.000 pid=-6.743 pid_base=0.797 buoyancy_pwm=80 mask_valid=1 mask=384 forward_active=0
[OK]hb
<- Minima: IDLE
[CTRL] depth_valid=1 depth=47.943 vz=-1.429 az=-1.604 target_valid=1 target=50.000 pid=35.960 pid_base=0.773 buoyancy_pwm=92 mask_valid=1 mask=0 forward_active=0
<- Minima: BUOY 
[CTRL] depth_valid=1 depth=47.437 vz=-1.358 az=-0.814 target_valid=1 target=50.000 pid=39.907 pid_base=0.746 buoyancy_pwm=102 mask_valid=1 mask=0 forward_active=0
$T,473,-13,-7,14,61,227,1028,-761,-280,1206,4*78
<- Minima: IDLE
[CTRL] depth_valid=1 depth=47.294 vz=-0.466 az=0.333 target_valid=1 target=50.000 pid=0.000 pid_base=0.728 buoyancy_pwm=0 mask_valid=1 mask=0 forward_active=0
<- Minima: BUOY 
[CTRL] depth_valid=1 depth=47.838 vz=1.128 az=1.552 target_valid=1 target=50.000 pid=-26.976 pid_base=0.732 buoyancy_pwm=80 mask_valid=1 mask=384 forward_active=0
[CTRL] depth_valid=1 depth=48.838 vz=2.252 az=1.773 target_valid=1 target=50.000 pid=-44.442 pid_base=0.753 buoyancy_pwm=113 mask_valid=1 mask=384 forward_active=0
[CTRL] depth_valid=1 depth=49.902 vz=2.477 az=1.134 target_valid=1 target=50.000 pid=-50.212 pid_base=0.782 buoyancy_pwm=128 mask_valid=1 mask=384 forward_active=0
$T,501,26,11,14,61,227,968,-721,-215,1200,4*7F
[CTRL] depth_valid=1 depth=50.880 vz=2.100 az=0.222 target_valid=1 target=50.000 pid=-47.829 pid_base=0.813 buoyancy_pwm=122 mask_valid=1 mask=384 forward_active=0
[CTRL] depth_valid=1 depth=51.463 vz=1.171 az=-0.716 target_valid=1 target=50.000 pid=-37.135 pid_base=0.837 buoyancy_pwm=95 mask_valid=1 mask=384 forward_active=0
[CTRL] depth_valid=1 depth=51.567 vz=0.061 az=-1.356 target_valid=1 target=50.000 pid=-22.782 pid_base=0.848 buoyancy_pwm=80 mask_valid=1 mask=384 forward_active=0
[CTRL] depth_valid=1 depth=51.263 vz=-0.997 az=-1.717 target_valid=1 target=50.000 pid=-8.037 pid_base=0.846 buoyancy_pwm=80 mask_valid=1 mask=384 forward_active=0
$T,512,-9,-15,14,60,,950,-698,-191,1197,4*78
[OK]hb
<- Minima: IDLE
[CTRL] depth_valid=1 depth=50.545 vz=-1.970 az=-1.883 target_valid=1 target=50.000 pid=40.453 pid_base=0.830 buoyancy_pwm=103 mask_valid=1 mask=0 forward_active=0
<- Minima: BUOY 
[CTRL] depth_valid=1 depth=49.537 vz=-2.528 az=-1.573 target_valid=1 target=50.000 pid=100.000 pid_base=0.800 buoyancy_pwm=255 mask_valid=1 mask=0 forward_active=0
[CTRL] depth_valid=1 depth=48.903 vz=-1.785 az=-0.321 target_valid=1 target=50.000 pid=52.187 pid_base=0.778 buoyancy_pwm=133 mask_valid=1 mask=0 forward_active=0
<- Minima: IDLE
[CTRL] depth_valid=1 depth=49.163 vz=0.340 az=1.604 target_valid=1 target=50.000 pid=-20.201 pid_base=0.781 buoyancy_pwm=0 mask_valid=1 mask=0 forward_active=0
$T,492,6,17,13,,,999,-774,-232,1196,0*74
<- Minima: BUOY 
[CTRL] depth_valid=1 depth=50.101 vz=2.144 az=2.388 target_valid=1 target=50.000 pid=-46.715 pid_base=0.806 buoyancy_pwm=119 mask_valid=1 mask=384 forward_active=0
[CTRL] depth_valid=1 depth=51.388 vz=3.031 az=2.027 target_valid=1 target=50.000 pid=-62.045 pid_base=0.848 buoyancy_pwm=158 mask_valid=1 mask=384 forward_active=0
[CTRL] depth_valid=1 depth=52.629 vz=2.991 az=1.107 target_valid=1 target=50.000 pid=-65.028 pid_base=0.895 buoyancy_pwm=166 mask_valid=1 mask=384 forward_active=0
[CTRL] depth_valid=1 depth=53.472 vz=2.055 az=-0.135 target_valid=1 target=50.000 pid=-55.134 pid_base=0.936 buoyancy_pwm=141 mask_valid=1 mask=384 forward_active=0
$T,535,17,-4,14,,,960,-719,-188,1196,4*5B
[CTRL] depth_valid=1 depth=53.923 vz=0.836 az=-1.165 target_valid=1 target=50.000 pid=-40.496 pid_base=0.968 buoyancy_pwm=103 mask_valid=1 mask=384 forward_active=0
[CTRL] depth_valid=1 depth=53.966 vz=-0.209 az=-1.576 target_valid=1 target=50.000 pid=-27.127 pid_base=0.989 buoyancy_pwm=80 mask_valid=1 mask=384 forward_active=0
[OK]hb
[CTRL] depth_valid=1 depth=53.499 vz=-1.360 az=-1.916 target_valid=1 target=50.000 pid=-10.951 pid_base=0.994 buoyancy_pwm=80 mask_valid=1 mask=384 forward_active=0
<- Minima: IDLE
[CTRL] depth_valid=1 depth=52.606 vz=-2.327 az=-1.967 target_valid=1 target=50.000 pid=23.761 pid_base=0.983 buoyancy_pwm=0 mask_valid=1 mask=0 forward_active=0
$T,523,-25,-20,,,,961,-704,-182,1201,0*4D
<- Minima: BUOY 
[CTRL] depth_valid=1 depth=51.321 vz=-3.051 az=-1.736 target_valid=1 target=50.000 pid=100.000 pid_base=0.955 buoyancy_pwm=255 mask_valid=1 mask=0 forward_active=0
[CTRL] depth_valid=1 depth=50.104 vz=-2.862 az=-0.810 target_valid=1 target=50.000 pid=100.000 pid_base=0.919 buoyancy_pwm=255 mask_valid=1 mask=0 forward_active=0
[CTRL] depth_valid=1 depth=49.822 vz=-0.871 az=1.204 target_valid=1 target=50.000 pid=-8.241 pid_base=0.910 buoyancy_pwm=80 mask_valid=1 mask=384 forward_active=0
[CTRL] depth_valid=1 depth=50.216 vz=1.005 az=2.258 target_valid=1 target=50.000 pid=-34.308 pid_base=0.921 buoyancy_pwm=87 mask_valid=1 mask=384 forward_active=0
$T,503,13,23,13,,,992,-756,-207,1195,4*44
[CTRL] depth_valid=1 depth=51.157 vz=2.341 az=2.373 target_valid=1 target=50.000 pid=-54.700 pid_base=0.952 buoyancy_pwm=139 mask_valid=1 mask=384 forward_active=0
[CTRL] depth_valid=1 depth=51.806 vz=1.901 az=0.962 target_valid=1 target=50.000 pid=-50.718 pid_base=0.979 buoyancy_pwm=129 mask_valid=1 mask=384 forward_active=0
[CTRL] depth_valid=1 depth=52.122 vz=0.900 az=-0.317 target_valid=1 target=50.000 pid=-38.430 pid_base=0.999 buoyancy_pwm=98 mask_valid=1 mask=384 forward_active=0
[CTRL] depth_valid=1 depth=52.048 vz=-0.197 az=-1.117 target_valid=1 target=50.000 pid=-23.849 pid_base=1.007 buoyancy_pwm=80 mask_valid=1 mask=384 forward_active=0
$T,519,-4,-12,,,,970,-721,-179,1200,4*70
[OK]hb
[CTRL] depth_valid=1 depth=51.522 vz=-1.330 az=-1.621 target_valid=1 target=50.000 pid=-7.543 pid_base=1.001 buoyancy_pwm=80 mask_valid=1 mask=384 forward_active=0
[CTRL] depth_valid=1 depth=50.371 vz=-2.710 az=-2.115 target_valid=1 target=50.000 pid=82.787 pid_base=0.972 buoyancy_pwm=211 mask_valid=1 mask=0 forward_active=0
[CTRL] depth_valid=1 depth=49.010 vz=-3.312 az=-1.762 target_valid=1 target=50.000 pid=100.000 pid_base=0.931 buoyancy_pwm=255 mask_valid=1 mask=0 forward_active=0
[CTRL] depth_valid=1 depth=47.981 vz=-2.591 az=-0.422 target_valid=1 target=50.000 pid=100.000 pid_base=0.900 buoyancy_pwm=255 mask_valid=1 mask=0 forward_active=0
$T,478,-22,0,,,,1042,-788,-242,1198,4*6F
<- Minima: IDLE
[CTRL] depth_valid=1 depth=47.793 vz=-0.581 az=1.452 target_valid=1 target=50.000 pid=-7.514 pid_base=0.885 buoyancy_pwm=80 mask_valid=1 mask=384 forward_active=0
<- Minima: BUOY 
[CTRL] depth_valid=1 depth=48.626 vz=1.792 az=2.739 target_valid=1 target=50.000 pid=-41.169 pid_base=0.901 buoyancy_pwm=105 mask_valid=1 mask=384 forward_active=0
[CTRL] depth_valid=1 depth=49.722 vz=2.716 az=2.251 target_valid=1 target=50.000 pid=-56.310 pid_base=0.930 buoyancy_pwm=144 mask_valid=1 mask=384 forward_active=0
[CTRL] depth_valid=1 depth=50.685 vz=2.422 az=0.964 target_valid=1 target=50.000 pid=-54.989 pid_base=0.959 buoyancy_pwm=140 mask_valid=1 mask=384 forward_active=0
$T,507,21,6,,,,935,-718,-135,1199,4*7D
[CTRL] depth_valid=1 depth=50.972 vz=0.808 az=-0.870 target_valid=1 target=50.000 pid=-34.323 pid_base=0.973 buoyancy_pwm=88 mask_valid=1 mask=384 forward_active=0
[CTRL] depth_valid=1 depth=50.899 vz=-0.402 az=-1.570 target_valid=1 target=50.000 pid=-18.118 pid_base=0.975 buoyancy_pwm=80 mask_valid=1 mask=384 forward_active=0
[OK]hb
[CTRL] depth_valid=1 depth=50.343 vz=-1.589 az=-1.978 target_valid=1 target=50.000 pid=-0.888 pid_base=0.963 buoyancy_pwm=80 mask_valid=1 mask=384 forward_active=0
[CTRL] depth_valid=1 depth=49.362 vz=-2.466 az=-1.888 target_valid=1 target=50.000 pid=80.558 pid_base=0.933 buoyancy_pwm=205 mask_valid=1 mask=0 forward_active=0
$T,491,-26,-19,,,,929,-708,-133,1202,4*41
[CTRL] depth_valid=1 depth=48.279 vz=-2.601 az=-1.157 target_valid=1 target=50.000 pid=100.000 pid_base=0.899 buoyancy_pwm=255 mask_valid=1 mask=0 forward_active=0
[CTRL] depth_valid=1 depth=47.653 vz=-1.558 az=0.244 target_valid=1 target=50.000 pid=36.362 pid_base=0.873 buoyancy_pwm=93 mask_valid=1 mask=0 forward_active=0
[CTRL] depth_valid=1 depth=47.961 vz=0.552 az=1.892 target_valid=1 target=50.000 pid=-22.638 pid_base=0.871 buoyancy_pwm=80 mask_valid=1 mask=384 forward_active=0
[CTRL] depth_valid=1 depth=48.933 vz=2.278 az=2.479 target_valid=1 target=50.000 pid=-48.067 pid_base=0.892 buoyancy_pwm=123 mask_valid=1 mask=384 forward_active=0
$T,491,24,24,,,,954,-730,-155,1202,4*4C
[CTRL] depth_valid=1 depth=50.303 vz=3.205 az=2.100 target_valid=1 target=50.000 pid=-64.023 pid_base=0.931 buoyancy_pwm=163 mask_valid=1 mask=384 forward_active=0
[CTRL] depth_valid=1 depth=51.319 vz=2.504 az=0.528 target_valid=1 target=50.000 pid=-57.473 pid_base=0.965 buoyancy_pwm=147 mask_valid=1 mask=384 forward_active=0
[CTRL] depth_valid=1 depth=51.910 vz=1.285 az=-0.790 target_valid=1 target=50.000 pid=-42.977 pid_base=0.991 buoyancy_pwm=110 mask_valid=1 mask=384 forward_active=0
[CTRL] depth_valid=1 depth=52.175 vz=0.285 az=-1.353 target_valid=1 target=50.000 pid=-30.588 pid_base=1.010 buoyancy_pwm=80 mask_valid=1 mask=384 forward_active=0
$T,521,0,-15,,,,941,-697,-139,1197,4*52
[OK]hb
[CTRL] depth_valid=1 depth=51.918 vz=-0.883 az=-1.809 target_valid=1 target=50.000 pid=-14.560 pid_base=1.013 buoyancy_pwm=80 mask_valid=1 mask=384 forward_active=0
<- Minima: IDLE
[CTRL] depth_valid=1 depth=51.094 vz=-2.160 az=-2.177 target_valid=1 target=50.000 pid=26.832 pid_base=0.996 buoyancy_pwm=80 mask_valid=1 mask=0 forward_active=0
<- Minima: BUOY 
[CTRL] depth_valid=1 depth=49.907 vz=-2.988 az=-1.996 target_valid=1 target=50.000 pid=100.000 pid_base=0.964 buoyancy_pwm=255 mask_valid=1 mask=0 forward_active=0
[CTRL] depth_valid=1 depth=48.770 vz=-2.875 az=-1.094 target_valid=1 target=50.000 pid=100.000 pid_base=0.930 buoyancy_pwm=255 mask_valid=1 mask=0 forward_active=0
$T,486,-27,-8,,,,1012,-747,-214,1193,4*40
[CTRL] depth_valid=1 depth=48.277 vz=-1.341 az=0.660 target_valid=1 target=50.000 pid=6.652 pid_base=0.910 buoyancy_pwm=80 mask_valid=1 mask=0 forward_active=0
[CTRL] depth_valid=1 depth=48.713 vz=0.908 az=2.251 target_valid=1 target=50.000 pid=-29.868 pid_base=0.915 buoyancy_pwm=80 mask_valid=1 mask=384 forward_active=0
[CTRL] depth_valid=1 depth=49.716 vz=2.496 az=2.609 target_valid=1 target=50.000 pid=-53.612 pid_base=0.940 buoyancy_pwm=137 mask_valid=1 mask=384 forward_active=0
[CTRL] depth_valid=1 depth=50.709 vz=2.605 az=1.544 target_valid=1 target=50.000 pid=-57.736 pid_base=0.971 buoyancy_pwm=147 mask_valid=1 mask=384 forward_active=0
$T,508,25,13,,,,943,-693,-145,1194,4*4B
[CTRL] depth_valid=1 depth=51.454 vz=1.896 az=0.266 target_valid=1 target=50.000 pid=-50.385 pid_base=0.999 buoyancy_pwm=128 mask_valid=1 mask=384 forward_active=0
[CTRL] depth_valid=1 depth=51.397 vz=0.101 az=-1.321 target_valid=1 target=50.000 pid=-26.458 pid_base=1.004 buoyancy_pwm=80 mask_valid=1 mask=384 forward_active=0
[OK]hb
[CTRL] depth_valid=1 depth=51.011 vz=-1.112 az=-1.807 target_valid=1 target=50.000 pid=-9.395 pid_base=0.999 buoyancy_pwm=80 mask_valid=1 mask=384 forward_active=0
<- Minima: IDLE
[CTRL] depth_valid=1 depth=50.220 vz=-2.051 az=-1.849 target_valid=1 target=50.000 pid=30.872 pid_base=0.979 buoyancy_pwm=80 mask_valid=1 mask=0 forward_active=0
$T,499,-23,-19,,,,951,-681,-159,1200,0*49
<- Minima: BUOY 
[CTRL] depth_valid=1 depth=48.977 vz=-2.902 az=-1.763 target_valid=1 target=50.000 pid=100.000 pid_base=0.941 buoyancy_pwm=255 mask_valid=1 mask=0 forward_active=0
[CTRL] depth_valid=1 depth=47.806 vz=-2.803 az=-0.917 target_valid=1 target=50.000 pid=100.000 pid_base=0.906 buoyancy_pwm=255 mask_valid=1 mask=0 forward_active=0
[CTRL] depth_valid=1 depth=47.444 vz=-1.036 az=0.972 target_valid=1 target=50.000 pid=0.000 pid_base=0.887 buoyancy_pwm=0 mask_valid=1 mask=0 forward_active=0
[CTRL] depth_valid=1 depth=48.194 vz=1.616 az=2.779 target_valid=1 target=50.000 pid=-37.889 pid_base=0.898 buoyancy_pwm=97 mask_valid=1 mask=384 forward_active=0
$T,483,19,28,,,,976,-756,-180,1200,4*47
[CTRL] depth_valid=1 depth=49.394 vz=2.932 az=2.602 target_valid=1 target=50.000 pid=-58.489 pid_base=0.927 buoyancy_pwm=149 mask_valid=1 mask=384 forward_active=0
[CTRL] depth_valid=1 depth=50.385 vz=2.540 az=1.063 target_valid=1 target=50.000 pid=-55.892 pid_base=0.957 buoyancy_pwm=143 mask_valid=1 mask=384 forward_active=0
[CTRL] depth_valid=1 depth=50.916 vz=1.350 az=-0.429 target_valid=1 target=50.000 pid=-41.511 pid_base=0.976 buoyancy_pwm=106 mask_valid=1 mask=384 forward_active=0
[CTRL] depth_valid=1 depth=51.033 vz=0.124 az=-1.311 target_valid=1 target=50.000 pid=-25.597 pid_base=0.984 buoyancy_pwm=80 mask_valid=1 mask=384 forward_active=0
$T,510,0,-14,,,,959,-722,-160,1201,4*57
[OK]hb
[CTRL] depth_valid=1 depth=50.791 vz=-0.855 az=-1.622 target_valid=1 target=50.000 pid=-12.013 pid_base=0.982 buoyancy_pwm=80 mask_valid=1 mask=384 forward_active=0
<- Minima: IDLE
[CTRL] depth_valid=1 depth=49.912 vz=-2.180 az=-2.085 target_valid=1 target=50.000 pid=47.725 pid_base=0.958 buoyancy_pwm=122 mask_valid=1 mask=0 forward_active=0
<- Minima: BUOY 
[CTRL] depth_valid=1 depth=48.763 vz=-2.866 az=-1.807 target_valid=1 target=50.000 pid=100.000 pid_base=0.922 buoyancy_pwm=255 mask_valid=1 mask=0 forward_active=0
[CTRL] depth_valid=1 depth=47.840 vz=-2.339 az=-0.586 target_valid=1 target=50.000 pid=93.994 pid_base=0.893 buoyancy_pwm=240 mask_valid=1 mask=0 forward_active=0
$T,477,-21,-3,,,,1049,-786,-251,1198,4*4A
[CTRL] depth_valid=1 depth=47.768 vz=-0.328 az=1.395 target_valid=1 target=50.000 pid=-10.703 pid_base=0.879 buoyancy_pwm=80 mask_valid=1 mask=384 forward_active=0
[CTRL] depth_valid=1 depth=48.687 vz=2.035 az=2.747 target_valid=1 target=50.000 pid=-44.446 pid_base=0.897 buoyancy_pwm=113 mask_valid=1 mask=384 forward_active=0
[CTRL] depth_valid=1 depth=49.875 vz=2.924 az=2.234 target_valid=1 target=50.000 pid=-59.379 pid_base=0.929 buoyancy_pwm=151 mask_valid=1 mask=384 forward_active=0
[CTRL] depth_valid=1 depth=51.168 vz=3.109 az=1.398 target_valid=1 target=50.000 pid=-65.352 pid_base=0.970 buoyancy_pwm=167 mask_valid=1 mask=384 forward_active=0
$T,513,29,10,,,,960,-729,-161,1200,4*47
[CTRL] depth_valid=1 depth=52.053 vz=2.037 az=-0.198 target_valid=1 target=50.000 pid=-53.595 pid_base=1.005 buoyancy_pwm=137 mask_valid=1 mask=384 forward_active=0
[CTRL] depth_valid=1 depth=52.568 vz=0.964 az=-1.070 target_valid=1 target=50.000 pid=-40.914 pid_base=1.032 buoyancy_pwm=104 mask_valid=1 mask=384 forward_active=0
[OK]hb
[CTRL] depth_valid=1 depth=52.508 vz=-0.388 az=-1.789 target_valid=1 target=50.000 pid=-23.030 pid_base=1.043 buoyancy_pwm=80 mask_valid=1 mask=384 forward_active=0
[CTRL] depth_valid=1 depth=52.029 vz=-1.459 az=-1.984 target_valid=1 target=50.000 pid=-7.724 pid_base=1.041 buoyancy_pwm=80 mask_valid=1 mask=384 forward_active=0
$T,518,-18,-21,,,,952,-705,-153,1204,4*46
[CTRL] depth_valid=1 depth=51.054 vz=-2.438 az=-1.972 target_valid=1 target=50.000 pid=46.457 pid_base=1.020 buoyancy_pwm=118 mask_valid=1 mask=0 forward_active=0
[CTRL] depth_valid=1 depth=49.665 vz=-3.227 az=-1.769 target_valid=1 target=50.000 pid=100.000 pid_base=0.980 buoyancy_pwm=255 mask_valid=1 mask=0 forward_active=0
[CTRL] depth_valid=1 depth=48.655 vz=-2.497 az=-0.382 target_valid=1 target=50.000 pid=89.239 pid_base=0.950 buoyancy_pwm=228 mask_valid=1 mask=0 forward_active=0
[CTRL] depth_valid=1 depth=48.455 vz=-0.517 az=1.498 target_valid=1 target=50.000 pid=-10.834 pid_base=0.937 buoyancy_pwm=80 mask_valid=1 mask=384 forward_active=0
$T,484,-2,16,,,,1067,-784,-270,1204,4*65
[CTRL] depth_valid=1 depth=49.209 vz=1.740 az=2.716 target_valid=1 target=50.000 pid=-42.791 pid_base=0.953 buoyancy_pwm=109 mask_valid=1 mask=384 forward_active=0
[CTRL] depth_valid=1 depth=50.261 vz=2.717 az=2.343 target_valid=1 target=50.000 pid=-58.585 pid_base=0.983 buoyancy_pwm=149 mask_valid=1 mask=384 forward_active=0
[CTRL] depth_valid=1 depth=51.086 vz=2.258 az=0.937 target_valid=1 target=50.000 pid=-54.732 pid_base=1.010 buoyancy_pwm=140 mask_valid=1 mask=384 forward_active=0
[CTRL] depth_valid=1 depth=51.619 vz=1.330 az=-0.266 target_valid=1 target=50.000 pid=-43.927 pid_base=1.033 buoyancy_pwm=112 mask_valid=1 mask=384 forward_active=0
$T,516,10,-5,,,,991,-721,-190,1194,4*57
[OK]hb
[CTRL] depth_valid=1 depth=51.615 vz=-0.010 az=-1.276 target_valid=1 target=50.000 pid=-26.237 pid_base=1.041 buoyancy_pwm=80 mask_valid=1 mask=384 forward_active=0
[CTRL] depth_valid=1 depth=51.037 vz=-1.392 az=-1.869 target_valid=1 target=50.000 pid=-6.432 pid_base=1.031 buoyancy_pwm=80 mask_valid=1 mask=384 forward_active=0
[CTRL] depth_valid=1 depth=49.975 vz=-2.565 az=-2.056 target_valid=1 target=50.000 pid=71.847 pid_base=1.002 buoyancy_pwm=183 mask_valid=1 mask=0 forward_active=0
[CTRL] depth_valid=1 depth=48.645 vz=-3.183 az=-1.706 target_valid=1 target=50.000 pid=100.000 pid_base=0.962 buoyancy_pwm=255 mask_valid=1 mask=0 forward_active=0
$T,484,-31,-15,,,,1005,-733,-209,1201,4*78
[CTRL] depth_valid=1 depth=47.649 vz=-2.482 az=-0.394 target_valid=1 target=50.000 pid=100.000 pid_base=0.932 buoyancy_pwm=255 mask_valid=1 mask=0 forward_active=0
[CTRL] depth_valid=1 depth=47.520 vz=-0.448 az=1.497 target_valid=1 target=50.000 pid=-9.470 pid_base=0.918 buoyancy_pwm=80 mask_valid=1 mask=384 forward_active=0
[CTRL] depth_valid=1 depth=48.380 vz=1.949 az=2.838 target_valid=1 target=50.000 pid=-43.475 pid_base=0.933 buoyancy_pwm=111 mask_valid=1 mask=384 forward_active=0
[CTRL] depth_valid=1 depth=49.552 vz=2.918 az=2.355 target_valid=1 target=50.000 pid=-59.402 pid_base=0.963 buoyancy_pwm=151 mask_valid=1 mask=384 forward_active=0
$T,497,29,21,,,,997,-712,-206,1201,4*4B
[CTRL] depth_valid=1 depth=50.823 vz=3.081 az=1.437 target_valid=1 target=50.000 pid=-64.983 pid_base=1.001 buoyancy_pwm=166 mask_valid=1 mask=384 forward_active=0
[CTRL] depth_valid=1 depth=51.711 vz=2.105 az=-0.058 target_valid=1 target=50.000 pid=-54.477 pid_base=1.034 buoyancy_pwm=139 mask_valid=1 mask=384 forward_active=0
[OK]hb
[CTRL] depth_valid=1 depth=52.071 vz=0.782 az=-1.133 target_valid=1 target=50.000 pid=-38.005 pid_base=1.055 buoyancy_pwm=97 mask_valid=1 mask=384 forward_active=0
[CTRL] depth_valid=1 depth=52.092 vz=-0.293 az=-1.613 target_valid=1 target=50.000 pid=-23.960 pid_base=1.066 buoyancy_pwm=80 mask_valid=1 mask=384 forward_active=0
$T,520,-5,-17,,,,966,-685,-170,1195,4*70
[CTRL] depth_valid=1 depth=51.614 vz=-1.408 az=-1.928 target_valid=1 target=50.000 pid=-8.033 pid_base=1.061 buoyancy_pwm=80 mask_valid=1 mask=384 forward_active=0
[CTRL] depth_valid=1 depth=50.528 vz=-2.624 az=-2.125 target_valid=1 target=50.000 pid=65.630 pid_base=1.035 buoyancy_pwm=167 mask_valid=1 mask=0 forward_active=0
[CTRL] depth_valid=1 depth=49.246 vz=-3.170 az=-1.712 target_valid=1 target=50.000 pid=100.000 pid_base=0.997 buoyancy_pwm=255 mask_valid=1 mask=0 forward_active=0
[CTRL] depth_valid=1 depth=48.348 vz=-2.350 az=-0.308 target_valid=1 target=50.000 pid=78.976 pid_base=0.967 buoyancy_pwm=201 mask_valid=1 mask=0 forward_active=0
$T,482,-21,-1,,,,1019,-755,-220,1197,4*40
[CTRL] depth_valid=1 depth=48.250 vz=-0.331 az=1.544 target_valid=1 target=50.000 pid=-13.300 pid_base=0.955 buoyancy_pwm=0 mask_valid=1 mask=0 forward_active=0
<- Minima: IDLE
[CTRL] depth_valid=1 depth=48.992 vz=1.781 az=2.665 target_valid=1 target=50.000 pid=-43.279 pid_base=0.970 buoyancy_pwm=110 mask_valid=1 mask=384 forward_active=0
<- Minima: BUOY 
[CTRL] depth_valid=1 depth=50.414 vz=3.446 az=2.908 target_valid=1 target=50.000 pid=-69.219 pid_base=1.010 buoyancy_pwm=177 mask_valid=1 mask=384 forward_active=0
[CTRL] depth_valid=1 depth=52.200 vz=3.804 az=1.774 target_valid=1 target=50.000 pid=-78.910 pid_base=1.071 buoyancy_pwm=201 mask_valid=1 mask=384 forward_active=0
$T,521,38,17,,,,951,-704,-156,1197,4*45
[OK]hb
[CTRL] depth_valid=1 depth=53.388 vz=2.855 az=0.158 target_valid=1 target=50.000 pid=-69.729 pid_base=1.120 buoyancy_pwm=178 mask_valid=1 mask=384 forward_active=0
[CTRL] depth_valid=1 depth=54.118 vz=1.470 az=-1.142 target_valid=1 target=50.000 pid=-53.625 pid_base=1.161 buoyancy_pwm=137 mask_valid=1 mask=384 forward_active=0
[CTRL] depth_valid=1 depth=54.528 vz=0.440 az=-1.609 target_valid=1 target=50.000 pid=-41.474 pid_base=1.195 buoyancy_pwm=106 mask_valid=1 mask=384 forward_active=0
[CTRL] depth_valid=1 depth=54.463 vz=-0.529 az=-1.757 target_valid=1 target=50.000 pid=-28.881 pid_base=1.216 buoyancy_pwm=80 mask_valid=1 mask=384 forward_active=0
$T,543,-7,-18,,,,945,-683,-147,1195,4*7B
[CTRL] depth_valid=1 depth=53.978 vz=-1.472 az=-1.859 target_valid=1 target=50.000 pid=-15.500 pid_base=1.223 buoyancy_pwm=80 mask_valid=1 mask=384 forward_active=0
[CTRL] depth_valid=1 depth=52.902 vz=-2.649 az=-2.097 target_valid=1 target=50.000 pid=15.984 pid_base=1.208 buoyancy_pwm=80 mask_valid=1 mask=0 forward_active=0
<- Minima: IDLE
[CTRL] depth_valid=1 depth=51.538 vz=-3.287 az=-1.760 target_valid=1 target=50.000 pid=87.313 pid_base=1.179 buoyancy_pwm=223 mask_valid=1 mask=0 forward_active=0
<- Minima: BUOY 
[CTRL] depth_valid=1 depth=50.231 vz=-3.089 az=-0.821 target_valid=1 target=50.000 pid=91.935 pid_base=1.143 buoyancy_pwm=234 mask_valid=1 mask=0 forward_active=0
$T,500,-28,-5,,,,1006,-736,-212,1195,4*4E
[CTRL] depth_valid=1 depth=49.729 vz=-1.321 az=1.035 target_valid=1 target=50.000 pid=-6.901 pid_base=1.128 buoyancy_pwm=0 mask_valid=1 mask=0 forward_active=0
<- Minima: IDLE
[CTRL] depth_valid=1 depth=49.985 vz=0.678 az=2.291 target_valid=1 target=50.000 pid=-34.219 pid_base=1.134 buoyancy_pwm=87 mask_valid=1 mask=384 forward_active=0
<- Minima: BUOY 
[OK]hb
[CTRL] depth_valid=1 depth=50.932 vz=2.395 az=2.750 target_valid=1 target=50.000 pid=-59.680 pid_base=1.165 buoyancy_pwm=152 mask_valid=1 mask=384 forward_active=0
[CTRL] depth_valid=1 depth=52.137 vz=3.079 az=2.126 target_valid=1 target=50.000 pid=-72.170 pid_base=1.208 buoyancy_pwm=184 mask_valid=1 mask=384 forward_active=0
$T,523,30,18,,,,969,-701,-180,1204,4*4C
[CTRL] depth_valid=1 depth=53.194 vz=2.699 az=0.881 target_valid=1 target=50.000 pid=-70.201 pid_base=1.252 buoyancy_pwm=179 mask_valid=1 mask=384 forward_active=0
[CTRL] depth_valid=1 depth=53.784 vz=1.170 az=-0.806 target_valid=1 target=50.000 pid=-51.828 pid_base=1.290 buoyancy_pwm=132 mask_valid=1 mask=384 forward_active=0
[CTRL] depth_valid=1 depth=53.870 vz=0.001 az=-1.479 target_valid=1 target=50.000 pid=-36.899 pid_base=1.311 buoyancy_pwm=94 mask_valid=1 mask=384 forward_active=0
[CTRL] depth_valid=1 depth=53.470 vz=-1.156 az=-1.836 target_valid=1 target=50.000 pid=-20.815 pid_base=1.318 buoyancy_pwm=80 mask_valid=1 mask=384 forward_active=0
$T,533,-13,-19,,,,958,-683,-163,1204,4*49
[CTRL] depth_valid=1 depth=52.527 vz=-2.444 az=-2.226 target_valid=1 target=50.000 pid=-1.481 pid_base=1.305 buoyancy_pwm=80 mask_valid=1 mask=384 forward_active=0
[CTRL] depth_valid=1 depth=51.217 vz=-3.214 az=-1.938 target_valid=1 target=50.000 pid=72.413 pid_base=1.276 buoyancy_pwm=185 mask_valid=1 mask=0 forward_active=0
[CTRL] depth_valid=1 depth=49.688 vz=-3.615 az=-1.465 target_valid=1 target=50.000 pid=100.000 pid_base=1.233 buoyancy_pwm=255 mask_valid=1 mask=0 forward_active=0
[CTRL] depth_valid=1 depth=48.687 vz=-2.516 az=0.068 target_valid=1 target=50.000 pid=56.987 pid_base=1.200 buoyancy_pwm=145 mask_valid=1 mask=0 forward_active=0
$T,486,-21,4,,,,1015,-766,-220,1200,4*6D
[OK]hb
Ascending...
[OK]k#50[ACK] k#50

[CTRL] depth_valid=1 depth=48.620 vz=-0.288 az=1.904 target_valid=0 target=0.000 pid=-100.000 pid_base=0.000 buoyancy_pwm=255 mask_valid=1 mask=384 forward_active=0
[CTRL] depth_valid=1 depth=49.180 vz=1.415 az=2.303 target_valid=0 target=0.000 pid=-100.000 pid_base=0.000 buoyancy_pwm=255 mask_valid=1 mask=384 forward_active=0
[CTRL] depth_valid=1 depth=49.469 vz=1.146 az=1.061 target_valid=0 target=0.000 pid=-100.000 pid_base=0.000 buoyancy_pwm=255 mask_valid=1 mask=384 forward_active=0
[CTRL] depth_valid=1 depth=49.050 vz=-0.562 az=-0.889 target_valid=0 target=0.000 pid=-100.000 pid_base=0.000 buoyancy_pwm=255 mask_valid=1 mask=384 forward_active=0
$T,490,-5,-8,,,,962,-694,-155,1200,4*48
[CTRL] depth_valid=1 depth=48.016 vz=-2.363 az=-2.123 target_valid=0 target=0.000 pid=-100.000 pid_base=0.000 buoyancy_pwm=255 mask_valid=1 mask=384 forward_active=0
[CTRL] depth_valid=1 depth=46.096 vz=-4.408 az=-3.007 target_valid=0 target=0.000 pid=-100.000 pid_base=0.000 buoyancy_pwm=255 mask_valid=1 mask=384 forward_active=0
[CTRL] depth_valid=1 depth=43.384 vz=-6.208 az=-3.288 target_valid=0 target=0.000 pid=-100.000 pid_base=0.000 buoyancy_pwm=255 mask_valid=1 mask=384 forward_active=0
[CTRL] depth_valid=1 depth=39.719 vz=-8.207 az=-3.631 target_valid=0 target=0.000 pid=-100.000 pid_base=0.000 buoyancy_pwm=255 mask_valid=1 mask=384 forward_active=0
$T,389,-87,-38,,,,951,-684,-139,1198,4*47
[CTRL] depth_valid=1 depth=34.951 vz=-10.420 az=-3.980 target_valid=0 target=0.000 pid=-100.000 pid_base=0.000 buoyancy_pwm=255 mask_valid=1 mask=384 forward_active=0
[CTRL] depth_valid=1 depth=29.221 vz=-12.504 az=-4.089 target_valid=0 target=0.000 pid=-100.000 pid_base=0.000 buoyancy_pwm=255 mask_valid=1 mask=384 forward_active=0
[OK]hb
[CTRL] depth_valid=1 depth=22.551 vz=-14.379 az=-4.004 target_valid=0 target=0.000 pid=-100.000 pid_base=0.000 buoyancy_pwm=255 mask_valid=1 mask=384 forward_active=0
[CTRL] depth_valid=1 depth=15.323 vz=-15.590 az=-3.336 target_valid=0 target=0.000 pid=-100.000 pid_base=0.000 buoyancy_pwm=255 mask_valid=1 mask=384 forward_active=0
$T,140,-157,-32,,,,954,-691,-138,1201,4*75
[CTRL] depth_valid=1 depth=8.904 vz=-13.317 az=0.344 target_valid=0 target=0.000 pid=-100.000 pid_base=0.000 buoyancy_pwm=255 mask_valid=1 mask=384 forward_active=0
[CTRL] depth_valid=1 depth=9.866 vz=1.778 az=13.191 target_valid=0 target=0.000 pid=-100.000 pid_base=0.000 buoyancy_pwm=255 mask_valid=1 mask=384 forward_active=0
[CTRL] depth_valid=1 depth=12.965 vz=8.645 az=12.877 target_valid=0 target=0.000 pid=-100.000 pid_base=0.000 buoyancy_pwm=255 mask_valid=1 mask=384 forward_active=0
[CTRL] depth_valid=1 depth=15.254 vz=7.740 az=6.435 target_valid=0 target=0.000 pid=-100.000 pid_base=0.000 buoyancy_pwm=255 mask_valid=1 mask=384 forward_active=0
$T,154,70,51,,,8,956,-684,-152,1201,4*73
EMERGENCY STOP: global pressure balance started (5s), commands locked.
[OK]s#51[ACK] s#51

[CTRL] depth_valid=1 depth=14.973 vz=1.204 az=-1.965 target_valid=0 target=0.000 pid=0.000 pid_base=0.000 buoyancy_pwm=0 mask_valid=1 mask=256 forward_active=0
<- Minima: FWD TURN BUOY 
[CTRL] depth_valid=1 depth=12.238 vz=-5.430 az=-6.525 target_valid=0 target=0.000 pid=0.000 pid_base=0.000 buoyancy_pwm=0 mask_valid=1 mask=130 forward_active=0
[CTRL] depth_valid=1 depth=10.861 vz=-4.332 az=-2.689 target_valid=0 target=0.000 pid=0.000 pid_base=0.000 buoyancy_pwm=0 mask_valid=1 mask=260 forward_active=0
[CTRL] depth_valid=1 depth=10.679 vz=-1.306 az=0.945 target_valid=0 target=0.000 pid=0.000 pid_base=0.000 buoyancy_pwm=0 mask_valid=1 mask=130 forward_active=0
$T,107,-7,14,,,,973,-760,-193,1196,7*5E
[OK]hb
[CTRL] depth_valid=1 depth=11.996 vz=2.748 az=3.976 target_valid=0 target=0.000 pid=0.000 pid_base=0.000 buoyancy_pwm=0 mask_valid=1 mask=260 forward_active=0
[CTRL] depth_valid=1 depth=13.876 vz=4.422 az=3.484 target_valid=0 target=0.000 pid=0.000 pid_base=0.000 buoyancy_pwm=0 mask_valid=1 mask=130 forward_active=0
[CTRL] depth_valid=1 depth=14.184 vz=1.496 az=-0.582 target_valid=0 target=0.000 pid=0.000 pid_base=0.000 buoyancy_pwm=0 mask_valid=1 mask=260 forward_active=0
[CTRL] depth_valid=1 depth=13.368 vz=-1.620 az=-2.944 target_valid=0 target=0.000 pid=0.000 pid_base=0.000 buoyancy_pwm=0 mask_valid=1 mask=130 forward_active=0
$T,131,-20,-30,,,8,969,-725,-191,1198,7*7B
[CTRL] depth_valid=1 depth=11.875 vz=-3.688 az=-3.442 target_valid=0 target=0.000 pid=0.000 pid_base=0.000 buoyancy_pwm=0 mask_valid=1 mask=260 forward_active=0
[CTRL] depth_valid=1 depth=10.655 vz=-3.132 az=-1.356 target_valid=0 target=0.000 pid=0.000 pid_base=0.000 buoyancy_pwm=0 mask_valid=1 mask=130 forward_active=0
Global balance complete. System ready.
[CTRL] depth_valid=1 depth=11.311 vz=0.696 az=2.408 target_valid=0 target=0.000 pid=0.000 pid_base=0.000 buoyancy_pwm=0 mask_valid=1 mask=4 forward_active=0
<- Minima: IDLE
[CTRL] depth_valid=1 depth=12.457 vz=2.700 az=2.979 target_valid=0 target=0.000 pid=0.000 pid_base=0.000 buoyancy_pwm=0 mask_valid=1 mask=0 forward_active=0
$T,126,28,28,,,8,946,-691,-177,1198,0*70
[CTRL] depth_valid=1 depth=13.665 vz=3.037 az=1.893 target_valid=0 target=0.000 pid=0.000 pid_base=0.000 buoyancy_pwm=0 mask_valid=1 mask=0 forward_active=0
[CTRL] depth_valid=1 depth=13.912 vz=0.937 az=-0.793 target_valid=0 target=0.000 pid=0.000 pid_base=0.000 buoyancy_pwm=0 mask_valid=1 mask=0 forward_active=0
[CTRL] depth_valid=1 depth=12.829 vz=-2.237 az=-3.122 target_valid=0 target=0.000 pid=0.000 pid_base=0.000 buoyancy_pwm=0 mask_valid=1 mask=0 forward_active=0
[OK]hb
[CTRL] depth_valid=1 depth=11.677 vz=-3.011 az=-2.387 target_valid=0 target=0.000 pid=0.000 pid_base=0.000 buoyancy_pwm=0 mask_valid=1 mask=0 forward_active=0
$T,115,-28,-20,,,8,1029,-792,-259,1198,0*44
[CTRL] depth_valid=1 depth=11.007 vz=-2.028 az=-0.548 target_valid=0 target=0.000 pid=0.000 pid_base=0.000 buoyancy_pwm=0 mask_valid=1 mask=0 forward_active=0
[CTRL] depth_valid=1 depth=11.451 vz=0.646 az=1.950 target_valid=0 target=0.000 pid=0.000 pid_base=0.000 buoyancy_pwm=0 mask_valid=1 mask=0 forward_active=0
[CTRL] depth_valid=1 depth=12.654 vz=2.655 az=2.698 target_valid=0 target=0.000 pid=0.000 pid_base=0.000 buoyancy_pwm=0 mask_valid=1 mask=0 forward_active=0
[CTRL] depth_valid=1 depth=13.446 vz=2.203 az=1.092 target_valid=0 target=0.000 pid=0.000 pid_base=0.000 buoyancy_pwm=0 mask_valid=1 mask=0 forward_active=0
$T,134,18,6,,,8,951,-679,-185,1200,0*43
[CTRL] depth_valid=1 depth=13.516 vz=0.451 az=-0.891 target_valid=0 target=0.000 pid=0.000 pid_base=0.000 buoyancy_pwm=0 mask_valid=1 mask=0 forward_active=0
[CTRL] depth_valid=1 depth=12.628 vz=-1.956 az=-2.575 target_valid=0 target=0.000 pid=0.000 pid_base=0.000 buoyancy_pwm=0 mask_valid=1 mask=0 forward_active=0
[CTRL] depth_valid=1 depth=11.560 vz=-2.730 az=-2.095 target_valid=0 target=0.000 pid=0.000 pid_base=0.000 buoyancy_pwm=0 mask_valid=1 mask=0 forward_active=0
[CTRL] depth_valid=1 depth=11.257 vz=-1.206 az=0.097 target_valid=0 target=0.000 pid=0.000 pid_base=0.000 buoyancy_pwm=0 mask_valid=1 mask=0 forward_active=0
$T,112,-9,3,,,8,1033,-791,-264,1194,0*66
[OK]hb
[CTRL] depth_valid=1 depth=11.675 vz=0.750 az=1.687 target_valid=0 target=0.000 pid=0.000 pid_base=0.000 buoyancy_pwm=0 mask_valid=1 mask=0 forward_active=0
[CTRL] depth_valid=1 depth=12.590 vz=2.151 az=2.104 target_valid=0 target=0.000 pid=0.000 pid_base=0.000 buoyancy_pwm=0 mask_valid=1 mask=0 forward_active=0
[CTRL] depth_valid=1 depth=13.300 vz=1.864 az=0.880 target_valid=0 target=0.000 pid=0.000 pid_base=0.000 buoyancy_pwm=0 mask_valid=1 mask=0 forward_active=0
[CTRL] depth_valid=1 depth=13.185 vz=0.035 az=-1.069 target_valid=0 target=0.000 pid=0.000 pid_base=0.000 buoyancy_pwm=0 mask_valid=1 mask=0 forward_active=0
$T,130,-2,-13,,,8,959,-707,-193,1197,0*42
[CTRL] depth_valid=1 depth=12.570 vz=-1.463 az=-1.889 target_valid=0 target=0.000 pid=0.000 pid_base=0.000 buoyancy_pwm=0 mask_valid=1 mask=0 forward_active=0
[CTRL] depth_valid=1 depth=11.671 vz=-2.241 az=-1.724 target_valid=0 target=0.000 pid=0.000 pid_base=0.000 buoyancy_pwm=0 mask_valid=1 mask=0 forward_active=0
[CTRL] depth_valid=1 depth=11.286 vz=-1.240 az=-0.124 target_valid=0 target=0.000 pid=0.000 pid_base=0.000 buoyancy_pwm=0 mask_valid=1 mask=0 forward_active=0
[CTRL] depth_valid=1 depth=11.750 vz=0.733 az=1.540 target_valid=0 target=0.000 pid=0.000 pid_base=0.000 buoyancy_pwm=0 mask_valid=1 mask=0 forward_active=0
$T,118,8,15,,,8,1002,-757,-233,1198,0*71
[CTRL] depth_valid=1 depth=12.485 vz=1.745 az=1.676 target_valid=0 target=0.000 pid=0.000 pid_base=0.000 buoyancy_pwm=0 mask_valid=1 mask=0 forward_active=0
[CTRL] depth_valid=1 depth=13.131 vz=1.634 az=0.795 target_valid=0 target=0.000 pid=0.000 pid_base=0.000 buoyancy_pwm=0 mask_valid=1 mask=0 forward_active=0
[OK]hb
[CTRL] depth_valid=1 depth=13.113 vz=0.166 az=-0.829 target_valid=0 target=0.000 pid=0.000 pid_base=0.000 buoyancy_pwm=0 mask_valid=1 mask=0 forward_active=0
[CTRL] depth_valid=1 depth=12.502 vz=-1.374 az=-1.774 target_valid=0 target=0.000 pid=0.000 pid_base=0.000 buoyancy_pwm=0 mask_valid=1 mask=0 forward_active=0
$T,123,-15,-18,,,8,995,-748,-225,1201,0*74
[CTRL] depth_valid=1 depth=11.779 vz=-1.881 az=-1.435 target_valid=0 target=0.000 pid=0.000 pid_base=0.000 buoyancy_pwm=0 mask_valid=1 mask=0 forward_active=0
[CTRL] depth_valid=1 depth=11.430 vz=-1.096 az=-0.152 target_valid=0 target=0.000 pid=0.000 pid_base=0.000 buoyancy_pwm=0 mask_valid=1 mask=0 forward_active=0
[CTRL] depth_valid=1 depth=11.730 vz=0.472 az=1.222 target_valid=0 target=0.000 pid=0.000 pid_base=0.000 buoyancy_pwm=0 mask_valid=1 mask=0 forward_active=0
[CTRL] depth_valid=1 depth=12.373 vz=1.471 az=1.482 target_valid=0 target=0.000 pid=0.000 pid_base=0.000 buoyancy_pwm=0 mask_valid=1 mask=0 forward_active=0
$T,124,14,13,27,,7,976,-732,-206,1202,0*71
[CTRL] depth_valid=1 depth=12.877 vz=1.298 az=0.630 target_valid=0 target=0.000 pid=0.000 pid_base=0.000 buoyancy_pwm=0 mask_valid=1 mask=0 forward_active=0
[CTRL] depth_valid=1 depth=12.936 vz=0.252 az=-0.571 target_valid=0 target=0.000 pid=0.000 pid_base=0.000 buoyancy_pwm=0 mask_valid=1 mask=0 forward_active=0
[CTRL] depth_valid=1 depth=12.470 vz=-1.028 az=-1.406 target_valid=0 target=0.000 pid=0.000 pid_base=0.000 buoyancy_pwm=0 mask_valid=1 mask=0 forward_active=0
[CTRL] depth_valid=1 depth=11.907 vz=-1.469 az=-1.175 target_valid=0 target=0.000 pid=0.000 pid_base=0.000 buoyancy_pwm=0 mask_valid=1 mask=0 forward_active=0
$T,117,-15,-11,28,,7,1016,-776,-245,1197,0*4B
[OK]hb
[CTRL] depth_valid=1 depth=11.616 vz=-0.865 az=-0.132 target_valid=0 target=0.000 pid=0.000 pid_base=0.000 buoyancy_pwm=0 mask_valid=1 mask=0 forward_active=0
[CTRL] depth_valid=1 depth=11.699 vz=0.104 az=0.754 target_valid=0 target=0.000 pid=0.000 pid_base=0.000 buoyancy_pwm=0 mask_valid=1 mask=0 forward_active=0
[CTRL] depth_valid=1 depth=12.249 vz=1.164 az=1.267 target_valid=0 target=0.000 pid=0.000 pid_base=0.000 buoyancy_pwm=0 mask_valid=1 mask=0 forward_active=0
[CTRL] depth_valid=1 depth=12.701 vz=1.119 az=0.611 target_valid=0 target=0.000 pid=0.000 pid_base=0.000 buoyancy_pwm=0 mask_valid=1 mask=0 forward_active=0
$T,127,10,4,29,63,7,979,-727,-209,1202,0*4F
[CTRL] depth_valid=1 depth=12.855 vz=0.435 az=-0.271 target_valid=0 target=0.000 pid=0.000 pid_base=0.000 buoyancy_pwm=0 mask_valid=1 mask=0 forward_active=0
[CTRL] depth_valid=1 depth=12.516 vz=-0.723 az=-1.147 target_valid=0 target=0.000 pid=0.000 pid_base=0.000 buoyancy_pwm=0 mask_valid=1 mask=0 forward_active=0
[CTRL] depth_valid=1 depth=11.995 vz=-1.318 az=-1.157 target_valid=0 target=0.000 pid=0.000 pid_base=0.000 buoyancy_pwm=0 mask_valid=1 mask=0 forward_active=0
[CTRL] depth_valid=1 depth=11.643 vz=-1.028 az=-0.424 target_valid=0 target=0.000 pid=0.000 pid_base=0.000 buoyancy_pwm=0 mask_valid=1 mask=0 forward_active=0
$T,116,-9,-2,30,63,8,1029,-780,-256,1202,0*4E
[CTRL] depth_valid=1 depth=11.728 vz=-0.007 az=0.605 target_valid=0 target=0.000 pid=0.000 pid_base=0.000 buoyancy_pwm=0 mask_valid=1 mask=0 forward_active=0
[CTRL] depth_valid=1 depth=12.121 vz=0.851 az=1.029 target_valid=0 target=0.000 pid=0.000 pid_base=0.000 buoyancy_pwm=0 mask_valid=1 mask=0 forward_active=0
[CTRL] depth_valid=1 depth=12.568 vz=1.069 az=0.716 target_valid=0 target=0.000 pid=0.000 pid_base=0.000 buoyancy_pwm=0 mask_valid=1 mask=0 forward_active=0
[OK]hb
[CTRL] depth_valid=1 depth=12.708 vz=0.431 az=-0.172 target_valid=0 target=0.000 pid=0.000 pid_base=0.000 buoyancy_pwm=0 mask_valid=1 mask=0 forward_active=0
$T,127,3,-2,31,64,84,977,-736,-206,1203,0*63
[CTRL] depth_valid=1 depth=12.508 vz=-0.506 az=-0.955 target_valid=0 target=0.000 pid=0.000 pid_base=0.000 buoyancy_pwm=0 mask_valid=1 mask=0 forward_active=0
[CTRL] depth_valid=1 depth=12.083 vz=-1.116 az=-1.091 target_valid=0 target=0.000 pid=0.000 pid_base=0.000 buoyancy_pwm=0 mask_valid=1 mask=0 forward_active=0
[CTRL] depth_valid=1 depth=11.754 vz=-0.942 az=-0.470 target_valid=0 target=0.000 pid=0.000 pid_base=0.000 buoyancy_pwm=0 mask_valid=1 mask=0 forward_active=0
[CTRL] depth_valid=1 depth=11.719 vz=-0.252 az=0.294 target_valid=0 target=0.000 pid=0.000 pid_base=0.000 buoyancy_pwm=0 mask_valid=1 mask=0 forward_active=0
$T,117,0,4,31,64,47,1018,-776,-244,1203,0*74
[CTRL] depth_valid=1 depth=12.026 vz=0.598 az=0.851 target_valid=0 target=0.000 pid=0.000 pid_base=0.000 buoyancy_pwm=0 mask_valid=1 mask=0 forward_active=0
[CTRL] depth_valid=1 depth=12.406 vz=0.910 az=0.714 target_valid=0 target=0.000 pid=0.000 pid_base=0.000 buoyancy_pwm=0 mask_valid=1 mask=0 forward_active=0
[CTRL] depth_valid=1 depth=12.626 vz=0.548 az=0.034 target_valid=0 target=0.000 pid=0.000 pid_base=0.000 buoyancy_pwm=0 mask_valid=1 mask=0 forward_active=0
[CTRL] depth_valid=1 depth=12.520 vz=-0.241 az=-0.691 target_valid=0 target=0.000 pid=0.000 pid_base=0.000 buoyancy_pwm=0 mask_valid=1 mask=0 forward_active=0
$T,124,-4,-8,33,63,121,994,-750,-220,1195,0*7E
vz=-0.781 az=-0.872 target_valid=0 target=0.000 pid=0.000 pid_base=0.000 buoyancy_pwm=0 mask_valid=1 mask=0 forward_active=0
[CTRL] depth_valid=1 depth=11.858 vz=-0.914 az=-0.587 target_valid=0 target=0.000 pid=0.000 pid_base=0.000 buoyancy_pwm=0 mask_valid=1 mask=0 forward_active=0
[CTRL] depth_valid=1 depth=11.729 vz=-0.467 az=0.016 target_valid=0 target=0.000 pid=0.000 pid_base=0.000 buoyancy_pwm=0 mask_valid=1 mask=0 forward_active=0
[CTRL] depth_valid=1 depth=11.924 vz=0.309 az=0.630 target_valid=0 target=0.000 pid=0.000 pid_base=0.000 buoyancy_pwm=0 mask_valid=1 mask=0 forward_active=0
$T,119,3,6,32,63,43,1007,-768,-232,1194,0*76
[CTRL] depth_valid=1 depth=12.238 vz=0.721 az=0.670 target_valid=0 target=0.000 pid=0.000 pid_base=0.000 buoyancy_pwm=0 mask_valid=1 mask=0 forward_active=0
[CTRL] depth_valid=1 depth=12.533 vz=0.685 az=0.298 target_valid=0 target=0.000 pid=0.000 pid_base=0.000 buoyancy_pwm=0 mask_valid=1 mask=0 forward_active=0
[CTRL] depth_valid=1 depth=12.545 vz=0.086 az=-0.361 target_valid=0 target=0.000 pid=0.000 pid_base=0.000 buoyancy_pwm=0 mask_valid=1 mask=0 forward_active=0
[CTRL] depth_valid=1 depth=12.255 vz=-0.654 az=-0.839 target_valid=0 target=0.000 pid=0.000 pid_base=0.000 buoyancy_pwm=0 mask_valid=1 mask=0 forward_active=0
$T,121,-7,-8,34,63,46,1006,-764,-231,1196,0*78
[CTRL] depth_valid=1 depth=11.927 vz=-0.892 az=-0.698 target_valid=0 target=0.000 pid=0.000 pid_base=0.000 buoyancy_pwm=0 mask_valid=1 mask=0 forward_active=0
[CTRL] depth_valid=1 depth=11.744 vz=-0.601 az=-0.180 target_valid=0 target=0.000 pid=0.000 pid_base=0.000 buoyancy_pwm=0 mask_valid=1 mask=0 forward_active=0
[OK]hb
[CTRL] depth_valid=1 depth=11.885 vz=0.156 az=0.502 target_valid=0 target=0.000 pid=0.000 pid_base=0.000 buoyancy_pwm=0 mask_valid=1 mask=0 forward_active=0
[CTRL] depth_valid=1 depth=12.121 vz=0.558 az=0.605 target_valid=0 target=0.000 pid=0.000 pid_base=0.000 buoyancy_pwm=0 mask_valid=1 mask=0 forward_active=0
$T,121,5,5,34,63,6544,1003,-762,-228,1203,0*72
[CTRL] depth_valid=1 depth=12.409 vz=0.668 az=0.398 target_valid=0 target=0.000 pid=0.000 pid_base=0.000 buoyancy_pwm=0 mask_valid=1 mask=0 forward_active=0
[CTRL] depth_valid=1 depth=12.460 vz=0.196 az=-0.191 target_valid=0 target=0.000 pid=0.000 pid_base=0.000 buoyancy_pwm=0 mask_valid=1 mask=0 forward_active=0
[CTRL] depth_valid=1 depth=12.289 vz=-0.404 az=-0.641 target_valid=0 target=0.000 pid=0.000 pid_base=0.000 buoyancy_pwm=0 mask_valid=1 mask=0 forward_active=0
[CTRL] depth_valid=1 depth=12.027 vz=-0.699 az=-0.630 target_valid=0 target=0.000 pid=0.000 pid_base=0.000 buoyancy_pwm=0 mask_valid=1 mask=0 forward_active=0
$T,120,-6,-5,35,63,9,1016,-774,-239,1198,0*49
[CTRL] depth_valid=1 depth=11.824 vz=-0.650 az=-0.369 target_valid=0 target=0.000 pid=0.000 pid_base=0.000 buoyancy_pwm=0 mask_valid=1 mask=0 forward_active=0
[CTRL] depth_valid=1 depth=11.809 vz=-0.157 az=0.196 target_valid=0 target=0.000 pid=0.000 pid_base=0.000 buoyancy_pwm=0 mask_valid=1 mask=0 forward_active=0
[CTRL] depth_valid=1 depth=12.002 vz=0.387 az=0.556 target_valid=0 target=0.000 pid=0.000 pid_base=0.000 buoyancy_pwm=0 mask_valid=1 mask=0 forward_active=0
[CTRL] depth_valid=1 depth=12.246 vz=0.584 az=0.456 target_valid=0 target=0.000 pid=0.000 pid_base=0.000 buoyancy_pwm=0 mask_valid=1 mask=0 forward_active=0
$T,122,5,3,36,63,212,1000,-760,-224,1196,0*45
[CTRL] depth_valid=1 depth=12.398 vz=0.370 az=0.040 target_valid=0 target=0.000 pid=0.000 pid_base=0.000 buoyancy_pwm=0 mask_valid=1 mask=0 forward_active=0
[OK]hb
[CTRL] depth_valid=1 depth=12.296 vz=-0.210 az=-0.490 target_valid=0 target=0.000 pid=0.000 pid_base=0.000 buoyancy_pwm=0 mask_valid=1 mask=0 forward_active=0
[CTRL] depth_valid=1 depth=12.093 vz=-0.587 az=-0.644 target_valid=0 target=0.000 pid=0.000 pid_base=0.000 buoyancy_pwm=0 mask_valid=1 mask=0 forward_active=0
[CTRL] depth_valid=1 depth=11.852 vz=-0.677 az=-0.464 target_valid=0 target=0.000 pid=0.000 pid_base=0.000 buoyancy_pwm=0 mask_valid=1 mask=0 forward_active=0
$T,118,-6,-4,37,63,115,1027,-780,-250,1194,0*47
[CTRL] depth_valid=1 depth=11.847 vz=-0.181 az=0.131 target_valid=0 target=0.000 pid=0.000 pid_base=0.000 buoyancy_pwm=0 mask_valid=1 mask=0 forward_active=0
[CTRL] depth_valid=1 depth=11.923 vz=0.154 az=0.345 target_valid=0 target=0.000 pid=0.000 pid_base=0.000 buoyancy_pwm=0 mask_valid=1 mask=0 forward_active=0
[CTRL] depth_valid=1 depth=12.131 vz=0.432 az=0.393 target_valid=0 target=0.000 pid=0.000 pid_base=0.000 buoyancy_pwm=0 mask_valid=1 mask=0 forward_active=0
[CTRL] depth_valid=1 depth=12.275 vz=0.313 az=0.069 target_valid=0 target=0.000 pid=0.000 pid_base=0.000 buoyancy_pwm=0 mask_valid=1 mask=0 forward_active=0
$T,122,2,0,37,63,12,1002,-761,-225,1198,0*7E
[CTRL] depth_valid=1 depth=12.304 vz=0.029 az=-0.241 target_valid=0 target=0.000 pid=0.000 pid_base=0.000 buoyancy_pwm=0 mask_valid=1 mask=0 forward_active=0
[CTRL] depth_valid=1 depth=12.151 vz=-0.389 az=-0.515 target_valid=0 target=0.000 pid=0.000 pid_base=0.000 buoyancy_pwm=0 mask_valid=1 mask=0 forward_active=0
[CTRL] depth_valid=1 depth=11.982 vz=-0.480 az=-0.380 target_valid=0 target=0.000 pid=0.000 pid_base=0.000 buoyancy_pwm=0 mask_valid=1 mask=0 forward_active=0
[OK]hb
[CTRL] depth_valid=1 depth=11.813 vz=-0.457 az=-0.211 target_valid=0 target=0.000 pid=0.000 pid_base=0.000 buoyancy_pwm=0 mask_valid=1 mask=0 forward_active=0
$T,117,-4,-2,38,63,241,1025,-783,-248,1205,0*42
[CTRL] depth_valid=1 depth=11.885 vz=0.040 az=0.276 target_valid=0 target=0.000 pid=0.000 pid_base=0.000 buoyancy_pwm=0 mask_valid=1 mask=0 forward_active=0
[CTRL] depth_valid=1 depth=12.013 vz=0.308 az=0.377 target_valid=0 target=0.000 pid=0.000 pid_base=0.000 buoyancy_pwm=0 mask_valid=1 mask=0 forward_active=0
[CTRL] depth_valid=1 depth=12.254 vz=0.519 az=0.360 target_valid=0 target=0.000 pid=0.000 pid_base=0.000 buoyancy_pwm=0 mask_valid=1 mask=0 forward_active=0
[CTRL] depth_valid=1 depth=12.279 vz=0.140 az=-0.127 target_valid=0 target=0.000 pid=0.000 pid_base=0.000 buoyancy_pwm=0 mask_valid=1 mask=0 forward_active=0
$T,122,0,-1,39,63,64,1009,-764,-232,1205,0*50
[CTRL] depth_valid=1 depth=12.195 vz=-0.218 az=-0.398 target_valid=0 target=0.000 pid=0.000 pid_base=0.000 buoyancy_pwm=0 mask_valid=1 mask=0 forward_active=0
[CTRL] depth_valid=1 depth=12.038 vz=-0.463 az=-0.472 target_valid=0 target=0.000 pid=0.000 pid_base=0.000 buoyancy_pwm=0 mask_valid=1 mask=0 forward_active=0
[CTRL] depth_valid=1 depth=11.883 vz=-0.448 az=-0.269 target_valid=0 target=0.000 pid=0.000 pid_base=0.000 buoyancy_pwm=0 mask_valid=1 mask=0 forward_active=0
[CTRL] depth_valid=1 depth=11.842 vz=-0.153 az=0.102 target_valid=0 target=0.000 pid=0.000 pid_base=0.000 buoyancy_pwm=0 mask_valid=1 mask=0 forward_active=0
$T,118,-1,1,40,64,244,1032,-782,-254,1203,0*67
[OK]hb
[CTRL] depth_valid=1 depth=11.959 vz=0.215 az=0.349 target_valid=0 target=0.000 pid=0.000 pid_base=0.000 buoyancy_pwm=0 mask_valid=1 mask=0 forward_active=0
[CTRL] depth_valid=1 depth=12.104 vz=0.288 az=0.203 target_valid=0 target=0.000 pid=0.000 pid_base=0.000 buoyancy_pwm=0 mask_valid=1 mask=0 forward_active=0
[CTRL] depth_valid=1 depth=12.209 vz=0.203 az=0.001 target_valid=0 target=0.000 pid=0.000 pid_base=0.000 buoyancy_pwm=0 mask_valid=1 mask=0 forward_active=0
[CTRL] depth_valid=1 depth=12.192 vz=-0.054 az=-0.238 target_valid=0 target=0.000 pid=0.000 pid_base=0.000 buoyancy_pwm=0 mask_valid=1 mask=0 forward_active=0
$T,121,0,-2,40,63,6519,1013,-770,-235,1196,0*57
[CTRL] depth_valid=1 depth=12.100 vz=-0.302 az=-0.392 target_valid=0 target=0.000 pid=0.000 pid_base=0.000 buoyancy_pwm=0 mask_valid=1 mask=0 forward_active=0
[CTRL] depth_valid=1 depth=11.894 vz=-0.543 az=-0.453 target_valid=0 target=0.000 pid=0.000 pid_base=0.000 buoyancy_pwm=0 mask_valid=1 mask=0 forward_active=0
[CTRL] depth_valid=1 depth=11.852 vz=-0.253 az=-0.040 target_valid=0 target=0.000 pid=0.000 pid_base=0.000 buoyancy_pwm=0 mask_valid=1 mask=0 forward_active=0
[CTRL] depth_valid=1 depth=11.859 vz=-0.022 az=0.160 target_valid=0 target=0.000 pid=0.000 pid_base=0.000 buoyancy_pwm=0 mask_valid=1 mask=0 forward_active=0
$T,118,0,2,41,64,251,1023,-781,-245,1199,0*4E
[CTRL] depth_valid=1 depth=12.037 vz=0.323 az=0.343 target_valid=0 target=0.000 pid=0.000 pid_base=0.000 buoyancy_pwm=0 mask_valid=1 mask=0 forward_active=0
[CTRL] depth_valid=1 depth=12.148 vz=0.260 az=0.107 target_valid=0 target=0.000 pid=0.000 pid_base=0.000 buoyancy_pwm=0 mask_valid=1 mask=0 forward_active=0
[OK]hb
[CTRL] depth_valid=1 depth=12.178 vz=0.051 az=-0.148 target_valid=0 target=0.000 pid=0.000 pid_base=0.000 buoyancy_pwm=0 mask_valid=1 mask=0 forward_active=0
[CTRL] depth_valid=1 depth=12.080 vz=-0.259 az=-0.370 target_valid=0 target=0.000 pid=0.000 pid_base=0.000 buoyancy_pwm=0 mask_valid=1 mask=0 forward_active=0
$T,120,-2,-3,42,64,88,1023,-776,-244,1199,0*7A
[CTRL] depth_valid=1 depth=11.998 vz=-0.329 az=-0.318 target_valid=0 target=0.000 pid=0.000 pid_base=0.000 buoyancy_pwm=0 mask_valid=1 mask=0 forward_active=0
[CTRL] depth_valid=1 depth=11.880 vz=-0.343 az=-0.210 target_valid=0 target=0.000 pid=0.000 pid_base=0.000 buoyancy_pwm=0 mask_valid=1 mask=0 forward_active=0
[CTRL] depth_valid=1 depth=11.878 vz=-0.079 az=0.095 target_valid=0 target=0.000 pid=0.000 pid_base=0.000 buoyancy_pwm=0 mask_valid=1 mask=0 forward_active=0
[CTRL] depth_valid=1 depth=11.949 vz=0.140 az=0.231 target_valid=0 target=0.000 pid=0.000 pid_base=0.000 buoyancy_pwm=0 mask_valid=1 mask=0 forward_active=0
$T,119,1,1,42,64,233,1028,-780,-250,1198,0*45
[CTRL] depth_valid=1 depth=12.051 vz=0.214 az=0.163 target_valid=0 target=0.000 pid=0.000 pid_base=0.000 buoyancy_pwm=0 mask_valid=1 mask=0 forward_active=0
[CTRL] depth_valid=1 depth=12.134 vz=0.161 az=0.016 target_valid=0 target=0.000 pid=0.000 pid_base=0.000 buoyancy_pwm=0 mask_valid=1 mask=0 forward_active=0
[CTRL] depth_valid=1 depth=12.107 vz=-0.070 az=-0.204 target_valid=0 target=0.000 pid=0.000 pid_base=0.000 buoyancy_pwm=0 mask_valid=1 mask=0 forward_active=0
[CTRL] depth_valid=1 depth=12.007 vz=-0.245 az=-0.267 target_valid=0 target=0.000 pid=0.000 pid_base=0.000 buoyancy_pwm=0 mask_valid=1 mask=0 forward_active=0
$T,119,-2,-2,43,64,191,1027,-780,-248,1201,0*4A
d=1 depth=11.931 vz=-0.266 az=-0.202 target_valid=0 target=0.000 pid=0.000 pid_base=0.000 buoyancy_pwm=0 mask_valid=1 mask=0 forward_active=0
[CTRL] depth_valid=1 depth=11.830 vz=-0.277 az=-0.142 target_valid=0 target=0.000 pid=0.000 pid_base=0.000 buoyancy_pwm=0 mask_valid=1 mask=0 forward_active=0
[CTRL] depth_valid=1 depth=11.899 vz=0.052 az=0.176 target_valid=0 target=0.000 pid=0.000 pid_base=0.000 buoyancy_pwm=0 mask_valid=1 mask=0 forward_active=0
[CTRL] depth_valid=1 depth=11.960 vz=0.125 az=0.137 target_valid=0 target=0.000 pid=0.000 pid_base=0.000 buoyancy_pwm=0 mask_valid=1 mask=0 forward_active=0
$T,119,1,1,44,64,224,1027,-780,-248,1202,0*43
[CTRL] depth_valid=1 depth=12.081 vz=0.201 az=0.095 target_valid=0 target=0.000 pid=0.000 pid_base=0.000 buoyancy_pwm=0 mask_valid=1 mask=0 forward_active=0
[CTRL] depth_valid=1 depth=12.118 vz=0.039 az=-0.127 target_valid=0 target=0.000 pid=0.000 pid_base=0.000 buoyancy_pwm=0 mask_valid=1 mask=0 forward_active=0
[CTRL] depth_valid=1 depth=12.000 vz=-0.329 az=-0.434 target_valid=0 target=0.000 pid=0.000 pid_base=0.000 buoyancy_pwm=0 mask_valid=1 mask=0 forward_active=0
[CTRL] depth_valid=1 depth=11.939 vz=-0.278 az=-0.233 target_valid=0 target=0.000 pid=0.000 pid_base=0.000 buoyancy_pwm=0 mask_valid=1 mask=0 forward_active=0
$T,119,-2,-1,44,64,221,1031,-784,-251,1199,0*4F
[CTRL] depth_valid=1 depth=11.889 vz=-0.199 az=-0.088 target_valid=0 target=0.000 pid=0.000 pid_base=0.000 buoyancy_pwm=0 mask_valid=1 mask=0 forward_active=0
[CTRL] depth_valid=1 depth=11.897 vz=-0.039 az=0.069 target_valid=0 target=0.000 pid=0.000 pid_base=0.000 buoyancy_pwm=0 mask_valid=1 mask=0 forward_active=0
[CTRL] depth_valid=1 depth=11.909 vz=0.018 az=0.073 target_valid=0 target=0.000 pid=0.000 pid_base=0.000 buoyancy_pwm=0 mask_valid=1 mask=0 forward_active=0
[OK]hb
[CTRL] depth_valid=1 depth=12.026 vz=0.152 az=0.092 target_valid=0 target=0.000 pid=0.000 pid_base=0.000 buoyancy_pwm=0 mask_valid=1 mask=0 forward_active=0
$T,120,0,0,45,64,222,1026,-779,-247,1197,0*49
[CTRL] depth_valid=1 depth=12.063 vz=0.047 az=-0.073 target_valid=0 target=0.000 pid=0.000 pid_base=0.000 buoyancy_pwm=0 mask_valid=1 mask=0 forward_active=0
[CTRL] depth_valid=1 depth=12.046 vz=-0.084 az=-0.180 target_valid=0 target=0.000 pid=0.000 pid_base=0.000 buoyancy_pwm=0 mask_valid=1 mask=0 forward_active=0
[CTRL] depth_valid=1 depth=11.969 vz=-0.230 az=-0.252 target_valid=0 target=0.000 pid=0.000 pid_base=0.000 buoyancy_pwm=0 mask_valid=1 mask=0 forward_active=0
[CTRL] depth_valid=1 depth=11.899 vz=-0.246 az=-0.185 target_valid=0 target=0.000 pid=0.000 pid_base=0.000 buoyancy_pwm=0 mask_valid=1 mask=0 forward_active=0
$T,118,-2,-1,46,64,223,1040,-787,-261,1198,0*49
[CTRL] depth_valid=1 depth=11.854 vz=-0.205 az=-0.117 target_valid=0 target=0.000 pid=0.000 pid_base=0.000 buoyancy_pwm=0 mask_valid=1 mask=0 forward_active=0
[CTRL] depth_valid=1 depth=11.888 vz=-0.014 az=0.065 target_valid=0 target=0.000 pid=0.000 pid_base=0.000 buoyancy_pwm=0 mask_valid=1 mask=0 forward_active=0
[CTRL] depth_valid=1 depth=11.967 vz=0.113 az=0.106 target_valid=0 target=0.000 pid=0.000 pid_base=0.000 buoyancy_pwm=0 mask_valid=1 mask=0 forward_active=0
[CTRL] depth_valid=1 depth=12.005 vz=0.075 az=0.008 target_valid=0 target=0.000 pid=0.000 pid_base=0.000 buoyancy_pwm=0 mask_valid=1 mask=0 forward_active=0
$T,120,1,0,46,64,223,1027,-781,-247,1203,0*42
[CTRL] depth_valid=1 depth=12.042 vz=0.030 az=-0.063 target_valid=0 target=0.000 pid=0.000 pid_base=0.000 buoyancy_pwm=0 mask_valid=1 mask=0 forward_active=0
[OK]hb
[CTRL] depth_valid=1 depth=11.995 vz=-0.170 az=-0.249 target_valid=0 target=0.000 pid=0.000 pid_base=0.000 buoyancy_pwm=0 mask_valid=1 mask=0 forward_active=0
[CTRL] depth_valid=1 depth=11.909 vz=-0.267 az=-0.247 target_valid=0 target=0.000 pid=0.000 pid_base=0.000 buoyancy_pwm=0 mask_valid=1 mask=0 forward_active=0
[CTRL] depth_valid=1 depth=11.842 vz=-0.235 az=-0.138 target_valid=0 target=0.000 pid=0.000 pid_base=0.000 buoyancy_pwm=0 mask_valid=1 mask=0 forward_active=0
$T,118,-2,-1,47,64,223,1038,-788,-257,1197,0*42
[CTRL] depth_valid=1 depth=11.855 vz=-0.090 az=-0.007 target_valid=0 target=0.000 pid=0.000 pid_base=0.000 buoyancy_pwm=0 mask_valid=1 mask=0 forward_active=0
[CTRL] depth_valid=1 depth=11.924 vz=0.075 az=0.100 target_valid=0 target=0.000 pid=0.000 pid_base=0.000 buoyancy_pwm=0 mask_valid=1 mask=0 forward_active=0
[CTRL] depth_valid=1 depth=12.000 vz=0.120 az=0.057 target_valid=0 target=0.000 pid=0.000 pid_base=0.000 buoyancy_pwm=0 mask_valid=1 mask=0 forward_active=0
[CTRL] depth_valid=1 depth=11.968 vz=-0.059 az=-0.132 target_valid=0 target=0.000 pid=0.000 pid_base=0.000 buoyancy_pwm=0 mask_valid=1 mask=0 forward_active=0
$T,119,0,0,48,64,,1031,-782,-251,1201,0*75
[CTRL] depth_valid=1 depth=11.992 vz=-0.069 az=-0.135 target_valid=0 target=0.000 pid=0.000 pid_base=0.000 buoyancy_pwm=0 mask_valid=1 mask=0 forward_active=0
[CTRL] depth_valid=1 depth=11.977 vz=-0.101 az=-0.127 target_valid=0 target=0.000 pid=0.000 pid_base=0.000 buoyancy_pwm=0 mask_valid=1 mask=0 forward_active=0
[OK]hb
[CTRL] depth_valid=1 depth=11.881 vz=-0.262 az=-0.239 target_valid=0 target=0.000 pid=0.000 pid_base=0.000 buoyancy_pwm=0 mask_valid=1 mask=0 forward_active=0
[CTRL] depth_valid=1 depth=11.839 vz=-0.186 az=-0.097 target_valid=0 target=0.000 pid=0.000 pid_base=0.000 buoyancy_pwm=0 mask_valid=1 mask=0 forward_active=0
$T,118,-1,0,48,64,,1046,-787,-266,1201,0*59
[CTRL] depth_valid=1 depth=11.885 vz=0.015 az=0.086 target_valid=0 target=0.000 pid=0.000 pid_base=0.000 buoyancy_pwm=0 mask_valid=1 mask=0 forward_active=0
[CTRL] depth_valid=1 depth=11.955 vz=0.103 az=0.086 target_valid=0 target=0.000 pid=0.000 pid_base=0.000 buoyancy_pwm=0 mask_valid=1 mask=0 forward_active=0
[CTRL] depth_valid=1 depth=12.026 vz=0.149 az=0.079 target_valid=0 target=0.000 pid=0.000 pid_base=0.000 buoyancy_pwm=0 mask_valid=1 mask=0 forward_active=0
[CTRL] depth_valid=1 depth=12.027 vz=-0.030 az=-0.147 target_valid=0 target=0.000 pid=0.000 pid_base=0.000 buoyancy_pwm=0 mask_valid=1 mask=0 forward_active=0
$T,119,-1,-2,49,64,,1031,-784,-251,1196,0*7C
[CTRL] depth_valid=1 depth=11.994 vz=-0.113 az=-0.161 target_valid=0 target=0.000 pid=0.000 pid_base=0.000 buoyancy_pwm=0 mask_valid=1 mask=0 forward_active=0
[CTRL] depth_valid=1 depth=11.919 vz=-0.218 az=-0.201 target_valid=0 target=0.000 pid=0.000 pid_base=0.000 buoyancy_pwm=0 mask_valid=1 mask=0 forward_active=0
[CTRL] depth_valid=1 depth=11.854 vz=-0.221 az=-0.143 target_valid=0 target=0.000 pid=0.000 pid_base=0.000 buoyancy_pwm=0 mask_valid=1 mask=0 forward_active=0
[CTRL] depth_valid=1 depth=11.875 vz=-0.034 az=0.058 target_valid=0 target=0.000 pid=0.000 pid_base=0.000 buoyancy_pwm=0 mask_valid=1 mask=0 forward_active=0
$T,118,-1,0,49,64,,1039,-789,-258,1207,0*55
[CTRL] depth_valid=1 depth=11.927 vz=0.089 az=0.117 target_valid=0 target=0.000 pid=0.000 pid_base=0.000 buoyancy_pwm=0 mask_valid=1 mask=0 forward_active=0
[OK]hb
[CTRL] depth_valid=1 depth=11.963 vz=0.075 az=0.036 target_valid=0 target=0.000 pid=0.000 pid_base=0.000 buoyancy_pwm=0 mask_valid=1 mask=0 forward_active=0
[CTRL] depth_valid=1 depth=11.992 vz=0.045 az=-0.019 target_valid=0 target=0.000 pid=0.000 pid_base=0.000 buoyancy_pwm=0 mask_valid=1 mask=0 forward_active=0
[CTRL] depth_valid=1 depth=11.989 vz=-0.068 az=-0.147 target_valid=0 target=0.000 pid=0.000 pid_base=0.000 buoyancy_pwm=0 mask_valid=1 mask=0 forward_active=0
$T,119,-1,-1,50,64,,1040,-786,-259,1199,0*74
[CTRL] depth_valid=1 depth=11.935 vz=-0.175 az=-0.195 target_valid=0 target=0.000 pid=0.000 pid_base=0.000 buoyancy_pwm=0 mask_valid=1 mask=0 forward_active=0
[CTRL] depth_valid=1 depth=11.897 vz=-0.190 az=-0.167 target_valid=0 target=0.000 pid=0.000 pid_base=0.000 buoyancy_pwm=0 mask_valid=1 mask=0 forward_active=0
[CTRL] depth_valid=1 depth=11.858 vz=-0.162 az=-0.096 target_valid=0 target=0.000 pid=0.000 pid_base=0.000 buoyancy_pwm=0 mask_valid=1 mask=0 forward_active=0
[CTRL] depth_valid=1 depth=11.880 vz=-0.034 az=0.020 target_valid=0 target=0.000 pid=0.000 pid_base=0.000 buoyancy_pwm=0 mask_valid=1 mask=0 forward_active=0
$T,118,0,0,50,65,,1043,-789,-263,1199,0*71
[CTRL] depth_valid=1 depth=11.925 vz=0.019 az=0.006 target_valid=0 target=0.000 pid=0.000 pid_base=0.000 buoyancy_pwm=0 mask_valid=1 mask=0 forward_active=0
[CTRL] depth_valid=1 depth=11.953 vz=0.003 az=-0.045 target_valid=0 target=0.000 pid=0.000 pid_base=0.000 buoyancy_pwm=0 mask_valid=1 mask=0 forward_active=0
[CTRL] depth_valid=1 depth=11.971 vz=-0.033 az=-0.096 target_valid=0 target=0.000 pid=0.000 pid_base=0.000 buoyancy_pwm=0 mask_valid=1 mask=0 forward_active=0
[OK]hb
[CTRL] depth_valid=1 depth=11.951 vz=-0.097 az=-0.132 target_valid=0 target=0.000 pid=0.000 pid_base=0.000 buoyancy_pwm=0 mask_valid=1 mask=0 forward_active=0
$T,119,-1,-1,52,65,,1042,-788,-260,1196,0*7E
[CTRL] depth_valid=1 depth=11.890 vz=-0.193 az=-0.183 target_valid=0 target=0.000 pid=0.000 pid_base=0.000 buoyancy_pwm=0 mask_valid=1 mask=0 forward_active=0
[CTRL] depth_valid=1 depth=11.878 vz=-0.104 az=-0.048 target_valid=0 target=0.000 pid=0.000 pid_base=0.000 buoyancy_pwm=0 mask_valid=1 mask=0 forward_active=0
[CTRL] depth_valid=1 depth=11.876 vz=-0.065 az=-0.025 target_valid=0 target=0.000 pid=0.000 pid_base=0.000 buoyancy_pwm=0 mask_valid=1 mask=0 forward_active=0
[CTRL] depth_valid=1 depth=11.879 vz=-0.048 az=-0.029 target_valid=0 target=0.000 pid=0.000 pid_base=0.000 buoyancy_pwm=0 mask_valid=1 mask=0 forward_active=0
$T,118,0,0,53,65,,1044,-789,-263,1197,0*7B
[CTRL] depth_valid=1 depth=11.950 vz=0.085 az=0.069 target_valid=0 target=0.000 pid=0.000 pid_base=0.000 buoyancy_pwm=0 mask_valid=1 mask=0 forward_active=0
[CTRL] depth_valid=1 depth=11.972 vz=0.051 az=0.001 target_valid=0 target=0.000 pid=0.000 pid_base=0.000 buoyancy_pwm=0 mask_valid=1 mask=0 forward_active=0
[CTRL] depth_valid=1 depth=11.974 vz=-0.011 az=-0.063 target_valid=0 target=0.000 pid=0.000 pid_base=0.000 buoyancy_pwm=0 mask_valid=1 mask=0 forward_active=0
[CTRL] depth_valid=1 depth=11.937 vz=-0.087 az=-0.101 target_valid=0 target=0.000 pid=0.000 pid_base=0.000 buoyancy_pwm=0 mask_valid=1 mask=0 forward_active=0
$T,119,-1,-1,53,65,,1045,-790,-264,1203,0*7A
[CTRL] depth_valid=1 depth=11.877 vz=-0.158 az=-0.129 target_valid=0 target=0.000 pid=0.000 pid_base=0.000 buoyancy_pwm=0 mask_valid=1 mask=0 forward_active=0
[OK]hb
[CTRL] depth_valid=1 depth=11.866 vz=-0.110 az=-0.068 target_valid=0 target=0.000 pid=0.000 pid_base=0.000 buoyancy_pwm=0 mask_valid=1 mask=0 forward_active=0
[CTRL] depth_valid=1 depth=11.872 vz=-0.045 az=-0.010 target_valid=0 target=0.000 pid=0.000 pid_base=0.000 buoyancy_pwm=0 mask_valid=1 mask=0 forward_active=0
[CTRL] depth_valid=1 depth=11.898 vz=0.006 az=0.009 target_valid=0 target=0.000 pid=0.000 pid_base=0.000 buoyancy_pwm=0 mask_valid=1 mask=0 forward_active=0
$T,119,0,0,54,64,,1042,-789,-261,1197,0*78
[CTRL] depth_valid=1 depth=11.962 vz=0.085 az=0.043 target_valid=0 target=0.000 pid=0.000 pid_base=0.000 buoyancy_pwm=0 mask_valid=1 mask=0 forward_active=0
[CTRL] depth_valid=1 depth=11.966 vz=-0.020 az=-0.093 target_valid=0 target=0.000 pid=0.000 pid_base=0.000 buoyancy_pwm=0 mask_valid=1 mask=0 forward_active=0
[CTRL] depth_valid=1 depth=11.917 vz=-0.127 az=-0.150 target_valid=0 target=0.000 pid=0.000 pid_base=0.000 buoyancy_pwm=0 mask_valid=1 mask=0 forward_active=0
[CTRL] depth_valid=1 depth=11.897 vz=-0.123 az=-0.112 target_valid=0 target=0.000 pid=0.000 pid_base=0.000 buoyancy_pwm=0 mask_valid=1 mask=0 forward_active=0
$T,119,0,0,54,65,,1051,-791,-269,1198,0*75
[CTRL] depth_valid=1 depth=11.893 vz=-0.103 az=-0.089 target_valid=0 target=0.000 pid=0.000 pid_base=0.000 buoyancy_pwm=0 mask_valid=1 mask=0 forward_active=0
[CTRL] depth_valid=1 depth=11.849 vz=-0.124 az=-0.076 target_valid=0 target=0.000 pid=0.000 pid_base=0.000 buoyancy_pwm=0 mask_valid=1 mask=0 forward_active=0
[CTRL] depth_valid=1 depth=11.902 vz=0.043 az=0.073 target_valid=0 target=0.000 pid=0.000 pid_base=0.000 buoyancy_pwm=0 mask_valid=1 mask=0 forward_active=0
[OK]hb
[CTRL] depth_valid=1 depth=11.928 vz=0.006 az=-0.028 target_valid=0 target=0.000 pid=0.000 pid_base=0.000 buoyancy_pwm=0 mask_valid=1 mask=0 forward_active=0
$T,119,0,0,,,,1044,-790,-262,1196,0*77
[CTRL] depth_valid=1 depth=11.931 vz=-0.054 az=-0.105 target_valid=0 target=0.000 pid=0.000 pid_base=0.000 buoyancy_pwm=0 mask_valid=1 mask=0 forward_active=0
[CTRL] depth_valid=1 depth=11.885 vz=-0.161 az=-0.178 target_valid=0 target=0.000 pid=0.000 pid_base=0.000 buoyancy_pwm=0 mask_valid=1 mask=0 forward_active=0
[CTRL] depth_valid=1 depth=11.937 vz=0.017 az=0.024 target_valid=0 target=0.000 pid=0.000 pid_base=0.000 buoyancy_pwm=0 mask_valid=1 mask=0 forward_active=0
[CTRL] depth_valid=1 depth=11.898 vz=-0.105 az=-0.116 target_valid=0 target=0.000 pid=0.000 pid_base=0.000 buoyancy_pwm=0 mask_valid=1 mask=0 forward_active=0
$T,118,-1,-1,,,,1044,-792,-262,1195,0*77
[CTRL] depth_valid=1 depth=11.852 vz=-0.133 az=-0.099 target_valid=0 target=0.000 pid=0.000 pid_base=0.000 buoyancy_pwm=0 mask_valid=1 mask=0 forward_active=0
[CTRL] depth_valid=1 depth=11.887 vz=0.002 az=0.035 target_valid=0 target=0.000 pid=0.000 pid_base=0.000 buoyancy_pwm=0 mask_valid=1 mask=0 forward_active=0
[CTRL] depth_valid=1 depth=11.893 vz=-0.032 az=-0.050 target_valid=0 target=0.000 pid=0.000 pid_base=0.000 buoyancy_pwm=0 mask_valid=1 mask=0 forward_active=0
[CTRL] depth_valid=1 depth=11.889 vz=-0.068 az=-0.094 target_valid=0 target=0.000 pid=0.000 pid_base=0.000 buoyancy_pwm=0 mask_valid=1 mask=0 forward_active=0
$T,118,0,0,,,,1050,-791,-268,1197,0*79
[CTRL] depth_valid=1 depth=11.910 vz=0.000 az=-0.003 target_valid=0 target=0.000 pid=0.000 pid_base=0.000 buoyancy_pwm=0 mask_valid=1 mask=0 forward_active=0
[OK]hb
[CTRL] depth_valid=1 depth=11.883 vz=-0.117 az=-0.144 target_valid=0 target=0.000 pid=0.000 pid_base=0.000 buoyancy_pwm=0 mask_valid=1 mask=0 forward_active=0
[CTRL] depth_valid=1 depth=11.925 vz=-0.008 az=-0.024 target_valid=0 target=0.000 pid=0.000 pid_base=0.000 buoyancy_pwm=0 mask_valid=1 mask=0 forward_active=0
[CTRL] depth_valid=1 depth=11.882 vz=-0.123 az=-0.134 target_valid=0 target=0.000 pid=0.000 pid_base=0.000 buoyancy_pwm=0 mask_valid=1 mask=0 forward_active=0
$T,118,-1,-2,,,,1054,-792,-271,1198,0*7A
[CTRL] depth_valid=1 depth=11.857 vz=-0.113 az=-0.089 target_valid=0 target=0.000 pid=0.000 pid_base=0.000 buoyancy_pwm=0 mask_valid=1 mask=0 forward_active=0
[CTRL] depth_valid=1 depth=11.898 vz=-0.003 az=0.003 target_valid=0 target=0.000 pid=0.000 pid_base=0.000 buoyancy_pwm=0 mask_valid=1 mask=0 forward_active=0
[CTRL] depth_valid=1 depth=11.912 vz=-0.001 az=-0.016 target_valid=0 target=0.000 pid=0.000 pid_base=0.000 buoyancy_pwm=0 mask_valid=1 mask=0 forward_active=0
[CTRL] depth_valid=1 depth=11.920 vz=-0.008 az=-0.031 target_valid=0 target=0.000 pid=0.000 pid_base=0.000 buoyancy_pwm=0 mask_valid=1 mask=0 forward_active=0
$T,119,0,0,,79,,1049,-791,-266,1198,0*7F
[CTRL] depth_valid=1 depth=11.907 vz=-0.085 az=-0.120 target_valid=0 target=0.000 pid=0.000 pid_base=0.000 buoyancy_pwm=0 mask_valid=1 mask=0 forward_active=0
[CTRL] depth_valid=1 depth=11.902 vz=-0.084 az=-0.095 target_valid=0 target=0.000 pid=0.000 pid_base=0.000 buoyancy_pwm=0 mask_valid=1 mask=0 forward_active=0
[CTRL] depth_valid=1 depth=11.867 vz=-0.176 az=-0.188 target_valid=0 target=0.000 pid=0.000 pid_base=0.000 buoyancy_pwm=0 mask_valid=1 mask=0 forward_active=0
[OK]hb
[CTRL] depth_valid=1 depth=11.858 vz=-0.114 az=-0.086 target_valid=0 target=0.000 pid=0.000 pid_base=0.000 buoyancy_pwm=0 mask_valid=1 mask=0 forward_active=0
$T,118,0,0,,79,,1050,-794,-267,1198,0*72
[CTRL] depth_valid=1 depth=11.905 vz=0.004 az=0.010 target_valid=0 target=0.000 pid=0.000 pid_base=0.000 buoyancy_pwm=0 mask_valid=1 mask=0 forward_active=0
[CTRL] depth_valid=1 depth=11.925 vz=-0.001 az=-0.028 target_valid=0 target=0.000 pid=0.000 pid_base=0.000 buoyancy_pwm=0 mask_valid=1 mask=0 forward_active=0
[CTRL] depth_valid=1 depth=11.913 vz=-0.080 az=-0.117 target_valid=0 target=0.000 pid=0.000 pid_base=0.000 buoyancy_pwm=0 mask_valid=1 mask=0 forward_active=0
[CTRL] depth_valid=1 depth=11.880 vz=-0.105 az=-0.096 target_valid=0 target=0.000 pid=0.000 pid_base=0.000 buoyancy_pwm=0 mask_valid=1 mask=0 forward_active=0
$T,118,-1,-1,,79,,1051,-792,-268,1198,0*7A
[CTRL] depth_valid=1 depth=11.930 vz=0.011 az=0.003 target_valid=0 target=0.000 pid=0.000 pid_base=0.000 buoyancy_pwm=0 mask_valid=1 mask=0 forward_active=0
[CTRL] depth_valid=1 depth=11.898 vz=-0.095 az=-0.114 target_valid=0 target=0.000 pid=0.000 pid_base=0.000 buoyancy_pwm=0 mask_valid=1 mask=0 forward_active=0
[CTRL] depth_valid=1 depth=11.881 vz=-0.074 az=-0.051 target_valid=0 target=0.000 pid=0.000 pid_base=0.000 buoyancy_pwm=0 mask_valid=1 mask=0 forward_active=0
[CTRL] depth_valid=1 depth=11.879 vz=-0.064 az=-0.052 target_valid=0 target=0.000 pid=0.000 pid_base=0.000 buoyancy_pwm=0 mask_valid=1 mask=0 forward_active=0
$T,118,-1,0,,78,,1058,-794,-274,1198,0*55
[CTRL] depth_valid=1 depth=11.868 vz=-0.093 az=-0.095 target_valid=0 target=0.000 pid=0.000 pid_base=0.000 buoyancy_pwm=0 mask_valid=1 mask=0 forward_active=0
[OK]hb
[CTRL] depth_valid=1 depth=11.896 vz=-0.012 az=-0.013 target_valid=0 target=0.000 pid=0.000 pid_base=0.000 buoyancy_pwm=0 mask_valid=1 mask=0 forward_active=0
[CTRL] depth_valid=1 depth=11.901 vz=-0.013 az=-0.021 target_valid=0 target=0.000 pid=0.000 pid_base=0.000 buoyancy_pwm=0 mask_valid=1 mask=0 forward_active=0
[CTRL] depth_valid=1 depth=11.928 vz=-0.009 az=-0.045 target_valid=0 target=0.000 pid=0.000 pid_base=0.000 buoyancy_pwm=0 mask_valid=1 mask=0 forward_active=0
$T,119,0,0,,78,,1053,-793,-269,1197,0*77
[CTRL] depth_valid=1 depth=11.905 vz=-0.076 az=-0.097 target_valid=0 target=0.000 pid=0.000 pid_base=0.000 buoyancy_pwm=0 mask_valid=1 mask=0 forward_active=0
[CTRL] depth_valid=1 depth=11.896 vz=-0.117 az=-0.142 target_valid=0 target=0.000 pid=0.000 pid_base=0.000 buoyancy_pwm=0 mask_valid=1 mask=0 forward_active=0
[CTRL] depth_valid=1 depth=11.876 vz=-0.094 az=-0.073 target_valid=0 target=0.000 pid=0.000 pid_base=0.000 buoyancy_pwm=0 mask_valid=1 mask=0 forward_active=0
[CTRL] depth_valid=1 depth=11.865 vz=-0.086 az=-0.066 target_valid=0 target=0.000 pid=0.000 pid_base=0.000 buoyancy_pwm=0 mask_valid=1 mask=0 forward_active=0
$T,118,-1,-1,,78,,1054,-794,-270,1200,0*73
[CTRL] depth_valid=1 depth=11.900 vz=0.017 az=0.027 target_valid=0 target=0.000 pid=0.000 pid_base=0.000 buoyancy_pwm=0 mask_valid=1 mask=0 forward_active=0
[CTRL] depth_valid=1 depth=11.924 vz=0.046 az=0.033 target_valid=0 target=0.000 pid=0.000 pid_base=0.000 buoyancy_pwm=0 mask_valid=1 mask=0 forward_active=0
[CTRL] depth_valid=1 depth=11.870 vz=-0.156 az=-0.196 target_valid=0 target=0.000 pid=0.000 pid_base=0.000 buoyancy_pwm=0 mask_valid=1 mask=0 forward_active=0
[OK]hb
[CTRL] depth_valid=1 depth=11.922 vz=-0.009 az=-0.022 target_valid=0 target=0.000 pid=0.000 pid_base=0.000 buoyancy_pwm=0 mask_valid=1 mask=0 forward_active=0
$T,119,0,0,,77,,1062,-794,-278,1197,0*7D
[CTRL] depth_valid=1 depth=11.906 vz=-0.085 az=-0.110 target_valid=0 target=0.000 pid=0.000 pid_base=0.000 buoyancy_pwm=0 mask_valid=1 mask=0 forward_active=0
[CTRL] depth_valid=1 depth=11.860 vz=-0.155 az=-0.147 target_valid=0 target=0.000 pid=0.000 pid_base=0.000 buoyancy_pwm=0 mask_valid=1 mask=0 forward_active=0
[CTRL] depth_valid=1 depth=11.904 vz=0.018 az=0.045 target_valid=0 target=0.000 pid=0.000 pid_base=0.000 buoyancy_pwm=0 mask_valid=1 mask=0 forward_active=0
[CTRL] depth_valid=1 depth=11.883 vz=-0.040 az=-0.032 target_valid=0 target=0.000 pid=0.000 pid_base=0.000 buoyancy_pwm=0 mask_valid=1 mask=0 forward_active=0
$T,118,0,0,,77,,1057,-794,-274,1200,0*7B
[CTRL] depth_valid=1 depth=11.917 vz=0.023 az=0.014 target_valid=0 target=0.000 pid=0.000 pid_base=0.000 buoyancy_pwm=0 mask_valid=1 mask=0 forward_active=0
[CTRL] depth_valid=1 depth=11.906 vz=-0.035 az=-0.055 target_valid=0 target=0.000 pid=0.000 pid_base=0.000 buoyancy_pwm=0 mask_valid=1 mask=0 forward_active=0
[CTRL] depth_valid=1 depth=11.871 vz=-0.081 az=-0.069 target_valid=0 target=0.000 pid=0.000 pid_base=0.000 buoyancy_pwm=0 mask_valid=1 mask=0 forward_active=0
[CTRL] depth_valid=1 depth=11.891 vz=-0.047 az=-0.053 target_valid=0 target=0.000 pid=0.000 pid_base=0.000 buoyancy_pwm=0 mask_valid=1 mask=0 forward_active=0
$T,118,0,0,,75,,1055,-795,-271,1200,0*7F
[CTRL] depth_valid=1 depth=11.884 vz=-0.068 az=-0.075 target_valid=0 target=0.000 pid=0.000 pid_base=0.000 buoyancy_pwm=0 mask_valid=1 mask=0 forward_active=0
[OK]hb
[CTRL] depth_valid=1 depth=11.880 vz=-0.061 az=-0.058 target_valid=0 target=0.000 pid=0.000 pid_base=0.000 buoyancy_pwm=0 mask_valid=1 mask=0 forward_active=0
[CTRL] depth_valid=1 depth=11.865 vz=-0.104 az=-0.110 target_valid=0 target=0.000 pid=0.000 pid_base=0.000 buoyancy_pwm=0 mask_valid=1 mask=0 forward_active=0
[CTRL] depth_valid=1 depth=11.830 vz=-0.151 az=-0.138 target_valid=0 target=0.000 pid=0.000 pid_base=0.000 buoyancy_pwm=0 mask_valid=1 mask=0 forward_active=0
$T,118,-1,0,,74,,1063,-795,-279,1198,0*5D
[CTRL] depth_valid=1 depth=11.859 vz=-0.029 az=-0.005 target_valid=0 target=0.000 pid=0.000 pid_base=0.000 buoyancy_pwm=0 mask_valid=1 mask=0 forward_active=0
[CTRL] depth_valid=1 depth=11.860 vz=-0.060 az=-0.069 target_valid=0 target=0.000 pid=0.000 pid_base=0.000 buoyancy_pwm=0 mask_valid=1 mask=0 forward_active=0
[CTRL] depth_valid=1 depth=11.896 vz=0.024 az=0.014 target_valid=0 target=0.000 pid=0.000 pid_base=0.000 buoyancy_pwm=0 mask_valid=1 mask=0 forward_active=0
[CTRL] depth_valid=1 depth=11.871 vz=-0.096 az=-0.129 target_valid=0 target=0.000 pid=0.000 pid_base=0.000 buoyancy_pwm=0 mask_valid=1 mask=0 forward_active=0
$T,118,-1,-1,,73,,1058,-795,-274,1203,0*72
[CTRL] depth_valid=1 depth=11.863 vz=-0.070 az=-0.064 target_valid=0 target=0.000 pid=0.000 pid_base=0.000 buoyancy_pwm=0 mask_valid=1 mask=0 forward_active=0
[CTRL] depth_valid=1 depth=11.844 vz=-0.109 az=-0.106 target_valid=0 target=0.000 pid=0.000 pid_base=0.000 buoyancy_pwm=0 mask_valid=1 mask=0 forward_active=0
[CTRL] depth_valid=1 depth=11.852 vz=-0.042 az=-0.025 target_valid=0 target=0.000 pid=0.000 pid_base=0.000 buoyancy_pwm=0 mask_valid=1 mask=0 forward_active=0
[OK]hb
[CTRL] depth_valid=1 depth=11.837 vz=-0.059 az=-0.043 target_valid=0 target=0.000 pid=0.000 pid_base=0.000 buoyancy_pwm=0 mask_valid=1 mask=0 forward_active=0
$T,118,0,0,,73,,1057,-795,-273,1199,0*7A
[CTRL] depth_valid=1 depth=11.870 vz=-0.010 az=-0.024 target_valid=0 target=0.000 pid=0.000 pid_base=0.000 buoyancy_pwm=0 mask_valid=1 mask=0 forward_active=0
[CTRL] depth_valid=1 depth=11.900 vz=0.000 az=-0.040 target_valid=0 target=0.000 pid=0.000 pid_base=0.000 buoyancy_pwm=0 mask_valid=1 mask=0 forward_active=0
[CTRL] depth_valid=1 depth=11.884 vz=-0.099 az=-0.146 target_valid=0 target=0.000 pid=0.000 pid_base=0.000 buoyancy_pwm=0 mask_valid=1 mask=0 forward_active=0
[CTRL] depth_valid=1 depth=11.840 vz=-0.162 az=-0.163 target_valid=0 target=0.000 pid=0.000 pid_base=0.000 buoyancy_pwm=0 mask_valid=1 mask=0 forward_active=0
$T,118,-1,0,,73,,1065,-795,-281,1199,0*5A
[CTRL] depth_valid=1 depth=11.891 vz=-0.015 az=-0.013 target_valid=0 target=0.000 pid=0.000 pid_base=0.000 buoyancy_pwm=0 mask_valid=1 mask=0 forward_active=0
[CTRL] depth_valid=1 depth=11.860 vz=-0.059 az=-0.040 target_valid=0 target=0.000 pid=0.000 pid_base=0.000 buoyancy_pwm=0 mask_valid=1 mask=0 forward_active=0
[CTRL] depth_valid=1 depth=11.833 vz=-0.136 az=-0.136 target_valid=0 target=0.000 pid=0.000 pid_base=0.000 buoyancy_pwm=0 mask_valid=1 mask=0 forward_active=0
[CTRL] depth_valid=1 depth=11.844 vz=-0.081 az=-0.075 target_valid=0 target=0.000 pid=0.000 pid_base=0.000 buoyancy_pwm=0 mask_valid=1 mask=0 forward_active=0
$T,118,0,0,,73,,1064,-795,-280,1203,0*76
[CTRL] depth_valid=1 depth=11.881 vz=-0.017 az=-0.032 target_valid=0 target=0.000 pid=0.000 pid_base=0.000 buoyancy_pwm=0 mask_valid=1 mask=0 forward_active=0
[OK]hb
[CTRL] depth_valid=1 depth=11.848 vz=-0.085 az=-0.084 target_valid=0 target=0.000 pid=0.000 pid_base=0.000 buoyancy_pwm=0 mask_valid=1 mask=0 forward_active=0
[CTRL] depth_valid=1 depth=11.888 vz=0.035 az=0.041 target_valid=0 target=0.000 pid=0.000 pid_base=0.000 buoyancy_pwm=0 mask_valid=1 mask=0 forward_active=0
[CTRL] depth_valid=1 depth=11.853 vz=-0.094 az=-0.110 target_valid=0 target=0.000 pid=0.000 pid_base=0.000 buoyancy_pwm=0 mask_valid=1 mask=0 forward_active=0
$T,118,0,0,,74,,1058,-796,-275,1203,0*77
[CTRL] depth_valid=1 depth=11.888 vz=-0.023 az=-0.043 target_valid=0 target=0.000 pid=0.000 pid_base=0.000 buoyancy_pwm=0 mask_valid=1 mask=0 forward_active=0
[CTRL] depth_valid=1 depth=11.877 vz=-0.079 az=-0.102 target_valid=0 target=0.000 pid=0.000 pid_base=0.000 buoyancy_pwm=0 mask_valid=1 mask=0 forward_active=0
[CTRL] depth_valid=1 depth=11.871 vz=-0.035 az=-0.020 target_valid=0 target=0.000 pid=0.000 pid_base=0.000 buoyancy_pwm=0 mask_valid=1 mask=0 forward_active=0
[CTRL] depth_valid=1 depth=11.867 vz=-0.024 az=-0.008 target_valid=0 target=0.000 pid=0.000 pid_base=0.000 buoyancy_pwm=0 mask_valid=1 mask=0 forward_active=0
$T,118,0,0,,,,1064,-796,-280,1201,0*73
[CTRL] depth_valid=1 depth=11.881 vz=-0.021 az=-0.032 target_valid=0 target=0.000 pid=0.000 pid_base=0.000 buoyancy_pwm=0 mask_valid=1 mask=0 forward_active=0
[CTRL] depth_valid=1 depth=11.845 vz=-0.112 az=-0.119 target_valid=0 target=0.000 pid=0.000 pid_base=0.000 buoyancy_pwm=0 mask_valid=1 mask=0 forward_active=0
[CTRL] depth_valid=1 depth=11.868 vz=-0.015 az=-0.006 target_valid=0 target=0.000 pid=0.000 pid_base=0.000 buoyancy_pwm=0 mask_valid=1 mask=0 forward_active=0
[OK]hb
[CTRL] depth_valid=1 depth=11.823 vz=-0.114 az=-0.104 target_valid=0 target=0.000 pid=0.000 pid_base=0.000 buoyancy_pwm=0 mask_valid=1 mask=0 forward_active=0
$T,118,-1,0,,,,1064,-796,-281,1199,0*5C
[CTRL] depth_valid=1 depth=11.861 vz=0.008 az=0.022 target_valid=0 target=0.000 pid=0.000 pid_base=0.000 buoyancy_pwm=0 mask_valid=1 mask=0 forward_active=0
[CTRL] depth_valid=1 depth=11.850 vz=-0.074 az=-0.095 target_valid=0 target=0.000 pid=0.000 pid_base=0.000 buoyancy_pwm=0 mask_valid=1 mask=0 forward_active=0
[CTRL] depth_valid=1 depth=11.867 vz=-0.035 az=-0.045 target_valid=0 target=0.000 pid=0.000 pid_base=0.000 buoyancy_pwm=0 mask_valid=1 mask=0 forward_active=0
[CTRL] depth_valid=1 depth=11.909 vz=0.039 az=0.015 target_valid=0 target=0.000 pid=0.000 pid_base=0.000 buoyancy_pwm=0 mask_valid=1 mask=0 forward_active=0
$T,118,0,0,,,,1063,-796,-280,1196,0*79
[CTRL] depth_valid=1 depth=11.848 vz=-0.116 az=-0.126 target_valid=0 target=0.000 pid=0.000 pid_base=0.000 buoyancy_pwm=0 mask_valid=1 mask=0 forward_active=0
[CTRL] depth_valid=1 depth=11.820 vz=-0.151 az=-0.143 target_valid=0 target=0.000 pid=0.000 pid_base=0.000 buoyancy_pwm=0 mask_valid=1 mask=0 forward_active=0
[CTRL] depth_valid=1 depth=11.879 vz=0.026 az=0.040 target_valid=0 target=0.000 pid=0.000 pid_base=0.000 buoyancy_pwm=0 mask_valid=1 mask=0 forward_active=0
[CTRL] depth_valid=1 depth=11.852 vz=-0.047 az=-0.044 target_valid=0 target=0.000 pid=0.000 pid_base=0.000 buoyancy_pwm=0 mask_valid=1 mask=0 forward_active=0
$T,118,0,0,,,,1065,-796,-281,1199,0*71
[CTRL] depth_valid=1 depth=11.827 vz=-0.087 az=-0.077 target_valid=0 target=0.000 pid=0.000 pid_base=0.000 buoyancy_pwm=0 mask_valid=1 mask=0 forward_active=0
[OK]hb
[CTRL] depth_valid=1 depth=11.846 vz=-0.050 az=-0.054 target_valid=0 target=0.000 pid=0.000 pid_base=0.000 buoyancy_pwm=0 mask_valid=1 mask=0 forward_active=0
[CTRL] depth_valid=1 depth=11.866 vz=-0.030 az=-0.049 target_valid=0 target=0.000 pid=0.000 pid_base=0.000 buoyancy_pwm=0 mask_valid=1 mask=0 forward_active=0
[CTRL] depth_valid=1 depth=11.871 vz=-0.029 az=-0.047 target_valid=0 target=0.000 pid=0.000 pid_base=0.000 buoyancy_pwm=0 mask_valid=1 mask=0 forward_active=0
$T,118,0,0,,,,1065,-796,-282,1199,0*72
[CTRL] depth_valid=1 depth=11.855 vz=-0.099 az=-0.123 target_valid=0 target=0.000 pid=0.000 pid_base=0.000 buoyancy_pwm=0 mask_valid=1 mask=0 forward_active=0
[CTRL] depth_valid=1 depth=11.847 vz=-0.120 az=-0.136 target_valid=0 target=0.000 pid=0.000 pid_base=0.000 buoyancy_pwm=0 mask_valid=1 mask=0 forward_active=0
[CTRL] depth_valid=1 depth=11.842 vz=-0.090 az=-0.080 target_valid=0 target=0.000 pid=0.000 pid_base=0.000 buoyancy_pwm=0 mask_valid=1 mask=0 forward_active=0
[CTRL] depth_valid=1 depth=11.817 vz=-0.125 az=-0.111 target_valid=0 target=0.000 pid=0.000 pid_base=0.000 buoyancy_pwm=0 mask_valid=1 mask=0 forward_active=0
$T,118,-1,0,,,,1065,-797,-281,1196,0*53
[CTRL] depth_valid=1 depth=11.819 vz=-0.109 az=-0.106 target_valid=0 target=0.000 pid=0.000 pid_base=0.000 buoyancy_pwm=0 mask_valid=1 mask=0 forward_active=0
[CTRL] depth_valid=1 depth=11.841 vz=-0.102 az=-0.132 target_valid=0 target=0.000 pid=0.000 pid_base=0.000 buoyancy_pwm=0 mask_valid=1 mask=0 forward_active=0
[CTRL] depth_valid=1 depth=11.835 vz=-0.122 az=-0.141 target_valid=0 target=0.000 pid=0.000 pid_base=0.000 buoyancy_pwm=0 mask_valid=1 mask=0 forward_active=0
[OK]hb
[CTRL] depth_valid=1 depth=11.841 vz=-0.063 az=-0.055 target_valid=0 target=0.000 pid=0.000 pid_base=0.000 buoyancy_pwm=0 mask_valid=1 mask=0 forward_active=0
$T,118,0,0,,,,1065,-796,-282,1198,0*73
[CTRL] depth_valid=1 depth=11.853 vz=-0.040 az=-0.044 target_valid=0 target=0.000 pid=0.000 pid_base=0.000 buoyancy_pwm=0 mask_valid=1 mask=0 forward_active=0
[CTRL] depth_valid=1 depth=11.831 vz=-0.085 az=-0.083 target_valid=0 target=0.000 pid=0.000 pid_base=0.000 buoyancy_pwm=0 mask_valid=1 mask=0 forward_active=0
[CTRL] depth_valid=1 depth=11.835 vz=-0.070 az=-0.070 target_valid=0 target=0.000 pid=0.000 pid_base=0.000 buoyancy_pwm=0 mask_valid=1 mask=0 forward_active=0
[CTRL] depth_valid=1 depth=11.844 vz=-0.069 az=-0.085 target_valid=0 target=0.000 pid=0.000 pid_base=0.000 buoyancy_pwm=0 mask_valid=1 mask=0 forward_active=0
$T,118,-1,-1,,,,1069,-797,-286,1197,0*75
[CTRL] depth_valid=1 depth=11.849 vz=-0.040 az=-0.043 target_valid=0 target=0.000 pid=0.000 pid_base=0.000 buoyancy_pwm=0 mask_valid=1 mask=0 forward_active=0
[CTRL] depth_valid=1 depth=11.818 vz=-0.085 az=-0.073 target_valid=0 target=0.000 pid=0.000 pid_base=0.000 buoyancy_pwm=0 mask_valid=1 mask=0 forward_active=0
[CTRL] depth_valid=1 depth=11.851 vz=-0.001 az=-0.000 target_valid=0 target=0.000 pid=0.000 pid_base=0.000 buoyancy_pwm=0 mask_valid=1 mask=0 forward_active=0
[CTRL] depth_valid=1 depth=11.840 vz=-0.061 az=-0.080 target_valid=0 target=0.000 pid=0.000 pid_base=0.000 buoyancy_pwm=0 mask_valid=1 mask=0 forward_active=0
$T,118,0,0,,,,1062,-798,-279,1203,0*7F
[CTRL] depth_valid=1 depth=11.886 vz=0.030 az=0.008 target_valid=0 target=0.000 pid=0.000 pid_base=0.000 buoyancy_pwm=0 mask_valid=1 mask=0 forward_active=0
[OK]hb
[CTRL] depth_valid=1 depth=11.872 vz=0.003 az=-0.002 target_valid=0 target=0.000 pid=0.000 pid_base=0.000 buoyancy_pwm=0 mask_valid=1 mask=0 forward_active=0
[CTRL] depth_valid=1 depth=11.849 vz=-0.040 az=-0.033 target_valid=0 target=0.000 pid=0.000 pid_base=0.000 buoyancy_pwm=0 mask_valid=1 mask=0 forward_active=0
[CTRL] depth_valid=1 depth=11.847 vz=-0.035 az=-0.030 target_valid=0 target=0.000 pid=0.000 pid_base=0.000 buoyancy_pwm=0 mask_valid=1 mask=0 forward_active=0
$T,118,0,0,,,,1062,-797,-279,1203,0*70
[CTRL] depth_valid=1 depth=11.848 vz=-0.093 az=-0.124 target_valid=0 target=0.000 pid=0.000 pid_base=0.000 buoyancy_pwm=0 mask_valid=1 mask=0 forward_active=0
[CTRL] depth_valid=1 depth=11.833 vz=-0.105 az=-0.110 target_valid=0 target=0.000 pid=0.000 pid_base=0.000 buoyancy_pwm=0 mask_valid=1 mask=0 forward_active=0
Target depth set to 55.0 cm
[OK]l55#52[ACK] l55#52

[CTRL] depth_valid=1 depth=11.858 vz=-0.020 az=-0.018 target_valid=1 target=55.000 pid=100.000 pid_base=0.089 buoyancy_pwm=255 mask_valid=1 mask=0 forward_active=0
<- Minima: BUOY 
[CTRL] depth_valid=1 depth=11.931 vz=0.091 az=0.053 target_valid=1 target=55.000 pid=100.000 pid_base=0.091 buoyancy_pwm=255 mask_valid=1 mask=0 forward_active=0
$T,119,0,0,,,,1119,-802,-330,1201,4*75
[CTRL] depth_valid=1 depth=12.033 vz=0.245 az=0.185 target_valid=1 target=55.000 pid=100.000 pid_base=0.094 buoyancy_pwm=255 mask_valid=1 mask=0 forward_active=0
Target depth set to 50.0 cm
[OK]l50#53[ACK] l50#53

[CTRL] depth_valid=1 depth=12.412 vz=0.717 az=0.460 target_valid=1 target=50.000 pid=100.000 pid_base=0.105 buoyancy_pwm=255 mask_valid=1 mask=0 forward_active=0
[CTRL] depth_valid=1 depth=12.812 vz=0.810 az=0.274 target_valid=1 target=50.000 pid=100.000 pid_base=0.117 buoyancy_pwm=255 mask_valid=1 mask=0 forward_active=0
[OK]hb
[CTRL] depth_valid=1 depth=13.471 vz=1.313 az=0.541 target_valid=1 target=50.000 pid=100.000 pid_base=0.137 buoyancy_pwm=255 mask_valid=1 mask=0 forward_active=0
$T,135,13,5,,,8,1342,-847,-529,1201,4*77
[CTRL] depth_valid=1 depth=14.488 vz=2.130 az=0.987 target_valid=1 target=50.000 pid=100.000 pid_base=0.168 buoyancy_pwm=255 mask_valid=1 mask=0 forward_active=0
[CTRL] depth_valid=1 depth=16.151 vz=3.615 az=1.880 target_valid=1 target=50.000 pid=87.998 pid_base=0.217 buoyancy_pwm=224 mask_valid=1 mask=0 forward_active=0
[CTRL] depth_valid=1 depth=18.745 vz=5.605 az=2.764 target_valid=1 target=50.000 pid=-15.138 pid_base=0.131 buoyancy_pwm=80 mask_valid=1 mask=384 forward_active=0
[CTRL] depth_valid=1 depth=22.066 vz=7.258 az=2.958 target_valid=1 target=50.000 pid=-42.714 pid_base=0.081 buoyancy_pwm=109 mask_valid=1 mask=384 forward_active=0
$T,226,74,29,,,15,1691,-867,-882,1198,4*73
[CTRL] depth_valid=1 depth=25.770 vz=8.057 az=2.295 target_valid=1 target=50.000 pid=-60.314 pid_base=0.061 buoyancy_pwm=154 mask_valid=1 mask=384 forward_active=0
[CTRL] depth_valid=1 depth=29.194 vz=7.456 az=0.793 target_valid=1 target=50.000 pid=-58.901 pid_base=0.050 buoyancy_pwm=150 mask_valid=1 mask=384 forward_active=0
[CTRL] depth_valid=1 depth=32.170 vz=6.180 az=-0.642 target_valid=1 target=50.000 pid=-47.660 pid_base=0.042 buoyancy_pwm=122 mask_valid=1 mask=384 forward_active=0
[CTRL] depth_valid=1 depth=34.592 vz=4.733 az=-1.589 target_valid=1 target=50.000 pid=-32.969 pid_base=0.030 buoyancy_pwm=84 mask_valid=1 mask=384 forward_active=0
$T,349,45,-16,,,23,1218,-836,-404,1198,4*5E
[CTRL] depth_valid=1 depth=36.841 vz=4.021 az=-1.571 target_valid=1 target=50.000 pid=-27.872 pid_base=0.026 buoyancy_pwm=80 mask_valid=1 mask=384 forward_active=0
[CTRL] depth_valid=1 depth=38.718 vz=3.327 az=-1.514 target_valid=1 target=50.000 pid=-22.258 pid_base=0.021 buoyancy_pwm=80 mask_valid=1 mask=384 forward_active=0
[OK]hb
[CTRL] depth_valid=1 depth=40.498 vz=3.059 az=-1.163 target_valid=1 target=50.000 pid=-22.265 pid_base=0.022 buoyancy_pwm=80 mask_valid=1 mask=384 forward_active=0
[CTRL] depth_valid=1 depth=42.192 vz=3.043 az=-0.706 target_valid=1 target=50.000 pid=-25.597 pid_base=0.029 buoyancy_pwm=80 mask_valid=1 mask=384 forward_active=0
$T,424,30,-6,,,,1131,-829,-307,1198,4*62
[CTRL] depth_valid=1 depth=43.956 vz=3.308 az=-0.199 target_valid=1 target=50.000 pid=-33.049 pid_base=0.046 buoyancy_pwm=84 mask_valid=1 mask=384 forward_active=0
[CTRL] depth_valid=1 depth=45.996 vz=3.937 az=0.375 target_valid=1 target=50.000 pid=-46.299 pid_base=0.082 buoyancy_pwm=118 mask_valid=1 mask=384 forward_active=0
[CTRL] depth_valid=1 depth=48.604 vz=5.193 az=1.230 target_valid=1 target=50.000 pid=-69.684 pid_base=0.145 buoyancy_pwm=178 mask_valid=1 mask=384 forward_active=0
[CTRL] depth_valid=1 depth=51.302 vz=5.656 az=1.067 target_valid=1 target=50.000 pid=-83.019 pid_base=0.225 buoyancy_pwm=212 mask_valid=1 mask=384 forward_active=0
$T,517,57,10,,,,1012,-799,-160,1199,4*7E
[CTRL] depth_valid=1 depth=53.942 vz=5.520 az=0.469 target_valid=1 target=50.000 pid=-88.515 pid_base=0.316 buoyancy_pwm=226 mask_valid=1 mask=384 forward_active=0
[CTRL] depth_valid=1 depth=56.603 vz=5.451 az=0.211 target_valid=1 target=50.000 pid=-95.259 pid_base=0.422 buoyancy_pwm=243 mask_valid=1 mask=384 forward_active=0
[CTRL] depth_valid=1 depth=59.234 vz=5.358 az=0.066 target_valid=1 target=50.000 pid=-100.000 pid_base=0.539 buoyancy_pwm=255 mask_valid=1 mask=384 forward_active=0
[OK]hb
[CTRL] depth_valid=1 depth=61.959 vz=5.483 az=0.148 target_valid=1 target=50.000 pid=-100.000 pid_base=0.621 buoyancy_pwm=255 mask_valid=1 mask=384 forward_active=0
$T,623,53,0,,,,994,-778,-109,1199,4*79
[CTRL] depth_valid=1 depth=64.708 vz=5.557 az=0.158 target_valid=1 target=50.000 pid=-100.000 pid_base=0.703 buoyancy_pwm=255 mask_valid=1 mask=384 forward_active=0
[CTRL] depth_valid=1 depth=67.617 vz=5.861 az=0.352 target_valid=1 target=50.000 pid=-100.000 pid_base=0.790 buoyancy_pwm=255 mask_valid=1 mask=384 forward_active=0
[CTRL] depth_valid=1 depth=70.602 vz=6.085 az=0.392 target_valid=1 target=50.000 pid=-100.000 pid_base=0.880 buoyancy_pwm=255 mask_valid=1 mask=384 forward_active=0
[CTRL] depth_valid=1 depth=73.663 vz=6.278 az=0.424 target_valid=1 target=50.000 pid=-100.000 pid_base=0.972 buoyancy_pwm=255 mask_valid=1 mask=384 forward_active=0
$T,741,63,4,,41,,987,-764,-51,1201,4*4F
[CTRL] depth_valid=1 depth=76.825 vz=6.510 az=0.407 target_valid=1 target=50.000 pid=-100.000 pid_base=1.067 buoyancy_pwm=255 mask_valid=1 mask=384 forward_active=0
[CTRL] depth_valid=1 depth=78.369 vz=2.811 az=-3.320 target_valid=1 target=50.000 pid=-100.000 pid_base=1.113 buoyancy_pwm=255 mask_valid=1 mask=384 forward_active=0
[CTRL] depth_valid=1 depth=76.731 vz=-3.699 az=-7.348 target_valid=1 target=50.000 pid=-30.309 pid_base=1.177 buoyancy_pwm=80 mask_valid=1 mask=384 forward_active=0
[CTRL] depth_valid=1 depth=75.954 vz=-3.425 az=-3.944 target_valid=1 target=50.000 pid=-34.757 pid_base=1.283 buoyancy_pwm=89 mask_valid=1 mask=384 forward_active=0
$T,758,-31,-33,48,41,61,940,-666,48,1201,4*52
[CTRL] depth_valid=1 depth=75.963 vz=-1.295 az=-0.575 target_valid=1 target=50.000 pid=-66.014 pid_base=1.411 buoyancy_pwm=168 mask_valid=1 mask=384 forward_active=0
[CTRL] depth_valid=1 depth=76.465 vz=0.659 az=1.258 target_valid=1 target=50.000 pid=-96.255 pid_base=1.554 buoyancy_pwm=245 mask_valid=1 mask=384 forward_active=0
[OK]hb
[CTRL] depth_valid=1 depth=77.539 vz=2.226 az=1.906 target_valid=1 target=50.000 pid=-100.000 pid_base=1.627 buoyancy_pwm=255 mask_valid=1 mask=384 forward_active=0
[CTRL] depth_valid=1 depth=77.789 vz=1.027 az=0.047 target_valid=1 target=50.000 pid=-100.000 pid_base=1.638 buoyancy_pwm=255 mask_valid=1 mask=384 forward_active=0
$T,776,4,-5,50,40,60,993,-761,46,1201,4*7F
[CTRL] depth_valid=1 depth=77.182 vz=-1.021 az=-1.662 target_valid=1 target=50.000 pid=-79.237 pid_base=1.732 buoyancy_pwm=202 mask_valid=1 mask=384 forward_active=0
[CTRL] depth_valid=1 depth=76.533 vz=-1.716 az=-1.543 target_valid=1 target=50.000 pid=-71.173 pid_base=1.845 buoyancy_pwm=181 mask_valid=1 mask=384 forward_active=0
[CTRL] depth_valid=1 depth=75.967 vz=-1.656 az=-0.895 target_valid=1 target=50.000 pid=-73.331 pid_base=1.957 buoyancy_pwm=187 mask_valid=1 mask=384 forward_active=0
[CTRL] depth_valid=1 depth=75.838 vz=-0.659 az=0.267 target_valid=1 target=50.000 pid=-89.108 pid_base=2.080 buoyancy_pwm=227 mask_valid=1 mask=384 forward_active=0
$T,758,-5,3,50,41,59,954,-687,84,1197,4*7F
[CTRL] depth_valid=1 depth=75.900 vz=0.095 az=0.755 target_valid=1 target=50.000 pid=-100.000 pid_base=2.188 buoyancy_pwm=255 mask_valid=1 mask=384 forward_active=0
[CTRL] depth_valid=1 depth=75.860 vz=0.105 az=0.433 target_valid=1 target=50.000 pid=-100.000 pid_base=2.187 buoyancy_pwm=255 mask_valid=1 mask=384 forward_active=0
[CTRL] depth_valid=1 depth=75.890 vz=0.118 az=0.219 target_valid=1 target=50.000 pid=-100.000 pid_base=2.188 buoyancy_pwm=255 mask_valid=1 mask=384 forward_active=0
[CTRL] depth_valid=1 depth=75.943 vz=0.113 az=0.084 target_valid=1 target=50.000 pid=-100.000 pid_base=2.189 buoyancy_pwm=255 mask_valid=1 mask=384 forward_active=0
$T,759,1,0,,41,59,947,-661,84,1198,4*54
[OK]hb
[CTRL] depth_valid=1 depth=75.989 vz=0.174 az=0.140 target_valid=1 target=50.000 pid=-100.000 pid_base=2.214 buoyancy_pwm=255 mask_valid=1 mask=384 forward_active=0
[CTRL] depth_valid=1 depth=75.771 vz=-0.372 az=-0.386 target_valid=1 target=50.000 pid=-97.071 pid_base=2.272 buoyancy_pwm=248 mask_valid=1 mask=384 forward_active=0
[CTRL] depth_valid=1 depth=75.556 vz=-0.688 az=-0.598 target_valid=1 target=50.000 pid=-94.633 pid_base=2.371 buoyancy_pwm=241 mask_valid=1 mask=384 forward_active=0
[CTRL] depth_valid=1 depth=75.214 vz=-0.881 az=-0.529 target_valid=1 target=50.000 pid=-93.916 pid_base=2.485 buoyancy_pwm=239 mask_valid=1 mask=384 forward_active=0
$T,750,-11,-7,,41,59,942,-639,87,1200,4*62
[CTRL] depth_valid=1 depth=74.657 vz=-1.285 az=-0.675 target_valid=1 target=50.000 pid=-89.771 pid_base=2.591 buoyancy_pwm=229 mask_valid=1 mask=384 forward_active=0
[CTRL] depth_valid=1 depth=73.763 vz=-2.002 az=-1.029 target_valid=1 target=50.000 pid=-80.466 pid_base=2.684 buoyancy_pwm=205 mask_valid=1 mask=384 forward_active=0
[CTRL] depth_valid=1 depth=72.467 vz=-2.811 az=-1.263 target_valid=1 target=50.000 pid=-68.804 pid_base=2.761 buoyancy_pwm=175 mask_valid=1 mask=384 forward_active=0
[CTRL] depth_valid=1 depth=70.966 vz=-3.422 az=-1.316 target_valid=1 target=50.000 pid=-59.096 pid_base=2.825 buoyancy_pwm=151 mask_valid=1 mask=384 forward_active=0
$T,706,-35,-13,,41,59,937,-623,90,1200,4*5D
[CTRL] depth_valid=1 depth=68.997 vz=-4.403 az=-1.692 target_valid=1 target=50.000 pid=-43.017 pid_base=2.868 buoyancy_pwm=110 mask_valid=1 mask=384 forward_active=0
[OK]hb
[CTRL] depth_valid=1 depth=66.438 vz=-5.585 az=-2.018 target_valid=1 target=50.000 pid=-22.428 pid_base=2.881 buoyancy_pwm=80 mask_valid=1 mask=384 forward_active=0
[CTRL] depth_valid=1 depth=63.230 vz=-6.979 az=-2.383 target_valid=1 target=50.000 pid=18.131 pid_base=2.860 buoyancy_pwm=80 mask_valid=1 mask=0 forward_active=0
[CTRL] depth_valid=1 depth=59.538 vz=-7.981 az=-2.228 target_valid=1 target=50.000 pid=100.000 pid_base=2.790 buoyancy_pwm=255 mask_valid=1 mask=0 forward_active=0
$T,588,-81,-22,58,40,60,927,-634,80,1204,4*50
[CTRL] depth_valid=1 depth=55.908 vz=-7.828 az=-1.123 target_valid=1 target=50.000 pid=100.000 pid_base=2.682 buoyancy_pwm=255 mask_valid=1 mask=0 forward_active=0
[CTRL] depth_valid=1 depth=52.938 vz=-6.400 az=0.580 target_valid=1 target=50.000 pid=100.000 pid_base=2.592 buoyancy_pwm=255 mask_valid=1 mask=0 forward_active=0
[CTRL] depth_valid=1 depth=50.821 vz=-4.294 az=2.119 target_valid=1 target=50.000 pid=0.000 pid_base=2.534 buoyancy_pwm=0 mask_valid=1 mask=0 forward_active=0
[CTRL] depth_valid=1 depth=49.465 vz=-2.437 az=2.721 target_valid=1 target=50.000 pid=-21.885 pid_base=2.495 buoyancy_pwm=80 mask_valid=1 mask=384 forward_active=0
$T,492,-22,26,58,38,62,910,-678,114,1211,4*43
<- Minima: IDLE
[CTRL] depth_valid=1 depth=48.062 vz=-1.890 az=1.771 target_valid=1 target=50.000 pid=-25.296 pid_base=2.447 buoyancy_pwm=80 mask_valid=1 mask=384 forward_active=0
<- Minima: BUOY 
[CTRL] depth_valid=1 depth=46.604 vz=-2.481 az=0.474 target_valid=1 target=50.000 pid=-13.247 pid_base=2.390 buoyancy_pwm=80 mask_valid=1 mask=384 forward_active=0
<- Minima: IDLE
[CTRL] depth_valid=1 depth=44.635 vz=-3.804 az=-0.899 target_valid=1 target=50.000 pid=23.796 pid_base=2.327 buoyancy_pwm=0 mask_valid=1 mask=0 forward_active=0
<- Minima: BUOY 
[OK]hb
[CTRL] depth_valid=1 depth=42.305 vz=-4.836 az=-1.375 target_valid=1 target=50.000 pid=100.000 pid_base=2.231 buoyancy_pwm=255 mask_valid=1 mask=0 forward_active=0
$T,423,-48,-13,67,36,63,899,-675,142,1211,4*63
[CTRL] depth_valid=1 depth=39.784 vz=-5.338 az=-1.180 target_valid=1 target=50.000 pid=100.000 pid_base=2.155 buoyancy_pwm=255 mask_valid=1 mask=0 forward_active=0
[CTRL] depth_valid=1 depth=37.754 vz=-4.386 az=0.132 target_valid=1 target=50.000 pid=100.000 pid_base=2.094 buoyancy_pwm=255 mask_valid=1 mask=0 forward_active=0
[CTRL] depth_valid=1 depth=36.318 vz=-2.956 az=1.248 target_valid=1 target=50.000 pid=100.000 pid_base=2.051 buoyancy_pwm=255 mask_valid=1 mask=0 forward_active=0
[CTRL] depth_valid=1 depth=35.631 vz=-1.185 az=2.172 target_valid=1 target=50.000 pid=4.308 pid_base=1.972 buoyancy_pwm=80 mask_valid=1 mask=0 forward_active=0
$T,356,-11,21,62,35,64,963,-746,125,1204,4*47
[CTRL] depth_valid=1 depth=35.446 vz=0.110 az=2.314 target_valid=1 target=50.000 pid=-14.439 pid_base=1.894 buoyancy_pwm=80 mask_valid=1 mask=384 forward_active=0
<- Minima: IDLE
[CTRL] depth_valid=1 depth=35.480 vz=0.551 az=1.627 target_valid=1 target=50.000 pid=-18.803 pid_base=1.822 buoyancy_pwm=80 mask_valid=1 mask=384 forward_active=0
<- Minima: BUOY 
[CTRL] depth_valid=1 depth=35.263 vz=0.008 az=0.467 target_valid=1 target=50.000 pid=-9.359 pid_base=1.743 buoyancy_pwm=80 mask_valid=1 mask=384 forward_active=0
<- Minima: IDLE
[CTRL] depth_valid=1 depth=34.791 vz=-0.777 az=-0.389 target_valid=1 target=50.000 pid=24.101 pid_base=1.654 buoyancy_pwm=80 mask_valid=1 mask=0 forward_active=0
$T,347,-7,-3,66,34,65,974,-721,154,1204,0*6C
<- Minima: BUOY 
[CTRL] depth_valid=1 depth=34.019 vz=-1.564 az=-0.857 target_valid=1 target=50.000 pid=100.000 pid_base=1.553 buoyancy_pwm=255 mask_valid=1 mask=0 forward_active=0
[CTRL] depth_valid=1 depth=33.446 vz=-1.314 az=-0.237 target_valid=1 target=50.000 pid=98.980 pid_base=1.536 buoyancy_pwm=252 mask_valid=1 mask=0 forward_active=0
[OK]hb
[CTRL] depth_valid=1 depth=33.519 vz=0.008 az=0.968 target_valid=1 target=50.000 pid=3.066 pid_base=1.456 buoyancy_pwm=80 mask_valid=1 mask=0 forward_active=0
[CTRL] depth_valid=1 depth=34.349 vz=1.820 az=2.071 target_valid=1 target=50.000 pid=-24.063 pid_base=1.399 buoyancy_pwm=80 mask_valid=1 mask=384 forward_active=0
$T,343,18,20,67,33,66,1025,-785,135,1206,4*51
[CTRL] depth_valid=1 depth=35.540 vz=2.794 az=1.946 target_valid=1 target=50.000 pid=-38.544 pid_base=1.360 buoyancy_pwm=98 mask_valid=1 mask=384 forward_active=0
[CTRL] depth_valid=1 depth=36.537 vz=2.403 az=0.706 target_valid=1 target=50.000 pid=-37.008 pid_base=1.327 buoyancy_pwm=94 mask_valid=1 mask=384 forward_active=0
[CTRL] depth_valid=1 depth=36.991 vz=1.101 az=-0.727 target_valid=1 target=50.000 pid=-21.010 pid_base=1.277 buoyancy_pwm=80 mask_valid=1 mask=384 forward_active=0
[CTRL] depth_valid=1 depth=36.842 vz=-0.487 az=-1.801 target_valid=1 target=50.000 pid=12.819 pid_base=1.210 buoyancy_pwm=80 mask_valid=1 mask=0 forward_active=0
$T,368,-4,-18,68,33,66,995,-752,176,1206,4*5F
[CTRL] depth_valid=1 depth=36.291 vz=-1.598 az=-2.015 target_valid=1 target=50.000 pid=100.000 pid_base=1.141 buoyancy_pwm=255 mask_valid=1 mask=0 forward_active=0
[CTRL] depth_valid=1 depth=35.933 vz=-1.240 az=-0.837 target_valid=1 target=50.000 pid=100.000 pid_base=1.126 buoyancy_pwm=255 mask_valid=1 mask=0 forward_active=0
[CTRL] depth_valid=1 depth=36.189 vz=0.228 az=0.759 target_valid=1 target=50.000 pid=23.546 pid_base=1.097 buoyancy_pwm=80 mask_valid=1 mask=0 forward_active=0
[CTRL] depth_valid=1 depth=37.263 vz=2.245 az=2.123 target_valid=1 target=50.000 pid=-22.802 pid_base=1.057 buoyancy_pwm=80 mask_valid=1 mask=384 forward_active=0
$T,372,22,21,68,33,67,1115,-822,72,1200,4*61
[OK]hb
[CTRL] depth_valid=1 depth=39.123 vz=4.045 az=2.631 target_valid=1 target=50.000 pid=-52.795 pid_base=1.049 buoyancy_pwm=135 mask_valid=1 mask=384 forward_active=0
[CTRL] depth_valid=1 depth=40.833 vz=4.048 az=1.462 target_valid=1 target=50.000 pid=-60.307 pid_base=1.051 buoyancy_pwm=154 mask_valid=1 mask=384 forward_active=0
[CTRL] depth_valid=1 depth=42.111 vz=2.875 az=-0.230 target_valid=1 target=50.000 pid=-50.626 pid_base=1.049 buoyancy_pwm=129 mask_valid=1 mask=384 forward_active=0
[CTRL] depth_valid=1 depth=42.872 vz=1.416 az=-1.438 target_valid=1 target=50.000 pid=-32.594 pid_base=1.036 buoyancy_pwm=83 mask_valid=1 mask=384 forward_active=0
$T,428,14,-14,70,32,67,1008,-775,185,1196,4*7A
[CTRL] depth_valid=1 depth=43.282 vz=0.400 az=-1.740 target_valid=1 target=50.000 pid=-18.147 pid_base=1.015 buoyancy_pwm=80 mask_valid=1 mask=384 forward_active=0
[CTRL] depth_valid=1 depth=43.380 vz=-0.279 az=-1.609 target_valid=1 target=50.000 pid=-8.787 pid_base=0.986 buoyancy_pwm=0 mask_valid=1 mask=0 forward_active=0
<- Minima: IDLE
[CTRL] depth_valid=1 depth=43.121 vz=-0.896 az=-1.430 target_valid=1 target=50.000 pid=24.112 pid_base=0.944 buoyancy_pwm=0 mask_valid=1 mask=0 forward_active=0
<- Minima: BUOY 
[CTRL] depth_valid=1 depth=42.807 vz=-0.985 az=-0.884 target_valid=1 target=50.000 pid=46.847 pid_base=0.900 buoyancy_pwm=119 mask_valid=1 mask=0 forward_active=0
$T,428,-9,-8,70,32,68,1052,-798,141,1200,4*51
<- Minima: IDLE
[CTRL] depth_valid=1 depth=43.028 vz=0.153 az=0.447 target_valid=1 target=50.000 pid=0.000 pid_base=0.868 buoyancy_pwm=0 mask_valid=1 mask=0 forward_active=0
[CTRL] depth_valid=1 depth=44.079 vz=2.082 az=1.850 target_valid=1 target=50.000 pid=-30.680 pid_base=0.861 buoyancy_pwm=0 mask_valid=1 mask=0 forward_active=0
[OK]hb
<- Minima: BUOY 
[CTRL] depth_valid=1 depth=45.651 vz=3.516 az=2.233 target_valid=1 target=50.000 pid=-56.358 pid_base=0.880 buoyancy_pwm=144 mask_valid=1 mask=384 forward_active=0
[CTRL] depth_valid=1 depth=47.276 vz=3.817 az=1.526 target_valid=1 target=50.000 pid=-64.160 pid_base=0.908 buoyancy_pwm=164 mask_valid=1 mask=384 forward_active=0
$T,472,38,15,71,31,68,985,-751,205,1200,4*66
[CTRL] depth_valid=1 depth=48.502 vz=2.945 az=0.175 target_valid=1 target=50.000 pid=-58.382 pid_base=0.935 buoyancy_pwm=149 mask_valid=1 mask=384 forward_active=0
[CTRL] depth_valid=1 depth=49.596 vz=2.180 az=-0.602 target_valid=1 target=50.000 pid=-51.482 pid_base=0.964 buoyancy_pwm=131 mask_valid=1 mask=384 forward_active=0
[CTRL] depth_valid=1 depth=50.278 vz=1.194 az=-1.208 target_valid=1 target=50.000 pid=-39.398 pid_base=0.984 buoyancy_pwm=100 mask_valid=1 mask=384 forward_active=0
[CTRL] depth_valid=1 depth=50.669 vz=0.458 az=-1.332 target_valid=1 target=50.000 pid=-32.055 pid_base=1.001 buoyancy_pwm=82 mask_valid=1 mask=384 forward_active=0
$T,506,4,-13,71,31,68,955,-719,237,1197,4*7D
[CTRL] depth_valid=1 depth=50.495 vz=-0.627 az=-1.661 target_valid=1 target=50.000 pid=-15.258 pid_base=0.999 buoyancy_pwm=80 mask_valid=1 mask=384 forward_active=0
[CTRL] depth_valid=1 depth=50.065 vz=-1.290 az=-1.523 target_valid=1 target=50.000 pid=-6.303 pid_base=0.991 buoyancy_pwm=0 mask_valid=1 mask=0 forward_active=0
<- Minima: IDLE
Forward started.
[OK]w#54[ACK] w#54

[CTRL] depth_valid=1 depth=49.219 vz=-2.088 az=-1.566 target_valid=1 target=50.000 pid=36.379 pid_base=0.967 buoyancy_pwm=93 mask_valid=1 mask=0 forward_active=1
<- Minima: FWD 
[OK]hb
[CTRL] depth_valid=1 depth=48.413 vz=-2.225 az=-1.141 target_valid=1 target=50.000 pid=63.270 pid_base=0.939 buoyancy_pwm=161 mask_valid=1 mask=6 forward_active=1
$T,484,-22,-11,71,31,68,950,-742,236,1199,1*6C
<- Minima: FWD BUOY 
[CTRL] depth_valid=1 depth=47.879 vz=-1.300 az=0.199 target_valid=1 target=50.000 pid=53.990 pid_base=0.907 buoyancy_pwm=138 mask_valid=1 mask=0 forward_active=1
<- Minima: FWD 
[CTRL] depth_valid=1 depth=48.044 vz=0.174 az=1.263 target_valid=1 target=50.000 pid=-17.197 pid_base=0.903 buoyancy_pwm=0 mask_valid=1 mask=0 forward_active=1
<- Minima: FWD BUOY 
[CTRL] depth_valid=1 depth=49.012 vz=1.927 az=2.034 target_valid=1 target=50.000 pid=-42.915 pid_base=0.921 buoyancy_pwm=109 mask_valid=1 mask=390 forward_active=1
[CTRL] depth_valid=1 depth=50.767 vz=3.633 az=2.373 target_valid=1 target=50.000 pid=-75.741 pid_base=0.972 buoyancy_pwm=193 mask_valid=1 mask=384 forward_active=1
$T,507,36,23,69,31,68,938,-703,204,1194,5*68
[CTRL] depth_valid=1 depth=52.134 vz=3.381 az=1.152 target_valid=1 target=50.000 pid=-71.637 pid_base=1.015 buoyancy_pwm=183 mask_valid=1 mask=390 forward_active=1
[CTRL] depth_valid=1 depth=52.999 vz=1.825 az=-0.835 target_valid=1 target=50.000 pid=-59.600 pid_base=1.059 buoyancy_pwm=152 mask_valid=1 mask=390 forward_active=1
[CTRL] depth_valid=1 depth=53.679 vz=1.041 az=-1.223 target_valid=1 target=50.000 pid=-45.290 pid_base=1.093 buoyancy_pwm=115 mask_valid=1 mask=384 forward_active=1
[CTRL] depth_valid=1 depth=54.392 vz=1.058 az=-0.729 target_valid=1 target=50.000 pid=-51.733 pid_base=1.137 buoyancy_pwm=132 mask_valid=1 mask=390 forward_active=1
$T,543,10,-7,66,30,69,948,-688,126,1195,5*7F
[CTRL] depth_valid=1 depth=54.195 vz=-0.687 az=-2.013 target_valid=1 target=50.000 pid=-32.864 pid_base=1.159 buoyancy_pwm=84 mask_valid=1 mask=390 forward_active=1
[CTRL] depth_valid=1 depth=53.561 vz=-1.937 az=-2.330 target_valid=1 target=50.000 pid=-11.595 pid_base=1.161 buoyancy_pwm=80 mask_valid=1 mask=384 forward_active=1
[OK]hb
<- Minima: FWD 
[CTRL] depth_valid=1 depth=52.600 vz=-2.492 az=-1.791 target_valid=1 target=50.000 pid=10.048 pid_base=1.148 buoyancy_pwm=0 mask_valid=1 mask=6 forward_active=1
<- Minima: FWD BUOY 
[CTRL] depth_valid=1 depth=51.645 vz=-2.424 az=-0.994 target_valid=1 target=50.000 pid=25.818 pid_base=1.131 buoyancy_pwm=0 mask_valid=1 mask=0 forward_active=1
$T,516,-24,-9,66,30,69,945,-699,22,1199,5*6F
[CTRL] depth_valid=1 depth=50.675 vz=-2.155 az=-0.299 target_valid=1 target=50.000 pid=47.234 pid_base=1.106 buoyancy_pwm=120 mask_valid=1 mask=0 forward_active=1
[CTRL] depth_valid=1 depth=50.407 vz=-0.574 az=1.237 target_valid=1 target=50.000 pid=-10.967 pid_base=1.097 buoyancy_pwm=80 mask_valid=1 mask=390 forward_active=1
[CTRL] depth_valid=1 depth=50.686 vz=0.621 az=1.582 target_valid=1 target=50.000 pid=-32.920 pid_base=1.109 buoyancy_pwm=84 mask_valid=1 mask=384 forward_active=1
[CTRL] depth_valid=1 depth=51.310 vz=1.685 az=1.842 target_valid=1 target=50.000 pid=-46.599 pid_base=1.128 buoyancy_pwm=119 mask_valid=1 mask=384 forward_active=1
$T,513,16,18,,33,71,955,-694,-131,1197,5*4D
[CTRL] depth_valid=1 depth=51.992 vz=1.657 az=0.902 target_valid=1 target=50.000 pid=-57.896 pid_base=1.162 buoyancy_pwm=148 mask_valid=1 mask=390 forward_active=1
[CTRL] depth_valid=1 depth=52.268 vz=0.776 az=-0.258 target_valid=1 target=50.000 pid=-45.326 pid_base=1.181 buoyancy_pwm=116 mask_valid=1 mask=384 forward_active=1
[CTRL] depth_valid=1 depth=52.175 vz=0.005 az=-0.656 target_valid=1 target=50.000 pid=-30.334 pid_base=1.187 buoyancy_pwm=80 mask_valid=1 mask=390 forward_active=1
[CTRL] depth_valid=1 depth=51.772 vz=-0.967 az=-1.209 target_valid=1 target=50.000 pid=-17.745 pid_base=1.188 buoyancy_pwm=80 mask_valid=1 mask=390 forward_active=1
$T,517,-9,-12,,33,,954,-676,-336,1196,5*72
[OK]hb
[CTRL] depth_valid=1 depth=50.922 vz=-2.002 az=-1.587 target_valid=1 target=50.000 pid=-6.202 pid_base=1.176 buoyancy_pwm=80 mask_valid=1 mask=384 forward_active=1
[CTRL] depth_valid=1 depth=49.789 vz=-2.389 az=-1.062 target_valid=1 target=50.000 pid=54.678 pid_base=1.141 buoyancy_pwm=139 mask_valid=1 mask=6 forward_active=1
[CTRL] depth_valid=1 depth=48.992 vz=-1.845 az=-0.096 target_valid=1 target=50.000 pid=39.964 pid_base=1.112 buoyancy_pwm=102 mask_valid=1 mask=6 forward_active=1
[CTRL] depth_valid=1 depth=48.690 vz=-0.665 az=0.954 target_valid=1 target=50.000 pid=-8.626 pid_base=1.096 buoyancy_pwm=0 mask_valid=1 mask=0 forward_active=1
$T,486,-6,9,,61,,953,-721,-579,1198,5*63
<- Minima: FWD 
[CTRL] depth_valid=1 depth=49.235 vz=1.231 az=2.139 target_valid=1 target=50.000 pid=-32.392 pid_base=1.101 buoyancy_pwm=83 mask_valid=1 mask=390 forward_active=1
<- Minima: FWD BUOY 
[CTRL] depth_valid=1 depth=50.191 vz=2.167 az=1.849 target_valid=1 target=50.000 pid=-54.092 pid_base=1.130 buoyancy_pwm=138 mask_valid=1 mask=384 forward_active=1
[CTRL] depth_valid=1 depth=51.151 vz=2.213 az=0.981 target_valid=1 target=50.000 pid=-57.217 pid_base=1.161 buoyancy_pwm=146 mask_valid=1 mask=384 forward_active=1
[CTRL] depth_valid=1 depth=51.994 vz=1.895 az=0.249 target_valid=1 target=50.000 pid=-54.590 pid_base=1.193 buoyancy_pwm=139 mask_valid=1 mask=390 forward_active=1
$T,519,18,2,53,35,248,957,-698,-885,1198,5*4D
[CTRL] depth_valid=1 depth=52.855 vz=1.538 az=-0.329 target_valid=1 target=50.000 pid=-57.861 pid_base=1.234 buoyancy_pwm=148 mask_valid=1 mask=384 forward_active=1
[CTRL] depth_valid=1 depth=52.732 vz=-0.142 az=-1.538 target_valid=1 target=50.000 pid=-34.366 pid_base=1.247 buoyancy_pwm=88 mask_valid=1 mask=384 forward_active=1
[OK]hb
[CTRL] depth_valid=1 depth=52.211 vz=-1.352 az=-1.866 target_valid=1 target=50.000 pid=-13.498 pid_base=1.244 buoyancy_pwm=80 mask_valid=1 mask=390 forward_active=1
<- Minima: FWD 
[CTRL] depth_valid=1 depth=50.878 vz=-3.099 az=-2.552 target_valid=1 target=50.000 pid=62.193 pid_base=1.219 buoyancy_pwm=159 mask_valid=1 mask=0 forward_active=1
$T,508,-30,-25,,37,253,948,-667,-1211,1196,1*4E
<- Minima: FWD BUOY 
[CTRL] depth_valid=1 depth=49.426 vz=-3.773 az=-2.177 target_valid=1 target=50.000 pid=100.000 pid_base=1.183 buoyancy_pwm=255 mask_valid=1 mask=6 forward_active=1
[CTRL] depth_valid=1 depth=48.171 vz=-3.245 az=-0.890 target_valid=1 target=50.000 pid=100.000 pid_base=1.142 buoyancy_pwm=255 mask_valid=1 mask=6 forward_active=1
[CTRL] depth_valid=1 depth=47.525 vz=-1.652 az=0.796 target_valid=1 target=50.000 pid=14.452 pid_base=1.114 buoyancy_pwm=80 mask_valid=1 mask=0 forward_active=1
[CTRL] depth_valid=1 depth=47.611 vz=0.257 az=2.028 target_valid=1 target=50.000 pid=-21.362 pid_base=1.100 buoyancy_pwm=0 mask_valid=1 mask=6 forward_active=1
$T,476,2,20,,62,62,997,-739,-1534,1192,5*4A
[CTRL] depth_valid=1 depth=48.463 vz=2.115 az=2.695 target_valid=1 target=50.000 pid=-46.869 pid_base=1.110 buoyancy_pwm=120 mask_valid=1 mask=390 forward_active=1
[CTRL] depth_valid=1 depth=49.246 vz=2.274 az=1.673 target_valid=1 target=50.000 pid=-54.375 pid_base=1.127 buoyancy_pwm=139 mask_valid=1 mask=384 forward_active=1
[CTRL] depth_valid=1 depth=50.249 vz=2.352 az=0.958 target_valid=1 target=50.000 pid=-59.574 pid_base=1.156 buoyancy_pwm=152 mask_valid=1 mask=390 forward_active=1
[Cvz=1.103 az=-6 target_valid=1 target=50.000 pid=-44.664 pid_base=1.171 buoyancy_pwm=114 mask_valid=1 mask=384 forward_active=1
$T,506,11,-4,,33,65,968,-686,-1789,1192,5*67
[CTRL] depth_valid=1 depth=50.846 vz=0.310 az=-0.971 target_valid=1 target=50.000 pid=-35.403 pid_base=1.183 buoyancy_pwm=90 mask_valid=1 mask=384 forward_active=1
[CTRL] depth_valid=1 depth=50.700 vz=-0.671 az=-1.497 target_valid=1 target=50.000 pid=-25.254 pid_base=1.187 buoyancy_pwm=80 mask_valid=1 mask=390 forward_active=1
[CTRL] depth_valid=1 depth=50.296 vz=-1.318 az=-1.496 target_valid=1 target=50.000 pid=-13.129 pid_base=1.178 buoyancy_pwm=80 mask_valid=1 mask=384 forward_active=1
<- Minima: FWD 
[CTRL] depth_valid=1 depth=49.049 vz=-2.786 az=-2.076 target_valid=1 target=50.000 pid=61.973 pid_base=1.143 buoyancy_pwm=158 mask_valid=1 mask=0 forward_active=1
$T,490,-27,-20,,35,83,933,-674,1539,1196,1*5E
<- Minima: FWD BUOY 
[CTRL] depth_valid=1 depth=47.799 vz=-3.137 az=-1.553 target_valid=1 target=50.000 pid=100.000 pid_base=1.101 buoyancy_pwm=255 mask_valid=1 mask=6 forward_active=1
[CTRL] depth_valid=1 depth=46.891 vz=-2.299 az=-0.184 target_valid=1 target=50.000 pid=100.000 pid_base=1.060 buoyancy_pwm=255 mask_valid=1 mask=0 forward_active=1
<- Minima: FWD 
Forward stop: pressure balance in progress...
[OK]w#55[ACK] w#55

[CTRL] depth_valid=1 depth=46.835 vz=-0.149 az=1.771 target_valid=1 target=50.000 pid=-11.850 pid_base=1.045 buoyancy_pwm=80 mask_valid=1 mask=390 forward_active=0
<- Minima: FWD BUOY 
[CTRL] depth_valid=1 depth=47.532 vz=1.758 az=2.610 target_valid=1 target=50.000 pid=-37.248 pid_base=1.046 buoyancy_pwm=95 mask_valid=1 mask=388 forward_active=0
$T,475,17,26,,,87,978,-730,1233,1196,5*55
<- Minima: BUOY 
[CTRL] depth_valid=1 depth=48.419 vz=2.436 az=2.073 target_valid=1 target=50.000 pid=-49.765 pid_base=1.060 buoyancy_pwm=127 mask_valid=1 mask=384 forward_active=0
[CTRL] depth_valid=1 depth=48.962 vz=1.670 az=0.545 target_valid=1 target=50.000 pid=-45.184 pid_base=1.073 buoyancy_pwm=115 mask_valid=1 mask=384 forward_active=0
[OK]hb
[CTRL] depth_valid=1 depth=48.997 vz=0.232 az=-0.928 target_valid=1 target=50.000 pid=-28.224 pid_base=1.073 buoyancy_pwm=80 mask_valid=1 mask=384 forward_active=0
[CTRL] depth_valid=1 depth=48.489 vz=-1.188 az=-1.723 target_valid=1 target=50.000 pid=-7.301 pid_base=1.054 buoyancy_pwm=80 mask_valid=1 mask=384 forward_active=0
$T,484,-11,-17,57,228,56,953,-702,1017,1198,4*6A
[CTRL] depth_valid=1 depth=47.435 vz=-2.495 az=-2.083 target_valid=1 target=50.000 pid=80.816 pid_base=1.016 buoyancy_pwm=206 mask_valid=1 mask=0 forward_active=0
[CTRL] depth_valid=1 depth=46.246 vz=-2.936 az=-1.578 target_valid=1 target=50.000 pid=100.000 pid_base=0.971 buoyancy_pwm=255 mask_valid=1 mask=0 forward_active=0
[OK]d#56[ACK] d#56

<- Minima: TURN BUOY 
[CTRL] depth_valid=1 depth=45.481 vz=-2.194 az=-0.325 target_valid=1 target=50.000 pid=100.000 pid_base=0.948 buoyancy_pwm=255 mask_valid=1 mask=0 forward_active=0
[CTRL] depth_valid=1 depth=45.588 vz=-0.112 az=1.512 target_valid=1 target=50.000 pid=-10.399 pid_base=0.932 buoyancy_pwm=80 mask_valid=1 mask=384 forward_active=0
$T,456,1,16,57,226,62,1051,-782,745,1207,6*58
[CTRL] depth_valid=1 depth=46.544 vz=2.200 az=2.760 target_valid=1 target=50.000 pid=-43.302 pid_base=0.940 buoyancy_pwm=110 mask_valid=1 mask=384 forward_active=0
<- Minima: BUOY 
[CTRL] depth_valid=1 depth=47.849 vz=3.241 az=2.422 target_valid=1 target=50.000 pid=-60.357 pid_base=0.965 buoyancy_pwm=154 mask_valid=1 mask=384 forward_active=0
[CTRL] depth_valid=1 depth=48.962 vz=2.964 az=1.194 target_valid=1 target=50.000 pid=-59.439 pid_base=0.990 buoyancy_pwm=152 mask_valid=1 mask=384 forward_active=0
[OK]a#57[ACK] a#57

<- Minima: TURN BUOY 
[CTRL] depth_valid=1 depth=49.901 vz=2.134 az=-0.097 target_valid=1 target=50.000 pid=-50.822 pid_base=1.015 buoyancy_pwm=130 mask_valid=1 mask=384 forward_active=0
$T,499,17,-4,,,82,971,-728,686,1200,6*7B
[CTRL] depth_valid=1 depth=50.187 vz=0.645 az=-1.268 target_valid=1 target=50.000 pid=-31.737 pid_base=1.024 buoyancy_pwm=81 mask_valid=1 mask=384 forward_active=0
[CTRL] depth_valid=1 depth=50.057 vz=-0.595 az=-1.818 target_valid=1 target=50.000 pid=-14.873 pid_base=1.021 buoyancy_pwm=80 mask_valid=1 mask=384 forward_active=0
<- Minima: BUOY 
[CTRL] depth_valid=1 depth=49.569 vz=-1.455 az=-1.798 target_valid=1 target=50.000 pid=-2.089 pid_base=1.006 buoyancy_pwm=0 mask_valid=1 mask=0 forward_active=0
[CTRL] depth_valid=1 depth=48.507 vz=-2.707 az=-2.191 target_valid=1 target=50.000 pid=100.000 pid_base=0.970 buoyancy_pwm=255 mask_valid=1 mask=0 forward_active=0
$T,483,-27,-20,,,81,945,-733,596,1203,4*65
[CTRL] depth_valid=1 depth=47.632 vz=-2.415 az=-1.045 target_valid=1 target=50.000 pid=96.371 pid_base=0.940 buoyancy_pwm=246 mask_valid=1 mask=0 forward_active=0
[CTRL] depth_valid=1 depth=47.247 vz=-0.795 az=0.817 target_valid=1 target=50.000 pid=0.000 pid_base=0.915 buoyancy_pwm=0 mask_valid=1 mask=0 forward_active=0
[CTRL] depth_valid=1 depth=47.928 vz=1.446 az=2.332 target_valid=1 target=50.000 pid=-32.348 pid_base=0.919 buoyancy_pwm=82 mask_valid=1 mask=384 forward_active=0
[CTRL] depth_valid=1 depth=49.127 vz=2.857 az=2.462 target_valid=1 target=50.000 pid=-56.031 pid_base=0.944 buoyancy_pwm=143 mask_valid=1 mask=384 forward_active=0
$T,492,27,21,,,,963,-723,489,1204,4*60
[CTRL] depth_valid=1 depth=50.075 vz=2.593 az=1.194 target_valid=1 target=50.000 pid=-56.389 pid_base=0.975 buoyancy_pwm=144 mask_valid=1 mask=384 forward_active=0
[CTRL] depth_valid=1 depth=50.795 vz=1.704 az=-0.156 target_valid=1 target=50.000 pid=-46.516 pid_base=0.999 buoyancy_pwm=119 mask_valid=1 mask=384 forward_active=0
[OK]hb
[CTRL] depth_valid=1 depth=51.049 vz=0.511 az=-1.125 target_valid=1 target=50.000 pid=-31.382 pid_base=1.011 buoyancy_pwm=80 mask_valid=1 mask=384 forward_active=0
[CTRL] depth_valid=1 depth=50.940 vz=-0.492 az=-1.515 target_valid=1 target=50.000 pid=-17.832 pid_base=1.013 buoyancy_pwm=80 mask_valid=1 mask=384 forward_active=0
$T,508,-7,-16,,,,945,-702,440,1202,4*50
[CTRL] depth_valid=1 depth=50.273 vz=-1.687 az=-1.888 target_valid=1 target=50.000 pid=-0.201 pid_base=0.997 buoyancy_pwm=0 mask_valid=1 mask=0 forward_active=0
[CTRL] depth_valid=1 depth=49.322 vz=-2.456 az=-1.791 target_valid=1 target=50.000 pid=75.606 pid_base=0.968 buoyancy_pwm=193 mask_valid=1 mask=0 forward_active=0
[CTRL] depth_valid=1 depth=48.275 vz=-2.706 az=-1.327 target_valid=1 target=50.000 pid=100.000 pid_base=0.931 buoyancy_pwm=255 mask_valid=1 mask=0 forward_active=0
[CTRL] depth_valid=1 depth=47.908 vz=-0.877 az=0.796 target_valid=1 target=50.000 pid=0.000 pid_base=0.915 buoyancy_pwm=0 mask_valid=1 mask=0 forward_active=0
$T,479,-8,7,,,,1018,-778,302,1197,4*76
<- Minima: IDLE
[CTRL] depth_valid=1 depth=48.442 vz=1.121 az=2.239 target_valid=1 target=50.000 pid=-32.274 pid_base=0.920 buoyancy_pwm=82 mask_valid=1 mask=384 forward_active=0
<- Minima: BUOY 
[CTRL] depth_valid=1 depth=50.023 vz=3.288 az=2.851 target_valid=1 target=50.000 pid=-61.974 pid_base=0.955 buoyancy_pwm=158 mask_valid=1 mask=384 forward_active=0
[CTRL] depth_valid=1 depth=51.621 vz=3.860 az=2.071 target_valid=1 target=50.000 pid=-76.667 pid_base=1.005 buoyancy_pwm=195 mask_valid=1 mask=384 forward_active=0
[CTRL] depth_valid=1 depth=52.832 vz=2.994 az=0.444 target_valid=1 target=50.000 pid=-71.104 pid_base=1.053 buoyancy_pwm=181 mask_valid=1 mask=384 forward_active=0
$T,530,28,3,,,44,951,-715,311,1201,4*51
EMERGENCY STOP: global pressure balance started (5s), commands locked.
[OK]s#58[ACK] s#58

[OK]hb
<- Minima: FWD TURN BUOY 
[CTRL] depth_valid=1 depth=53.812 vz=2.102 az=-0.512 target_valid=0 target=0.000 pid=0.000 pid_base=0.000 buoyancy_pwm=0 mask_valid=1 mask=258 forward_active=0
[CTRL] depth_valid=1 depth=54.395 vz=1.157 az=-1.073 target_valid=0 target=0.000 pid=0.000 pid_base=0.000 buoyancy_pwm=0 mask_valid=1 mask=132 forward_active=0
[CTRL] depth_valid=1 depth=55.535 vz=1.987 az=0.067 target_valid=0 target=0.000 pid=0.000 pid_base=0.000 buoyancy_pwm=0 mask_valid=1 mask=258 forward_active=0
[CTRL] depth_valid=1 depth=57.172 vz=3.255 az=1.090 target_valid=0 target=0.000 pid=0.000 pid_base=0.000 buoyancy_pwm=0 mask_valid=1 mask=132 forward_active=0
$T,574,34,12,68,56,44,959,-747,252,1211,7*6A
[CTRL] depth_valid=1 depth=59.344 vz=4.582 az=1.716 target_valid=0 target=0.000 pid=0.000 pid_base=0.000 buoyancy_pwm=0 mask_valid=1 mask=258 forward_active=0
[CTRL] depth_valid=1 depth=61.957 vz=5.734 az=1.980 target_valid=0 target=0.000 pid=0.000 pid_base=0.000 buoyancy_pwm=0 mask_valid=1 mask=132 forward_active=0
[CTRL] depth_valid=1 depth=65.270 vz=7.124 az=2.268 target_valid=0 target=0.000 pid=0.000 pid_base=0.000 buoyancy_pwm=0 mask_valid=1 mask=258 forward_active=0
[CTRL] depth_valid=1 depth=69.029 vz=8.205 az=2.216 target_valid=0 target=0.000 pid=0.000 pid_base=0.000 buoyancy_pwm=0 mask_valid=1 mask=132 forward_active=0
$T,696,83,21,66,55,45,976,-761,203,1211,7*68
[CTRL] depth_valid=1 depth=73.556 vz=9.570 az=2.417 target_valid=0 target=0.000 pid=0.000 pid_base=0.000 buoyancy_pwm=0 mask_valid=1 mask=258 forward_active=0
[CTRL] depth_valid=1 depth=77.828 vz=8.837 az=0.469 target_valid=0 target=0.000 pid=0.000 pid_base=0.000 buoyancy_pwm=0 mask_valid=1 mask=132 forward_active=0
[OK]hb
Global balance complete. System ready.
<- Minima: IDLE
[CTRL] depth_valid=1 depth=77.922 vz=0.150 az=-7.342 target_valid=0 target=0.000 pid=0.000 pid_base=0.000 buoyancy_pwm=0 mask_valid=1 mask=0 forward_active=0
[CTRL] depth_valid=1 depth=76.564 vz=-3.821 az=-7.145 target_valid=0 target=0.000 pid=0.000 pid_base=0.000 buoyancy_pwm=0 mask_valid=1 mask=0 forward_active=0
$T,765,-35,-62,66,55,44,971,-689,194,1203,0*67
d=1 depth=76.664 vz=-2.116 az=-2.898 target_valid=0 target=0.000 pid=0.000 pid_base=0.000 buoyancy_pwm=0 mask_valid=1 mask=0 forward_active=0
[Retry 1/5] k#59
Ascending...
[OK]k#59[ACK] k#59

[CTRL] depth_valid=1 depth=76.818 vz=-0.337 az=-0.033 target_valid=0 target=0.000 pid=-100.000 pid_base=0.000 buoyancy_pwm=255 mask_valid=1 mask=384 forward_active=0
<- Minima: BUOY 
[CTRL] depth_valid=1 depth=78.206 vz=2.441 az=2.174 target_valid=0 target=0.000 pid=-100.000 pid_base=0.000 buoyancy_pwm=255 mask_valid=1 mask=384 forward_active=0
[CTRL] depth_valid=1 depth=77.965 vz=0.019 az=-0.908 target_valid=0 target=0.000 pid=-100.000 pid_base=0.000 buoyancy_pwm=255 mask_valid=1 mask=384 forward_active=0
$T,778,-3,-12,68,55,44,962,-757,207,1198,4*5B
[CTRL] depth_valid=1 depth=76.852 vz=-2.541 az=-2.821 target_valid=0 target=0.000 pid=-100.000 pid_base=0.000 buoyancy_pwm=255 mask_valid=1 mask=384 forward_active=0
[CTRL] depth_valid=1 depth=76.568 vz=-1.587 az=-0.963 target_valid=0 target=0.000 pid=-100.000 pid_base=0.000 buoyancy_pwm=255 mask_valid=1 mask=384 forward_active=0
[CTRL] depth_valid=1 depth=76.177 vz=-1.070 az=-0.128 target_valid=0 target=0.000 pid=-100.000 pid_base=0.000 buoyancy_pwm=255 mask_valid=1 mask=384 forward_active=0
[CTRL] depth_valid=1 depth=76.287 vz=0.014 az=0.755 target_valid=0 target=0.000 pid=-100.000 pid_base=0.000 buoyancy_pwm=255 mask_valid=1 mask=384 forward_active=0
$T,764,3,10,69,56,43,917,-671,237,1201,4*56
[OK]hb
[CTRL] depth_valid=1 depth=76.774 vz=1.088 az=1.321 target_valid=0 target=0.000 pid=-100.000 pid_base=0.000 buoyancy_pwm=255 mask_valid=1 mask=384 forward_active=0
[CTRL] depth_valid=1 depth=77.043 vz=0.873 az=0.557 target_valid=0 target=0.000 pid=-100.000 pid_base=0.000 buoyancy_pwm=255 mask_valid=1 mask=384 forward_active=0
[CTRL] depth_valid=1 depth=77.483 vz=0.969 az=0.360 target_valid=0 target=0.000 pid=-100.000 pid_base=0.000 buoyancy_pwm=255 mask_valid=1 mask=384 forward_active=0
[CTRL] depth_valid=1 depth=77.449 vz=0.062 az=-0.567 target_valid=0 target=0.000 pid=-100.000 pid_base=0.000 buoyancy_pwm=255 mask_valid=1 mask=384 forward_active=0
$T,773,-2,-8,,55,43,948,-705,185,1197,4*6A
[CTRL] depth_valid=1 depth=77.134 vz=-0.785 az=-1.079 target_valid=0 target=0.000 pid=-100.000 pid_base=0.000 buoyancy_pwm=255 mask_valid=1 mask=384 forward_active=0
[CTRL] depth_valid=1 depth=76.646 vz=-1.270 az=-1.055 target_valid=0 target=0.000 pid=-100.000 pid_base=0.000 buoyancy_pwm=255 mask_valid=1 mask=384 forward_active=0
[CTRL] depth_valid=1 depth=75.969 vz=-1.498 az=-0.713 target_valid=0 target=0.000 pid=-100.000 pid_base=0.000 buoyancy_pwm=255 mask_valid=1 mask=384 forward_active=0
[CTRL] depth_valid=1 depth=75.273 vz=-1.676 az=-0.629 target_valid=0 target=0.000 pid=-100.000 pid_base=0.000 buoyancy_pwm=255 mask_valid=1 mask=384 forward_active=0
$T,751,-15,-4,,55,43,934,-649,189,1203,4*50
[CTRL] depth_valid=1 depth=74.633 vz=-1.595 az=-0.389 target_valid=0 target=0.000 pid=-100.000 pid_base=0.000 buoyancy_pwm=255 mask_valid=1 mask=384 forward_active=0
[CTRL] depth_valid=1 depth=73.824 vz=-1.811 az=-0.479 target_valid=0 target=0.000 pid=-100.000 pid_base=0.000 buoyancy_pwm=255 mask_valid=1 mask=384 forward_active=0
[OK]hb
[CTRL] depth_valid=1 depth=72.711 vz=-2.367 az=-0.766 target_valid=0 target=0.000 pid=-100.000 pid_base=0.000 buoyancy_pwm=255 mask_valid=1 mask=384 forward_active=0
[CTRL] depth_valid=1 depth=71.267 vz=-3.024 az=-0.974 target_valid=0 target=0.000 pid=-100.000 pid_base=0.000 buoyancy_pwm=255 mask_valid=1 mask=384 forward_active=0
$T,709,-33,-12,,56,43,930,-629,179,1202,4*61
[CTRL] depth_valid=1 depth=69.404 vz=-3.878 az=-1.239 target_valid=0 target=0.000 pid=-100.000 pid_base=0.000 buoyancy_pwm=255 mask_valid=1 mask=384 forward_active=0
[CTRL] depth_valid=1 depth=67.090 vz=-4.924 az=-1.609 target_valid=0 target=0.000 pid=-100.000 pid_base=0.000 buoyancy_pwm=255 mask_valid=1 mask=384 forward_active=0
[CTRL] depth_valid=1 depth=64.141 vz=-6.266 az=-2.061 target_valid=0 target=0.000 pid=-100.000 pid_base=0.000 buoyancy_pwm=255 mask_valid=1 mask=384 forward_active=0
Ascend stopped.
[OK]k#60[ACK] k#60

<- Minima: IDLE
[CTRL] depth_valid=1 depth=60.613 vz=-7.497 az=-2.189 target_valid=0 target=0.000 pid=0.000 pid_base=0.000 buoyancy_pwm=0 mask_valid=1 mask=0 forward_active=0
$T,599,-76,-21,74,55,44,941,-635,148,1199,0*60
[CTRL] depth_valid=1 depth=56.914 vz=-7.914 az=-1.579 target_valid=0 target=0.000 pid=0.000 pid_base=0.000 buoyancy_pwm=0 mask_valid=1 mask=0 forward_active=0
[CTRL] depth_valid=1 depth=53.450 vz=-7.377 az=-0.470 target_valid=0 target=0.000 pid=0.000 pid_base=0.000 buoyancy_pwm=0 mask_valid=1 mask=0 forward_active=0
[CTRL] depth_valid=1 depth=50.220 vz=-6.661 az=0.310 target_valid=0 target=0.000 pid=0.000 pid_base=0.000 buoyancy_pwm=0 mask_valid=1 mask=0 forward_active=0
[CTRL] depth_valid=1 depth=46.853 vz=-6.690 az=0.121 target_valid=0 target=0.000 pid=0.000 pid_base=0.000 buoyancy_pwm=0 mask_valid=1 mask=0 forward_active=0
$T,463,-66,1,80,55,44,940,-638,129,1199,0*7A
[OK]hb
[CTRL] depth_valid=1 depth=43.376 vz=-6.938 az=-0.156 target_valid=0 target=0.000 pid=0.000 pid_base=0.000 buoyancy_pwm=0 mask_valid=1 mask=0 forward_active=0
[CTRL] depth_valid=1 depth=39.767 vz=-7.246 az=-0.351 target_valid=0 target=0.000 pid=0.000 pid_base=0.000 buoyancy_pwm=0 mask_valid=1 mask=0 forward_active=0
[CTRL] depth_valid=1 depth=35.779 vz=-8.084 az=-0.944 target_valid=0 target=0.000 pid=0.000 pid_base=0.000 buoyancy_pwm=0 mask_valid=1 mask=0 forward_active=0
[CTRL] depth_valid=1 depth=31.290 vz=-9.230 az=-1.545 target_valid=0 target=0.000 pid=0.000 pid_base=0.000 buoyancy_pwm=0 mask_valid=1 mask=0 forward_active=0
$T,304,-94,-16,89,55,44,936,-649,123,1197,0*60
[CTRL] depth_valid=1 depth=26.414 vz=-10.136 az=-1.664 target_valid=0 target=0.000 pid=0.000 pid_base=0.000 buoyancy_pwm=0 mask_valid=1 mask=0 forward_active=0
[CTRL] depth_valid=1 depth=21.087 vz=-11.094 az=-1.791 target_valid=0 target=0.000 pid=0.000 pid_base=0.000 buoyancy_pwm=0 mask_valid=1 mask=0 forward_active=0
[CTRL] depth_valid=1 depth=15.235 vz=-12.121 az=-1.901 target_valid=0 target=0.000 pid=0.000 pid_base=0.000 buoyancy_pwm=0 mask_valid=1 mask=0 forward_active=0
[CTRL] depth_valid=1 depth=10.218 vz=-10.174 az=0.864 target_valid=0 target=0.000 pid=0.000 pid_base=0.000 buoyancy_pwm=0 mask_valid=1 mask=0 forward_active=0
$T,98,-88,22,87,55,45,-1371,-859,-1182,1197,0*73
[CTRL] depth_valid=1 depth=10.156 vz=-0.251 az=8.911 target_valid=0 target=0.000 pid=0.000 pid_base=0.000 buoyancy_pwm=0 mask_valid=1 mask=0 forward_active=0
[CTRL] depth_valid=1 depth=12.330 vz=6.121 az=10.287 target_valid=0 target=0.000 pid=0.000 pid_base=0.000 buoyancy_pwm=0 mask_valid=1 mask=0 forward_active=0
[OK]hb
[CTRL] depth_valid=1 depth=15.440 vz=8.642 az=7.893 target_valid=0 target=0.000 pid=0.000 pid_base=0.000 buoyancy_pwm=0 mask_valid=1 mask=0 forward_active=0
[CTRL] depth_valid=1 depth=17.016 vz=5.154 az=1.431 target_valid=0 target=0.000 pid=0.000 pid_base=0.000 buoyancy_pwm=0 mask_valid=1 mask=0 forward_active=0
$T,170,41,2,91,54,45,932,-650,143,1198,0*50
[CTRL] depth_valid=1 depth=16.456 vz=-0.481 az=-3.932 target_valid=0 target=0.000 pid=0.000 pid_base=0.000 buoyancy_pwm=0 mask_valid=1 mask=0 forward_active=0
[CTRL] depth_valid=1 depth=14.366 vz=-5.016 az=-6.077 target_valid=0 target=0.000 pid=0.000 pid_base=0.000 buoyancy_pwm=0 mask_valid=1 mask=0 forward_active=0
[CTRL] depth_valid=1 depth=11.724 vz=-6.663 az=-4.770 target_valid=0 target=0.000 pid=0.000 pid_base=0.000 buoyancy_pwm=0 mask_valid=1 mask=0 forward_active=0
[CTRL] depth_valid=1 depth=10.573 vz=-3.596 az=-0.087 target_valid=0 target=0.000 pid=0.000 pid_base=0.000 buoyancy_pwm=0 mask_valid=1 mask=0 forward_active=0
$T,105,-29,6,93,53,43,1102,-826,-11,1201,0*5B
[CTRL] depth_valid=1 depth=11.258 vz=1.133 az=3.932 target_valid=0 target=0.000 pid=0.000 pid_base=0.000 buoyancy_pwm=0 mask_valid=1 mask=0 forward_active=0
[CTRL] depth_valid=1 depth=13.572 vz=5.336 az=5.698 target_valid=0 target=0.000 pid=0.000 pid_base=0.000 buoyancy_pwm=0 mask_valid=1 mask=0 forward_active=0
[CTRL] depth_valid=1 depth=15.267 vz=4.662 az=2.524 target_valid=0 target=0.000 pid=0.000 pid_base=0.000 buoyancy_pwm=0 mask_valid=1 mask=0 forward_active=0
[CTRL] depth_valid=1 depth=15.216 vz=0.655 az=-1.992 target_valid=0 target=0.000 pid=0.000 pid_base=0.000 buoyancy_pwm=0 mask_valid=1 mask=0 forward_active=0
$T,150,-1,-26,114,53,47,934,-661,144,1198,0*6A
[OK]hb
[CTRL] depth_valid=1 depth=13.744 vz=-3.261 az=-4.422 target_valid=0 target=0.000 pid=0.000 pid_base=0.000 buoyancy_pwm=0 mask_valid=1 mask=0 forward_active=0
[CTRL] depth_valid=1 depth=11.691 vz=-5.010 az=-3.889 target_valid=0 target=0.000 pid=0.000 pid_base=0.000 buoyancy_pwm=0 mask_valid=1 mask=0 forward_active=0
[CTRL] depth_valid=1 depth=11.038 vz=-2.314 az=0.133 target_valid=0 target=0.000 pid=0.000 pid_base=0.000 buoyancy_pwm=0 mask_valid=1 mask=0 forward_active=0
[CTRL] depth_valid=1 depth=11.923 vz=1.563 az=3.291 target_valid=0 target=0.000 pid=0.000 pid_base=0.000 buoyancy_pwm=0 mask_valid=1 mask=0 forward_active=0
$T,121,20,35,95,52,48,950,-718,131,1203,0*65
[CTRL] depth_valid=1 depth=13.558 vz=3.915 az=3.788 target_valid=0 target=0.000 pid=0.000 pid_base=0.000 buoyancy_pwm=0 mask_valid=1 mask=0 forward_active=0
[CTRL] depth_valid=1 depth=14.818 vz=3.370 az=1.589 target_valid=0 target=0.000 pid=0.000 pid_base=0.000 buoyancy_pwm=0 mask_valid=1 mask=0 forward_active=0
[CTRL] depth_valid=1 depth=14.611 vz=0.072 az=-1.924 target_valid=0 target=0.000 pid=0.000 pid_base=0.000 buoyancy_pwm=0 mask_valid=1 mask=0 forward_active=0
[CTRL] depth_valid=1 depth=12.979 vz=-3.371 az=-3.735 target_valid=0 target=0.000 pid=0.000 pid_base=0.000 buoyancy_pwm=0 mask_valid=1 mask=0 forward_active=0
$T,127,-36,-36,98,52,48,960,-737,119,1203,0*6E
[CTRL] depth_valid=1 depth=11.662 vz=-3.583 az=-2.295 target_valid=0 target=0.000 pid=0.000 pid_base=0.000 buoyancy_pwm=0 mask_valid=1 mask=0 forward_active=0
[CTRL] depth_valid=1 depth=11.353 vz=-1.331 az=0.606 target_valid=0 target=0.000 pid=0.000 pid_base=0.000 buoyancy_pwm=0 mask_valid=1 mask=0 forward_active=0
[CTRL] depth_valid=1 depth=12.235 vz=1.745 az=2.931 target_valid=0 target=0.000 pid=0.000 pid_base=0.000 buoyancy_pwm=0 mask_valid=1 mask=0 forward_active=0
[OK]hb
[CTRL] depth_valid=1 depth=13.616 vz=3.354 az=2.968 target_valid=0 target=0.000 pid=0.000 pid_base=0.000 buoyancy_pwm=0 mask_valid=1 mask=0 forward_active=0
$T,137,32,26,100,52,39,933,-676,142,1206,0*55
[CTRL] depth_valid=1 depth=14.405 vz=2.302 az=0.726 target_valid=0 target=0.000 pid=0.000 pid_base=0.000 buoyancy_pwm=0 mask_valid=1 mask=0 forward_active=0
[CTRL] depth_valid=1 depth=14.143 vz=-0.264 az=-1.804 target_valid=0 target=0.000 pid=0.000 pid_base=0.000 buoyancy_pwm=0 mask_valid=1 mask=0 forward_active=0
[CTRL] depth_valid=1 depth=13.023 vz=-2.634 az=-3.058 target_valid=0 target=0.000 pid=0.000 pid_base=0.000 buoyancy_pwm=0 mask_valid=1 mask=0 forward_active=0
[CTRL] depth_valid=1 depth=11.904 vz=-2.964 az=-1.988 target_valid=0 target=0.000 pid=0.000 pid_base=0.000 buoyancy_pwm=0 mask_valid=1 mask=0 forward_active=0
$T,117,-28,-16,101,53,34,1005,-788,72,1206,0*5D
[CTRL] depth_valid=1 depth=11.657 vz=-1.030 az=0.538 target_valid=0 target=0.000 pid=0.000 pid_base=0.000 buoyancy_pwm=0 mask_valid=1 mask=0 forward_active=0
[CTRL] depth_valid=1 depth=12.250 vz=1.201 az=2.169 target_valid=0 target=0.000 pid=0.000 pid_base=0.000 buoyancy_pwm=0 mask_valid=1 mask=0 forward_active=0
[CTRL] depth_valid=1 depth=13.372 vz=2.615 az=2.341 target_valid=0 target=0.000 pid=0.000 pid_base=0.000 buoyancy_pwm=0 mask_valid=1 mask=0 forward_active=0
[CTRL] depth_valid=1 depth=14.138 vz=2.056 az=0.790 target_valid=0 target=0.000 pid=0.000 pid_base=0.000 buoyancy_pwm=0 mask_valid=1 mask=0 forward_active=0
$T,141,13,0,103,53,38,933,-676,139,1196,0*66
[OK]hb
[CTRL] depth_valid=1 depth=13.886 vz=-0.253 az=-1.538 target_valid=0 target=0.000 pid=0.000 pid_base=0.000 buoyancy_pwm=0 mask_valid=1 mask=0 forward_active=0
[CTRL] depth_valid=1 depth=12.831 vz=-2.278 az=-2.438 target_valid=0 target=0.000 pid=0.000 pid_base=0.000 buoyancy_pwm=0 mask_valid=1 mask=0 forward_active=0
[CTRL] depth_valid=1 depth=11.930 vz=-2.414 az=-1.486 target_valid=0 target=0.000 pid=0.000 pid_base=0.000 buoyancy_pwm=0 mask_valid=1 mask=0 forward_active=0
[CTRL] depth_valid=1 depth=11.738 vz=-0.848 az=0.486 target_valid=0 target=0.000 pid=0.000 pid_base=0.000 buoyancy_pwm=0 mask_valid=1 mask=0 forward_active=0
$T,118,-3,9,102,53,48,987,-775,88,1203,0*40
[CTRL] depth_valid=1 depth=12.405 vz=1.233 az=1.961 target_valid=0 target=0.000 pid=0.000 pid_base=0.000 buoyancy_pwm=0 mask_valid=1 mask=0 forward_active=0
[CTRL] depth_valid=1 depth=13.307 vz=2.181 az=1.860 target_valid=0 target=0.000 pid=0.000 pid_base=0.000 buoyancy_pwm=0 mask_valid=1 mask=0 forward_active=0
[CTRL] depth_valid=1 depth=13.882 vz=1.599 az=0.516 target_valid=0 target=0.000 pid=0.000 pid_base=0.000 buoyancy_pwm=0 mask_valid=1 mask=0 forward_active=0
[CTRL] depth_valid=1 depth=13.749 vz=-0.079 az=-1.152 target_valid=0 target=0.000 pid=0.000 pid_base=0.000 buoyancy_pwm=0 mask_valid=1 mask=0 forward_active=0
$T,136,-4,-14,104,53,23,947,-709,126,1204,0*64
[CTRL] depth_valid=1 depth=12.961 vz=-1.782 az=-2.085 target_valid=0 target=0.000 pid=0.000 pid_base=0.000 buoyancy_pwm=0 mask_valid=1 mask=0 forward_active=0
[CTRL] depth_valid=1 depth=12.178 vz=-2.049 az=-1.386 target_valid=0 target=0.000 pid=0.000 pid_base=0.000 buoyancy_pwm=0 mask_valid=1 mask=0 forward_active=0
[CTRL] depth_valid=1 depth=11.889 vz=-0.942 az=0.164 target_valid=0 target=0.000 pid=0.000 pid_base=0.000 buoyancy_pwm=0 mask_valid=1 mask=0 forward_active=0
[OK]hb
[CTRL] depth_valid=1 depth=12.334 vz=0.766 az=1.473 target_valid=0 target=0.000 pid=0.000 pid_base=0.000 buoyancy_pwm=0 mask_valid=1 mask=0 forward_active=0
$T,124,10,16,104,53,52,961,-743,113,1204,0*5A
[CTRL] depth_valid=1 depth=13.126 vz=1.819 az=1.661 target_valid=0 target=0.000 pid=0.000 pid_base=0.000 buoyancy_pwm=0 mask_valid=1 mask=0 forward_active=0
[CTRL] depth_valid=1 depth=13.697 vz=1.543 az=0.680 target_valid=0 target=0.000 pid=0.000 pid_base=0.000 buoyancy_pwm=0 mask_valid=1 mask=0 forward_active=0
[CTRL] depth_valid=1 depth=13.538 vz=-0.214 az=-1.100 target_valid=0 target=0.000 pid=0.000 pid_base=0.000 buoyancy_pwm=0 mask_valid=1 mask=0 forward_active=0
[CTRL] depth_valid=1 depth=12.902 vz=-1.521 az=-1.750 target_valid=0 target=0.000 pid=0.000 pid_base=0.000 buoyancy_pwm=0 mask_valid=1 mask=0 forward_active=0
$T,127,-17,-18,106,53,26,964,-745,110,1198,0*57
[CTRL] depth_valid=1 depth=12.254 vz=-1.746 az=-1.189 target_valid=0 target=0.000 pid=0.000 pid_base=0.000 buoyancy_pwm=0 mask_valid=1 mask=0 forward_active=0
[CTRL] depth_valid=1 depth=11.982 vz=-0.897 az=0.032 target_valid=0 target=0.000 pid=0.000 pid_base=0.000 buoyancy_pwm=0 mask_valid=1 mask=0 forward_active=0
[CTRL] depth_valid=1 depth=12.354 vz=0.668 az=1.330 target_valid=0 target=0.000 pid=0.000 pid_base=0.000 buoyancy_pwm=0 mask_valid=1 mask=0 forward_active=0
[CTRL] depth_valid=1 depth=13.002 vz=1.538 az=1.447 target_valid=0 target=0.000 pid=0.000 pid_base=0.000 buoyancy_pwm=0 mask_valid=1 mask=0 forward_active=0
$T,131,15,13,107,53,36,953,-723,120,1202,0*5E
d=1 depth=13.516 vz=1.293 az=0.538 target_valid=0 target=0.000 pid=0.000 pid_base=0.000 buoyancy_pwm=0 mask_valid=1 mask=0 forward_active=0
[CTRL] depth_valid=1 depth=13.484 vz=0.091 az=-0.733 target_valid=0 target=0.000 pid=0.000 pid_base=0.000 buoyancy_pwm=0 mask_valid=1 mask=0 forward_active=0
[CTRL] depth_valid=1 depth=12.997 vz=-1.146 az=-1.485 target_valid=0 target=0.000 pid=0.000 pid_base=0.000 buoyancy_pwm=0 mask_valid=1 mask=0 forward_active=0
[CTRL] depth_valid=1 depth=12.386 vz=-1.600 az=-1.239 target_valid=0 target=0.000 pid=0.000 pid_base=0.000 buoyancy_pwm=0 mask_valid=1 mask=0 forward_active=0
$T,122,-16,-11,107,53,25,980,-767,94,1202,0*6F
[CTRL] depth_valid=1 depth=12.077 vz=-0.965 az=-0.171 target_valid=0 target=0.000 pid=0.000 pid_base=0.000 buoyancy_pwm=0 mask_valid=1 mask=0 forward_active=0
[CTRL] depth_valid=1 depth=12.318 vz=0.332 az=0.965 target_valid=0 target=0.000 pid=0.000 pid_base=0.000 buoyancy_pwm=0 mask_valid=1 mask=0 forward_active=0
[CTRL] depth_valid=1 depth=12.830 vz=1.183 az=1.230 target_valid=0 target=0.000 pid=0.000 pid_base=0.000 buoyancy_pwm=0 mask_valid=1 mask=0 forward_active=0
[CTRL] depth_valid=1 depth=13.312 vz=1.158 az=0.599 target_valid=0 target=0.000 pid=0.000 pid_base=0.000 buoyancy_pwm=0 mask_valid=1 mask=0 forward_active=0
$T,133,11,5,109,53,19,951,-718,121,1201,0*64
[CTRL] depth_valid=1 depth=13.412 vz=0.285 az=-0.467 target_valid=0 target=0.000 pid=0.000 pid_base=0.000 buoyancy_pwm=0 mask_valid=1 mask=0 forward_active=0
[CTRL] depth_valid=1 depth=13.043 vz=-0.823 az=-1.211 target_valid=0 target=0.000 pid=0.000 pid_base=0.000 buoyancy_pwm=0 mask_valid=1 mask=0 forward_active=0
[OK]hb
[CTRL] depth_valid=1 depth=12.539 vz=-1.255 az=-1.022 target_valid=0 target=0.000 pid=0.000 pid_base=0.000 buoyancy_pwm=0 mask_valid=1 mask=0 forward_active=0
[CTRL] depth_valid=1 depth=12.140 vz=-1.075 az=-0.433 target_valid=0 target=0.000 pid=0.000 pid_base=0.000 buoyancy_pwm=0 mask_valid=1 mask=0 forward_active=0
$T,121,-9,-2,107,54,40,986,-772,87,1205,0*63
[CTRL] depth_valid=1 depth=12.274 vz=0.058 az=0.676 target_valid=0 target=0.000 pid=0.000 pid_base=0.000 buoyancy_pwm=0 mask_valid=1 mask=0 forward_active=0
[CTRL] depth_valid=1 depth=12.735 vz=1.003 az=1.148 target_valid=0 target=0.000 pid=0.000 pid_base=0.000 buoyancy_pwm=0 mask_valid=1 mask=0 forward_active=0
[CTRL] depth_valid=1 depth=13.116 vz=1.002 az=0.615 target_valid=0 target=0.000 pid=0.000 pid_base=0.000 buoyancy_pwm=0 mask_valid=1 mask=0 forward_active=0
[CTRL] depth_valid=1 depth=13.340 vz=0.553 az=-0.076 target_valid=0 target=0.000 pid=0.000 pid_base=0.000 buoyancy_pwm=0 mask_valid=1 mask=0 forward_active=0
$T,133,3,-3,110,54,45,954,-726,118,1198,0*7B
[CTRL] depth_valid=1 depth=13.059 vz=-0.571 az=-1.021 target_valid=0 target=0.000 pid=0.000 pid_base=0.000 buoyancy_pwm=0 mask_valid=1 mask=0 forward_active=0
[CTRL] depth_valid=1 depth=12.616 vz=-1.166 az=-1.110 target_valid=0 target=0.000 pid=0.000 pid_base=0.000 buoyancy_pwm=0 mask_valid=1 mask=0 forward_active=0
[CTRL] depth_valid=1 depth=12.255 vz=-1.040 az=-0.543 target_valid=0 target=0.000 pid=0.000 pid_base=0.000 buoyancy_pwm=0 mask_valid=1 mask=0 forward_active=0
[CTRL] depth_valid=1 depth=12.242 vz=-0.234 az=0.349 target_valid=0 target=0.000 pid=0.000 pid_base=0.000 buoyancy_pwm=0 mask_valid=1 mask=0 forward_active=0
$T,123,0,5,109,54,48,981,-767,92,1198,0*69
[OK]hb
[CTRL] depth_valid=1 depth=12.617 vz=0.717 az=0.946 target_valid=0 target=0.000 pid=0.000 pid_base=0.000 buoyancy_pwm=0 mask_valid=1 mask=0 forward_active=0
[CTRL] depth_valid=1 depth=12.989 vz=0.923 az=0.676 target_valid=0 target=0.000 pid=0.000 pid_base=0.000 buoyancy_pwm=0 mask_valid=1 mask=0 forward_active=0
[CTRL] depth_valid=1 depth=13.175 vz=0.502 az=-0.019 target_valid=0 target=0.000 pid=0.000 pid_base=0.000 buoyancy_pwm=0 mask_valid=1 mask=0 forward_active=0
[CTRL] depth_valid=1 depth=13.115 vz=-0.157 az=-0.612 target_valid=0 target=0.000 pid=0.000 pid_base=0.000 buoyancy_pwm=0 mask_valid=1 mask=0 forward_active=0
$T,130,-2,-6,111,54,33,963,-741,109,1199,0*55
[CTRL] depth_valid=1 depth=12.784 vz=-0.864 az=-1.001 target_valid=0 target=0.000 pid=0.000 pid_base=0.000 buoyancy_pwm=0 mask_valid=1 mask=0 forward_active=0
[CTRL] depth_valid=1 depth=12.419 vz=-0.999 az=-0.694 target_valid=0 target=0.000 pid=0.000 pid_base=0.000 buoyancy_pwm=0 mask_valid=1 mask=0 forward_active=0
[CTRL] depth_valid=1 depth=12.249 vz=-0.584 az=-0.075 target_valid=0 target=0.000 pid=0.000 pid_base=0.000 buoyancy_pwm=0 mask_valid=1 mask=0 forward_active=0
[CTRL] depth_valid=1 depth=12.453 vz=0.313 az=0.684 target_valid=0 target=0.000 pid=0.000 pid_base=0.000 buoyancy_pwm=0 mask_valid=1 mask=0 forward_active=0
$T,125,5,8,110,54,50,974,-758,97,1199,0*64
[CTRL] depth_valid=1 depth=12.803 vz=0.803 az=0.768 target_valid=0 target=0.000 pid=0.000 pid_base=0.000 buoyancy_pwm=0 mask_valid=1 mask=0 forward_active=0
[CTRL] depth_valid=1 depth=13.097 vz=0.666 az=0.265 target_valid=0 target=0.000 pid=0.000 pid_base=0.000 buoyancy_pwm=0 mask_valid=1 mask=0 forward_active=0
[CTRL] depth_valid=1 depth=13.108 vz=0.056 az=-0.409 target_valid=0 target=0.000 pid=0.000 pid_base=0.000 buoyancy_pwm=0 mask_valid=1 mask=0 forward_active=0
[OK]hb
[CTRL] depth_valid=1 depth=12.808 vz=-0.677 az=-0.858 target_valid=0 target=0.000 pid=0.000 pid_base=0.000 buoyancy_pwm=0 mask_valid=1 mask=0 forward_active=0
$T,127,-7,-8,112,54,14,974,-755,97,1197,0*65
[CTRL] depth_valid=1 depth=12.496 vz=-0.874 az=-0.680 target_valid=0 target=0.000 pid=0.000 pid_base=0.000 buoyancy_pwm=0 mask_valid=1 mask=0 forward_active=0
[CTRL] depth_valid=1 depth=12.287 vz=-0.625 az=-0.185 target_valid=0 target=0.000 pid=0.000 pid_base=0.000 buoyancy_pwm=0 mask_valid=1 mask=0 forward_active=0
[CTRL] depth_valid=1 depth=12.371 vz=-0.002 az=0.364 target_valid=0 target=0.000 pid=0.000 pid_base=0.000 buoyancy_pwm=0 mask_valid=1 mask=0 forward_active=0
[CTRL] depth_valid=1 depth=12.658 vz=0.605 az=0.698 target_valid=0 target=0.000 pid=0.000 pid_base=0.000 buoyancy_pwm=0 mask_valid=1 mask=0 forward_active=0
$T,126,6,6,112,54,14,971,-751,99,1196,0*65
[CTRL] depth_valid=1 depth=12.965 vz=0.714 az=0.435 target_valid=0 target=0.000 pid=0.000 pid_base=0.000 buoyancy_pwm=0 mask_valid=1 mask=0 forward_active=0
[CTRL] depth_valid=1 depth=13.052 vz=0.238 az=-0.205 target_valid=0 target=0.000 pid=0.000 pid_base=0.000 buoyancy_pwm=0 mask_valid=1 mask=0 forward_active=0
[CTRL] depth_valid=1 depth=12.905 vz=-0.349 az=-0.640 target_valid=0 target=0.000 pid=0.000 pid_base=0.000 buoyancy_pwm=0 mask_valid=1 mask=0 forward_active=0
[CTRL] depth_valid=1 depth=12.569 vz=-0.763 az=-0.672 target_valid=0 target=0.000 pid=0.000 pid_base=0.000 buoyancy_pwm=0 mask_valid=1 mask=0 forward_active=0
$T,125,-7,-5,113,55,14,981,-766,89,1202,0*60
[CTRL] depth_valid=1 depth=12.345 vz=-0.669 az=-0.330 target_valid=0 target=0.000 pid=0.000 pid_base=0.000 buoyancy_pwm=0 mask_valid=1 mask=0 forward_active=0
[OK]hb
[CTRL] depth_valid=1 depth=12.372 vz=-0.095 az=0.275 target_valid=0 target=0.000 pid=0.000 pid_base=0.000 buoyancy_pwm=0 mask_valid=1 mask=0 forward_active=0
[CTRL] depth_valid=1 depth=12.570 vz=0.401 az=0.551 target_valid=0 target=0.000 pid=0.000 pid_base=0.000 buoyancy_pwm=0 mask_valid=1 mask=0 forward_active=0
[CTRL] depth_valid=1 depth=12.804 vz=0.596 az=0.472 target_valid=0 target=0.000 pid=0.000 pid_base=0.000 buoyancy_pwm=0 mask_valid=1 mask=0 forward_active=0
$T,128,5,3,113,55,5,969,-749,100,1201,0*61
[CTRL] depth_valid=1 depth=12.964 vz=0.420 az=0.097 target_valid=0 target=0.000 pid=0.000 pid_base=0.000 buoyancy_pwm=0 mask_valid=1 mask=0 forward_active=0
[CTRL] depth_valid=1 depth=12.949 vz=0.002 az=-0.306 target_valid=0 target=0.000 pid=0.000 pid_base=0.000 buoyancy_pwm=0 mask_valid=1 mask=0 forward_active=0
[CTRL] depth_valid=1 depth=12.701 vz=-0.585 az=-0.697 target_valid=0 target=0.000 pid=0.000 pid_base=0.000 buoyancy_pwm=0 mask_valid=1 mask=0 forward_active=0
[CTRL] depth_valid=1 depth=12.402 vz=-0.730 az=-0.507 target_valid=0 target=0.000 pid=0.000 pid_base=0.000 buoyancy_pwm=0 mask_valid=1 mask=0 forward_active=0
$T,123,-7,-4,113,55,34,987,-772,82,1204,0*6B
[CTRL] depth_valid=1 depth=12.336 vz=-0.322 az=0.031 target_valid=0 target=0.000 pid=0.000 pid_base=0.000 buoyancy_pwm=0 mask_valid=1 mask=0 forward_active=0
[CTRL] depth_valid=1 depth=12.459 vz=0.197 az=0.437 target_valid=0 target=0.000 pid=0.000 pid_base=0.000 buoyancy_pwm=0 mask_valid=1 mask=0 forward_active=0
[CTRL] depth_valid=1 depth=12.673 vz=0.470 az=0.442 target_valid=0 target=0.000 pid=0.000 pid_base=0.000 buoyancy_pwm=0 mask_valid=1 mask=0 forward_active=0
[OK]hb
[CTRL] depth_valid=1 depth=12.863 vz=0.469 az=0.235 target_valid=0 target=0.000 pid=0.000 pid_base=0.000 buoyancy_pwm=0 mask_valid=1 mask=0 forward_active=0
$T,129,5,2,115,55,1,969,-750,98,1204,0*5E
[CTRL] depth_valid=1 depth=12.929 vz=0.115 az=-0.231 target_valid=0 target=0.000 pid=0.000 pid_base=0.000 buoyancy_pwm=0 mask_valid=1 mask=0 forward_active=0
[CTRL] depth_valid=1 depth=12.794 vz=-0.339 az=-0.537 target_valid=0 target=0.000 pid=0.000 pid_base=0.000 buoyancy_pwm=0 mask_valid=1 mask=0 forward_active=0
[CTRL] depth_valid=1 depth=12.548 vz=-0.635 az=-0.570 target_valid=0 target=0.000 pid=0.000 pid_base=0.000 buoyancy_pwm=0 mask_valid=1 mask=0 forward_active=0
[CTRL] depth_valid=1 depth=12.371 vz=-0.523 az=-0.243 target_valid=0 target=0.000 pid=0.000 pid_base=0.000 buoyancy_pwm=0 mask_valid=1 mask=0 forward_active=0
$T,123,-3,0,114,55,45,987,-773,80,1201,0*41
[CTRL] depth_valid=1 depth=12.411 vz=-0.027 az=0.268 target_valid=0 target=0.000 pid=0.000 pid_base=0.000 buoyancy_pwm=0 mask_valid=1 mask=0 forward_active=0
[CTRL] depth_valid=1 depth=12.619 vz=0.419 az=0.478 target_valid=0 target=0.000 pid=0.000 pid_base=0.000 buoyancy_pwm=0 mask_valid=1 mask=0 forward_active=0
[CTRL] depth_valid=1 depth=12.776 vz=0.395 az=0.219 target_valid=0 target=0.000 pid=0.000 pid_base=0.000 buoyancy_pwm=0 mask_valid=1 mask=0 forward_active=0
[CTRL] depth_valid=1 depth=12.859 vz=0.209 az=-0.052 target_valid=0 target=0.000 pid=0.000 pid_base=0.000 buoyancy_pwm=0 mask_valid=1 mask=0 forward_active=0
$T,128,0,-1,116,55,3,975,-755,91,1197,0*7D
[CTRL] depth_valid=1 depth=12.752 vz=-0.283 az=-0.502 target_valid=0 target=0.000 pid=0.000 pid_base=0.000 buoyancy_pwm=0 mask_valid=1 mask=0 forward_active=0
[OK]hb
[CTRL] depth_valid=1 depth=12.665 vz=-0.361 az=-0.395 target_valid=0 target=0.000 pid=0.000 pid_base=0.000 buoyancy_pwm=0 mask_valid=1 mask=0 forward_active=0
[CTRL] depth_valid=1 depth=12.440 vz=-0.532 az=-0.361 target_valid=0 target=0.000 pid=0.000 pid_base=0.000 buoyancy_pwm=0 mask_valid=1 mask=0 forward_active=0
[CTRL] depth_valid=1 depth=12.409 vz=-0.190 az=0.069 target_valid=0 target=0.000 pid=0.000 pid_base=0.000 buoyancy_pwm=0 mask_valid=1 mask=0 forward_active=0
$T,123,-2,0,115,55,50,989,-773,76,1198,0*41
[CTRL] depth_valid=1 depth=12.515 vz=0.168 az=0.305 target_valid=0 target=0.000 pid=0.000 pid_base=0.000 buoyancy_pwm=0 mask_valid=1 mask=0 forward_active=0
[CTRL] depth_valid=1 depth=12.622 vz=0.242 az=0.205 target_valid=0 target=0.000 pid=0.000 pid_base=0.000 buoyancy_pwm=0 mask_valid=1 mask=0 forward_active=0
[CTRL] depth_valid=1 depth=12.773 vz=0.291 az=0.116 target_valid=0 target=0.000 pid=0.000 pid_base=0.000 buoyancy_pwm=0 mask_valid=1 mask=0 forward_active=0
[CTRL] depth_valid=1 depth=12.799 vz=0.035 az=-0.192 target_valid=0 target=0.000 pid=0.000 pid_base=0.000 buoyancy_pwm=0 mask_valid=1 mask=0 forward_active=0
$T,127,0,-2,117,56,1,976,-760,88,1198,0*73
[CTRL] depth_valid=1 depth=12.693 vz=-0.261 az=-0.371 target_valid=0 target=0.000 pid=0.000 pid_base=0.000 buoyancy_pwm=0 mask_valid=1 mask=0 forward_active=0
[CTRL] depth_valid=1 depth=12.459 vz=-0.560 az=-0.474 target_valid=0 target=0.000 pid=0.000 pid_base=0.000 buoyancy_pwm=0 mask_valid=1 mask=0 forward_active=0
[CTRL] depth_valid=1 depth=12.391 vz=-0.315 az=-0.088 target_valid=0 target=0.000 pid=0.000 pid_base=0.000 buoyancy_pwm=0 mask_valid=1 mask=0 forward_active=0
[OK]hb
[CTRL] depth_valid=1 depth=12.420 vz=-0.007 az=0.192 target_valid=0 target=0.000 pid=0.000 pid_base=0.000 buoyancy_pwm=0 mask_valid=1 mask=0 forward_active=0
$T,124,0,2,117,56,50,987,-771,77,1198,0*67
[CTRL] depth_valid=1 depth=12.585 vz=0.305 az=0.331 target_valid=0 target=0.000 pid=0.000 pid_base=0.000 buoyancy_pwm=0 mask_valid=1 mask=0 forward_active=0
[CTRL] depth_valid=1 depth=12.711 vz=0.296 az=0.151 target_valid=0 target=0.000 pid=0.000 pid_base=0.000 buoyancy_pwm=0 mask_valid=1 mask=0 forward_active=0
[CTRL] depth_valid=1 depth=12.784 vz=0.204 az=0.016 target_valid=0 target=0.000 pid=0.000 pid_base=0.000 buoyancy_pwm=0 mask_valid=1 mask=0 forward_active=0
[CTRL] depth_valid=1 depth=12.683 vz=-0.213 az=-0.365 target_valid=0 target=0.000 pid=0.000 pid_base=0.000 buoyancy_pwm=0 mask_valid=1 mask=0 forward_active=0
$T,126,-1,-2,,56,23,982,-765,81,1201,0*5D
[CTRL] depth_valid=1 depth=12.570 vz=-0.354 az=-0.356 target_valid=0 target=0.000 pid=0.000 pid_base=0.000 buoyancy_pwm=0 mask_valid=1 mask=0 forward_active=0
[CTRL] depth_valid=1 depth=12.415 vz=-0.439 az=-0.302 target_valid=0 target=0.000 pid=0.000 pid_base=0.000 buoyancy_pwm=0 mask_valid=1 mask=0 forward_active=0
[CTRL] depth_valid=1 depth=12.405 vz=-0.137 az=0.045 target_valid=0 target=0.000 pid=0.000 pid_base=0.000 buoyancy_pwm=0 mask_valid=1 mask=0 forward_active=0
[CTRL] depth_valid=1 depth=12.503 vz=0.137 az=0.222 target_valid=0 target=0.000 pid=0.000 pid_base=0.000 buoyancy_pwm=0 mask_valid=1 mask=0 forward_active=0
$T,124,1,1,,56,48,984,-770,78,1199,0*57
[OK]hb
[CTRL] depth_valid=1 depth=12.624 vz=0.245 az=0.180 target_valid=0 target=0.000 pid=0.000 pid_base=0.000 buoyancy_pwm=0 mask_valid=1 mask=0 forward_active=0
[CTRL] depth_valid=1 depth=12.676 vz=0.131 az=-0.011 target_valid=0 target=0.000 pid=0.000 pid_base=0.000 buoyancy_pwm=0 mask_valid=1 mask=0 forward_active=0
[CTRL] depth_valid=1 depth=12.700 vz=-0.026 az=-0.194 target_valid=0 target=0.000 pid=0.000 pid_base=0.000 buoyancy_pwm=0 mask_valid=1 mask=0 forward_active=0
[CTRL] depth_valid=1 depth=12.597 vz=-0.301 az=-0.383 target_valid=0 target=0.000 pid=0.000 pid_base=0.000 buoyancy_pwm=0 mask_valid=1 mask=0 forward_active=0
$T,126,-1,-2,,58,16,987,-770,75,1201,0*5F
[CTRL] depth_valid=1 depth=12.520 vz=-0.319 az=-0.278 target_valid=0 target=0.000 pid=0.000 pid_base=0.000 buoyancy_pwm=0 mask_valid=1 mask=0 forward_active=0
[CTRL] depth_valid=1 depth=12.395 vz=-0.380 az=-0.249 target_valid=0 target=0.000 pid=0.000 pid_base=0.000 buoyancy_pwm=0 mask_valid=1 mask=0 forward_active=0
[CTRL] depth_valid=1 depth=12.449 vz=0.050 az=0.214 target_valid=0 target=0.000 pid=0.000 pid_base=0.000 buoyancy_pwm=0 mask_valid=1 mask=0 forward_active=0
[CTRL] depth_valid=1 depth=12.540 vz=0.180 az=0.199 target_valid=0 target=0.000 pid=0.000 pid_base=0.000 buoyancy_pwm=0 mask_valid=1 mask=0 forward_active=0
$T,125,2,2,,57,49,986,-769,75,1198,0*50
[CTRL] depth_valid=1 depth=12.666 vz=0.245 az=0.131 target_valid=0 target=0.000 pid=0.000 pid_base=0.000 buoyancy_pwm=0 mask_valid=1 mask=0 forward_active=0
[CTRL] depth_valid=1 depth=12.666 vz=0.010 az=-0.148 target_valid=0 target=0.000 pid=0.000 pid_base=0.000 buoyancy_pwm=0 mask_valid=1 mask=0 forward_active=0
[CTRL] depth_valid=1 depth=12.623 vz=-0.160 az=-0.259 target_valid=0 target=0.000 pid=0.000 pid_base=0.000 buoyancy_pwm=0 mask_valid=1 mask=0 forward_active=0
[OK]hb
[CTRL] depth_valid=1 depth=12.518 vz=-0.283 az=-0.262 target_valid=0 target=0.000 pid=0.000 pid_base=0.000 buoyancy_pwm=0 mask_valid=1 mask=0 forward_active=0
$T,125,-2,-1,,58,1,990,-773,71,1205,0*6F
[CTRL] depth_valid=1 depth=12.466 vz=-0.223 az=-0.131 target_valid=0 target=0.000 pid=0.000 pid_base=0.000 buoyancy_pwm=0 mask_valid=1 mask=0 forward_active=0
[CTRL] depth_valid=1 depth=12.425 vz=-0.142 az=-0.022 target_valid=0 target=0.000 pid=0.000 pid_base=0.000 buoyancy_pwm=0 mask_valid=1 mask=0 forward_active=0
[CTRL] depth_valid=1 depth=12.481 vz=0.072 az=0.137 target_valid=0 target=0.000 pid=0.000 pid_base=0.000 buoyancy_pwm=0 mask_valid=1 mask=0 forward_active=0
[CTRL] depth_valid=1 depth=12.561 vz=0.169 az=0.145 target_valid=0 target=0.000 pid=0.000 pid_base=0.000 buoyancy_pwm=0 mask_valid=1 mask=0 forward_active=0
$T,125,1,1,,58,8,987,-769,73,1205,0*6A
[CTRL] depth_valid=1 depth=12.648 vz=0.167 az=0.048 target_valid=0 target=0.000 pid=0.000 pid_base=0.000 buoyancy_pwm=0 mask_valid=1 mask=0 forward_active=0
[CTRL] depth_valid=1 depth=12.625 vz=-0.053 az=-0.182 target_valid=0 target=0.000 pid=0.000 pid_base=0.000 buoyancy_pwm=0 mask_valid=1 mask=0 forward_active=0
[CTRL] depth_valid=1 depth=12.585 vz=-0.180 az=-0.250 target_valid=0 target=0.000 pid=0.000 pid_base=0.000 buoyancy_pwm=0 mask_valid=1 mask=0 forward_active=0
[CTRL] depth_valid=1 depth=12.465 vz=-0.313 az=-0.266 target_valid=0 target=0.000 pid=0.000 pid_base=0.000 buoyancy_pwm=0 mask_valid=1 mask=0 forward_active=0
$T,124,-3,-2,,,8,992,-776,68,1201,0*63
d=1 depth=12.388 vz=-0.258 az=-0.128 target_valid=0 target=0.000 pid=0.000 pid_base=0.000 buoyancy_pwm=0 mask_valid=1 mask=0 forward_active=0
[CTRL] depth_valid=1 depth=12.429 vz=-0.020 az=0.088 target_valid=0 target=0.000 pid=0.000 pid_base=0.000 buoyancy_pwm=0 mask_valid=1 mask=0 forward_active=0
[CTRL] depth_valid=1 depth=12.494 vz=0.123 az=0.153 target_valid=0 target=0.000 pid=0.000 pid_base=0.000 buoyancy_pwm=0 mask_valid=1 mask=0 forward_active=0
[CTRL] depth_valid=1 depth=12.603 vz=0.233 az=0.164 target_valid=0 target=0.000 pid=0.000 pid_base=0.000 buoyancy_pwm=0 mask_valid=1 mask=0 forward_active=0
$T,125,1,0,,,,986,-770,72,1201,0*52
[CTRL] depth_valid=1 depth=12.629 vz=0.039 az=-0.107 target_valid=0 target=0.000 pid=0.000 pid_base=0.000 buoyancy_pwm=0 mask_valid=1 mask=0 forward_active=0
[CTRL] depth_valid=1 depth=12.568 vz=-0.176 az=-0.265 target_valid=0 target=0.000 pid=0.000 pid_base=0.000 buoyancy_pwm=0 mask_valid=1 mask=0 forward_active=0
[CTRL] depth_valid=1 depth=12.489 vz=-0.286 az=-0.286 target_valid=0 target=0.000 pid=0.000 pid_base=0.000 buoyancy_pwm=0 mask_valid=1 mask=0 forward_active=0
[CTRL] depth_valid=1 depth=12.416 vz=-0.286 az=-0.208 target_valid=0 target=0.000 pid=0.000 pid_base=0.000 buoyancy_pwm=0 mask_valid=1 mask=0 forward_active=0
$T,124,-2,-1,,,8,995,-777,63,1199,0*6E
[CTRL] depth_valid=1 depth=12.455 vz=-0.059 az=0.022 target_valid=0 target=0.000 pid=0.000 pid_base=0.000 buoyancy_pwm=0 mask_valid=1 mask=0 forward_active=0
[CTRL] depth_valid=1 depth=12.474 vz=0.051 az=0.114 target_valid=0 target=0.000 pid=0.000 pid_base=0.000 buoyancy_pwm=0 mask_valid=1 mask=0 forward_active=0
vz=0.134 az=0.102 target_valid=0 target=0.000 pid=0.000 pid_base=0.000 buoyancy_pwm=0 mask_valid=1 mask=0 forward_active=0
[CTRL] depth_valid=1 depth=12.591 vz=0.034 az=-0.078 target_valid=0 target=0.000 pid=0.000 pid_base=0.000 buoyancy_pwm=0 mask_valid=1 mask=0 forward_active=0
$T,126,0,0,,,8,990,-771,68,1199,0*67
[CTRL] depth_valid=1 depth=12.578 vz=-0.119 az=-0.218 target_valid=0 target=0.000 pid=0.000 pid_base=0.000 buoyancy_pwm=0 mask_valid=1 mask=0 forward_active=0
[CTRL] depth_valid=1 depth=12.526 vz=-0.182 az=-0.192 target_valid=0 target=0.000 pid=0.000 pid_base=0.000 buoyancy_pwm=0 mask_valid=1 mask=0 forward_active=0
[CTRL] depth_valid=1 depth=12.446 vz=-0.295 az=-0.266 target_valid=0 target=0.000 pid=0.000 pid_base=0.000 buoyancy_pwm=0 mask_valid=1 mask=0 forward_active=0
[CTRL] depth_valid=1 depth=12.432 vz=-0.146 az=-0.053 target_valid=0 target=0.000 pid=0.000 pid_base=0.000 buoyancy_pwm=0 mask_valid=1 mask=0 forward_active=0
$T,124,-1,0,,,8,995,-779,62,1201,0*4C
[CTRL] depth_valid=1 depth=12.445 vz=-0.046 az=0.019 target_valid=0 target=0.000 pid=0.000 pid_base=0.000 buoyancy_pwm=0 mask_valid=1 mask=0 forward_active=0
[CTRL] depth_valid=1 depth=12.456 vz=0.018 az=0.059 target_valid=0 target=0.000 pid=0.000 pid_base=0.000 buoyancy_pwm=0 mask_valid=1 mask=0 forward_active=0
[CTRL] depth_valid=1 depth=12.556 vz=0.168 az=0.133 target_valid=0 target=0.000 pid=0.000 pid_base=0.000 buoyancy_pwm=0 mask_valid=1 mask=0 forward_active=0
[CTRL] depth_valid=1 depth=12.588 vz=0.042 az=-0.067 target_valid=0 target=0.000 pid=0.000 pid_base=0.000 buoyancy_pwm=0 mask_valid=1 mask=0 forward_active=0
$T,125,0,-1,,,8,990,-773,67,1201,0*47
[CTRL] depth_valid=1 depth=12.541 vz=-0.129 az=-0.202 target_valid=0 target=0.000 pid=0.000 pid_base=0.000 buoyancy_pwm=0 mask_valid=1 mask=0 forward_active=0
[OK]hb
[CTRL] depth_valid=1 depth=12.530 vz=-0.109 az=-0.121 target_valid=0 target=0.000 pid=0.000 pid_base=0.000 buoyancy_pwm=0 mask_valid=1 mask=0 forward_active=0
[CTRL] depth_valid=1 depth=12.419 vz=-0.259 az=-0.206 target_valid=0 target=0.000 pid=0.000 pid_base=0.000 buoyancy_pwm=0 mask_valid=1 mask=0 forward_active=0
[CTRL] depth_valid=1 depth=12.376 vz=-0.177 az=-0.070 target_valid=0 target=0.000 pid=0.000 pid_base=0.000 buoyancy_pwm=0 mask_valid=1 mask=0 forward_active=0
$T,123,-2,0,,,,997,-779,60,1203,0*72
[CTRL] depth_valid=1 depth=12.466 vz=0.093 az=0.144 target_valid=0 target=0.000 pid=0.000 pid_base=0.000 buoyancy_pwm=0 mask_valid=1 mask=0 forward_active=0
[CTRL] depth_valid=1 depth=12.503 vz=0.090 az=0.068 target_valid=0 target=0.000 pid=0.000 pid_base=0.000 buoyancy_pwm=0 mask_valid=1 mask=0 forward_active=0
[CTRL] depth_valid=1 depth=12.571 vz=0.138 az=0.066 target_valid=0 target=0.000 pid=0.000 pid_base=0.000 buoyancy_pwm=0 mask_valid=1 mask=0 forward_active=0
[CTRL] depth_valid=1 depth=12.533 vz=-0.058 az=-0.135 target_valid=0 target=0.000 pid=0.000 pid_base=0.000 buoyancy_pwm=0 mask_valid=1 mask=0 forward_active=0
$T,125,0,0,,,,996,-775,61,1203,0*57
[CTRL] depth_valid=1 depth=12.512 vz=-0.121 az=-0.163 target_valid=0 target=0.000 pid=0.000 pid_base=0.000 buoyancy_pwm=0 mask_valid=1 mask=0 forward_active=0
[CTRL] depth_valid=1 depth=12.445 vz=-0.231 az=-0.224 target_valid=0 target=0.000 pid=0.000 pid_base=0.000 buoyancy_pwm=0 mask_valid=1 mask=0 forward_active=0
[Cvz=-0.019 az=7 target_valid=0 target=0.000 pid=0.000 pid_base=0.000 buoyancy_pwm=0 mask_valid=1 mask=0 forward_active=0
[CTRL] depth_valid=1 depth=12.466 vz=0.003 az=0.052 target_valid=0 target=0.000 pid=0.000 pid_base=0.000 buoyancy_pwm=0 mask_valid=1 mask=0 forward_active=0
$T,124,0,0,,,8,996,-779,61,1204,0*65
[CTRL] depth_valid=1 depth=12.457 vz=-0.001 az=0.023 target_valid=0 target=0.000 pid=0.000 pid_base=0.000 buoyancy_pwm=0 mask_valid=1 mask=0 forward_active=0
[CTRL] depth_valid=1 depth=12.478 vz=-0.006 az=-0.025 target_valid=0 target=0.000 pid=0.000 pid_base=0.000 buoyancy_pwm=0 mask_valid=1 mask=0 forward_active=0
[CTRL] depth_valid=1 depth=12.528 vz=0.040 az=-0.011 target_valid=0 target=0.000 pid=0.000 pid_base=0.000 buoyancy_pwm=0 mask_valid=1 mask=0 forward_active=0
[CTRL] depth_valid=1 depth=12.527 vz=-0.032 az=-0.089 target_valid=0 target=0.000 pid=0.000 pid_base=0.000 buoyancy_pwm=0 mask_valid=1 mask=0 forward_active=0
$T,125,0,0,,,,995,-776,61,1197,0*59
[CTRL] depth_valid=1 depth=12.505 vz=-0.146 az=-0.206 target_valid=0 target=0.000 pid=0.000 pid_base=0.000 buoyancy_pwm=0 mask_valid=1 mask=0 forward_active=0
[CTRL] depth_valid=1 depth=12.426 vz=-0.251 az=-0.238 target_valid=0 target=0.000 pid=0.000 pid_base=0.000 buoyancy_pwm=0 mask_valid=1 mask=0 forward_active=0
[CTRL] depth_valid=1 depth=12.414 vz=-0.125 az=-0.052 target_valid=0 target=0.000 pid=0.000 pid_base=0.000 buoyancy_pwm=0 mask_valid=1 mask=0 forward_active=0
[CTRL] depth_valid=1 depth=12.468 vz=0.031 az=0.062 target_valid=0 target=0.000 pid=0.000 pid_base=0.000 buoyancy_pwm=0 mask_valid=1 mask=0 forward_active=0
$T,124,0,0,,,,999,-780,57,1209,0*5C
[CTRL] depth_valid=1 depth=12.440 vz=-0.071 az=-0.075 target_valid=0 target=0.000 pid=0.000 pid_base=0.000 buoyancy_pwm=0 mask_valid=1 mask=0 forward_active=0
[OK]hb
[CTRL] depth_valid=1 depth=12.465 vz=-0.004 az=-0.012 target_valid=0 target=0.000 pid=0.000 pid_base=0.000 buoyancy_pwm=0 mask_valid=1 mask=0 forward_active=0
[CTRL] depth_valid=1 depth=12.525 vz=0.048 az=-0.007 target_valid=0 target=0.000 pid=0.000 pid_base=0.000 buoyancy_pwm=0 mask_valid=1 mask=0 forward_active=0
[CTRL] depth_valid=1 depth=12.467 vz=-0.159 az=-0.213 target_valid=0 target=0.000 pid=0.000 pid_base=0.000 buoyancy_pwm=0 mask_valid=1 mask=0 forward_active=0
$T,124,-1,-2,,,,996,-778,60,1209,0*53
[CTRL] depth_valid=1 depth=12.499 vz=-0.045 az=-0.060 target_valid=0 target=0.000 pid=0.000 pid_base=0.000 buoyancy_pwm=0 mask_valid=1 mask=0 forward_active=0
[CTRL] depth_valid=1 depth=12.430 vz=-0.160 az=-0.141 target_valid=0 target=0.000 pid=0.000 pid_base=0.000 buoyancy_pwm=0 mask_valid=1 mask=0 forward_active=0
[CTRL] depth_valid=1 depth=12.393 vz=-0.151 az=-0.100 target_valid=0 target=0.000 pid=0.000 pid_base=0.000 buoyancy_pwm=0 mask_valid=1 mask=0 forward_active=0
[CTRL] depth_valid=1 depth=12.469 vz=0.039 az=0.050 target_valid=0 target=0.000 pid=0.000 pid_base=0.000 buoyancy_pwm=0 mask_valid=1 mask=0 forward_active=0
$T,124,0,0,,,,996,-780,60,1196,0*52
[CTRL] depth_valid=1 depth=12.513 vz=0.091 az=0.064 target_valid=0 target=0.000 pid=0.000 pid_base=0.000 buoyancy_pwm=0 mask_valid=1 mask=0 forward_active=0
Forward started.
[OK]w#61[ACK] w#61

[CTRL] depth_valid=1 depth=12.349 vz=-0.387 az=-0.432 target_valid=0 target=0.000 pid=0.000 pid_base=0.000 buoyancy_pwm=0 mask_valid=1 mask=0 forward_active=1
<- Minima: FWD 
[CTRL] depth_valid=1 depth=12.557 vz=0.229 az=0.239 target_valid=0 target=0.000 pid=0.000 pid_base=0.000 buoyancy_pwm=0 mask_valid=1 mask=6 forward_active=1
[OK]hb
[CTRL] depth_valid=1 depth=12.567 vz=0.219 az=0.214 target_valid=0 target=0.000 pid=0.000 pid_base=0.000 buoyancy_pwm=0 mask_valid=1 mask=0 forward_active=1
$T,125,2,2,,,8,1018,-778,10,1197,1*55
[CTRL] depth_valid=1 depth=12.881 vz=0.678 az=0.523 target_valid=0 target=0.000 pid=0.000 pid_base=0.000 buoyancy_pwm=0 mask_valid=1 mask=0 forward_active=1
[CTRL] depth_valid=1 depth=12.812 vz=0.138 az=-0.075 target_valid=0 target=0.000 pid=0.000 pid_base=0.000 buoyancy_pwm=0 mask_valid=1 mask=6 forward_active=1
[CTRL] depth_valid=1 depth=12.672 vz=-0.296 az=-0.416 target_valid=0 target=0.000 pid=0.000 pid_base=0.000 buoyancy_pwm=0 mask_valid=1 mask=0 forward_active=1
[CTRL] depth_valid=1 depth=12.726 vz=-0.224 az=-0.330 target_valid=0 target=0.000 pid=0.000 pid_base=0.000 buoyancy_pwm=0 mask_valid=1 mask=6 forward_active=1
$T,127,0,0,,,8,1030,-769,-34,1197,1*76
[CTRL] depth_valid=1 depth=12.729 vz=-0.193 az=-0.237 target_valid=0 target=0.000 pid=0.000 pid_base=0.000 buoyancy_pwm=0 mask_valid=1 mask=6 forward_active=1
[CTRL] depth_valid=1 depth=12.783 vz=0.106 az=0.161 target_valid=0 target=0.000 pid=0.000 pid_base=0.000 buoyancy_pwm=0 mask_valid=1 mask=0 forward_active=1
[CTRL] depth_valid=1 depth=12.978 vz=0.467 az=0.424 target_valid=0 target=0.000 pid=0.000 pid_base=0.000 buoyancy_pwm=0 mask_valid=1 mask=6 forward_active=1
[CTRL] depth_valid=1 depth=12.800 vz=-0.343 az=-0.526 target_valid=0 target=0.000 pid=0.000 pid_base=0.000 buoyancy_pwm=0 mask_valid=1 mask=6 forward_active=1
$T,127,-2,-3,,142,8,988,-757,-95,1197,1*7D
Forward stop: pressure balance in progress...
[OK]w#62[ACK] w#62

[CTRL] depth_valid=1 depth=13.012 vz=0.332 az=0.320 target_valid=0 target=0.000 pid=0.000 pid_base=0.000 buoyancy_pwm=0 mask_valid=1 mask=0 forward_active=0
[OK]hb
[CTRL] depth_valid=1 depth=12.994 vz=0.015 az=-0.120 target_valid=0 target=0.000 pid=0.000 pid_base=0.000 buoyancy_pwm=0 mask_valid=1 mask=4 forward_active=0
[CTRL] depth_valid=1 depth=12.732 vz=-0.548 az=-0.555 target_valid=0 target=0.000 pid=0.000 pid_base=0.000 buoyancy_pwm=0 mask_valid=1 mask=4 forward_active=0
<- Minima: IDLE
[CTRL] depth_valid=1 depth=12.436 vz=-0.670 az=-0.403 target_valid=0 target=0.000 pid=0.000 pid_base=0.000 buoyancy_pwm=0 mask_valid=1 mask=0 forward_active=0
$T,123,-6,-3,24,120,182,1116,-803,-355,1200,0*7F
[CTRL] depth_valid=1 depth=12.164 vz=-0.711 az=-0.302 target_valid=0 target=0.000 pid=0.000 pid_base=0.000 buoyancy_pwm=0 mask_valid=1 mask=0 forward_active=0
[CTRL] depth_valid=1 depth=11.956 vz=-0.474 az=0.053 target_valid=0 target=0.000 pid=0.000 pid_base=0.000 buoyancy_pwm=0 mask_valid=1 mask=0 forward_active=0
[CTRL] depth_valid=1 depth=12.218 vz=0.414 az=0.731 target_valid=0 target=0.000 pid=0.000 pid_base=0.000 buoyancy_pwm=0 mask_valid=1 mask=0 forward_active=0
[CTRL] depth_valid=1 depth=12.515 vz=0.675 az=0.571 target_valid=0 target=0.000 pid=0.0 forward_active=0
$T,125,6,4,17,117,163,1017,-760,-382,1201,0*74
[CTRL] depth_valid=1 depth=12.682 vz=0.434 az=0.075 target_valid=0 target=0.000 pid=0.000 pid_base=0.000 buoyancy_pwm=0 mask_valid=1 mask=0 forward_active=0
[CTRL] depth_valid=1 depth=12.835 vz=0.283 az=-0.123 target_valid=0 target=0.000 pid=0.000 pid_base=0.000 buoyancy_pwm=0 mask_valid=1 mask=0 forward_active=0
[CTRL] depth_valid=1 depth=12.576 vz=-0.536 az=-0.781 target_valid=0 target=0.000 pid=0.000 pid_base=0.000 buoyancy_pwm=0 mask_valid=1 mask=0 forward_active=0
[OK]hb
[CTRL] depth_valid=1 depth=12.308 vz=-0.736 az=-0.620 target_valid=0 target=0.000 pid=0.000 pid_base=0.000 buoyancy_pwm=0 mask_valid=1 mask=0 forward_active=0
$T,122,-7,-5,12,118,171,1070,-799,-550,1201,0*74
[CTRL] depth_valid=1 depth=12.088 vz=-0.624 az=-0.275 target_valid=0 target=0.000 pid=0.000 pid_base=0.000 buoyancy_pwm=0 mask_valid=1 mask=0 forward_active=0
[CTRL] depth_valid=1 depth=12.024 vz=-0.171 az=0.217 target_valid=0 target=0.000 pid=0.000 pid_base=0.000 buoyancy_pwm=0 mask_valid=1 mask=0 forward_active=0
[CTRL] depth_valid=1 depth=12.264 vz=0.476 az=0.648 target_valid=0 target=0.000 pid=0.000 pid_base=0.000 buoyancy_pwm=0 mask_valid=1 mask=0 forward_active=0
[CTRL] depth_valid=1 depth=12.527 vz=0.668 az=0.522 target_valid=0 target=0.000 pid=0.000 pid_base=0.000 buoyancy_pwm=0 mask_valid=1 mask=0 forward_active=0
$T,125,6,4,10,119,8,1015,-773,-601,1206,0*78
[CTRL] depth_valid=1 depth=12.651 vz=0.314 az=-0.063 target_valid=0 target=0.000 pid=0.000 pid_base=0.000 buoyancy_pwm=0 mask_valid=1 mask=0 forward_active=0
[CTRL] depth_valid=1 depth=12.645 vz=-0.041 az=-0.354 target_valid=0 target=0.000 pid=0.000 pid_base=0.000 buoyancy_pwm=0 mask_valid=1 mask=0 forward_active=0
[CTRL] depth_valid=1 depth=12.472 vz=-0.469 az=-0.596 target_valid=0 target=0.000 pid=0.000 pid_base=0.000 buoyancy_pwm=0 mask_valid=1 mask=0 forward_active=0
[CTRL] depth_valid=1 depth=12.192 vz=-0.699 az=-0.532 target_valid=0 target=0.000 pid=0.000 pid_base=0.000 buoyancy_pwm=0 mask_valid=1 mask=0 forward_active=0
$T,121,-6,-4,,,8,1042,-792,-705,1201,0*4B
[CTRL] depth_valid=1 depth=12.085 vz=-0.379 az=-0.043 target_valid=0 target=0.000 pid=0.000 pid_base=0.000 buoyancy_pwm=0 mask_valid=1 mask=0 forward_active=0
[OK]hb
[CTRL] depth_valid=1 depth=12.118 vz=-0.003 az=0.264 target_valid=0 target=0.000 pid=0.000 pid_base=0.000 buoyancy_pwm=0 mask_valid=1 mask=0 forward_active=0
[CTRL] depth_valid=1 depth=12.250 vz=0.274 az=0.353 target_valid=0 target=0.000 pid=0.000 pid_base=0.000 buoyancy_pwm=0 mask_valid=1 mask=0 forward_active=0
[CTRL] depth_valid=1 depth=12.547 vz=0.595 az=0.422 target_valid=0 target=0.000 pid=0.000 pid_base=0.000 buoyancy_pwm=0 mask_valid=1 mask=0 forward_active=0
$T,125,5,3,,,,1019,-781,-771,1200,0*7D
[CTRL] depth_valid=1 depth=12.638 vz=0.236 az=-0.110 target_valid=0 target=0.000 pid=0.000 pid_base=0.000 buoyancy_pwm=0 mask_valid=1 mask=0 forward_active=0
[CTRL] depth_valid=1 depth=12.557 vz=-0.208 az=-0.464 target_valid=0 target=0.000 pid=0.000 pid_base=0.000 buoyancy_pwm=0 mask_valid=1 mask=0 forward_active=0
[CTRL] depth_valid=1 depth=12.401 vz=-0.456 az=-0.495 target_valid=0 target=0.000 pid=0.000 pid_base=0.000 buoyancy_pwm=0 mask_valid=1 mask=0 forward_active=0
[CTRL] depth_valid=1 depth=12.180 vz=-0.605 az=-0.435 target_valid=0 target=0.000 pid=0.000 pid_base=0.000 buoyancy_pwm=0 mask_valid=1 mask=0 forward_active=0
$T,121,-5,-3,,,8,1027,-792,-860,1201,0*40
[CTRL] depth_valid=1 depth=12.097 vz=-0.327 az=-0.038 target_valid=0 target=0.000 pid=0.000 pid_base=0.000 buoyancy_pwm=0 mask_valid=1 mask=0 forward_active=0
[CTRL] depth_valid=1 depth=12.211 vz=0.143 az=0.339 target_valid=0 target=0.000 pid=0.000 pid_base=0.000 buoyancy_pwm=0 mask_valid=1 mask=0 forward_active=0
[CTRL] depth_valid=1 depth=12.323 vz=0.319 az=0.350 target_valid=0 target=0.000 pid=0.000 pid_base=0.000 buoyancy_pwm=0 mask_valid=1 mask=0 forward_active=0
[OK]hb
[CTRL] depth_valid=1 depth=12.525 vz=0.414 az=0.232 target_valid=0 target=0.000 pid=0.000 pid_base=0.000 buoyancy_pwm=0 mask_valid=1 mask=0 forward_active=0
$T,126,4,2,,,,1017,-782,-924,1198,0*7F
[CTRL] depth_valid=1 depth=12.597 vz=0.140 az=-0.154 target_valid=0 target=0.000 pid=0.000 pid_base=0.000 buoyancy_pwm=0 mask_valid=1 mask=0 forward_active=0
[CTRL] depth_valid=1 depth=12.499 vz=-0.243 az=-0.429 target_valid=0 target=0.000 pid=0.000 pid_base=0.000 buoyancy_pwm=0 mask_valid=1 mask=0 forward_active=0
[CTRL] depth_valid=1 depth=12.333 vz=-0.468 az=-0.457 target_valid=0 target=0.000 pid=0.000 pid_base=0.000 buoyancy_pwm=0 mask_valid=1 mask=0 forward_active=0
[CTRL] depth_valid=1 depth=12.217 vz=-0.393 az=-0.223 target_valid=0 target=0.000 pid=0.000 pid_base=0.000 buoyancy_pwm=0 mask_valid=1 mask=0 forward_active=0
$T,121,-3,-1,,,8,1026,-793,-999,1199,0*41
[CTRL] depth_valid=1 depth=12.143 vz=-0.196 az=0.054 target_valid=0 target=0.000 pid=0.000 pid_base=0.000 buoyancy_pwm=0 mask_valid=1 mask=0 forward_active=0
[CTRL] depth_valid=1 depth=12.237 vz=0.171 az=0.309 target_valid=0 target=0.000 pid=0.000 pid_base=0.000 buoyancy_pwm=0 mask_valid=1 mask=0 forward_active=0
[CTRL] depth_valid=1 depth=12.385 vz=0.330 az=0.283 target_valid=0 target=0.000 pid=0.000 pid_base=0.000 buoyancy_pwm=0 mask_valid=1 mask=0 forward_active=0
[CTRL] depth_valid=1 depth=12.501 vz=0.276 az=0.091 target_valid=0 target=0.000 pid=0.000 pid_base=0.000 buoyancy_pwm=0 mask_valid=1 mask=0 forward_active=0
$T,124,1,0,,,99,1007,-781,-1028,1202,0*4C
[CTRL] depth_valid=1 depth=12.596 vz=0.177 az=-0.063 target_valid=0 target=0.000 pid=0.000 pid_base=0.000 buoyancy_pwm=0 mask_valid=1 mask=0 forward_active=0
[OK]hb
[CTRL] depth_valid=1 depth=12.459 vz=-0.277 az=-0.423 target_valid=0 target=0.000 pid=0.000 pid_base=0.000 buoyancy_pwm=0 mask_valid=1 mask=0 forward_active=0
[CTRL] depth_valid=1 depth=12.313 vz=-0.447 az=-0.421 target_valid=0 target=0.000 pid=0.000 pid_base=0.000 buoyancy_pwm=0 mask_valid=1 mask=0 forward_active=0
[CTRL] depth_valid=1 depth=12.201 vz=-0.368 az=-0.195 target_valid=0 target=0.000 pid=0.000 pid_base=0.000 buoyancy_pwm=0 mask_valid=1 mask=0 forward_active=0
$T,121,-3,-1,,14,98,1023,-795,-1050,1202,0*42
[CTRL] depth_valid=1 depth=12.196 vz=-0.113 az=0.072 target_valid=0 target=0.000 pid=0.000 pid_base=0.000 buoyancy_pwm=0 mask_valid=1 mask=0 forward_active=0
[CTRL] depth_valid=1 depth=12.248 vz=0.121 az=0.243 target_valid=0 target=0.000 pid=0.000 pid_base=0.000 buoyancy_pwm=0 mask_valid=1 mask=0 forward_active=0
[CTRL] depth_valid=1 depth=12.398 vz=0.298 az=0.250 target_valid=0 target=0.000 pid=0.000 pid_base=0.000 buoyancy_pwm=0 mask_valid=1 mask=0 forward_active=0
[CTRL] depth_valid=1 depth=12.488 vz=0.171 az=-0.016 target_valid=0 target=0.000 pid=0.000 pid_base=0.000 buoyancy_pwm=0 mask_valid=1 mask=0 forward_active=0
$T,124,1,0,163,12,98,1003,-781,-1027,1202,0*71
[CTRL] depth_valid=1 depth=12.526 vz=0.001 az=-0.207 target_valid=0 target=0.000 pid=0.000 pid_base=0.000 buoyancy_pwm=0 mask_valid=1 mask=0 forward_active=0
[CTRL] depth_valid=1 depth=12.462 vz=-0.220 az=-0.336 target_valid=0 target=0.000 pid=0.000 pid_base=0.000 buoyancy_pwm=0 mask_valid=1 mask=0 forward_active=0
[CTRL] depth_valid=1 depth=12.287 vz=-0.446 az=-0.397 target_valid=0 target=0.000 pid=0.000 pid_base=0.000 buoyancy_pwm=0 mask_valid=1 mask=0 forward_active=0
[OK]hb
[CTRL] depth_valid=1 depth=12.235 vz=-0.249 az=-0.083 target_valid=0 target=0.000 pid=0.000 pid_base=0.000 buoyancy_pwm=0 mask_valid=1 mask=0 forward_active=0
$T,121,-2,-1,162,10,98,1020,-795,-1040,1198,0*70
[CTRL] depth_valid=1 depth=12.201 vz=-0.132 az=0.024 target_valid=0 target=0.000 pid=0.000 pid_base=0.000 buoyancy_pwm=0 mask_valid=1 mask=0 forward_active=0
[CTRL] depth_valid=1 depth=12.276 vz=0.108 az=0.191 target_valid=0 target=0.000 pid=0.000 pid_base=0.000 buoyancy_pwm=0 mask_valid=1 mask=0 forward_active=0
[CTRL] depth_valid=1 depth=12.429 vz=0.315 az=0.260 target_valid=0 target=0.000 pid=0.000 pid_base=0.000 buoyancy_pwm=0 mask_valid=1 mask=0 forward_active=0
[CTRL] depth_valid=1 depth=12.502 vz=0.210 az=0.054 target_valid=0 target=0.000 pid=0.000 pid_base=0.000 buoyancy_pwm=0 mask_valid=1 mask=0 forward_active=0
$T,124,1,0,162,7,98,997,-782,-1013,1198,0*75
[CTRL] depth_valid=1 depth=12.481 vz=-0.082 az=-0.261 target_valid=0 target=0.000 pid=0.000 pid_base=0.000 buoyancy_pwm=0 mask_valid=1 mask=0 forward_active=0
[CTRL] depth_valid=1 depth=12.403 vz=-0.248 az=-0.312 target_valid=0 target=0.000 pid=0.000 pid_base=0.000 buoyancy_pwm=0 mask_valid=1 mask=0 forward_active=0
[CTRL] depth_valid=1 depth=12.275 vz=-0.399 az=-0.350 target_valid=0 target=0.000 pid=0.000 pid_base=0.000 buoyancy_pwm=0 mask_valid=1 mask=0 forward_active=0
[CTRL] depth_valid=1 depth=12.216 vz=-0.252 az=-0.100 target_valid=0 target=0.000 pid=0.000 pid_base=0.000 buoyancy_pwm=0 mask_valid=1 mask=0 forward_active=0
$T,122,-2,0,163,8,98,1014,-794,-1007,1196,0*6C
[CTRL] depth_valid=1 depth=12.240 vz=-0.017 az=0.121 target_valid=0 target=0.000 pid=0.000 pid_base=0.000 buoyancy_pwm=0 mask_valid=1 mask=0 forward_active=0
[OK]hb
[CTRL] depth_valid=1 depth=12.323 vz=0.140 az=0.169 target_valid=0 target=0.000 pid=0.000 pid_base=0.000 buoyancy_pwm=0 mask_valid=1 mask=0 forward_active=0
[CTRL] depth_valid=1 depth=12.412 vz=0.182 az=0.108 target_valid=0 target=0.000 pid=0.000 pid_base=0.000 buoyancy_pwm=0 mask_valid=1 mask=0 forward_active=0
[CTRL] depth_valid=1 depth=12.487 vz=0.159 az=0.026 target_valid=0 target=0.000 pid=0.000 pid_base=0.000 buoyancy_pwm=0 mask_valid=1 mask=0 forward_active=0
$T,124,0,0,163,8,98,1001,-784,-993,1203,0*7A
[CTRL] depth_valid=1 depth=12.459 vz=-0.058 az=-0.181 target_valid=0 target=0.000 pid=0.000 pid_base=0.000 buoyancy_pwm=0 mask_valid=1 mask=0 forward_active=0
[CTRL] depth_valid=1 depth=12.383 vz=-0.169 az=-0.181 target_valid=0 target=0.000 pid=0.000 pid_base=0.000 buoyancy_pwm=0 mask_valid=1 mask=0 forward_active=0
[CTRL] depth_valid=1 depth=12.277 vz=-0.310 az=-0.259 target_valid=0 target=0.000 pid=0.000 pid_base=0.000 buoyancy_pwm=0 mask_valid=1 mask=0 forward_active=0
[CTRL] depth_valid=1 depth=12.245 vz=-0.173 az=-0.060 target_valid=0 target=0.000 pid=0.000 pid_base=0.000 buoyancy_pwm=0 mask_valid=1 mask=0 forward_active=0
$T,122,-2,0,165,9,98,1014,-793,-1007,1203,0*63
[CTRL] depth_valid=1 depth=12.252 vz=-0.050 az=0.037 target_valid=0 target=0.000 pid=0.000 pid_base=0.000 buoyancy_pwm=0 mask_valid=1 mask=0 forward_active=0
[CTRL] depth_valid=1 depth=12.280 vz=0.006 az=0.030 target_valid=0 target=0.000 pid=0.000 pid_base=0.000 buoyancy_pwm=0 mask_valid=1 mask=0 forward_active=0
[CTRL] depth_valid=1 depth=12.411 vz=0.172 az=0.096 target_valid=0 target=0.000 pid=0.000 pid_base=0.000 buoyancy_pwm=0 mask_valid=1 mask=0 forward_active=0
[OK]hb
[CTRL] depth_valid=1 depth=12.455 vz=0.064 az=-0.070 target_valid=0 target=0.000 pid=0.000 pid_base=0.000 buoyancy_pwm=0 mask_valid=1 mask=0 forward_active=0
$T,124,0,-1,166,11,98,1004,-786,-999,1199,0*66
[CTRL] depth_valid=1 depth=12.436 vz=-0.092 az=-0.200 target_valid=0 target=0.000 pid=0.000 pid_base=0.000 buoyancy_pwm=0 mask_valid=1 mask=0 forward_active=0
[CTRL] depth_valid=1 depth=12.370 vz=-0.215 az=-0.243 target_valid=0 target=0.000 pid=0.000 pid_base=0.000 buoyancy_pwm=0 mask_valid=1 mask=0 forward_active=0
[CTRL] depth_valid=1 depth=12.317 vz=-0.206 az=-0.154 target_valid=0 target=0.000 pid=0.000 pid_base=0.000 buoyancy_pwm=0 mask_valid=1 mask=0 forward_active=0
[CTRL] depth_valid=1 depth=12.249 vz=-0.183 az=-0.073 target_valid=0 target=0.000 pid=0.000 pid_base=0.000 buoyancy_pwm=0 mask_valid=1 mask=0 forward_active=0
$T,122,-2,0,166,13,98,1012,-792,-1008,1201,0*51
[CTRL] depth_valid=1 depth=12.295 vz=0.014 az=0.086 target_valid=0 target=0.000 pid=0.000 pid_base=0.000 buoyancy_pwm=0 mask_valid=1 mask=0 forward_active=0
[CTRL] depth_valid=1 depth=12.333 vz=0.081 az=0.096 target_valid=0 target=0.000 pid=0.000 pid_base=0.000 buoyancy_pwm=0 mask_valid=1 mask=0 forward_active=0
[CTRL] depth_valid=1 depth=12.395 vz=0.100 az=0.040 target_valid=0 target=0.000 pid=0.000 pid_base=0.000 buoyancy_pwm=0 mask_valid=1 mask=0 forward_active=0
[CTRL] depth_valid=1 depth=12.421 vz=0.008 az=-0.092 target_valid=0 target=0.000 pid=0.000 pid_base=0.000 buoyancy_pwm=0 mask_valid=1 mask=0 forward_active=0
$T,124,0,-1,166,12,97,1008,-786,-1006,1211,0*5B
[CTRL] depth_valid=1 depth=12.440 vz=-0.049 az=-0.147 target_valid=0 target=0.000 pid=0.000 pid_base=0.000 buoyancy_pwm=0 mask_valid=1 mask=0 forward_active=0
[OK]hb
[CTRL] depth_valid=1 depth=12.361 vz=-0.215 az=-0.242 target_valid=0 target=0.000 pid=0.000 pid_base=0.000 buoyancy_pwm=0 mask_valid=1 mask=0 forward_active=0
[CTRL] depth_valid=1 depth=12.310 vz=-0.217 az=-0.174 target_valid=0 target=0.000 pid=0.000 pid_base=0.000 buoyancy_pwm=0 mask_valid=1 mask=0 forward_active=0
[CTRL] depth_valid=1 depth=12.292 vz=-0.090 az=0.005 target_valid=0 target=0.000 pid=0.000 pid_base=0.000 buoyancy_pwm=0 mask_valid=1 mask=0 forward_active=0
$T,122,-1,0,,13,97,1014,-792,-1012,1211,0*60
[CTRL] depth_valid=1 depth=12.299 vz=-0.008 az=0.057 target_valid=0 target=0.000 pid=0.000 pid_base=0.000 buoyancy_pwm=0 mask_valid=1 mask=0 forward_active=0
[CTRL] depth_valid=1 depth=12.355 vz=0.101 az=0.108 target_valid=0 target=0.000 pid=0.000 pid_base=0.000 buoyancy_pwm=0 mask_valid=1 mask=0 forward_active=0
[CTRL] depth_valid=1 depth=12.424 vz=0.107 az=0.026 target_valid=0 target=0.000 pid=0.000 pid_base=0.000 buoyancy_pwm=0 mask_valid=1 mask=0 forward_active=0
[CTRL] depth_valid=1 depth=12.472 vz=0.049 az=-0.071 target_valid=0 target=0.000 pid=0.000 pid_base=0.000 buoyancy_pwm=0 mask_valid=1 mask=0 forward_active=0
$T,124,0,-1,,13,97,1007,-786,-1005,1201,0*66
[CTRL] depth_valid=1 depth=12.433 vz=-0.113 az=-0.196 target_valid=0 target=0.000 pid=0.000 pid_base=0.000 buoyancy_pwm=0 mask_valid=1 mask=0 forward_active=0
[CTRL] depth_valid=1 depth=12.343 vz=-0.243 az=-0.230 target_valid=0 target=0.000 pid=0.000 pid_base=0.000 buoyancy_pwm=0 mask_valid=1 mask=0 forward_active=0
[CTRL] depth_valid=1 depth=12.290 vz=-0.177 az=-0.081 target_valid=0 target=0.000 pid=0.000 pid_base=0.000 buoyancy_pwm=0 mask_valid=1 mask=0 forward_active=0
[OK]hb
[CTRL] depth_valid=1 depth=12.330 vz=0.018 az=0.099 target_valid=0 target=0.000 pid=0.000 pid_base=0.000 buoyancy_pwm=0 mask_valid=1 mask=0 forward_active=0
$T,122,0,0,,12,97,1013,-792,-1012,1199,0*49
[CTRL] depth_valid=1 depth=12.287 vz=-0.090 az=-0.061 target_valid=0 target=0.000 pid=0.000 pid_base=0.000 buoyancy_pwm=0 mask_valid=1 mask=0 forward_active=0
[CTRL] depth_valid=1 depth=12.338 vz=0.035 az=0.038 target_valid=0 target=0.000 pid=0.000 pid_base=0.000 buoyancy_pwm=0 mask_valid=1 mask=0 forward_active=0
[CTRL] depth_valid=1 depth=12.387 vz=0.061 az=0.011 target_valid=0 target=0.000 pid=0.000 pid_base=0.000 buoyancy_pwm=0 mask_valid=1 mask=0 forward_active=0
[CTRL] depth_valid=1 depth=12.427 vz=0.036 az=-0.048 target_valid=0 target=0.000 pid=0.000 pid_base=0.000 buoyancy_pwm=0 mask_valid=1 mask=0 forward_active=0
$T,124,0,0,,13,97,1009,-787,-1008,1200,0*49
[CTRL] depth_valid=1 depth=12.413 vz=-0.101 az=-0.189 target_valid=0 target=0.000 pid=0.000 pid_base=0.000 buoyancy_pwm=0 mask_valid=1 mask=0 forward_active=0
[CTRL] depth_valid=1 depth=12.320 vz=-0.267 az=-0.275 target_valid=0 target=0.000 pid=0.000 pid_base=0.000 buoyancy_pwm=0 mask_valid=1 mask=0 forward_active=0
[CTRL] depth_valid=1 depth=12.274 vz=-0.229 az=-0.164 target_valid=0 target=0.000 pid=0.000 pid_base=0.000 buoyancy_pwm=0 mask_valid=1 mask=0 forward_active=0
[CTRL] depth_valid=1 depth=12.293 vz=-0.094 az=-0.032 target_valid=0 target=0.000 pid=0.000 pid_base=0.000 buoyancy_pwm=0 mask_valid=1 mask=0 forward_active=0
$T,122,-1,0,,12,97,1012,-791,-1011,1201,0*66
[CTRL] depth_valid=1 depth=12.321 vz=-0.007 az=0.019 target_valid=0 target=0.000 pid=0.000 pid_base=0.000 buoyancy_pwm=0 mask_valid=1 mask=0 forward_active=0
[CTRL] depth_valid=1 depth=12.339 vz=0.005 az=-0.002 target_valid=0 target=0.000 pid=0.000 pid_base=0.000 buoyancy_pwm=0 mask_valid=1 mask=0 forward_active=0
[OK]hb
[CTRL] depth_valid=1 depth=12.400 vz=0.066 az=0.015 target_valid=0 target=0.000 pid=0.000 pid_base=0.000 buoyancy_pwm=0 mask_valid=1 mask=0 forward_active=0
[CTRL] depth_valid=1 depth=12.449 vz=0.041 az=-0.056 target_valid=0 target=0.000 pid=0.000 pid_base=0.000 buoyancy_pwm=0 mask_valid=1 mask=0 forward_active=0
$T,124,0,-1,,14,97,1009,-788,-1008,1203,0*6E
[CTRL] depth_valid=1 depth=12.399 vz=-0.156 az=-0.232 target_valid=0 target=0.000 pid=0.000 pid_base=0.000 buoyancy_pwm=0 mask_valid=1 mask=0 forward_active=0
[CTRL] depth_valid=1 depth=12.330 vz=-0.238 az=-0.232 target_valid=0 target=0.000 pid=0.000 pid_base=0.000 buoyancy_pwm=0 mask_valid=1 mask=0 forward_active=0
[CTRL] depth_valid=1 depth=12.274 vz=-0.224 az=-0.155 target_valid=0 target=0.000 pid=0.000 pid_base=0.000 buoyancy_pwm=0 mask_valid=1 mask=0 forward_active=0
[CTRL] depth_valid=1 depth=12.303 vz=-0.047 az=0.023 target_valid=0 target=0.000 pid=0.000 pid_base=0.000 buoyancy_pwm=0 mask_valid=1 mask=0 forward_active=0
$T,123,0,0,,15,97,1012,-791,-1011,1204,0*49
[CTRL] depth_valid=1 depth=12.330 vz=-0.017 az=-0.014 target_valid=0 target=0.000 pid=0.000 pid_base=0.000 buoyancy_pwm=0 mask_valid=1 mask=0 forward_active=0
[CTRL] depth_valid=1 depth=12.370 vz=0.015 az=-0.020 target_valid=0 target=0.000 pid=0.000 pid_base=0.000 buoyancy_pwm=0 mask_valid=1 mask=0 forward_active=0
[CTRL] depth_valid=1 depth=12.444 vz=0.098 az=0.027 target_valid=0 target=0.000 pid=0.000 pid_base=0.000 buoyancy_pwm=0 mask_valid=1 mask=0 forward_active=0
[OK]hb
[CTRL] depth_valid=1 depth=12.460 vz=0.056 az=-0.010 target_valid=0 target=0.000 pid=0.000 pid_base=0.000 buoyancy_pwm=0 mask_valid=1 mask=0 forward_active=0
$T,124,0,0,,,97,1009,-789,-1008,1204,0*41
[CTRL] depth_valid=1 depth=12.402 vz=-0.116 az=-0.155 target_valid=0 target=0.000 pid=0.000 pid_base=0.000 buoyancy_pwm=0 mask_valid=1 mask=0 forward_active=0
[CTRL] depth_valid=1 depth=12.365 vz=-0.162 az=-0.158 target_valid=0 target=0.000 pid=0.000 pid_base=0.000 buoyancy_pwm=0 mask_valid=1 mask=0 forward_active=0
[CTRL] depth_valid=1 depth=12.346 vz=-0.125 az=-0.090 target_valid=0 target=0.000 pid=0.000 pid_base=0.000 buoyancy_pwm=0 mask_valid=1 mask=0 forward_active=0
[CTRL] depth_valid=1 depth=12.294 vz=-0.164 az=-0.107 target_valid=0 target=0.000 pid=0.000 pid_base=0.000 buoyancy_pwm=0 mask_valid=1 mask=0 forward_active=0
$T,123,-1,0,,15,97,1018,-791,-1017,1203,0*6E
[CTRL] depth_valid=1 depth=12.350 vz=-0.026 az=-0.014 target_valid=0 target=0.000 pid=0.000 pid_base=0.000 buoyancy_pwm=0 mask_valid=1 mask=0 forward_active=0
[CTRL] depth_valid=1 depth=12.380 vz=0.042 az=0.039 target_valid=0 target=0.000 pid=0.000 pid_base=0.000 buoyancy_pwm=0 mask_valid=1 mask=0 forward_active=0
[CTRL] depth_valid=1 depth=12.465 vz=0.148 az=0.093 target_valid=0 target=0.000 pid=0.000 pid_base=0.000 buoyancy_pwm=0 mask_valid=1 mask=0 forward_active=0
[CTRL] depth_valid=1 depth=12.395 vz=-0.108 az=-0.168 target_valid=0 target=0.000 pid=0.000 pid_base=0.000 buoyancy_pwm=0 mask_valid=1 mask=0 forward_active=0
$T,123,0,-1,,15,97,1010,-789,-1009,1201,0*62
[CTRL] depth_valid=1 depth=12.380 vz=-0.136 az=-0.162 target_valid=0 target=0.000 pid=0.000 pid_base=0.000 buoyancy_pwm=0 mask_valid=1 mask=0 forward_active=0
[OK]hb
[CTRL] depth_valid=1 depth=12.393 vz=-0.043 az=-0.029 target_valid=0 target=0.000 pid=0.000 pid_base=0.000 buoyancy_pwm=0 mask_valid=1 mask=0 forward_active=0
[CTRL] depth_valid=1 depth=12.335 vz=-0.153 az=-0.130 target_valid=0 target=0.000 pid=0.000 pid_base=0.000 buoyancy_pwm=0 mask_valid=1 mask=0 forward_active=0
[CTRL] depth_valid=1 depth=12.343 vz=-0.073 az=-0.043 target_valid=0 target=0.000 pid=0.000 pid_base=0.000 buoyancy_pwm=0 mask_valid=1 mask=0 forward_active=0
$T,123,-1,0,,15,97,1012,-791,-1011,1202,0*63
[CTRL] depth_valid=1 depth=12.393 vz=0.049 az=0.054 target_valid=0 target=0.000 pid=0.000 pid_base=0.000 buoyancy_pwm=0 mask_valid=1 mask=0 forward_active=0
[CTRL] depth_valid=1 depth=12.363 vz=-0.066 az=-0.086 target_valid=0 target=0.000 pid=0.000 pid_base=0.000 buoyancy_pwm=0 mask_valid=1 mask=0 forward_active=0
[CTRL] depth_valid=1 depth=12.404 vz=-0.025 az=-0.072 target_valid=0 target=0.000 pid=0.000 pid_base=0.000 buoyancy_pwm=0 mask_valid=1 mask=0 forward_active=0
[CTRL] depth_valid=1 depth=12.390 vz=-0.090 az=-0.128 target_valid=0 target=0.000 pid=0.000 pid_base=0.000 buoyancy_pwm=0 mask_valid=1 mask=0 forward_active=0
$T,123,-1,-1,,,97,1013,-789,-1012,1196,0*4E
[CTRL] depth_valid=1 depth=12.406 vz=-0.041 az=-0.060 target_valid=0 target=0.000 pid=0.000 pid_base=0.000 buoyancy_pwm=0 mask_valid=1 mask=0 forward_active=0
[CTRL] depth_valid=1 depth=12.376 vz=-0.094 az=-0.096 target_valid=0 target=0.000 pid=0.000 pid_base=0.000 buoyancy_pwm=0 mask_valid=1 mask=0 forward_active=0
[CTRL] depth_valid=1 depth=12.358 vz=-0.088 az=-0.069 target_valid=0 target=0.000 pid=0.000 pid_base=0.000 buoyancy_pwm=0 mask_valid=1 mask=0 forward_active=0
[OK]hb
[CTRL] depth_valid=1 depth=12.368 vz=-0.039 az=-0.025 target_valid=0 target=0.000 pid=0.000 pid_base=0.000 buoyancy_pwm=0 mask_valid=1 mask=0 forward_active=0
$T,123,0,0,,,97,1011,-790,-1010,1202,0*48
[CTRL] depth_valid=1 depth=12.362 vz=-0.025 az=-0.007 target_valid=0 target=0.000 pid=0.000 pid_base=0.000 buoyancy_pwm=0 mask_valid=1 mask=0 forward_active=0
[CTRL] depth_valid=1 depth=12.394 vz=0.007 az=-0.015 target_valid=0 target=0.000 pid=0.000 pid_base=0.000 buoyancy_pwm=0 mask_valid=1 mask=0 forward_active=0
[CTRL] depth_valid=1 depth=12.408 vz=-0.066 az=-0.129 target_valid=0 target=0.000 pid=0.000 pid_base=0.000 buoyancy_pwm=0 mask_valid=1 mask=0 forward_active=0
[CTRL] depth_valid=1 depth=12.431 vz=-0.015 az=-0.049 target_valid=0 target=0.000 pid=0.000 pid_base=0.000 buoyancy_pwm=0 mask_valid=1 mask=0 forward_active=0
$T,123,-1,-1,,,98,1011,-789,-1011,1202,0*4E
[CTRL] depth_valid=1 depth=12.414 vz=-0.041 az=-0.050 target_valid=0 target=0.000 pid=0.000 pid_base=0.000 buoyancy_pwm=0 mask_valid=1 mask=0 forward_active=0
[CTRL] depth_valid=1 depth=12.364 vz=-0.112 az=-0.092 target_valid=0 target=0.000 pid=0.000 pid_base=0.000 buoyancy_pwm=0 mask_valid=1 mask=0 forward_active=0
[CTRL] depth_valid=1 depth=12.353 vz=-0.061 az=-0.018 target_valid=0 target=0.000 pid=0.000 pid_base=0.000 buoyancy_pwm=0 mask_valid=1 mask=0 forward_active=0
[CTRL] depth_valid=1 depth=12.355 vz=-0.065 az=-0.054 target_valid=0 target=0.000 pid=0.000 pid_base=0.000 buoyancy_pwm=0 mask_valid=1 mask=0 forward_active=0
$T,123,0,0,,,98,1014,-790,-1013,1201,0*42
[CTRL] depth_valid=1 depth=12.373 vz=-0.030 az=-0.034 target_valid=0 target=0.000 pid=0.000 pid_base=0.000 buoyancy_pwm=0 mask_valid=1 mask=0 forward_active=0
[CTRL] depth_valid=1 depth=12.389 vz=-0.039 az=-0.067 target_valid=0 target=0.000 pid=0.000 pid_base=0.000 buoyancy_pwm=0 mask_valid=1 mask=0 forward_active=0
[OK]hb
[CTRL] depth_valid=1 depth=12.415 vz=0.008 az=-0.016 target_valid=0 target=0.000 pid=0.000 pid_base=0.000 buoyancy_pwm=0 mask_valid=1 mask=0 forward_active=0
[CTRL] depth_valid=1 depth=12.400 vz=-0.099 az=-0.148 target_valid=0 target=0.000 pid=0.000 pid_base=0.000 buoyancy_pwm=0 mask_valid=1 mask=0 forward_active=0
$T,123,0,-1,,,98,1008,-790,-1008,1206,0*6E
[CTRL] depth_valid=1 depth=12.489 vz=0.167 az=0.168 target_valid=0 target=0.000 pid=0.000 pid_base=0.000 buoyancy_pwm=0 mask_valid=1 mask=0 forward_active=0
[CTRL] depth_valid=1 depth=13.033 vz=1.056 az=0.820 target_valid=0 target=0.000 pid=0.000 pid_base=0.000 buoyancy_pwm=0 mask_valid=1 mask=0 forward_active=0
[CTRL] depth_valid=1 depth=11.783 vz=-2.676 az=-3.051 target_valid=0 target=0.000 pid=0.000 pid_base=0.000 buoyancy_pwm=0 mask_valid=1 mask=0 forward_active=0
[CTRL] depth_valid=1 depth=8.782 vz=-5.866 az=-3.903 target_valid=0 target=0.000 pid=0.000 pid_base=0.000 buoyancy_pwm=0 mask_valid=1 mask=0 forward_active=0
$T,88,-46,-23,197,13,82,569,-771,-685,1206,0*49
[CTRL] depth_valid=1 depth=11.725 vz=4.391 az=6.392 target_valid=0 target=0.000 pid=0.000 pid_base=0.000 buoyancy_pwm=0 mask_valid=1 mask=0 forward_active=0
[CTRL] depth_valid=1 depth=14.366 vz=6.312 az=4.915 target_valid=0 target=0.000 pid=0.000 pid_base=0.000 buoyancy_pwm=0 mask_valid=1 mask=0 forward_active=0
[CTRL] depth_valid=1 depth=14.643 vz=1.806 az=-1.148 target_valid=0 target=0.000 pid=0.000 pid_base=0.000 buoyancy_pwm=0 mask_valid=1 mask=0 forward_active=0
[Cvz=-0.739 az=14 target_valid=0 target=0.000 pid=0.000 pid_base=0.000 buoyancy_pwm=0 mask_valid=1 mask=0 forward_active=0
$T,142,-2,-17,,22,79,854,-753,-990,1200,0*7E
[CTRL] depth_valid=1 depth=14.072 vz=-1.231 az=-2.207 target_valid=0 target=0.000 pid=0.000 pid_base=0.000 buoyancy_pwm=0 mask_valid=1 mask=0 forward_active=0
[CTRL] depth_valid=1 depth=12.089 vz=-4.047 az=-3.391 target_valid=0 target=0.000 pid=0.000 pid_base=0.000 buoyancy_pwm=0 mask_valid=1 mask=0 forward_active=0
[CTRL] depth_valid=1 depth=11.974 vz=-1.278 az=0.372 target_valid=0 target=0.000 pid=0.000 pid_base=0.000 buoyancy_pwm=0 mask_valid=1 mask=0 forward_active=0
[CTRL] depth_valid=1 depth=13.391 vz=2.522 az=3.246 target_valid=0 target=0.000 pid=0.000 pid_base=0.000 buoyancy_pwm=0 mask_valid=1 mask=0 forward_active=0
$T,134,23,28,224,32,36,999,-756,-1318,1200,0*40
[CTRL] depth_valid=1 depth=12.392 vz=-1.292 az=-1.561 target_valid=0 target=0.000 pid=0.000 pid_base=0.000 buoyancy_pwm=0 mask_valid=1 mask=0 forward_active=0
[CTRL] depth_valid=1 depth=10.589 vz=-3.609 az=-2.651 target_valid=0 target=0.000 pid=0.000 pid_base=0.000 buoyancy_pwm=0 mask_valid=1 mask=0 forward_active=0
[CTRL] depth_valid=1 depth=10.755 vz=-0.426 az=1.215 target_valid=0 target=0.000 pid=0.000 pid_base=0.000 buoyancy_pwm=0 mask_valid=1 mask=0 forward_active=0
[CTRL] depth_valid=1 depth=12.203 vz=2.962 az=3.481 target_valid=0 target=0.000 pid=0.000 pid_base=0.000 buoyancy_pwm=0 mask_valid=1 mask=0 forward_active=0
$T,124,32,34,223,27,74,1031,-746,-1288,1198,0*78
[CTRL] depth_valid=1 depth=12.600 vz=1.327 az=0.313 target_valid=0 target=0.000 pid=0.000 pid_base=0.000 buoyancy_pwm=0 mask_valid=1 mask=0 forward_active=0
[OK]hb
[CTRL] depth_valid=1 depth=10.246 vz=-4.272 az=-4.469 target_valid=0 target=0.000 pid=0.000 pid_base=0.000 buoyancy_pwm=0 mask_valid=1 mask=0 forward_active=0
[CTRL] depth_valid=1 depth=9.730 vz=-1.716 az=-0.007 target_valid=0 target=0.000 pid=0.000 pid_base=0.000 buoyancy_pwm=0 mask_valid=1 mask=0 forward_active=0
[CTRL] depth_valid=1 depth=12.502 vz=4.946 az=5.413 target_valid=0 target=0.000 pid=0.000 pid_base=0.000 buoyancy_pwm=0 mask_valid=1 mask=0 forward_active=0
$T,129,54,54,221,25,77,908,-713,-1078,1200,0*4D
[CTRL] depth_valid=1 depth=14.717 vz=5.499 az=3.348 target_valid=0 target=0.000 pid=0.000 pid_base=0.000 buoyancy_pwm=0 mask_valid=1 mask=0 forward_active=0
[CTRL] depth_valid=1 depth=14.380 vz=0.258 az=-2.618 target_valid=0 target=0.000 pid=0.000 pid_base=0.000 buoyancy_pwm=0 mask_valid=1 mask=0 forward_active=0
[CTRL] depth_valid=1 depth=12.576 vz=-3.892 az=-4.858 target_valid=0 target=0.000 pid=0.000 pid_base=0.000 buoyancy_pwm=0 mask_valid=1 mask=0 forward_active=0
[CTRL] depth_valid=1 depth=11.255 vz=-3.875 az=-2.737 target_valid=0 target=0.000 pid=0.000 pid_base=0.000 buoyancy_pwm=0 mask_valid=1 mask=0 forward_active=0
$T,110,-36,-22,220,25,74,1001,-836,-1206,1200,0*72
[CTRL] depth_valid=1 depth=10.805 vz=-1.710 az=0.261 target_valid=0 target=0.000 pid=0.000 pid_base=0.000 buoyancy_pwm=0 mask_valid=1 mask=0 forward_active=0
[CTRL] depth_valid=1 depth=11.373 vz=1.040 az=2.443 target_valid=0 target=0.000 pid=0.000 pid_base=0.000 buoyancy_pwm=0 mask_valid=1 mask=0 forward_active=0
[CTRL] depth_valid=1 depth=12.666 vz=2.987 az=2.935 target_valid=0 target=0.000 pid=0.000 pid_base=0.000 buoyancy_pwm=0 mask_valid=1 mask=0 forward_active=0
[OK]hb
[CTRL] depth_valid=1 depth=13.592 vz=2.521 az=1.205 target_valid=0 target=0.000 pid=0.000 pid_base=0.000 buoyancy_pwm=0 mask_valid=1 mask=0 forward_active=0
$T,136,22,8,221,24,39,978,-734,-1184,1202,0*72
[CTRL] depth_valid=1 depth=13.881 vz=0.921 az=-0.693 target_valid=0 target=0.000 pid=0.000 pid_base=0.000 buoyancy_pwm=0 mask_valid=1 mask=0 forward_active=0
[CTRL] depth_valid=1 depth=13.382 vz=-1.114 az=-2.131 target_valid=0 target=0.000 pid=0.000 pid_base=0.000 buoyancy_pwm=0 mask_valid=1 mask=0 forward_active=0
[CTRL] depth_valid=1 depth=12.415 vz=-2.440 az=-2.341 target_valid=0 target=0.000 pid=0.000 pid_base=0.000 buoyancy_pwm=0 mask_valid=1 mask=0 forward_active=0
[CTRL] depth_valid=1 depth=11.508 vz=-2.358 az=-1.222 target_valid=0 target=0.000 pid=0.000 pid_base=0.000 buoyancy_pwm=0 mask_valid=1 mask=0 forward_active=0
$T,114,-21,-9,221,24,65,1170,-836,-1371,1202,0*4D
[CTRL] depth_valid=1 depth=11.364 vz=-0.707 az=0.674 target_valid=0 target=0.000 pid=0.000 pid_base=0.000 buoyancy_pwm=0 mask_valid=1 mask=0 forward_active=0
[CTRL] depth_valid=1 depth=11.746 vz=0.804 az=1.614 target_valid=0 target=0.000 pid=0.000 pid_base=0.000 buoyancy_pwm=0 mask_valid=1 mask=0 forward_active=0
[CTRL] depth_valid=1 depth=12.632 vz=2.112 az=2.008 target_valid=0 target=0.000 pid=0.000 pid_base=0.000 buoyancy_pwm=0 mask_valid=1 mask=0 forward_active=0
[CTRL] depth_valid=1 depth=13.364 vz=1.842 az=0.815 target_valid=0 target=0.000 pid=0.000 pid_base=0.000 buoyancy_pwm=0 mask_valid=1 mask=0 forward_active=0
$T,134,16,5,223,24,12,985,-757,-1186,1200,0*76
[CTRL] depth_valid=1 depth=13.442 vz=0.382 az=-0.799 target_valid=0 target=0.000 pid=0.000 pid_base=0.000 buoyancy_pwm=0 mask_valid=1 mask=0 forward_active=0
[CTRL] depth_valid=1 depth=12.958 vz=-1.124 az=-1.736 target_valid=0 target=0.000 pid=0.000 pid_base=0.000 buoyancy_pwm=0 mask_valid=1 mask=0 forward_active=0
[OK]hb
[CTRL] depth_valid=1 depth=12.180 vz=-2.013 az=-1.770 target_valid=0 target=0.000 pid=0.000 pid_base=0.000 buoyancy_pwm=0 mask_valid=1 mask=0 forward_active=0
[CTRL] depth_valid=1 depth=11.482 vz=-1.848 az=-0.859 target_valid=0 target=0.000 pid=0.000 pid_base=0.000 buoyancy_pwm=0 mask_valid=1 mask=0 forward_active=0
$T,114,-16,-5,222,24,84,1092,-824,-1289,1204,0*47
[CTRL] depth_valid=1 depth=11.533 vz=-0.220 az=0.863 target_valid=0 target=0.000 pid=0.000 pid_base=0.000 buoyancy_pwm=0 mask_valid=1 mask=0 forward_active=0
[CTRL] depth_valid=1 depth=12.051 vz=1.165 az=1.638 target_valid=0 target=0.000 pid=0.000 pid_base=0.000 buoyancy_pwm=0 mask_valid=1 mask=0 forward_active=0
[CTRL] depth_valid=1 depth=12.750 vz=1.685 az=1.297 target_valid=0 target=0.000 pid=0.000 pid_base=0.000 buoyancy_pwm=0 mask_valid=1 mask=0 forward_active=0
[CTRL] depth_valid=1 depth=13.247 vz=1.265 az=0.328 target_valid=0 target=0.000 pid=0.000 pid_base=0.000 buoyancy_pwm=0 mask_valid=1 mask=0 forward_active=0
$T,132,10,0,224,23,6547,996,-771,-1193,1202,0*70
[CTRL] depth_valid=1 depth=13.190 vz=-0.038 az=-0.958 target_valid=0 target=0.000 pid=0.000 pid_base=0.000 buoyancy_pwm=0 mask_valid=1 mask=0 forward_active=0
[CTRL] depth_valid=1 depth=12.670 vz=-1.242 az=-1.569 target_valid=0 target=0.000 pid=0.000 pid_base=0.000 buoyancy_pwm=0 mask_valid=1 mask=0 forward_active=0
[CTRL] depth_valid=1 depth=11.996 vz=-1.709 az=-1.271 target_valid=0 target=0.000 pid=0.000 pid_base=0.000 buoyancy_pwm=0 mask_valid=1 mask=0 forward_active=0
[CTRL] depth_valid=1 depth=11.644 vz=-1.102 az=-0.241 target_valid=0 target=0.000 pid=0.000 pid_base=0.000 buoyancy_pwm=0 mask_valid=1 mask=0 forward_active=0
$T,116,-9,0,223,23,90,1055,-819,-1249,1199,0*5E
[OK]hb
[CTRL] depth_valid=1 depth=11.747 vz=0.084 az=0.858 target_valid=0 target=0.000 pid=0.000 pid_base=0.000 buoyancy_pwm=0 mask_valid=1 mask=0 forward_active=0
[CTRL] depth_valid=1 depth=12.221 vz=1.110 az=1.344 target_valid=0 target=0.000 pid=0.000 pid_base=0.000 buoyancy_pwm=0 mask_valid=1 mask=0 forward_active=0
[CTRL] depth_valid=1 depth=12.812 vz=1.414 az=0.952 target_valid=0 target=0.000 pid=0.000 pid_base=0.000 buoyancy_pwm=0 mask_valid=1 mask=0 forward_active=0
[CTRL] depth_valid=1 depth=13.069 vz=0.713 az=-0.099 target_valid=0 target=0.000 pid=0.000 pid_base=0.000 buoyancy_pwm=0 mask_valid=1 mask=0 forward_active=0
$T,130,5,-2,226,23,10,997,-769,-1190,1201,0*62
[CTRL] depth_valid=1 depth=12.929 vz=-0.311 az=-0.953 target_valid=0 target=0.000 pid=0.000 pid_base=0.000 buoyancy_pwm=0 mask_valid=1 mask=0 forward_active=0
[CTRL] depth_valid=1 depth=12.449 vz=-1.186 az=-1.294 target_valid=0 target=0.000 pid=0.000 pid_base=0.000 buoyancy_pwm=0 mask_valid=1 mask=0 forward_active=0
[CTRL] depth_valid=1 depth=11.921 vz=-1.411 az=-0.947 target_valid=0 target=0.000 pid=0.000 pid_base=0.000 buoyancy_pwm=0 mask_valid=1 mask=0 forward_active=0
[CTRL] depth_valid=1 depth=11.704 vz=-0.748 az=-0.008 target_valid=0 target=0.000 pid=0.000 pid_base=0.000 buoyancy_pwm=0 mask_valid=1 mask=0 forward_active=0
$T,117,-5,1,225,23,90,1057,-814,-1248,1202,0*5B
[CTRL] depth_valid=1 depth=11.953 vz=0.385 az=0.911 target_valid=0 target=0.000 pid=0.000 pid_base=0.000 buoyancy_pwm=0 mask_valid=1 mask=0 forward_active=0
[CTRL] depth_valid=1 depth=12.380vz=1.028 az=1.036 target_valid=0 target=0.000 pid=0.000 pid_base=0.000 buoyancy_pwm=0 mask_valid=1 mask=0 forward_active=0
[OK]hb
[CTRL] depth_valid=1 depth=12.819 vz=1.058 az=0.560 target_valid=0 target=0.000 pid=0.000 pid_base=0.000 buoyancy_pwm=0 mask_valid=1 mask=0 forward_active=0
[CTRL] depth_valid=1 depth=12.921 vz=0.321 az=-0.341 target_valid=0 target=0.000 pid=0.000 pid_base=0.000 buoyancy_pwm=0 mask_valid=1 mask=0 forward_active=0
$T,129,2,-4,227,22,6551,986,-771,-1178,1202,0*61
[CTRL] depth_valid=1 depth=12.766 vz=-0.430 az=-0.871 target_valid=0 target=0.000 pid=0.000 pid_base=0.000 buoyancy_pwm=0 mask_valid=1 mask=0 forward_active=0
[CTRL] depth_valid=1 depth=12.351 vz=-1.022 az=-0.992 target_valid=0 target=0.000 pid=0.000 pid_base=0.000 buoyancy_pwm=0 mask_valid=1 mask=0 forward_active=0
[CTRL] depth_valid=1 depth=11.925 vz=-1.077 az=-0.590 target_valid=0 target=0.000 pid=0.000 pid_base=0.000 buoyancy_pwm=0 mask_valid=1 mask=0 forward_active=0
[CTRL] depth_valid=1 depth=11.845 vz=-0.362 az=0.256 target_valid=0 target=0.000 pid=0.000 pid_base=0.000 buoyancy_pwm=0 mask_valid=1 mask=0 forward_active=0
$T,118,-2,3,226,22,89,1048,-810,-1238,1206,0*52
[CTRL] depth_valid=1 depth=12.071 vz=0.449 az=0.804 target_valid=0 target=0.000 pid=0.000 pid_base=0.000 buoyancy_pwm=0 mask_valid=1 mask=0 forward_active=0
[CTRL] depth_valid=1 depth=12.446 vz=0.895 az=0.802 target_valid=0 target=0.000 pid=0.000 pid_base=0.000 buoyancy_pwm=0 mask_valid=1 mask=0 forward_active=0
[CTRL] depth_valid=1 depth=12.797 vz=0.837 az=0.358 target_valid=0 target=0.000 pid=0.000 pid_base=0.000 buoyancy_pwm=0 mask_valid=1 mask=0 forward_active=0
[CTRL] depth_valid=1 depth=12.854 vz=0.160 az=-0.414 target_valid=0 target=0.000 pid=0.000 pid_base=0.000 buoyancy_pwm=0 mask_valid=1 mask=0 forward_active=0
$T,128,0,-5,227,22,10,997,-776,-1188,1206,0*69
[OK]hb
[CTRL] depth_valid=1 depth=12.644 vz=-0.544 az=-0.862 target_valid=0 target=0.000 pid=0.000 pid_base=0.000 buoyancy_pwm=0 mask_valid=1 mask=0 forward_active=0
[CTRL] depth_valid=1 depth=12.246 vz=-1.003 az=-0.881 target_valid=0 target=0.000 pid=0.000 pid_base=0.000 buoyancy_pwm=0 mask_valid=1 mask=0 forward_active=0
[CTRL] depth_valid=1 depth=11.965 vz=-0.817 az=-0.358 target_valid=0 target=0.000 pid=0.000 pid_base=0.000 buoyancy_pwm=0 mask_valid=1 mask=0 forward_active=0
[CTRL] depth_valid=1 depth=11.912 vz=-0.235 az=0.279 target_valid=0 target=0.000 pid=0.000 pid_base=0.000 buoyancy_pwm=0 mask_valid=1 mask=0 forward_active=0
$T,119,0,4,228,22,89,1029,-806,-1218,1198,0*73
[CTRL] depth_valid=1 depth=12.131 vz=0.409 az=0.655 target_valid=0 target=0.000 pid=0.000 pid_base=0.000 buoyancy_pwm=0 mask_valid=1 mask=0 forward_active=0
[CTRL] depth_valid=1 depth=12.484 vz=0.818 az=0.689 target_valid=0 target=0.000 pid=0.000 pid_base=0.000 buoyancy_pwm=0 mask_valid=1 mask=0 forward_active=0
[CTRL] depth_valid=1 depth=12.746 vz=0.625 az=0.175 target_valid=0 target=0.000 pid=0.000 pid_base=0.000 buoyancy_pwm=0 mask_valid=1 mask=0 forward_active=0
[CTRL] depth_valid=1 depth=12.781 vz=0.082 az=-0.395 target_valid=0 target=0.000 pid=0.000 pid_base=0.000 buoyancy_pwm=0 mask_valid=1 mask=0 forward_active=0
$T,127,0,-5,229,21,18,1003,-781,-1194,1197,0*58
[CTRL] depth_valid=1 depth=12.554 vz=-0.557 az=-0.787 target_valid=0 target=0.000 pid=0.000 pid_base=0.000 buoyancy_pwm=0 mask_valid=1 mask=0 forward_active=0
[CTRL] depth_valid=1 depth=12.211 vz=-0.888 az=-0.737 target_valid=0 target=0.000 pid=0.000 pid_base=0.000 buoyancy_pwm=0 mask_valid=1 mask=0 forward_active=0
[OK]hb
[CTRL] depth_valid=1 depth=11.998 vz=-0.677 az=-0.274 target_valid=0 target=0.000 pid=0.000 pid_base=0.000 buoyancy_pwm=0 mask_valid=1 mask=0 forward_active=0
[CTRL] depth_valid=1 depth=11.994 vz=-0.145 az=0.265 target_valid=0 target=0.000 pid=0.000 pid_base=0.000 buoyancy_pwm=0 mask_valid=1 mask=0 forward_active=0
$T,119,0,2,229,21,85,1021,-802,-1211,1204,0*78
[CTRL] depth_valid=1 depth=12.222 vz=0.479 az=0.662 target_valid=0 target=0.000 pid=0.000 pid_base=0.000 buoyancy_pwm=0 mask_valid=1 mask=0 forward_active=0
[CTRL] depth_valid=1 depth=12.527 vz=0.683 az=0.491 target_valid=0 target=0.000 pid=0.000 pid_base=0.000 buoyancy_pwm=0 mask_valid=1 mask=0 forward_active=0
[CTRL] depth_valid=1 depth=12.709 vz=0.452 az=0.053 target_valid=0 target=0.000 pid=0.000 pid_base=0.000 buoyancy_pwm=0 mask_valid=1 mask=0 forward_active=0
[CTRL] depth_valid=1 depth=12.684 vz=-0.096 az=-0.487 target_valid=0 target=0.000 pid=0.000 pid_base=0.000 buoyancy_pwm=0 mask_valid=1 mask=0 forward_active=0
$T,126,-1,-5,231,21,34,991,-784,-1181,1204,0*49
[CTRL] depth_valid=1 depth=12.469 vz=-0.594 az=-0.738 target_valid=0 target=0.000 pid=0.000 pid_base=0.000 buoyancy_pwm=0 mask_valid=1 mask=0 forward_active=0
[CTRL] depth_valid=1 depth=12.165 vz=-0.806 az=-0.610 target_valid=0 target=0.000 pid=0.000 pid_base=0.000 buoyancy_pwm=0 mask_valid=1 mask=0 forward_active=0
[CTRL] depth_valid=1 depth=12.023 vz=-0.472 az=-0.076 target_valid=0 target=0.000 pid=0.000 pid_base=0.000 buoyancy_pwm=0 mask_valid=1 mask=0 forward_active=0
[CTRL] depth_valid=1 depth=12.091 vz=0.068 az=0.393 target_valid=0 target=0.000 pid=0.000 pid_base=0.000 buoyancy_pwm=0 mask_valid=1 mask=0 forward_active=0
$T,121,1,4,231,21,84,1030,-798,-1220,1203,0*75
[OK]hb
[CTRL] depth_valid=1 depth=12.328 vz=0.502 az=0.554 target_valid=0 target=0.000 pid=0.000 pid_base=0.000 buoyancy_pwm=0 mask_valid=1 mask=0 forward_active=0
[CTRL] depth_valid=1 depth=12.507 vz=0.470 az=0.266 target_valid=0 target=0.000 pid=0.000 pid_base=0.000 buoyancy_pwm=0 mask_valid=1 mask=0 forward_active=0
[CTRL] depth_valid=1 depth=12.663 vz=0.357 az=0.037 target_valid=0 target=0.000 pid=0.000 pid_base=0.000 buoyancy_pwm=0 mask_valid=1 mask=0 forward_active=0
[CTRL] depth_valid=1 depth=12.586 vz=-0.146 az=-0.418 target_valid=0 target=0.000 pid=0.000 pid_base=0.000 buoyancy_pwm=0 mask_valid=1 mask=0 forward_active=0
$T,125,-2,-4,233,21,77,1007,-786,-1197,1199,0*78
[CTRL] depth_valid=1 depth=12.439 vz=-0.413 az=-0.478 target_valid=0 target=0.000 pid=0.000 pid_base=0.000 buoyancy_pwm=0 mask_valid=1 mask=0 forward_active=0
[CTRL] depth_valid=1 depth=12.193 vz=-0.600 az=-0.424 target_valid=0 target=0.000 pid=0.000 pid_base=0.000 buoyancy_pwm=0 mask_valid=1 mask=0 forward_active=0
[CTRL] depth_valid=1 depth=12.086 vz=-0.370 az=-0.072 target_valid=0 target=0.000 pid=0.000 pid_base=0.000 buoyancy_pwm=0 mask_valid=1 mask=0 forward_active=0
[CTRL] depth_valid=1 depth=12.129 vz=-0.001 az=0.236 target_valid=0 target=0.000 pid=0.000 pid_base=0.000 buoyancy_pwm=0 mask_valid=1 mask=0 forward_active=0
$T,121,1,3,235,21,79,1024,-797,-1214,1198,0*78
[CTRL] depth_valid=1 depth=12.366 vz=0.436 az=0.448 target_valid=0 target=0.000 pid=0.000 pid_base=0.000 buoyancy_pwm=0 mask_valid=1 mask=0 forward_active=0
[CTRL] depth_valid=1 depth=12.528 vz=0.390 az=0.182 target_valid=0 target=0.000 pid=0.000 pid_base=0.000 buoyancy_pwm=0 mask_valid=1 mask=0 forward_active=0
[OK]hb
[CTRL] depth_valid=1 depth=12.625 vz=0.201 az=-0.091 target_valid=0 target=0.000 pid=0.000 pid_base=0.000 buoyancy_pwm=0 mask_valid=1 mask=0 forward_active=0
[CTRL] depth_valid=1 depth=12.540 vz=-0.220 az=-0.437 target_valid=0 target=0.000 pid=0.000 pid_base=0.000 buoyancy_pwm=0 mask_valid=1 mask=0 forward_active=0
$T,124,-3,-5,234,21,79,1009,-787,-1200,1204,0*75
[CTRL] depth_valid=1 depth=12.381 vz=-0.479 az=-0.510 target_valid=0 target=0.000 pid=0.000 pid_base=0.000 buoyancy_pwm=0 mask_valid=1 mask=0 forward_active=0
[CTRL] depth_valid=1 depth=12.205 vz=-0.504 az=-0.324 target_valid=0 target=0.000 pid=0.000 pid_base=0.000 buoyancy_pwm=0 mask_valid=1 mask=0 forward_active=0
[CTRL] depth_valid=1 depth=12.161 vz=-0.180 az=0.091 target_valid=0 target=0.000 pid=0.000 pid_base=0.000 buoyancy_pwm=0 mask_valid=1 mask=0 forward_active=0
[CTRL] depth_valid=1 depth=12.203 vz=0.068 az=0.239 target_valid=0 target=0.000 pid=0.000 pid_base=0.000 buoyancy_pwm=0 mask_valid=1 mask=0 forward_active=0
$T,122,1,2,234,21,79,1019,-796,-1210,1201,0*73
[CTRL] depth_valid=1 depth=12.327 vz=0.251 az=0.255 target_valid=0 target=0.000 pid=0.000 pid_base=0.000 buoyancy_pwm=0 mask_valid=1 mask=0 forward_active=0
[CTRL] depth_valid=1 depth=12.481 vz=0.305 az=0.148 target_valid=0 target=0.000 pid=0.000 pid_base=0.000 buoyancy_pwm=0 mask_valid=1 mask=0 forward_active=0
[CTRL] depth_valid=1 depth=12.592 vz=0.196 az=-0.054 target_valid=0 target=0.000 pid=0.000 pid_base=0.000 buoyancy_pwm=0 mask_valid=1 mask=0 forward_active=0
[CTRL] depth_valid=1 depth=12.518 vz=-0.195 az=-0.394 target_valid=0 target=0.000 pid=0.000 pid_base=0.000 buoyancy_pwm=0 mask_valid=1 mask=0 forward_active=0
$T,124,-2,-4,,21,81,1006,-790,-1196,1198,0*44
[OK]hb
[CTRL] depth_valid=1 depth=12.348 vz=-0.486 az=-0.511 target_valid=0 target=0.000 pid=0.000 pid_base=0.000 buoyancy_pwm=0 mask_valid=1 mask=0 forward_active=0
[CTRL] depth_valid=1 depth=12.245 vz=-0.398 az=-0.254 target_valid=0 target=0.000 pid=0.000 pid_base=0.000 buoyancy_pwm=0 mask_valid=1 mask=0 forward_active=0
[CTRL] depth_valid=1 depth=12.181 vz=-0.249 az=-0.053 target_valid=0 target=0.000 pid=0.000 pid_base=0.000 buoyancy_pwm=0 mask_valid=1 mask=0 forward_active=0
[CTRL] depth_valid=1 depth=12.238 vz=0.063 az=0.219 target_valid=0 target=0.000 pid=0.000 pid_base=0.000 buoyancy_pwm=0 mask_valid=1 mask=0 forward_active=0
$T,122,1,2,,21,80,1011,-795,-1201,1201,0*4B
[CTRL] depth_valid=1 depth=12.394 vz=0.301 az=0.287 target_valid=0 target=0.000 pid=0.000 pid_base=0.000 buoyancy_pwm=0 mask_valid=1 mask=0 forward_active=0
[CTRL] depth_valid=1 depth=12.547 vz=0.308 az=0.120 target_valid=0 target=0.000 pid=0.000 pid_base=0.000 buoyancy_pwm=0 mask_valid=1 mask=0 forward_active=0
[CTRL] depth_valid=1 depth=12.518 vz=-0.050 az=-0.260 target_valid=0 target=0.000 pid=0.000 pid_base=0.000 buoyancy_pwm=0 mask_valid=1 mask=0 forward_active=0
[CTRL] depth_valid=1 depth=12.497 vz=-0.157 az=-0.273 target_valid=0 target=0.000 pid=0.000 pid_base=0.000 buoyancy_pwm=0 mask_valid=1 mask=0 forward_active=0
$T,124,-1,-2,,21,82,1008,-791,-1199,1198,0*42
[CTRL] depth_valid=1 depth=12.359 vz=-0.383 az=-0.377 target_valid=0 target=0.000 pid=0.000 pid_base=0.000 buoyancy_pwm=0 mask_valid=1 mask=0 forward_active=0
[CTRL] depth_valid=1 depth=12.240 vz=-0.341 az=-0.183 target_valid=0 target=0.000 pid=0.000 pid_base=0.000 buoyancy_pwm=0 mask_valid=1 mask=0 forward_active=0
[OK]hb
[CTRL] depth_valid=1 depth=12.219 vz=-0.112 az=0.083 target_valid=0 target=0.000 pid=0.000 pid_base=0.000 buoyancy_pwm=0 mask_valid=1 mask=0 forward_active=0
[CTRL] depth_valid=1 depth=12.258 vz=0.058 az=0.168 target_valid=0 target=0.000 pid=0.000 pid_base=0.000 buoyancy_pwm=0 mask_valid=1 mask=0 forward_active=0
$T,122,0,1,,22,81,1010,-793,-1200,1198,0*4E
[CTRL] depth_valid=1 depth=12.404 vz=0.289 az=0.266 target_valid=0 target=0.000 pid=0.000 pid_base=0.000 buoyancy_pwm=0 mask_valid=1 mask=0 forward_active=0
[CTRL] depth_valid=1 depth=12.498 vz=0.215 az=0.059 target_valid=0 target=0.000 pid=0.000 pid_base=0.000 buoyancy_pwm=0 mask_valid=1 mask=0 forward_active=0
[CTRL] depth_valid=1 depth=12.525 vz=0.049 az=-0.126 target_valid=0 target=0.000 pid=0.000 pid_base=0.000 buoyancy_pwm=0 mask_valid=1 mask=0 forward_active=0
[CTRL] depth_valid=1 depth=12.428 vz=-0.250 az=-0.347 target_valid=0 target=0.000 pid=0.000 pid_base=0.000 buoyancy_pwm=0 mask_valid=1 mask=0 forward_active=0
$T,124,-2,-3,,22,82,1007,-792,-1197,1200,0*43
[CTRL] depth_valid=1 depth=12.354 vz=-0.275 az=-0.245 target_valid=0 target=0.000 pid=0.000 pid_base=0.000 buoyancy_pwm=0 mask_valid=1 mask=0 forward_active=0
[CTRL] depth_valid=1 depth=12.251 vz=-0.276 az=-0.148 target_valid=0 target=0.000 pid=0.000 pid_base=0.000 buoyancy_pwm=0 mask_valid=1 mask=0 forward_active=0
[CTRL] depth_valid=1 depth=12.254 vz=-0.089 az=0.042 target_valid=0 target=0.000 pid=0.000 pid_base=0.000 buoyancy_pwm=0 mask_valid=1 mask=0 forward_active=0
[CTRL] depth_valid=1 depth=12.311 vz=0.103 az=0.175 target_valid=0 target=0.000 pid=0.000 pid_base=0.000 buoyancy_pwm=0 mask_valid=1 mask=0 forward_active=0
$T,122,0,1,,22,,1004,-793,-1195,1201,0*4E
[OK]hb
[CTRL] depth_valid=1 depth=12.421 vz=0.232 az=0.188 target_valid=0 target=0.000 pid=0.000 pid_base=0.000 buoyancy_pwm=0 mask_valid=1 mask=0 forward_active=0
[CTRL] depth_valid=1 depth=12.494 vz=0.156 az=0.017 target_valid=0 target=0.000 pid=0.000 pid_base=0.000 buoyancy_pwm=0 mask_valid=1 mask=0 forward_active=0
[CTRL] depth_valid=1 depth=12.516 vz=0.021 az=-0.127 target_valid=0 target=0.000 pid=0.000 pid_base=0.000 buoyancy_pwm=0 mask_valid=1 mask=0 forward_active=0
[CTRL] depth_valid=1 depth=12.437 vz=-0.223 az=-0.306 target_valid=0 target=0.000 pid=0.000 pid_base=0.000 buoyancy_pwm=0 mask_valid=1 mask=0 forward_active=0
$T,124,-2,-2,,,,996,-793,-1188,1204,0*73
[CTRL] depth_valid=1 depth=12.292 vz=-0.433 az=-0.399 target_valid=0 target=0.000 pid=0.000 pid_base=0.000 buoyancy_pwm=0 mask_valid=1 mask=0 forward_active=0
[CTRL] depth_valid=1 depth=12.194 vz=-0.328 az=-0.155 target_valid=0 target=0.000 pid=0.000 pid_base=0.000 buoyancy_pwm=0 mask_valid=1 mask=0 forward_active=0
[CTRL] depth_valid=1 depth=12.258 vz=0.005 az=0.146 target_valid=0 target=0.000 pid=0.000 pid_base=0.000 buoyancy_pwm=0 mask_valid=1 mask=0 forward_active=0
[CTRL] depth_valid=1 depth=12.334 vz=0.144 az=0.176 target_valid=0 target=0.000 pid=0.000 pid_base=0.000 buoyancy_pwm=0 mask_valid=1 mask=0 forward_active=0
$T,123,1,1,,,,991,-793,-1182,1200,0*7D
[CTRL] depth_valid=1 depth=12.432 vz=0.173 az=0.078 target_valid=0 target=0.000 pid=0.000 pid_base=0.000 buoyancy_pwm=0 mask_valid=1 mask=0 forward_active=0
[CTRL] depth_valid=1 depth=12.467 vz=0.067 az=-0.063 target_valid=0 target=0.000 pid=0.000 pid_base=0.000 buoyancy_pwm=0 mask_valid=1 mask=0 forward_active=0
[OK]hb
[CTRL] depth_valid=1 depth=12.453 vz=-0.092 az=-0.207 target_valid=0 target=0.000 pid=0.000 pid_base=0.000 buoyancy_pwm=0 mask_valid=1 mask=0 forward_active=0
[CTRL] depth_valid=1 depth=12.476 vz=-0.029 az=-0.079 target_valid=0 target=0.000 pid=0.000 pid_base=0.000 buoyancy_pwm=0 mask_valid=1 mask=0 forward_active=0
$T,124,-1,-1,,,,993,-793,-1185,1198,0*7D
[CTRL] depth_valid=1 depth=12.318 vz=-0.339 az=-0.318 target_valid=0 target=0.000 pid=0.000 pid_base=0.000 buoyancy_pwm=0 mask_valid=1 mask=0 forward_active=0
[CTRL] depth_valid=1 depth=12.268 vz=-0.258 az=-0.160 target_valid=0 target=0.000 pid=0.000 pid_base=0.000 buoyancy_pwm=0 mask_valid=1 mask=0 forward_active=0
[CTRL] depth_valid=1 depth=12.307 vz=-0.022 az=0.076 target_valid=0 target=0.000 pid=0.000 pid_base=0.000 buoyancy_pwm=0 mask_valid=1 mask=0 forward_active=0
[CTRL] depth_valid=1 depth=12.351 vz=0.059 az=0.080 target_valid=0 target=0.000 pid=0.000 pid_base=0.000 buoyancy_pwm=0 mask_valid=1 mask=0 forward_active=0
$T,123,0,0,,,,1003,-792,-1195,1200,0*49
[CTRL] depth_valid=1 depth=12.436 vz=0.140 az=0.083 target_valid=0 target=0.000 pid=0.000 pid_base=0.000 buoyancy_pwm=0 mask_valid=1 mask=0 forward_active=0
[CTRL] depth_valid=1 depth=12.493 vz=0.115 az=0.010 target_valid=0 target=0.000 pid=0.000 pid_base=0.000 buoyancy_pwm=0 mask_valid=1 mask=0 forward_active=0
[CTRL] depth_valid=1 depth=12.455 vz=-0.095 az=-0.191 target_valid=0 target=0.000 pid=0.000 pid_base=0.000 buoyancy_pwm=0 mask_valid=1 mask=0 forward_active=0
[CTRL] depth_valid=1 depth=12.405 vz=-0.202 az=-0.236 target_valid=0 target=0.000 pid=0.000 pid_base=0.000 buoyancy_pwm=0 mask_valid=1 mask=0 forward_active=0
$T,123,-2,-2,,,,1010,-792,-1202,1202,0*44
[OK]hb
[CTRL] depth_valid=1 depth=12.347 vz=-0.185 az=-0.125 target_valid=0 target=0.000 pid=0.000 pid_base=0.000 buoyancy_pwm=0 mask_valid=1 mask=0 forward_active=0
[CTRL] depth_valid=1 depth=12.283 vz=-0.198 az=-0.110 target_valid=0 target=0.000 pid=0.000 pid_base=0.000 buoyancy_pwm=0 mask_valid=1 mask=0 forward_active=0
[CTRL] depth_valid=1 depth=12.312 vz=-0.034 az=0.035 target_valid=0 target=0.000 pid=0.000 pid_base=0.000 buoyancy_pwm=0 mask_valid=1 mask=0 forward_active=0
[CTRL] depth_valid=1 depth=12.356 vz=0.038 az=0.044 target_valid=0 target=0.000 pid=0.000 pid_base=0.000 buoyancy_pwm=0 mask_valid=1 mask=0 forward_active=0
$T,123,0,0,,,,1007,-792,-1200,1202,0*40
[CTRL] depth_valid=1 depth=12.457 vz=0.176 az=0.118 target_valid=0 target=0.000 pid=0.000 pid_base=0.000 buoyancy_pwm=0 mask_valid=1 mask=0 forward_active=0
[CTRL] depth_valid=1 depth=12.485 vz=0.092 az=-0.001 target_valid=0 target=0.000 pid=0.000 pid_base=0.000 buoyancy_pwm=0 mask_valid=1 mask=0 forward_active=0
[CTRL] depth_valid=1 depth=12.435 vz=-0.156 az=-0.254 target_valid=0 target=0.000 pid=0.000 pid_base=0.000 buoyancy_pwm=0 mask_valid=1 mask=0 forward_active=0
[CTRL] depth_valid=1 depth=12.353 vz=-0.269 az=-0.271 target_valid=0 target=0.000 pid=0.000 pid_base=0.000 buoyancy_pwm=0 mask_valid=1 mask=0 forward_active=0
$T,123,-3,-2,,,,1014,-793,-1208,1200,0*48
[CTRL] depth_valid=1 depth=12.295 vz=-0.234 az=-0.158 target_valid=0 target=0.000 pid=0.000 pid_base=0.000 buoyancy_pwm=0 mask_valid=1 mask=0 forward_active=0
[CTRL] depth_valid=1 depth=12.300 vz=-0.085 az=0.007 target_valid=0 target=0.000 pid=0.000 pid_base=0.000 buoyancy_pwm=0 mask_valid=1 mask=0 forward_active=0
[OK]hb
[CTRL] depth_valid=1 depth=12.347 vz=0.044 az=0.084 target_valid=0 target=0.000 pid=0.000 pid_base=0.000 buoyancy_pwm=0 mask_valid=1 mask=0 forward_active=0
[CTRL] depth_valid=1 depth=12.373 vz=0.037 az=0.016 target_valid=0 target=0.000 pid=0.000 pid_base=0.000 buoyancy_pwm=0 mask_valid=1 mask=0 forward_active=0
$T,123,0,0,,,,1010,-791,-1204,1201,0*42
[CTRL] depth_valid=1 depth=12.428 vz=0.080 az=0.025 target_valid=0 target=0.000 pid=0.000 pid_base=0.000 buoyancy_pwm=0 mask_valid=1 mask=0 forward_active=0
[CTRL] depth_valid=1 depth=12.463 vz=0.037 az=-0.050 target_valid=0 target=0.000 pid=0.000 pid_base=0.000 buoyancy_pwm=0 mask_valid=1 mask=0 forward_active=0
[CTRL] depth_valid=1 depth=12.427 vz=-0.124 az=-0.195 target_valid=0 target=0.000 pid=0.000 pid_base=0.000 buoyancy_pwm=0 mask_valid=1 mask=0 forward_active=0
[CTRL] depth_valid=1 depth=12.383 vz=-0.157 az=-0.151 target_valid=0 target=0.000 pid=0.000 pid_base=0.000 buoyancy_pwm=0 mask_valid=1 mask=0 forward_active=0
$T,123,-1,-1,,,,1017,-793,-1212,1202,0*43
[CTRL] depth_valid=1 depth=12.337 vz=-0.189 az=-0.153 target_valid=0 target=0.000 pid=0.000 pid_base=0.000 buoyancy_pwm=0 mask_valid=1 mask=0 forward_active=0
[CTRL] depth_valid=1 depth=12.308 vz=-0.129 az=-0.056 target_valid=0 target=0.000 pid=0.000 pid_base=0.000 buoyancy_pwm=0 mask_valid=1 mask=0 forward_active=0
[CTRL] depth_valid=1 depth=12.339 vz=0.022 az=0.081 target_valid=0 target=0.000 pid=0.000 pid_base=0.000 buoyancy_pwm=0 mask_valid=1 mask=0 forward_active=0
[CTRL] depth_valid=1 depth=12.354 vz=0.011 az=0.009 target_valid=0 target=0.000 pid=0.000 pid_base=0.000 buoyancy_pwm=0 mask_valid=1 mask=0 forward_active=0
$T,123,0,0,,48,,1010,-791,-1206,1201,0*4C
[OK]hb
[CTRL] depth_valid=1 depth=12.464 vz=0.174 az=0.115 target_valid=0 target=0.000 pid=0.000 pid_base=0.000 buoyancy_pwm=0 mask_valid=1 mask=0 forward_active=0
[CTRL] depth_valid=1 depth=12.440 vz=-0.053 az=-0.155 target_valid=0 target=0.000 pid=0.000 pid_base=0.000 buoyancy_pwm=0 mask_valid=1 mask=0 forward_active=0
[CTRL] depth_valid=1 depth=12.415 vz=-0.131 az=-0.185 target_valid=0 target=0.000 pid=0.000 pid_base=0.000 buoyancy_pwm=0 mask_valid=1 mask=0 forward_active=0
[CTRL] depth_valid=1 depth=12.373 vz=-0.186 az=-0.191 target_valid=0 target=0.000 pid=0.000 pid_base=0.000 buoyancy_pwm=0 mask_valid=1 mask=0 forward_active=0
$T,123,-1,-1,,46,,1030,-792,-1226,1201,0*41
[CTRL] depth_valid=1 depth=12.346 vz=-0.167 az=-0.135 target_valid=0 target=0.000 pid=0.000 pid_base=0.000 buoyancy_pwm=0 mask_valid=1 mask=0 forward_active=0
[CTRL] depth_valid=1 depth=12.322 vz=-0.125 az=-0.070 target_valid=0 target=0.000 pid=0.000 pid_base=0.000 buoyancy_pwm=0 mask_valid=1 mask=0 forward_active=0
[CTRL] depth_valid=1 depth=12.359 vz=0.056 az=0.117 target_valid=0 target=0.000 pid=0.000 pid_base=0.000 buoyancy_pwm=0 mask_valid=1 mask=0 forward_active=0
[CTRL] depth_valid=1 depth=12.402 vz=0.075 az=0.055 target_valid=0 target=0.000 pid=0.000 pid_base=0.000 buoyancy_pwm=0 mask_valid=1 mask=0 forward_active=0
$T,124,1,0,,45,,1023,-790,-1220,1199,0*40
[CTRL] depth_valid=1 depth=12.418 vz=-0.008 az=-0.077 target_valid=0 target=0.000 pid=0.000 pid_base=0.000 buoyancy_pwm=0 mask_valid=1 mask=0 forward_active=0
[CTRL] depth_valid=1 depth=12.416 vz=-0.071 az=-0.129 target_valid=0 target=0.000 pid=0.000 pid_base=0.000 buoyancy_pwm=0 mask_valid=1 mask=0 forward_active=0
[OK]hb
[CTRL] depth_valid=1 depth=12.448 vz=-0.036 az=-0.087 target_valid=0 target=0.000 pid=0.000 pid_base=0.000 buoyancy_pwm=0 mask_valid=1 mask=0 forward_active=0
[CTRL] depth_valid=1 depth=12.362 vz=-0.204 az=-0.202 target_valid=0 target=0.000 pid=0.000 pid_base=0.000 buoyancy_pwm=0 mask_valid=1 mask=0 forward_active=0
$T,123,-2,-2,,45,,1025,-793,-1223,1199,0*40
[CTRL] depth_valid=1 depth=12.327 vz=-0.152 az=-0.093 target_valid=0 target=0.000 pid=0.000 pid_base=0.000 buoyancy_pwm=0 mask_valid=1 mask=0 forward_active=0
[CTRL] depth_valid=1 depth=12.345 vz=-0.024 az=0.032 target_valid=0 target=0.000 pid=0.000 pid_base=0.000 buoyancy_pwm=0 mask_valid=1 mask=0 forward_active=0
[CTRL] depth_valid=1 depth=12.388 vz=0.103 az=0.134 target_valid=0 target=0.000 pid=0.000 pid_base=0.000 buoyancy_pwm=0 mask_valid=1 mask=0 forward_active=0
[CTRL] depth_valid=1 depth=12.418 vz=0.076 az=0.039 target_valid=0 target=0.000 pid=0.000 pid_base=0.000 buoyancy_pwm=0 mask_valid=1 mask=0 forward_active=0
$T,123,0,0,,45,,1019,-791,-1217,1204,0*4D
[CTRL] depth_valid=1 depth=12.404 vz=-0.027 az=-0.075 target_valid=0 target=0.000 pid=0.000 pid_base=0.000 buoyancy_pwm=0 mask_valid=1 mask=0 forward_active=0
[CTRL] depth_valid=1 depth=12.416 vz=-0.056 az=-0.110 target_valid=0 target=0.000 pid=0.000 pid_base=0.000 buoyancy_pwm=0 mask_valid=1 mask=0 forward_active=0
[CTRL] depth_valid=1 depth=12.412 vz=-0.059 az=-0.083 target_valid=0 target=0.000 pid=0.000 pid_base=0.000 buoyancy_pwm=0 mask_valid=1 mask=0 forward_active=0
[CTRL] depth_valid=1 depth=12.393 vz=-0.102 az=-0.114 target_valid=0 target=0.000 pid=0.000 pid_base=0.000 buoyancy_pwm=0 mask_valid=1 mask=0 forward_active=0
$T,123,-1,-1,,47,,1009,-793,-1208,1204,0*42
[OK]hb
[CTRL] depth_valid=1 depth=12.359 vz=-0.136 az=-0.121 target_valid=0 target=0.000 pid=0.000 pid_base=0.000 buoyancy_pwm=0 mask_valid=1 mask=0 forward_active=0
[CTRL] depth_valid=1 depth=12.335 vz=-0.111 az=-0.068 target_valid=0 target=0.000 pid=0.000 pid_base=0.000 buoyancy_pwm=0 mask_valid=1 mask=0 forward_active=0
[CTRL] depth_valid=1 depth=12.347 vz=-0.042 az=-0.012 target_valid=0 target=0.000 pid=0.000 pid_base=0.000 buoyancy_pwm=0 mask_valid=1 mask=0 forward_active=0
[CTRL] depth_valid=1 depth=12.392 vz=0.023 az=0.007 target_valid=0 target=0.000 pid=0.000 pid_base=0.000 buoyancy_pwm=0 mask_valid=1 mask=0 forward_active=0
$T,124,0,0,,40,,1004,-792,-1204,1202,0*44
[CTRL] depth_valid=1 depth=12.455 vz=0.072 az=0.011 target_valid=0 target=0.000 pid=0.000 pid_base=0.000 buoyancy_pwm=0 mask_valid=1 mask=0 forward_active=0
[CTRL] depth_valid=1 depth=11.954 vz=-1.296 az=-1.388 target_valid=0 target=0.000 pid=0.000 pid_base=0.000 buoyancy_pwm=0 mask_valid=1 mask=0 forward_active=0
[CTRL] depth_valid=1 depth=9.500 vz=-4.565 az=-3.171 target_valid=0 target=0.000 pid=0.000 pid_base=0.000 buoyancy_pwm=0 mask_valid=1 mask=0 forward_active=0
[CTRL] depth_valid=1 depth=10.617 vz=0.818 az=2.492 target_valid=0 target=0.000 pid=0.000 pid_base=0.000 buoyancy_pwm=0 mask_valid=1 mask=0 forward_active=0
$T,106,9,23,37,30,69,-980,-774,195,1201,0*75
[CTRL] depth_valid=1 depth=8.283 vz=-4.819 az=-4.033 target_valid=0 target=0.000 pid=0.000 pid_base=0.000 buoyancy_pwm=0 mask_valid=1 mask=0 forward_active=0
[CTRL] depth_valid=1 depth=-1.499 vz=-17.257 az=-10.922 target_valid=0 target=0.000 pid=0.000 pid_base=0.000 buoyancy_pwm=0 mask_valid=1 mask=0 forward_active=0
[CTRL] depth_valid=1 depth=-0.873 vz=-2.609 az=5.874 target_valid=0 target=0.000 pid=0.000 pid_base=0.000 buoyancy_pwm=0 mask_valid=1 mask=0 forward_active=0
[OK]hb
[CTRL] depth_valid=1 depth=0.165 vz=2.930 az=7.741 target_valid=0 target=0.000 pid=0.000 pid_base=0.000 buoyancy_pwm=0 mask_valid=1 mask=0 forward_active=0
$T,1,29,77,,30,68,-891,-15,-304,1202,0*50
[CTRL] depth_valid=1 depth=0.350 vz=2.973 az=5.708 target_valid=0 target=0.000 pid=0.000 pid_base=0.000 buoyancy_pwm=0 mask_valid=1 mask=0 forward_active=0
[CTRL] depth_valid=1 depth=0.296 vz=1.763 az=2.498 target_valid=0 target=0.000 pid=0.000 pid_base=0.000 buoyancy_pwm=0 mask_valid=1 mask=0 forward_active=0
[CTRL] depth_valid=1 depth=0.179 vz=0.798 az=0.859 target_valid=0 target=0.000 pid=0.000 pid_base=0.000 buoyancy_pwm=0 mask_valid=1 mask=0 forward_active=0
[CTRL] depth_valid=1 depth=0.060 vz=0.134 az=-0.000 target_valid=0 target=0.000 pid=0.000 pid_base=0.000 buoyancy_pwm=0 mask_valid=1 mask=0 forward_active=0
$T,0,1,0,,,,-785,-89,-251,1201,0*5B
[CTRL] depth_valid=1 depth=0.021 vz=-0.031 az=-0.150 target_valid=0 target=0.000 pid=0.000 pid_base=0.000 buoyancy_pwm=0 mask_valid=1 mask=0 forward_active=0
[CTRL] depth_valid=1 depth=-0.005 vz=-0.094 az=-0.155 target_valid=0 target=0.000 pid=0.000 pid_base=0.000 buoyancy_pwm=0 mask_valid=1 mask=0 forward_active=0
[CTRL] depth_valid=1 depth=-0.010 vz=-0.071 az=-0.086 target_valid=0 target=0.000 pid=0.000 pid_base=0.000 buoyancy_pwm=0 mask_valid=1 mask=0 forward_active=0
[CTRL] depth_valid=1 depth=-0.007 vz=-0.033 az=-0.026 target_valid=0 target=0.000 pid=0.000 pid_base=0.000 buoyancy_pwm=0 mask_valid=1 mask=0 forward_active=0
$T,0,0,0,,,,-831,-83,-215,1204,0*55
[OK]hb
[CTRL] depth_valid=1 depth=-0.002 vz=-0.004 az=0.007 target_valid=0 target=0.000 pid=0.000 pid_base=0.000 buoyancy_pwm=0 mask_valid=1 mask=0 forward_active=0
[CTRL] depth_valid=1 depth=-0.000 vz=0.005 az=0.012 target_valid=0 target=0.000 pid=0.000 pid_base=0.000 buoyancy_pwm=0 mask_valid=1 mask=0 forward_active=0
[CTRL] depth_valid=1 depth=0.001 vz=0.006 az=0.009 target_valid=0 target=0.000 pid=0.000 pid_base=0.000 buoyancy_pwm=0 mask_valid=1 mask=0 forward_active=0
[CTRL] depth_valid=1 depth=0.001 vz=0.004 az=0.004 target_valid=0 target=0.000 pid=0.000 pid_base=0.000 buoyancy_pwm=0 mask_valid=1 mask=0 forward_active=0
$T,0,0,0,,,,-681,-92,-517,1208,0*59
[CTRL] depth_valid=1 depth=0.000 vz=0.002 az=0.002 target_valid=0 target=0.000 pid=0.000 pid_base=0.000 buoyancy_pwm=0 mask_valid=1 mask=0 forward_active=0
[CTRL] depth_valid=1 depth=0.000 vz=0.000 az=-0.000 target_valid=0 target=0.000 pid=0.000 pid_base=0.000 buoyancy_pwm=0 mask_valid=1 mask=0 forward_active=0
[CTRL] depth_valid=1 depth=0.000 vz=-0.000 az=-0.001 target_valid=0 target=0.000 pid=0.000 pid_base=0.000 buoyancy_pwm=0 mask_valid=1 mask=0 forward_active=0
[CTRL] depth_valid=1 depth=-0.000 vz=-0.000 az=-0.000 target_valid=0 target=0.000 pid=0.000 pid_base=0.000 buoyancy_pwm=0 mask_valid=1 mask=0 forward_active=0
$T,0,0,0,,,,-897,14,-446,1198,0*7C
[CTRL] depth_valid=1 depth=-0.000 vz=-0.000 az=-0.000 target_valid=0 target=0.000 pid=0.000 pid_base=0.000 buoyancy_pwm=0 mask_valid=1 mask=0 forward_active=0
[CTRL] depth_valid=1 depth=-0.000 vz=-0.000 az=-0.000 target_valid=0 target=0.000 pid=0.000 pid_base=0.000 buoyancy_pwm=0 mask_valid=1 mask=0 forward_active=0
[CTRL] depth_valid=1 depth=-0.000 vz=-0.000 az=0.000 target_valid=0 target=0.000 pid=0.000 pid_base=0.000 buoyancy_pwm=0 mask_valid=1 mask=0 forward_active=0
[OK]hb
[CTRL] depth_valid=1 depth=-0.000 vz=0.000 az=0.000 target_valid=0 target=0.000 pid=0.000 pid_base=0.000 buoyancy_pwm=0 mask_valid=1 mask=0 forward_active=0
$T,0,0,0,,,,-833,29,-570,1198,0*78
[CTRL] depth_valid=1 depth=0.000 vz=0.000 az=0.000 target_valid=0 target=0.000 pid=0.000 pid_base=0.000 buoyancy_pwm=0 mask_valid=1 mask=0 forward_active=0
[CTRL] depth_valid=1 depth=0.000 vz=0.000 az=0.000 target_valid=0 target=0.000 pid=0.000 pid_base=0.000 buoyancy_pwm=0 mask_valid=1 mask=0 forward_active=0
[CTRL] depth_valid=1 depth=0.000 vz=0.000 az=0.000 target_valid=0 target=0.000 pid=0.000 pid_base=0.000 buoyancy_pwm=0 mask_valid=1 mask=0 forward_active=0
[CTRL] depth_valid=1 depth=0.000 vz=0.000 az=-0.000 target_valid=0 target=0.000 pid=0.000 pid_base=0.000 buoyancy_pwm=0 mask_valid=1 mask=0 forward_active=0
$T,0,0,0,,,,-508,266,-1116,1205,0*76
[CTRL] depth_valid=1 depth=0.000 vz=-0.000 az=-0.000 target_valid=0 target=0.000 pid=0.000 pid_base=0.000 buoyancy_pwm=0 mask_valid=1 mask=0 forward_active=0
[CTRL] depth_valid=1 depth=-0.000 vz=-0.000 az=-0.000 target_valid=0 target=0.000 pid=0.000 pid_base=0.000 buoyancy_pwm=0 mask_valid=1 mask=0 forward_active=0
[CTRL] depth_valid=1 depth=-0.000 vz=-0.000 az=-0.000 target_valid=0 target=0.000 pid=0.000 pid_base=0.000 buoyancy_pwm=0 mask_valid=1 mask=0 forward_active=0
[CTRL] depth_valid=1 depth=-0.000 vz=-0.000 az=-0.000 target_valid=0 target=0.000 pid=0.000 pid_base=0.000 buoyancy_pwm=0 mask_valid=1 mask=0 forward_active=0
$T,0,0,0,,,,-912,145,-1450,1206,0*77
[CTRL] depth_valid=1 depth=-0.000 vz=-0.000 az=0.000 target_valid=0 target=0.000 pid=0.000 pid_base=0.000 buoyancy_pwm=0 mask_valid=1 mask=0 forward_active=0
[OK]hb
[CTRL] depth_valid=1 depth=-0.000 vz=0.000 az=0.000 target_valid=0 target=0.000 pid=0.000 pid_base=0.000 buoyancy_pwm=0 mask_valid=1 mask=0 forward_active=0
[CTRL] depth_valid=1 depth=0.000 vz=0.000 az=0.000 target_valid=0 target=0.000 pid=0.000 pid_base=0.000 buoyancy_pwm=0 mask_valid=1 mask=0 forward_active=0
[CTRL] depth_valid=1 depth=0.000 vz=0.000 az=0.000 target_valid=0 target=0.000 pid=0.000 pid_base=0.000 buoyancy_pwm=0 mask_valid=1 mask=0 forward_active=0
$T,0,0,0,,,,-577,699,1231,1206,0*52
[CTRL] depth_valid=1 depth=0.000 vz=0.000 az=0.000 target_valid=0 target=0.000 pid=0.000 pid_base=0.000 buoyancy_pwm=0 mask_valid=1 mask=0 forward_active=0
[CTRL] depth_valid=1 depth=0.000 vz=0.000 az=-0.000 target_valid=0 target=0.000 pid=0.000 pid_base=0.000 buoyancy_pwm=0 mask_valid=1 mask=0 forward_active=0
[CTRL] depth_valid=1 depth=0.000 vz=-0.000 az=-0.000 target_valid=0 target=0.000 pid=0.000 pid_base=0.000 buoyancy_pwm=0 mask_valid=1 mask=0 forward_active=0
[CTRL] depth_valid=1 depth=-0.000 vz=-0.000 az=-0.000 target_valid=0 target=0.000 pid=0.000 pid_base=0.000 buoyancy_pwm=0 mask_valid=1 mask=0 forward_active=0
$T,0,0,0,,,,1669,554,-66,1200,0*6A
[CTRL] depth_valid=1 depth=-0.000 vz=-0.000 az=-0.000 target_valid=0 target=0.000 pid=0.000 pid_base=0.000 buoyancy_pwm=0 mask_valid=1 mask=0 forward_active=0
[CTRL] depth_valid=1 depth=-0.000 vz=-0.000 az=-0.000 target_valid=0 target=0.000 pid=0.000 pid_base=0.000 buoyancy_pwm=0 mask_valid=1 mask=0 forward_active=0
[CTRL] depth_vv0 target_valid=0 target=0.000 pid=0.000 pid_base=0.000 buoyancy_pwm=0 mask_valid=1 mask=0 forward_active=0
[CTRL] depth_valid=1 depth=-0.000 vz=0.000 az=0.000 target_valid=0 target=0.000 pid=0.000 pid_base=0.000 buoyancy_pwm=0 mask_valid=1 mask=0 forward_active=0
$T,0,0,0,,,,1676,528,-56,1200,0*6C
[CTRL] depth_valid=1 depth=0.000 vz=0.000 az=0.000 target_valid=0 target=0.000 pid=0.000 pid_base=0.000 buoyancy_pwm=0 mask_valid=1 mask=0 forward_active=0
[CTRL] depth_valid=1 depth=0.000 vz=0.000 az=0.000 target_valid=0 target=0.000 pid=0.000 pid_base=0.000 buoyancy_pwm=0 mask_valid=1 mask=0 forward_active=0
[CTRL] depth_valid=1 depth=0.000 vz=0.000 az=0.000 target_valid=0 target=0.000 pid=0.000 pid_base=0.000 buoyancy_pwm=0 mask_valid=1 mask=0 forward_active=0
[CTRL] depth_valid=1 depth=0.000 vz=0.000 az=-0.000 target_valid=0 target=0.000 pid=0.000 pid_base=0.000 buoyancy_pwm=0 mask_valid=1 mask=0 forward_active=0
$T,0,0,0,,,,1675,530,-56,1201,0*67
[CTRL] depth_valid=1 depth=0.000 vz=-0.000 az=-0.000 target_valid=0 target=0.000 pid=0.000 pid_base=0.000 buoyancy_pwm=0 mask_valid=1 mask=0 forward_active=0
[CTRL] depth_valid=1 depth=-0.000 vz=-0.000 az=-0.000 target_valid=0 target=0.000 pid=0.000 pid_base=0.000 buoyancy_pwm=0 mask_valid=1 mask=0 forward_active=0
[CTRL] depth_valid=1 depth=-0.000 vz=-0.000 az=-0.000 target_valid=0 target=0.000 pid=0.000 pid_base=0.000 buoyancy_pwm=0 mask_valid=1 mask=0 forward_active=0
[CTRL] depth_valid=1 depth=-0.000 vz=-0.000 az=-0.000 target_valid=0 target=0.000 pid=0.000 pid_base=0.000 buoyancy_pwm=0 mask_valid=1 mask=0 forward_active=0
$T,0,0,0,,,,1676,530,-56,1200,0*65
[CTRL] depth_valid=1 depth=-0.000 vz=-0.000 az=0.000 target_valid=0 target=0.000 pid=0.000 pid_base=0.000 buoyancy_pwm=0 mask_valid=1 mask=0 forward_active=0
[OK]hb
[CTRL] depth_valid=1 depth=-0.000 vz=0.000 az=0.000 target_valid=0 target=0.000 pid=0.000 pid_base=0.000 buoyancy_pwm=0 mask_valid=1 mask=0 forward_active=0
[CTRL] depth_valid=1 depth=0.000 vz=0.000 az=0.000 target_valid=0 target=0.000 pid=0.000 pid_base=0.000 buoyancy_pwm=0 mask_valid=1 mask=0 forward_active=0
[CTRL] depth_valid=1 depth=0.000 vz=0.000 az=0.000 target_valid=0 target=0.000 pid=0.000 pid_base=0.000 buoyancy_pwm=0 mask_valid=1 mask=0 forward_active=0
$T,0,0,0,,,,1676,531,-56,1200,0*64
[CTRL] depth_valid=1 depth=0.000 vz=0.000 az=0.000 target_valid=0 target=0.000 pid=0.000 pid_base=0.000 buoyancy_pwm=0 mask_valid=1 mask=0 forward_active=0
[CTRL] depth_valid=1 depth=0.000 vz=0.000 az=-0.000 target_valid=0 target=0.000 pid=0.000 pid_base=0.000 buoyancy_pwm=0 mask_valid=1 mask=0 forward_active=0
[CTRL] depth_valid=1 depth=0.000 vz=-0.000 az=-0.000 target_valid=0 target=0.000 pid=0.000 pid_base=0.000 buoyancy_pwm=0 mask_valid=1 mask=0 forward_active=0
[CTRL] depth_valid=1 depth=-0.000 vz=-0.000 az=-0.000 target_valid=0 target=0.000 pid=0.000 pid_base=0.000 buoyancy_pwm=0 mask_valid=1 mask=0 forward_active=0
$T,0,0,0,,,,1676,531,-56,1200,0*64
[CTRL] depth_valid=1 depth=-0.000 vz=-0.000 az=-0.000 target_valid=0 target=0.000 pid=0.000 pid_base=0.000 buoyancy_pwm=0 mask_valid=1 mask=0 forward_active=0
[CTRL] depth_valid=1 depth=-0.000 vz=-0.000 az=-0.000 target_valid=0 target=0.000 pid=0.000 pid_base=0.000 buoyancy_pwm=0 mask_valid=1 mask=0 forward_active=0
[CTRL] depth_valid=1 depth=-0.000 vz=-0.000 az=0.000 target_valid=0 target=0.000 pid=0.000 pid_base=0.000 buoyancy_pwm=0 mask_valid=1 mask=0 forward_active=0
[OK]hb
[CTRL] depth_valid=1 depth=-0.000 vz=0.000 az=0.000 target_valid=0 target=0.000 pid=0.000 pid_base=0.000 buoyancy_pwm=0 mask_valid=1 mask=0 forward_active=0
$T,0,0,0,,,,1676,531,-56,1205,0*61
[CTRL] depth_valid=1 depth=0.000 vz=0.000 az=0.000 target_valid=0 target=0.000 pid=0.000 pid_base=0.000 buoyancy_pwm=0 mask_valid=1 mask=0 forward_active=0
[CTRL] depth_valid=1 depth=0.000 vz=0.000 az=0.000 target_valid=0 target=0.000 pid=0.000 pid_base=0.000 buoyancy_pwm=0 mask_valid=1 mask=0 forward_active=0
[CTRL] depth_valid=1 depth=0.000 vz=0.000 az=0.000 target_valid=0 target=0.000 pid=0.000 pid_base=0.000 buoyancy_pwm=0 mask_valid=1 mask=0 forward_active=0
[CTRL] depth_valid=1 depth=0.000 vz=0.000 az=-0.000 target_valid=0 target=0.000 pid=0.000 pid_base=0.000 buoyancy_pwm=0 mask_valid=1 mask=0 forward_active=0
$T,0,0,0,,,,1676,531,-56,1203,0*67
[CTRL] depth_valid=1 depth=0.000 vz=-0.000 az=-0.000 target_valid=0 target=0.000 pid=0.000 pid_base=0.000 buoyancy_pwm=0 mask_valid=1 mask=0 forward_active=0
[CTRL] depth_valid=1 depth=-0.000 vz=-0.000 az=-0.000 target_valid=0 target=0.000 pid=0.000 pid_base=0.000 buoyancy_pwm=0 mask_valid=1 mask=0 forward_active=0
[CTRL] depth_valid=1 depth=-0.000 vz=-0.000 az=-0.000 target_valid=0 target=0.000 pid=0.000 pid_base=0.000 buoyancy_pwm=0 mask_valid=1 mask=0 forward_active=0
[CTRL] depth_valid=1 depth=-0.000 vz=-0.000 az=-0.000 target_valid=0 target=0.000 pid=0.000 pid_base=0.000 buoyancy_pwm=0 mask_valid=1 mask=0 forward_active=0
$T,0,0,0,,,,1676,531,-56,1203,0*67
[CTRL] depth_valid=1 depth=-0.000 vz=-0.000 az=0.000 target_valid=0 target=0.000 pid=0.000 pid_base=0.000 buoyancy_pwm=0 mask_valid=1 mask=0 forward_active=0
[OK]hb
[CTRL] depth_valid=1 depth=-0.000 vz=0.000 az=0.000 target_valid=0 target=0.000 pid=0.000 pid_base=0.000 buoyancy_pwm=0 mask_valid=1 mask=0 forward_active=0
[CTRL] depth_valid=1 depth=0.000 vz=0.000 az=0.000 target_valid=0 target=0.000 pid=0.000 pid_base=0.000 buoyancy_pwm=0 mask_valid=1 mask=0 forward_active=0
[CTRL] depth_valid=1 depth=0.000 vz=0.000 az=0.000 target_valid=0 target=0.000 pid=0.000 pid_base=0.000 buoyancy_pwm=0 mask_valid=1 mask=0 forward_active=0
$T,0,0,0,,,,1676,531,-56,1204,0*60
[CTRL] depth_valid=1 depth=0.000 vz=0.000 az=0.000 target_valid=0 target=0.000 pid=0.000 pid_base=0.000 buoyancy_pwm=0 mask_valid=1 mask=0 forward_active=0
[CTRL] depth_valid=1 depth=0.000 vz=0.000 az=0.000 target_valid=0 target=0.000 pid=0.000 pid_base=0.000 buoyancy_pwm=0 mask_valid=1 mask=0 forward_active=0
[CTRL] depth_valid=1 depth=0.000 vz=-0.000 az=-0.000 target_valid=0 target=0.000 pid=0.000 pid_base=0.000 buoyancy_pwm=0 mask_valid=1 mask=0 forward_active=0
[CTRL] depth_valid=1 depth=-0.000 vz=-0.000 az=-0.000 target_valid=0 target=0.000 pid=0.000 pid_base=0.000 buoyancy_pwm=0 mask_valid=1 mask=0 forward_active=0
$T,0,0,0,,,,1676,531,-57,1204,0*61
[CTRL] depth_valid=1 depth=-0.000 vz=-0.000 az=-0.000 target_valid=0 target=0.000 pid=0.000 pid_base=0.000 buoyancy_pwm=0 mask_valid=1 mask=0 forward_active=0
[CTRL] depth_valid=1 depth=-0.000 vz=-0.000 az=-0.000 target_valid=0 target=0.000 pid=0.000 pid_base=0.000 buoyancy_pwm=0 mask_valid=1 mask=0 forward_active=0
[OK]hb
[CTRL] depth_valid=1 depth=-0.000 vz=-0.000 az=0.000 target_valid=0 target=0.000 pid=0.000 pid_base=0.000 buoyancy_pwm=0 mask_valid=1 mask=0 forward_active=0
[CTRL] depth_valid=1 depth=-0.000 vz=0.000 az=0.000 target_valid=0 target=0.000 pid=0.000 pid_base=0.000 buoyancy_pwm=0 mask_valid=1 mask=0 forward_active=0
$T,0,0,0,,,,1675,531,-57,1200,0*66
[CTRL] depth_valid=1 depth=0.000 vz=0.000 az=0.000 target_valid=0 target=0.000 pid=0.000 pid_base=0.000 buoyancy_pwm=0 mask_valid=1 mask=0 forward_active=0
[CTRL] depth_valid=1 depth=0.000 vz=0.000 az=0.000 target_valid=0 target=0.000 pid=0.000 pid_base=0.000 buoyancy_pwm=0 mask_valid=1 mask=0 forward_active=0
[CTRL] depth_valid=1 depth=0.000 vz=0.000 az=0.000 target_valid=0 target=0.000 pid=0.000 pid_base=0.000 buoyancy_pwm=0 mask_valid=1 mask=0 forward_active=0
[CTRL] depth_valid=1 depth=0.000 vz=0.000 az=-0.000 target_valid=0 target=0.000 pid=0.000 pid_base=0.000 buoyancy_pwm=0 mask_valid=1 mask=0 forward_active=0
$T,0,0,0,,,,1676,531,-57,1203,0*66
[CTRL] depth_valid=1 depth=0.000 vz=-0.000 az=-0.000 target_valid=0 target=0.000 pid=0.000 pid_base=0.000 buoyancy_pwm=0 mask_valid=1 mask=0 forward_active=0
[CTRL] depth_valid=1 depth=-0.000 vz=-0.000 az=-0.000 target_valid=0 target=0.000 pid=0.000 pid_base=0.000 buoyancy_pwm=0 mask_valid=1 mask=0 forward_active=0
[CTRL] depth_valid=1 depth=-0.000 vz=-0.000 az=-0.000 target_valid=0 target=0.000 pid=0.000 pid_base=0.000 buoyancy_pwm=0 mask_valid=1 mask=0 forward_active=0
[CTRL] depth_valid=1 depth=-0.000 vz=-0.000 az=-0.000 target_valid=0 target=0.000 pid=0.000 pid_base=0.000 buoyancy_pwm=0 mask_valid=1 mask=0 forward_active=0
$T,0,0,0,,,,1676,531,-57,1203,0*66
d=1 depth=-0.000 vz=-0.000 az=-0.000 target_valid=0 target=0.000 pid=0.000 pid_base=0.000 buoyancy_pwm=0 mask_valid=1 mask=0 forward_active=0
[CTRL] depth_valid=1 depth=-0.000 vz=0.000 az=0.000 target_valid=0 target=0.000 pid=0.000 pid_base=0.000 buoyancy_pwm=0 mask_valid=1 mask=0 forward_active=0
[CTRL] depth_valid=1 depth=0.000 vz=0.000 az=0.000 target_valid=0 target=0.000 pid=0.000 pid_base=0.000 buoyancy_pwm=0 mask_valid=1 mask=0 forward_active=0
[CTRL] depth_valid=1 depth=0.000 vz=0.000 az=0.000 target_valid=0 target=0.000 pid=0.000 pid_base=0.000 buoyancy_pwm=0 mask_valid=1 mask=0 forward_active=0
$T,0,0,0,,,,1676,531,-57,1208,0*6D
[CTRL] depth_valid=1 depth=0.000 vz=0.000 az=0.000 target_valid=0 target=0.000 pid=0.000 pid_base=0.000 buoyancy_pwm=0 mask_valid=1 mask=0 forward_active=0
[CTRL] depth_valid=1 depth=0.000 vz=0.000 az=-0.000 target_valid=0 target=0.000 pid=0.000 pid_base=0.000 buoyancy_pwm=0 mask_valid=1 mask=0 forward_active=0
[CTRL] depth_valid=1 depth=0.000 vz=-0.000 az=-0.000 target_valid=0 target=0.000 pid=0.000 pid_base=0.000 buoyancy_pwm=0 mask_valid=1 mask=0 forward_active=0
[CTRL] depth_valid=1 depth=-0.000 vz=-0.000 az=-0.000 target_valid=0 target=0.000 pid=0.000 pid_base=0.000 buoyancy_pwm=0 mask_valid=1 mask=0 forward_active=0
$T,0,0,0,,,,1675,531,-57,1206,0*60
[CTRL] depth_valid=1 depth=-0.000 vz=-0.000 az=-0.000 target_valid=0 target=0.000 pid=0.000 pid_base=0.000 buoyancy_pwm=0 mask_valid=1 mask=0 forward_active=0
[CTRL] depth_valid=1 depth=-0.000 vz=-0.000 az=-0.000 target_valid=0 target=0.000 pid=0.000 pid_base=0.000 buoyancy_pwm=0 mask_valid=1 mask=0 forward_active=0
[CTRL] depth_valid=1 depth=-0.000 vz=-0.000 az=0.000 target_valid=0 target=0.000 pid=0.000 pid_base=0.000 buoyancy_pwm=0 mask_valid=1 mask=0 forward_active=0
[OK]hb
[CTRL] depth_valid=1 depth=-0.000 vz=0.000 az=0.000 target_valid=0 target=0.000 pid=0.000 pid_base=0.000 buoyancy_pwm=0 mask_valid=1 mask=0 forward_active=0
$T,0,0,0,,,,1675,531,-57,1201,0*67
[CTRL] depth_valid=1 depth=0.000 vz=0.000 az=0.000 target_valid=0 target=0.000 pid=0.000 pid_base=0.000 buoyancy_pwm=0 mask_valid=1 mask=0 forward_active=0
[CTRL] depth_valid=1 depth=0.000 vz=0.000 az=0.000 target_valid=0 target=0.000 pid=0.000 pid_base=0.000 buoyancy_pwm=0 mask_valid=1 mask=0 forward_active=0
[CTRL] depth_valid=1 depth=0.000 vz=0.000 az=0.000 target_valid=0 target=0.000 pid=0.000 pid_base=0.000 buoyancy_pwm=0 mask_valid=1 mask=0 forward_active=0
[CTRL] depth_valid=1 depth=0.000 vz=0.000 az=-0.000 target_valid=0 target=0.000 pid=0.000 pid_base=0.000 buoyancy_pwm=0 mask_valid=1 mask=0 forward_active=0
$T,0,0,0,,,,1675,531,-57,1201,0*67
[CTRL] depth_valid=1 depth=0.000 vz=-0.000 az=-0.000 target_valid=0 target=0.000 pid=0.000 pid_base=0.000 buoyancy_pwm=0 mask_valid=1 mask=0 forward_active=0
[CTRL] depth_valid=1 depth=-0.000 vz=-0.000 az=-0.000 target_valid=0 target=0.000 pid=0.000 pid_base=0.000 buoyancy_pwm=0 mask_valid=1 mask=0 forward_active=0
[CTRL] depth_valid=1 depth=-0.000 vz=-0.000 az=-0.000 target_valid=0 target=0.000 pid=0.000 pid_base=0.000 buoyancy_pwm=0 mask_valid=1 mask=0 forward_active=0
[CTRL] depth_valid=1 depth=-0.000 vz=-0.000 az=-0.000 target_valid=0 target=0.000 pid=0.000 pid_base=0.000 buoyancy_pwm=0 mask_valid=1 mask=0 forward_active=0
$T,0,0,0,,,,1675,531,-57,1201,0*67
[CTRL] depth_valid=1 depth=-0.000 vz=-0.000 az=0.000 target_valid=0 target=0.000 pid=0.000 pid_base=0.000 buoyancy_pwm=0 mask_valid=1 mask=0 forward_active=0
[OK]hb
[CTRL] depth_valid=1 depth=-0.000 vz=0.000 az=0.000 target_valid=0 target=0.000 pid=0.000 pid_base=0.000 buoyancy_pwm=0 mask_valid=1 mask=0 forward_active=0
[CTRL] depth_valid=1 depth=0.000 vz=0.000 az=0.000 target_valid=0 target=0.000 pid=0.000 pid_base=0.000 buoyancy_pwm=0 mask_valid=1 mask=0 forward_active=0
[CTRL] depth_valid=1 depth=0.000 vz=0.000 az=0.000 target_valid=0 target=0.000 pid=0.000 pid_base=0.000 buoyancy_pwm=0 mask_valid=1 mask=0 forward_active=0
$T,0,0,0,,,,1675,531,-57,1205,0*63
[CTRL] depth_valid=1 depth=0.000 vz=0.000 az=0.000 target_valid=0 target=0.000 pid=0.000 pid_base=0.000 buoyancy_pwm=0 mask_valid=1 mask=0 forward_active=0
[CTRL] depth_valid=1 depth=0.000 vz=0.000 az=-0.000 target_valid=0 target=0.000 pid=0.000 pid_base=0.000 buoyancy_pwm=0 mask_valid=1 mask=0 forward_active=0
[CTRL] depth_valid=1 depth=0.000 vz=-0.000 az=-0.000 target_valid=0 target=0.000 pid=0.000 pid_base=0.000 buoyancy_pwm=0 mask_valid=1 mask=0 forward_active=0
[CTRL] depth_valid=1 depth=-0.000 vz=-0.000 az=-0.000 target_valid=0 target=0.000 pid=0.000 pid_base=0.000 buoyancy_pwm=0 mask_valid=1 mask=0 forward_active=0
$T,0,0,0,,,,1675,531,-57,1205,0*63
[CTRL] depth_valid=1 depth=-0.000 vz=-0.000 az=-0.000 target_valid=0 target=0.000 pid=0.000 pid_base=0.000 buoyancy_pwm=0 mask_valid=1 mask=0 forward_active=0
[CTRL] depth_valid=1 depth=-0.000 vz=-0.000 az=-0.000 target_valid=0 target=0.000 pid=0.000 pid_base=0.000 buoyancy_pwm=0 mask_valid=1 mask=0 forward_active=0
[OK]hb
[CTRL] depth_valid=1 depth=-0.000 vz=0.000 az=0.000 target_valid=0 target=0.000 pid=0.000 pid_base=0.000 buoyancy_pwm=0 mask_valid=1 mask=0 forward_active=0
[CTRL] depth_valid=1 depth=0.000 vz=0.000 az=0.000 target_valid=0 target=0.000 pid=0.000 pid_base=0.000 buoyancy_pwm=0 mask_valid=1 mask=0 forward_active=0
$T,0,0,0,,,,1675,532,-57,1201,0*64
[CTRL] depth_valid=1 depth=0.000 vz=0.000 az=0.000 target_valid=0 target=0.000 pid=0.000 pid_base=0.000 buoyancy_pwm=0 mask_valid=1 mask=0 forward_active=0
[CTRL] depth_valid=1 depth=0.000 vz=0.000 az=0.000 target_valid=0 target=0.000 pid=0.000 pid_base=0.000 buoyancy_pwm=0 mask_valid=1 mask=0 forward_active=0
[CTRL] depth_valid=1 depth=0.000 vz=0.000 az=-0.000 target_valid=0 target=0.000 pid=0.000 pid_base=0.000 buoyancy_pwm=0 mask_valid=1 mask=0 forward_active=0
[CTRL] depth_valid=1 depth=0.000 vz=-0.000 az=-0.000 target_valid=0 target=0.000 pid=0.000 pid_base=0.000 buoyancy_pwm=0 mask_valid=1 mask=0 forward_active=0
$T,0,0,0,,,,1675,532,-57,1199,0*66
[CTRL] depth_valid=1 depth=-0.000 vz=-0.000 az=-0.000 target_valid=0 target=0.000 pid=0.000 pid_base=0.000 buoyancy_pwm=0 mask_valid=1 mask=0 forward_active=0
[CTRL] depth_valid=1 depth=-0.000 vz=-0.000 az=-0.000 target_valid=0 target=0.000 pid=0.000 pid_base=0.000 buoyancy_pwm=0 mask_valid=1 mask=0 forward_active=0
[CTRL] depth_valid=1 depth=-0.000 vz=-0.000 az=-0.000 target_valid=0 target=0.000 pid=0.000 pid_base=0.000 buoyancy_pwm=0 mask_valid=1 mask=0 forward_active=0
[CTRL] depth_valid=1 depth=-0.000 vz=0.000 az=0.000 target_valid=0 target=0.000 pid=0.000 pid_base=0.000 buoyancy_pwm=0 mask_valid=1 mask=0 forward_active=0
$T,0,0,0,,,,1675,532,-57,1202,0*67
[CTRL] depth_valid=1 depth=-0.000 vz=0.000 az=0.000 target_valid=0 target=0.000 pid=0.000 pid_base=0.000 buoyancy_pwm=0 mask_valid=1 mask=0 forward_active=0
[OK]hb
[CTRL] depth_valid=1 depth=0.000 vz=0.000 az=0.000 target_valid=0 target=0.000 pid=0.000 pid_base=0.000 buoyancy_pwm=0 mask_valid=1 mask=0 forward_active=0
[CTRL] depth_valid=1 depth=0.000 vz=0.000 az=0.000 target_valid=0 target=0.000 pid=0.000 pid_base=0.000 buoyancy_pwm=0 mask_valid=1 mask=0 forward_active=0
[CTRL] depth_valid=1 depth=0.000 vz=0.000 az=0.000 target_valid=0 target=0.000 pid=0.000 pid_base=0.000 buoyancy_pwm=0 mask_valid=1 mask=0 forward_active=0
$T,0,0,0,,,,1675,532,-57,1202,0*67
[CTRL] depth_valid=1 depth=0.000 vz=0.000 az=-0.000 target_valid=0 target=0.000 pid=0.000 pid_base=0.000 buoyancy_pwm=0 mask_valid=1 mask=0 forward_active=0
[CTRL] depth_valid=1 depth=-0.000 vz=-0.000 az=-0.000 target_valid=0 target=0.000 pid=0.000 pid_base=0.000 buoyancy_pwm=0 mask_valid=1 mask=0 forward_active=0
[CTRL] depth_valid=1 depth=-0.000 vz=-0.000 az=-0.000 target_valid=0 target=0.000 pid=0.000 pid_base=0.000 buoyancy_pwm=0 mask_valid=1 mask=0 forward_active=0
[CTRL] depth_valid=1 depth=-0.000 vz=-0.000 az=-0.000 target_valid=0 target=0.000 pid=0.000 pid_base=0.000 buoyancy_pwm=0 mask_valid=1 mask=0 forward_active=0
$T,0,0,0,,,,1675,532,-57,1203,0*66
[CTRL] depth_valid=1 depth=-0.000 vz=-0.000 az=0.000 target_valid=0 target=0.000 pid=0.000 pid_base=0.000 buoyancy_pwm=0 mask_valid=1 mask=0 forward_active=0
[CTRL] depth_valid=1 depth=-0.000 vz=-0.000 az=0.000 target_valid=0 target=0.000 pid=0.000 pid_base=0.000 buoyancy_pwm=0 mask_valid=1 mask=0 forward_active=0
[Cz=0.000 az=0.target_valid=0 target=0.000 pid=0.000 pid_base=0.000 buoyancy_pwm=0 mask_valid=1 mask=0 forward_active=0
[CTRL] depth_valid=1 depth=0.000 vz=0.000 az=0.000 target_valid=0 target=0.000 pid=0.000 pid_base=0.000 buoyancy_pwm=0 mask_valid=1 mask=0 forward_active=0
$T,0,0,0,,,,1675,532,-57,1203,0*66
[CTRL] depth_valid=1 depth=0.000 vz=0.000 az=0.000 target_valid=0 target=0.000 pid=0.000 pid_base=0.000 buoyancy_pwm=0 mask_valid=1 mask=0 forward_active=0
[CTRL] depth_valid=1 depth=0.000 vz=0.000 az=0.000 target_valid=0 target=0.000 pid=0.000 pid_base=0.000 buoyancy_pwm=0 mask_valid=1 mask=0 forward_active=0
[CTRL] depth_valid=1 depth=0.000 vz=-0.000 az=-0.000 target_valid=0 target=0.000 pid=0.000 pid_base=0.000 buoyancy_pwm=0 mask_valid=1 mask=0 forward_active=0
[CTRL] depth_valid=1 depth=-0.000 vz=-0.000 az=-0.000 target_valid=0 target=0.000 pid=0.000 pid_base=0.000 buoyancy_pwm=0 mask_valid=1 mask=0 forward_active=0
$T,0,0,0,,,,1675,532,-57,1206,0*63
[CTRL] depth_valid=1 depth=-0.000 vz=-0.000 az=-0.000 target_valid=0 target=0.000 pid=0.000 pid_base=0.000 buoyancy_pwm=0 mask_valid=1 mask=0 forward_active=0
[CTRL] depth_valid=1 depth=-0.000 vz=-0.000 az=-0.000 target_valid=0 target=0.000 pid=0.000 pid_base=0.000 buoyancy_pwm=0 mask_valid=1 mask=0 forward_active=0
[CTRL] depth_valid=1 depth=-0.000 vz=-0.000 az=-0.000 target_valid=0 target=0.000 pid=0.000 pid_base=0.000 buoyancy_pwm=0 mask_valid=1 mask=0 forward_active=0
[CTRL] depth_valid=1 depth=-0.000 vz=0.000 az=0.000 target_valid=0 target=0.000 pid=0.000 pid_base=0.000 buoyancy_pwm=0 mask_valid=1 mask=0 forward_active=0
$T,0,0,0,,,,1675,532,-57,1202,0*67
[CTRL] depth_valid=1 depth=-0.000 vz=0.000 az=0.000 target_valid=0 target=0.000 pid=0.000 pid_base=0.000 buoyancy_pwm=0 mask_valid=1 mask=0 forward_active=0
[OK]hb
[CTRL] depth_valid=1 depth=0.000 vz=0.000 az=0.000 target_valid=0 target=0.000 pid=0.000 pid_base=0.000 buoyancy_pwm=0 mask_valid=1 mask=0 forward_active=0
[CTRL] depth_valid=1 depth=0.000 vz=0.000 az=0.000 target_valid=0 target=0.000 pid=0.000 pid_base=0.000 buoyancy_pwm=0 mask_valid=1 mask=0 forward_active=0
[CTRL] depth_valid=1 depth=0.000 vz=0.000 az=0.000 target_valid=0 target=0.000 pid=0.000 pid_base=0.000 buoyancy_pwm=0 mask_valid=1 mask=0 forward_active=0
$T,0,0,0,,,,1675,532,-57,1202,0*67
[CTRL] depth_valid=1 depth=0.000 vz=0.000 az=-0.000 target_valid=0 target=0.000 pid=0.000 pid_base=0.000 buoyancy_pwm=0 mask_valid=1 mask=0 forward_active=0
[CTRL] depth_valid=1 depth=0.000 vz=-0.000 az=-0.000 target_valid=0 target=0.000 pid=0.000 pid_base=0.000 buoyancy_pwm=0 mask_valid=1 mask=0 forward_active=0
[CTRL] depth_valid=1 depth=-0.000 vz=-0.000 az=-0.000 target_valid=0 target=0.000 pid=0.000 pid_base=0.000 buoyancy_pwm=0 mask_valid=1 mask=0 forward_active=0
[CTRL] depth_valid=1 depth=-0.000 vz=-0.000 az=-0.000 target_valid=0 target=0.000 pid=0.000 pid_base=0.000 buoyancy_pwm=0 mask_valid=1 mask=0 forward_active=0
$T,0,0,0,,,,1675,532,-57,1202,0*67
[CTRL] depth_valid=1 depth=-0.000 vz=-0.000 az=-0.000 target_valid=0 target=0.000 pid=0.000 pid_base=0.000 buoyancy_pwm=0 mask_valid=1 mask=0 forward_active=0
[CTRL] depth_valid=1 depth=-0.000 vz=0.000 az=0.000 target_valid=0 target=0.000 pid=0.000 pid_base=0.000 buoyancy_pwm=0 mask_valid=1 mask=0 forward_active=0
[CTRL] depth_valid=1 depth=0.000 vz=0.000 az=0.000 target_valid=0 target=0.000 pid=0.000 pid_base=0.000 buoyancy_pwm=0 mask_valid=1 mask=0 forward_active=0
[OK]hb
[CTRL] depth_valid=1 depth=0.000 vz=0.000 az=0.000 target_valid=0 target=0.000 pid=0.000 pid_base=0.000 buoyancy_pwm=0 mask_valid=1 mask=0 forward_active=0
$T,0,0,0,,,,1675,532,-57,1202,0*67
[CTRL] depth_valid=1 depth=0.000 vz=0.000 az=0.000 target_valid=0 target=0.000 pid=0.000 pid_base=0.000 buoyancy_pwm=0 mask_valid=1 mask=0 forward_active=0
[CTRL] depth_valid=1 depth=0.000 vz=0.000 az=-0.000 target_valid=0 target=0.000 pid=0.000 pid_base=0.000 buoyancy_pwm=0 mask_valid=1 mask=0 forward_active=0
[CTRL] depth_valid=1 depth=-0.000 vz=-0.000 az=-0.000 target_valid=0 target=0.000 pid=0.000 pid_base=0.000 buoyancy_pwm=0 mask_valid=1 mask=0 forward_active=0
[CTRL] depth_valid=1 depth=-0.000 vz=-0.000 az=-0.000 target_valid=0 target=0.000 pid=0.000 pid_base=0.000 buoyancy_pwm=0 mask_valid=1 mask=0 forward_active=0
$T,0,0,0,,,,1675,532,-57,1202,0*67
[CTRL] depth_valid=1 depth=-0.000 vz=-0.000 az=-0.000 target_valid=0 target=0.000 pid=0.000 pid_base=0.000 buoyancy_pwm=0 mask_valid=1 mask=0 forward_active=0
[CTRL] depth_valid=1 depth=-0.000 vz=-0.000 az=-0.000 target_valid=0 target=0.000 pid=0.000 pid_base=0.000 buoyancy_pwm=0 mask_valid=1 mask=0 forward_active=0
[CTRL] depth_valid=1 depth=-0.000 vz=0.000 az=0.000 target_valid=0 target=0.000 pid=0.000 pid_base=0.000 buoyancy_pwm=0 mask_valid=1 mask=0 forward_active=0
[CTRL] depth_valid=1 depth=0.000 vz=0.000 az=0.000 target_valid=0 target=0.000 pid=0.000 pid_base=0.000 buoyancy_pwm=0 mask_valid=1 mask=0 forward_active=0
$T,0,0,0,,,,1675,532,-57,1198,0*67
[CTRL] depth_valid=1 depth=0.000 vz=0.000 az=0.000 target_valid=0 target=0.000 pid=0.000 pid_base=0.000 buoyancy_pwm=0 mask_valid=1 mask=0 forward_active=0
[OK]hb
[CTRL] depth_valid=1 depth=0.000 vz=0.000 az=0.000 target_valid=0 target=0.000 pid=0.000 pid_base=0.000 buoyancy_pwm=0 mask_valid=1 mask=0 forward_active=0
[CTRL] depth_valid=1 depth=0.000 vz=0.000 az=-0.000 target_valid=0 target=0.000 pid=0.000 pid_base=0.000 buoyancy_pwm=0 mask_valid=1 mask=0 forward_active=0
[CTRL] depth_valid=1 depth=0.000 vz=-0.000 az=-0.000 target_valid=0 target=0.000 pid=0.000 pid_base=0.000 buoyancy_pwm=0 mask_valid=1 mask=0 forward_active=0
$T,0,0,0,,,,1675,532,-57,1201,0*64
[CTRL] depth_valid=1 depth=-0.000 vz=-0.000 az=-0.000 target_valid=0 target=0.000 pid=0.000 pid_base=0.000 buoyancy_pwm=0 mask_valid=1 mask=0 forward_active=0
[CTRL] depth_valid=1 depth=-0.000 vz=-0.000 az=-0.000 target_valid=0 target=0.000 pid=0.000 pid_base=0.000 buoyancy_pwm=0 mask_valid=1 mask=0 forward_active=0
[CTRL] depth_valid=1 depth=-0.000 vz=-0.000 az=-0.000 target_valid=0 target=0.000 pid=0.000 pid_base=0.000 buoyancy_pwm=0 mask_valid=1 mask=0 forward_active=0
[CTRL] depth_valid=1 depth=0.000 vz=0.000 az=0.000 target_valid=0 target=0.000 pid=0.000 pid_base=0.000 buoyancy_pwm=0 mask_valid=1 mask=0 forward_active=0
$T,0,0,0,,,,1675,532,-57,1201,0*64
[CTRL] depth_valid=1 depth=0.000 vz=0.000 az=0.000 target_valid=0 target=0.000 pid=0.000 pid_base=0.000 buoyancy_pwm=0 mask_valid=1 mask=0 forward_active=0
[CTRL] depth_valid=1 depth=0.000 vz=0.000 az=0.000 target_valid=0 target=0.000 pid=0.000 pid_base=0.000 buoyancy_pwm=0 mask_valid=1 mask=0 forward_active=0
[CTRL] depth_valid=1 depth=0.000 vz=0.000 az=0.000 target_valid=0 target=0.000 pid=0.000 pid_base=0.000 buoyancy_pwm=0 mask_valid=1 mask=0 forward_active=0
[OK]hb
[CTRL] depth_valid=1 depth=0.000 vz=0.000 az=0.000 target_valid=0 target=0.000 pid=0.000 pid_base=0.000 buoyancy_pwm=0 mask_valid=1 mask=0 forward_active=0
$T,0,0,0,,,,1675,532,-57,1205,0*60
[CTRL] depth_valid=1 depth=0.000 vz=0.000 az=0.000 target_valid=0 target=0.000 pid=0.000 pid_base=0.000 buoyancy_pwm=0 mask_valid=1 mask=0 forward_active=0
[CTRL] depth_valid=1 depth=0.000 vz=0.000 az=0.000 target_valid=0 target=0.000 pid=0.000 pid_base=0.000 buoyancy_pwm=0 mask_valid=1 mask=0 forward_active=0
[CTRL] depth_valid=1 depth=0.000 vz=0.000 az=0.000 target_valid=0 target=0.000 pid=0.000 pid_base=0.000 buoyancy_pwm=0 mask_valid=1 mask=0 forward_active=0
[CTRL] depth_valid=1 depth=0.000 vz=0.000 az=0.000 target_valid=0 target=0.000 pid=0.000 pid_base=0.000 buoyancy_pwm=0 mask_valid=1 mask=0 forward_active=0
$T,0,0,0,,,,1675,532,-57,1205,0*60
[CTRL] depth_valid=1 depth=0.000 vz=0.000 az=0.000 target_valid=0 target=0.000 pid=0.000 pid_base=0.000 buoyancy_pwm=0 mask_valid=1 mask=0 forward_active=0
[CTRL] depth_valid=1 depth=0.000 vz=0.000 az=0.000 target_valid=0 target=0.000 pid=0.000 pid_base=0.000 buoyancy_pwm=0 mask_valid=1 mask=0 forward_active=0
[CTRL] depth_valid=1 depth=0.000 vz=0.000 az=0.000 target_valid=0 target=0.000 pid=0.000 pid_base=0.000 buoyancy_pwm=0 mask_valid=1 mask=0 forward_active=0
[CTRL] depth_valid=1 depth=0.000 vz=0.000 az=0.000 target_valid=0 target=0.000 pid=0.000 pid_base=0.000 buoyancy_pwm=0 mask_valid=1 mask=0 forward_active=0
$T,0,0,0,,,,1675,532,-57,1204,0*61
[CTRL] depth_valid=1 depth=0.000 vz=0.000 az=0.000 target_valid=0 target=0.000 pid=0.000 pid_base=0.000 buoyancy_pwm=0 mask_valid=1 mask=0 forward_active=0
[OK]hb
[CTRL] depth_valid=1 depth=0.000 vz=0.000 az=0.000 target_valid=0 target=0.000 pid=0.000 pid_base=0.000 buoyancy_pwm=0 mask_valid=1 mask=0 forward_active=0
[CTRL] depth_valid=1 depth=0.000 vz=0.000 az=0.000 target_valid=0 target=0.000 pid=0.000 pid_base=0.000 buoyancy_pwm=0 mask_valid=1 mask=0 forward_active=0
[CTRL] depth_valid=1 depth=0.000 vz=0.000 az=0.000 target_valid=0 target=0.000 pid=0.000 pid_base=0.000 buoyancy_pwm=0 mask_valid=1 mask=0 forward_active=0
$T,0,0,0,,,,1675,532,-57,1205,0*60
[CTRL] depth_valid=1 depth=0.000 vz=0.000 az=0.000 target_valid=0 target=0.000 pid=0.000 pid_base=0.000 buoyancy_pwm=0 mask_valid=1 mask=0 forward_active=0
[CTRL] depth_valid=1 depth=0.000 vz=0.000 az=0.000 target_valid=0 target=0.000 pid=0.000 pid_base=0.000 buoyancy_pwm=0 mask_valid=1 mask=0 forward_active=0
[CTRL] depth_valid=1 depth=0.000 vz=0.000 az=0.000 target_valid=0 target=0.000 pid=0.000 pid_base=0.000 buoyancy_pwm=0 mask_valid=1 mask=0 forward_active=0
[CTRL] depth_valid=1 depth=0.000 vz=0.000 az=0.000 target_valid=0 target=0.000 pid=0.000 pid_base=0.000 buoyancy_pwm=0 mask_valid=1 mask=0 forward_active=0
$T,0,0,0,,,,1675,532,-57,1205,0*60
[CTRL] depth_valid=1 depth=0.000 vz=0.000 az=0.000 target_valid=0 target=0.000 pid=0.000 pid_base=0.000 buoyancy_pwm=0 mask_valid=1 mask=0 forward_active=0
[CTRL] depth_valid=1 depth=0.000 vz=0.000 az=0.000 target_valid=0 target=0.000 pid=0.000 pid_base=0.000 buoyancy_pwm=0 mask_valid=1 mask=0 forward_active=0
[CTRL] depth_valid=1 depth=0.000 vz=0.000 az=0.000 target_valid=0 target=0.000 pid=0.000 pid_base=0.000 buoyancy_pwm=0 mask_valid=1 mask=0 forward_active=0
[OK]hb
[CTRL] depth_valid=1 depth=0.000 vz=0.000 az=0.000 target_valid=0 target=0.000 pid=0.000 pid_base=0.000 buoyancy_pwm=0 mask_valid=1 mask=0 forward_active=0
$T,0,0,0,,,,1675,532,-57,1201,0*64
[CTRL] depth_valid=1 depth=0.000 vz=0.000 az=0.000 target_valid=0 target=0.000 pid=0.000 pid_base=0.000 buoyancy_pwm=0 mask_valid=1 mask=0 forward_active=0
[CTRL] depth_valid=1 depth=0.000 vz=0.000 az=0.000 target_valid=0 target=0.000 pid=0.000 pid_base=0.000 buoyancy_pwm=0 mask_valid=1 mask=0 forward_active=0
[CTRL] depth_valid=1 depth=0.000 vz=0.000 az=0.000 target_valid=0 target=0.000 pid=0.000 pid_base=0.000 buoyancy_pwm=0 mask_valid=1 mask=0 forward_active=0
[CTRL] depth_valid=1 depth=0.000 vz=0.000 az=0.000 target_valid=0 target=0.000 pid=0.000 pid_base=0.000 buoyancy_pwm=0 mask_valid=1 mask=0 forward_active=0
$T,0,0,0,,,,1675,532,-57,1201,0*64
[CTRL] depth_valid=1 depth=0.000 vz=0.000 az=0.000 target_valid=0 target=0.000 pid=0.000 pid_base=0.000 buoyancy_pwm=0 mask_valid=1 mask=0 forward_active=0
[CTRL] depth_valid=1 depth=0.000 vz=0.000 az=0.000 target_valid=0 target=0.000 pid=0.000 pid_base=0.000 buoyancy_pwm=0 mask_valid=1 mask=0 forward_active=0
[CTRL] depth_valid=1 depth=0.000 vz=0.000 az=0.000 target_valid=0 target=0.000 pid=0.000 pid_base=0.000 buoyancy_pwm=0 mask_valid=1 mask=0 forward_active=0
[CTRL] depth_valid=1 depth=0.000 vz=0.000 az=0.000 target_valid=0 target=0.000 pid=0.000 pid_base=0.000 buoyancy_pwm=0 mask_valid=1 mask=0 forward_active=0
$T,0,0,0,,,,1675,532,-57,1201,0*64
[CTRL] depth_valid=1 depth=0.000 vz=0.000 az=0.000 target_valid=0 target=0.000 pid=0.000 pid_base=0.000 buoyancy_pwm=0 mask_valid=1 mask=0 forward_active=0
[OK]hb
[CTRL] depth_valid=1 depth=0.000 vz=0.000 az=0.000 target_valid=0 target=0.000 pid=0.000 pid_base=0.000 buoyancy_pwm=0 mask_valid=1 mask=0 forward_active=0
[CTRL] depth_valid=1 depth=0.000 vz=0.000 az=0.000 target_valid=0 target=0.000 pid=0.000 pid_base=0.000 buoyancy_pwm=0 mask_valid=1 mask=0 forward_active=0
[CTRL] depth_valid=1 depth=0.000 vz=0.000 az=0.000 target_valid=0 target=0.000 pid=0.000 pid_base=0.000 buoyancy_pwm=0 mask_valid=1 mask=0 forward_active=0
$T,0,0,0,,,,1675,532,-57,1201,0*64
[CTRL] depth_valid=1 depth=0.000 vz=0.000 az=0.000 target_valid=0 target=0.000 pid=0.000 pid_base=0.000 buoyancy_pwm=0 mask_valid=1 mask=0 forward_active=0
[CTRL] depth_valid=1 depth=0.000 vz=0.000 az=0.000 target_valid=0 target=0.000 pid=0.000 pid_base=0.000 buoyancy_pwm=0 mask_valid=1 mask=0 forward_active=0
[CTRL] depth_valid=1 depth=0.000 vz=0.000 az=0.000 target_valid=0 target=0.000 pid=0.000 pid_base=0.000 buoyancy_pwm=0 mask_valid=1 mask=0 forward_active=0
[CTRL] depth_valid=1 depth=0.000 vz=0.000 az=0.000 target_valid=0 target=0.000 pid=0.000 pid_base=0.000 buoyancy_pwm=0 mask_valid=1 mask=0 forward_active=0
$T,0,0,0,,,,1675,532,-57,1199,0*66
[CTRL] depth_valid=1 depth=0.000 vz=0.000 az=0.000 target_valid=0 target=0.000 pid=0.000 pid_base=0.000 buoyancy_pwm=0 mask_valid=1 mask=0 forward_active=0
[CTRL] depth_valid=1 depth=0.000 vz=0.000 az=0.000 target_valid=0 target=0.000 pid=0.000 pid_base=0.000 buoyancy_pwm=0 mask_valid=1 mask=0 forward_active=0
[CTRL] depth_valid=1 depth=0.000 vz=0.000 az=0.000 target_valid=0 target=0.000 pid=0.000 pid_base=0.000 buoyancy_pwm=0 mask_valid=1 mask=0 forward_active=0
[OK]hb
[CTRL] depth_valid=1 depth=0.000 vz=0.000 az=0.000 target_valid=0 target=0.000 pid=0.000 pid_base=0.000 buoyancy_pwm=0 mask_valid=1 mask=0 forward_active=0
$T,0,0,0,,,,1675,532,-57,1199,0*66
[CTRL] depth_valid=1 depth=0.000 vz=0.000 az=0.000 target_valid=0 target=0.000 pid=0.000 pid_base=0.000 buoyancy_pwm=0 mask_valid=1 mask=0 forward_active=0
[CTRL] depth_valid=1 depth=0.000 vz=0.000 az=0.000 target_valid=0 target=0.000 pid=0.000 pid_base=0.000 buoyancy_pwm=0 mask_valid=1 mask=0 forward_active=0
[CTRL] depth_valid=1 depth=0.000 vz=0.000 az=0.000 target_valid=0 target=0.000 pid=0.000 pid_base=0.000 buoyancy_pwm=0 mask_valid=1 mask=0 forward_active=0
[CTRL] depth_valid=1 depth=0.000 vz=0.000 az=0.000 target_valid=0 target=0.000 pid=0.000 pid_base=0.000 buoyancy_pwm=0 mask_valid=1 mask=0 forward_active=0
$T,0,0,0,,,,1675,532,-57,1199,0*66
[CTRL] depth_valid=1 depth=0.000 vz=0.000 az=0.000 target_valid=0 target=0.000 pid=0.000 pid_base=0.000 buoyancy_pwm=0 mask_valid=1 mask=0 forward_active=0
[CTRL] depth_valid=1 depth=0.000 vz=0.000 az=0.000 target_valid=0 target=0.000 pid=0.000 pid_base=0.000 buoyancy_pwm=0 mask_valid=1 mask=0 forward_active=0
[CTRL] depth_valid=1 depth=0.000 vz=0.000 az=0.000 target_valid=0 target=0.000 pid=0.000 pid_base=0.000 buoyancy_pwm=0 mask_valid=1 mask=0 forward_active=0
[CTRL] depth_valid=1 depth=0.000 vz=0.000 az=0.000 target_valid=0 target=0.000 pid=0.000 pid_base=0.000 buoyancy_pwm=0 mask_valid=1 mask=0 forward_active=0
$T,0,0,0,,,,1675,532,-57,1205,0*60
[CTRL] depth_valid=1 depth=0.000 vz=0.000 az=0.000 target_valid=0 target=0.000 pid=0.000 pid_base=0.000 buoyancy_pwm=0 mask_valid=1 mask=0 forward_active=0
[OK]hb
[CTRL] depth_valid=1 depth=0.000 vz=0.000 az=0.000 target_valid=0 target=0.000 pid=0.000 pid_base=0.000 buoyancy_pwm=0 mask_valid=1 mask=0 forward_active=0
[CTRL] depth_valid=1 depth=0.000 vz=0.000 az=0.000 target_valid=0 target=0.000 pid=0.000 pid_base=0.000 buoyancy_pwm=0 mask_valid=1 mask=0 forward_active=0
[CTRL] depth_valid=1 depth=0.000 vz=0.000 az=0.000 target_valid=0 target=0.000 pid=0.000 pid_base=0.000 buoyancy_pwm=0 mask_valid=1 mask=0 forward_active=0
$T,0,0,0,,,,1675,532,-57,1205,0*60
[CTRL] depth_valid=1 depth=0.000 vz=0.000 az=0.000 target_valid=0 target=0.000 pid=0.000 pid_base=0.000 buoyancy_pwm=0 mask_valid=1 mask=0 forward_active=0
[CTRL] depth_valid=1 depth=0.000 vz=0.000 az=0.000 target_valid=0 target=0.000 pid=0.000 pid_base=0.000 buoyancy_pwm=0 mask_valid=1 mask=0 forward_active=0
[CTRL] depth_valid=1 depth=0.000 vz=0.000 az=0.000 target_valid=0 target=0.000 pid=0.000 pid_base=0.000 buoyancy_pwm=0 mask_valid=1 mask=0 forward_active=0
[CTRL] depth_valid=1 depth=0.000 vz=0.000 az=0.000 target_valid=0 target=0.000 pid=0.000 pid_base=0.000 buoyancy_pwm=0 mask_valid=1 mask=0 forward_active=0
$T,0,0,0,,,,1675,532,-57,1201,0*64
[CTRL] depth_valid=1 depth=0.000 vz=0.000 az=0.000 target_valid=0 target=0.000 pid=0.000 pid_base=0.000 buoyancy_pwm=0 mask_valid=1 mask=0 forward_active=0
[CTRL] depth_valid=1 depth=0.000 vz=0.000 az=0.000 target_valid=0 target=0.000 pid=0.000 pid_base=0.000 buoyancy_pwm=0 mask_valid=1 mask=0 forward_active=0
[CTRL] depth_valid=1 depth=0.000 vz=0.000 az=0.000 target_valid=0 target=0.000 pid=0.000 pid_base=0.000 buoyancy_pwm=0 mask_valid=1 mask=0 forward_active=0
[OK]hb
[CTRL] depth_valid=1 depth=0.000 vz=0.000 az=0.000 target_valid=0 target=0.000 pid=0.000 pid_base=0.000 buoyancy_pwm=0 mask_valid=1 mask=0 forward_active=0
$T,0,0,0,,,,1675,532,-57,1198,0*67
[CTRL] depth_valid=1 depth=0.000 vz=0.000 az=0.000 target_valid=0 target=0.000 pid=0.000 pid_base=0.000 buoyancy_pwm=0 mask_valid=1 mask=0 forward_active=0
[CTRL] depth_valid=1 depth=0.000 vz=0.000 az=0.000 target_valid=0 target=0.000 pid=0.000 pid_base=0.000 buoyancy_pwm=0 mask_valid=1 mask=0 forward_active=0
[CTRL] depth_valid=1 depth=0.000 vz=0.000 az=0.000 target_valid=0 target=0.000 pid=0.000 pid_base=0.000 buoyancy_pwm=0 mask_valid=1 mask=0 forward_active=0
[CTRL] depth_valid=1 depth=0.000 vz=0.000 az=0.000 target_valid=0 target=0.000 pid=0.000 pid_base=0.000 buoyancy_pwm=0 mask_valid=1 mask=0 forward_active=0
$T,0,0,0,,,,1675,532,-58,1201,0*6B
[CTRL] depth_valid=1 depth=0.000 vz=0.000 az=0.000 target_valid=0 target=0.000 pid=0.000 pid_base=0.000 buoyancy_pwm=0 mask_valid=1 mask=0 forward_active=0
[CTRL] depth_valid=1 depth=0.000 vz=0.000 az=0.000 target_valid=0 target=0.000 pid=0.000 pid_base=0.000 buoyancy_pwm=0 mask_valid=1 mask=0 forward_active=0
[CTRL] depth_valid=1 depth=0.000 vz=0.000 az=0.000 target_valid=0 target=0.000 pid=0.000 pid_base=0.000 buoyancy_pwm=0 mask_valid=1 mask=0 forward_active=0
[CTRL] depth_valid=1 depth=0.000 vz=0.000 az=0.000 target_valid=0 target=0.000 pid=0.000 pid_base=0.000 buoyancy_pwm=0 mask_valid=1 mask=0 forward_active=0
$T,0,0,0,,,,1675,532,-58,1201,0*6B
[CTRL] depth_valid=1 depth=0.000 vz=0.000 az=0.000 target_valid=0 target=0.000 pid=0.000 pid_base=0.000 buoyancy_pwm=0 mask_valid=1 mask=0 forward_active=0
[OK]hb
[CTRL] depth_valid=1 depth=0.000 vz=0.000 az=0.000 target_valid=0 target=0.000 pid=0.000 pid_base=0.000 buoyancy_pwm=0 mask_valid=1 mask=0 forward_active=0
[CTRL] depth_valid=1 depth=0.000 vz=0.000 az=0.000 target_valid=0 target=0.000 pid=0.000 pid_base=0.000 buoyancy_pwm=0 mask_valid=1 mask=0 forward_active=0
[CTRL] depth_valid=1 depth=0.000 vz=0.000 az=0.000 target_valid=0 target=0.000 pid=0.000 pid_base=0.000 buoyancy_pwm=0 mask_valid=1 mask=0 forward_active=0
$T,0,0,0,,,,1675,532,-58,1201,0*6B
[CTRL] depth_valid=1 depth=0.000 vz=0.000 az=0.000 target_valid=0 target=0.000 pid=0.000 pid_base=0.000 buoyancy_pwm=0 mask_valid=1 mask=0 forward_active=0
[CTRL] depth_valid=1 depth=0.000 vz=0.000 az=0.000 target_valid=0 target=0.000 pid=0.000 pid_base=0.000 buoyancy_pwm=0 mask_valid=1 mask=0 forward_active=0
[CTRL] depth_valid=1 depth=0.000 vz=0.000 az=0.000 target_valid=0 target=0.000 pid=0.000 pid_base=0.000 buoyancy_pwm=0 mask_valid=1 mask=0 forward_active=0
[CTRL] depth_valid=1 depth=0.000 vz=0.000 az=0.000 target_valid=0 target=0.000 pid=0.000 pid_base=0.000 buoyancy_pwm=0 mask_valid=1 mask=0 forward_active=0
$T,0,0,0,,,,1675,532,-58,1202,0*68
[CTRL] depth_valid=1 depth=0.000 vz=0.000 az=0.000 target_valid=0 target=0.000 pid=0.000 pid_base=0.000 buoyancy_pwm=0 mask_valid=1 mask=0 forward_active=0
[CTRL] depth_valid=1 depth=0.000 vz=0.000 az=0.000 target_valid=0 target=0.000 pid=0.000 pid_base=0.000 buoyancy_pwm=0 mask_valid=1 mask=0 forward_active=0
[CTRL] depth_valid=1 depth=0.000 vz=0.000 az=0.000 target_valid=0 target=0.000 pid=0.000 pid_base=0.000 buoyancy_pwm=0 mask_valid=1 mask=0 forward_active=0
[OK]hb
[CTRL] depth_valid=1 depth=0.000 vz=0.000 az=0.000 target_valid=0 target=0.000 pid=0.000 pid_base=0.000 buoyancy_pwm=0 mask_valid=1 mask=0 forward_active=0
$T,0,0,0,,,,1675,532,-58,1201,0*6B
[CTRL] depth_valid=1 depth=0.000 vz=0.000 az=0.000 target_valid=0 target=0.000 pid=0.000 pid_base=0.000 buoyancy_pwm=0 mask_valid=1 mask=0 forward_active=0
[CTRL] depth_valid=1 depth=0.000 vz=0.000 az=0.000 target_valid=0 target=0.000 pid=0.000 pid_base=0.000 buoyancy_pwm=0 mask_valid=1 mask=0 forward_active=0
[CTRL] depth_valid=1 depth=0.000 vz=0.000 az=0.000 target_valid=0 target=0.000 pid=0.000 pid_base=0.000 buoyancy_pwm=0 mask_valid=1 mask=0 forward_active=0
[CTRL] depth_valid=1 depth=0.000 vz=0.000 az=0.000 target_valid=0 target=0.000 pid=0.000 pid_base=0.000 buoyancy_pwm=0 mask_valid=1 mask=0 forward_active=0
$T,0,0,0,,,,1675,532,-58,1200,0*6A
[CTRL] depth_valid=1 depth=0.000 vz=0.000 az=0.000 target_valid=0 target=0.000 pid=0.000 pid_base=0.000 buoyancy_pwm=0 mask_valid=1 mask=0 forward_active=0
[CTRL] depth_valid=1 depth=0.000 vz=0.000 az=0.000 target_valid=0 target=0.000 pid=0.000 pid_base=0.000 buoyancy_pwm=0 mask_valid=1 mask=0 forward_active=0
[CTRL] depth_valid=1 depth=0.000 vz=0.000 az=0.000 target_valid=0 target=0.000 pid=0.000 pid_base=0.000 buoyancy_pwm=0 mask_valid=1 mask=0 forward_active=0
[CTRL] depth_valid=1 depth=0.000 vz=0.000 az=0.000 target_valid=0 target=0.000 pid=0.000 pid_base=0.000 buoyancy_pwm=0 mask_valid=1 mask=0 forward_active=0
$T,0,0,0,,,,1675,532,-58,1200,0*6A
[CTRL] depth_valid=1 depth=0.000 vz=0.000 az=0.000 target_valid=0 target=0.000 pid=0.000 pid_base=0.000 buoyancy_pwm=0 mask_valid=1 mask=0 forward_active=0
[CTRL] depth_valid=1 depth=0.000 vz=0.000 az=0.000 target_valid=0 target=0.000 pid=0.000 pid_base=0.000 buoyancy_pwm=0 mask_valid=1 mask=0 forward_active=0
[OK]hb
[CTRL] depth_valid=1 depth=0.000 vz=0.000 az=0.000 target_valid=0 target=0.000 pid=0.000 pid_base=0.000 buoyancy_pwm=0 mask_valid=1 mask=0 forward_active=0
[CTRL] depth_valid=1 depth=0.000 vz=0.000 az=0.000 target_valid=0 target=0.000 pid=0.000 pid_base=0.000 buoyancy_pwm=0 mask_valid=1 mask=0 forward_active=0
$T,0,0,0,,,,1675,532,-58,1200,0*6A
[CTRL] depth_valid=1 depth=0.000 vz=0.000 az=0.000 target_valid=0 target=0.000 pid=0.000 pid_base=0.000 buoyancy_pwm=0 mask_valid=1 mask=0 forward_active=0
[CTRL] depth_valid=1 depth=0.000 vz=0.000 az=0.000 target_valid=0 target=0.000 pid=0.000 pid_base=0.000 buoyancy_pwm=0 mask_valid=1 mask=0 forward_active=0
[CTRL] depth_valid=1 depth=0.000 vz=0.000 az=0.000 target_valid=0 target=0.000 pid=0.000 pid_base=0.000 buoyancy_pwm=0 mask_valid=1 mask=0 forward_active=0
[CTRL] depth_valid=1 depth=0.000 vz=0.000 az=0.000 target_valid=0 target=0.000 pid=0.000 pid_base=0.000 buoyancy_pwm=0 mask_valid=1 mask=0 forward_active=0
$T,0,0,0,,,,1675,532,-58,1206,0*6C
[CTRL] depth_valid=1 depth=0.000 vz=0.000 az=0.000 target_valid=0 target=0.000 pid=0.000 pid_base=0.000 buoyancy_pwm=0 mask_valid=1 mask=0 forward_active=0
[CTRL] depth_valid=1 depth=0.000 vz=0.000 az=0.000 target_valid=0 target=0.000 pid=0.000 pid_base=0.000 buoyancy_pwm=0 mask_valid=1 mask=0 forward_active=0
[CTRL] depth_valid=1 depth=0.000 vz=0.000 az=0.000 target_valid=0 target=0.000 pid=0.000 pid_base=0.000 buoyancy_pwm=0 mask_valid=1 mask=0 forward_active=0
[CTRL] depth_valid=1 depth=0.000 vz=0.000 az=0.000 target_valid=0 target=0.000 pid=0.000 pid_base=0.000 buoyancy_pwm=0 mask_valid=1 mask=0 forward_active=0
$T,0,0,0,,,,1674,532,-58,1206,0*6D
[OK]hb
[CTRL] depth_valid=1 depth=0.000 vz=0.000 az=0.000 target_valid=0 target=0.000 pid=0.000 pid_base=0.000 buoyancy_pwm=0 mask_valid=1 mask=0 forward_active=0
[CTRL] depth_valid=1 depth=0.000 vz=0.000 az=0.000 target_valid=0 target=0.000 pid=0.000 pid_base=0.000 buoyancy_pwm=0 mask_valid=1 mask=0 forward_active=0
[CTRL] depth_valid=1 depth=0.000 vz=0.000 az=0.000 target_valid=0 target=0.000 pid=0.000 pid_base=0.000 buoyancy_pwm=0 mask_valid=1 mask=0 forward_active=0
[CTRL] depth_valid=1 depth=0.000 vz=0.000 az=0.000 target_valid=0 target=0.000 pid=0.000 pid_base=0.000 buoyancy_pwm=0 mask_valid=1 mask=0 forward_active=0
$T,0,0,0,,,,1674,532,-58,1202,0*69
[CTRL] depth_valid=1 depth=0.000 vz=0.000 az=0.000 target_valid=0 target=0.000 pid=0.000 pid_base=0.000 buoyancy_pwm=0 mask_valid=1 mask=0 forward_active=0
[CTRL] depth_valid=1 depth=0.000 vz=0.000 az=0.000 target_valid=0 target=0.000 pid=0.000 pid_base=0.000 buoyancy_pwm=0 mask_valid=1 mask=0 forward_active=0
[CTRL] depth_valid=1 depth=0.000 vz=0.000 az=0.000 target_valid=0 target=0.000 pid=0.000 pid_base=0.000 buoyancy_pwm=0 mask_valid=1 mask=0 forward_active=0
[CTRL] depth_valid=1 depth=0.000 vz=0.000 az=0.000 target_valid=0 target=0.000 pid=0.000 pid_base=0.000 buoyancy_pwm=0 mask_valid=1 mask=0 forward_active=0
$T,0,0,0,,,,1674,532,-58,1202,0*69
[CTRL] depth_valid=1 depth=0.000 vz=0.000 az=0.000 target_valid=0 target=0.000 pid=0.000 pid_base=0.000 buoyancy_pwm=0 mask_valid=1 mask=0 forward_active=0
[CTRL] depth_valid=1 depth=0.000 vz=0.000 az=0.000 target_valid=0 target=0.000 pid=0.000 pid_base=0.000 buoyancy_pwm=0 mask_valid=1 mask=0 forward_active=0
[OK]hb
[CTRL] depth_valid=1 depth=0.010 vz=0.018 az=0.015 target_valid=0 target=0.000 pid=0.000 pid_base=0.000 buoyancy_pwm=0 mask_valid=1 mask=0 forward_active=0
[CTRL] depth_valid=1 depth=0.002 vz=-0.007 az=-0.011 target_valid=0 target=0.000 pid=0.000 pid_base=0.000 buoyancy_pwm=0 mask_valid=1 mask=0 forward_active=0
$T,0,0,0,,,,1674,532,-58,1200,0*6B
[CTRL] depth_valid=1 depth=-0.001 vz=-0.009 az=-0.010 target_valid=0 target=0.000 pid=0.000 pid_base=0.000 buoyancy_pwm=0 mask_valid=1 mask=0 forward_active=0
[CTRL] depth_valid=1 depth=-0.001 vz=-0.006 az=-0.004 target_valid=0 target=0.000 pid=0.000 pid_base=0.000 buoyancy_pwm=0 mask_valid=1 mask=0 forward_active=0
[CTRL] depth_valid=1 depth=-0.001 vz=-0.002 az=0.001 target_valid=0 target=0.000 pid=0.000 pid_base=0.000 buoyancy_pwm=0 mask_valid=1 mask=0 forward_active=0
[CTRL] depth_valid=1 depth=-0.000 vz=0.001 az=0.003 target_valid=0 target=0.000 pid=0.000 pid_base=0.000 buoyancy_pwm=0 mask_valid=1 mask=0 forward_active=0
$T,0,0,0,,,,1674,532,-58,1203,0*68
[CTRL] depth_valid=1 depth=0.000 vz=0.001 az=0.002 target_valid=0 target=0.000 pid=0.000 pid_base=0.000 buoyancy_pwm=0 mask_valid=1 mask=0 forward_active=0
[CTRL] depth_valid=1 depth=0.000 vz=0.001 az=0.001 target_valid=0 target=0.000 pid=0.000 pid_base=0.000 buoyancy_pwm=0 mask_valid=1 mask=0 forward_active=0
[CTRL] depth_valid=1 depth=0.000 vz=0.000 az=0.000 target_valid=0 target=0.000 pid=0.000 pid_base=0.000 buoyancy_pwm=0 mask_valid=1 mask=0 forward_active=0
[OK]hb
[CTRL] depth_valid=1 depth=0.000 vz=0.000 az=0.000 target_valid=0 target=0.000 pid=0.000 pid_base=0.000 buoyancy_pwm=0 mask_valid=1 mask=0 forward_active=0
$T,0,0,0,,,,1674,532,-58,1206,0*6D
[CTRL] depth_valid=1 depth=0.000 vz=-0.000 az=-0.000 target_valid=0 target=0.000 pid=0.000 pid_base=0.000 buoyancy_pwm=0 mask_valid=1 mask=0 forward_active=0
[CTRL] depth_valid=1 depth=-0.000 vz=-0.000 az=-0.000 target_valid=0 target=0.000 pid=0.000 pid_base=0.000 buoyancy_pwm=0 mask_valid=1 mask=0 forward_active=0
[CTRL] depth_valid=1 depth=-0.000 vz=-0.000 az=-0.000 target_valid=0 target=0.000 pid=0.000 pid_base=0.000 buoyancy_pwm=0 mask_valid=1 mask=0 forward_active=0
[CTRL] depth_valid=1 depth=-0.000 vz=-0.000 az=-0.000 target_valid=0 target=0.000 pid=0.000 pid_base=0.000 buoyancy_pwm=0 mask_valid=1 mask=0 forward_active=0
$T,0,0,0,,,,1674,532,-58,1203,0*68
[CTRL] depth_valid=1 depth=-0.000 vz=-0.000 az=0.000 target_valid=0 target=0.000 pid=0.000 pid_base=0.000 buoyancy_pwm=0 mask_valid=1 mask=0 forward_active=0
[CTRL] depth_valid=1 depth=0.000 vz=0.000 az=0.000 target_valid=0 target=0.000 pid=0.000 pid_base=0.000 buoyancy_pwm=0 mask_valid=1 mask=0 forward_active=0
[CTRL] depth_valid=1 depth=0.000 vz=0.000 az=0.000 target_valid=0 target=0.000 pid=0.000 pid_base=0.000 buoyancy_pwm=0 mask_valid=1 mask=0 forward_active=0
[CTRL] depth_valid=1 depth=0.000 vz=0.000 az=0.000 target_valid=0 target=0.000 pid=0.000 pid_base=0.000 buoyancy_pwm=0 mask_valid=1 mask=0 forward_active=0
$T,0,0,0,,,,1674,532,-58,1203,0*68
[CTRL] depth_valid=1 depth=0.000 vz=0.000 az=0.000 target_valid=0 target=0.000 pid=0.000 pid_base=0.000 buoyancy_pwm=0 mask_valid=1 mask=0 forward_active=0
[CTRL] depth_valid=1 depth=0.000 vz=-0.000 az=-0.000 target_valid=0 target=0.000 pid=0.000 pid_base=0.000 buoyancy_pwm=0 mask_valid=1 mask=0 forward_active=0
[OK]hb
[CTRL] depth_valid=1 depth=-0.000 vz=-0.000 az=-0.000 target_valid=0 target=0.000 pid=0.000 pid_base=0.000 buoyancy_pwm=0 mask_valid=1 mask=0 forward_active=0
[CTRL] depth_valid=1 depth=-0.000 vz=-0.000 az=-0.000 target_valid=0 target=0.000 pid=0.000 pid_base=0.000 buoyancy_pwm=0 mask_valid=1 mask=0 forward_active=0
$T,0,0,0,,,,1674,532,-58,1207,0*6C
[CTRL] depth_valid=1 depth=-0.000 vz=-0.000 az=-0.000 target_valid=0 target=0.000 pid=0.000 pid_base=0.000 buoyancy_pwm=0 mask_valid=1 mask=0 forward_active=0
[CTRL] depth_valid=1 depth=-0.000 vz=-0.000 az=-0.000 target_valid=0 target=0.000 pid=0.000 pid_base=0.000 buoyancy_pwm=0 mask_valid=1 mask=0 forward_active=0
[CTRL] depth_valid=1 depth=-0.000 vz=0.000 az=0.000 target_valid=0 target=0.000 pid=0.000 pid_base=0.000 buoyancy_pwm=0 mask_valid=1 mask=0 forward_active=0
[CTRL] depth_valid=1 depth=0.000 vz=0.000 az=0.000 target_valid=0 target=0.000 pid=0.000 pid_base=0.000 buoyancy_pwm=0 mask_valid=1 mask=0 forward_active=0
$T,0,0,0,,,,1674,532,-58,1207,0*6C
[CTRL] depth_valid=1 depth=0.019 vz=0.028 az=0.015 target_valid=0 target=0.000 pid=0.000 pid_base=0.000 buoyancy_pwm=0 mask_valid=1 mask=0 forward_active=0
[CTRL] depth_valid=1 depth=0.003 vz=-0.022 az=-0.032 target_valid=0 target=0.000 pid=0.000 pid_base=0.000 buoyancy_pwm=0 mask_valid=1 mask=0 forward_active=0
[CTRL] depth_valid=1 depth=-0.002 vz=-0.023 az=-0.022 target_valid=0 target=0.000 pid=0.000 pid_base=0.000 buoyancy_pwm=0 mask_valid=1 mask=0 forward_active=0
[CTRL] depth_valid=1 depth=-0.002 vz=-0.011 az=-0.005 target_valid=0 target=0.000 pid=0.000 pid_base=0.000 buoyancy_pwm=0 mask_valid=1 mask=0 forward_active=0
$T,0,0,0,,,,1673,532,-58,1199,0*6F
[OK]hb
[CTRL] depth_valid=1 depth=-0.001 vz=-0.002 az=0.004 target_valid=0 target=0.000 pid=0.000 pid_base=0.000 buoyancy_pwm=0 mask_valid=1 mask=0 forward_active=0
[CTRL] depth_valid=1 depth=-0.000 vz=0.002 az=0.006 target_valid=0 target=0.000 pid=0.000 pid_base=0.000 buoyancy_pwm=0 mask_valid=1 mask=0 forward_active=0
[CTRL] depth_valid=1 depth=0.003 vz=0.006 az=0.007 target_valid=0 target=0.000 pid=0.000 pid_base=0.000 buoyancy_pwm=0 mask_valid=1 mask=0 forward_active=0
[CTRL] depth_valid=1 depth=0.003 vz=0.003 az=0.000 target_valid=0 target=0.000 pid=0.000 pid_base=0.000 buoyancy_pwm=0 mask_valid=1 mask=0 forward_active=0
$T,0,0,0,,,,1673,532,-59,1201,0*6C
[CTRL] depth_valid=1 depth=0.000 vz=-0.005 az=-0.006 target_valid=0 target=0.000 pid=0.000 pid_base=0.000 buoyancy_pwm=0 mask_valid=1 mask=0 forward_active=0
[CTRL] depth_valid=1 depth=-0.000 vz=-0.004 az=-0.003 target_valid=0 target=0.000 pid=0.000 pid_base=0.000 buoyancy_pwm=0 mask_valid=1 mask=0 forward_active=0
[CTRL] depth_valid=1 depth=-0.000 vz=-0.002 az=-0.000 target_valid=0 target=0.000 pid=0.000 pid_base=0.000 buoyancy_pwm=0 mask_valid=1 mask=0 forward_active=0
[CTRL] depth_valid=1 depth=-0.000 vz=-0.000 az=0.001 target_valid=0 target=0.000 pid=0.000 pid_base=0.000 buoyancy_pwm=0 mask_valid=1 mask=0 forward_active=0
$T,0,0,0,,,,1671,532,-62,1201,0*66
[CTRL] depth_valid=1 depth=-0.000 vz=0.000 az=0.001 target_valid=0 target=0.000 pid=0.000 pid_base=0.000 buoyancy_pwm=0 mask_valid=1 mask=0 forward_active=0
[CTRL] depth_valid=1 depth=0.006 vz=0.014 az=0.014 target_valid=0 target=0.000 pid=0.000 pid_base=0.000 buoyancy_pwm=0 mask_valid=1 mask=0 forward_active=0
[OK]hb
[CTRL] depth_valid=1 depth=0.001 vz=-0.000 az=-0.002 target_valid=0 target=0.000 pid=0.000 pid_base=0.000 buoyancy_pwm=0 mask_valid=1 mask=0 forward_active=0
[CTRL] depth_valid=1 depth=-0.000 vz=-0.003 az=-0.004 target_valid=0 target=0.000 pid=0.000 pid_base=0.000 buoyancy_pwm=0 mask_valid=1 mask=0 forward_active=0
$T,0,0,0,,,,1670,532,-62,1201,0*67
[CTRL] depth_valid=1 depth=-0.000 vz=-0.003 az=-0.002 target_valid=0 target=0.000 pid=0.000 pid_base=0.000 buoyancy_pwm=0 mask_valid=1 mask=0 forward_active=0
[CTRL] depth_valid=1 depth=-0.000 vz=-0.001 az=0.000 target_valid=0 target=0.000 pid=0.000 pid_base=0.000 buoyancy_pwm=0 mask_valid=1 mask=0 forward_active=0
[CTRL] depth_valid=1 depth=0.002 vz=0.004 az=0.003 target_valid=0 target=0.000 pid=0.000 pid_base=0.000 buoyancy_pwm=0 mask_valid=1 mask=0 forward_active=0
[CTRL] depth_valid=1 depth=0.000 vz=-0.002 az=-0.003 target_valid=0 target=0.000 pid=0.000 pid_base=0.000 buoyancy_pwm=0 mask_valid=1 mask=0 forward_active=0
$T,0,0,0,,,,1670,532,-63,1206,0*61
[CTRL] depth_valid=1 depth=-0.000 vz=-0.002 az=-0.002 target_valid=0 target=0.000 pid=0.000 pid_base=0.000 buoyancy_pwm=0 mask_valid=1 mask=0 forward_active=0
[CTRL] depth_valid=1 depth=-0.000 vz=-0.001 az=-0.000 target_valid=0 target=0.000 pid=0.000 pid_base=0.000 buoyancy_pwm=0 mask_valid=1 mask=0 forward_active=0
[CTRL] depth_valid=1 depth=-0.000 vz=-0.000 az=0.001 target_valid=0 target=0.000 pid=0.000 pid_base=0.000 buoyancy_pwm=0 mask_valid=1 mask=0 forward_active=0
[CTRL] depth_valid=1 depth=-0.000 vz=0.000 az=0.001 target_valid=0 target=0.000 pid=0.000 pid_base=0.000 buoyancy_pwm=0 mask_valid=1 mask=0 forward_active=0
[OK]hb
$T,0,0,0,,,,1670,532,-63,1206,0*61
[CTRL] depth_valid=1 depth=0.000 vz=0.000 az=0.001 target_valid=0 target=0.000 pid=0.000 pid_base=0.000 buoyancy_pwm=0 mask_valid=1 mask=0 forward_active=0
[CTRL] depth_valid=1 depth=0.000 vz=0.000 az=0.000 target_valid=0 target=0.000 pid=0.000 pid_base=0.000 buoyancy_pwm=0 mask_valid=1 mask=0 forward_active=0
[CTRL] depth_valid=1 depth=0.000 vz=0.000 az=0.000 target_valid=0 target=0.000 pid=0.000 pid_base=0.000 buoyancy_pwm=0 mask_valid=1 mask=0 forward_active=0
[CTRL] depth_valid=1 depth=0.000 vz=0.000 az=0.000 target_valid=0 target=0.000 pid=0.000 pid_base=0.000 buoyancy_pwm=0 mask_valid=1 mask=0 forward_active=0
$T,0,0,0,,,,1670,532,-63,1203,0*64
[CTRL] depth_valid=1 depth=0.000 vz=-0.000 az=-0.000 target_valid=0 target=0.000 pid=0.000 pid_base=0.000 buoyancy_pwm=0 mask_valid=1 mask=0 forward_active=0
[CTRL] depth_valid=1 depth=-0.000 vz=-0.000 az=-0.000 target_valid=0 target=0.000 pid=0.000 pid_base=0.000 buoyancy_pwm=0 mask_valid=1 mask=0 forward_active=0
[CTRL] depth_valid=1 depth=-0.000 vz=-0.000 az=-0.000 target_valid=0 target=0.000 pid=0.000 pid_base=0.000 buoyancy_pwm=0 mask_valid=1 mask=0 forward_active=0
[CTRL] depth_valid=1 depth=-0.000 vz=-0.000 az=-0.000 target_valid=0 target=0.000 pid=0.000 pid_base=0.000 buoyancy_pwm=0 mask_valid=1 mask=0 forward_active=0
$T,0,0,0,,,,1670,532,-63,1213,0*65
[CTRL] depth_valid=1 depth=0.002 vz=0.003 az=0.002 target_valid=0 target=0.000 pid=0.000 pid_base=0.000 buoyancy_pwm=0 mask_valid=1 mask=0 forward_active=0
[Cz=-0.003 az=-4 target_valid=0 target=0.000 pid=0.000 pid_base=0.000 buoyancy_pwm=0 mask_valid=1 mask=0 forward_active=0
[CTRL] depth_valid=1 depth=-0.000 vz=-0.003 az=-0.003 target_valid=0 target=0.000 pid=0.000 pid_base=0.000 buoyancy_pwm=0 mask_valid=1 mask=0 forward_active=0
[CTRL] depth_valid=1 depth=-0.000 vz=-0.001 az=-0.001 target_valid=0 target=0.000 pid=0.000 pid_base=0.000 buoyancy_pwm=0 mask_valid=1 mask=0 forward_active=0
$T,0,0,0,,,,1670,532,-63,1204,0*63
[CTRL] depth_valid=1 depth=0.017 vz=0.024 az=0.013 target_valid=0 target=0.000 pid=0.000 pid_base=0.000 buoyancy_pwm=0 mask_valid=1 mask=0 forward_active=0
[CTRL] depth_valid=1 depth=0.007 vz=-0.012 az=-0.024 target_valid=0 target=0.000 pid=0.000 pid_base=0.000 buoyancy_pwm=0 mask_valid=1 mask=0 forward_active=0
[CTRL] depth_valid=1 depth=0.001 vz=-0.021 az=-0.025 target_valid=0 target=0.000 pid=0.000 pid_base=0.000 buoyancy_pwm=0 mask_valid=1 mask=0 forward_active=0
[CTRL] depth_valid=1 depth=0.003 vz=-0.011 az=-0.010 target_valid=0 target=0.000 pid=0.000 pid_base=0.000 buoyancy_pwm=0 mask_valid=1 mask=0 forward_active=0
$T,0,0,0,,,,1670,532,-63,1204,0*63
[CTRL] depth_valid=1 depth=-0.001 vz=-0.013 az=-0.008 target_valid=0 target=0.000 pid=0.000 pid_base=0.000 buoyancy_pwm=0 mask_valid=1 mask=0 forward_active=0
[CTRL] depth_valid=1 depth=0.004 vz=0.001 az=0.004 target_valid=0 target=0.000 pid=0.000 pid_base=0.000 buoyancy_pwm=0 mask_valid=1 mask=0 forward_active=0
[CTRL] depth_valid=1 depth=0.000 vz=-0.006 az=-0.003 target_valid=0 target=0.000 pid=0.000 pid_base=0.000 buoyancy_pwm=0 mask_valid=1 mask=0 forward_active=0
[OK]hb
[CTRL] depth_valid=1 depth=0.002 vz=-0.000 az=0.001 target_valid=0 target=0.000 pid=0.000 pid_base=0.000 buoyancy_pwm=0 mask_valid=1 mask=0 forward_active=0
$T,0,0,0,,,,1670,532,-63,1204,0*63
[CTRL] depth_valid=1 depth=0.005 vz=0.008 az=0.009 target_valid=0 target=0.000 pid=0.000 pid_base=0.000 buoyancy_pwm=0 mask_valid=1 mask=0 forward_active=0
[CTRL] depth_valid=1 depth=0.000 vz=-0.004 az=-0.004 target_valid=0 target=0.000 pid=0.000 pid_base=0.000 buoyancy_pwm=0 mask_valid=1 mask=0 forward_active=0
[CTRL] depth_valid=1 depth=-0.000 vz=-0.003 az=-0.002 target_valid=0 target=0.000 pid=0.000 pid_base=0.000 buoyancy_pwm=0 mask_valid=1 mask=0 forward_active=0
[CTRL] depth_valid=1 depth=-0.000 vz=-0.001 az=0.001 target_valid=0 target=0.000 pid=0.000 pid_base=0.000 buoyancy_pwm=0 mask_valid=1 mask=0 forward_active=0
$T,0,0,0,,,,1670,532,-63,1200,0*67
[CTRL] depth_valid=1 depth=-0.000 vz=0.000 az=0.002 target_valid=0 target=0.000 pid=0.000 pid_base=0.000 buoyancy_pwm=0 mask_valid=1 mask=0 forward_active=0
[CTRL] depth_valid=1 depth=0.000 vz=0.001 az=0.002 target_valid=0 target=0.000 pid=0.000 pid_base=0.000 buoyancy_pwm=0 mask_valid=1 mask=0 forward_active=0
[CTRL] depth_valid=1 depth=0.000 vz=0.001 az=0.001 target_valid=0 target=0.000 pid=0.000 pid_base=0.000 buoyancy_pwm=0 mask_valid=1 mask=0 forward_active=0
[CTRL] depth_valid=1 depth=0.000 vz=0.000 az=0.000 target_valid=0 target=0.000 pid=0.000 pid_base=0.000 buoyancy_pwm=0 mask_valid=1 mask=0 forward_active=0
$T,0,0,0,,,,1669,532,-63,1200,0*6F
[CTRL] depth_valid=1 depth=0.000 vz=0.000 az=0.000 target_valid=0 target=0.000 pid=0.000 pid_base=0.000 buoyancy_pwm=0 mask_valid=1 mask=0 forward_active=0
[CTRL] depz=0.0 target_valid=0 target=0.000 pid=0.000 pid_base=0.000 buoyancy_pwm=0 mask_valid=1 mask=0 forward_active=0
[CTRL] depth_valid=1 depth=0.000 vz=-0.000 az=-0.000 target_valid=0 target=0.000 pid=0.000 pid_base=0.000 buoyancy_pwm=0 mask_valid=1 mask=0 forward_active=0
[CTRL] depth_valid=1 depth=-0.000 vz=-0.000 az=-0.000 target_valid=0 target=0.000 pid=0.000 pid_base=0.000 buoyancy_pwm=0 mask_valid=1 mask=0 forward_active=0
$T,0,0,0,,,,1669,532,-63,1202,0*6D
[CTRL] depth_valid=1 depth=0.013 vz=0.030 az=0.029 target_valid=0 target=0.000 pid=0.000 pid_base=0.000 buoyancy_pwm=0 mask_valid=1 mask=0 forward_active=0
[CTRL] depth_valid=1 depth=0.015 vz=0.012 az=-0.001 target_valid=0 target=0.000 pid=0.000 pid_base=0.000 buoyancy_pwm=0 mask_valid=1 mask=0 forward_active=0
[CTRL] depth_valid=1 depth=0.008 vz=-0.004 az=-0.009 target_valid=0 target=0.000 pid=0.000 pid_base=0.000 buoyancy_pwm=0 mask_valid=1 mask=0 forward_active=0
[CTRL] depth_valid=1 depth=0.007 vz=-0.010 az=-0.014 target_valid=0 target=0.000 pid=0.000 pid_base=0.000 buoyancy_pwm=0 mask_valid=1 mask=0 forward_active=0
$T,0,0,0,,,,1669,532,-63,1201,0*6E
[CTRL] depth_valid=1 depth=0.000 vz=-0.021 az=-0.021 target_valid=0 target=0.000 pid=0.000 pid_base=0.000 buoyancy_pwm=0 mask_valid=1 mask=0 forward_active=0
[CTRL] depth_valid=1 depth=-0.002 vz=-0.012 az=-0.005 target_valid=0 target=0.000 pid=0.000 pid_base=0.000 buoyancy_pwm=0 mask_valid=1 mask=0 forward_active=0
[CTRL] depth_valid=1 depth=0.006 vz=0.008 az=0.010 target_valid=0 target=0.000 pid=0.000 pid_base=0.000 buoyancy_pwm=0 mask_valid=1 mask=0 forward_active=0
[CTRL] depth_valid=1 depth=0.000 vz=-0.006 az=-0.005 target_valid=0 target=0.000 pid=0.000 pid_base=0.000 buoyancy_pwm=0 mask_valid=1 mask=0 forward_active=0
$T,0,0,0,,,,1669,532,-63,1203,0*6C
[OK]hb
[CTRL] depth_valid=1 depth=0.011 vz=0.021 az=0.022 target_valid=0 target=0.000 pid=0.000 pid_base=0.000 buoyancy_pwm=0 mask_valid=1 mask=0 forward_active=0
[CTRL] depth_valid=1 depth=0.012 vz=0.009 az=0.000 target_valid=0 target=0.000 pid=0.000 pid_base=0.000 buoyancy_pwm=0 mask_valid=1 mask=0 forward_active=0
[CTRL] depth_valid=1 depth=0.001 vz=-0.019 az=-0.023 target_valid=0 target=0.000 pid=0.000 pid_base=0.000 buoyancy_pwm=0 mask_valid=1 mask=0 forward_active=0
[CTRL] depth_valid=1 depth=-0.002 vz=-0.015 az=-0.013 target_valid=0 target=0.000 pid=0.000 pid_base=0.000 buoyancy_pwm=0 mask_valid=1 mask=0 forward_active=0
$T,0,0,0,,,,1669,532,-63,1204,0*6B
[CTRL] depth_valid=1 depth=-0.001 vz=-0.006 az=-0.001 target_valid=0 target=0.000 pid=0.000 pid_base=0.000 buoyancy_pwm=0 mask_valid=1 mask=0 forward_active=0
[CTRL] depth_valid=1 depth=-0.001 vz=-0.000 az=0.005 target_valid=0 target=0.000 pid=0.000 pid_base=0.000 buoyancy_pwm=0 mask_valid=1 mask=0 forward_active=0
[CTRL] depth_valid=1 depth=0.000 vz=0.002 az=0.005 target_valid=0 target=0.000 pid=0.000 pid_base=0.000 buoyancy_pwm=0 mask_valid=1 mask=0 forward_active=0
[CTRL] depth_valid=1 depth=0.012 vz=0.019 az=0.012 target_valid=0 target=0.000 pid=0.000 pid_base=0.000 buoyancy_pwm=0 mask_valid=1 mask=0 forward_active=0
$T,0,0,0,,,,1669,532,-63,1204,0*6B
[CTRL] depth_valid=1 depth=0.009 vz=0.003 az=-0.005 target_valid=0 target=0.000 pid=0.000 pid_base=0.000 buoyancy_pwm=0 mask_valid=1 mask=0 forward_active=0
[CTRL] depz=-0.3 target_valid=0 target=0.000 pid=0.000 pid_base=0.000 buoyancy_pwm=0 mask_valid=1 mask=0 forward_active=0
[CTRL] depth_valid=1 depth=0.021 vz=0.012 az=-0.003 target_valid=0 target=0.000 pid=0.000 pid_base=0.000 buoyancy_pwm=0 mask_valid=1 mask=0 forward_active=0
[CTRL] depth_valid=1 depth=-0.001 vz=-0.035 az=-0.039 target_valid=0 target=0.000 pid=0.000 pid_base=0.000 buoyancy_pwm=0 mask_valid=1 mask=0 forward_active=0
$T,0,0,0,,,,1669,532,-63,1206,0*69
[CTRL] depth_valid=1 depth=-0.004 vz=-0.027 az=-0.021 target_valid=0 target=0.000 pid=0.000 pid_base=0.000 buoyancy_pwm=0 mask_valid=1 mask=0 forward_active=0
[CTRL] depth_valid=1 depth=-0.002 vz=-0.010 az=0.000 target_valid=0 target=0.000 pid=0.000 pid_base=0.000 buoyancy_pwm=0 mask_valid=1 mask=0 forward_active=0
[CTRL] depth_valid=1 depth=-0.001 vz=0.000 az=0.009 target_valid=0 target=0.000 pid=0.000 pid_base=0.000 buoyancy_pwm=0 mask_valid=1 mask=0 forward_active=0
[CTRL] depth_valid=1 depth=0.000 vz=0.004 az=0.009 target_valid=0 target=0.000 pid=0.000 pid_base=0.000 buoyancy_pwm=0 mask_valid=1 mask=0 forward_active=0
$T,0,0,0,,,,1669,532,-63,1204,0*6B
[CTRL] depth_valid=1 depth=0.000 vz=0.003 az=0.005 target_valid=0 target=0.000 pid=0.000 pid_base=0.000 buoyancy_pwm=0 mask_valid=1 mask=0 forward_active=0
[CTRL] depth_valid=1 depth=0.003 vz=0.005 az=0.004 target_valid=0 target=0.000 pid=0.000 pid_base=0.000 buoyancy_pwm=0 mask_valid=1 mask=0 forward_active=0
[CTRL] depth_valid=1 depth=0.001 vz=-0.002 az=-0.004 target_valid=0 target=0.000 pid=0.000 pid_base=0.000 buoyancy_pwm=0 mask_valid=1 mask=0 forward_active=0
[OK]hb
[CTRL] depth_valid=1 depth=-0.000 vz=-0.003 az=-0.003 target_valid=0 target=0.000 pid=0.000 pid_base=0.000 buoyancy_pwm=0 mask_valid=1 mask=0 forward_active=0
$T,0,0,0,,,,1669,532,-63,1201,0*6E
[CTRL] depth_valid=1 depth=0.018 vz=0.034 az=0.028 target_valid=0 target=0.000 pid=0.000 pid_base=0.000 buoyancy_pwm=0 mask_valid=1 mask=0 forward_active=0
[CTRL] depth_valid=1 depth=0.010 vz=-0.002 az=-0.015 target_valid=0 target=0.000 pid=0.000 pid_base=0.000 buoyancy_pwm=0 mask_valid=1 mask=0 forward_active=0
[CTRL] depth_valid=1 depth=0.009 vz=-0.008 az=-0.016 target_valid=0 target=0.000 pid=0.000 pid_base=0.000 buoyancy_pwm=0 mask_valid=1 mask=0 forward_active=0
[CTRL] depth_valid=1 depth=-0.001 vz=-0.025 az=-0.025 target_valid=0 target=0.000 pid=0.000 pid_base=0.000 buoyancy_pwm=0 mask_valid=1 mask=0 forward_active=0
$T,0,0,0,,,,1669,532,-63,1201,0*6E
[CTRL] depth_valid=1 depth=0.000 vz=-0.012 az=-0.007 target_valid=0 target=0.000 pid=0.000 pid_base=0.000 buoyancy_pwm=0 mask_valid=1 mask=0 forward_active=0
[CTRL] depth_valid=1 depth=-0.001 vz=-0.007 az=-0.001 target_valid=0 target=0.000 pid=0.000 pid_base=0.000 buoyancy_pwm=0 mask_valid=1 mask=0 forward_active=0
[CTRL] depth_valid=1 depth=0.007 vz=0.009 az=0.010 target_valid=0 target=0.000 pid=0.000 pid_base=0.000 buoyancy_pwm=0 mask_valid=1 mask=0 forward_active=0
[CTRL] depth_valid=1 depth=0.016 vz=0.024 az=0.019 target_valid=0 target=0.000 pid=0.000 pid_base=0.000 buoyancy_pwm=0 mask_valid=1 mask=0 forward_active=0
$T,0,0,0,,,,1669,532,-63,1201,0*6E
[CTRL] depth_valid=1 depth=0.005 vz=-0.011 az=-0.018 target_valid=0 target=0.000 pid=0.000 pid_base=0.000 buoyancy_pwm=0 mask_valid=1 mask=0 forward_active=0
[OK]hb
[CTRL] depth_valid=1 depth=-0.001 vz=-0.019 az=-0.019 target_valid=0 target=0.000 pid=0.000 pid_base=0.000 buoyancy_pwm=0 mask_valid=1 mask=0 forward_active=0
[CTRL] depth_valid=1 depth=0.010 vz=0.006 az=0.003 target_valid=0 target=0.000 pid=0.000 pid_base=0.000 buoyancy_pwm=0 mask_valid=1 mask=0 forward_active=0
[CTRL] depth_valid=1 depth=0.021 vz=0.021 az=0.012 target_valid=0 target=0.000 pid=0.000 pid_base=0.000 buoyancy_pwm=0 mask_valid=1 mask=0 forward_active=0
$T,0,0,0,,,,1669,532,-63,1203,0*6C
[CTRL] depth_valid=1 depth=0.002 vz=-0.029 az=-0.035 target_valid=0 target=0.000 pid=0.000 pid_base=0.000 buoyancy_pwm=0 mask_valid=1 mask=0 forward_active=0
[CTRL] depth_valid=1 depth=0.011 vz=0.001 az=0.003 target_valid=0 target=0.000 pid=0.000 pid_base=0.000 buoyancy_pwm=0 mask_valid=1 mask=0 forward_active=0
[CTRL] depth_valid=1 depth=0.006 vz=-0.010 az=-0.009 target_valid=0 target=0.000 pid=0.000 pid_base=0.000 buoyancy_pwm=0 mask_valid=1 mask=0 forward_active=0
[CTRL] depth_valid=1 depth=0.012 vz=0.002 az=-0.001 target_valid=0 target=0.000 pid=0.000 pid_base=0.000 buoyancy_pwm=0 mask_valid=1 mask=0 forward_active=0
$T,0,0,0,,,,1669,532,-63,1208,0*67
[CTRL] depth_valid=1 depth=0.006 vz=-0.013 az=-0.015 target_valid=0 target=0.000 pid=0.000 pid_base=0.000 buoyancy_pwm=0 mask_valid=1 mask=0 forward_active=0
[CTRL] depth_valid=1 depth=0.006 vz=-0.010 az=-0.011 target_valid=0 target=0.000 pid=0.000 pid_base=0.000 buoyancy_pwm=0 mask_valid=1 mask=0 forward_active=0
[CTRL] depth_valid=1 depth=0.008 vz=-0.003 az=-0.003 target_valid=0 target=0.000 pid=0.000 pid_base=0.000 buoyancy_pwm=0 mask_valid=1 mask=0 forward_active=0
[OK]hb
[CTRL] depth_valid=1 depth=0.024 vz=0.026 az=0.019 target_valid=0 target=0.000 pid=0.000 pid_base=0.000 buoyancy_pwm=0 mask_valid=1 mask=0 forward_active=0
$T,0,0,0,,,,1669,532,-63,1203,0*6C
[CTRL] depth_valid=1 depth=0.011 vz=-0.018 az=-0.027 target_valid=0 target=0.000 pid=0.000 pid_base=0.000 buoyancy_pwm=0 mask_valid=1 mask=0 forward_active=0
[CTRL] depth_valid=1 depth=0.028 vz=0.019 az=0.009 target_valid=0 target=0.000 pid=0.000 pid_base=0.000 buoyancy_pwm=0 mask_valid=1 mask=0 forward_active=0
[CTRL] depth_valid=1 depth=0.004 vz=-0.041 az=-0.046 target_valid=0 target=0.000 pid=0.000 pid_base=0.000 buoyancy_pwm=0 mask_valid=1 mask=0 forward_active=0
[CTRL] depth_valid=1 depth=0.023 vz=0.016 az=0.018 target_valid=0 target=0.000 pid=0.000 pid_base=0.000 buoyancy_pwm=0 mask_valid=1 mask=0 forward_active=0
$T,0,0,0,,,,1669,532,-63,1203,0*6C
[CTRL] depth_valid=1 depth=0.002 vz=-0.033 az=-0.030 target_valid=0 target=0.000 pid=0.000 pid_base=0.000 buoyancy_pwm=0 mask_valid=1 mask=0 forward_active=0
[CTRL] depth_valid=1 depth=0.001 vz=-0.015 az=-0.004 target_valid=0 target=0.000 pid=0.000 pid_base=0.000 buoyancy_pwm=0 mask_valid=1 mask=0 forward_active=0
[CTRL] depth_valid=1 depth=-0.001 vz=-0.010 az=0.002 target_valid=0 target=0.000 pid=0.000 pid_base=0.000 buoyancy_pwm=0 mask_valid=1 mask=0 forward_active=0
[CTRL] depth_valid=1 depth=0.016 vz=0.030 az=0.034 target_valid=0 target=0.000 pid=0.000 pid_base=0.000 buoyancy_pwm=0 mask_valid=1 mask=0 forward_active=0
$T,0,0,0,,,,1669,532,-63,1201,0*6E
[CTRL] depth_valid=1 depth=0.006 vz=-0.003 az=-0.006 target_valid=0 target=0.000 pid=0.000 pid_base=0.000 buoyancy_pwm=0 mask_valid=1 mask=0 forward_active=0
[CTRL] depth_valid=1 depth=0.005 vz=-0.008 az=-0.011 target_valid=0 target=0.000 pid=0.000 pid_base=0.000 buoyancy_pwm=0 mask_valid=1 mask=0 forward_active=0
[OK]hb
[CTRL] depth_valid=1 depth=0.015 vz=0.015 az=0.010 target_valid=0 target=0.000 pid=0.000 pid_base=0.000 buoyancy_pwm=0 mask_valid=1 mask=0 forward_active=0
[CTRL] depth_valid=1 depth=0.014 vz=-0.003 az=-0.014 target_valid=0 target=0.000 pid=0.000 pid_base=0.000 buoyancy_pwm=0 mask_valid=1 mask=0 forward_active=0
$T,0,0,0,,,,1669,532,-63,1199,0*6C
[CTRL] depth_valid=1 depth=0.006 vz=-0.022 az=-0.028 target_valid=0 target=0.000 pid=0.000 pid_base=0.000 buoyancy_pwm=0 mask_valid=1 mask=0 forward_active=0
[CTRL] depth_valid=1 depth=-0.002 vz=-0.027 az=-0.023 target_valid=0 target=0.000 pid=0.000 pid_base=0.000 buoyancy_pwm=0 mask_valid=1 mask=0 forward_active=0
[CTRL] depth_valid=1 depth=0.002 vz=-0.007 az=-0.001 target_valid=0 target=0.000 pid=0.000 pid_base=0.000 buoyancy_pwm=0 mask_valid=1 mask=0 forward_active=0
[CTRL] depth_valid=1 depth=0.006 vz=0.005 az=0.009 target_valid=0 target=0.000 pid=0.000 pid_base=0.000 buoyancy_pwm=0 mask_valid=1 mask=0 forward_active=0
$T,0,0,0,,,,1669,532,-63,1199,0*6C
[CTRL] depth_valid=1 depth=0.016 vz=0.026 az=0.027 target_valid=0 target=0.000 pid=0.000 pid_base=0.000 buoyancy_pwm=0 mask_valid=1 mask=0 forward_active=0
[CTRL] depth_valid=1 depth=0.023 vz=0.026 az=0.018 target_valid=0 target=0.000 pid=0.000 pid_base=0.000 buoyancy_pwm=0 mask_valid=1 mask=0 forward_active=0
[CTRL] depth_valid=1 depth=0.022 vz=-0.000 az=-0.019 target_valid=0 target=0.000 pid=0.000 pid_base=0.000 buoyancy_pwm=0 mask_valid=1 mask=0 forward_active=0
z=-0.016 az=-0.020 target_valid=0 target=0.000 pid=0.000 pid_base=0.000 buoyancy_pwm=0 mask_valid=1 mask=0 forward_active=0
$T,0,0,0,,,,1669,532,-63,1199,0*6C
[CTRL] depth_valid=1 depth=0.011 vz=-0.013 az=-0.014 target_valid=0 target=0.000 pid=0.000 pid_base=0.000 buoyancy_pwm=0 mask_valid=1 mask=0 forward_active=0
[CTRL] depth_valid=1 depth=0.052 vz=0.066 az=0.052 target_valid=0 target=0.000 pid=0.000 pid_base=0.000 buoyancy_pwm=0 mask_valid=1 mask=0 forward_active=0
[CTRL] depth_valid=1 depth=0.045 vz=0.013 az=-0.015 target_valid=0 target=0.000 pid=0.000 pid_base=0.000 buoyancy_pwm=0 mask_valid=1 mask=0 forward_active=0
[CTRL] depth_valid=1 depth=0.058 vz=0.012 az=-0.024 target_valid=0 target=0.000 pid=0.000 pid_base=0.000 buoyancy_pwm=0 mask_valid=1 mask=0 forward_active=0
$T,0,0,0,,,,1669,532,-63,1209,0*66
[CTRL] depth_valid=1 depth=0.048 vz=-0.023 az=-0.051 target_valid=0 target=0.000 pid=0.000 pid_base=0.000 buoyancy_pwm=0 mask_valid=1 mask=0 forward_active=0
[CTRL] depth_valid=1 depth=0.020 vz=-0.071 az=-0.073 target_valid=0 target=0.000 pid=0.000 pid_base=0.000 buoyancy_pwm=0 mask_valid=1 mask=0 forward_active=0
[CTRL] depth_valid=1 depth=0.015 vz=-0.049 az=-0.034 target_valid=0 target=0.000 pid=0.000 pid_base=0.000 buoyancy_pwm=0 mask_valid=1 mask=0 forward_active=0
[CTRL] depth_valid=1 depth=0.019 vz=-0.024 az=-0.010 target_valid=0 target=0.000 pid=0.000 pid_base=0.000 buoyancy_pwm=0 mask_valid=1 mask=0 forward_active=0
$T,0,0,0,,,,1669,532,-63,1209,0*66
[CTRL] depth_valid=1 depth=0.001 vz=-0.048 az=-0.029 target_valid=0 target=0.000 pid=0.000 pid_base=0.000 buoyancy_pwm=0 mask_valid=1 mask=0 forward_active=0
d=1 depth=0.043 vz=0.053 az=0.060 target_valid=0 target=0.000 pid=0.000 pid_base=0.000 buoyancy_pwm=0 mask_valid=1 mask=0 forward_active=0
[CTRL] depth_valid=1 depth=0.027 vz=-0.004 az=-0.009 target_valid=0 target=0.000 pid=0.000 pid_base=0.000 buoyancy_pwm=0 mask_valid=1 mask=0 forward_active=0
[CTRL] depth_valid=1 depth=0.036 vz=0.009 az=-0.000 target_valid=0 target=0.000 pid=0.000 pid_base=0.000 buoyancy_pwm=0 mask_valid=1 mask=0 forward_active=0
$T,0,0,0,,,,1669,532,-63,1205,0*6A
[CTRL] depth_valid=1 depth=0.023 vz=-0.034 az=-0.047 target_valid=0 target=0.000 pid=0.000 pid_base=0.000 buoyancy_pwm=0 mask_valid=1 mask=0 forward_active=0
[CTRL] depth_valid=1 depth=0.021 vz=-0.027 az=-0.028 target_valid=0 target=0.000 pid=0.000 pid_base=0.000 buoyancy_pwm=0 mask_valid=1 mask=0 forward_active=0
[CTRL] depth_valid=1 depth=0.032 vz=0.008 az=0.011 target_valid=0 target=0.000 pid=0.000 pid_base=0.000 buoyancy_pwm=0 mask_valid=1 mask=0 forward_active=0
[CTRL] depth_valid=1 depth=0.027 vz=-0.005 az=-0.004 target_valid=0 target=0.000 pid=0.000 pid_base=0.000 buoyancy_pwm=0 mask_valid=1 mask=0 forward_active=0
$T,0,0,0,,,,1669,532,-63,1205,0*6A
[CTRL] depth_valid=1 depth=0.020 vz=-0.021 az=-0.020 target_valid=0 target=0.000 pid=0.000 pid_base=0.000 buoyancy_pwm=0 mask_valid=1 mask=0 forward_active=0
[CTRL] depth_valid=1 depth=0.025 vz=-0.015 az=-0.021 target_valid=0 target=0.000 pid=0.000 pid_base=0.000 buoyancy_pwm=0 mask_valid=1 mask=0 forward_active=0
[CTRL] depth_valid=1 depth=0.016 vz=-0.025 az=-0.022 target_valid=0 target=0.000 pid=0.000 pid_base=0.000 buoyancy_pwm=0 mask_valid=1 mask=0 forward_active=0
d=1 depth=0.050 vz=0.054 az=0.050 target_valid=0 target=0.000 pid=0.000 pid_base=0.000 buoyancy_pwm=0 mask_valid=1 mask=0 forward_active=0
$T,0,0,0,,,,1669,532,-63,1201,0*6E
[CTRL] depth_valid=1 depth=0.026 vz=-0.020 az=-0.028 target_valid=0 target=0.000 pid=0.000 pid_base=0.000 buoyancy_pwm=0 mask_valid=1 mask=0 forward_active=0
[CTRL] depth_valid=1 depth=0.036 vz=0.004 az=-0.001 target_valid=0 target=0.000 pid=0.000 pid_base=0.000 buoyancy_pwm=0 mask_valid=1 mask=0 forward_active=0
[CTRL] depth_valid=1 depth=0.038 vz=0.004 az=-0.001 target_valid=0 target=0.000 pid=0.000 pid_base=0.000 buoyancy_pwm=0 mask_valid=1 mask=0 forward_active=0
[CTRL] depth_valid=1 depth=0.030 vz=-0.014 az=-0.017 target_valid=0 target=0.000 pid=0.000 pid_base=0.000 buoyancy_pwm=0 mask_valid=1 mask=0 forward_active=0
$T,0,0,0,,,,1669,532,-63,1208,0*67
[CTRL] depth_valid=1 depth=0.034 vz=-0.014 az=-0.018 target_valid=0 target=0.000 pid=0.000 pid_base=0.000 buoyancy_pwm=0 mask_valid=1 mask=0 forward_active=0
[CTRL] depth_valid=1 depth=0.026 vz=-0.037 az=-0.044 target_valid=0 target=0.000 pid=0.000 pid_base=0.000 buoyancy_pwm=0 mask_valid=1 mask=0 forward_active=0
[CTRL] depth_valid=1 depth=0.053 vz=0.046 az=0.047 target_valid=0 target=0.000 pid=0.000 pid_base=0.000 buoyancy_pwm=0 mask_valid=1 mask=0 forward_active=0
[CTRL] depth_valid=1 depth=0.065 vz=0.034 az=0.009 target_valid=0 target=0.000 pid=0.000 pid_base=0.000 buoyancy_pwm=0 mask_valid=1 mask=0 forward_active=0
$T,0,0,0,,,,1669,532,-63,1208,0*67
[CTRL] depth_valid=1 depth=0.043 vz=-0.035 az=-0.053 target_valid=0 target=0.000 pid=0.000 pid_base=0.000 buoyancy_pwm=0 mask_valid=1 mask=0 forward_active=0
[CTRL] depth_valid=1 depth=0.024 vz=-0.059 az=-0.056 target_valid=0 target=0.000 pid=0.000 pid_base=0.000 buoyancy_pwm=0 mask_valid=1 mask=0 forward_active=0
[OK]hb
[CTRL] depth_valid=1 depth=0.011 vz=-0.054 az=-0.034 target_valid=0 target=0.000 pid=0.000 pid_base=0.000 buoyancy_pwm=0 mask_valid=1 mask=0 forward_active=0
[CTRL] depth_valid=1 depth=0.021 vz=-0.011 az=0.008 target_valid=0 target=0.000 pid=0.000 pid_base=0.000 buoyancy_pwm=0 mask_valid=1 mask=0 forward_active=0
$T,0,0,0,,,,1669,532,-63,1205,0*6A
[CTRL] depth_valid=1 depth=0.007 vz=-0.034 az=-0.015 target_valid=0 target=0.000 pid=0.000 pid_base=0.000 buoyancy_pwm=0 mask_valid=1 mask=0 forward_active=0
[CTRL] depth_valid=1 depth=0.034 vz=0.034 az=0.042 target_valid=0 target=0.000 pid=0.000 pid_base=0.000 buoyancy_pwm=0 mask_valid=1 mask=0 forward_active=0
[CTRL] depth_valid=1 depth=0.061 vz=0.058 az=0.037 target_valid=0 target=0.000 pid=0.000 pid_base=0.000 buoyancy_pwm=0 mask_valid=1 mask=0 forward_active=0
[CTRL] depth_valid=1 depth=0.043 vz=-0.006 az=-0.025 target_valid=0 target=0.000 pid=0.000 pid_base=0.000 buoyancy_pwm=0 mask_valid=1 mask=0 forward_active=0
$T,0,0,0,,,,1669,532,-63,1210,0*6E
[CTRL] depth_valid=1 depth=0.064 vz=0.041 az=0.024 target_valid=0 target=0.000 pid=0.000 pid_base=0.000 buoyancy_pwm=0 mask_valid=1 mask=0 forward_active=0
[CTRL] depth_valid=1 depth=0.035 vz=-0.035 az=-0.046 target_valid=0 target=0.000 pid=0.000 pid_base=0.000 buoyancy_pwm=0 mask_valid=1 mask=0 forward_active=0
[CTRL] depth_valid=1 depth=0.049 vz=0.007 az=0.003 target_valid=0 target=0.000 pid=0.000 pid_base=0.000 buoyancy_pwm=0 mask_valid=1 mask=0 forward_active=0
[CTRL] depth_valid=1 depth=0.064 vz=0.018 az=-0.001 target_valid=0 target=0.000 pid=0.000 pid_base=0.000 buoyancy_pwm=0 mask_valid=1 mask=0 forward_active=0
$T,0,0,0,,,,1669,532,-63,1210,0*6E
[OK]hb
[CTRL] depth_valid=1 depth=0.069 vz=0.018 az=0.007 target_valid=0 target=0.000 pid=0.000 pid_base=0.000 buoyancy_pwm=0 mask_valid=1 mask=0 forward_active=0
[CTRL] depth_valid=1 depth=0.065 vz=-0.009 az=-0.024 target_valid=0 target=0.000 pid=0.000 pid_base=0.000 buoyancy_pwm=0 mask_valid=1 mask=0 forward_active=0
[CTRL] depth_valid=1 depth=0.035 vz=-0.073 az=-0.077 target_valid=0 target=0.000 pid=0.000 pid_base=0.000 buoyancy_pwm=0 mask_valid=1 mask=0 forward_active=0
[CTRL] depth_valid=1 depth=0.018 vz=-0.070 az=-0.048 target_valid=0 target=0.000 pid=0.000 pid_base=0.000 buoyancy_pwm=0 mask_valid=1 mask=0 forward_active=0
$T,0,0,0,,,,1669,532,-63,1203,0*6C
[CTRL] depth_valid=1 depth=0.035 vz=0.001 az=0.029 target_valid=0 target=0.000 pid=0.000 pid_base=0.000 buoyancy_pwm=0 mask_valid=1 mask=0 forward_active=0
[CTRL] depth_valid=1 depth=0.072 vz=0.067 az=0.067 target_valid=0 target=0.000 pid=0.000 pid_base=0.000 buoyancy_pwm=0 mask_valid=1 mask=0 forward_active=0
[CTRL] depth_valid=1 depth=0.051 vz=-0.015 az=-0.032 target_valid=0 target=0.000 pid=0.000 pid_base=0.000 buoyancy_pwm=0 mask_valid=1 mask=0 forward_active=0
[CTRL] depth_valid=1 depth=0.041 vz=-0.028 az=-0.030 target_valid=0 target=0.000 pid=0.000 pid_base=0.000 buoyancy_pwm=0 mask_valid=1 mask=0 forward_active=0
$T,0,0,0,,,,1669,532,-63,1203,0*6C
[CTRL] depth_valid=1 depth=0.065 vz=0.022 az=0.013 target_valid=0 target=0.000 pid=0.000 pid_base=0.000 buoyancy_pwm=0 mask_valid=1 mask=0 forward_active=0
[CTRL] depth_valid=1 depth=0.053 vz=-0.015 az=-0.023 target_valid=0 target=0.000 pid=0.000 pid_base=0.000 buoyancy_pwm=0 mask_valid=1 mask=0 forward_active=0
[OK]hb
[CTRL] depth_valid=1 depth=0.016 vz=-0.087 az=-0.081 target_valid=0 target=0.000 pid=0.000 pid_base=0.000 buoyancy_pwm=0 mask_valid=1 mask=0 forward_active=0
[CTRL] depth_valid=1 depth=0.046 vz=0.012 az=0.025 target_valid=0 target=0.000 pid=0.000 pid_base=0.000 buoyancy_pwm=0 mask_valid=1 mask=0 forward_active=0
$T,0,0,0,,,,1669,532,-63,1198,0*6D
[CTRL] depth_valid=1 depth=0.038 vz=-0.007 az=0.001 target_valid=0 target=0.000 pid=0.000 pid_base=0.000 buoyancy_pwm=0 mask_valid=1 mask=0 forward_active=0
[CTRL] depth_valid=1 depth=0.046 vz=0.015 az=0.021 target_valid=0 target=0.000 pid=0.000 pid_base=0.000 buoyancy_pwm=0 mask_valid=1 mask=0 forward_active=0
[CTRL] depth_valid=1 depth=0.031 vz=-0.022 az=-0.018 target_valid=0 target=0.000 pid=0.000 pid_base=0.000 buoyancy_pwm=0 mask_valid=1 mask=0 forward_active=0
[CTRL] depth_valid=1 depth=0.060 vz=0.042 az=0.039 target_valid=0 target=0.000 pid=0.000 pid_base=0.000 buoyancy_pwm=0 mask_valid=1 mask=0 forward_active=0
$T,0,0,0,,,,1669,532,-63,1197,0*62
[CTRL] depth_valid=1 depth=0.060 vz=0.023 az=0.011 target_valid=0 target=0.000 pid=0.000 pid_base=0.000 buoyancy_pwm=0 mask_valid=1 mask=0 forward_active=0
[CTRL] depth_valid=1 depth=0.086 vz=0.059 az=0.037 target_valid=0 target=0.000 pid=0.000 pid_base=0.000 buoyancy_pwm=0 mask_valid=1 mask=0 forward_active=0
[CTRL] depth_valid=1 depth=0.076 vz=-0.010 az=-0.046 target_valid=0 target=0.000 pid=0.000 pid_base=0.000 buoyancy_pwm=0 mask_valid=1 mask=0 forward_active=0
[CTRL] depth_valid=1 depth=0.057 vz=-0.046 az=-0.058 target_valid=0 target=0.000 pid=0.000 pid_base=0.000 buoyancy_pwm=0 mask_valid=1 mask=0 forward_active=0
$T,0,0,0,,,,1669,532,-63,1209,0*66
[OK]hb
[CTRL] depth_valid=1 depth=0.077 vz=0.015 az=0.012 target_valid=0 target=0.000 pid=0.000 pid_base=0.000 buoyancy_pwm=0 mask_valid=1 mask=0 forward_active=0
[CTRL] depth_valid=1 depth=0.079 vz=0.006 az=-0.004 target_valid=0 target=0.000 pid=0.000 pid_base=0.000 buoyancy_pwm=0 mask_valid=1 mask=0 forward_active=0
[CTRL] depth_valid=1 depth=0.056 vz=-0.049 az=-0.052 target_valid=0 target=0.000 pid=0.000 pid_base=0.000 buoyancy_pwm=0 mask_valid=1 mask=0 forward_active=0
[CTRL] depth_valid=1 depth=0.041 vz=-0.061 az=-0.052 target_valid=0 target=0.000 pid=0.000 pid_base=0.000 buoyancy_pwm=0 mask_valid=1 mask=0 forward_active=0
$T,0,0,0,,,,1669,532,-63,1204,0*6B
[CTRL] depth_valid=1 depth=0.063 vz=0.011 az=0.026 target_valid=0 target=0.000 pid=0.000 pid_base=0.000 buoyancy_pwm=0 mask_valid=1 mask=0 forward_active=0
[CTRL] depth_valid=1 depth=0.093 vz=0.056 az=0.046 target_valid=0 target=0.000 pid=0.000 pid_base=0.000 buoyancy_pwm=0 mask_valid=1 mask=0 forward_active=0
[CTRL] depth_valid=1 depth=0.079 vz=0.004 az=-0.008 target_valid=0 target=0.000 pid=0.000 pid_base=0.000 buoyancy_pwm=0 mask_valid=1 mask=0 forward_active=0
[CTRL] depth_valid=1 depth=0.061 vz=-0.013 az=-0.007 target_valid=0 target=0.000 pid=0.000 pid_base=0.000 buoyancy_pwm=0 mask_valid=1 mask=0 forward_active=0
$T,0,0,0,,,,1669,532,-63,1202,0*6D
[CTRL] depth_valid=1 depth=0.046 vz=-0.041 az=-0.033 target_valid=0 target=0.000 pid=0.000 pid_base=0.000 buoyancy_pwm=0 mask_valid=1 mask=0 forward_active=0
[CTRL] depth_valid=1 depth=0.070 vz=0.021 az=0.025 target_valid=0 target=0.000 pid=0.000 pid_base=0.000 buoyancy_pwm=0 mask_valid=1 mask=0 forward_active=0
[OK]hb
[CTRL] depth_valid=1 depth=0.095 vz=0.053 az=0.039 target_valid=0 target=0.000 pid=0.000 pid_base=0.000 buoyancy_pwm=0 mask_valid=1 mask=0 forward_active=0
[CTRL] depth_valid=1 depth=0.093 vz=0.018 az=-0.005 target_valid=0 target=0.000 pid=0.000 pid_base=0.000 buoyancy_pwm=0 mask_valid=1 mask=0 forward_active=0
$T,0,0,0,,,,1669,532,-63,1202,0*6D
[CTRL] depth_valid=1 depth=0.077 vz=-0.035 az=-0.059 target_valid=0 target=0.000 pid=0.000 pid_base=0.000 buoyancy_pwm=0 mask_valid=1 mask=0 forward_active=0
[CTRL] depth_valid=1 depth=0.072 vz=-0.033 az=-0.038 target_valid=0 target=0.000 pid=0.000 pid_base=0.000 buoyancy_pwm=0 mask_valid=1 mask=0 forward_active=0
[CTRL] depth_valid=1 depth=0.083 vz=-0.007 az=-0.013 target_valid=0 target=0.000 pid=0.000 pid_base=0.000 buoyancy_pwm=0 mask_valid=1 mask=0 forward_active=0
[CTRL] depth_valid=1 depth=0.063 vz=-0.043 az=-0.037 target_valid=0 target=0.000 pid=0.000 pid_base=0.000 buoyancy_pwm=0 mask_valid=1 mask=0 forward_active=0
$T,0,0,0,,,,1669,532,-63,1200,0*6F
[CTRL] depth_valid=1 depth=0.071 vz=-0.014 az=-0.010 target_valid=0 target=0.000 pid=0.000 pid_base=0.000 buoyancy_pwm=0 mask_valid=1 mask=0 forward_active=0
[CTRL] depth_valid=1 depth=0.072 vz=-0.005 az=-0.000 target_valid=0 target=0.000 pid=0.000 pid_base=0.000 buoyancy_pwm=0 mask_valid=1 mask=0 forward_active=0
[CTRL] depth_valid=1 depth=0.086 vz=0.022 az=0.020 target_valid=0 target=0.000 pid=0.000 pid_base=0.000 buoyancy_pwm=0 mask_valid=1 mask=0 forward_active=0
[CTRL] depth_valid=1 depth=0.100 vz=0.046 az=0.040 target_valid=0 target=0.000 pid=0.000 pid_base=0.000 buoyancy_pwm=0 mask_valid=1 mask=0 forward_active=0
$T,0,0,0,,,,1669,532,-63,1200,0*6F
[OK]hb
[CTRL] depth_valid=1 depth=0.080 vz=-0.023 az=-0.037 target_valid=0 target=0.000 pid=0.000 pid_base=0.000 buoyancy_pwm=0 mask_valid=1 mask=0 forward_active=0
[CTRL] depth_valid=1 depth=0.072 vz=-0.041 az=-0.049 target_valid=0 target=0.000 pid=0.000 pid_base=0.000 buoyancy_pwm=0 mask_valid=1 mask=0 forward_active=0
[CTRL] depth_valid=1 depth=0.070 vz=-0.023 az=-0.016 target_valid=0 target=0.000 pid=0.000 pid_base=0.000 buoyancy_pwm=0 mask_valid=1 mask=0 forward_active=0
[CTRL] depth_valid=1 depth=0.053 vz=-0.057 az=-0.049 target_valid=0 target=0.000 pid=0.000 pid_base=0.000 buoyancy_pwm=0 mask_valid=1 mask=0 forward_active=0
$T,0,0,0,,,,1669,532,-63,1204,0*6B
[CTRL] depth_valid=1 depth=0.041 vz=-0.066 az=-0.048 target_valid=0 target=0.000 pid=0.000 pid_base=0.000 buoyancy_pwm=0 mask_valid=1 mask=0 forward_active=0
[CTRL] depth_valid=1 depth=0.086 vz=0.054 az=0.066 target_valid=0 target=0.000 pid=0.000 pid_base=0.000 buoyancy_pwm=0 mask_valid=1 mask=0 forward_active=0
[CTRL] depth_valid=1 depth=0.069 vz=0.006 az=0.007 target_valid=0 target=0.000 pid=0.000 pid_base=0.000 buoyancy_pwm=0 mask_valid=1 mask=0 forward_active=0
[CTRL] depth_valid=1 depth=0.068 vz=0.003 az=0.005 target_valid=0 target=0.000 pid=0.000 pid_base=0.000 buoyancy_pwm=0 mask_valid=1 mask=0 forward_active=0
$T,0,0,0,,,,1669,532,-63,1199,0*6C
[CTRL] depth_valid=1 depth=0.085 vz=0.042 az=0.041 target_valid=0 target=0.000 pid=0.000 pid_base=0.000 buoyancy_pwm=0 mask_valid=1 mask=0 forward_active=0
[CTRL] depth_valid=1 depth=0.081 vz=0.006 az=-0.006 target_valid=0 target=0.000 pid=0.000 pid_base=0.000 buoyancy_pwm=0 mask_valid=1 mask=0 forward_active=0
[OK]hb
[CTRL] depth_valid=1 depth=0.043 vz=-0.076 az=-0.077 target_valid=0 target=0.000 pid=0.000 pid_base=0.000 buoyancy_pwm=0 mask_valid=1 mask=0 forward_active=0
[CTRL] depth_valid=1 depth=0.076 vz=0.027 az=0.029 target_valid=0 target=0.000 pid=0.000 pid_base=0.000 buoyancy_pwm=0 mask_valid=1 mask=0 forward_active=0
$T,0,0,0,,,,1669,532,-63,1201,0*6E
[CTRL] depth_valid=1 depth=0.090 vz=0.047 az=0.039 target_valid=0 target=0.000 pid=0.000 pid_base=0.000 buoyancy_pwm=0 mask_valid=1 mask=0 forward_active=0
[CTRL] depth_valid=1 depth=0.061 vz=-0.041 az=-0.054 target_valid=0 target=0.000 pid=0.000 pid_base=0.000 buoyancy_pwm=0 mask_valid=1 mask=0 forward_active=0
[CTRL] depth_valid=1 depth=0.087 vz=0.028 az=0.021 target_valid=0 target=0.000 pid=0.000 pid_base=0.000 buoyancy_pwm=0 mask_valid=1 mask=0 forward_active=0
[CTRL] depth_valid=1 depth=0.044 vz=-0.083 az=-0.087 target_valid=0 target=0.000 pid=0.000 pid_base=0.000 buoyancy_pwm=0 mask_valid=1 mask=0 forward_active=0
$T,0,0,0,,,,1669,532,-63,1206,0*69
[CTRL] depth_valid=1 depth=0.021 vz=-0.100 az=-0.084 target_valid=0 target=0.000 pid=0.000 pid_base=0.000 buoyancy_pwm=0 mask_valid=1 mask=0 forward_active=0
[CTRL] depth_valid=1 depth=0.081 vz=0.052 az=0.056 target_valid=0 target=0.000 pid=0.000 pid_base=0.000 buoyancy_pwm=0 mask_valid=1 mask=0 forward_active=0
[CTRL] depth_valid=1 depth=0.083 vz=0.040 az=0.030 target_valid=0 target=0.000 pid=0.000 pid_base=0.000 buoyancy_pwm=0 mask_valid=1 mask=0 forward_active=0
[CTRL] depth_valid=1 depth=0.081 vz=-0.001 az=-0.028 target_valid=0 target=0.000 pid=0.000 pid_base=0.000 buoyancy_pwm=0 mask_valid=1 mask=0 forward_active=0
$T,0,0,0,,,,1669,532,-63,1200,0*6F
[OK]hb
[CTRL] depth_valid=1 depth=0.071 vz=-0.030 az=-0.048 target_valid=0 target=0.000 pid=0.000 pid_base=0.000 buoyancy_pwm=0 mask_valid=1 mask=0 forward_active=0
[CTRL] depth_valid=1 depth=0.063 vz=-0.019 az=-0.013 target_valid=0 target=0.000 pid=0.000 pid_base=0.000 buoyancy_pwm=0 mask_valid=1 mask=0 forward_active=0
[CTRL] depth_valid=1 depth=0.109 vz=0.086 az=0.084 target_valid=0 target=0.000 pid=0.000 pid_base=0.000 buoyancy_pwm=0 mask_valid=1 mask=0 forward_active=0
[CTRL] depth_valid=1 depth=0.086 vz=-0.014 az=-0.038 target_valid=0 target=0.000 pid=0.000 pid_base=0.000 buoyancy_pwm=0 mask_valid=1 mask=0 forward_active=0
$T,0,0,0,,,,1669,532,-63,1199,0*6C
[CTRL] depth_valid=1 depth=0.098 vz=0.029 az=0.022 target_valid=0 target=0.000 pid=0.000 pid_base=0.000 buoyancy_pwm=0 mask_valid=1 mask=0 forward_active=0
[CTRL] depth_valid=1 depth=0.074 vz=-0.034 az=-0.040 target_valid=0 target=0.000 pid=0.000 pid_base=0.000 buoyancy_pwm=0 mask_valid=1 mask=0 forward_active=0
[CTRL] depth_valid=1 depth=0.060 vz=-0.059 az=-0.059 target_valid=0 target=0.000 pid=0.000 pid_base=0.000 buoyancy_pwm=0 mask_valid=1 mask=0 forward_active=0
[CTRL] depth_valid=1 depth=0.048 vz=-0.073 az=-0.064 target_valid=0 target=0.000 pid=0.000 pid_base=0.000 buoyancy_pwm=0 mask_valid=1 mask=0 forward_active=0
$T,0,0,0,,,,1669,532,-63,1198,0*6D
[CTRL] depth_valid=1 depth=0.107 vz=0.064 az=0.059 target_valid=0 target=0.000 pid=0.000 pid_base=0.000 buoyancy_pwm=0 mask_valid=1 mask=0 forward_active=0
[CTRL] depth_valid=1 depth=0.076 vz=-0.037 az=-0.052 target_valid=0 target=0.000 pid=0.000 pid_base=0.000 buoyancy_pwm=0 mask_valid=1 mask=0 forward_active=0
[OK]hb
[CTRL] depth_valid=1 depth=0.076 vz=-0.017 az=-0.017 target_valid=0 target=0.000 pid=0.000 pid_base=0.000 buoyancy_pwm=0 mask_valid=1 mask=0 forward_active=0
[CTRL] depth_valid=1 depth=0.056 vz=-0.073 az=-0.078 target_valid=0 target=0.000 pid=0.000 pid_base=0.000 buoyancy_pwm=0 mask_valid=1 mask=0 forward_active=0
$T,0,0,0,,,,1669,532,-63,1198,0*6D
[CTRL] depth_valid=1 depth=0.046 vz=-0.068 az=-0.056 target_valid=0 target=0.000 pid=0.000 pid_base=0.000 buoyancy_pwm=0 mask_valid=1 mask=0 forward_active=0
[CTRL] depth_valid=1 depth=0.042 vz=-0.039 az=-0.012 target_valid=0 target=0.000 pid=0.000 pid_base=0.000 buoyancy_pwm=0 mask_valid=1 mask=0 forward_active=0
[CTRL] depth_valid=1 depth=0.070 vz=0.031 az=0.042 target_valid=0 target=0.000 pid=0.000 pid_base=0.000 buoyancy_pwm=0 mask_valid=1 mask=0 forward_active=0
[CTRL] depth_valid=1 depth=0.066 vz=-0.003 az=-0.011 target_valid=0 target=0.000 pid=0.000 pid_base=0.000 buoyancy_pwm=0 mask_valid=1 mask=0 forward_active=0
$T,0,0,0,,,,1669,532,-63,1198,0*6D
[CTRL] depth_valid=1 depth=0.053 vz=-0.027 az=-0.028 target_valid=0 target=0.000 pid=0.000 pid_base=0.000 buoyancy_pwm=0 mask_valid=1 mask=0 forward_active=0
[CTRL] depth_valid=1 depth=0.079 vz=0.030 az=0.027 target_valid=0 target=0.000 pid=0.000 pid_base=0.000 buoyancy_pwm=0 mask_valid=1 mask=0 forward_active=0
[CTRL] depth_valid=1 depth=0.087 vz=0.037 az=0.031 target_valid=0 target=0.000 pid=0.000 pid_base=0.000 buoyancy_pwm=0 mask_valid=1 mask=0 forward_active=0
[CTRL] depth_valid=1 depth=0.085 vz=0.014 az=0.001 target_valid=0 target=0.000 pid=0.000 pid_base=0.000 buoyancy_pwm=0 mask_valid=1 mask=0 forward_active=0
$T,0,0,0,,,,1669,532,-63,1199,0*6C
[OK]hb
[CTRL] depth_valid=1 depth=0.106 vz=0.034 az=0.009 target_valid=0 target=0.000 pid=0.000 pid_base=0.000 buoyancy_pwm=0 mask_valid=1 mask=0 forward_active=0
[CTRL] depth_valid=1 depth=0.060 vz=-0.087 az=-0.106 target_valid=0 target=0.000 pid=0.000 pid_base=0.000 buoyancy_pwm=0 mask_valid=1 mask=0 forward_active=0
[CTRL] depth_valid=1 depth=0.094 vz=0.030 az=0.037 target_valid=0 target=0.000 pid=0.000 pid_base=0.000 buoyancy_pwm=0 mask_valid=1 mask=0 forward_active=0
[CTRL] depth_valid=1 depth=0.051 vz=-0.072 az=-0.066 target_valid=0 target=0.000 pid=0.000 pid_base=0.000 buoyancy_pwm=0 mask_valid=1 mask=0 forward_active=0
$T,0,0,0,,,,1669,532,-63,1202,0*6D
[CTRL] depth_valid=1 depth=0.112 vz=0.089 az=0.097 target_valid=0 target=0.000 pid=0.000 pid_base=0.000 buoyancy_pwm=0 mask_valid=1 mask=0 forward_active=0
[CTRL] depth_valid=1 depth=0.071 vz=-0.036 az=-0.043 target_valid=0 target=0.000 pid=0.000 pid_base=0.000 buoyancy_pwm=0 mask_valid=1 mask=0 forward_active=0
[CTRL] depth_valid=1 depth=0.103 vz=0.025 az=0.007 target_valid=0 target=0.000 pid=0.000 pid_base=0.000 buoyancy_pwm=0 mask_valid=1 mask=0 forward_active=0
[CTRL] depth_valid=1 depth=0.088 vz=-0.021 az=-0.038 target_valid=0 target=0.000 pid=0.000 pid_base=0.000 buoyancy_pwm=0 mask_valid=1 mask=0 forward_active=0
$T,0,0,0,,,,1669,532,-63,1202,0*6D
[CTRL] depth_valid=1 depth=0.093 vz=-0.009 az=-0.021 target_valid=0 target=0.000 pid=0.000 pid_base=0.000 buoyancy_pwm=0 mask_valid=1 mask=0 forward_active=0
[CTRL] depth_valid=1 depth=0.079 vz=-0.020 az=-0.016 target_valid=0 target=0.000 pid=0.000 pid_base=0.000 buoyancy_pwm=0 mask_valid=1 mask=0 forward_active=0
[OK]hb
[CTRL] depth_valid=1 depth=0.084 vz=-0.018 az=-0.024 target_valid=0 target=0.000 pid=0.000 pid_base=0.000 buoyancy_pwm=0 mask_valid=1 mask=0 forward_active=0
[CTRL] depth_valid=1 depth=0.114 vz=0.051 az=0.043 target_valid=0 target=0.000 pid=0.000 pid_base=0.000 buoyancy_pwm=0 mask_valid=1 mask=0 forward_active=0
$T,0,0,0,,,,1669,532,-63,1202,0*6D
[CTRL] depth_valid=1 depth=0.070 vz=-0.064 az=-0.071 target_valid=0 target=0.000 pid=0.000 pid_base=0.000 buoyancy_pwm=0 mask_valid=1 mask=0 forward_active=0
[CTRL] depth_valid=1 depth=0.085 vz=-0.013 az=-0.012 target_valid=0 target=0.000 pid=0.000 pid_base=0.000 buoyancy_pwm=0 mask_valid=1 mask=0 forward_active=0
[CTRL] depth_valid=1 depth=0.105 vz=0.029 az=0.025 target_valid=0 target=0.000 pid=0.000 pid_base=0.000 buoyancy_pwm=0 mask_valid=1 mask=0 forward_active=0
[CTRL] depth_valid=1 depth=0.097 vz=-0.003 az=-0.011 target_valid=0 target=0.000 pid=0.000 pid_base=0.000 buoyancy_pwm=0 mask_valid=1 mask=0 forward_active=0
$T,0,0,0,,,,1669,532,-63,1205,0*6A
[CTRL] depth_valid=1 depth=0.082 vz=-0.040 az=-0.044 target_valid=0 target=0.000 pid=0.000 pid_base=0.000 buoyancy_pwm=0 mask_valid=1 mask=0 forward_active=0
[CTRL] depth_valid=1 depth=0.077 vz=-0.030 az=-0.025 target_valid=0 target=0.000 pid=0.000 pid_base=0.000 buoyancy_pwm=0 mask_valid=1 mask=0 forward_active=0
[CTRL] depth_valid=1 depth=0.098 vz=0.035 az=0.045 target_valid=0 target=0.000 pid=0.000 pid_base=0.000 buoyancy_pwm=0 mask_valid=1 mask=0 forward_active=0
[CTRL] depth_valid=1 depth=0.100 vz=0.016 az=0.008 target_valid=0 target=0.000 pid=0.000 pid_base=0.000 buoyancy_pwm=0 mask_valid=1 mask=0 forward_active=0
$T,0,0,0,,,,1669,532,-63,1207,0*68
[OK]hb
[CTRL] depth_valid=1 depth=0.141 vz=0.111 az=0.101 target_valid=0 target=0.000 pid=0.000 pid_base=0.000 buoyancy_pwm=0 mask_valid=1 mask=0 forward_active=0
[CTRL] depth_valid=1 depth=0.145 vz=0.045 az=-0.002 target_valid=0 target=0.000 pid=0.000 pid_base=0.000 buoyancy_pwm=0 mask_valid=1 mask=0 forward_active=0
[CTRL] depth_valid=1 depth=0.100 vz=-0.067 az=-0.090 target_valid=0 target=0.000 pid=0.000 pid_base=0.000 buoyancy_pwm=0 mask_valid=1 mask=0 forward_active=0
[CTRL] depth_valid=1 depth=0.074 vz=-0.089 az=-0.083 target_valid=0 target=0.000 pid=0.000 pid_base=0.000 buoyancy_pwm=0 mask_valid=1 mask=0 forward_active=0
$T,0,0,0,,,,1669,532,-63,1199,0*6C
[CTRL] depth_valid=1 depth=0.092 vz=-0.006 az=0.018 target_valid=0 target=0.000 pid=0.000 pid_base=0.000 buoyancy_pwm=0 mask_valid=1 mask=0 forward_active=0
[CTRL] depth_valid=1 depth=0.092 vz=-0.011 az=-0.003 target_valid=0 target=0.000 pid=0.000 pid_base=0.000 buoyancy_pwm=0 mask_valid=1 mask=0 forward_active=0
[CTRL] depth_valid=1 depth=0.085 vz=-0.027 az=-0.023 target_valid=0 target=0.000 pid=0.000 pid_base=0.000 buoyancy_pwm=0 mask_valid=1 mask=0 forward_active=0
[CTRL] depth_valid=1 depth=0.106 vz=0.010 az=-0.000 target_valid=0 target=0.000 pid=0.000 pid_base=0.000 buoyancy_pwm=0 mask_valid=1 mask=0 forward_active=0
$T,0,0,0,,,,1669,532,-63,1200,0*6F
[CTRL] depth_valid=1 depth=0.137 vz=0.089 az=0.082 target_valid=0 target=0.000 pid=0.000 pid_base=0.000 buoyancy_pwm=0 mask_valid=1 mask=0 forward_active=0
[CTRL] depth_valid=1 depth=0.098 vz=-0.030 az=-0.047 target_valid=0 target=0.000 pid=0.000 pid_base=0.000 buoyancy_pwm=0 mask_valid=1 mask=0 forward_active=0
[OK]hb
[CTRL] depth_valid=1 depth=0.098 vz=-0.028 az=-0.039 target_valid=0 target=0.000 pid=0.000 pid_base=0.000 buoyancy_pwm=0 mask_valid=1 mask=0 forward_active=0
[CTRL] depth_valid=1 depth=0.108 vz=0.029 az=0.036 target_valid=0 target=0.000 pid=0.000 pid_base=0.000 buoyancy_pwm=0 mask_valid=1 mask=0 forward_active=0
$T,0,0,0,,,,1669,532,-63,1203,0*6C
[CTRL] depth_valid=1 depth=0.082 vz=-0.026 az=-0.019 target_valid=0 target=0.000 pid=0.000 pid_base=0.000 buoyancy_pwm=0 mask_valid=1 mask=0 forward_active=0
[CTRL] depth_valid=1 depth=0.093 vz=0.002 az=0.004 target_valid=0 target=0.000 pid=0.000 pid_base=0.000 buoyancy_pwm=0 mask_valid=1 mask=0 forward_active=0
[CTRL] depth_valid=1 depth=0.125 vz=0.063 az=0.054 target_valid=0 target=0.000 pid=0.000 pid_base=0.000 buoyancy_pwm=0 mask_valid=1 mask=0 forward_active=0
[CTRL] depth_valid=1 depth=0.113 vz=0.003 az=-0.017 target_valid=0 target=0.000 pid=0.000 pid_base=0.000 buoyancy_pwm=0 mask_valid=1 mask=0 forward_active=0
$T,1,0,0,,,,1669,532,-63,1206,0*68
[CTRL] depth_valid=1 depth=0.123 vz=0.023 az=0.008 target_valid=0 target=0.000 pid=0.000 pid_base=0.000 buoyancy_pwm=0 mask_valid=1 mask=0 forward_active=0
[CTRL] depth_valid=1 depth=0.089 vz=-0.059 az=-0.064 target_valid=0 target=0.000 pid=0.000 pid_base=0.000 buoyancy_pwm=0 mask_valid=1 mask=0 forward_active=0
[CTRL] depth_valid=1 depth=0.116 vz=0.016 az=0.015 target_valid=0 target=0.000 pid=0.000 pid_base=0.000 buoyancy_pwm=0 mask_valid=1 mask=0 forward_active=0
[CTRL] depth_valid=1 depth=0.111 vz=0.001 az=-0.002 target_valid=0 target=0.000 pid=0.000 pid_base=0.000 buoyancy_pwm=0 mask_valid=1 mask=0 forward_active=0
$T,0,0,0,,,,1669,532,-63,1203,0*6C
[OK]hb
[CTRL] depth_valid=1 depth=0.140 vz=0.064 az=0.052 target_valid=0 target=0.000 pid=0.000 pid_base=0.000 buoyancy_pwm=0 mask_valid=1 mask=0 forward_active=0
[CTRL] depth_valid=1 depth=0.109 vz=-0.039 az=-0.062 target_valid=0 target=0.000 pid=0.000 pid_base=0.000 buoyancy_pwm=0 mask_valid=1 mask=0 forward_active=0
[CTRL] depth_valid=1 depth=0.099 vz=-0.054 az=-0.062 target_valid=0 target=0.000 pid=0.000 pid_base=0.000 buoyancy_pwm=0 mask_valid=1 mask=0 forward_active=0
[CTRL] depth_valid=1 depth=0.080 vz=-0.065 az=-0.051 target_valid=0 target=0.000 pid=0.000 pid_base=0.000 buoyancy_pwm=0 mask_valid=1 mask=0 forward_active=0
$T,0,0,0,,,,1669,532,-63,1203,0*6C
[CTRL] depth_valid=1 depth=0.104 vz=0.005 az=0.013 target_valid=0 target=0.000 pid=0.000 pid_base=0.000 buoyancy_pwm=0 mask_valid=1 mask=0 forward_active=0
[CTRL] depth_valid=1 depth=0.135 vz=0.060 az=0.050 target_valid=0 target=0.000 pid=0.000 pid_base=0.000 buoyancy_pwm=0 mask_valid=1 mask=0 forward_active=0
[CTRL] depth_valid=1 depth=0.125 vz=0.008 az=-0.010 target_valid=0 target=0.000 pid=0.000 pid_base=0.000 buoyancy_pwm=0 mask_valid=1 mask=0 forward_active=0
[CTRL] depth_valid=1 depth=0.113 vz=-0.032 az=-0.049 target_valid=0 target=0.000 pid=0.000 pid_base=0.000 buoyancy_pwm=0 mask_valid=1 mask=0 forward_active=0
$T,1,0,0,,,,1669,532,-63,1204,0*6A
[CTRL] depth_valid=1 depth=0.088 vz=-0.076 az=-0.076 target_valid=0 target=0.000 pid=0.000 pid_base=0.000 buoyancy_pwm=0 mask_valid=1 mask=0 forward_active=0
[CTRL] depth_valid=1 depth=0.104 vz=-0.011 az=-0.000 target_valid=0 target=0.000 pid=0.000 pid_base=0.000 buoyancy_pwm=0 mask_valid=1 mask=0 forward_active=0
[OK]hb
[CTRL] depth_valid=1 depth=0.140 vz=0.047 az=0.034 target_valid=0 target=0.000 pid=0.000 pid_base=0.000 buoyancy_pwm=0 mask_valid=1 mask=0 forward_active=0
[CTRL] depth_valid=1 depth=0.113 vz=-0.034 az=-0.052 target_valid=0 target=0.000 pid=0.000 pid_base=0.000 buoyancy_pwm=0 mask_valid=1 mask=0 forward_active=0
$T,1,0,0,,,,1669,532,-63,1204,0*6A
[CTRL] depth_valid=1 depth=0.126 vz=-0.001 az=-0.013 target_valid=0 target=0.000 pid=0.000 pid_base=0.000 buoyancy_pwm=0 mask_valid=1 mask=0 forward_active=0
[CTRL] depth_valid=1 depth=0.129 vz=0.002 az=-0.006 target_valid=0 target=0.000 pid=0.000 pid_base=0.000 buoyancy_pwm=0 mask_valid=1 mask=0 forward_active=0
[CTRL] depth_valid=1 depth=0.134 vz=0.008 az=0.001 target_valid=0 target=0.000 pid=0.000 pid_base=0.000 buoyancy_pwm=0 mask_valid=1 mask=0 forward_active=0
[CTRL] depth_valid=1 depth=0.148 vz=0.029 az=0.015 target_valid=0 target=0.000 pid=0.000 pid_base=0.000 buoyancy_pwm=0 mask_valid=1 mask=0 forward_active=0
$T,1,0,0,,,,1669,532,-63,1204,0*6A
[CTRL] depth_valid=1 depth=0.111 vz=-0.078 az=-0.090 target_valid=0 target=0.000 pid=0.000 pid_base=0.000 buoyancy_pwm=0 mask_valid=1 mask=0 forward_active=0
[CTRL] depth_valid=1 depth=0.066 vz=-0.104 az=-0.067 target_valid=0 target=0.000 pid=0.000 pid_base=0.000 buoyancy_pwm=0 mask_valid=1 mask=0 forward_active=0
[CTRL] depth_valid=1 depth=0.106 vz=0.025 az=0.053 target_valid=0 target=0.000 pid=0.000 pid_base=0.000 buoyancy_pwm=0 mask_valid=1 mask=0 forward_active=0
[CTRL] depth_valid=1 depth=0.171 vz=0.145 az=0.135 target_valid=0 target=0.000 pid=0.000 pid_base=0.000 buoyancy_pwm=0 mask_valid=1 mask=0 forward_active=0
$T,1,1,0,,,,1669,532,-63,1204,0*6B
[OK]hb
[CTRL] depth_valid=1 depth=0.126 vz=-0.023 az=-0.053 target_valid=0 target=0.000 pid=0.000 pid_base=0.000 buoyancy_pwm=0 mask_valid=1 mask=0 forward_active=0
[CTRL] depth_valid=1 depth=0.093 vz=-0.076 az=-0.075 target_valid=0 target=0.000 pid=0.000 pid_base=0.000 buoyancy_pwm=0 mask_valid=1 mask=0 forward_active=0
[CTRL] depth_valid=1 depth=0.142 vz=0.042 az=0.037 target_valid=0 target=0.000 pid=0.000 pid_base=0.000 buoyancy_pwm=0 mask_valid=1 mask=0 forward_active=0
[CTRL] depth_valid=1 depth=0.167 vz=0.095 az=0.082 target_valid=0 target=0.000 pid=0.000 pid_base=0.000 buoyancy_pwm=0 mask_valid=1 mask=0 forward_active=0
$T,1,0,0,,,,1669,532,-63,1201,0*6F
[CTRL] depth_valid=1 depth=0.120 vz=-0.046 az=-0.064 target_valid=0 target=0.000 pid=0.000 pid_base=0.000 buoyancy_pwm=0 mask_valid=1 mask=0 forward_active=0
[CTRL] depth_valid=1 depth=0.118 vz=-0.048 az=-0.058 target_valid=0 target=0.000 pid=0.000 pid_base=0.000 buoyancy_pwm=0 mask_valid=1 mask=0 forward_active=0
[CTRL] depth_valid=1 depth=0.103 vz=-0.057 az=-0.049 target_valid=0 target=0.000 pid=0.000 pid_base=0.000 buoyancy_pwm=0 mask_valid=1 mask=0 forward_active=0
[CTRL] depth_valid=1 depth=0.097 vz=-0.043 az=-0.026 target_valid=0 target=0.000 pid=0.000 pid_base=0.000 buoyancy_pwm=0 mask_valid=1 mask=0 forward_active=0
$T,0,0,0,,,,1669,532,-63,1201,0*6E
[CTRL] depth_valid=1 depth=0.091 vz=-0.030 az=-0.006 target_valid=0 target=0.000 pid=0.000 pid_base=0.000 buoyancy_pwm=0 mask_valid=1 mask=0 forward_active=0
[CTRL] depth_valid=1 depth=0.110 vz=0.022 az=0.037 target_valid=0 target=0.000 pid=0.000 pid_base=0.000 buoyancy_pwm=0 mask_valid=1 mask=0 forward_active=0
[CTRL] depth_valid=1 depth=0.127 vz=0.028 az=0.013 target_valid=0 target=0.000 pid=0.000 pid_base=0.000 buoyancy_pwm=0 mask_valid=1 mask=0 forward_active=0
[OK]hb
[CTRL] depth_valid=1 depth=0.116 vz=-0.014 az=-0.029 target_valid=0 target=0.000 pid=0.000 pid_base=0.000 buoyancy_pwm=0 mask_valid=1 mask=0 forward_active=0
$T,1,0,0,,,,1669,532,-63,1199,0*6D
[CTRL] depth_valid=1 depth=0.117 vz=-0.015 az=-0.027 target_valid=0 target=0.000 pid=0.000 pid_base=0.000 buoyancy_pwm=0 mask_valid=1 mask=0 forward_active=0
[CTRL] depth_valid=1 depth=0.102 vz=-0.042 az=-0.044 target_valid=0 target=0.000 pid=0.000 pid_base=0.000 buoyancy_pwm=0 mask_valid=1 mask=0 forward_active=0
[CTRL] depth_valid=1 depth=0.145 vz=0.053 az=0.043 target_valid=0 target=0.000 pid=0.000 pid_base=0.000 buoyancy_pwm=0 mask_valid=1 mask=0 forward_active=0
[CTRL] depth_valid=1 depth=0.131 vz=0.012 az=0.004 target_valid=0 target=0.000 pid=0.000 pid_base=0.000 buoyancy_pwm=0 mask_valid=1 mask=0 forward_active=0
$T,1,0,0,,,,1669,532,-63,1206,0*68
[CTRL] depth_valid=1 depth=0.124 vz=0.003 az=0.000 target_valid=0 target=0.000 pid=0.000 pid_base=0.000 buoyancy_pwm=0 mask_valid=1 mask=0 forward_active=0
[CTRL] depth_valid=1 depth=0.129 vz=0.009 az=0.004 target_valid=0 target=0.000 pid=0.000 pid_base=0.000 buoyancy_pwm=0 mask_valid=1 mask=0 forward_active=0
[CTRL] depth_valid=1 depth=0.150 vz=0.044 az=0.030 target_valid=0 target=0.000 pid=0.000 pid_base=0.000 buoyancy_pwm=0 mask_valid=1 mask=0 forward_active=0
[CTRL] depth_valid=1 depth=0.134 vz=-0.026 az=-0.050 target_valid=0 target=0.000 pid=0.000 pid_base=0.000 buoyancy_pwm=0 mask_valid=1 mask=0 forward_active=0
$T,1,0,0,,,,1669,532,-63,1206,0*68
[CTRL] depth_valid=1 depth=0.148 vz=0.007 az=-0.011 target_valid=0 target=0.000 pid=0.000 pid_base=0.000 buoyancy_pwm=0 mask_valid=1 mask=0 forward_active=0
[OK]hb
[CTRL] depth_valid=1 depth=0.139 vz=-0.020 az=-0.033 target_valid=0 target=0.000 pid=0.000 pid_base=0.000 buoyancy_pwm=0 mask_valid=1 mask=0 forward_active=0
[CTRL] depth_valid=1 depth=0.137 vz=-0.029 az=-0.036 target_valid=0 target=0.000 pid=0.000 pid_base=0.000 buoyancy_pwm=0 mask_valid=1 mask=0 forward_active=0
[CTRL] depth_valid=1 depth=0.121 vz=-0.028 az=-0.019 target_valid=0 target=0.000 pid=0.000 pid_base=0.000 buoyancy_pwm=0 mask_valid=1 mask=0 forward_active=0
$T,1,0,0,,,,1669,532,-63,1203,0*6D
[CTRL] depth_valid=1 depth=0.108 vz=-0.047 az=-0.035 target_valid=0 target=0.000 pid=0.000 pid_base=0.000 buoyancy_pwm=0 mask_valid=1 mask=0 forward_active=0
[CTRL] depth_valid=1 depth=0.135 vz=0.025 az=0.032 target_valid=0 target=0.000 pid=0.000 pid_base=0.000 buoyancy_pwm=0 mask_valid=1 mask=0 forward_active=0
[CTRL] depth_valid=1 depth=0.147 vz=0.034 az=0.027 target_valid=0 target=0.000 pid=0.000 pid_base=0.000 buoyancy_pwm=0 mask_valid=1 mask=0 forward_active=0
[CTRL] depth_valid=1 depth=0.148 vz=0.003 az=-0.021 target_valid=0 target=0.000 pid=0.000 pid_base=0.000 buoyancy_pwm=0 mask_valid=1 mask=0 forward_active=0
$T,1,0,0,,,,1669,532,-63,1202,0*6C
[CTRL] depth_valid=1 depth=0.145 vz=-0.006 az=-0.021 target_valid=0 target=0.000 pid=0.000 pid_base=0.000 buoyancy_pwm=0 mask_valid=1 mask=0 forward_active=0
[CTRL] depth_valid=1 depth=0.151 vz=0.010 az=-0.000 target_valid=0 target=0.000 pid=0.000 pid_base=0.000 buoyancy_pwm=0 mask_valid=1 mask=0 forward_active=0
[CTRL] depth_valid=1 depth=0.161 vz=0.010 az=-0.011 target_valid=0 target=0.000 pid=0.000 pid_base=0.000 buoyancy_pwm=0 mask_valid=1 mask=0 forward_active=0
[OK]hb
[CTRL] depth_valid=1 depth=0.156 vz=-0.009 az=-0.026 target_valid=0 target=0.000 pid=0.000 pid_base=0.000 buoyancy_pwm=0 mask_valid=1 mask=0 forward_active=0
$T,1,0,0,,,,1669,532,-63,1204,0*6A
[CTRL] depth_valid=1 depth=0.145 vz=-0.035 az=-0.042 target_valid=0 target=0.000 pid=0.000 pid_base=0.000 buoyancy_pwm=0 mask_valid=1 mask=0 forward_active=0
[CTRL] depth_valid=1 depth=0.152 vz=-0.006 az=-0.005 target_valid=0 target=0.000 pid=0.000 pid_base=0.000 buoyancy_pwm=0 mask_valid=1 mask=0 forward_active=0
[CTRL] depth_valid=1 depth=0.128 vz=-0.052 az=-0.044 target_valid=0 target=0.000 pid=0.000 pid_base=0.000 buoyancy_pwm=0 mask_valid=1 mask=0 forward_active=0
[CTRL] depth_valid=1 depth=0.129 vz=-0.022 az=-0.003 target_valid=0 target=0.000 pid=0.000 pid_base=0.000 buoyancy_pwm=0 mask_valid=1 mask=0 forward_active=0
$T,1,0,0,,,,1669,532,-63,1209,0*67
[CTRL] depth_valid=1 depth=0.129 vz=0.007 az=0.027 target_valid=0 target=0.000 pid=0.000 pid_base=0.000 buoyancy_pwm=0 mask_valid=1 mask=0 forward_active=0
[CTRL] depth_valid=1 depth=0.127 vz=-0.005 az=0.000 target_valid=0 target=0.000 pid=0.000 pid_base=0.000 buoyancy_pwm=0 mask_valid=1 mask=0 forward_active=0
[CTRL] depth_valid=1 depth=0.166 vz=0.079 az=0.073 target_valid=0 target=0.000 pid=0.000 pid_base=0.000 buoyancy_pwm=0 mask_valid=1 mask=0 forward_active=0
[CTRL] depth_valid=1 depth=0.166 vz=0.026 az=-0.005 target_valid=0 target=0.000 pid=0.000 pid_base=0.000 buoyancy_pwm=0 mask_valid=1 mask=0 forward_active=0
$T,1,0,0,,,,1669,532,-63,1204,0*6A
[CTRL] depth_valid=1 depth=0.141 vz=-0.045 az=-0.068 target_valid=0 target=0.000 pid=0.000 pid_base=0.000 buoyancy_pwm=0 mask_valid=1 mask=0 forward_active=0
[OK]hb
[CTRL] depth_valid=1 depth=0.145 vz=-0.009 az=-0.012 target_valid=0 target=0.000 pid=0.000 pid_base=0.000 buoyancy_pwm=0 mask_valid=1 mask=0 forward_active=0
[CTRL] depth_valid=1 depth=0.160 vz=-0.003 az=-0.021 target_valid=0 target=0.000 pid=0.000 pid_base=0.000 buoyancy_pwm=0 mask_valid=1 mask=0 forward_active=0
[CTRL] depth_valid=1 depth=0.163 vz=-0.008 az=-0.027 target_valid=0 target=0.000 pid=0.000 pid_base=0.000 buoyancy_pwm=0 mask_valid=1 mask=0 forward_active=0
$T,1,0,0,,,,1669,532,-63,1204,0*6A
[CTRL] depth_valid=1 depth=0.182 vz=0.029 az=0.011 target_valid=0 target=0.000 pid=0.000 pid_base=0.000 buoyancy_pwm=0 mask_valid=1 mask=0 forward_active=0
[CTRL] depth_valid=1 depth=0.152 vz=-0.037 az=-0.039 target_valid=0 target=0.000 pid=0.000 pid_base=0.000 buoyancy_pwm=0 mask_valid=1 mask=0 forward_active=0
[CTRL] depth_valid=1 depth=0.180 vz=0.021 az=0.010 target_valid=0 target=0.000 pid=0.000 pid_base=0.000 buoyancy_pwm=0 mask_valid=1 mask=0 forward_active=0
[CTRL] depth_valid=1 depth=0.160 vz=-0.018 az=-0.020 target_valid=0 target=0.000 pid=0.000 pid_base=0.000 buoyancy_pwm=0 mask_valid=1 mask=0 forward_active=0
$T,1,0,0,,,,1669,532,-63,1201,0*6F
[CTRL] depth_valid=1 depth=0.122 vz=-0.085 az=-0.073 target_valid=0 target=0.000 pid=0.000 pid_base=0.000 buoyancy_pwm=0 mask_valid=1 mask=0 forward_active=0
[CTRL] depth_valid=1 depth=0.158 vz=0.022 az=0.033 target_valid=0 target=0.000 pid=0.000 pid_base=0.000 buoyancy_pwm=0 mask_valid=1 mask=0 forward_active=0
[CTRL] depth_valid=1 depth=0.141 vz=-0.017 az=-0.013 target_valid=0 target=0.000 pid=0.000 pid_base=0.000 buoyancy_pwm=0 mask_valid=1 mask=0 forward_active=0
[OK]hb
[CTRL] depth_valid=1 depth=0.165 vz=0.034 az=0.026 target_valid=0 target=0.000 pid=0.000 pid_base=0.000 buoyancy_pwm=0 mask_valid=1 mask=0 forward_active=0
$T,1,0,0,,,,1669,532,-63,1199,0*6D
[CTRL] depth_valid=1 depth=0.154 vz=-0.007 az=-0.019 target_valid=0 target=0.000 pid=0.000 pid_base=0.000 buoyancy_pwm=0 mask_valid=1 mask=0 forward_active=0
[CTRL] depth_valid=1 depth=0.134 vz=-0.032 az=-0.023 target_valid=0 target=0.000 pid=0.000 pid_base=0.000 buoyancy_pwm=0 mask_valid=1 mask=0 forward_active=0
[CTRL] depth_valid=1 depth=0.160 vz=0.030 az=0.032 target_valid=0 target=0.000 pid=0.000 pid_base=0.000 buoyancy_pwm=0 mask_valid=1 mask=0 forward_active=0
[CTRL] depth_valid=1 depth=0.115 vz=-0.082 az=-0.082 target_valid=0 target=0.000 pid=0.000 pid_base=0.000 buoyancy_pwm=0 mask_valid=1 mask=0 forward_active=0
$T,1,0,0,,,,1669,532,-63,1203,0*6D
[CTRL] depth_valid=1 depth=0.125 vz=-0.019 az=-0.000 target_valid=0 target=0.000 pid=0.000 pid_base=0.000 buoyancy_pwm=0 mask_valid=1 mask=0 forward_active=0
[CTRL] depth_valid=1 depth=0.143 vz=0.014 az=0.017 target_valid=0 target=0.000 pid=0.000 pid_base=0.000 buoyancy_pwm=0 mask_valid=1 mask=0 forward_active=0
[CTRL] depth_valid=1 depth=0.184 vz=0.087 az=0.072 target_valid=0 target=0.000 pid=0.000 pid_base=0.000 buoyancy_pwm=0 mask_valid=1 mask=0 forward_active=0
[CTRL] depth_valid=1 depth=0.149 vz=-0.027 az=-0.048 target_valid=0 target=0.000 pid=0.000 pid_base=0.000 buoyancy_pwm=0 mask_valid=1 mask=0 forward_active=0
$T,1,0,0,,,,1669,532,-63,1204,0*6A
[CTRL] depth_valid=1 depth=0.132 vz=-0.056 az=-0.059 target_valid=0 target=0.000 pid=0.000 pid_base=0.000 buoyancy_pwm=0 mask_valid=1 mask=0 forward_active=0
[OK]hb
[CTRL] depth_valid=1 depth=0.154 vz=0.010 az=0.012 target_valid=0 target=0.000 pid=0.000 pid_base=0.000 buoyancy_pwm=0 mask_valid=1 mask=0 forward_active=0
[CTRL] depth_valid=1 depth=0.181 vz=0.060 az=0.053 target_valid=0 target=0.000 pid=0.000 pid_base=0.000 buoyancy_pwm=0 mask_valid=1 mask=0 forward_active=0
[CTRL] depth_valid=1 depth=0.162 vz=-0.019 az=-0.038 target_valid=0 target=0.000 pid=0.000 pid_base=0.000 buoyancy_pwm=0 mask_valid=1 mask=0 forward_active=0
$T,1,0,0,,,,1669,532,-63,1204,0*6A
[CTRL] depth_valid=1 depth=0.146 vz=-0.052 az=-0.061 target_valid=0 target=0.000 pid=0.000 pid_base=0.000 buoyancy_pwm=0 mask_valid=1 mask=0 forward_active=0
[CTRL] depth_valid=1 depth=0.147 vz=-0.029 az=-0.023 target_valid=0 target=0.000 pid=0.000 pid_base=0.000 buoyancy_pwm=0 mask_valid=1 mask=0 forward_active=0
[CTRL] depth_valid=1 depth=0.136 vz=-0.035 az=-0.022 target_valid=0 target=0.000 pid=0.000 pid_base=0.000 buoyancy_pwm=0 mask_valid=1 mask=0 forward_active=0
[CTRL] depth_valid=1 depth=0.161 vz=0.026 az=0.030 target_valid=0 target=0.000 pid=0.000 pid_base=0.000 buoyancy_pwm=0 mask_valid=1 mask=0 forward_active=0
$T,1,0,0,,,,1669,535,-64,1202,0*6C
[CTRL] depth_vali