 vz=0.000 az=0.000 target_valid=0 target=0.000 pid=0.000 pid_base=0.000 buoyancy_pwm=0 mask_valid=1 mask=0 forward_active=0
[CTRL] depth_valid=1 depth=0.000 vz=0.000 az=0.000 target_valid=0 target=0.000 pid=0.000 pid_base=0.000 buoyancy_pwm=0 mask_valid=1 mask=0 forward_active=0
$T,0,0,0,,,,1661,542,983,1202,0*78
[CTRL] depth_valid=1 depth=0.000 vz=0.000 az=0.000 target_valid=0 target=0.000 pid=0.000 pid_base=0.000 buoyancy_pwm=0 mask_valid=1 mask=0 forward_active=0
[CTRL] depth_valid=1 depth=0.000 vz=0.000 az=0.000 target_valid=0 target=0.000 pid=0.000 pid_base=0.000 buoyancy_pwm=0 mask_valid=1 mask=0 forward_active=0
[CTRL] depth_valid=1 depth=0.000 vz=0.000 az=0.000 target_valid=0 target=0.000 pid=0.000 pid_base=0.000 buoyancy_pwm=0 mask_valid=1 mask=0 forward_active=0
[CTRL] depth_valid=1 depth=0.002 vz=0.001 az=-0.001 target_valid=0 target=0.000 pid=0.000 pid_base=0.000 buoyancy_pwm=0 mask_valid=1 mask=0 forward_active=0
$T,0,0,0,,,,1661,542,983,1202,0*78
[CTRL] depth_valid=1 depth=0.003 vz=0.003 az=0.001 target_valid=0 target=0.000 pid=0.000 pid_base=0.000 buoyancy_pwm=0 mask_valid=1 mask=0 forward_active=0
[CTRL] depth_valid=1 depth=0.000 vz=-0.005 az=-0.006 target_valid=0 target=0.000 pid=0.000 pid_base=0.000 buoyancy_pwm=0 mask_valid=1 mask=0 forward_active=0
[CTRL] depth_valid=1 depth=-0.000 vz=-0.005 az=-0.005 target_valid=0 target=0.000 pid=0.000 pid_base=0.000 buoyancy_pwm=0 mask_valid=1 mask=0 forward_active=0
[CTRL] depth_valid=1 depth=-0.000 vz=-0.002 az=-0.001 target_valid=0 target=0.000 pid=0.000 pid_base=0.000 buoyancy_pwm=0 mask_valid=1 mask=0 forward_active=0
$T,0,0,0,,,,1661,542,983,1206,0*7C
[CTRL] depth_valid=1 depth=-0.000 vz=-0.000 az=0.001 target_valid=0 target=0.000 pid=0.000 pid_base=0.000 buoyancy_pwm=0 mask_valid=1 mask=0 forward_active=0
[OK]hb
[CTRL] depth_valid=1 depth=-0.000 vz=0.000 az=0.001 target_valid=0 target=0.000 pid=0.000 pid_base=0.000 buoyancy_pwm=0 mask_valid=1 mask=0 forward_active=0
[CTRL] depth_valid=1 depth=0.000 vz=0.001 az=0.001 target_valid=0 target=0.000 pid=0.000 pid_base=0.000 buoyancy_pwm=0 mask_valid=1 mask=0 forward_active=0
[CTRL] depth_valid=1 depth=0.000 vz=0.000 az=0.001 target_valid=0 target=0.000 pid=0.000 pid_base=0.000 buoyancy_pwm=0 mask_valid=1 mask=0 forward_active=0
$T,0,0,0,,,,1661,542,983,1206,0*7C
[CTRL] depth_valid=1 depth=0.000 vz=0.000 az=0.000 target_valid=0 target=0.000 pid=0.000 pid_base=0.000 buoyancy_pwm=0 mask_valid=1 mask=0 forward_active=0
[CTRL] depth_valid=1 depth=0.000 vz=0.000 az=0.000 target_valid=0 target=0.000 pid=0.000 pid_base=0.000 buoyancy_pwm=0 mask_valid=1 mask=0 forward_active=0
[CTRL] depth_valid=1 depth=0.000 vz=0.000 az=-0.000 target_valid=0 target=0.000 pid=0.000 pid_base=0.000 buoyancy_pwm=0 mask_valid=1 mask=0 forward_active=0
[CTRL] depth_valid=1 depth=-0.000 vz=-0.000 az=-0.000 target_valid=0 target=0.000 pid=0.000 pid_base=0.000 buoyancy_pwm=0 mask_valid=1 mask=0 forward_active=0
$T,0,0,0,,,,1661,542,983,1203,0*79
[CTRL] depth_valid=1 depth=-0.000 vz=-0.000 az=-0.000 target_valid=0 target=0.000 pid=0.000 pid_base=0.000 buoyancy_pwm=0 mask_valid=1 mask=0 forward_active=0
[CTRL] depth_valid=1 depth=-0.000 vz=-0.000 az=-0.000 target_valid=0 target=0.000 pid=0.000 pid_base=0.000 buoyancy_pwm=0 mask_valid=1 mask=0 forward_active=0
[CTRL] depth_valid=1 depth=-0.000 vz=-0.000 az=0.000 target_valid=0 target=0.000 pid=0.000 pid_base=0.000 buoyancy_pwm=0 mask_valid=1 mask=0 forward_active=0
[OK]hb
[CTRL] depth_valid=1 depth=-0.000 vz=0.000 az=0.000 target_valid=0 target=0.000 pid=0.000 pid_base=0.000 buoyancy_pwm=0 mask_valid=1 mask=0 forward_active=0
$T,0,0,0,,,,1661,542,983,1200,0*7A
[CTRL] depth_valid=1 depth=0.000 vz=0.000 az=0.000 target_valid=0 target=0.000 pid=0.000 pid_base=0.000 buoyancy_pwm=0 mask_valid=1 mask=0 forward_active=0
[CTRL] depth_valid=1 depth=0.000 vz=0.000 az=0.000 target_valid=0 target=0.000 pid=0.000 pid_base=0.000 buoyancy_pwm=0 mask_valid=1 mask=0 forward_active=0
[CTRL] depth_valid=1 depth=0.000 vz=0.000 az=0.000 target_valid=0 target=0.000 pid=0.000 pid_base=0.000 buoyancy_pwm=0 mask_valid=1 mask=0 forward_active=0
[CTRL] depth_valid=1 depth=0.000 vz=0.000 az=0.000 target_valid=0 target=0.000 pid=0.000 pid_base=0.000 buoyancy_pwm=0 mask_valid=1 mask=0 forward_active=0
$T,0,0,0,,,,1661,542,983,1200,0*7A
[CTRL] depth_valid=1 depth=0.000 vz=0.000 az=-0.000 target_valid=0 target=0.000 pid=0.000 pid_base=0.000 buoyancy_pwm=0 mask_valid=1 mask=0 forward_active=0
[CTRL] depth_valid=1 depth=0.000 vz=-0.000 az=-0.000 target_valid=0 target=0.000 pid=0.000 pid_base=0.000 buoyancy_pwm=0 mask_valid=1 mask=0 forward_active=0
[CTRL] depth_valid=1 depth=-0.000 vz=-0.000 az=-0.000 target_valid=0 target=0.000 pid=0.000 pid_base=0.000 buoyancy_pwm=0 mask_valid=1 mask=0 forward_active=0
[CTRL] depth_valid=1 depth=-0.000 vz=-0.000 az=-0.000 target_valid=0 target=0.000 pid=0.000 pid_base=0.000 buoyancy_pwm=0 mask_valid=1 mask=0 forward_active=0
$T,0,0,0,,,,1661,542,983,1198,0*78
[CTRL] depth_valid=1 depth=-0.000 vz=-0.000 az=-0.000 target_valid=0 target=0.000 pid=0.000 pid_base=0.000 buoyancy_pwm=0 mask_valid=1 mask=0 forward_active=0
[OK]hb
[CTRL] depth_valid=1 depth=-0.000 vz=-0.000 az=-0.000 target_valid=0 target=0.000 pid=0.000 pid_base=0.000 buoyancy_pwm=0 mask_valid=1 mask=0 forward_active=0
[CTRL] depth_valid=1 depth=-0.000 vz=-0.000 az=0.000 target_valid=0 target=0.000 pid=0.000 pid_base=0.000 buoyancy_pwm=0 mask_valid=1 mask=0 forward_active=0
[CTRL] depth_valid=1 depth=0.000 vz=0.000 az=0.000 target_valid=0 target=0.000 pid=0.000 pid_base=0.000 buoyancy_pwm=0 mask_valid=1 mask=0 forward_active=0
$T,0,0,0,,,,1661,542,983,1203,0*79
[CTRL] depth_valid=1 depth=0.000 vz=0.000 az=0.000 target_valid=0 target=0.000 pid=0.000 pid_base=0.000 buoyancy_pwm=0 mask_valid=1 mask=0 forward_active=0
[CTRL] depth_valid=1 depth=0.000 vz=0.000 az=0.000 target_valid=0 target=0.000 pid=0.000 pid_base=0.000 buoyancy_pwm=0 mask_valid=1 mask=0 forward_active=0
[CTRL] depth_valid=1 depth=0.000 vz=0.000 az=0.000 target_valid=0 target=0.000 pid=0.000 pid_base=0.000 buoyancy_pwm=0 mask_valid=1 mask=0 forward_active=0
[CTRL] depth_valid=1 depth=0.000 vz=0.000 az=-0.000 target_valid=0 target=0.000 pid=0.000 pid_base=0.000 buoyancy_pwm=0 mask_valid=1 mask=0 forward_active=0
$T,0,0,0,,,,1661,542,983,1207,0*7D
[CTRL] depth_valid=1 depth=0.000 vz=-0.000 az=-0.000 target_valid=0 target=0.000 pid=0.000 pid_base=0.000 buoyancy_pwm=0 mask_valid=1 mask=0 forward_active=0
[CTRL] depth_valid=1 depth=-0.000 vz=-0.000 az=-0.000 target_valid=0 target=0.000 pid=0.000 pid_base=0.000 buoyancy_pwm=0 mask_valid=1 mask=0 forward_active=0
[CTRL] depth_valid=1 depth=-0.000 vz=-0.000 az=-0.000 target_valid=0 target=0.000 pid=0.000 pid_base=0.000 buoyancy_pwm=0 mask_valid=1 mask=0 forward_active=0
EMERGENCY STOP: global pressure balance started (5s), commands locked.
[OK]s#6[ACK] s#6

[OK]hb
[CTRL] depth_valid=1 depth=-0.000 vz=-0.000 az=-0.000 target_valid=0 target=0.000 pid=0.000 pid_base=0.000 buoyancy_pwm=0 mask_valid=1 mask=128 forward_active=0
$T,0,0,0,,,,1661,542,983,1207,0*7D
<- Minima: FWD TURN BUOY 
[CTRL] depth_valid=1 depth=-0.000 vz=-0.000 az=-0.000 target_valid=0 target=0.000 pid=0.000 pid_base=0.000 buoyancy_pwm=0 mask_valid=1 mask=258 forward_active=0
[CTRL] depth_valid=1 depth=-0.000 vz=0.000 az=0.000 target_valid=0 target=0.000 pid=0.000 pid_base=0.000 buoyancy_pwm=0 mask_valid=1 mask=132 forward_active=0
[CTRL] depth_valid=1 depth=0.000 vz=0.000 az=0.000 target_valid=0 target=0.000 pid=0.000 pid_base=0.000 buoyancy_pwm=0 mask_valid=1 mask=258 forward_active=0
[CTRL] depth_valid=1 depth=0.000 vz=0.000 az=0.000 target_valid=0 target=0.000 pid=0.000 pid_base=0.000 buoyancy_pwm=0 mask_valid=1 mask=132 forward_active=0
$T,0,0,0,,,,1661,542,983,1203,7*7E
[CTRL] depth_valid=1 depth=0.000 vz=0.000 az=0.000 target_valid=0 target=0.000 pid=0.000 pid_base=0.000 buoyancy_pwm=0 mask_valid=1 mask=258 forward_active=0
[CTRL] depth_valid=1 depth=0.000 vz=0.000 az=0.000 target_valid=0 target=0.000 pid=0.000 pid_base=0.000 buoyancy_pwm=0 mask_valid=1 mask=132 forward_active=0
[CTRL] depth_valid=1 depth=0.000 vz=-0.000 az=-0.000 target_valid=0 target=0.000 pid=0.000 pid_base=0.000 buoyancy_pwm=0 mask_valid=1 mask=258 forward_active=0
[CTRL] depth_valid=1 depth=-0.000 vz=-0.000 az=-0.000 target_valid=0 target=0.000 pid=0.000 pid_base=0.000 buoyancy_pwm=0 mask_valid=1 mask=132 forward_active=0
$T,0,0,0,,,,1661,542,982,1198,7*7E
[CTRL] depth_valid=1 depth=-0.000 vz=-0.000 az=-0.000 target_valid=0 target=0.000 pid=0.000 pid_base=0.000 buoyancy_pwm=0 mask_valid=1 mask=258 forward_active=0
[OK]hb
Global balance complete. System ready.
[CTRL] depth_valid=1 depth=-0.000 vz=-0.000 az=-0.000 target_valid=0 target=0.000 pid=0.000 pid_base=0.000 buoyancy_pwm=0 mask_valid=1 mask=4 forward_active=0
<- Minima: IDLE
[CTRL] depth_valid=1 depth=-0.000 vz=-0.000 az=-0.000 target_valid=0 target=0.000 pid=0.000 pid_base=0.000 buoyancy_pwm=0 mask_valid=1 mask=0 forward_active=0
[CTRL] depth_valid=1 depth=0.010 vz=0.013 az=0.007 target_valid=0 target=0.000 pid=0.000 pid_base=0.000 buoyancy_pwm=0 mask_valid=1 mask=0 forward_active=0
$T,0,0,0,,,,1661,542,982,1203,0*78
[CTRL] depth_valid=1 depth=0.001 vz=-0.011 az=-0.015 target_valid=0 target=0.000 pid=0.000 pid_base=0.000 buoyancy_pwm=0 mask_valid=1 mask=0 forward_active=0
[CTRL] depth_valid=1 depth=-0.001 vz=-0.012 az=-0.013 target_valid=0 target=0.000 pid=0.000 pid_base=0.000 buoyancy_pwm=0 mask_valid=1 mask=0 forward_active=0
[CTRL] depth_valid=1 depth=0.001 vz=-0.003 az=-0.003 target_valid=0 target=0.000 pid=0.000 pid_base=0.000 buoyancy_pwm=0 mask_valid=1 mask=0 forward_active=0
[CTRL] depth_valid=1 depth=-0.000 vz=-0.005 az=-0.003 target_valid=0 target=0.000 pid=0.000 pid_base=0.000 buoyancy_pwm=0 mask_valid=1 mask=0 forward_active=0
$T,0,0,0,,,,1661,542,982,1203,0*78
[CTRL] depth_valid=1 depth=-0.000 vz=-0.002 az=0.000 target_valid=0 target=0.000 pid=0.000 pid_base=0.000 buoyancy_pwm=0 mask_valid=1 mask=0 forward_active=0
[CTRL] depth_valid=1 depth=-0.000 vz=-0.000 az=0.002 target_valid=0 target=0.000 pid=0.000 pid_base=0.000 buoyancy_pwm=0 mask_valid=1 mask=0 forward_active=0
[CTRL] depth_valid=1 depth=0.000 vz=0.001 az=0.002 target_valid=0 target=0.000 pid=0.000 pid_base=0.000 buoyancy_pwm=0 mask_valid=1 mask=0 forward_active=0
[OK]hb
[CTRL] depth_valid=1 depth=0.000 vz=0.001 az=0.001 target_valid=0 target=0.000 pid=0.000 pid_base=0.000 buoyancy_pwm=0 mask_valid=1 mask=0 forward_active=0
$T,0,0,0,,,,1661,542,982,1200,0*7B
[CTRL] depth_valid=1 depth=0.008 vz=0.017 az=0.015 target_valid=0 target=0.000 pid=0.000 pid_base=0.000 buoyancy_pwm=0 mask_valid=1 mask=0 forward_active=0
[CTRL] depth_valid=1 depth=0.011 vz=0.018 az=0.014 target_valid=0 target=0.000 pid=0.000 pid_base=0.000 buoyancy_pwm=0 mask_valid=1 mask=0 forward_active=0
[CTRL] depth_valid=1 depth=0.009 vz=-0.005 az=-0.017 target_valid=0 target=0.000 pid=0.000 pid_base=0.000 buoyancy_pwm=0 mask_valid=1 mask=0 forward_active=0
[CTRL] depth_valid=1 depth=-0.001 vz=-0.025 az=-0.028 target_valid=0 target=0.000 pid=0.000 pid_base=0.000 buoyancy_pwm=0 mask_valid=1 mask=0 forward_active=0
$T,0,0,0,,,,1661,541,982,1203,0*7B
[CTRL] depth_valid=1 depth=-0.002 vz=-0.019 az=-0.016 target_valid=0 target=0.000 pid=0.000 pid_base=0.000 buoyancy_pwm=0 mask_valid=1 mask=0 forward_active=0
[CTRL] depth_valid=1 depth=-0.002 vz=-0.008 az=-0.001 target_valid=0 target=0.000 pid=0.000 pid_base=0.000 buoyancy_pwm=0 mask_valid=1 mask=0 forward_active=0
[CTRL] depth_valid=1 depth=-0.001 vz=-0.000 az=0.006 target_valid=0 target=0.000 pid=0.000 pid_base=0.000 buoyancy_pwm=0 mask_valid=1 mask=0 forward_active=0
[CTRL] depth_valid=1 depth=0.000 vz=0.003 az=0.006 target_valid=0 target=0.000 pid=0.000 pid_base=0.000 buoyancy_pwm=0 mask_valid=1 mask=0 forward_active=0
$T,0,0,0,,,,1661,541,982,1199,0*7B
[CTRL] depth_valid=1 depth=0.000 vz=0.003 az=0.004 target_valid=0 target=0.000 pid=0.000 pid_base=0.000 buoyancy_pwm=0 mask_valid=1 mask=0 forward_active=0
[CTRL] depth_valid=1 depth=0.000 vz=0.002 az=0.002 target_valid=0 target=0.000 pid=0.000 pid_base=0.000 buoyancy_pwm=0 mask_valid=1 mask=0 forward_active=0
[OK]hb
[CTRL] depth_valid=1 depth=0.010 vz=0.015 az=0.008 target_valid=0 target=0.000 pid=0.000 pid_base=0.000 buoyancy_pwm=0 mask_valid=1 mask=0 forward_active=0
[CTRL] depth_valid=1 depth=0.000 vz=-0.011 az=-0.015 target_valid=0 target=0.000 pid=0.000 pid_base=0.000 buoyancy_pwm=0 mask_valid=1 mask=0 forward_active=0
$T,0,0,0,,,,1661,541,982,1203,0*7B
[CTRL] depth_valid=1 depth=-0.001 vz=-0.009 az=-0.009 target_valid=0 target=0.000 pid=0.000 pid_base=0.000 buoyancy_pwm=0 mask_valid=1 mask=0 forward_active=0
[CTRL] depth_valid=1 depth=-0.001 vz=-0.004 az=-0.001 target_valid=0 target=0.000 pid=0.000 pid_base=0.000 buoyancy_pwm=0 mask_valid=1 mask=0 forward_active=0
[CTRL] depth_valid=1 depth=-0.001 vz=-0.002 az=0.001 target_valid=0 target=0.000 pid=0.000 pid_base=0.000 buoyancy_pwm=0 mask_valid=1 mask=0 forward_active=0
[CTRL] depth_valid=1 depth=0.005 vz=0.008 az=0.006 target_valid=0 target=0.000 pid=0.000 pid_base=0.000 buoyancy_pwm=0 mask_valid=1 mask=0 forward_active=0
$T,0,0,0,,,,1661,542,982,1203,0*78
[CTRL] depth_valid=1 depth=0.001 vz=-0.004 az=-0.006 target_valid=0 target=0.000 pid=0.000 pid_base=0.000 buoyancy_pwm=0 mask_valid=1 mask=0 forward_active=0
[CTRL] depth_valid=1 depth=-0.000 vz=-0.005 az=-0.004 target_valid=0 target=0.000 pid=0.000 pid_base=0.000 buoyancy_pwm=0 mask_valid=1 mask=0 forward_active=0
[CTRL] depth_valid=1 depth=-0.000 vz=-0.002 az=-0.001 target_valid=0 target=0.000 pid=0.000 pid_base=0.000 buoyancy_pwm=0 mask_valid=1 mask=0 forward_active=0
[OK]hb
[CTRL] depth_valid=1 depth=-0.000 vz=-0.000 az=0.001 target_valid=0 target=0.000 pid=0.000 pid_base=0.000 buoyancy_pwm=0 mask_valid=1 mask=0 forward_active=0
$T,0,0,0,,,,1661,541,982,1202,0*7A
[CTRL] depth_valid=1 depth=-0.000 vz=0.001 az=0.002 target_valid=0 target=0.000 pid=0.000 pid_base=0.000 buoyancy_pwm=0 mask_valid=1 mask=0 forward_active=0
[CTRL] depth_valid=1 depth=0.000 vz=0.001 az=0.001 target_valid=0 target=0.000 pid=0.000 pid_base=0.000 buoyancy_pwm=0 mask_valid=1 mask=0 forward_active=0
[CTRL] depth_valid=1 depth=0.000 vz=0.000 az=0.001 target_valid=0 target=0.000 pid=0.000 pid_base=0.000 buoyancy_pwm=0 mask_valid=1 mask=0 forward_active=0
[CTRL] depth_valid=1 depth=0.000 vz=0.000 az=0.000 target_valid=0 target=0.000 pid=0.000 pid_base=0.000 buoyancy_pwm=0 mask_valid=1 mask=0 forward_active=0
$T,0,0,0,,,,1661,541,982,1202,0*7A
[CTRL] depth_valid=1 depth=0.000 vz=0.000 az=0.000 target_valid=0 target=0.000 pid=0.000 pid_base=0.000 buoyancy_pwm=0 mask_valid=1 mask=0 forward_active=0
[CTRL] depth_valid=1 depth=0.000 vz=-0.000 az=-0.000 target_valid=0 target=0.000 pid=0.000 pid_base=0.000 buoyancy_pwm=0 mask_valid=1 mask=0 forward_active=0
[CTRL] depth_valid=1 depth=-0.000 vz=-0.000 az=-0.000 target_valid=0 target=0.000 pid=0.000 pid_base=0.000 buoyancy_pwm=0 mask_valid=1 mask=0 forward_active=0
[CTRL] depth_valid=1 depth=-0.000 vz=-0.000 az=-0.000 target_valid=0 target=0.000 pid=0.000 pid_base=0.000 buoyancy_pwm=0 mask_valid=1 mask=0 forward_active=0
$T,0,0,0,,,,1661,541,982,1204,0*7C
[CTRL] depth_valid=1 depth=-0.000 vz=-0.000 az=-0.000 target_valid=0 target=0.000 pid=0.000 pid_base=0.000 buoyancy_pwm=0 mask_valid=1 mask=0 forward_active=0
[CTRL] depth_valid=1 depth=-0.000 vz=-0.000 az=0.000 target_valid=0 target=0.000 pid=0.000 pid_base=0.000 buoyancy_pwm=0 mask_valid=1 mask=0 forward_active=0
[OK]hb
[CTRL] depth_valid=1 depth=-0.000 vz=0.000 az=0.000 target_valid=0 target=0.000 pid=0.000 pid_base=0.000 buoyancy_pwm=0 mask_valid=1 mask=0 forward_active=0
[CTRL] depth_valid=1 depth=0.000 vz=0.000 az=0.000 target_valid=0 target=0.000 pid=0.000 pid_base=0.000 buoyancy_pwm=0 mask_valid=1 mask=0 forward_active=0
$T,0,0,0,,,,1661,541,982,1203,0*7B
[CTRL] depth_valid=1 depth=0.000 vz=0.000 az=0.000 target_valid=0 target=0.000 pid=0.000 pid_base=0.000 buoyancy_pwm=0 mask_valid=1 mask=0 forward_active=0
[CTRL] depth_valid=1 depth=0.000 vz=0.000 az=0.000 target_valid=0 target=0.000 pid=0.000 pid_base=0.000 buoyancy_pwm=0 mask_valid=1 mask=0 forward_active=0
[CTRL] depth_valid=1 depth=0.000 vz=0.000 az=0.000 target_valid=0 target=0.000 pid=0.000 pid_base=0.000 buoyancy_pwm=0 mask_valid=1 mask=0 forward_active=0
[CTRL] depth_valid=1 depth=0.000 vz=-0.000 az=-0.000 target_valid=0 target=0.000 pid=0.000 pid_base=0.000 buoyancy_pwm=0 mask_valid=1 mask=0 forward_active=0
$T,0,0,0,,,,1661,541,982,1203,0*7B
[CTRL] depth_valid=1 depth=-0.000 vz=-0.000 az=-0.000 target_valid=0 target=0.000 pid=0.000 pid_base=0.000 buoyancy_pwm=0 mask_valid=1 mask=0 forward_active=0
[CTRL] depth_valid=1 depth=-0.000 vz=-0.000 az=-0.000 target_valid=0 target=0.000 pid=0.000 pid_base=0.000 buoyancy_pwm=0 mask_valid=1 mask=0 forward_active=0
[CTRL] depth_valid=1 depth=-0.000 vz=-0.000 az=-0.000 target_valid=0 target=0.000 pid=0.000 pid_base=0.000 buoyancy_pwm=0 mask_valid=1 mask=0 forward_active=0
[CTRL] depth_valid=1 depth=-0.000 vz=-0.000 az=-0.000 target_valid=0 target=0.000 pid=0.000 pid_base=0.000 buoyancy_pwm=0 mask_valid=1 mask=0 forward_active=0
$T,0,0,0,,,,1661,541,982,1199,0*7B
[OK]hb
[CTRL] depth_valid=1 depth=-0.000 vz=-0.000 az=0.000 target_valid=0 target=0.000 pid=0.000 pid_base=0.000 buoyancy_pwm=0 mask_valid=1 mask=0 forward_active=0
[CTRL] depth_valid=1 depth=-0.000 vz=0.000 az=0.000 target_valid=0 target=0.000 pid=0.000 pid_base=0.000 buoyancy_pwm=0 mask_valid=1 mask=0 forward_active=0
[CTRL] depth_valid=1 depth=0.000 vz=0.000 az=0.000 target_valid=0 target=0.000 pid=0.000 pid_base=0.000 buoyancy_pwm=0 mask_valid=1 mask=0 forward_active=0
[CTRL] depth_valid=1 depth=0.000 vz=0.000 az=0.000 target_valid=0 target=0.000 pid=0.000 pid_base=0.000 buoyancy_pwm=0 mask_valid=1 mask=0 forward_active=0
$T,0,0,0,,,,1661,541,982,1203,0*7B
[CTRL] depth_valid=1 depth=0.000 vz=0.000 az=0.000 target_valid=0 target=0.000 pid=0.000 pid_base=0.000 buoyancy_pwm=0 mask_valid=1 mask=0 forward_active=0
[CTRL] depth_valid=1 depth=0.000 vz=0.000 az=-0.000 target_valid=0 target=0.000 pid=0.000 pid_base=0.000 buoyancy_pwm=0 mask_valid=1 mask=0 forward_active=0
[CTRL] depth_valid=1 depth=0.000 vz=-0.000 az=-0.000 target_valid=0 target=0.000 pid=0.000 pid_base=0.000 buoyancy_pwm=0 mask_valid=1 mask=0 forward_active=0
[CTRL] depth_valid=1 depth=0.010 vz=0.014 az=0.007 target_valid=0 target=0.000 pid=0.000 pid_base=0.000 buoyancy_pwm=0 mask_valid=1 mask=0 forward_active=0
$T,0,0,0,,,,1661,541,982,1200,0*78
[CTRL] depth_valid=1 depth=0.001 vz=-0.010 az=-0.014 target_valid=0 target=0.000 pid=0.000 pid_base=0.000 buoyancy_pwm=0 mask_valid=1 mask=0 forward_active=0
[CTRL] depth_valid=1 depth=-0.001 vz=-0.009 az=-0.008 target_valid=0 target=0.000 pid=0.000 pid_base=0.000 buoyancy_pwm=0 mask_valid=1 mask=0 forward_active=0
[OK]hb
[CTRL] depth_valid=1 depth=-0.001 vz=-0.004 az=-0.001 target_valid=0 target=0.000 pid=0.000 pid_base=0.000 buoyancy_pwm=0 mask_valid=1 mask=0 forward_active=0
[CTRL] depth_valid=1 depth=-0.000 vz=-0.000 az=0.003 target_valid=0 target=0.000 pid=0.000 pid_base=0.000 buoyancy_pwm=0 mask_valid=1 mask=0 forward_active=0
$T,0,0,0,,,,1661,541,982,1207,0*7F
[CTRL] depth_valid=1 depth=0.000 vz=0.001 az=0.003 target_valid=0 target=0.000 pid=0.000 pid_base=0.000 buoyancy_pwm=0 mask_valid=1 mask=0 forward_active=0
[CTRL] depth_valid=1 depth=0.000 vz=0.001 az=0.002 target_valid=0 target=0.000 pid=0.000 pid_base=0.000 buoyancy_pwm=0 mask_valid=1 mask=0 forward_active=0
[CTRL] depth_valid=1 depth=0.000 vz=0.001 az=0.001 target_valid=0 target=0.000 pid=0.000 pid_base=0.000 buoyancy_pwm=0 mask_valid=1 mask=0 forward_active=0
[CTRL] depth_valid=1 depth=0.000 vz=0.000 az=0.001 target_valid=0 target=0.000 pid=0.000 pid_base=0.000 buoyancy_pwm=0 mask_valid=1 mask=0 forward_active=0
$T,0,0,0,,,,1661,541,982,1207,0*7F
[CTRL] depth_valid=1 depth=0.000 vz=0.000 az=0.000 target_valid=0 target=0.000 pid=0.000 pid_base=0.000 buoyancy_pwm=0 mask_valid=1 mask=0 forward_active=0
[CTRL] depth_valid=1 depth=0.000 vz=-0.000 az=-0.000 target_valid=0 target=0.000 pid=0.000 pid_base=0.000 buoyancy_pwm=0 mask_valid=1 mask=0 forward_active=0
[CTRL] depth_valid=1 depth=-0.000 vz=-0.000 az=-0.000 target_valid=0 target=0.000 pid=0.000 pid_base=0.000 buoyancy_pwm=0 mask_valid=1 mask=0 forward_active=0
[CTRL] depth_valid=1 depth=-0.000 vz=-0.000 az=-0.000 target_valid=0 target=0.000 pid=0.000 pid_base=0.000 buoyancy_pwm=0 mask_valid=1 mask=0 forward_active=0
$T,0,0,0,,,,1661,541,982,1202,0*7A
[OK]hb
[CTRL] depth_valid=1 depth=-0.000 vz=-0.000 az=-0.000 target_valid=0 target=0.000 pid=0.000 pid_base=0.000 buoyancy_pwm=0 mask_valid=1 mask=0 forward_active=0
[CTRL] depth_valid=1 depth=-0.000 vz=-0.000 az=-0.000 target_valid=0 target=0.000 pid=0.000 pid_base=0.000 buoyancy_pwm=0 mask_valid=1 mask=0 forward_active=0
[CTRL] depth_valid=1 depth=-0.000 vz=-0.000 az=-0.000 target_valid=0 target=0.000 pid=0.000 pid_base=0.000 buoyancy_pwm=0 mask_valid=1 mask=0 forward_active=0
[CTRL] depth_valid=1 depth=-0.000 vz=0.000 az=0.000 target_valid=0 target=0.000 pid=0.000 pid_base=0.000 buoyancy_pwm=0 mask_valid=1 mask=0 forward_active=0
$T,0,0,0,,,,1661,541,982,1202,0*7A
[CTRL] depth_valid=1 depth=0.000 vz=0.000 az=0.000 target_valid=0 target=0.000 pid=0.000 pid_base=0.000 buoyancy_pwm=0 mask_valid=1 mask=0 forward_active=0
[CTRL] depth_valid=1 depth=0.000 vz=0.000 az=0.000 target_valid=0 target=0.000 pid=0.000 pid_base=0.000 buoyancy_pwm=0 mask_valid=1 mask=0 forward_active=0
[CTRL] depth_valid=1 depth=0.000 vz=0.000 az=0.000 target_valid=0 target=0.000 pid=0.000 pid_base=0.000 buoyancy_pwm=0 mask_valid=1 mask=0 forward_active=0
[CTRL] depth_valid=1 depth=0.000 vz=0.000 az=-0.000 target_valid=0 target=0.000 pid=0.000 pid_base=0.000 buoyancy_pwm=0 mask_valid=1 mask=0 forward_active=0
$T,0,0,0,,,,1661,541,982,1198,0*7A
[CTRL] depth_valid=1 depth=0.000 vz=-0.000 az=-0.000 target_valid=0 target=0.000 pid=0.000 pid_base=0.000 buoyancy_pwm=0 mask_valid=1 mask=0 forward_active=0
[CTRL] depth_valid=1 depth=-0.000 vz=-0.000 az=-0.000 target_valid=0 target=0.000 pid=0.000 pid_base=0.000 buoyancy_pwm=0 mask_valid=1 mask=0 forward_active=0
[OK]hb
[CTRL] depth_valid=1 depth=-0.000 vz=-0.000 az=-0.000 target_valid=0 target=0.000 pid=0.000 pid_base=0.000 buoyancy_pwm=0 mask_valid=1 mask=0 forward_active=0
[CTRL] depth_valid=1 depth=-0.000 vz=-0.000 az=-0.000 target_valid=0 target=0.000 pid=0.000 pid_base=0.000 buoyancy_pwm=0 mask_valid=1 mask=0 forward_active=0
$T,0,0,0,,,,1661,541,982,1205,0*7D
[CTRL] depth_valid=1 depth=-0.000 vz=-0.000 az=0.000 target_valid=0 target=0.000 pid=0.000 pid_base=0.000 buoyancy_pwm=0 mask_valid=1 mask=0 forward_active=0
[CTRL] depth_valid=1 depth=-0.000 vz=0.000 az=0.000 target_valid=0 target=0.000 pid=0.000 pid_base=0.000 buoyancy_pwm=0 mask_valid=1 mask=0 forward_active=0
[CTRL] depth_valid=1 depth=0.000 vz=0.000 az=0.000 target_valid=0 target=0.000 pid=0.000 pid_base=0.000 buoyancy_pwm=0 mask_valid=1 mask=0 forward_active=0
[CTRL] depth_valid=1 depth=0.000 vz=0.000 az=0.000 target_valid=0 target=0.000 pid=0.000 pid_base=0.000 buoyancy_pwm=0 mask_valid=1 mask=0 forward_active=0
$T,0,0,0,,,,1661,541,982,1205,0*7D
[CTRL] depth_valid=1 depth=0.000 vz=0.000 az=0.000 target_valid=0 target=0.000 pid=0.000 pid_base=0.000 buoyancy_pwm=0 mask_valid=1 mask=0 forward_active=0
[CTRL] depth_valid=1 depth=0.000 vz=0.000 az=-0.000 target_valid=0 target=0.000 pid=0.000 pid_base=0.000 buoyancy_pwm=0 mask_valid=1 mask=0 forward_active=0
[CTRL] depth_valid=1 depth=0.000 vz=-0.000 az=-0.000 target_valid=0 target=0.000 pid=0.000 pid_base=0.000 buoyancy_pwm=0 mask_valid=1 mask=0 forward_active=0
[OK]hb
[CTRL] depth_valid=1 depth=-0.000 vz=-0.000 az=-0.000 target_valid=0 target=0.000 pid=0.000 pid_base=0.000 buoyancy_pwm=0 mask_valid=1 mask=0 forward_active=0
$T,0,0,0,,,,1661,541,982,1201,0*79
[CTRL] depth_valid=1 depth=-0.000 vz=-0.000 az=-0.000 target_valid=0 target=0.000 pid=0.000 pid_base=0.000 buoyancy_pwm=0 mask_valid=1 mask=0 forward_active=0
[CTRL] depth_valid=1 depth=-0.000 vz=-0.000 az=-0.000 target_valid=0 target=0.000 pid=0.000 pid_base=0.000 buoyancy_pwm=0 mask_valid=1 mask=0 forward_active=0
[CTRL] depth_valid=1 depth=-0.000 vz=-0.000 az=0.000 target_valid=0 target=0.000 pid=0.000 pid_base=0.000 buoyancy_pwm=0 mask_valid=1 mask=0 forward_active=0
[CTRL] depth_valid=1 depth=0.000 vz=0.000 az=0.000 target_valid=0 target=0.000 pid=0.000 pid_base=0.000 buoyancy_pwm=0 mask_valid=1 mask=0 forward_active=0
$T,0,0,0,,,,1661,541,982,1213,0*7A
[CTRL] depth_valid=1 depth=0.000 vz=0.000 az=0.000 target_valid=0 target=0.000 pid=0.000 pid_base=0.000 buoyancy_pw=0 mask_valid=1 mask=0 forward_active=0
[CTRL] depth_valid=1 depth=0.000 vz=0.000 az=0.000 target_valid=0 target=0.000 pid=0.000 pid_base=0.000 buoyancy_pwm=0 mask_valid=1 mask=0 forward_active=0
[CTRL] depth_valid=1 depth=0.000 vz=0.000 az=0.000 target_valid=0 target=0.000 pid=0.000 pid_base=0.000 buoyancy_pwm=0 mask_valid=1 mask=0 forward_active=0
[CTRL] depth_valid=1 depth=0.000 vz=0.000 az=-0.000 target_valid=0 target=0.000 pid=0.000 pid_base=0.000 buoyancy_pwm=0 mask_valid=1 mask=0 forward_active=0
$T,0,0,0,,,,1661,541,982,1204,0*7C
[CTRL] depth_valid=1 depth=0.000 vz=-0.000 az=-0.000 target_valid=0 target=0.000 pid=0.000 pid_base=0.000 buoyancy_pwm=0 mask_valid=1 mask=0 forward_active=0
[CTRL] depth_valid=1 depth=-0.000 vz=-0.000 az=-0.000 target_valid=0 target=0.000 pid=0.000 pid_base=0.000 buoyancy_pwm=0 mask_valid=1 mask=0 forward_active=0
[OK]hb
[CTRL] depth_valid=1 depth=-0.000 vz=-0.000 az=-0.000 target_valid=0 target=0.000 pid=0.000 pid_base=0.000 buoyancy_pwm=0 mask_valid=1 mask=0 forward_active=0
[CTRL] depth_valid=1 depth=-0.000 vz=-0.000 az=-0.000 target_valid=0 target=0.000 pid=0.000 pid_base=0.000 buoyancy_pwm=0 mask_valid=1 mask=0 forward_active=0
$T,0,0,0,,,,1661,541,982,1203,0*7B
[CTRL] depth_valid=1 depth=-0.000 vz=-0.000 az=-0.000 target_valid=0 target=0.000 pid=0.000 pid_base=0.000 buoyancy_pwm=0 mask_valid=1 mask=0 forward_active=0
[CTRL] depth_valid=1 depth=-0.000 vz=0.000 az=0.000 target_valid=0 target=0.000 pid=0.000 pid_base=0.000 buoyancy_pwm=0 mask_valid=1 mask=0 forward_active=0
[CTRL] depth_valid=1 depth=0.000 vz=0.000 az=0.000 target_valid=0 target=0.000 pid=0.000 pid_base=0.000 buoyancy_pwm=0 mask_valid=1 mask=0 forward_active=0
[CTRL] depth_valid=1 depth=0.000 vz=0.000 az=0.000 target_valid=0 target=0.000 pid=0.000 pid_base=0.000 buoyancy_pwm=0 mask_valid=1 mask=0 forward_active=0
$T,0,0,0,,,,1661,541,982,1205,0*7D
[CTRL] depth_valid=1 depth=0.000 vz=0.000 az=0.000 target_valid=0 target=0.000 pid=0.000 pid_base=0.000 buoyancy_pwm=0 mask_valid=1 mask=0 forward_active=0
[CTRL] depth_valid=1 depth=0.000 vz=0.000 az=0.000 target_valid=0 target=0.000 pid=0.000 pid_base=0.000 buoyancy_pwm=0 mask_valid=1 mask=0 forward_active=0
[CTRL] depth_valid=1 depth=0.000 vz=-0.000 az=-0.000 target_valid=0 target=0.000 pid=0.000 pid_base=0.000 buoyancy_pwm=0 mask_valid=1 mask=0 forward_active=0
[OK]hb
[CTRL] depth_valid=1 depth=-0.000 vz=-0.000 az=-0.000 target_valid=0 target=0.000 pid=0.000 pid_base=0.000 buoyancy_pwm=0 mask_valid=1 mask=0 forward_active=0
$T,0,0,0,,,,1661,541,982,1205,0*7D
[CTRL] depth_valid=1 depth=-0.000 vz=-0.000 az=-0.000 target_valid=0 target=0.000 pid=0.000 pid_base=0.000 buoyancy_pwm=0 mask_valid=1 mask=0 forward_active=0
[CTRL] depth_valid=1 depth=-0.000 vz=-0.000 az=-0.000 target_valid=0 target=0.000 pid=0.000 pid_base=0.000 buoyancy_pwm=0 mask_valid=1 mask=0 forward_active=0
[CTRL] depth_valid=1 depth=-0.000 vz=-0.000 az=-0.000 target_valid=0 target=0.000 pid=0.000 pid_base=0.000 buoyancy_pwm=0 mask_valid=1 mask=0 forward_active=0
[CTRL] depth_valid=1 depth=-0.000 vz=0.000 az=0.000 target_valid=0 target=0.000 pid=0.000 pid_base=0.000 buoyancy_pwm=0 mask_valid=1 mask=0 forward_active=0
$T,0,0,0,,,,1661,541,982,1202,0*7A
[CTRL] depth_valid=1 depth=0.000 vz=0.000 az=0.000 target_valid=0 target=0.000 pid=0.000 pid_base=0.000 buoyancy_pwm=0 mask_valid=1 mask=0 forward_active=0
[CTRL] depth_valid=1 depth=0.000 vz=0.000 az=0.000 target_valid=0 target=0.000 pid=0.000 pid_base=0.000 buoyancy_pwm=0 mask_valid=1 mask=0 forward_active=0
[CTRL] depth_valid=1 depth=0.000 vz=0.000 az=0.000 target_valid=0 target=0.000 pid=0.000 pid_base=0.000 buoyancy_pwm=0 mask_valid=1 mask=0 forward_active=0
[CTRL] depth_valid=1 depth=0.000 vz=0.000 az=-0.000 target_valid=0 target=0.000 pid=0.000 pid_base=0.000 buoyancy_pwm=0 mask_valid=1 mask=0 forward_active=0
$T,0,0,0,,,,1661,541,982,1203,0*7B
[CTRL] depth_valid=1 depth=0.000 vz=-0.000 az=-0.000 target_valid=0 target=0.000 pid=0.000 pid_base=0.000 buoyancy_pwm=0 mask_valid=1 mask=0 forward_active=0
[CTRL] depth_valid=1 depth=-0.000 vz=-0.000 az=-0.000 target_valid=0 target=0.000 pid=0.000 pid_base=0.000 buoyancy_pwm=0 mask_valid=1 mask=0 forward_active=0
[OK]hb
[CTRL] depth_valid=1 depth=-0.000 vz=-0.000 az=-0.000 target_valid=0 target=0.000 pid=0.000 pid_base=0.000 buoyancy_pwm=0 mask_valid=1 mask=0 forward_active=0
[CTRL] depth_valid=1 depth=-0.000 vz=-0.000 az=-0.000 target_valid=0 target=0.000 pid=0.000 pid_base=0.000 buoyancy_pwm=0 mask_valid=1 mask=0 forward_active=0
$T,0,0,0,,,,1661,541,982,1203,0*7B
[CTRL] depth_valid=1 depth=-0.000 vz=-0.000 az=0.000 target_valid=0 target=0.000 pid=0.000 pid_base=0.000 buoyancy_pwm=0 mask_valid=1 mask=0 forward_active=0
[CTRL] depth_valid=1 depth=-0.000 vz=0.000 az=0.000 target_valid=0 target=0.000 pid=0.000 pid_base=0.000 buoyancy_pwm=0 mask_valid=1 mask=0 forward_active=0
[CTRL] depth_valid=1 depth=0.000 vz=0.000 az=0.000 target_valid=0 target=0.000 pid=0.000 pid_base=0.000 buoyancy_pwm=0 mask_valid=1 mask=0 forward_active=0
[CTRL] depth_valid=1 depth=0.000 vz=0.000 az=0.000 target_valid=0 target=0.000 pid=0.000 pid_base=0.000 buoyancy_pwm=0 mask_valid=1 mask=0 forward_active=0
$T,0,0,0,,,,1661,541,982,1202,0*7A
[CTRL] depth_valid=1 depth=0.000 vz=0.000 az=0.000 target_valid=0 target=0.000 pid=0.000 pid_base=0.000 buoyancy_pwm=0 mask_valid=1 mask=0 forward_active=0
[CTRL] depth_valid=1 depth=0.000 vz=0.000 az=-0.000 target_valid=0 target=0.000 pid=0.000 pid_base=0.000 buoyancy_pwm=0 mask_valid=1 mask=0 forward_active=0
[CTRL] depth_valid=1 depth=0.000 vz=-0.000 az=-0.000 target_valid=0 target=0.000 pid=0.000 pid_base=0.000 buoyancy_pwm=0 mask_valid=1 mask=0 forward_active=0
[CTRL] depth_valid=1 depth=-0.000 vz=-0.000 az=-0.000 target_valid=0 target=0.000 pid=0.000 pid_base=0.000 buoyancy_pwm=0 mask_valid=1 mask=0 forward_active=0
$T,0,0,0,,,,1661,541,982,1207,0*7F
[OK]hb
[CTRL] depth_valid=1 depth=-0.000 vz=-0.000 az=-0.000 target_valid=0 target=0.000 pid=0.000 pid_base=0.000 buoyancy_pwm=0 mask_valid=1 mask=0 forward_active=0
[CTRL] depth_valid=1 depth=-0.000 vz=-0.000 az=-0.000 target_valid=0 target=0.000 pid=0.000 pid_base=0.000 buoyancy_pwm=0 mask_valid=1 mask=0 forward_active=0
[CTRL] depth_valid=1 depth=-0.000 vz=-0.000 az=-0.000 target_valid=0 target=0.000 pid=0.000 pid_base=0.000 buoyancy_pwm=0 mask_valid=1 mask=0 forward_active=0
[CTRL] depth_valid=1 depth=0.029 vz=0.059 az=0.052 target_valid=0 target=0.000 pid=0.000 pid_base=0.000 buoyancy_pwm=0 mask_valid=1 mask=0 forward_active=0
$T,0,0,0,,,,1661,541,982,1206,0*7E
[CTRL] depth_valid=1 depth=0.006 vz=-0.017 az=-0.029 target_valid=0 target=0.000 pid=0.000 pid_base=0.000 buoyancy_pwm=0 mask_valid=1 mask=0 forward_active=0
[CTRL] depth_valid=1 depth=0.005 vz=-0.016 az=-0.022 target_valid=0 target=0.000 pid=0.000 pid_base=0.000 buoyancy_pwm=0 mask_valid=1 mask=0 forward_active=0
[CTRL] depth_valid=1 depth=-0.002 vz=-0.023 az=-0.021 target_valid=0 target=0.000 pid=0.000 pid_base=0.000 buoyancy_pwm=0 mask_valid=1 mask=0 forward_active=0
[CTRL] depth_valid=1 depth=-0.002 vz=-0.012 az=-0.005 target_valid=0 target=0.000 pid=0.000 pid_base=0.000 buoyancy_pwm=0 mask_valid=1 mask=0 forward_active=0
$T,0,0,0,,,,1661,541,982,1206,0*7E
[CTRL] depth_valid=1 depth=-0.001 vz=-0.002 az=0.005 target_valid=0 target=0.000 pid=0.000 pid_base=0.000 buoyancy_pwm=0 mask_valid=1 mask=0 forward_active=0
vz=0.002 az=0.007 target_valid=0 target=0.000 pid=0.000 pid_base=0.000 buoyancy_pwm=0 mask_valid=1 mask=0 forward_active=0
[CTRL] depth_valid=1 depth=0.023 vz=0.046 az=0.041 target_valid=0 target=0.000 pid=0.000 pid_base=0.000 buoyancy_pwm=0 mask_valid=1 mask=0 forward_active=0
[CTRL] depth_valid=1 depth=0.058 vz=0.096 az=0.073 target_valid=0 target=0.000 pid=0.000 pid_base=0.000 buoyancy_pwm=0 mask_valid=1 mask=0 forward_active=0
$T,0,0,0,,,,1661,541,982,1202,0*7A
[CTRL] depth_valid=1 depth=0.022 vz=-0.031 az=-0.059 target_valid=0 target=0.000 pid=0.000 pid_base=0.000 buoyancy_pwm=0 mask_valid=1 mask=0 forward_active=0
[CTRL] depth_valid=1 depth=0.022 vz=-0.018 az=-0.027 target_valid=0 target=0.000 pid=0.000 pid_base=0.000 buoyancy_pwm=0 mask_valid=1 mask=0 forward_active=0
[CTRL] depth_valid=1 depth=0.014 vz=-0.025 az=-0.022 target_valid=0 target=0.000 pid=0.000 pid_base=0.000 buoyancy_pwm=0 mask_valid=1 mask=0 forward_active=0
[CTRL] depth_valid=1 depth=0.023 vz=0.009 az=0.014 target_valid=0 target=0.000 pid=0.000 pid_base=0.000 buoyancy_pwm=0 mask_valid=1 mask=0 forward_active=0
$T,0,0,0,,,,1661,541,982,1203,0*7B
[CTRL] depth_valid=1 depth=0.016 vz=-0.016 az=-0.018 target_valid=0 target=0.000 pid=0.000 pid_base=0.000 buoyancy_pwm=0 mask_valid=1 mask=0 forward_active=0
[CTRL] depth_valid=1 depth=0.008 vz=-0.026 az=-0.022 target_valid=0 target=0.000 pid=0.000 pid_base=0.000 buoyancy_pwm=0 mask_valid=1 mask=0 forward_active=0
[CTRL] depth_valid=1 depth=0.011 vz=-0.004 az=0.004 target_valid=0 target=0.000 pid=0.000 pid_base=0.000 buoyancy_pwm=0 mask_valid=1 mask=0 forward_active=0
[CTRL] depth_valid=1 depth=0.036 vz=0.027 az=0.013 target_valid=0 target=0.000 pid=0.000 pid_base=0.000 buoyancy_pwm=0 mask_valid=1 mask=0 forward_active=0
$T,0,0,0,,,,1661,541,983,1198,0*7B
[OK]hb
[CTRL] depth_valid=1 depth=0.019 vz=-0.025 az=-0.040 target_valid=0 target=0.000 pid=0.000 pid_base=0.000 buoyancy_pwm=0 mask_valid=1 mask=0 forward_active=0
[CTRL] depth_valid=1 depth=-0.002 vz=-0.057 az=-0.053 target_valid=0 target=0.000 pid=0.000 pid_base=0.000 buoyancy_pwm=0 mask_valid=1 mask=0 forward_active=0
[CTRL] depth_valid=1 depth=0.014 vz=-0.006 az=-0.002 target_valid=0 target=0.000 pid=0.000 pid_base=0.000 buoyancy_pwm=0 mask_valid=1 mask=0 forward_active=0
[CTRL] depth_valid=1 depth=-0.000 vz=-0.029 az=-0.020 target_valid=0 target=0.000 pid=0.000 pid_base=0.000 buoyancy_pwm=0 mask_valid=1 mask=0 forward_active=0
$T,0,0,0,,,,1661,541,983,1198,0*7B
[CTRL] depth_valid=1 depth=-0.003 vz=-0.021 az=-0.007 target_valid=0 target=0.000 pid=0.000 pid_base=0.000 buoyancy_pwm=0 mask_valid=1 mask=0 forward_active=0
[CTRL] depth_valid=1 depth=-0.002 vz=-0.006 az=0.008 target_valid=0 target=0.000 pid=0.000 pid_base=0.000 buoyancy_pwm=0 mask_valid=1 mask=0 forward_active=0
[CTRL] depth_valid=1 depth=-0.001 vz=0.001 az=0.012 target_valid=0 target=0.000 pid=0.000 pid_base=0.000 buoyancy_pwm=0 mask_valid=1 mask=0 forward_active=0
[CTRL] depth_valid=1 depth=0.000 vz=0.005 az=0.012 target_valid=0 target=0.000 pid=0.000 pid_base=0.000 buoyancy_pwm=0 mask_valid=1 mask=0 forward_active=0
$T,0,0,0,,,,1661,541,983,1203,0*7A
[CTRL] depth_valid=1 depth=0.001 vz=0.005 az=0.007 target_valid=0 target=0.000 pid=0.000 pid_base=0.000 buoyancy_pwm=0 mask_valid=1 mask=0 forward_active=0
[CTRL] depth_valid=1 depth=0.001 vz=0.003 az=0.003 target_valid=0 target=0.000 pid=0.000 pid_base=0.000 buoyancy_pwm=0 mask_valid=1 mask=0 forward_active=0
[OK]hb
[CTRL] depth_valid=1 depth=0.011 vz=0.023 az=0.021 target_valid=0 target=0.000 pid=0.000 pid_base=0.000 buoyancy_pwm=0 mask_valid=1 mask=0 forward_active=0
[CTRL] depth_valid=1 depth=0.031 vz=0.039 az=0.018 target_valid=0 target=0.000 pid=0.000 pid_base=0.000 buoyancy_pwm=0 mask_valid=1 mask=0 forward_active=0
$T,0,0,0,,,,1661,541,984,1205,0*7B
[CTRL] depth_valid=1 depth=0.004 vz=-0.039 az=-0.054 target_valid=0 target=0.000 pid=0.000 pid_base=0.000 buoyancy_pwm=0 mask_valid=1 mask=0 forward_active=0
[CTRL] depth_valid=1 depth=-0.001 vz=-0.032 az=-0.030 target_valid=0 target=0.000 pid=0.000 pid_base=0.000 buoyancy_pwm=0 mask_valid=1 mask=0 forward_active=0
[CTRL] depth_valid=1 depth=-0.001 vz=-0.015 az=-0.007 target_valid=0 target=0.000 pid=0.000 pid_base=0.000 buoyancy_pwm=0 mask_valid=1 mask=0 forward_active=0
[CTRL] depth_valid=1 depth=-0.001 vz=-0.007 az=0.002 target_valid=0 target=0.000 pid=0.000 pid_base=0.000 buoyancy_pwm=0 mask_valid=1 mask=0 forward_active=0
$T,0,0,0,,,,1661,541,984,1206,0*78
[CTRL] depth_valid=1 depth=0.004 vz=0.007 az=0.011 target_valid=0 target=0.000 pid=0.000 pid_base=0.000 buoyancy_pwm=0 mask_valid=1 mask=0 forward_active=0
[CTRL] depth_valid=1 depth=0.011 vz=0.016 az=0.015 target_valid=0 target=0.000 pid=0.000 pid_base=0.000 buoyancy_pwm=0 mask_valid=1 mask=0 forward_active=0
[CTRL] depth_valid=1 depth=0.009 vz=0.000 az=-0.007 target_valid=0 target=0.000 pid=0.000 pid_base=0.000 buoyancy_pwm=0 mask_valid=1 mask=0 forward_active=0
[CTRL] depth_valid=1 depth=-0.001 vz=-0.018 az=-0.018 target_valid=0 target=0.000 pid=0.000 pid_base=0.000 buoyancy_pwm=0 mask_valid=1 mask=0 forward_active=0
$T,0,0,0,,,,1662,541,985,1206,0*7A
[OK]hb
[CTRL] depth_valid=1 depth=0.030 vz=0.048 az=0.041 target_valid=0 target=0.000 pid=0.000 pid_base=0.000 buoyancy_pwm=0 mask_valid=1 mask=0 forward_active=0
[CTRL] depth_valid=1 depth=0.005 vz=-0.027 az=-0.036 target_valid=0 target=0.000 pid=0.000 pid_base=0.000 buoyancy_pwm=0 mask_valid=1 mask=0 forward_active=0
[CTRL] depth_valid=1 depth=-0.003 vz=-0.030 az=-0.027 target_valid=0 target=0.000 pid=0.000 pid_base=0.000 buoyancy_pwm=0 mask_valid=1 mask=0 forward_active=0
[CTRL] depth_valid=1 depth=-0.002 vz=-0.011 az=-0.001 target_valid=0 target=0.000 pid=0.000 pid_base=0.000 buoyancy_pwm=0 mask_valid=1 mask=0 forward_active=0
$T,0,0,0,,,,1661,541,984,1204,0*7A
[CTRL] depth_valid=1 depth=-0.001 vz=0.000 az=0.009 target_valid=0 target=0.000 pid=0.000 pid_base=0.000 buoyancy_pwm=0 mask_valid=1 mask=0 forward_active=0
[CTRL] depth_valid=1 depth=0.012 vz=0.021 az=0.018 target_valid=0 target=0.000 pid=0.000 pid_base=0.000 buoyancy_pwm=0 mask_valid=1 mask=0 forward_active=0
[CTRL] depth_valid=1 depth=0.001 vz=-0.011 az=-0.014 target_valid=0 target=0.000 pid=0.000 pid_base=0.000 buoyancy_pwm=0 mask_valid=1 mask=0 forward_active=0
[CTRL] depth_valid=1 depth=-0.001 vz=-0.008 az=-0.006 target_valid=0 target=0.000 pid=0.000 pid_base=0.000 buoyancy_pwm=0 mask_valid=1 mask=0 forward_active=0
$T,0,0,0,,,,1661,541,984,1204,0*7A
[CTRL] depth_valid=1 depth=-0.001 vz=-0.003 az=0.001 target_valid=0 target=0.000 pid=0.000 pid_base=0.000 buoyancy_pwm=0 mask_valid=1 mask=0 forward_active=0
[CTRL] depth_valid=1 depth=0.010 vz=0.019 az=0.019 target_valid=0 target=0.000 pid=0.000 pid_base=0.000 buoyancy_pwm=0 mask_valid=1 mask=0 forward_active=0
[OK]hb
[CTRL] depth_valid=1 depth=0.006 vz=0.005 az=0.001 target_valid=0 target=0.000 pid=0.000 pid_base=0.000 buoyancy_pwm=0 mask_valid=1 mask=0 forward_active=0
[CTRL] depth_valid=1 depth=-0.000 vz=-0.009 az=-0.009 target_valid=0 target=0.000 pid=0.000 pid_base=0.000 buoyancy_pwm=0 mask_valid=1 mask=0 forward_active=0
$T,0,0,0,,,,1661,541,984,1201,0*7F
[CTRL] depth_valid=1 depth=-0.001 vz=-0.006 az=-0.004 target_valid=0 target=0.000 pid=0.000 pid_base=0.000 buoyancy_pwm=0 mask_valid=1 mask=0 forward_active=0
[CTRL] depth_valid=1 depth=0.019 vz=0.024 az=0.014 target_valid=0 target=0.000 pid=0.000 pid_base=0.000 buoyancy_pwm=0 mask_valid=1 mask=0 forward_active=0
[CTRL] depth_valid=1 depth=0.015 vz=0.008 az=-0.001 target_valid=0 target=0.000 pid=0.000 pid_base=0.000 buoyancy_pwm=0 mask_valid=1 mask=0 forward_active=0
[CTRL] depth_valid=1 depth=0.003 vz=-0.023 az=-0.028 target_valid=0 target=0.000 pid=0.000 pid_base=0.000 buoyancy_pwm=0 mask_valid=1 mask=0 forward_active=0
$T,0,0,0,,,,1661,541,984,1207,0*79
[CTRL] depth_valid=1 depth=0.001 vz=-0.017 az=-0.014 target_valid=0 target=0.000 pid=0.000 pid_base=0.000 buoyancy_pwm=0 mask_valid=1 mask=0 forward_active=0
[CTRL] depth_valid=1 depth=0.008 vz=0.001 az=0.001 target_valid=0 target=0.000 pid=0.000 pid_base=0.000 buoyancy_pwm=0 mask_valid=1 mask=0 forward_active=0
[CTRL] depth_valid=1 depth=0.016 vz=0.010 az=0.002 target_valid=0 target=0.000 pid=0.000 pid_base=0.000 buoyancy_pwm=0 mask_valid=1 mask=0 forward_active=0
[CTRL] depth_valid=1 depth=0.008 vz=-0.016 az=-0.024 target_valid=0 target=0.000 pid=0.000 pid_base=0.000 buoyancy_pwm=0 mask_valid=1 mask=0 forward_active=0
$T,0,0,0,,,,1662,542,985,1201,0*7E
[OK]hb
[CTRL] depth_valid=1 depth=0.002 vz=-0.027 az=-0.030 target_valid=0 target=0.000 pid=0.000 pid_base=0.000 buoyancy_pwm=0 mask_valid=1 mask=0 forward_active=0
[CTRL] depth_valid=1 depth=0.013 vz=0.004 az=0.003 target_valid=0 target=0.000 pid=0.000 pid_base=0.000 buoyancy_pwm=0 mask_valid=1 mask=0 forward_active=0
[CTRL] depth_valid=1 depth=0.003 vz=-0.019 az=-0.018 target_valid=0 target=0.000 pid=0.000 pid_base=0.000 buoyancy_pwm=0 mask_valid=1 mask=0 forward_active=0
[CTRL] depth_valid=1 depth=0.007 vz=-0.003 az=-0.000 target_valid=0 target=0.000 pid=0.000 pid_base=0.000 buoyancy_pwm=0 mask_valid=1 mask=0 forward_active=0
$T,0,0,0,,,,1661,541,985,1199,0*7C
[CTRL] depth_valid=1 depth=0.019 vz=0.021 az=0.018 target_valid=0 target=0.000 pid=0.000 pid_base=0.000 buoyancy_pwm=0 mask_valid=1 mask=0 forward_active=0
[CTRL] depth_valid=1 depth=0.007 vz=-0.012 az=-0.016 target_valid=0 target=0.000 pid=0.000 pid_base=0.000 buoyancy_pwm=0 mask_valid=1 mask=0 forward_active=0
[CTRL] depth_valid=1 depth=0.010 vz=-0.000 az=0.000 target_valid=0 target=0.000 pid=0.000 pid_base=0.000 buoyancy_pwm=0 mask_valid=1 mask=0 forward_active=0
[CTRL] depth_valid=1 depth=0.007 vz=-0.009 az=-0.011 target_valid=0 target=0.000 pid=0.000 pid_base=0.000 buoyancy_pwm=0 mask_valid=1 mask=0 forward_active=0
$T,0,0,0,,,,1660,543,985,1203,0*7F
[CTRL] depth_valid=1 depth=0.012 vz=0.009 az=0.010 target_valid=0 target=0.000 pid=0.000 pid_base=0.000 buoyancy_pwm=0 mask_valid=1 mask=0 forward_active=0
[CTRL] depth_valid=1 depth=0.008 vz=-0.007 az=-0.009 target_valid=0 target=0.000 pid=0.000 pid_base=0.000 buoyancy_pwm=0 mask_valid=1 mask=0 forward_active=0
[OK]hb
[CTRL] depth_valid=1 depth=0.003 vz0.017 az=-0.018 target_valid=0 target=0.000 pid=0.000 pid_base=0.000 buoyancy_pwm=0 mask_valid=1 mask=0 forward_active=0
[CTRL] depth_valid=1 depth=0.024 vz=0.027 az=0.021 target_valid=0 target=0.000 pid=0.000 pid_base=0.000 buoyancy_pwm=0 mask_valid=1 mask=0 forward_active=0
$T,0,0,0,,,,1661,542,984,1203,0*7E
[CTRL] depth_valid=1 depth=0.014 vz=-0.007 az=-0.016 target_valid=0 target=0.000 pid=0.000 pid_base=0.000 buoyancy_pwm=0 mask_valid=1 mask=0 forward_active=0
[CTRL] depth_valid=1 depth=0.002 vz=-0.030 az=-0.032 target_valid=0 target=0.000 pid=0.000 pid_base=0.000 buoyancy_pwm=0 mask_valid=1 mask=0 forward_active=0
[CTRL] depth_valid=1 depth=0.002 vz=-0.013 az=-0.007 target_valid=0 target=0.000 pid=0.000 pid_base=0.000 buoyancy_pwm=0 mask_valid=1 mask=0 forward_active=0
[CTRL] depth_valid=1 depth=0.009 vz=0.003 az=0.005 target_valid=0 target=0.000 pid=0.000 pid_base=0.000 buoyancy_pwm=0 mask_valid=1 mask=0 forward_active=0
$T,0,0,0,,,,1662,541,984,1203,0*7E
[CTRL] depth_valid=1 depth=0.022 vz=0.031 az=0.028 target_valid=0 target=0.000 pid=0.000 pid_base=0.000 buoyancy_pwm=0 mask_valid=1 mask=0 forward_active=0
[CTRL] depth_valid=1 depth=0.015 vz=-0.002 az=-0.013 target_valid=0 target=0.000 pid=0.000 pid_base=0.000 buoyancy_pwm=0 mask_valid=1 mask=0 forward_active=0
[CTRL] depth_valid=1 depth=0.002 vz=-0.030 az=-0.034 target_valid=0 target=0.000 pid=0.000 pid_base=0.000 buoyancy_pwm=0 mask_valid=1 mask=0 forward_active=0
[CTRL] depth_valid=1 depth=0.006 vz=-0.006 az=0.001 target_valid=0 target=0.000 pid=0.000 pid_base=0.000 buoyancy_pwm=0 mask_valid=1 mask=0 forward_active=0
$T,0,0,0,,,,1662,541,985,1202,0*7E
[OK]hb
[CTRL] depth_valid=1 depth=0.021 vz=0.024 az=0.023 target_valid=0 target=0.000 pid=0.000 pid_base=0.000 buoyancy_pwm=0 mask_valid=1 mask=0 forward_active=0
[CTRL] depth_valid=1 depth=0.032 vz=0.037 az=0.028 target_valid=0 target=0.000 pid=0.000 pid_base=0.000 buoyancy_pwm=0 mask_valid=1 mask=0 forward_active=0
[CTRL] depth_valid=1 depth=0.020 vz=-0.015 az=-0.031 target_valid=0 target=0.000 pid=0.000 pid_base=0.000 buoyancy_pwm=0 mask_valid=1 mask=0 forward_active=0
[CTRL] depth_valid=1 depth=0.021 vz=-0.003 az=-0.005 target_valid=0 target=0.000 pid=0.000 pid_base=0.000 buoyancy_pwm=0 mask_valid=1 mask=0 forward_active=0
$T,0,0,0,,,,1662,541,985,1208,0*74
[CTRL] depth_valid=1 depth=0.018 vz=-0.011 az=-0.013 target_valid=0 target=0.000 pid=0.000 pid_base=0.000 buoyancy_pwm=0 mask_valid=1 mask=0 forward_active=0
[CTRL] depth_valid=1 depth=0.009 vz=-0.025 az=-0.021 target_valid=0 target=0.000 pid=0.000 pid_base=0.000 buoyancy_pwm=0 mask_valid=1 mask=0 forward_active=0
[CTRL] depth_valid=1 depth=-0.002 vz=-0.032 az=-0.021 target_valid=0 target=0.000 pid=0.000 pid_base=0.000 buoyancy_pwm=0 mask_valid=1 mask=0 forward_active=0
[CTRL] depth_valid=1 depth=-0.003 vz=-0.015 az=0.001 target_valid=0 target=0.000 pid=0.000 pid_base=0.000 buoyancy_pwm=0 mask_valid=1 mask=0 forward_active=0
$T,0,0,0,,,,1662,541,985,1204,0*78
[CTRL] depth_valid=1 depth=0.002 vz=-0.004 az=0.004 target_valid=0 target=0.000 pid=0.000 pid_base=0.000 buoyancy_pwm=0 mask_valid=1 mask=0 forward_active=0
[CTRL] depth_valid=1 depth=-0.000 vz=-0.005 az=0.002 target_valid=0 target=0.000 pid=0.000 pid_base=0.000 buoyancy_pwm=0 mask_valid=1 mask=0 forward_active=0
[OK]hb
[CTRL] depth_valid=1 depth=-0.000 vz=-0.001 az=0.004 target_valid=0 target=0.000 pid=0.000 pid_base=0.000 buoyancy_pwm=0 mask_valid=1 mask=0 forward_active=0
[CTRL] depth_valid=1 depth=0.000 vz=0.001 az=0.005 target_valid=0 target=0.000 pid=0.000 pid_base=0.000 buoyancy_pwm=0 mask_valid=1 mask=0 forward_active=0
$T,0,0,0,,,,1662,541,986,1199,0*7C
[CTRL] depth_valid=1 depth=0.000 vz=0.002 az=0.004 target_valid=0 target=0.000 pid=0.000 pid_base=0.000 buoyancy_pwm=0 mask_valid=1 mask=0 forward_active=0
[CTRL] depth_valid=1 depth=0.005 vz=0.008 az=0.006 target_valid=0 target=0.000 pid=0.000 pid_base=0.000 buoyancy_pwm=0 mask_valid=1 mask=0 forward_active=0
[CTRL] depth_valid=1 depth=0.011 vz=0.014 az=0.008 target_valid=0 target=0.000 pid=0.000 pid_base=0.000 buoyancy_pwm=0 mask_valid=1 mask=0 forward_active=0
[CTRL] depth_valid=1 depth=0.009 vz=-0.002 az=-0.011 target_valid=0 target=0.000 pid=0.000 pid_base=0.000 buoyancy_pwm=0 mask_valid=1 mask=0 forward_active=0
$T,0,0,0,,,,1662,541,985,1201,0*7D
[CTRL] depth_valid=1 depth=0.019 vz=0.007 az=-0.009 target_valid=0 target=0.000 pid=0.000 pid_base=0.000 buoyancy_pwm=0 mask_valid=1 mask=0 forward_active=0
[CTRL] depth_valid=1 depth=0.008 vz=-0.026 az=-0.037 target_valid=0 target=0.000 pid=0.000 pid_base=0.000 buoyancy_pwm=0 mask_valid=1 mask=0 forward_active=0
[CTRL] depth_valid=1 depth=0.004 vz=-0.023 az=-0.023 target_valid=0 target=0.000 pid=0.000 pid_base=0.000 buoyancy_pwm=0 mask_valid=1 mask=0 forward_active=0
[CTRL] depth_valid=1 depth=0.003 vz=-0.017 az=-0.012 target_valid=0 target=0.000 pid=0.000 pid_base=0.000 buoyancy_pwm=0 mask_valid=1 mask=0 forward_active=0
$T,0,0,0,,,,1662,541,985,1209,0*75
[OK]hb
[CTRL] depth_valid=1 depth=-0.001 vz=-0.017 az=-0.009 target_valid=0 target=0.000 pid=0.000 pid_base=0.000 buoyancy_pwm=0 mask_valid=1 mask=0 forward_active=0
[CTRL] depth_valid=1 depth=-0.001 vz=-0.006 az=0.004 target_valid=0 target=0.000 pid=0.000 pid_base=0.000 buoyancy_pwm=0 mask_valid=1 mask=0 forward_active=0
[CTRL] depth_valid=1 depth=0.015 vz=0.025 az=0.022 target_valid=0 target=0.000 pid=0.000 pid_base=0.000 buoyancy_pwm=0 mask_valid=1 mask=0 forward_active=0
[CTRL] depth_valid=1 depth=0.006 vz=-0.007 az=-0.013 target_valid=0 target=0.000 pid=0.000 pid_base=0.000 buoyancy_pwm=0 mask_valid=1 mask=0 forward_active=0
$T,0,0,0,,,,1662,541,985,1202,0*7E
[CTRL] depth_valid=1 depth=0.004 vz=-0.007 az=-0.008 target_valid=0 target=0.000 pid=0.000 pid_base=0.000 buoyancy_pwm=0 mask_valid=1 mask=0 forward_active=0
[CTRL] depth_valid=1 depth=0.004 vz=-0.005 az=-0.005 target_valid=0 target=0.000 pid=0.000 pid_base=0.000 buoyancy_pwm=0 mask_valid=1 mask=0 forward_active=0
[CTRL] depth_valid=1 depth=0.026 vz=0.027 az=0.011 target_valid=0 target=0.000 pid=0.000 pid_base=0.000 buoyancy_pwm=0 mask_valid=1 mask=0 forward_active=0
[CTRL] depth_valid=1 depth=0.007 vz=-0.026 az=-0.036 target_valid=0 target=0.000 pid=0.000 pid_base=0.000 buoyancy_pwm=0 mask_valid=1 mask=0 forward_active=0
$T,0,0,0,,,,1662,541,985,1205,0*79
[CTRL] depth_valid=1 depth=0.005 vz=-0.024 az=-0.026 target_valid=0 target=0.000 pid=0.000 pid_base=0.000 buoyancy_pwm=0 mask_valid=1 mask=0 forward_active=0
[CTRL] depth_valid=1 depth=-0.002 vz=-0.026 az=-0.019 target_valid=0 target=0.000 pid=0.000 pid_base=0.000 buoyancy_pwm=0 mask_valid=1 mask=0 forward_active=0
[OK]hb
[CTRL] depth_valid=1 depth=-0.003 vz=-0.020 az=-0.010 target_valid=0 target=0.000 pid=0.000 pid_base=0.000 buoyancy_pwm=0 mask_valid=1 mask=0 forward_active=0
[CTRL] depth_valid=1 depth=0.001 vz=0.001 az=0.010 target_valid=0 target=0.000 pid=0.000 pid_base=0.000 buoyancy_pwm=0 mask_valid=1 mask=0 forward_active=0
$T,0,0,0,,,,1662,541,985,1199,0*7F
[CTRL] depth_valid=1 depth=0.011 vz=0.022 az=0.024 target_valid=0 target=0.000 pid=0.000 pid_base=0.000 buoyancy_pwm=0 mask_valid=1 mask=0 forward_active=0
[CTRL] depth_valid=1 depth=0.002 vz=-0.005 az=-0.006 target_valid=0 target=0.000 pid=0.000 pid_base=0.000 buoyancy_pwm=0 mask_valid=1 mask=0 forward_active=0
[CTRL] depth_valid=1 depth=-0.000 vz=-0.008 az=-0.007 target_valid=0 target=0.000 pid=0.000 pid_base=0.000 buoyancy_pwm=0 mask_valid=1 mask=0 forward_active=0
[CTRL] depth_valid=1 depth=-0.001 vz=-0.004 az=-0.001 target_valid=0 target=0.000 pid=0.000 pid_base=0.000 buoyancy_pwm=0 mask_valid=1 mask=0 forward_active=0
$T,0,0,0,,,,1662,541,985,1203,0*7F
[CTRL] depth_valid=1 depth=-0.000 vz=-0.001 az=0.002 target_valid=0 target=0.000 pid=0.000 pid_base=0.000 buoyancy_pwm=0 mask_valid=1 mask=0 forward_active=0
[CTRL] depth_valid=1 depth=0.002 vz=0.004 az=0.005 target_valid=0 target=0.000 pid=0.000 pid_base=0.000 buoyancy_pwm=0 mask_valid=1 mask=0 forward_active=0
[CTRL] depth_valid=1 depth=0.000 vz=-0.001 az=-0.002 target_valid=0 target=0.000 pid=0.000 pid_base=0.000 buoyancy_pwm=0 mask_valid=1 mask=0 forward_active=0
[CTRL] depth_valid=1 depth=0.006 vz=0.010 az=0.008 target_valid=0 target=0.000 pid=0.000 pid_base=0.000 buoyancy_pwm=0 mask_valid=1 mask=0 forward_active=0
$T,0,0,0,,,,1662,541,985,1203,0*7F
[OK]hb
[CTRL] depth_valid=1 depth=0.004 vz=0.001 az=-0.002 target_valid=0 target=0.000 pid=0.000 pid_base=0.000 buoyancy_pwm=0 mask_valid=1 mask=0 forward_active=0
[CTRL] depth_valid=1 depth=0.000 vz=-0.007 az=-0.008 target_valid=0 target=0.000 pid=0.000 pid_base=0.000 buoyancy_pwm=0 mask_valid=1 mask=0 forward_active=0
[CTRL] depth_valid=1 depth=-0.001 vz=-0.005 az=-0.004 target_valid=0 target=0.000 pid=0.000 pid_base=0.000 buoyancy_pwm=0 mask_valid=1 mask=0 forward_active=0
[CTRL] depth_valid=1 depth=0.007 vz=0.008 az=0.006 target_valid=0 target=0.000 pid=0.000 pid_base=0.000 buoyancy_pwm=0 mask_valid=1 mask=0 forward_active=0
$T,0,0,0,,,,1662,541,985,1201,0*7D
[CTRL] depth_valid=1 depth=0.001 vz=-0.007 az=-0.009 target_valid=0 target=0.000 pid=0.000 pid_base=0.000 buoyancy_pwm=0 mask_valid=1 mask=0 forward_active=0
[CTRL] depth_valid=1 depth=-0.001 vz=-0.006 az=-0.004 target_valid=0 target=0.000 pid=0.000 pid_base=0.000 buoyancy_pwm=0 mask_valid=1 mask=0 forward_active=0
[CTRL] depth_valid=1 depth=0.009 vz=0.012 az=0.008 target_valid=0 target=0.000 pid=0.000 pid_base=0.000 buoyancy_pwm=0 mask_valid=1 mask=0 forward_active=0
[CTRL] depth_valid=1 depth=0.000 vz=-0.011 az=-0.013 target_valid=0 target=0.000 pid=0.000 pid_base=0.000 buoyancy_pwm=0 mask_valid=1 mask=0 forward_active=0
$T,0,0,0,,,,1662,541,985,1201,0*7D
[CTRL] depth_valid=1 depth=0.001 vz=-0.005 az=-0.005 target_valid=0 target=0.000 pid=0.000 pid_base=0.000 buoyancy_pwm=0 mask_valid=1 mask=0 forward_active=0
[CTRL] depth_valid=1 depth=-0.000 vz=-0.006 az=-0.004 target_valid=0 target=0.000 pid=0.000 pid_base=0.000 buoyancy_pwm=0 mask_valid=1 mask=0 forward_active=0
[OK]hb
[CTRL] depth_valid=1 depth=-0.001 vz=-0.003 az=0.000 target_valid=0 target=0.000 pid=0.000 pid_base=0.000 buoyancy_pwm=0 mask_valid=1 mask=0 forward_active=0
[CTRL] depth_valid=1 depth=-0.000 vz=-0.000 az=0.002 target_valid=0 target=0.000 pid=0.000 pid_base=0.000 buoyancy_pwm=0 mask_valid=1 mask=0 forward_active=0
$T,0,0,0,,,,1662,541,985,1208,0*74
[CTRL] depth_valid=1 depth=0.000 vz=0.001 az=0.002 target_valid=0 target=0.000 pid=0.000 pid_base=0.000 buoyancy_pwm=0 mask_valid=1 mask=0 forward_active=0
[CTRL] depth_valid=1 depth=0.000 vz=0.001 az=0.002 target_valid=0 target=0.000 pid=0.000 pid_base=0.000 buoyancy_pwm=0 mask_valid=1 mask=0 forward_active=0
[CTRL] depth_valid=1 depth=0.007 vz=0.011 az=0.006 target_valid=0 target=0.000 pid=0.000 pid_base=0.000 buoyancy_pwm=0 mask_valid=1 mask=0 forward_active=0
[CTRL] depth_valid=1 depth=0.000 vz=-0.008 az=-0.011 target_valid=0 target=0.000 pid=0.000 pid_base=0.000 buoyancy_pwm=0 mask_valid=1 mask=0 forward_active=0
$T,0,0,0,,,8,1662,541,985,1206,0*42
[CTRL] depth_valid=1 depth=0.011 vz=0.014 az=0.009 target_valid=0 target=0.000 pid=0.000 pid_base=0.000 buoyancy_pwm=0 mask_valid=1 mask=0 forward_active=0
[CTRL] depth_valid=1 depth=0.001 vz=-0.013 az=-0.016 target_valid=0 target=0.000 pid=0.000 pid_base=0.000 buoyancy_pwm=0 mask_valid=1 mask=0 forward_active=0
[CTRL] depth_valid=1 depth=-0.001 vz=-0.012 az=-0.010 target_valid=0 target=0.000 pid=0.000 pid_base=0.000 buoyancy_pwm=0 mask_valid=1 mask=0 forward_active=0
[CTRL] depth_valid=1 depth=0.001 vz=-0.002 az=0.001 target_valid=0 target=0.000 pid=0.000 pid_base=0.000 buoyancy_pwm=0 mask_valid=1 mask=0 forward_active=0
$T,0,0,0,,,,1662,541,985,1211,0*7C
[OK]hb
[CTRL] depth_valid=1 depth=0.009 vz=0.011 az=0.006 target_valid=0 target=0.000 pid=0.000 pid_base=0.000 buoyancy_pwm=0 mask_valid=1 mask=0 forward_active=0
[CTRL] depth_valid=1 depth=0.006 vz=-0.005 az=-0.011 target_valid=0 target=0.000 pid=0.000 pid_base=0.000 buoyancy_pwm=0 mask_valid=1 mask=0 forward_active=0
[CTRL] depth_valid=1 depth=-0.001 vz=-0.015 az=-0.014 target_valid=0 target=0.000 pid=0.000 pid_base=0.000 buoyancy_pwm=0 mask_valid=1 mask=0 forward_active=0
[CTRL] depth_valid=1 depth=-0.001 vz=-0.008 az=-0.003 target_valid=0 target=0.000 pid=0.000 pid_base=0.000 buoyancy_pwm=0 mask_valid=1 mask=0 forward_active=0
$T,0,0,0,,,,1662,541,985,1211,0*7C
[CTRL] depth_valid=1 depth=0.002 vz=0.002 az=0.005 target_valid=0 target=0.000 pid=0.000 pid_base=0.000 buoyancy_pwm=0 mask_valid=1 mask=0 forward_active=0
[CTRL] depth_valid=1 depth=0.029 vz=0.041 az=0.023 target_valid=0 target=0.000 pid=0.000 pid_base=0.000 buoyancy_pwm=0 mask_valid=1 mask=0 forward_active=0
[CTRL] depth_valid=1 depth=0.001 vz=-0.035 az=-0.045 target_valid=0 target=0.000 pid=0.000 pid_base=0.000 buoyancy_pwm=0 mask_valid=1 mask=0 forward_active=0
[CTRL] depth_valid=1 depth=0.001 vz=-0.018 az=-0.014 target_valid=0 target=0.000 pid=0.000 pid_base=0.000 buoyancy_pwm=0 mask_valid=1 mask=0 forward_active=0
$T,0,0,0,,,,1662,541,985,1200,0*7C
[CTRL] depth_valid=1 depth=-0.002 vz=-0.013 az=-0.005 target_valid=0 target=0.000 pid=0.000 pid_base=0.000 buoyancy_pwm=0 mask_valid=1 mask=0 forward_active=0
[CTRL] depth_valid=1 depth=-0.001 vz=-0.002 az=0.006 target_valid=0 target=0.000 pid=0.000 pid_base=0.000 buoyancy_pwm=0 mask_valid=1 mask=0 forward_active=0
[OK]hb
[CTRL] depth_valid=1 depth=0.020 vz=0.043 az=0.043 target_valid=0 target=0.000 pid=0.000 pid_base=0.000 buoyancy_pwm=0 mask_valid=1 mask=0 forward_active=0
[CTRL] depth_valid=1 depth=0.002 vz=-0.013 az=-0.018 target_valid=0 target=0.000 pid=0.000 pid_base=0.000 buoyancy_pwm=0 mask_valid=1 mask=0 forward_active=0
$T,0,0,0,,,,1662,541,985,1203,0*7F
[CTRL] depth_valid=1 depth=-0.001 vz=-0.012 az=-0.010 target_valid=0 target=0.000 pid=0.000 pid_base=0.000 buoyancy_pwm=0 mask_valid=1 mask=0 forward_active=0
[CTRL] depth_valid=1 depth=-0.001 vz=-0.005 az=0.000 target_valid=0 target=0.000 pid=0.000 pid_base=0.000 buoyancy_pwm=0 mask_valid=1 mask=0 forward_active=0
[CTRL] depth_valid=1 depth=0.012 vz=0.018 az=0.013 target_valid=0 target=0.000 pid=0.000 pid_base=0.000 buoyancy_pwm=0 mask_valid=1 mask=0 forward_active=0
[CTRL] depth_valid=1 depth=0.001 vz=-0.012 az=-0.015 target_valid=0 target=0.000 pid=0.000 pid_base=0.000 buoyancy_pwm=0 mask_valid=1 mask=0 forward_active=0
$T,0,0,0,,,,1662,541,985,1203,0*7F
[CTRL] depth_valid=1 depth=-0.001 vz=-0.010 az=-0.008 target_valid=0 target=0.000 pid=0.000 pid_base=0.000 buoyancy_pwm=0 mask_valid=1 mask=0 forward_active=0
[CTRL] depth_valid=1 depth=-0.001 vz=-0.004 az=-0.000 target_valid=0 target=0.000 pid=0.000 pid_base=0.000 buoyancy_pwm=0 mask_valid=1 mask=0 forward_active=0
[CTRL] depth_valid=1 depth=-0.000 vz=0.000 az=0.003 target_valid=0 target=0.000 pid=0.000 pid_base=0.000 buoyancy_pwm=0 mask_valid=1 mask=0 forward_active=0
[CTRL] depth_valid=1 depth=0.000 vz=0.002 az=0.003 target_valid=0 target=0.000 pid=0.000 pid_base=0.000 buoyancy_pwm=0 mask_valid=1 mask=0 forward_active=0
$T,0,0,0,,,,1662,541,985,1203,0*7F
[OK]hb
[CTRL] depth_valid=1 depth=0.000 vz=0.002 az=0.003 target_valid=0 target=0.000 pid=0.000 pid_base=0.000 buoyancy_pwm=0 mask_valid=1 mask=0 forward_active=0
[CTRL] depth_valid=1 depth=0.000 vz=0.001 az=0.001 target_valid=0 target=0.000 pid=0.000 pid_base=0.000 buoyancy_pwm=0 mask_valid=1 mask=0 forward_active=0
[CTRL] depth_valid=1 depth=0.000 vz=0.000 az=0.000 target_valid=0 target=0.000 pid=0.000 pid_base=0.000 buoyancy_pwm=0 mask_valid=1 mask=0 forward_active=0
[CTRL] depth_valid=1 depth=0.000 vz=0.000 az=0.000 target_valid=0 target=0.000 pid=0.000 pid_base=0.000 buoyancy_pwm=0 mask_valid=1 mask=0 forward_active=0
$T,0,0,0,,,,1662,541,985,1206,0*7A
[CTRL] depth_valid=1 depth=0.013 vz=0.030 az=0.028 target_valid=0 target=0.000 pid=0.000 pid_base=0.000 buoyancy_pwm=0 mask_valid=1 mask=0 forward_active=0
[CTRL] depth_valid=1 depth=0.003 vz=-0.005 az=-0.010 target_valid=0 target=0.000 pid=0.000 pid_base=0.000 buoyancy_pwm=0 mask_valid=1 mask=0 forward_active=0
[CTRL] depth_valid=1 depth=0.009 vz=0.003 az=-0.004 target_valid=0 target=0.000 pid=0.000 pid_base=0.000 buoyancy_pwm=0 mask_valid=1 mask=0 forward_active=0
[CTRL] depth_valid=1 depth=-0.001 vz=-0.017 az=-0.018 target_valid=0 target=0.000 pid=0.000 pid_base=0.000 buoyancy_pwm=0 mask_valid=1 mask=0 forward_active=0
$T,0,0,0,,,,1662,541,985,1204,0*78
[CTRL] depth_valid=1 depth=-0.002 vz=-0.012 az=-0.009 target_valid=0 target=0.000 pid=0.000 pid_base=0.000 buoyancy_pwm=0 mask_valid=1 mask=0 forward_active=0
[CTRL] depth_valid=1 depth=-0.001 vz=-0.004 az=0.000 target_valid=0 target=0.000 pid=0.000 pid_base=0.000 buoyancy_pwm=0 mask_valid=1 mask=0 forward_active=0
[OK]hb
[CTRL] depth_valid=1 depth=-0.000 vz=0.001 az=0.005 target_valid=0 target=0.000 pid=0.000 pid_base=0.000 buoyancy_pwm=0 mask_valid=1 mask=0 forward_active=0
[CTRL] depth_valid=1 depth=0.000 vz=0.002 az=0.004 target_valid=0 target=0.000 pid=0.000 pid_base=0.000 buoyancy_pwm=0 mask_valid=1 mask=0 forward_active=0
$T,0,0,0,,,,1662,541,985,1204,0*78
[CTRL] depth_valid=1 depth=0.000 vz=0.002 az=0.003 target_valid=0 target=0.000 pid=0.000 pid_base=0.000 buoyancy_pwm=0 mask_valid=1 mask=0 forward_active=0
[CTRL] depth_valid=1 depth=0.000 vz=0.001 az=0.001 target_valid=0 target=0.000 pid=0.000 pid_base=0.000 buoyancy_pwm=0 mask_valid=1 mask=0 forward_active=0
[CTRL] depth_valid=1 depth=0.000 vz=0.000 az=0.000 target_valid=0 target=0.000 pid=0.000 pid_base=0.000 buoyancy_pwm=0 mask_valid=1 mask=0 forward_active=0
[CTRL] depth_valid=1 depth=0.002 vz=0.004 az=0.002 target_valid=0 target=0.000 pid=0.000 pid_base=0.000 buoyancy_pwm=0 mask_valid=1 mask=0 forward_active=0
$T,0,0,0,,,,1662,541,985,1202,0*7E
[CTRL] depth_valid=1 depth=0.000 vz=-0.003 az=-0.004 target_valid=0 target=0.000 pid=0.000 pid_base=0.000 buoyancy_pwm=0 mask_valid=1 mask=0 forward_active=0
[CTRL] depth_valid=1 depth=-0.000 vz=-0.002 az=-0.002 target_valid=0 target=0.000 pid=0.000 pid_base=0.000 buoyancy_pwm=0 mask_valid=1 mask=0 forward_active=0
[CTRL] depth_valid=1 depth=0.007 vz=0.009 az=0.005 target_valid=0 target=0.000 pid=0.000 pid_base=0.000 buoyancy_pwm=0 mask_valid=1 mask=0 forward_active=0
[CTRL] depth_valid=1 depth=0.000 vz=-0.009 az=-0.011 target_valid=0 target=0.000 pid=0.000 pid_base=0.000 buoyancy_pwm=0 mask_valid=1 mask=0 forward_active=0
$T,0,0,0,,,,1662,541,985,1202,0*7E
[OK]hb
[CTRL] depth_valid=1 depth=-0.001 vz=-0.008 az=-0.009 target_valid=0 target=0.000 pid=0.000 pid_base=0.000 buoyancy_pwm=0 mask_valid=1 mask=0 forward_active=0
[CTRL] depth_valid=1 depth=-0.001 vz=-0.004 az=-0.002 target_valid=0 target=0.000 pid=0.000 pid_base=0.000 buoyancy_pwm=0 mask_valid=1 mask=0 forward_active=0
[CTRL] depth_valid=1 depth=-0.000 vz=-0.001 az=0.001 target_valid=0 target=0.000 pid=0.000 pid_base=0.000 buoyancy_pwm=0 mask_valid=1 mask=0 forward_active=0
[CTRL] depth_valid=1 depth=0.012 vz=0.018 az=0.011 target_valid=0 target=0.000 pid=0.000 pid_base=0.000 buoyancy_pwm=0 mask_valid=1 mask=0 forward_active=0
$T,0,0,0,,,,1662,541,985,1206,0*7A
[CTRL] depth_valid=1 depth=0.002 vz=-0.011 az=-0.016 target_valid=0 target=0.000 pid=0.000 pid_base=0.000 buoyancy_pwm=0 mask_valid=1 mask=0 forward_active=0
[CTRL] depth_valid=1 depth=0.001 vz=-0.008 az=-0.008 target_valid=0 target=0.000 pid=0.000 pid_base=0.000 buoyancy_pwm=0 mask_valid=1 mask=0 forward_active=0
[CTRL] depth_valid=1 depth=-0.001 vz=-0.007 az=-0.005 target_valid=0 target=0.000 pid=0.000 pid_base=0.000 buoyancy_pwm=0 mask_valid=1 mask=0 forward_active=0
[CTRL] depth_valid=1 depth=-0.001 vz=-0.005 az=-0.002 target_valid=0 target=0.000 pid=0.000 pid_base=0.000 buoyancy_pwm=0 mask_valid=1 mask=0 forward_active=0
$T,0,0,0,,,,1662,541,985,1198,0*7E
[CTRL] depth_valid=1 depth=-0.000 vz=-0.001 az=0.002 target_valid=0 target=0.000 pid=0.000 pid_base=0.000 buoyancy_pwm=0 mask_valid=1 mask=0 forward_active=0
[CTRL] depth_valid=1 depth=0.002 vz=0.004 az=0.005 target_valid=0 target=0.000 pid=0.000 pid_base=0.000 buoyancy_pwm=0 mask_valid=1 mask=0 forward_active=0
[CTRL] depth_valid=1 depth=0.000 vz=-0.001 az=-0.002 target_valid=0 target=0.000 pid=0.000 pid_base=0.000 buoyancy_pwm=0 mask_valid=1 mask=0 forward_active=0
[OK]hb
[CTRL] depth_valid=1 depth=0.009 vz=0.018 az=0.018 target_valid=0 target=0.000 pid=0.000 pid_base=0.000 buoyancy_pwm=0 mask_valid=1 mask=0 forward_active=0
$T,0,0,0,,,,1662,542,985,1205,0*7A
[CTRL] depth_valid=1 depth=0.009 vz=0.006 az=-0.002 target_valid=0 target=0.000 pid=0.000 pid_base=0.000 buoyancy_pwm=0 mask_valid=1 mask=0 forward_active=0
[CTRL] depth_valid=1 depth=0.001 vz=-0.015 az=-0.019 target_valid=0 target=0.000 pid=0.000 pid_base=0.000 buoyancy_pwm=0 mask_valid=1 mask=0 forward_active=0
[CTRL] depth_valid=1 depth=-0.001 vz=-0.012 az=-0.010 target_valid=0 target=0.000 pid=0.000 pid_base=0.000 buoyancy_pwm=0 mask_valid=1 mask=0 forward_active=0
[CTRL] depth_valid=1 depth=0.006 vz=0.008 az=0.011 target_valid=0 target=0.000 pid=0.000 pid_base=0.000 buoyancy_pwm=0 mask_valid=1 mask=0 forward_active=0
$T,0,0,0,,,,1662,541,985,1202,0*7E
[CTRL] depth_valid=1 depth=0.002 vz=-0.003 az=-0.002 target_valid=0 target=0.000 pid=0.000 pid_base=0.000 buoyancy_pwm=0 mask_valid=1 mask=0 forward_active=0
[CTRL] depth_valid=1 depth=-0.000 vz=-0.005 az=-0.003 target_valid=0 target=0.000 pid=0.000 pid_base=0.000 buoyancy_pwm=0 mask_valid=1 mask=0 forward_active=0
[CTRL] depth_valid=1 depth=-0.000 vz=-0.003 az=-0.000 target_valid=0 target=0.000 pid=0.000 pid_base=0.000 buoyancy_pwm=0 mask_valid=1 mask=0 forward_active=0
[CTRL] depth_valid=1 depth=-0.000 vz=-0.000 az=0.002 target_valid=0 target=0.000 pid=0.000 pid_base=0.000 buoyancy_pwm=0 mask_valid=1 mask=0 forward_active=0
$T,0,0,0,,,,1662,541,985,1202,0*7E
[OK]hb
[CTRL] depth_valid=1 depth=0.000 vz=0.001 az=0.002 target_valid=0 target=0.000 pid=0.000 pid_base=0.000 buoyancy_pwm=0 mask_valid=1 mask=0 forward_active=0
[CTRL] depth_valid=1 depth=0.003 vz=0.007 az=0.006 target_valid=0 target=0.000 pid=0.000 pid_base=0.000 buoyancy_pwm=0 mask_valid=1 mask=0 forward_active=0
[CTRL] depth_valid=1 depth=0.005 vz=0.008 az=0.007 target_valid=0 target=0.000 pid=0.000 pid_base=0.000 buoyancy_pwm=0 mask_valid=1 mask=0 forward_active=0
[CTRL] depth_valid=1 depth=0.003 vz=-0.001 az=-0.005 target_valid=0 target=0.000 pid=0.000 pid_base=0.000 buoyancy_pwm=0 mask_valid=1 mask=0 forward_active=0
$T,0,0,0,,,,1660,542,986,1204,0*7A
[CTRL] depth_valid=1 depth=-0.000 vz=-0.007 az=-0.008 target_valid=0 target=0.000 pid=0.000 pid_base=0.000 buoyancy_pwm=0 mask_valid=1 mask=0 forward_active=0
[CTRL] depth_valid=1 depth=-0.001 vz=-0.004 az=-0.002 target_valid=0 target=0.000 pid=0.000 pid_base=0.000 buoyancy_pwm=0 mask_valid=1 mask=0 forward_active=0
[CTRL] depth_valid=1 depth=-0.000 vz=-0.001 az=0.001 target_valid=0 target=0.000 pid=0.000 pid_base=0.000 buoyancy_pwm=0 mask_valid=1 mask=0 forward_active=0
[CTRL] depth_valid=1 depth=0.002 vz=0.004 az=0.004 target_valid=0 target=0.000 pid=0.000 pid_base=0.000 buoyancy_pwm=0 mask_valid=1 mask=0 forward_active=0
$T,0,0,0,,,,1661,541,986,1206,0*7A
[CTRL] depth_valid=1 depth=0.000 vz=-0.002 az=-0.002 target_valid=0 target=0.000 pid=0.000 pid_base=0.000 buoyancy_pwm=0 mask_valid=1 mask=0 forward_active=0
[CTRL] depth_valid=1 depth=-0.000 vz=-0.002 az=-0.001 target_valid=0 target=0.000 pid=0.000 pid_base=0.000 buoyancy_pwm=0 mask_valid=1 mask=0 forward_active=0
[CTRL] depth_valid=1 depth=-0.000 vz=-0.001 az=0.000 target_valid=0 target=0.000 pid=0.000 pid_base=0.000 buoyancy_pwm=0 mask_valid=1 mask=0 forward_active=0
[OK]hb
[CTRL] depth_valid=1 depth=-0.000 vz=-0.000 az=0.001 target_valid=0 target=0.000 pid=0.000 pid_base=0.000 buoyancy_pwm=0 mask_valid=1 mask=0 forward_active=0
$T,0,0,0,,,,1662,541,986,1201,0*7E
[CTRL] depth_valid=1 depth=0.000 vz=0.000 az=0.001 target_valid=0 target=0.000 pid=0.000 pid_base=0.000 buoyancy_pwm=0 mask_valid=1 mask=0 forward_active=0
[CTRL] depth_valid=1 depth=0.000 vz=0.000 az=0.001 target_valid=0 target=0.000 pid=0.000 pid_base=0.000 buoyancy_pwm=0 mask_valid=1 mask=0 forward_active=0
[CTRL] depth_valid=1 depth=0.000 vz=0.000 az=0.000 target_valid=0 target=0.000 pid=0.000 pid_base=0.000 buoyancy_pwm=0 mask_valid=1 mask=0 forward_active=0
[CTRL] depth_valid=1 depth=0.002 vz=0.003 az=0.002 target_valid=0 target=0.000 pid=0.000 pid_base=0.000 buoyancy_pwm=0 mask_valid=1 mask=0 forward_active=0
$T,0,0,0,,,,1662,541,986,1205,0*7A
[CTRL] depth_valid=1 depth=0.000 vz=-0.002 az=-0.004 target_valid=0 target=0.000 pid=0.000 pid_base=0.000 buoyancy_pwm=0 mask_valid=1 mask=0 forward_active=0
[CTRL] depth_valid=1 depth=-0.000 vz=-0.002 az=-0.002 target_valid=0 target=0.000 pid=0.000 pid_base=0.000 buoyancy_pwm=0 mask_valid=1 mask=0 forward_active=0
[CTRL] depth_valid=1 depth=-0.000 vz=-0.001 az=-0.000 target_valid=0 target=0.000 pid=0.000 pid_base=0.000 buoyancy_pwm=0 mask_valid=1 mask=0 forward_active=0
[CTRL] depth_valid=1 depth=-0.000 vz=-0.000 az=0.001 target_valid=0 target=0.000 pid=0.000 pid_base=0.000 buoyancy_pwm=0 mask_valid=1 mask=0 forward_active=0
$T,0,0,0,,,,1663,542,986,1202,0*7F
[CTRL] depth_valid=1 depth=0.000 vz=0.000 az=0.001 target_valid=0 target=0.000 pid=0.000 pid_base=0.000 buoyancy_pwm=0 mask_valid=1 mask=0 forward_active=0
[OK]hb
[CTRL] depth_valid=1 depth=0.000 vz=0.000 az=0.001 target_valid=0 target=0.000 pid=0.000 pid_base=0.000 buoyancy_pwm=0 mask_valid=1 mask=0 forward_active=0
[CTRL] depth_valid=1 depth=0.000 vz=0.000 az=0.000 target_valid=0 target=0.000 pid=0.000 pid_base=0.000 buoyancy_pwm=0 mask_valid=1 mask=0 forward_active=0
[CTRL] depth_valid=1 depth=0.000 vz=0.000 az=0.000 target_valid=0 target=0.000 pid=0.000 pid_base=0.000 buoyancy_pwm=0 mask_valid=1 mask=0 forward_active=0
$T,0,0,0,,,,1663,542,986,1202,0*7F
[CTRL] depth_valid=1 depth=0.000 vz=0.000 az=-0.000 target_valid=0 target=0.000 pid=0.000 pid_base=0.000 buoyancy_pwm=0 mask_valid=1 mask=0 forward_active=0
[CTRL] depth_valid=1 depth=0.000 vz=-0.000 az=-0.000 target_valid=0 target=0.000 pid=0.000 pid_base=0.000 buoyancy_pwm=0 mask_valid=1 mask=0 forward_active=0
[CTRL] depth_valid=1 depth=-0.000 vz=-0.000 az=-0.000 target_valid=0 target=0.000 pid=0.000 pid_base=0.000 buoyancy_pwm=0 mask_valid=1 mask=0 forward_active=0
[CTRL] depth_valid=1 depth=-0.000 vz=-0.000 az=-0.000 target_valid=0 target=0.000 pid=0.000 pid_base=0.000 buoyancy_pwm=0 mask_valid=1 mask=0 forward_active=0
$T,0,0,0,,,,1662,541,985,1202,0*7E
[CTRL] depth_valid=1 depth=-0.000 vz=-0.000 az=-0.000 target_valid=0 target=0.000 pid=0.000 pid_base=0.000 buoyancy_pwm=0 mask_valid=1 mask=0 forward_active=0
[CTRL] depth_valid=1 depth=-0.000 vz=-0.000 az=0.000 target_valid=0 target=0.000 pid=0.000 pid_base=0.000 buoyancy_pwm=0 mask_valid=1 mask=0 forward_active=0
[CTRL] depth_valid=1 depth=-0.000 vz=0.000 az=0.000 target_valid=0 target=0.000 pid=0.000 pid_base=0.000 buoyancy_pwm=0 mask_valid=1 mask=0 forward_active=0
[OK]hb
[CTRL] depth_valid=1 depth=0.000 vz=0.000 az=0.000 target_valid=0 target=0.000 pid=0.000 pid_base=0.000 buoyancy_pwm=0 mask_valid=1 mask=0 forward_active=0
$T,0,0,0,,,,1661,541,984,1199,0*7D
[CTRL] depth_valid=1 depth=0.022 vz=0.031 az=0.016 target_valid=0 target=0.000 pid=0.000 pid_base=0.000 buoyancy_pwm=0 mask_valid=1 mask=0 forward_active=0
[CTRL] depth_valid=1 depth=0.003 vz=-0.024 az=-0.036 target_valid=0 target=0.000 pid=0.000 pid_base=0.000 buoyancy_pwm=0 mask_valid=1 mask=0 forward_active=0
[CTRL] depth_valid=1 depth=-0.002 vz=-0.025 az=-0.025 target_valid=0 target=0.000 pid=0.000 pid_base=0.000 buoyancy_pwm=0 mask_valid=1 mask=0 forward_active=0
[CTRL] depth_valid=1 depth=-0.002 vz=-0.013 az=-0.006 target_valid=0 target=0.000 pid=0.000 pid_base=0.000 buoyancy_pwm=0 mask_valid=1 mask=0 forward_active=0
$T,0,0,0,,,,1662,541,985,1202,0*7E
[CTRL] depth_valid=1 depth=-0.001 vz=-0.002 az=0.005 target_valid=0 target=0.000 pid=0.000 pid_base=0.000 buoyancy_pwm=0 mask_valid=1 mask=0 forward_active=0
[CTRL] depth_valid=1 depth=-0.000 vz=0.002 az=0.007 target_valid=0 target=0.000 pid=0.000 pid_base=0.000 buoyancy_pwm=0 mask_valid=1 mask=0 forward_active=0
[CTRL] depth_valid=1 depth=0.000 vz=0.003 az=0.006 target_valid=0 target=0.000 pid=0.000 pid_base=0.000 buoyancy_pwm=0 mask_valid=1 mask=0 forward_active=0
[CTRL] depth_valid=1 depth=0.000 vz=0.003 az=0.004 target_valid=0 target=0.000 pid=0.000 pid_base=0.000 buoyancy_pwm=0 mask_valid=1 mask=0 forward_active=0
$T,0,0,0,,,,1662,541,985,1201,0*7D
[CTRL] depth_valid=1 depth=0.000 vz=0.002 az=0.002 target_valid=0 target=0.000 pid=0.000 pid_base=0.000 buoyancy_pwm=0 mask_valid=1 mask=0 forward_active=0
[OK]hb
[CTRL] depth_valid=1 depth=0.000 vz=0.001 az=0.000 target_valid=0 target=0.000 pid=0.000 pid_base=0.000 buoyancy_pwm=0 mask_valid=1 mask=0 forward_active=0
[CTRL] depth_valid=1 depth=0.000 vz=0.000 az=-0.000 target_valid=0 target=0.000 pid=0.000 pid_base=0.000 buoyancy_pwm=0 mask_valid=1 mask=0 forward_active=0
[CTRL] depth_valid=1 depth=0.000 vz=-0.000 az=-0.000 target_valid=0 target=0.000 pid=0.000 pid_base=0.000 buoyancy_pwm=0 mask_valid=1 mask=0 forward_active=0
$T,0,0,0,,,,1562,707,1442,1199,0*4B
[CTRL] depth_valid=1 depth=-0.000 vz=-0.000 az=-0.000 target_valid=0 target=0.000 pid=0.000 pid_base=0.000 buoyancy_pwm=0 mask_valid=1 mask=0 forward_active=0
[CTRL] depth_valid=1 depth=-0.000 vz=-0.000 az=-0.000 target_valid=0 target=0.000 pid=0.000 pid_base=0.000 buoyancy_pwm=0 mask_valid=1 mask=0 forward_active=0
[CTRL] depth_valid=1 depth=-0.000 vz=-0.000 az=-0.000 target_valid=0 target=0.000 pid=0.000 pid_base=0.000 buoyancy_pwm=0 mask_valid=1 mask=0 forward_active=0
[CTRL] depth_valid=1 depth=-0.000 vz=-0.000 az=0.000 target_valid=0 target=0.000 pid=0.000 pid_base=0.000 buoyancy_pwm=0 mask_valid=1 mask=0 forward_active=0
$T,0,0,0,,,,1562,757,-1731,1206,0*61
[CTRL] depth_valid=1 depth=0.000 vz=0.000 az=0.000 target_valid=0 target=0.000 pid=0.000 pid_base=0.000 buoyancy_pwm=0 mask_valid=1 mask=0 forward_active=0
[CTRL] depth_valid=1 depth=0.000 vz=0.000 az=0.000 target_valid=0 target=0.000 pid=0.000 pid_base=0.000 buoyancy_pwm=0 mask_valid=1 mask=0 forward_active=0
[CTRL] depth_valid=1 depth=0.000 vz=0.000 az=0.000 target_valid=0 target=0.000 pid=0.000 pid_base=0.000 buoyancy_pwm=0 mask_valid=1 mask=0 forward_active=0
[OK]hb
[CTRL] depth_valid=1 depth=0.000 vz=0.000 az=0.000 target_valid=0 target=0.000 pid=0.000 pid_base=0.000 buoyancy_pwm=0 mask_valid=1 mask=0 forward_active=0
$T,0,1,1,233,75,26,1688,701,-1645,1203,0*56
[CTRL] depth_valid=1 depth=2.598 vz=5.032 az=4.217 target_valid=0 target=0.000 pid=0.000 pid_base=0.000 buoyancy_pwm=0 mask_valid=1 mask=0 forward_active=0
[CTRL] depth_valid=1 depth=3.100 vz=1.818 az=-0.568 target_valid=0 target=0.000 pid=0.000 pid_base=0.000 buoyancy_pwm=0 mask_valid=1 mask=0 forward_active=0
[CTRL] depth_valid=1 depth=2.467 vz=-0.965 az=-2.464 target_valid=0 target=0.000 pid=0.000 pid_base=0.000 buoyancy_pwm=0 mask_valid=1 mask=0 forward_active=0
[CTRL] depth_valid=1 depth=2.121 vz=-1.476 az=-1.946 target_valid=0 target=0.000 pid=0.000 pid_base=0.000 buoyancy_pwm=0 mask_valid=1 mask=0 forward_active=0
$T,20,-15,-18,232,,,1748,620,-1582,1203,0*69
[CTRL] depth_valid=1 depth=1.951 vz=-0.863 az=-0.592 target_valid=0 target=0.000 pid=0.000 pid_base=0.000 buoyancy_pwm=0 mask_valid=1 mask=0 forward_active=0
[CTRL] depth_valid=1 depth=2.439 vz=0.850 az=1.171 target_valid=0 target=0.000 pid=0.000 pid_base=0.000 buoyancy_pwm=0 mask_valid=1 mask=0 forward_active=0
[CTRL] depth_valid=1 depth=3.080 vz=1.443 az=1.092 target_valid=0 target=0.000 pid=0.000 pid_base=0.000 buoyancy_pwm=0 mask_valid=1 mask=0 forward_active=0
[CTRL] depth_valid=1 depth=3.807 vz=1.630 az=0.710 target_valid=0 target=0.000 pid=0.000 pid_base=0.000 buoyancy_pwm=0 mask_valid=1 mask=0 forward_active=0
$T,38,14,4,232,,,1743,583,-1613,1201,0*54
[CTRL] depth_valid=1 depth=3.580 vz=-0.482 az=-1.593 target_valid=0 target=0.000 pid=0.000 pid_base=0.000 buoyancy_pwm=0 mask_valid=1 mask=0 forward_active=0
[OK]hb
[CTRL] depth_valid=1 depth=1.676 vz=-3.637 az=-3.267 target_valid=0 target=0.000 pid=0.000 pid_base=0.000 buoyancy_pwm=0 mask_valid=1 mask=0 forward_active=0
[CTRL] depth_valid=1 depth=4.609 vz=4.470 az=4.829 target_valid=0 target=0.000 pid=0.000 pid_base=0.000 buoyancy_pwm=0 mask_valid=1 mask=0 forward_active=0
[CTRL] depth_valid=1 depth=8.935 vz=9.875 az=7.431 target_valid=0 target=0.000 pid=0.000 pid_base=0.000 buoyancy_pwm=0 mask_valid=1 mask=0 forward_active=0
$T,102,99,62,232,,70,1695,-621,-1550,1201,0*76
[CTRL] depth_valid=1 depth=11.085 vz=5.864 az=0.511 target_valid=0 target=0.000 pid=0.000 pid_base=0.000 buoyancy_pwm=0 mask_valid=1 mask=0 forward_active=0
[CTRL] depth_valid=1 depth=10.840 vz=0.084 az=-4.478 target_valid=0 target=0.000 pid=0.000 pid_base=0.000 buoyancy_pwm=0 mask_valid=1 mask=0 forward_active=0
[CTRL] depth_valid=1 depth=10.343 vz=-1.956 az=-4.199 target_valid=0 target=0.000 pid=0.000 pid_base=0.000 buoyancy_pwm=0 mask_valid=1 mask=0 forward_active=0
[CTRL] depth_valid=1 depth=10.167 vz=-1.505 az=-2.044 target_valid=0 target=0.000 pid=0.000 pid_base=0.000 buoyancy_pwm=0 mask_valid=1 mask=0 forward_active=0
$T,102,-10,-12,235,27,75,1627,-815,-1432,1201,0*72
[CTRL] depth_valid=1 depth=10.757 vz=0.590 az=0.613 target_valid=0 target=0.000 pid=0.000 pid_base=0.000 buoyancy_pwm=0 mask_valid=1 mask=0 forward_active=0
[CTRL] depth_valid=1 depth=10.792 vz=0.131 az=-0.113 target_valid=0 target=0.000 pid=0.000 pid_base=0.000 buoyancy_pwm=0 mask_valid=1 mask=0 forward_active=0
[CTRL] depth_valid=1 depth=10.653 vz=-0.332 az=-0.486 target_valid=0 target=0.000 pid=0.000 pid_base=0.000 buoyancy_pwm=0 mask_valid=1 mask=0 forward_active=0
[OK]hb
[CTRL] depth_valid=1 depth=10.679 vz=-0.104 az=-0.098 target_valid=0 target=0.000 pid=0.000 pid_base=0.000 buoyancy_pwm=0 mask_valid=1 mask=0 forward_active=0
$T,107,1,1,232,27,71,1544,-823,-1360,1209,0*7D
[CTRL] depth_valid=1 depth=10.906 vz=0.383 az=0.338 target_valid=0 target=0.000 pid=0.000 pid_base=0.000 buoyancy_pwm=0 mask_valid=1 mask=0 forward_active=0
[CTRL] depth_valid=1 depth=10.959 vz=0.154 az=-0.034 target_valid=0 target=0.000 pid=0.000 pid_base=0.000 buoyancy_pwm=0 mask_valid=1 mask=0 forward_active=0
[CTRL] depth_valid=1 depth=10.770 vz=-0.394 az=-0.505 target_valid=0 target=0.000 pid=0.000 pid_base=0.000 buoyancy_pwm=0 mask_valid=1 mask=0 forward_active=0
[CTRL] depth_valid=1 depth=10.714 vz=-0.298 az=-0.241 target_valid=0 target=0.000 pid=0.000 pid_base=0.000 buoyancy_pwm=0 mask_valid=1 mask=0 forward_active=0
$T,106,-2,-1,230,27,72,1587,-827,-1395,1207,0*71
[CTRL] depth_valid=1 depth=10.727 vz=-0.062 az=0.049 target_valid=0 target=0.000 pid=0.000 pid_base=0.000 buoyancy_pwm=0 mask_valid=1 mask=0 forward_active=0
[CTRL] depth_valid=1 depth=10.877 vz=0.253 az=0.262 target_valid=0 target=0.000 pid=0.000 pid_base=0.000 buoyancy_pwm=0 mask_valid=1 mask=0 forward_active=0
[CTRL] depth_valid=1 depth=10.947 vz=0.135 az=-0.002 target_valid=0 target=0.000 pid=0.000 pid_base=0.000 buoyancy_pwm=0 mask_valid=1 mask=0 forward_active=0
[CTRL] depth_valid=1 depth=10.870 vz=-0.122 az=-0.208 target_valid=0 target=0.000 pid=0.000 pid_base=0.000 buoyancy_pwm=0 mask_valid=1 mask=0 forward_active=0
$T,108,-1,-1,227,27,72,1603,-829,-1401,1199,0*75
[CTRL] depth_valid=1 depth=10.784 vz=-0.274 az=-0.285 target_valid=0 target=0.000 pid=0.000 pid_base=0.000 buoyancy_pwm=0 mask_valid=1 mask=0 forward_active=0
[OK]hb
[CTRL] depth_valid=1 depth=10.747 vz=-0.144 az=-0.052 target_valid=0 target=0.000 pid=0.000 pid_base=0.000 buoyancy_pwm=0 mask_valid=1 mask=0 forward_active=0
[CTRL] depth_valid=1 depth=10.876 vz=0.182 az=0.214 target_valid=0 target=0.000 pid=0.000 pid_base=0.000 buoyancy_pwm=0 mask_valid=1 mask=0 forward_active=0
[CTRL] depth_valid=1 depth=10.892 vz=0.070 az=0.012 target_valid=0 target=0.000 pid=0.000 pid_base=0.000 buoyancy_pwm=0 mask_valid=1 mask=0 forward_active=0
$T,109,2,1,225,27,72,1558,-829,-1348,1200,0*71
[CTRL] depth_valid=1 depth=10.893 vz=-0.073 az=-0.171 target_valid=0 target=0.000 pid=0.000 pid_base=0.000 buoyancy_pwm=0 mask_valid=1 mask=0 forward_active=0
[CTRL] depth_valid=1 depth=10.839 vz=-0.192 az=-0.231 target_valid=0 target=0.000 pid=0.000 pid_base=0.000 buoyancy_pwm=0 mask_valid=1 mask=0 forward_active=0
[CTRL] depth_valid=1 depth=10.869 vz=-0.032 az=-0.013 target_valid=0 target=0.000 pid=0.000 pid_base=0.000 buoyancy_pwm=0 mask_valid=1 mask=0 forward_active=0
[CTRL] depth_valid=1 depth=10.872 vz=-0.049 az=-0.057 target_valid=0 target=0.000 pid=0.000 pid_base=0.000 buoyancy_pwm=0 mask_valid=1 mask=0 forward_active=0
$T,108,0,0,225,27,72,1557,-826,-1345,1200,0*7E
[CTRL] depth_valid=1 depth=10.929 vz=0.044 az=0.009 target_valid=0 target=0.000 pid=0.000 pid_base=0.000 buoyancy_pwm=0 mask_valid=1 mask=0 forward_active=0
[CTRL] depth_valid=1 depth=10.943 vz=-0.006 az=-0.00.000 pid_base=0.000 buoyancy_pwm=0 mask_valid=1 mask=0 forward_active=0
[CTRL] depth_valid=1 depth=10.951 vz=-0.001 az=-0.036 target_valid=0 target=0.000 pid=0.000 pid_base=0.000 buoyancy_pwm=0 mask_valid=1 mask=0 forward_active=0
[OK]hb
[CTRL] depth_valid=1 depth=10.699 vz=-0.540 az=-0.507 target_valid=0 target=0.000 pid=0.000 pid_base=0.000 buoyancy_pwm=0 mask_valid=1 mask=0 forward_active=0
$T,106,-5,-3,223,27,72,1762,-814,-1562,1199,0*75
[CTRL] depth_valid=1 depth=10.604 vz=-0.302 az=-0.068 target_valid=0 target=0.000 pid=0.000 pid_base=0.000 buoyancy_pwm=0 mask_valid=1 mask=0 forward_active=0
[CTRL] depth_valid=1 depth=11.224 vz=1.133 az=1.153 target_valid=0 target=0.000 pid=0.000 pid_base=0.000 buoyancy_pwm=0 mask_valid=1 mask=0 forward_active=0
[CTRL] depth_valid=1 depth=11.753 vz=1.242 az=0.676 target_valid=0 target=0.000 pid=0.000 pid_base=0.000 buoyancy_pwm=0 mask_valid=1 mask=0 forward_active=0
[CTRL] depth_valid=1 depth=11.534 vz=-0.214 az=-0.854 target_valid=0 target=0.000 pid=0.000 pid_base=0.000 buoyancy_pwm=0 mask_valid=1 mask=0 forward_active=0
$T,114,-4,-9,233,27,72,1474,-812,-1269,1199,0*72
[CTRL] depth_valid=1 depth=11.066 vz=-1.132 az=-1.272 target_valid=0 target=0.000 pid=0.000 pid_base=0.000 buoyancy_pwm=0 mask_valid=1 mask=0 forward_active=0
[CTRL] depth_valid=1 depth=10.603 vz=-1.247 az=-0.821 target_valid=0 target=0.000 pid=0.000 pid_base=0.000 buoyancy_pwm=0 mask_valid=1 mask=0 forward_active=0
[CTRL] depth_valid=1 depth=10.503 vz=-0.462 az=0.184 target_valid=0 target=0.000 pid=0.000 pid_base=0.000 buoyancy_pwm=0 mask_valid=1 mask=0 forward_active=0
[CTRL] depth_valid=1 depth=10.858 vz=0.646 az=1.000 target_valid=0 target=0.000 pid=0.000 pid_base=0.000 buoyancy_pwm=0 mask_valid=1 mask=0 forward_active=0
$T,109,8,10,235,27,72,1512,-818,-1307,1202,0*4F
[OK]hb
[CTRL] depth_valid=1 depth=11.141 vz=0.716 az=0.556 target_valid=0 target=0.000 pid=0.000 pid_base=0.000 buoyancy_pwm=0 mask_valid=1 mask=0 forward_active=0
[CTRL] depth_valid=1 depth=11.041 vz=-0.068 az=-0.376 target_valid=0 target=0.000 pid=0.000 pid_base=0.000 buoyancy_pwm=0 mask_valid=1 mask=0 forward_active=0
[CTRL] depth_valid=1 depth=10.958 vz=-0.157 az=-0.224 target_valid=0 target=0.000 pid=0.000 pid_base=0.000 buoyancy_pwm=0 mask_valid=1 mask=0 forward_active=0
[CTRL] depth_valid=1 depth=11.122 vz=0.139 az=0.045 target_valid=0 target=0.000 pid=0.000 pid_base=0.000 buoyancy_pwm=0 mask_valid=1 mask=0 forward_active=0
$T,111,0,0,233,27,72,1396,-800,-1194,1206,0*76
[CTRL] depth_valid=1 depth=11.137 vz=0.017 az=-0.100 target_valid=0 target=0.000 pid=0.000 pid_base=0.000 buoyancy_pwm=0 mask_valid=1 mask=0 forward_active=0
[CTRL] depth_valid=1 depth=11.246 vz=0.126 az=-0.004 target_valid=0 target=0.000 pid=0.000 pid_base=0.000 buoyancy_pwm=0 mask_valid=1 mask=0 forward_active=0
[CTRL] depth_valid=1 depth=11.019 vz=-0.499 az=-0.576 target_valid=0 target=0.000 pid=0.000 pid_base=0.000 buoyancy_pwm=0 mask_valid=1 mask=0 forward_active=0
[CTRL] depth_valid=1 depth=10.614 vz=-0.964 az=-0.740 target_valid=0 target=0.000 pid=0.000 pid_base=0.000 buoyancy_pwm=0 mask_valid=1 mask=0 forward_active=0
$T,105,-8,-5,234,26,73,1771,-837,-1551,1206,0*7D
[CTRL] depth_valid=1 depth=10.480 vz=-0.444 az=0.039 target_valid=0 target=0.000 pid=0.000 pid_base=0.000 buoyancy_pwm=0 mask_valid=1 mask=0 forward_active=0
[CTRL] depth_valid=1 depth=10.914 vz=0.810 az=1.070 target_valid=0 target=0.000 pid=0.000 pid_base=0.000 buoyancy_pwm=0 mask_valid=1 mask=0 forward_active=0
[OK]hb
[CTRL] depth_valid=1 depth=11.257 vz=0.826 az=0.534 target_valid=0 target=0.000 pid=0.000 pid_base=0.000 buoyancy_pwm=0 mask_valid=1 mask=0 forward_active=0
[CTRL] depth_valid=1 depth=11.001 vz=-0.355 az=-0.715 target_valid=0 target=0.000 pid=0.000 pid_base=0.000 buoyancy_pwm=0 mask_valid=1 mask=0 forward_active=0
$T,108,-5,-7,233,26,73,1606,-832,-1380,1200,0*70
[CTRL] depth_valid=1 depth=10.676 vz=-0.833 az=-0.826 target_valid=0 target=0.000 pid=0.000 pid_base=0.000 buoyancy_pwm=0 mask_valid=1 mask=0 forward_active=0
[CTRL] depth_valid=1 depth=10.495 vz=-0.547 az=-0.204 target_valid=0 target=0.000 pid=0.000 pid_base=0.000 buoyancy_pwm=0 mask_valid=1 mask=0 forward_active=0
[CTRL] depth_valid=1 depth=10.905 vz=0.626 az=0.812 target_valid=0 target=0.000 pid=0.000 pid_base=0.000 buoyancy_pwm=0 mask_valid=1 mask=0 forward_active=0
[CTRL] depth_valid=1 depth=11.151 vz=0.582 az=0.346 target_valid=0 target=0.000 pid=0.000 pid_base=0.000 buoyancy_pwm=0 mask_valid=1 mask=0 forward_active=0
$T,111,4,2,233,26,74,1478,-818,-1258,1200,0*7C
[CTRL] depth_valid=1 depth=11.096 vz=-0.036 az=-0.354 target_valid=0 target=0.000 pid=0.000 pid_base=0.000 buoyancy_pwm=0 mask_valid=1 mask=0 forward_active=0
[CTRL] depth_valid=1 depth=10.758 vz=-0.731 az=-0.783 target_valid=0 target=0.000 pid=0.000 pid_base=0.000 buoyancy_pwm=0 mask_valid=1 mask=0 forward_active=0
[CTRL] depth_valid=1 depth=10.628 vz=-0.479 az=-0.237 target_valid=0 target=0.000 pid=0.000 pid_base=0.000 buoyancy_pwm=0 mask_valid=1 mask=0 forward_active=0
[CTRL] depth_valid=1 depth=10.870 vz=0.289 az=0.446 target_valid=0 target=0.000 pid=0.000 pid_base=0.000 buoyancy_pwm=0 mask_valid=1 mask=0 forward_active=0
$T,110,6,7,232,26,75,1530,-821,-1312,1200,0*72
d=1 depth=11.124 vz=0.478 az=0.324 target_valid=0 target=0.000 pid=0.000 pid_base=0.000 buoyancy_pwm=0 mask_valid=1 mask=0 forward_active=0
[CTRL] depth_valid=1 depth=11.081 vz=0.008 az=-0.221 target_valid=0 target=0.000 pid=0.000 pid_base=0.000 buoyancy_pwm=0 mask_valid=1 mask=0 forward_active=0
[CTRL] depth_valid=1 depth=10.840 vz=-0.521 az=-0.574 target_valid=0 target=0.000 pid=0.000 pid_base=0.000 buoyancy_pwm=0 mask_valid=1 mask=0 forward_active=0
[CTRL] depth_valid=1 depth=10.722 vz=-0.397 az=-0.227 target_valid=0 target=0.000 pid=0.000 pid_base=0.000 buoyancy_pwm=0 mask_valid=1 mask=0 forward_active=0
$T,107,-1,0,,25,75,1642,-828,-1423,1200,0*63
[CTRL] depth_valid=1 depth=10.839 vz=0.084 az=0.227 target_valid=0 target=0.000 pid=0.000 pid_base=0.000 buoyancy_pwm=0 mask_valid=1 mask=0 forward_active=0
[CTRL] depth_valid=1 depth=11.010 vz=0.358 az=0.340 target_valid=0 target=0.000 pid=0.000 pid_base=0.000 buoyancy_pwm=0 mask_valid=1 mask=0 forward_active=0
[CTRL] depth_valid=1 depth=11.040 vz=0.083 az=-0.088 target_valid=0 target=0.000 pid=0.000 pid_base=0.000 buoyancy_pwm=0 mask_valid=1 mask=0 forward_active=0
[CTRL] depth_valid=1 depth=10.927 vz=-0.312 az=-0.435 target_valid=0 target=0.000 pid=0.000 pid_base=0.000 buoyancy_pwm=0 mask_valid=1 mask=0 forward_active=0
$T,108,-3,-4,,25,77,1596,-824,-1380,1202,0*4F
[CTRL] depth_valid=1 depth=10.824 vz=-0.327 az=-0.271 target_valid=0 target=0.000 pid=0.000 pid_base=0.000 buoyancy_pwm=0 mask_valid=1 mask=0 forward_active=0
[CTRL] depth_valid=1 depth=10.792 vz=-0.180 az=-0.058 target_valid=0 target=0.000 pid=0.000 pid_base=0.000 buoyancy_pwm=0 mask_valid=1 mask=0 forward_active=0
vz=0.156 az=0.218 target_valid=0 target=0.000 pid=0.000 pid_base=0.000 buoyancy_pwm=0 mask_valid=1 mask=0 forward_active=0
[CTRL] depth_valid=1 depth=11.025 vz=0.242 az=0.168 target_valid=0 target=0.000 pid=0.000 pid_base=0.000 buoyancy_pwm=0 mask_valid=1 mask=0 forward_active=0
$T,110,3,2,,25,78,1545,-821,-1333,1202,0*4C
[CTRL] depth_valid=1 depth=11.006 vz=-0.057 az=-0.208 target_valid=0 target=0.000 pid=0.000 pid_base=0.000 buoyancy_pwm=0 mask_valid=1 mask=0 forward_active=0
[CTRL] depth_valid=1 depth=10.871 vz=-0.333 az=-0.366 target_valid=0 target=0.000 pid=0.000 pid_base=0.000 buoyancy_pwm=0 mask_valid=1 mask=0 forward_active=0
[CTRL] depth_valid=1 depth=10.811 vz=-0.247 az=-0.157 target_valid=0 target=0.000 pid=0.000 pid_base=0.000 buoyancy_pwm=0 mask_valid=1 mask=0 forward_active=0
[CTRL] depth_valid=1 depth=10.880 vz=0.062 az=0.157 target_valid=0 target=0.000 pid=0.000 pid_base=0.000 buoyancy_pwm=0 mask_valid=1 mask=0 forward_active=0
$T,109,2,3,,25,,1594,-826,-1382,1203,0*4B
[CTRL] depth_valid=1 depth=11.025  target_valid=0 target=0.000 pid=0.000 pid_base=0.00mask_valid=1 mask=0 forward_active=0
[CTRL] depth_valid=1 depth=10.998 vz=0.013 az=-0.094 target_valid=0 target=0.000 pid=0.000 pid_base=0.000 buoyancy_pwm=0 mask_valid=1 mask=0 forward_active=0
[CTRL] depth_valid=1 depth=10.959 vz=-0.131 az=-0.197 target_valid=0 target=0.000 pid=0.000 pid_base=0.000 buoyancy_pwm=0 mask_valid=1 mask=0 forward_active=0
[CTRL] depth_valid=1 depth=10.806 vz=-0.419 az=-0.404 target_valid=0 target=0.000 pid=0.000 pid_base=0.000 buoyancy_pwm=0 mask_valid=1 mask=0 forward_active=0
$T,108,-2,-1,,26,,1624,-826,-1412,1203,0*4D
d=1 depth=10.874 vz=-0.052 az=0.034 target_valid=0 target=0.000 pid=0.000 pid_base=0.000 buoyancy_pwm=0 mask_valid=1 mask=0 forward_active=0
[CTRL] depth_valid=1 depth=10.936 vz=0.094 az=0.120 target_valid=0 target=0.000 pid=0.000 pid_base=0.000 buoyancy_pwm=0 mask_valid=1 mask=0 forward_active=0
[CTRL] depth_valid=1 depth=11.004 vz=0.133 az=0.076 target_valid=0 target=0.000 pid=0.000 pid_base=0.000 buoyancy_pwm=0 mask_valid=1 mask=0 forward_active=0
[CTRL] depth_valid=1 depth=10.970 vz=-0.108 az=-0.203 target_valid=0 target=0.000 pid=0.000 pid_base=0.000 buoyancy_pwm=0 mask_valid=1 mask=0 forward_active=0
$T,109,0,-1,,,,1580,-824,-1370,1199,0*6B
[CTRL] depth_valid=1 depth=10.917 vz=-0.197 az=-0.220 target_valid=0 target=0.000 pid=0.000 pid_base=0.000 buoyancy_pwm=0 mask_valid=1 mask=0 forward_active=0
[CTRL] depth_valid=1 depth=10.845 vz=-0.210 az=-0.145 target_valid=0 target=0.000 pid=0.000 pid_base=0.000 buoyancy_pwm=0 mask_valid=1 mask=0 forward_active=0
[CTRL] depth_valid=1 depth=10.912 vz=0.022 az=0.070 target_valid=0 target=0.000 pid=0.000 pid_base=0.000 buoyancy_pwm=0 mask_valid=1 mask=0 forward_active=0
[CTRL] depth_valid=1 depth=11.018 vz=0.157 az=0.112 target_valid=0 target=0.000 pid=0.000 pid_base=0.000 buoyancy_pwm=0 mask_valid=1 mask=0 forward_active=0
$T,110,2,1,,,,1557,-825,-1347,1198,0*42
[CTRL] depth_valid=1 depth=10.977 vz=-0.128 az=-0.238 target_valid=0 target=0.000 pid=0.000 pid_base=0.000 buoyancy_pwm=0 mask_valid=1 mask=0 forward_active=0
[CTRL] depth_valid=1 depth=10.909 vz=-0.209 az=-0.215 target_valid=0 target=0.000 pid=0.000 pid_base=0.000 buoyancy_pwm=0 mask_valid=1 mask=0 forward_active=0
d=1 depth=10.870 vz=-0.136 az=-0.060 target_valid=0 target=0.000 pid=0.000 pid_base=0.000 buoyancy_pwm=0 mask_valid=1 mask=0 forward_active=0
[CTRL] depth_valid=1 depth=10.900 vz=0.035 az=0.108 target_valid=0 target=0.000 pid=0.000 pid_base=0.000 buoyancy_pwm=0 mask_valid=1 mask=0 forward_active=0
$T,109,1,2,,,,1564,-825,-1355,1200,0*4B
[CTRL] depth_valid=1 depth=10.989 vz=0.133 az=0.095 target_valid=0 target=0.000 pid=0.000 pid_base=0.000 buoyancy_pwm=0 mask_valid=1 mask=0 forward_active=0
[CTRL] depth_valid=1 depth=10.947 vz=-0.077 az=-0.144 target_valid=0 target=0.000 pid=0.000 pid_base=0.000 buoyancy_pwm=0 mask_valid=1 mask=0 forward_active=0
[CTRL] depth_valid=1 depth=10.879 vz=-0.226 az=-0.249 target_valid=0 target=0.000 pid=0.000 pid_base=0.000 buoyancy_pwm=0 mask_valid=1 mask=0 forward_active=0
[CTRL] depth_valid=1 depth=10.875 vz=-0.117 az=-0.077 target_valid=0 target=0.000 pid=0.000 pid_base=0.000 buoyancy_pwm=0 mask_valid=1 mask=0 forward_active=0
$T,109,0,0,,,,1594,-824,-1385,1201,0*4A
[CTRL] depth_valid=1 depth=10.897 vz=-0.038 az=-0.018 target_valid=0 target=0.000 pid=0.000 pid_base=0.000 buoyancy_pwm=0 mask_valid=1 mask=0 forward_active=0
[CTRL] depth_valid=1 depth=10.961 vz=0.062 az=0.037 target_valid=0 target=0.000 pid=0.000 pid_base=0.000 buoyancy_pwm=0 mask_valid=1 mask=0 forward_active=0
[CTRL] depth_valid=1 depth=10.945 vz=-0.057 az=-0.107 target_valid=0 target=0.000 pid=0.000 pid_base=0.000 buoyancy_pwm=0 mask_valid=1 mask=0 forward_active=0
[CTRL] depth_valid=1 depth=10.903 vz=-0.174 az=-0.205 target_valid=0 target=0.000 pid=0.000 pid_base=0.000 buoyancy_pwm=0 mask_valid=1 mask=0 forward_active=0
$T,109,-1,0,,,,1603,-823,-1396,1210,0*6E
d=1 depth=10.882 vz=-0.159 az=-0.152 target_valid=0 target=0.000 pid=0.000 pid_base=0.000 buoyancy_pwm=0 mask_valid=1 mask=0 forward_active=0
[CTRL] depth_valid=1 depth=10.921 vz=-0.015 az=0.002 target_valid=0 target=0.000 pid=0.000 pid_base=0.000 buoyancy_pwm=0 mask_valid=1 mask=0 forward_active=0
[CTRL] depth_valid=1 depth=10.902 vz=-0.080 az=-0.084 target_valid=0 target=0.000 pid=0.000 pid_base=0.000 buoyancy_pwm=0 mask_valid=1 mask=0 forward_active=0
[CTRL] depth_valid=1 depth=10.922 vz=-0.002 az=0.005 target_valid=0 target=0.000 pid=0.000 pid_base=0.000 buoyancy_pwm=0 mask_valid=1 mask=0 forward_active=0
$T,109,0,0,,,,1599,-827,-1392,1210,0*42
[CTRL] depth_valid=1 depth=10.942 vz=0.007 az=-0.015 target_valid=0 target=0.000 pid=0.000 pid_base=0.000 buoyancy_pwm=0 mask_valid=1 mask=0 forward_active=0
Target depth set to 10.0 cm
[OK]l10#8[ACK] l10#8

<- Minima: BUOY 
[CTRL] depth_valid=1 depth=10.979 vz=0.069 az=0.045 target_valid=1 target=10.000 pid=-7.998 pid_base=0.230 buoyancy_pwm=80 mask_valid=1 mask=384 forward_active=0
Target depth set to 15.0 cm
[OK]l15#9[ACK] l15#9

<- Minima: IDLE
[CTRL] depth_valid=1 depth=10.963 vz=-0.014 az=-0.046 target_valid=1 target=15.000 pid=19.447 pid_base=0.226 buoyancy_pwm=0 mask_valid=1 mask=0 forward_active=0
Target depth set to 20.0 cm
[OK]l20#10[ACK] l20#10

<- Minima: BUOY 
[CTRL] depth_valid=1 depth=10.955 vz=-0.064 az=-0.094 target_valid=1 target=20.000 pid=87.318 pid_base=0.198 buoyancy_pwm=223 mask_valid=1 mask=0 forward_active=0
$T,109,0,0,,,,1580,-830,-1362,1200,4*46
Target depth set to 25.0 cm
[OK]l25#11[ACK] l25#11

[CTRL] depth_valid=1 depth=10.982 vz=-0.015 az=-0.041 target_valid=1 target=25.000 pid=100.000 pid_base=0.161 buoyancy_pwm=255 mask_valid=1 mask=0 forward_active=0
[CTRL] depth_valid=1 depth=11.091 vz=0.180 az=0.125 target_valid=1 target=25.000 pid=100.000 pid_base=0.164 buoyancy_pwm=255 mask_valid=1 mask=0 forward_active=0
Target depth set to 30.0 cm
[OK]l30#12[ACK] l30#12

[CTRL] depth_valid=1 depth=11.135 vz=0.122 az=0.021 target_valid=1 target=30.000 pid=100.000 pid_base=0.166 buoyancy_pwm=255 mask_valid=1 mask=0 forward_active=0
[OK]hb
[CTRL] depth_valid=1 depth=10.957 vz=-0.349 az=-0.399 target_valid=1 target=30.000 pid=100.000 pid_base=0.160 buoyancy_pwm=255 mask_valid=1 mask=0 forward_active=0
$T,109,-1,-1,,,,-1652,-826,-1701,1208,4*69
[CTRL] depth_valid=1 depth=10.867 vz=-0.390 az=-0.334 target_valid=1 target=30.000 pid=100.000 pid_base=0.158 buoyancy_pwm=255 mask_valid=1 mask=0 forward_active=0
[CTRL] depth_valid=1 depth=10.840 vz=-0.144 az=0.019 target_valid=1 target=30.000 pid=100.000 pid_base=0.157 buoyancy_pwm=255 mask_valid=1 mask=0 forward_active=0
[CTRL] depth_valid=1 depth=10.984 vz=0.205 az=0.259 target_valid=1 target=30.000 pid=100.000 pid_base=0.161 buoyancy_pwm=255 mask_valid=1 mask=0 forward_active=0
[CTRL] depth_valid=1 depth=11.322 vz=0.664 az=0.496 target_valid=1 target=30.000 pid=100.000 pid_base=0.171 buoyancy_pwm=255 mask_valid=1 mask=0 forward_active=0
$T,113,5,3,,,,-1237,-776,1506,1208,4*41
[CTRL] depth_valid=1 depth=11.473 vz=0.440 az=0.091 target_valid=1 target=30.000 pid=100.000 pid_base=0.176 buoyancy_pwm=255 mask_valid=1 mask=0 forward_active=0
[CTRL] depth_valid=1 depth=11.824 vz=0.755 az=0.344 target_valid=1 target=30.000 pid=100.000 pid_base=0.186 buoyancy_pwm=255 mask_valid=1 mask=0 forward_active=0
[CTRL] depth_valid=1 depth=12.457 vz=1.308 az=0.644 target_valid=1 target=30.000 pid=84.430 pid_base=0.161 buoyancy_pwm=215 mask_valid=1 mask=0 forward_active=0
[CTRL] depth_valid=1 depth=13.450 vz=2.048 az=0.943 target_valid=1 target=30.000 pid=20.725 pid_base=0.105 buoyancy_pwm=80 mask_valid=1 mask=0 forward_active=0
$T,138,22,10,,,8,-1178,-731,1461,1204,4*70
[CTRL] depth_valid=1 depth=14.677 vz=2.708 az=1.118 target_valid=1 target=30.000 pid=-6.835 pid_base=0.062 buoyancy_pwm=80 mask_valid=1 mask=384 forward_active=0
[OK]hb
[CTRL] depth_valid=1 depth=16.074 vz=3.081 az=0.964 target_valid=1 target=30.000 pid=-13.878 pid_base=0.029 buoyancy_pwm=80 mask_valid=1 mask=384 forward_active=0
[CTRL] depth_valid=1 depth=17.596 vz=3.171 az=0.545 target_valid=1 target=30.000 pid=-17.658 pid_base=0.009 buoyancy_pwm=0 mask_valid=1 mask=0 forward_active=0
<- Minima: IDLE
[CTRL] depth_valid=1 depth=18.789 vz=2.492 az=-0.306 target_valid=1 target=30.000 pid=-10.472 pid_base=-0.015 buoyancy_pwm=80 mask_valid=1 mask=384 forward_active=0
<- Minima: BUOY 
$T,191,23,-4,,,,-1191,-770,1474,1206,4*56
[CTRL] depth_valid=1 depth=19.695 vz=1.724 az=-0.852 target_valid=1 target=30.000 pid=-1.448 pid_base=-0.042 buoyancy_pwm=0 mask_valid=1 mask=0 forward_active=0
<- Minima: IDLE
[CTRL] depth_valid=1 depth=20.323 vz=1.076 az=-1.016 target_valid=1 target=30.000 pid=39.791 pid_base=-0.073 buoyancy_pwm=101 mask_valid=1 mask=0 forward_active=0
<- Minima: BUOY 
[CTRL] depth_valid=1 depth=21.042 vz=1.089 az=-0.624 target_valid=1 target=30.000 pid=33.479 pid_base=-0.098 buoyancy_pwm=85 mask_valid=1 mask=0 forward_active=0
[CTRL] depth_valid=1 depth=21.889 vz=1.431 az=-0.129 target_valid=1 target=30.000 pid=0.000 pid_base=-0.115 buoyancy_pwm=0 mask_valid=1 mask=0 forward_active=0
<- Minima: IDLE
$T,222,17,1,,,,-1142,-756,1424,1206,0*79
[CTRL] depth_valid=1 depth=22.932 vz=1.941 az=0.300 target_valid=1 target=30.000 pid=-9.021 pid_base=-0.122 buoyancy_pwm=0 mask_valid=1 mask=0 forward_active=0
[CTRL] depth_valid=1 depth=24.170 vz=2.534 az=0.671 target_valid=1 target=30.000 pid=-19.504 pid_base=-0.118 buoyancy_pwm=0 mask_valid=1 mask=0 forward_active=0
[CTRL] depth_valid=1 depth=25.440 vz=2.601 az=0.380 target_valid=1 target=30.000 pid=-23.197 pid_base=-0.107 buoyancy_pwm=80 mask_valid=1 mask=384 forward_active=0
<- Minima: BUOY 
[OK]hb
[CTRL] depth_valid=1 depth=26.497 vz=2.142 az=-0.246 target_valid=1 target=30.000 pid=-19.438 pid_base=-0.095 buoyancy_pwm=80 mask_valid=1 mask=384 forward_active=0
$T,268,21,-1,,,,-1230,-778,1510,1207,4*56
[CTRL] depth_valid=1 depth=27.505 vz=1.922 az=-0.357 target_valid=1 target=30.000 pid=-18.856 pid_base=-0.080 buoyancy_pwm=80 mask_valid=1 mask=384 forward_active=0
[CTRL] depth_valid=1 depth=28.326 vz=1.522 az=-0.571 target_valid=1 target=30.000 pid=-15.486 pid_base=-0.066 buoyancy_pwm=0 mask_valid=1 mask=0 forward_active=0
<- Minima: IDLE
[CTRL] depth_valid=1 depth=29.112 vz=1.412 az=-0.420 target_valid=1 target=30.000 pid=-15.959 pid_base=-0.049 buoyancy_pwm=80 mask_valid=1 mask=384 forward_active=0
<- Minima: BUOY 
[CTRL] depth_valid=1 depth=29.800 vz=1.224 az=-0.446 target_valid=1 target=30.000 pid=-15.230 pid_base=-0.031 buoyancy_pwm=0 mask_valid=1 mask=0 forward_active=0
<- Minima: IDLE
$T,300,12,-3,,,,-1273,-776,1554,1207,0*56
[CTRL] depth_valid=1 depth=30.438 vz=1.126 az=-0.364 target_valid=1 target=30.000 pid=-15.630 pid_base=-0.012 buoyancy_pwm=80 mask_valid=1 mask=384 forward_active=0
<- Minima: BUOY 
[CTRL] depth_valid=1 depth=31.204 vz=1.374 az=-0.041 target_valid=1 target=30.000 pid=-21.065 pid_base=0.015 buoyancy_pwm=0 mask_valid=1 mask=0 forward_active=0
<- Minima: IDLE
[CTRL] depth_valid=1 depth=32.116 vz=1.721 az=0.225 target_valid=1 target=30.000 pid=-28.308 pid_base=0.051 buoyancy_pwm=80 mask_valid=1 mask=384 forward_active=0
<- Minima: BUOY 
[CTRL] depth_valid=1 depth=33.101 vz=1.986 az=0.327 target_valid=1 target=30.000 pid=-34.746 pid_base=0.093 buoyancy_pwm=89 mask_valid=1 mask=384 forward_active=0
$T,334,19,2,,,,-1331,-788,1611,1207,4*76
[CTRL] depth_valid=1 depth=33.906 vz=1.673 az=-0.103 target_valid=1 target=30.000 pid=-33.104 pid_base=0.134 buoyancy_pwm=84 mask_valid=1 mask=384 forward_active=0
[OK]hb
[CTRL] depth_valid=1 depth=34.370 vz=0.839 az=-0.827 target_valid=1 target=30.000 pid=-23.684 pid_base=0.169 buoyancy_pwm=80 mask_valid=1 mask=384 forward_active=0
[CTRL] depth_valid=1 depth=34.365 vz=-0.227 az=-1.402 target_valid=1 target=30.000 pid=-9.940 pid_base=0.191 buoyancy_pwm=80 mask_valid=1 mask=384 forward_active=0
[CTRL] depth_valid=1 depth=33.815 vz=-1.513 az=-1.952 target_valid=1 target=30.000 pid=49.181 pid_base=0.196 buoyancy_pwm=125 mask_valid=1 mask=0 forward_active=0
$T,336,-16,-17,,,,-1403,-815,1684,1202,4*4B
[CTRL] depth_valid=1 depth=32.905 vz=-2.391 az=-1.924 target_valid=1 target=30.000 pid=100.000 pid_base=0.183 buoyancy_pwm=255 mask_valid=1 mask=0 forward_active=0
[CTRL] depth_valid=1 depth=32.067 vz=-2.159 az=-0.887 target_valid=1 target=30.000 pid=100.000 pid_base=0.158 buoyancy_pwm=255 mask_valid=1 mask=0 forward_active=0
[CTRL] depth_valid=1 depth=31.966 vz=-0.409 az=1.037 target_valid=1 target=30.000 pid=0.000 pid_base=0.161 buoyancy_pwm=0 mask_valid=1 mask=0 forward_active=0
<- Minima: IDLE
[CTRL] depth_valid=1 depth=32.894 vz=2.019 az=2.642 target_valid=1 target=30.000 pid=-37.171 pid_base=0.201 buoyancy_pwm=95 mask_valid=1 mask=384 forward_active=0
<- Minima: BUOY 
$T,334,29,31,,,,-1154,-776,1444,1202,4*42
[CTRL] depth_valid=1 depth=34.587 vz=3.857 az=2.966 target_valid=1 target=30.000 pid=-66.580 pid_base=0.269 buoyancy_pwm=170 mask_valid=1 mask=384 forward_active=0
[CTRL] depth_valid=1 depth=35.901 vz=3.301 az=1.139 target_valid=1 target=30.000 pid=-63.260 pid_base=0.335 buoyancy_pwm=161 mask_valid=1 mask=384 forward_active=0
[CTRL] depth_valid=1 depth=36.409 vz=1.327 az=-1.062 target_valid=1 target=30.000 pid=-38.983 pid_base=0.381 buoyancy_pwm=99 mask_valid=1 mask=384 forward_active=0
[OK]hb
[CTRL] depth_valid=1 depth=36.020 vz=-0.927 az=-2.479 target_valid=1 target=30.000 pid=-8.592 pid_base=0.401 buoyancy_pwm=80 mask_valid=1 mask=384 forward_active=0
$T,359,-11,-22,,,,-1287,-812,1583,1202,4*4A
[CTRL] depth_valid=1 depth=35.481 vz=-1.772 az=-2.187 target_valid=1 target=30.000 pid=20.755 pid_base=0.414 buoyancy_pwm=80 mask_valid=1 mask=0 forward_active=0
<- Minima: IDLE
[CTRL] depth_valid=1 depth=34.655 vz=-2.307 az=-1.768 target_valid=1 target=30.000 pid=73.248 pid_base=0.416 buoyancy_pwm=187 mask_valid=1 mask=0 forward_active=0
<- Minima: BUOY 
[CTRL] depth_valid=1 depth=33.597 vz=-2.664 az=-1.379 target_valid=1 target=30.000 pid=100.000 pid_base=0.405 buoyancy_pwm=255 mask_valid=1 mask=0 forward_active=0
[CTRL] depth_valid=1 depth=32.556 vz=-2.412 az=-0.550 target_valid=1 target=30.000 pid=100.000 pid_base=0.374 buoyancy_pwm=255 mask_valid=1 mask=0 forward_active=0
$T,325,-14,4,,,,-1081,-726,1385,1202,4*51
[CTRL] depth_valid=1 depth=32.845 vz=0.282 az=1.934 target_valid=1 target=30.000 pid=-18.192 pid_base=0.393 buoyancy_pwm=0 mask_valid=1 mask=0 forward_active=0
<- Minima: IDLE
[CTRL] depth_valid=1 depth=34.293 vz=3.229 az=3.560 target_valid=1 target=30.000 pid=-61.727 pid_base=0.454 buoyancy_pwm=157 mask_valid=1 mask=384 forward_active=0
<- Minima: BUOY 
[CTRL] depth_valid=1 depth=36.257 vz=4.632 az=3.106 target_valid=1 target=30.000 pid=-86.233 pid_base=0.538 buoyancy_pwm=220 mask_valid=1 mask=384 forward_active=0
[CTRL] depth_valid=1 depth=37.763 vz=3.775 az=0.993 target_valid=1 target=30.000 pid=-79.602 pid_base=0.618 buoyancy_pwm=203 mask_valid=1 mask=384 forward_active=0
$T,380,30,1,,,,-1333,-832,1633,1203,4*79
[CTRL] depth_valid=1 depth=38.499 vz=1.856 az=-1.027 target_valid=1 target=30.000 pid=-56.878 pid_base=0.681 buoyancy_pwm=145 mask_valid=1 mask=384 forward_active=0
[OK]hb
[CTRL] depth_valid=1 depth=38.802 vz=0.443 az=-1.751 target_valid=1 target=30.000 pid=-39.799 pid_base=0.733 buoyancy_pwm=101 mask_valid=1 mask=384 forward_active=0
[CTRL] depth_valid=1 depth=38.842 vz=-0.447 az=-1.828 target_valid=1 target=30.000 pid=-29.045 pid_base=0.779 buoyancy_pwm=80 mask_valid=1 mask=384 forward_active=0
[CTRL] depth_valid=1 depth=38.295 vz=-1.618 az=-2.098 target_valid=1 target=30.000 pid=-12.938 pid_base=0.806 buoyancy_pwm=80 mask_valid=1 mask=384 forward_active=0
$T,379,-19,-21,,,,-1608,-845,-1686,1203,4*68
[CTRL] depth_valid=1 depth=37.068 vz=-3.038 az=-2.464 target_valid=1 target=30.000 pid=50.404 pid_base=0.808 buoyancy_pwm=129 mask_valid=1 mask=0 forward_active=0
<- Minima: IDLE
[CTRL] depth_valid=1 depth=35.257 vz=-4.249 az=-2.456 target_valid=1 target=30.000 pid=100.000 pid_base=0.771 buoyancy_pwm=255 mask_valid=1 mask=0 forward_active=0
<- Minima: BUOY 
[CTRL] depth_valid=1 depth=33.522 vz=-4.083 az=-1.241 target_valid=1 target=30.000 pid=100.000 pid_base=0.719 buoyancy_pwm=255 mask_valid=1 mask=0 forward_active=0
[CTRL] depth_valid=1 depth=32.387 vz=-2.618 az=0.554 target_valid=1 target=30.000 pid=89.428 pid_base=0.685 buoyancy_pwm=228 mask_valid=1 mask=0 forward_active=0
$T,322,-17,13,,,,-1135,-762,1446,1213,4*65
[CTRL] depth_valid=1 depth=32.238 vz=-0.327 az=2.195 target_valid=1 target=30.000 pid=-15.488 pid_base=0.692 buoyancy_pwm=80 mask_valid=1 mask=384 forward_active=0
[CTRL] depth_valid=1 depth=32.881 vz=1.765 az=3.022 target_valid=1 target=30.000 pid=-45.374 pid_base=0.724 buoyancy_pwm=116 mask_valid=1 mask=384 forward_active=0
[CTRL] depth_valid=1 depth=33.727 vz=2.365 az=2.173 target_valid=1 target=30.000 pid=-55.990 pid_base=0.765 buoyancy_pwm=143 mask_valid=1 mask=384 forward_active=0
[OK]hb
[CTRL] depth_valid=1 depth=34.357 vz=1.747 az=0.654 target_valid=1 target=30.000 pid=-49.878 pid_base=0.804 buoyancy_pwm=127 mask_valid=1 mask=384 forward_active=0
$T,344,12,0,,,,-1460,-831,1768,1213,4*7C
[CTRL] depth_valid=1 depth=34.279 vz=0.067 az=-1.057 target_valid=1 target=30.000 pid=-27.772 pid_base=0.824 buoyancy_pwm=80 mask_valid=1 mask=384 forward_active=0
[CTRL] depth_valid=1 depth=33.434 vz=-1.858 az=-2.210 target_valid=1 target=30.000 pid=-0.290 pid_base=0.819 buoyancy_pwm=80 mask_valid=1 mask=384 forward_active=0
[CTRL] depth_valid=1 depth=32.130 vz=-3.239 az=-2.502 target_valid=1 target=30.000 pid=100.000 pid_base=0.794 buoyancy_pwm=255 mask_valid=1 mask=0 forward_active=0
[CTRL] depth_valid=1 depth=30.557 vz=-3.861 az=-2.012 target_valid=1 target=30.000 pid=100.000 pid_base=0.747 buoyancy_pwm=255 mask_valid=1 mask=0 forward_active=0
$T,301,-35,-13,,,,-1261,-789,1565,1202,4*4E
[CTRL] depth_valid=1 depth=29.160 vz=-3.413 az=-0.820 target_valid=1 target=30.000 pid=100.000 pid_base=0.705 buoyancy_pwm=255 mask_valid=1 mask=0 forward_active=0
[CTRL] depth_valid=1 depth=28.418 vz=-1.741 az=0.956 target_valid=1 target=30.000 pid=67.326 pid_base=0.682 buoyancy_pwm=172 mask_valid=1 mask=0 forward_active=0
[CTRL] depth_valid=1 depth=29.026 vz=1.269 az=3.042 target_valid=1 target=30.000 pid=-30.373 pid_base=0.693 buoyancy_pwm=80 mask_valid=1 mask=384 forward_active=0
[CTRL] depth_valid=1 depth=30.201 vz=2.922 az=3.037 target_valid=1 target=30.000 pid=-55.487 pid_base=0.726 buoyancy_pwm=141 mask_valid=1 mask=384 forward_active=0
$T,305,30,27,,,,-1362,-808,1667,1211,4*4F
[CTRL] depth_valid=1 depth=31.096 vz=2.475 az=1.271 target_valid=1 target=30.000 pid=-51.990 pid_base=0.756 buoyancy_pwm=133 mask_valid=1 mask=384 forward_active=0
[OK]hb
[CTRL] depth_valid=1 depth=31.354 vz=0.836 az=-0.710 target_valid=1 target=30.000 pid=-30.971 pid_base=0.770 buoyancy_pwm=80 mask_valid=1 mask=384 forward_active=0
[CTRL] depth_valid=1 depth=30.826 vz=-1.210 az=-2.171 target_valid=1 target=30.000 pid=-2.426 pid_base=0.761 buoyancy_pwm=80 mask_valid=1 mask=384 forward_active=0
[CTRL] depth_valid=1 depth=29.767 vz=-2.661 az=-2.495 target_valid=1 target=30.000 pid=100.000 pid_base=0.731 buoyancy_pwm=255 mask_valid=1 mask=0 forward_active=0
$T,294,-27,-21,,,,-1323,-820,1628,1205,4*47
[CTRL] depth_valid=1 depth=28.489 vz=-3.238 az=-1.947 target_valid=1 target=30.000 pid=100.000 pid_base=0.693 buoyancy_pwm=255 mask_valid=1 mask=0 forward_active=0
[CTRL] depth_valid=1 depth=27.513 vz=-2.569 az=-0.604 target_valid=1 target=30.000 pid=100.000 pid_base=0.663 buoyancy_pwm=255 mask_valid=1 mask=0 forward_active=0
[CTRL] depth_valid=1 depth=27.122 vz=-0.974 az=1.025 target_valid=1 target=30.000 pid=26.483 pid_base=0.645 buoyancy_pwm=80 mask_valid=1 mask=0 forward_active=0
<- Minima: IDLE
[CTRL] depth_valid=1 depth=27.945 vz=1.769 az=2.879 target_valid=1 target=30.000 pid=-34.063 pid_base=0.656 buoyancy_pwm=87 mask_valid=1 mask=384 forward_active=0
<- Minima: BUOY 
$T,284,27,33,,,,-1111,-772,1417,1205,4*40
[CTRL] depth_valid=1 depth=29.424 vz=3.488 az=2.995 target_valid=1 target=30.000 pid=-60.772 pid_base=0.694 buoyancy_pwm=155 mask_valid=1 mask=384 forward_active=0
[CTRL] depth_valid=1 depth=30.435 vz=2.769 az=1.065 target_valid=1 target=30.000 pid=-53.871 pid_base=0.723 buoyancy_pwm=137 mask_valid=1 mask=384 forward_active=0
[CTRL] depth_valid=1 depth=30.736 vz=0.867 az=-1.059 target_valid=1 target=30.000 pid=-29.378 pid_base=0.736 buoyancy_pwm=80 mask_valid=1 mask=384 forward_active=0
[OK]hb
[CTRL] depth_valid=1 depth=30.210 vz=-1.228 az=-2.371 target_valid=1 target=30.000 pid=-0.103 pid_base=0.723 buoyancy_pwm=80 mask_valid=1 mask=384 forward_active=0
<- Minima: IDLE
$T,299,-15,-22,,,,-1235,-809,1547,1203,0*4D
[CTRL] depth_valid=1 depth=29.421 vz=-2.201 az=-2.212 target_valid=1 target=30.000 pid=89.826 pid_base=0.699 buoyancy_pwm=229 mask_valid=1 mask=0 forward_active=0
<- Minima: BUOY 
[CTRL] depth_valid=1 depth=28.361 vz=-2.701 az=-1.702 target_valid=1 target=30.000 pid=100.000 pid_base=0.666 buoyancy_pwm=255 mask_valid=1 mask=0 forward_active=0
[CTRL] depth_valid=1 depth=27.611 vz=-2.069 az=-0.503 target_valid=1 target=30.000 pid=100.000 pid_base=0.644 buoyancy_pwm=255 mask_valid=1 mask=0 forward_active=0
[CTRL] depth_valid=1 depth=27.440 vz=-0.453 az=1.135 target_valid=1 target=30.000 pid=0.000 pid_base=0.630 buoyancy_pwm=0 mask_valid=1 mask=0 forward_active=0
$T,276,4,18,,,,-1124,-716,1440,1203,4*75
[CTRL] depth_valid=1 depth=28.514 vz=2.300 az=2.952 target_valid=1 target=30.000 pid=-42.164 pid_base=0.651 buoyancy_pwm=108 mask_valid=1 mask=384 forward_active=0
[CTRL] depth_valid=1 depth=30.155 vz=3.876 az=2.949 target_valid=1 target=30.000 pid=-67.473 pid_base=0.697 buoyancy_pwm=172 mask_valid=1 mask=384 forward_active=0
[CTRL] depth_valid=1 depth=31.326 vz=3.014 az=0.868 target_valid=1 target=30.000 pid=-59.183 pid_base=0.736 buoyancy_pwm=151 mask_valid=1 mask=384 forward_active=0
[CTRL] depth_valid=1 depth=31.573 vz=0.765 az=-1.431 target_valid=1 target=30.000 pid=-30.029 pid_base=0.750 buoyancy_pwm=80 mask_valid=1 mask=384 forward_active=0
$T,315,1,-17,,,,-1309,-790,1624,1203,4*55
[CTRL] depth_valid=1 depth=31.277 vz=-0.883 az=-2.200 target_valid=1 target=30.000 pid=-7.427 pid_base=0.749 buoyancy_pwm=80 mask_valid=1 mask=384 forward_active=0
[OK]hb
[CTRL] depth_valid=1 depth=30.572 vz=-1.934 az=-2.139 target_valid=1 target=30.000 pid=50.125 pid_base=0.733 buoyancy_pwm=128 mask_valid=1 mask=0 forward_active=0
[CTRL] depth_valid=1 depth=29.629 vz=-2.500 az=-1.750 target_valid=1 target=30.000 pid=100.000 pid_base=0.706 buoyancy_pwm=255 mask_valid=1 mask=0 forward_active=0
[CTRL] depth_valid=1 depth=28.468 vz=-2.760 az=-1.213 target_valid=1 target=30.000 pid=100.000 pid_base=0.671 buoyancy_pwm=255 mask_valid=1 mask=0 forward_active=0
$T,281,-26,-9,,,,-1158,-736,1477,1204,4*77
[CTRL] depth_valid=1 depth=27.608 vz=-2.015 az=-0.030 target_valid=1 target=30.000 pid=100.000 pid_base=0.645 buoyancy_pwm=255 mask_valid=1 mask=0 forward_active=0
[CTRL] depth_valid=1 depth=28.077 vz=0.834 az=2.407 target_valid=1 target=30.000 pid=-21.725 pid_base=0.650 buoyancy_pwm=80 mask_valid=1 mask=384 forward_active=0
[CTRL] depth_valid=1 depth=29.628 vz=3.493 az=3.540 target_valid=1 target=30.000 pid=-61.163 pid_base=0.690 buoyancy_pwm=156 mask_valid=1 mask=384 forward_active=0
[CTRL] depth_valid=1 depth=31.080 vz=3.600 az=1.961 target_valid=1 target=30.000 pid=-66.496 pid_base=0.735 buoyancy_pwm=170 mask_valid=1 mask=384 forward_active=0
$T,313,31,11,,,,-1469,-818,1789,1204,4*44
[CTRL] depth_valid=1 depth=31.694 vz=1.742 az=-0.503 target_valid=1 target=30.000 pid=-43.522 pid_base=0.761 buoyancy_pwm=111 mask_valid=1 mask=384 forward_active=0
[CTRL] depth_valid=1 depth=31.474 vz=-0.482 az=-2.167 target_valid=1 target=30.000 pid=-13.468 pid_base=0.763 buoyancy_pwm=80 mask_valid=1 mask=384 forward_active=0
[CTRL] depth_valid=1 depth=31.114 vz=-1.279 az=-1.933 target_valid=1 target=30.000 pid=-2.039 pid_base=0.759 buoyancy_pwm=80 mask_valid=1 mask=384 forward_active=0
[OK]hb
[CTRL] depth_valid=1 depth=30.348 vz=-2.113 az=-1.883 target_valid=1 target=30.000 pid=66.196 pid_base=0.740 buoyancy_pwm=169 mask_valid=1 mask=0 forward_active=0
$T,299,-23,-18,,,,-1532,-831,-1738,1200,4*6A
[CTRL] depth_valid=1 depth=29.025 vz=-3.162 az=-2.008 target_valid=1 target=30.000 pid=100.000 pid_base=0.701 buoyancy_pwm=255 mask_valid=1 mask=0 forward_active=0
[CTRL] depth_valid=1 depth=27.535 vz=-3.419 az=-1.316 target_valid=1 target=30.000 pid=100.000 pid_base=0.656 buoyancy_pwm=255 mask_valid=1 mask=0 forward_active=0
[CTRL] depth_valid=1 depth=26.843 vz=-1.771 az=0.662 target_valid=1 target=30.000 pid=94.884 pid_base=0.635 buoyancy_pwm=242 mask_valid=1 mask=0 forward_active=0
[CTRL] depth_valid=1 depth=27.648 vz=1.497 az=3.039 target_valid=1 target=30.000 pid=-29.587 pid_base=0.645 buoyancy_pwm=80 mask_valid=1 mask=384 forward_active=0
$T,281,24,35,,,,-1207,-775,1544,1205,4*44
[CTRL] depth_valid=1 depth=29.117 vz=3.473 az=3.285 target_valid=1 target=30.000 pid=-59.668 pid_base=0.681 buoyancy_pwm=152 mask_valid=1 mask=384 forward_active=0
[CTRL] depth_valid=1 depth=30.078 vz=2.722 az=1.177 target_valid=1 target=30.000 pid=-52.167 pid_base=0.707 buoyancy_pwm=133 mask_valid=1 mask=384 forward_active=0
[CTRL] depth_valid=1 depth=30.387 vz=0.996 az=-0.794 target_valid=1 target=30.000 pid=-30.013 pid_base=0.718 buoyancy_pwm=80 mask_valid=1 mask=384 forward_active=0
[CTRL] depth_valid=1 depth=30.240 vz=-0.531 az=-1.810 target_valid=1 target=30.000 pid=-9.303 pid_base=0.716 buoyancy_pwm=80 mask_valid=1 mask=384 forward_active=0
$T,300,-9,-19,,,,-1340,-806,1685,1208,4*77
[CTRL] depth_valid=1 depth=29.689 vz=-1.594 az=-1.981 target_valid=1 target=30.000 pid=37.981 pid_base=0.699 buoyancy_pwm=97 mask_valid=1 mask=0 forward_active=0
<- Minima: IDLE
[OK]hb
[CTRL] depth_valid=1 depth=28.683 vz=-2.511 az=-1.921 target_valid=1 target=30.000 pid=100.000 pid_base=0.667 buoyancy_pwm=255 mask_valid=1 mask=0 forward_active=0
<- Minima: BUOY 
[CTRL] depth_valid=1 depth=27.351 vz=-3.161 az=-1.661 target_valid=1 target=30.000 pid=100.000 pid_base=0.628 buoyancy_pwm=255 mask_valid=1 mask=0 forward_active=0
[CTRL] depth_valid=1 depth=26.485 vz=-2.188 az=-0.120 target_valid=1 target=30.000 pid=100.000 pid_base=0.602 buoyancy_pwm=255 mask_valid=1 mask=0 forward_active=0
$T,264,-14,6,,,,-1103,-714,1464,1208,4*5F
[CTRL] depth_valid=1 depth=26.869 vz=0.653 az=2.350 target_valid=1 target=30.000 pid=-15.808 pid_base=0.602 buoyancy_pwm=80 mask_valid=1 mask=384 forward_active=0
[CTRL] depth_valid=1 depth=28.228 vz=3.087 az=3.302 target_valid=1 target=30.000 pid=-51.600 pid_base=0.630 buoyancy_pwm=132 mask_valid=1 mask=384 forward_active=0
[CTRL] depth_valid=1 depth=29.647 vz=3.552 az=2.199 target_valid=1 target=30.000 pid=-61.466 pid_base=0.666 buoyancy_pwm=157 mask_valid=1 mask=384 forward_active=0
[CTRL] depth_valid=1 depth=30.549 vz=2.400 az=0.267 target_valid=1 target=30.000 pid=-48.512 pid_base=0.694 buoyancy_pwm=124 mask_valid=1 mask=384 forward_active=0
$T,308,20,0,,,,-1243,-801,1607,1206,4*7D
[CTRL] depth_valid=1 depth=30.942 vz=0.883 az=-1.150 target_valid=1 target=30.000 pid=-29.427 pid_base=0.710 buoyancy_pwm=80 mask_valid=1 mask=384 forward_active=0
[CTRL] depth_valid=1 depth=30.890 vz=-0.394 az=-1.762 target_valid=1 target=30.000 pid=-12.369 pid_base=0.713 buoyancy_pwm=80 mask_valid=1 mask=384 forward_active=0
[CTRL] depth_valid=1 depth=30.419 vz=-1.407 az=-1.893 target_valid=1 target=30.000 pid=13.875 pid_base=0.703 buoyancy_pwm=80 mask_valid=1 mask=0 forward_active=0
<- Minima: IDLE
[OK]hb
[CTRL] depth_valid=1 depth=29.290 vz=-2.745 az=-2.241 target_valid=1 target=30.000 pid=100.000 pid_base=0.669 buoyancy_pwm=255 mask_valid=1 mask=0 forward_active=0
<- Minima: BUOY 
$T,291,-21,-13,,,,-1200,-799,1575,1212,4*45
[CTRL] depth_valid=1 depth=28.505 vz=-2.406 az=-1.146 target_valid=1 target=30.000 pid=100.000 pid_base=0.643 buoyancy_pwm=255 mask_valid=1 mask=0 forward_active=0
[CTRL] depth_valid=1 depth=27.790 vz=-1.744 az=-0.087 target_valid=1 target=30.000 pid=83.380 pid_base=0.620 buoyancy_pwm=213 mask_valid=1 mask=0 forward_active=0
[CTRL] depth_valid=1 depth=28.208 vz=0.760 az=2.101 target_valid=1 target=30.000 pid=-20.364 pid_base=0.622 buoyancy_pwm=80 mask_valid=1 mask=384 forward_active=0
[CTRL] depth_valid=1 depth=29.518 vz=3.029 az=3.088 target_valid=1 target=30.000 pid=-53.963 pid_base=0.655 buoyancy_pwm=138 mask_valid=1 mask=384 forward_active=0
$T,300,34,29,,,,-1209,-803,1595,1206,4*4F
[CTRL] depth_valid=1 depth=30.814 vz=3.257 az=1.868 target_valid=1 target=30.000 pid=-60.477 pid_base=0.694 buoyancy_pwm=154 mask_valid=1 mask=384 forward_active=0
[CTRL] depth_valid=1 depth=31.413 vz=1.698 az=-0.282 target_valid=1 target=30.000 pid=-41.415 pid_base=0.718 buoyancy_pwm=106 mask_valid=1 mask=384 forward_active=0
[CTRL] depth_valid=1 depth=31.294 vz=-0.321 az=-1.920 target_valid=1 target=30.000 pid=-14.342 pid_base=0.722 buoyancy_pwm=80 mask_valid=1 mask=384 forward_active=0
[CTRL] depth_valid=1 depth=30.755 vz=-1.581 az=-2.199 target_valid=1 target=30.000 pid=22.626 pid_base=0.711 buoyancy_pwm=80 mask_valid=1 mask=0 forward_active=0
$T,305,-16,-18,,,,-1310,-819,1708,1206,4*4C
[CTRL] depth_valid=1 depth=30.031 vz=-2.114 az=-1.785 target_valid=1 target=30.000 pid=76.512 pid_base=0.692 buoyancy_pwm=195 mask_valid=1 mask=0 forward_active=0
[OK]hb
[CTRL] depth_valid=1 depth=28.934 vz=-2.615 az=-1.433 target_valid=1 target=30.000 pid=100.000 pid_base=0.659 buoyancy_pwm=255 mask_valid=1 mask=0 forward_active=0
[CTRL] depth_valid=1 depth=28.145 vz=-1.902 az=-0.167 target_valid=1 target=30.000 pid=89.690 pid_base=0.635 buoyancy_pwm=229 mask_valid=1 mask=0 forward_active=0
[CTRL] depth_valid=1 depth=28.368 vz=0.407 az=1.924 target_valid=1 target=30.000 pid=-16.221 pid_base=0.633 buoyancy_pwm=80 mask_valid=1 mask=384 forward_active=0
$T,286,11,23,,,,-1127,-732,1543,1201,4*43
[CTRL] depth_valid=1 depth=29.549 vz=2.736 az=3.039 target_valid=1 target=30.000 pid=-50.292 pid_base=0.662 buoyancy_pwm=128 mask_valid=1 mask=384 forward_active=0
[CTRL] depth_valid=1 depth=31.026 vz=3.612 az=2.410 target_valid=1 target=30.000 pid=-65.932 pid_base=0.707 buoyancy_pwm=168 mask_valid=1 mask=384 forward_active=0
[CTRL] depth_valid=1 depth=31.897 vz=2.340 az=0.244 target_valid=1 target=30.000 pid=-51.463 pid_base=0.741 buoyancy_pwm=131 mask_valid=1 mask=384 forward_active=0
[CTRL] depth_valid=1 depth=31.858 vz=0.042 az=-1.826 target_valid=1 target=30.000 pid=-20.933 pid_base=0.750 buoyancy_pwm=80 mask_valid=1 mask=384 forward_active=0
$T,317,-5,-20,,62,,-1269,-790,1694,1206,4*77
[CTRL] depth_valid=1 depth=31.386 vz=-1.345 az=-2.211 target_valid=1 target=30.000 pid=-1.367 pid_base=0.744 buoyancy_pwm=80 mask_valid=1 mask=384 forward_active=0
<- Minima: IDLE
[CTRL] depth_valid=1 depth=30.623 vz=-2.076 az=-1.887 target_valid=1 target=30.000 pid=61.699 pid_base=0.726 buoyancy_pwm=157 mask_valid=1 mask=0 forward_active=0
<- Minima: BUOY 
[CTRL] depth_valid=1 depth=29.543 vz=-2.627 az=-1.544 target_valid=1 target=30.000 pid=100.000 pid_base=0.695 buoyancy_pwm=255 mask_valid=1 mask=0 forward_active=0
[OK]hb
[CTRL] depth_valid=1 depth=28.568 vz=-2.447 az=-0.785 target_valid=1 target=30.000 pid=100.000 pid_base=0.665 buoyancy_pwm=255 mask_valid=1 mask=0 forward_active=0
$T,284,-19,-1,,62,,-1107,-716,1549,1207,4*75
[CTRL] depth_valid=1 depth=28.399 vz=-0.601 az=1.120 target_valid=1 target=30.000 pid=0.000 pid_base=0.655 buoyancy_pwm=0 mask_valid=1 mask=0 forward_active=0
[CTRL] depth_valid=1 depth=29.490 vz=2.371 az=3.166 target_valid=1 target=30.000 pid=-45.733 pid_base=0.681 buoyancy_pwm=117 mask_valid=1 mask=384 forward_active=0
[CTRL] depth_valid=1 depth=31.166 vz=3.963 az=3.058 target_valid=1 target=30.000 pid=-71.454 pid_base=0.733 buoyancy_pwm=182 mask_valid=1 mask=384 forward_active=0
[CTRL] depth_valid=1 depth=32.204 vz=2.821 az=0.724 target_valid=1 target=30.000 pid=-59.186 pid_base=0.772 buoyancy_pwm=151 mask_valid=1 mask=384 forward_active=0
$T,323,21,0,,62,,-1342,-823,1791,1207,4*7E
[CTRL] depth_valid=1 depth=32.409 vz=0.682 az=-1.404 target_valid=1 target=30.000 pid=-31.471 pid_base=0.790 buoyancy_pwm=80 mask_valid=1 mask=384 forward_active=0
[CTRL] depth_valid=1 depth=32.039 vz=-1.012 az=-2.218 target_valid=1 target=30.000 pid=-8.154 pid_base=0.791 buoyancy_pwm=80 mask_valid=1 mask=384 forward_active=0
[CTRL] depth_valid=1 depth=31.581 vz=-1.506 az=-1.705 target_valid=1 target=30.000 pid=-0.559 pid_base=0.786 buoyancy_pwm=0 mask_valid=1 mask=0 forward_active=0
[CTRL] depth_valid=1 depth=30.644 vz=-2.277 az=-1.616 target_valid=1 target=30.000 pid=72.563 pid_base=0.764 buoyancy_pwm=185 mask_valid=1 mask=0 forward_active=0
$T,302,-24,-15,,62,,-1312,-823,1755,1207,4*41
[CTRL] depth_valid=1 depth=29.337 vz=-3.064 az=-1.630 target_valid=1 target=30.000 pid=100.000 pid_base=0.726 buoyancy_pwm=255 mask_valid=1 mask=0 forward_active=0
[CTRL] depth_valid=1 depth=28.225 vz=-2.606 az=-0.504 target_valid=1 target=30.000 pid=100.000 pid_base=0.693 buoyancy_pwm=255 mask_valid=1 mask=0 forward_active=0
[OK]hb
[CTRL] depth_valid=1 depth=28.423 vz=0.179 az=2.084 target_valid=1 target=30.000 pid=-14.621 pid_base=0.693 buoyancy_pwm=80 mask_valid=1 mask=384 forward_active=0
[CTRL] depth_valid=1 depth=29.762 vz=2.999 az=3.503 target_valid=1 target=30.000 pid=-55.682 pid_base=0.728 buoyancy_pwm=142 mask_valid=1 mask=384 forward_active=0
$T,303,36,35,,62,,-1219,-810,1656,1207,4*49
[CTRL] depth_valid=1 depth=31.122 vz=3.400 az=2.196 target_valid=1 target=30.000 pid=-64.695 pid_base=0.770 buoyancy_pwm=165 mask_valid=1 mask=384 forward_active=0
[CTRL] depth_valid=1 depth=31.767 vz=1.840 az=-0.118 target_valid=1 target=30.000 pid=-45.789 pid_base=0.797 buoyancy_pwm=117 mask_valid=1 mask=384 forward_active=0
[CTRL] depth_valid=1 depth=31.642 vz=-0.218 az=-1.825 target_valid=1 target=30.000 pid=-18.218 pid_base=0.803 buoyancy_pwm=80 mask_valid=1 mask=384 forward_active=0
[CTRL] depth_valid=1 depth=31.149 vz=-1.466 az=-2.135 target_valid=1 target=30.000 pid=-0.419 pid_base=0.795 buoyancy_pwm=80 mask_valid=1 mask=384 forward_active=0
<- Minima: IDLE
$T,309,-16,-19,,62,,-1322,-823,1757,1209,0*4C
[CTRL] depth_valid=1 depth=30.362 vz=-2.181 az=-1.878 target_valid=1 target=30.000 pid=66.679 pid_base=0.776 buoyancy_pwm=170 mask_valid=1 mask=0 forward_active=0
<- Minima: BUOY 
[CTRL] depth_valid=1 depth=29.185 vz=-2.840 az=-1.647 target_valid=1 target=30.000 pid=100.000 pid_base=0.741 buoyancy_pwm=255 mask_valid=1 mask=0 forward_active=0
[CTRL] depth_valid=1 depth=28.014 vz=-2.741 az=-0.831 target_valid=1 target=30.000 pid=100.000 pid_base=0.706 buoyancy_pwm=255 mask_valid=1 mask=0 forward_active=0
[OK]hb
[CTRL] depth_valid=1 depth=27.710 vz=-0.841 az=1.169 target_valid=1 target=30.000 pid=2.580 pid_base=0.691 buoyancy_pwm=80 mask_valid=1 mask=0 forward_active=0
<- Minima: IDLE
$T,279,2,20,,61,,-1121,-724,1565,1204,0*71
[CTRL] depth_valid=1 depth=28.737 vz=2.181 az=3.188 target_valid=1 target=30.000 pid=-42.382 pid_base=0.712 buoyancy_pwm=108 mask_valid=1 mask=384 forward_active=0
<- Minima: BUOY 
[CTRL] depth_valid=1 depth=30.412 vz=3.965 az=3.231 target_valid=1 target=30.000 pid=-70.570 pid_base=0.760 buoyancy_pwm=180 mask_valid=1 mask=384 forward_active=0
[CTRL] depth_valid=1 depth=31.853 vz=3.655 az=1.527 target_valid=1 target=30.000 pid=-70.392 pid_base=0.808 buoyancy_pwm=180 mask_valid=1 mask=384 forward_active=0
[CTRL] depth_valid=1 depth=32.808 vz=2.292 az=-0.329 target_valid=1 target=30.000 pid=-55.025 pid_base=0.849 buoyancy_pwm=140 mask_valid=1 mask=384 forward_active=0
$T,331,20,-5,,61,,-1279,-804,1722,1204,4*50
[CTRL] depth_valid=1 depth=33.308 vz=0.869 az=-1.460 target_valid=1 target=30.000 pid=-37.731 pid_base=0.879 buoyancy_pwm=96 mask_valid=1 mask=384 forward_active=0
[CTRL] depth_valid=1 depth=33.261 vz=-0.454 az=-1.976 target_valid=1 target=30.000 pid=-20.340 pid_base=0.894 buoyancy_pwm=80 mask_valid=1 mask=384 forward_active=0
[CTRL] depth_valid=1 depth=32.714 vz=-1.638 az=-2.182 target_valid=1 target=30.000 pid=-3.441 pid_base=0.894 buoyancy_pwm=80 mask_valid=1 mask=384 forward_active=0
[CTRL] depth_valid=1 depth=31.645 vz=-2.723 az=-2.202 target_valid=1 target=30.000 pid=81.725 pid_base=0.873 buoyancy_pwm=208 mask_valid=1 mask=0 forward_active=0
$T,312,-28,-19,,61,,-1271,-816,1722,1203,4*45
[CTRL] depth_valid=1 depth=30.226 vz=-3.451 az=-1.916 target_valid=1 target=30.000 pid=100.000 pid_base=0.833 buoyancy_pwm=255 mask_valid=1 mask=0 forward_active=0
[OK]hb
[CTRL] depth_valid=1 depth=28.935 vz=-3.012 az=-0.671 target_valid=1 target=30.000 pid=100.000 pid_base=0.794 buoyancy_pwm=255 mask_valid=1 mask=0 forward_active=0
[CTRL] depth_valid=1 depth=28.524 vz=-1.046 az=1.299 target_valid=1 target=30.000 pid=0.000 pid_base=0.778 buoyancy_pwm=0 mask_valid=1 mask=0 forward_active=0
[CTRL] depth_valid=1 depth=29.176 vz=1.504 az=2.880 target_valid=1 target=30.000 pid=-35.998 pid_base=0.792 buoyancy_pwm=92 mask_valid=1 mask=384 forward_active=0
$T,295,23,32,,61,,-1125,-773,1586,1203,4*4B
[CTRL] depth_valid=1 depth=30.440 vz=3.108 az=2.929 target_valid=1 target=30.000 pid=-60.719 pid_base=0.828 buoyancy_pwm=155 mask_valid=1 mask=384 forward_active=0
[CTRL] depth_valid=1 depth=31.465 vz=2.721 az=1.279 target_valid=1 target=30.000 pid=-58.404 pid_base=0.864 buoyancy_pwm=149 mask_valid=1 mask=384 forward_active=0
[CTRL] depth_valid=1 depth=31.958 vz=1.292 az=-0.530 target_valid=1 target=30.000 pid=-40.857 pid_base=0.887 buoyancy_pwm=104 mask_valid=1 mask=384 forward_active=0
[CTRL] depth_valid=1 depth=31.867 vz=-0.285 az=-1.651 target_valid=1 target=30.000 pid=-19.811 pid_base=0.894 buoyancy_pwm=80 mask_valid=1 mask=384 forward_active=0
$T,317,-6,-17,,61,,-1300,-814,1768,1203,4*79
[CTRL] depth_valid=1 depth=31.275 vz=-1.588 az=-2.061 target_valid=1 target=30.000 pid=-1.046 pid_base=0.885 buoyancy_pwm=80 mask_valid=1 mask=384 forward_active=0
<- Minima: IDLE
[CTRL] depth_valid=1 depth=30.172 vz=-2.784 az=-2.246 target_valid=1 target=30.000 pid=100.000 pid_base=0.856 buoyancy_pwm=255 mask_valid=1 mask=0 forward_active=0
<- Minima: BUOY 
[CTRL] depth_valid=1 depth=28.728 vz=-3.456 az=-1.858 target_valid=1 target=30.000 pid=100.000 pid_base=0.813 buoyancy_pwm=255 mask_valid=1 mask=0 forward_active=0
[CTRL] depth_valid=1 depth=27.540 vz=-3.130 az=-0.852 target_valid=1 target=30.000 pid=100.000 pid_base=0.777 buoyancy_pwm=255 mask_valid=1 mask=0 forward_active=0
$T,273,-24,0,,60,,-1087,-726,1570,1209,4*53
[OK]hb
[CTRL] depth_valid=1 depth=27.134 vz=-1.164 az=1.173 target_valid=1 target=30.000 pid=26.118 pid_base=0.761 buoyancy_pwm=80 mask_valid=1 mask=0 forward_active=0
[CTRL] depth_valid=1 depth=27.973 vz=1.827 az=3.005 target_valid=1 target=30.000 pid=-37.444 pid_base=0.771 buoyancy_pwm=95 mask_valid=1 mask=384 forward_active=0
[CTRL] depth_valid=1 depth=29.173 vz=3.046 az=2.692 target_valid=1 target=30.000 pid=-56.725 pid_base=0.800 buoyancy_pwm=145 mask_valid=1 mask=384 forward_active=0
[CTRL] depth_valid=1 depth=29.915 vz=2.186 az=0.768 target_valid=1 target=30.000 pid=-47.186 pid_base=0.820 buoyancy_pwm=120 mask_valid=1 mask=384 forward_active=0
$T,300,18,2,,60,,-1305,-820,1793,1209,4*79
[CTRL] depth_valid=1 depth=29.966 vz=0.289 az=-1.240 target_valid=1 target=30.000 pid=-22.036 pid_base=0.821 buoyancy_pwm=80 mask_valid=1 mask=384 forward_active=0
[CTRL] depth_valid=1 depth=29.396 vz=-1.388 az=-2.125 target_valid=1 target=30.000 pid=11.202 pid_base=0.803 buoyancy_pwm=80 mask_valid=1 mask=0 forward_active=0
<- Minima: IDLE
[CTRL] depth_valid=1 depth=28.552 vz=-2.209 az=-1.909 target_valid=1 target=30.000 pid=90.985 pid_base=0.773 buoyancy_pwm=232 mask_valid=1 mask=0 forward_active=0
<- Minima: BUOY 
[CTRL] depth_valid=1 depth=27.544 vz=-2.538 az=-1.395 target_valid=1 target=30.000 pid=100.000 pid_base=0.742 buoyancy_pwm=255 mask_valid=1 mask=0 forward_active=0
$T,273,-22,-8,,60,,-1196,-766,1680,1203,4*73
[CTRL] depth_valid=1 depth=26.806 vz=-1.922 az=-0.313 target_valid=1 target=30.000 pid=96.417 pid_base=0.717 buoyancy_pwm=246 mask_valid=1 mask=0 forward_active=0
[OK]hb
[CTRL] depth_valid=1 depth=26.825 vz=-0.102 az=1.366 target_valid=1 target=30.000 pid=-7.882 pid_base=0.702 buoyancy_pwm=80 mask_valid=1 mask=384 forward_active=0
[CTRL] depth_valid=1 depth=28.067 vz=2.672 az=3.086 target_valid=1 target=30.000 pid=-47.878 pid_base=0.725 buoyancy_pwm=122 mask_valid=1 mask=384 forward_active=0
[CTRL] depth_valid=1 depth=29.641 vz=3.771 az=2.600 target_valid=1 target=30.000 pid=-66.588 pid_base=0.766 buoyancy_pwm=170 mask_valid=1 mask=384 forward_active=0
$T,299,34,18,,60,,-1473,-812,-1674,1203,4*65
[CTRL] depth_valid=1 depth=30.543 vz=2.469 az=0.337 target_valid=1 target=30.000 pid=-51.644 pid_base=0.794 buoyancy_pwm=132 mask_valid=1 mask=384 forward_active=0
[CTRL] depth_valid=1 depth=30.481 vz=-0.007 az=-1.947 target_valid=1 target=30.000 pid=-18.534 pid_base=0.795 buoyancy_pwm=80 mask_valid=1 mask=384 forward_active=0
[CTRL] depth_valid=1 depth=30.028 vz=-1.368 az=-2.269 target_valid=1 target=30.000 pid=0.000 pid_base=0.783 buoyancy_pwm=0 mask_valid=1 mask=0 forward_active=0
<- Minima: IDLE
[CTRL] depth_valid=1 depth=29.403 vz=-1.861 az=-1.742 target_valid=1 target=30.000 pid=54.237 pid_base=0.763 buoyancy_pwm=138 mask_valid=1 mask=0 forward_active=0
<- Minima: BUOY 
$T,291,-19,-15,,61,,-1376,-809,-1796,1207,4*6F
[CTRL] depth_valid=1 depth=28.562 vz=-2.200 az=-1.338 target_valid=1 target=30.000 pid=95.442 pid_base=0.734 buoyancy_pwm=243 mask_valid=1 mask=0 forward_active=0
[CTRL] depth_valid=1 depth=27.728 vz=-2.003 az=-0.583 target_valid=1 target=30.000 pid=93.639 pid_base=0.704 buoyancy_pwm=239 mask_valid=1 mask=0 forward_active=0
[CTRL] depth_valid=1 depth=27.612 vz=-0.384 az=1.079 target_valid=1 target=30.000 pid=-5.404 pid_base=0.689 buoyancy_pwm=80 mask_valid=1 mask=384 forward_active=0
[OK]hb
[CTRL] depth_valid=1 depth=28.762 vz=2.449 az=2.996 target_valid=1 target=30.000 pid=-46.018 pid_base=0.713 buoyancy_pwm=117 mask_valid=1 mask=384 forward_active=0
$T,293,33,33,,61,,-1196,-780,1614,1207,4*45
[CTRL] depth_valid=1 depth=30.427 vz=3.883 az=2.812 target_valid=1 target=30.000 pid=-69.533 pid_base=0.761 buoyancy_pwm=177 mask_valid=1 mask=384 forward_active=0
[CTRL] depth_valid=1 depth=31.359 vz=2.535 az=0.389 target_valid=1 target=30.000 pid=-54.145 pid_base=0.793 buoyancy_pwm=138 mask_valid=1 mask=384 forward_active=0
[CTRL] depth_valid=1 depth=31.391 vz=0.267 az=-1.688 target_valid=1 target=30.000 pid=-24.145 pid_base=0.801 buoyancy_pwm=80 mask_valid=1 mask=384 forward_active=0
[CTRL] depth_valid=1 depth=30.893 vz=-1.324 az=-2.272 target_valid=1 target=30.000 pid=-1.740 pid_base=0.792 buoyancy_pwm=80 mask_valid=1 mask=384 forward_active=0
$T,307,-14,-19,,61,,-1251,-798,1666,1204,4*43
[CTRL] depth_valid=1 depth=30.274 vz=-1.891 az=-1.834 target_valid=1 target=30.000 pid=44.353 pid_base=0.777 buoyancy_pwm=113 mask_valid=1 mask=0 forward_active=0
[CTRL] depth_valid=1 depth=29.457 vz=-2.174 az=-1.331 target_valid=1 target=30.000 pid=80.086 pid_base=0.753 buoyancy_pwm=204 mask_valid=1 mask=0 forward_active=0
[CTRL] depth_valid=1 depth=28.440 vz=-2.437 az=-1.028 target_valid=1 target=30.000 pid=100.000 pid_base=0.719 buoyancy_pwm=255 mask_valid=1 mask=0 forward_active=0
[CTRL] depth_valid=1 depth=27.958 vz=-1.264 az=0.412 target_valid=1 target=30.000 pid=32.615 pid_base=0.698 buoyancy_pwm=83 mask_valid=1 mask=0 forward_active=0
$T,280,-3,12,,61,,-1109,-709,1522,1204,4*58
[CTRL] depth_valid=1 depth=28.870 vz=1.832 az=2.865 target_valid=1 target=30.000 pid=-38.084 pid_base=0.716 buoyancy_pwm=97 mask_valid=1 mask=384 forward_active=0
[OK]hb
[CTRL] depth_valid=1 depth=30.600 vz=3.910 az=3.251 target_valid=1 target=30.000 pid=-70.358 pid_base=0.766 buoyancy_pwm=179 mask_valid=1 mask=384 forward_active=0
[CTRL] depth_valid=1 depth=32.113 vz=3.653 az=1.486 target_valid=1 target=30.000 pid=-71.121 pid_base=0.819 buoyancy_pwm=181 mask_valid=1 mask=384 forward_active=0
[CTRL] depth_valid=1 depth=32.786 vz=1.797 az=-0.735 target_valid=1 target=30.000 pid=-48.450 pid_base=0.851 buoyancy_pwm=124 mask_valid=1 mask=384 forward_active=0
$T,329,12,-11,,,,-1229,-796,1644,1205,4*6B
[CTRL] depth_valid=1 depth=32.953 vz=0.174 az=-1.816 target_valid=1 target=30.000 pid=-27.574 pid_base=0.871 buoyancy_pwm=80 mask_valid=1 mask=384 forward_active=0
[CTRL] depth_valid=1 depth=32.876 vz=-0.604 az=-1.700 target_valid=1 target=30.000 pid=-17.320 pid_base=0.883 buoyancy_pwm=80 mask_valid=1 mask=384 forward_active=0
[CTRL] depth_valid=1 depth=32.379 vz=-1.511 az=-1.807 target_valid=1 target=30.000 pid=-4.213 pid_base=0.882 buoyancy_pwm=80 mask_valid=1 mask=384 forward_active=0
<- Minima: IDLE
[CTRL] depth_valid=1 depth=31.137 vz=-2.961 az=-2.303 target_valid=1 target=30.000 pid=100.000 pid_base=0.854 buoyancy_pwm=255 mask_valid=1 mask=0 forward_active=0
$T,305,-34,-23,,60,,-1187,-814,1600,1204,0*4C
<- Minima: BUOY 
[CTRL] depth_valid=1 depth=29.487 vz=-3.850 az=-2.062 target_valid=1 target=30.000 pid=100.000 pid_base=0.805 buoyancy_pwm=255 mask_valid=1 mask=0 forward_active=0
[CTRL] depth_valid=1 depth=28.170 vz=-3.111 az=-0.492 target_valid=1 target=30.000 pid=100.000 pid_base=0.765 buoyancy_pwm=255 mask_valid=1 mask=0 forward_active=0
[CTRL] depth_valid=1 depth=27.862 vz=-0.851 az=1.624 target_valid=1 target=30.000 pid=0.000 pid_base=0.751 buoyancy_pwm=0 mask_valid=1 mask=0 forward_active=0
[CTRL] depth_valid=1 depth=28.655 vz=1.774 az=3.062 target_valid=1 target=30.000 pid=-37.978 pid_base=0.765 buoyancy_pwm=97 mask_valid=1 mask=384 forward_active=0
$T,290,23,31,,60,,-1077,-783,1498,1206,4*4E
[OK]hb
[CTRL] depth_valid=1 depth=29.684 vz=2.647 az=2.369 target_valid=1 target=30.000 pid=-52.267 pid_base=0.792 buoyancy_pwm=133 mask_valid=1 mask=384 forward_active=0
[CTRL] depth_valid=1 depth=30.255 vz=1.754 az=0.566 target_valid=1 target=30.000 pid=-41.872 pid_base=0.809 buoyancy_pwm=107 mask_valid=1 mask=384 forward_active=0
[CTRL] depth_valid=1 depth=30.352 vz=0.333 az=-0.925 target_valid=1 target=30.000 pid=-23.225 pid_base=0.814 buoyancy_pwm=80 mask_valid=1 mask=384 forward_active=0
[CTRL] depth_valid=1 depth=29.709 vz=-1.470 az=-2.068 target_valid=1 target=30.000 pid=15.071 pid_base=0.795 buoyancy_pwm=80 mask_valid=1 mask=0 forward_active=0
$T,294,-18,-20,,60,,-1220,-814,1637,1205,4*47
<- Minima: IDLE
[CTRL] depth_valid=1 depth=28.757 vz=-2.421 az=-2.001 target_valid=1 target=30.000 pid=100.000 pid_base=0.763 buoyancy_pwm=255 mask_valid=1 mask=0 forward_active=0
<- Minima: BUOY 
[CTRL] depth_valid=1 depth=27.541 vz=-2.927 az=-1.565 target_valid=1 target=30.000 pid=100.000 pid_base=0.727 buoyancy_pwm=255 mask_valid=1 mask=0 forward_active=0
[CTRL] depth_valid=1 depth=26.690 vz=-2.166 az=-0.266 target_valid=1 target=30.000 pid=100.000 pid_base=0.701 buoyancy_pwm=255 mask_valid=1 mask=0 forward_active=0
[CTRL] depth_valid=1 depth=26.670 vz=-0.164 az=1.558 target_valid=1 target=30.000 pid=-6.462 pid_base=0.689 buoyancy_pwm=80 mask_valid=1 mask=384 forward_active=0
$T,269,7,22,,61,,-1129,-728,1555,1204,4*74
[CTRL] depth_valid=1 depth=27.788 vz=2.454 az=3.045 target_valid=1 target=30.000 pid=-44.038 pid_base=0.708 buoyancy_pwm=112 mask_valid=1 mask=384 forward_active=0
[CTRL] depth_valid=1 depth=29.195 vz=3.402 az=2.434 target_valid=1 target=30.000 pid=-60.258 pid_base=0.743 buoyancy_pwm=154 mask_valid=1 mask=384 forward_active=0
[OK]hb
[CTRL] depth_valid=1 depth=30.059 vz=2.325 az=0.427 target_valid=1 target=30.000 pid=-48.153 pid_base=0.767 buoyancy_pwm=123 mask_valid=1 mask=384 forward_active=0
[CTRL] depth_valid=1 depth=30.073 vz=0.226 az=-1.530 target_valid=1 target=30.000 pid=-20.214 pid_base=0.768 buoyancy_pwm=80 mask_valid=1 mask=384 forward_active=0
$T,299,-3,-18,,60,,-1290,-790,1718,1204,4*7E
[CTRL] depth_valid=1 depth=29.564 vz=-1.354 az=-2.213 target_valid=1 target=30.000 pid=13.307 pid_base=0.752 buoyancy_pwm=80 mask_valid=1 mask=0 forward_active=0
<- Minima: IDLE
[CTRL] depth_valid=1 depth=28.756 vz=-2.137 az=-1.911 target_valid=1 target=30.000 pid=89.380 pid_base=0.724 buoyancy_pwm=228 mask_valid=1 mask=0 forward_active=0
<- Minima: BUOY 
[CTRL] depth_valid=1 depth=27.827 vz=-2.390 az=-1.334 target_valid=1 target=30.000 pid=100.000 pid_base=0.691 buoyancy_pwm=255 mask_valid=1 mask=0 forward_active=0
[CTRL] depth_valid=1 depth=27.062 vz=-1.908 az=-0.365 target_valid=1 target=30.000 pid=98.819 pid_base=0.668 buoyancy_pwm=252 mask_valid=1 mask=0 forward_active=0
$T,269,-14,1,,,,-1118,-716,1550,1208,4*5B
[CTRL] depth_valid=1 depth=27.079 vz=-0.077 az=1.375 target_valid=1 target=30.000 pid=-7.662 pid_base=0.654 buoyancy_pwm=0 mask_valid=1 mask=0 forward_active=0
<- Minima: IDLE
[CTRL] depth_valid=1 depth=28.376 vz=2.846 az=3.260 target_valid=1 target=30.000 pid=-49.817 pid_base=0.680 buoyancy_pwm=127 mask_valid=1 mask=384 forward_active=0
<- Minima: BUOY 
[CTRL] depth_valid=1 depth=30.357 vz=4.595 az=3.245 target_valid=1 target=30.000 pid=-78.335 pid_base=0.736 buoyancy_pwm=200 mask_valid=1 mask=384 forward_active=0
[CTRL] depth_valid=1 depth=31.981 vz=4.011 az=1.290 target_valid=1 target=30.000 pid=-75.002 pid_base=0.790 buoyancy_pwm=191 mask_valid=1 mask=384 forward_active=0
$T,324,36,7,,60,,-1289,-808,1718,1208,4*7B
[OK]hb
[CTRL] depth_valid=1 depth=33.069 vz=2.522 az=-0.555 target_valid=1 target=30.000 pid=-58.330 pid_base=0.835 buoyancy_pwm=149 mask_valid=1 mask=384 forward_active=0
[CTRL] depth_valid=1 depth=33.505 vz=0.855 az=-1.694 target_valid=1 target=30.000 pid=-37.621 pid_base=0.865 buoyancy_pwm=96 mask_valid=1 mask=384 forward_active=0
[CTRL] depth_valid=1 depth=33.668 vz=-0.084 az=-1.765 target_valid=1 target=30.000 pid=-25.946 pid_base=0.888 buoyancy_pwm=80 mask_valid=1 mask=384 forward_active=0
[CTRL] depth_valid=1 depth=33.386 vz=-1.022 az=-1.825 target_valid=1 target=30.000 pid=-13.081 pid_base=0.897 buoyancy_pwm=80 mask_valid=1 mask=384 forward_active=0
$T,332,-12,-17,,60,,-1415,-825,-1756,1204,4*6C
[CTRL] depth_valid=1 depth=32.498 vz=-2.324 az=-2.227 target_valid=1 target=30.000 pid=37.810 pid_base=0.886 buoyancy_pwm=96 mask_valid=1 mask=0 forward_active=0
[CTRL] depth_valid=1 depth=30.984 vz=-3.614 az=-2.402 target_valid=1 target=30.000 pid=100.000 pid_base=0.848 buoyancy_pwm=255 mask_valid=1 mask=0 forward_active=0
[CTRL] depth_valid=1 depth=29.624 vz=-3.308 az=-1.080 target_valid=1 target=30.000 pid=100.000 pid_base=0.807 buoyancy_pwm=255 mask_valid=1 mask=0 forward_active=0
[CTRL] depth_valid=1 depth=28.972 vz=-1.644 az=0.798 target_valid=1 target=30.000 pid=39.139 pid_base=0.785 buoyancy_pwm=100 mask_valid=1 mask=0 forward_active=0
$T,290,-6,16,,60,,-1125,-738,1559,1210,4*5C
[CTRL] depth_valid=1 depth=29.351 vz=0.761 az=2.420 target_valid=1 target=30.000 pid=-26.447 pid_base=0.792 buoyancy_pwm=0 mask_valid=1 mask=0 forward_active=0
vz=2.518 az=2.783 target_valid=1 target=30.000 pid=-52.624 pid_base=0.822 buoyancy_pwm=134 mask_valid=1 mask=384 forward_active=0
[CTRL] depth_valid=1 depth=31.728 vz=3.228 az=2.096 target_valid=1 target=30.000 pid=-65.772 pid_base=0.867 buoyancy_pwm=168 mask_valid=1 mask=384 forward_active=0
[CTRL] depth_valid=1 depth=32.735 vz=2.525 az=0.556 target_valid=1 target=30.000 pid=-59.335 pid_base=0.909 buoyancy_pwm=151 mask_valid=1 mask=384 forward_active=0
$T,329,22,1,,60,,-1285,-819,1713,1203,4*79
[CTRL] depth_valid=1 depth=33.234 vz=1.113 az=-0.945 target_valid=1 target=30.000 pid=-42.164 pid_base=0.939 buoyancy_pwm=108 mask_valid=1 mask=384 forward_active=0
[CTRL] depth_valid=1 depth=33.014 vz=-0.611 az=-1.996 target_valid=1 target=30.000 pid=-18.948 pid_base=0.948 buoyancy_pwm=80 mask_valid=1 mask=384 forward_active=0
[CTRL] depth_valid=1 depth=32.342 vz=-1.851 az=-2.212 target_valid=1 target=30.000 pid=-0.939 pid_base=0.942 buoyancy_pwm=80 mask_valid=1 mask=384 forward_active=0
<- Minima: IDLE
[CTRL] depth_valid=1 depth=31.188 vz=-2.913 az=-2.208 target_valid=1 target=30.000 pid=96.532 pid_base=0.917 buoyancy_pwm=246 mask_valid=1 mask=0 forward_active=0
$T,308,-29,-18,,60,,-1247,-825,1670,1211,0*4B
<- Minima: BUOY 
[CTRL] depth_valid=1 depth=29.825 vz=-3.367 az=-1.699 target_valid=1 target=30.000 pid=100.000 pid_base=0.877 buoyancy_pwm=255 mask_valid=1 mask=0 forward_active=0
[CTRL] depth_valid=1 depth=28.477 vz=-3.125 az=-0.748 target_valid=1 target=30.000 pid=100.000 pid_base=0.837 buoyancy_pwm=255 mask_valid=1 mask=0 forward_active=0
[CTRL] depth_valid=1 depth=28.132 vz=-1.014 az=1.335 target_valid=1 target=30.000 pid=0.000 pid_base=0.820 buoyancy_pwm=0 mask_valid=1 mask=0 forward_active=0
vz=1.705 az=3.026 target_valid=1 target=30.000 pid=-39.068 pid_base=0.835 buoyancy_pwm=100 mask_valid=1 mask=384 forward_active=0
$T,293,25,33,,59,,-1105,-784,1539,1211,4*4C
[CTRL] depth_valid=1 depth=30.217 vz=3.234 az=2.925 target_valid=1 target=30.000 pid=-62.937 pid_base=0.872 buoyancy_pwm=160 mask_valid=1 mask=384 forward_active=0
[CTRL] depth_valid=1 depth=30.886 vz=2.143 az=0.746 target_valid=1 target=30.000 pid=-50.230 pid_base=0.895 buoyancy_pwm=128 mask_valid=1 mask=384 forward_active=0
[CTRL] depth_valid=1 depth=30.851 vz=0.171 az=-1.268 target_valid=1 target=30.000 pid=-23.942 pid_base=0.898 buoyancy_pwm=80 mask_valid=1 mask=384 forward_active=0
[CTRL] depth_valid=1 depth=30.212 vz=-1.539 az=-2.170 target_valid=1 target=30.000 pid=0.000 pid_base=0.882 buoyancy_pwm=0 mask_valid=1 mask=0 forward_active=0
$T,299,-18,-21,,59,,-1235,-810,1667,1206,4*47
[CTRL] depth_valid=1 depth=29.309 vz=-2.343 az=-1.925 target_valid=1 target=30.000 pid=81.807 pid_base=0.855 buoyancy_pwm=209 mask_valid=1 mask=0 forward_active=0
[CTRL] depth_valid=1 depth=28.133 vz=-2.839 az=-1.524 target_valid=1 target=30.000 pid=100.000 pid_base=0.818 buoyancy_pwm=255 mask_valid=1 mask=0 forward_active=0
[CTRL] depth_valid=1 depth=27.256 vz=-2.260 az=-0.436 target_valid=1 target=30.000 pid=100.000 pid_base=0.792 buoyancy_pwm=255 mask_valid=1 mask=0 forward_active=0
[CTRL] depth_valid=1 depth=27.151 vz=-0.386 az=1.344 target_valid=1 target=30.000 pid=-6.415 pid_base=0.777 buoyancy_pwm=80 mask_valid=1 mask=384 forward_active=0
$T,273,5,20,,59,,-1130,-722,1573,1211,4*76
<- Minima: IDLE
[CTRL] depth_valid=1 depth=28.188 vz=2.282 az=2.991 target_valid=1 target=30.000 pid=-44.474 pid_base=0.795 buoyancy_pwm=113 mask_valid=1 mask=384 forward_active=0
<- Minima: BUOY 
[OK]hb
[CTRL] depth_valid=1 depth=29.714 vz=3.659 az=2.795 target_valid=1 target=30.000 pid=-66.776 pid_base=0.835 buoyancy_pwm=170 mask_valid=1 mask=384 forward_active=0
[CTRL] depth_valid=1 depth=30.776 vz=2.868 az=0.917 target_valid=1 target=30.000 pid=-59.087 pid_base=0.868 buoyancy_pwm=151 mask_valid=1 mask=384 forward_active=0
[CTRL] depth_valid=1 depth=31.061 vz=0.884 az=-1.161 target_valid=1 target=30.000 pid=-33.498 pid_base=0.882 buoyancy_pwm=85 mask_valid=1 mask=384 forward_active=0
$T,311,4,-13,,59,,-1303,-789,1743,1211,4*5D
[CTRL] depth_valid=1 depth=30.850 vz=-0.727 az=-2.071 target_valid=1 target=30.000 pid=-11.573 pid_base=0.881 buoyancy_pwm=80 mask_valid=1 mask=384 forward_active=0
[CTRL] depth_valid=1 depth=30.337 vz=-1.582 az=-1.937 target_valid=1 target=30.000 pid=6.710 pid_base=0.869 buoyancy_pwm=80 mask_valid=1 mask=0 forward_active=0
[CTRL] depth_valid=1 depth=29.312 vz=-2.597 az=-2.016 target_valid=1 target=30.000 pid=100.000 pid_base=0.838 buoyancy_pwm=255 mask_valid=1 mask=0 forward_active=0
[CTRL] depth_valid=1 depth=27.900 vz=-3.460 az=-1.976 target_valid=1 target=30.000 pid=100.000 pid_base=0.795 buoyancy_pwm=255 mask_valid=1 mask=0 forward_active=0
$T,274,-33,-15,,59,,-1198,-745,1638,1202,4*4F
[CTRL] depth_valid=1 depth=26.706 vz=-2.922 az=-0.676 target_valid=1 target=30.000 pid=100.000 pid_base=0.760 buoyancy_pwm=255 mask_valid=1 mask=0 forward_active=0
[CTRL] depth_valid=1 depth=26.606 vz=-0.479 az=1.659 target_valid=1 target=30.000 pid=0.000 pid_base=0.748 buoyancy_pwm=0 mask_valid=1 mask=0 forward_active=0
[CTRL] depth_valid=1 depth=27.644 vz=2.274 az=3.197 target_valid=1 target=30.000 pid=-42.591 pid_base=0.764 buoyancy_pwm=109 mask_valid=1 mask=384 forward_active=0
[CTRL] depth_valid=1 depth=28.939 vz=3.206 az=2.495 target_valid=1 target=30.000 pid=-58.274 pid_base=0.794 buoyancy_pwm=149 mask_valid=1 mask=384 forward_active=0
$T,292,31,20,,59,,-1342,-789,1777,1201,4*4F
[OK]hb
EMERGENCY STOP: global pressure balance started (5s), commands locked.
[OK]s#13[ACK] s#13

[CTRL] depth_valid=1 depth=29.783 vz=2.295 az=0.591 target_valid=0 target=0.000 pid=0.000 pid_base=0.000 buoyancy_pwm=0 mask_valid=1 mask=256 forward_active=0
<- Minima: FWD TURN BUOY 
[CTRL] depth_valid=1 depth=30.238 vz=1.037 az=-0.779 target_valid=0 target=0.000 pid=0.000 pid_base=0.000 buoyancy_pwm=0 mask_valid=1 mask=130 forward_active=0
[CTRL] depth_valid=1 depth=30.482 vz=0.318 az=-1.050 target_valid=0 target=0.000 pid=0.000 pid_base=0.000 buoyancy_pwm=0 mask_valid=1 mask=260 forward_active=0
[CTRL] depth_valid=1 depth=31.159 vz=1.011 az=-0.040 target_valid=0 target=0.000 pid=0.000 pid_base=0.000 buoyancy_pwm=0 mask_valid=1 mask=130 forward_active=0
$T,315,15,4,,59,,-1221,-775,1645,1206,7*72
[CTRL] depth_valid=1 depth=32.200 vz=1.948 az=0.713 target_valid=0 target=0.000 pid=0.000 pid_base=0.000 buoyancy_pwm=0 mask_valid=1 mask=260 forward_active=0
[CTRL] depth_valid=1 depth=33.296 vz=2.294 az=0.655 target_valid=0 target=0.000 pid=0.000 pid_base=0.000 buoyancy_pwm=0 mask_valid=1 mask=130 forward_active=0
[CTRL] depth_valid=1 depth=34.310 vz=2.139 az=0.201 target_valid=0 target=0.000 pid=0.000 pid_base=0.000 buoyancy_pwm=0 mask_valid=1 mask=260 forward_active=0
[CTRL] depth_valid=1 depth=35.566 vz=2.536 az=0.444 target_valid=0 target=0.000 pid=0.000 pid_base=0.000 buoyancy_pwm=0 mask_valid=1 mask=130 forward_active=0
$T,361,29,7,,57,,-1194,-774,1614,1209,7*74
[CTRL] depth_valid=1 depth=37.262 vz=3.435 az=0.987 target_valid=0 target=0.000 pid=0.000 pid_base=0.000 buoyancy_pwm=0 mask_valid=1 mask=260 forward_active=0
[Cvz=4.063 az=1 target_valid=0 target=0.000 pid=0.000 pid_base=0.000 buoyancy_pwm=0 mask_valid=1 mask=130 forward_active=0
Global balance complete. System ready.
[CTRL] depth_valid=1 depth=41.347 vz=4.442 az=0.872 target_valid=0 target=0.000 pid=0.000 pid_base=0.000 buoyancy_pwm=0 mask_valid=1 mask=4 forward_active=0
<- Minima: IDLE
[CTRL] depth_valid=1 depth=43.642 vz=4.808 az=0.809 target_valid=0 target=0.000 pid=0.000 pid_base=0.000 buoyancy_pwm=0 mask_valid=1 mask=0 forward_active=0
$T,445,51,10,,57,,-1186,-775,1600,1202,0*47
[CTRL] depth_valid=1 depth=46.462 vz=5.776 az=1.255 target_valid=0 target=0.000 pid=0.000 pid_base=0.000 buoyancy_pwm=0 mask_valid=1 mask=0 forward_active=0
Ascending...
[OK]k#14[ACK] k#14

[CTRL] depth_valid=1 depth=49.753 vz=6.844 az=1.605 target_valid=0 target=0.000 pid=-100.000 pid_base=0.000 buoyancy_pwm=255 mask_valid=1 mask=384 forward_active=0
<- Minima: BUOY 
[CTRL] depth_valid=1 depth=53.300 vz=7.460 az=1.420 target_valid=0 target=0.000 pid=-100.000 pid_base=0.000 buoyancy_pwm=255 mask_valid=1 mask=384 forward_active=0
[CTRL] depth_valid=1 depth=56.754 vz=7.309 az=0.696 target_valid=0 target=0.000 pid=-100.000 pid_base=0.000 buoyancy_pwm=255 mask_valid=1 mask=384 forward_active=0
$T,579,72,5,,57,,-1349,-822,1768,1206,4*7F
[CTRL] depth_valid=1 depth=60.071 vz=6.803 az=-0.053 target_valid=0 target=0.000 pid=-100.000 pid_base=0.000 buoyancy_pwm=255 mask_valid=1 mask=384 forward_active=0
[CTRL] depth_valid=1 depth=62.849 vz=5.529 az=-1.152 target_valid=0 target=0.000 pid=-100.000 pid_base=0.000 buoyancy_pwm=255 mask_valid=1 mask=384 forward_active=0
[CTRL] depth_valid=1 depth=65.548 vz=5.002 az=-1.175 target_valid=0 target=0.000 pid=-100.000 pid_base=0.000 buoyancy_pwm=255 mask_valid=1 mask=384 forward_active=0
[CTRL] depth_valid=1 depth=68.069 vz=4.697 az=-0.944 target_valid=0 target=0.000 pid=-100.000 pid_base=0.000 buoyancy_pwm=255 mask_valid=1 mask=384 forward_active=0
[OK]hb
$T,689,47,-7,,58,,-1474,-830,-1684,1207,4*70
[CTRL] depth_valid=1 depth=70.549 vz=4.627 az=-0.665 target_valid=0 target=0.000 pid=-100.000 pid_base=0.000 buoyancy_pwm=255 mask_valid=1 mask=384 forward_active=0
[CTRL] depth_valid=1 depth=73.056 vz=4.694 az=-0.425 target_valid=0 target=0.000 pid=-100.000 pid_base=0.000 buoyancy_pwm=255 mask_valid=1 mask=384 forward_active=0
[CTRL] depth_valid=1 depth=75.511 vz=4.711 az=-0.289 target_valid=0 target=0.000 pid=-100.000 pid_base=0.000 buoyancy_pwm=255 mask_valid=1 mask=384 forward_active=0
[CTRL] depth_valid=1 depth=77.996 vz=4.845 az=-0.082 target_valid=0 target=0.000 pid=-100.000 pid_base=0.000 buoyancy_pwm=255 mask_valid=1 mask=384 forward_active=0
$T,784,40,-9,,59,,-1615,-840,-1541,1212,4*78
[CTRL] depth_valid=1 depth=78.387 vz=0.578 az=-3.889 target_valid=0 target=0.000 pid=-100.000 pid_base=0.000 buoyancy_pwm=255 mask_valid=1 mask=384 forward_active=0
[CTRL] depth_valid=1 depth=76.213 vz=-4.813 az=-6.562 target_valid=0 target=0.000 pid=-100.000 pid_base=0.000 buoyancy_pwm=255 mask_valid=1 mask=384 forward_active=0
[CTRL] depth_valid=1 depth=75.007 vz=-4.185 az=-3.242 target_valid=0 target=0.000 pid=-100.000 pid_base=0.000 buoyancy_pwm=255 mask_valid=1 mask=384 forward_active=0
[CTRL] depth_valid=1 depth=74.581 vz=-2.024 az=-0.181 target_valid=0 target=0.000 pid=-100.000 pid_base=0.000 buoyancy_pwm=255 mask_valid=1 mask=384 forward_active=0
$T,745,-13,5,,59,,1508,-836,-1061,1212,4*5B
[CTRL] depth_valid=1 depth=74.332 vz=-0.686 az=0.968 target_valid=0 target=0.000 pid=-100.000 pid_base=0.000 buoyancy_pwm=255 mask_valid=1 mask=384 forward_active=0
[CTRL] depth_valid=1 depth=74.095 vz=-0.156 az=1.046 target_valid=0 target=0.000 pid=-100.000 pid_base=0.000 buoyancy_pwm=255 mask_valid=1 mask=384 forward_active=0
[OK]hb
[CTRL] depth_valid=1 depth=74.083 vz=0.148 az=0.800 target_valid=0 target=0.000 pid=-100.000 pid_base=0.000 buoyancy_pwm=255 mask_valid=1 mask=384 forward_active=0
[CTRL] depth_valid=1 depth=74.385 vz=0.665 az=0.813 target_valid=0 target=0.000 pid=-100.000 pid_base=0.000 buoyancy_pwm=255 mask_valid=1 mask=384 forward_active=0
$T,744,6,7,12,58,227,1322,-815,-860,1204,4*44
[CTRL] depth_valid=1 depth=74.557 vz=0.554 az=0.362 target_valid=0 target=0.000 pid=-100.000 pid_base=0.000 buoyancy_pwm=255 mask_valid=1 mask=384 forward_active=0
[CTRL] depth_valid=1 depth=74.557 vz=0.097 az=-0.194 target_valid=0 target=0.000 pid=-100.000 pid_base=0.000 buoyancy_pwm=255 mask_valid=1 mask=384 forward_active=0
[CTRL] depth_valid=1 depth=74.679 vz=0.054 az=-0.241 target_valid=0 target=0.000 pid=-100.000 pid_base=0.000 buoyancy_pwm=255 mask_valid=1 mask=384 forward_active=0
[CTRL] depth_valid=1 depth=74.790 vz=0.116 az=-0.114 target_valid=0 target=0.000 pid=-100.000 pid_base=0.000 buoyancy_pwm=255 mask_valid=1 mask=384 forward_active=0
$T,747,0,-2,7,56,228,1210,-795,-694,1207,4*5D
[CTRL] depth_valid=1 depth=74.663 vz=-0.336 az=-0.497 target_valid=0 target=0.000 pid=-100.000 pid_base=0.000 buoyancy_pwm=255 mask_valid=1 mask=384 forward_active=0
[CTRL] depth_valid=1 depth=74.356 vz=-0.838 az=-0.779 target_valid=0 target=0.000 pid=-100.000 pid_base=0.000 buoyancy_pwm=255 mask_valid=1 mask=384 forward_active=0
[CTRL] depth_valid=1 depth=73.922 vz=-0.981 az=-0.512 target_valid=0 target=0.000 pid=-100.000 pid_base=0.000 buoyancy_pwm=255 mask_valid=1 mask=384 forward_active=0
[CTRL] depth_valid=1 depth=73.145 vz=-1.751 az=-1.006 target_valid=0 target=0.000 pid=-100.000 pid_base=0.000 buoyancy_pwm=255 mask_valid=1 mask=384 forward_active=0
$T,729,-16,-6,12,54,230,1144,-780,-559,1208,4*7F
[OK]hb
[CTRL] depth_valid=1 depth=72.205 vz=-2.289 az=-1.138 target_valid=0 target=0.000 pid=-100.000 pid_base=0.000 buoyancy_pwm=255 mask_valid=1 mask=384 forward_active=0
[CTRL] depth_valid=1 depth=70.756 vz=-3.165 az=-1.398 target_valid=0 target=0.000 pid=-100.000 pid_base=0.000 buoyancy_pwm=255 mask_valid=1 mask=384 forward_active=0
[CTRL] depth_valid=1 depth=69.161 vz=-3.623 az=-1.250 target_valid=0 target=0.000 pid=-100.000 pid_base=0.000 buoyancy_pwm=255 mask_valid=1 mask=384 forward_active=0
[CTRL] depth_valid=1 depth=67.058 vz=-4.513 az=-1.480 target_valid=0 target=0.000 pid=-100.000 pid_base=0.000 buoyancy_pwm=255 mask_valid=1 mask=384 forward_active=0
$T,663,-46,-13,,53,232,1107,-765,-471,1208,4*40
[CTRL] depth_valid=1 depth=64.354 vz=-5.925 az=-2.161 target_valid=0 target=0.000 pid=-100.000 pid_base=0.000 buoyancy_pwm=255 mask_valid=1 mask=384 forward_active=0
[CTRL] depth_valid=1 depth=61.237 vz=-6.788 az=-1.986 target_valid=0 target=0.000 pid=-100.000 pid_base=0.000 buoyancy_pwm=255 mask_valid=1 mask=384 forward_active=0
[CTRL] depth_valid=1 depth=57.431 vz=-8.108 az=-2.267 target_valid=0 target=0.000 pid=-100.000 pid_base=0.000 buoyancy_pwm=255 mask_valid=1 mask=384 forward_active=0
[CTRL] depth_valid=1 depth=53.392 vz=-8.760 az=-1.922 target_valid=0 target=0.000 pid=-100.000 pid_base=0.000 buoyancy_pwm=255 mask_valid=1 mask=384 forward_active=0
$T,517,-93,-22,,53,234,1076,-753,-428,1206,4*4C
[CTRL] depth_valid=1 depth=48.363 vz=-10.495 az=-2.606 target_valid=0 target=0.000 pid=-100.000 pid_base=0.000 buoyancy_pwm=255 mask_valid=1 mask=384 forward_active=0
[CTRL] depth_valid=1 depth=42.767 vz=-11.891 az=-2.698 target_valid=0 target=0.000 pid=-100.000 pid_base=0.000 buoyancy_pwm=255 mask_valid=1 mask=384 forward_active=0
[OK]hb
[CTRL] depth_valid=1 depth=36.578 vz=-13.115 az=-2.619 target_valid=0 target=0.000 pid=-100.000 pid_base=0.000 buoyancy_pwm=255 mask_valid=1 mask=384 forward_active=0
Ascend stopped.
[OK]k#15[ACK] k#15

[CTRL] depth_valid=1 depth=30.133 vz=-13.611 az=-1.950 target_valid=0 target=0.000 pid=0.000 pid_base=0.000 buoyancy_pwm=0 mask_valid=1 mask=0 forward_active=0
$T,277,-140,-20,,53,233,1091,-753,-431,1206,4*76
<- Minima: IDLE
[CTRL] depth_valid=1 depth=22.846 vz=-15.006 az=-2.300 target_valid=0 target=0.000 pid=0.000 pid_base=0.000 buoyancy_pwm=0 mask_valid=1 mask=0 forward_active=0
[CTRL] depth_valid=1 depth=15.694 vz=-14.914 az=-1.222 target_valid=0 target=0.000 pid=0.000 pid_base=0.000 buoyancy_pwm=0 mask_valid=1 mask=0 forward_active=0
[CTRL] depth_valid=1 depth=9.785 vz=-12.066 az=1.838 target_valid=0 target=0.000 pid=0.000 pid_base=0.000 buoyancy_pwm=0 mask_valid=1 mask=0 forward_active=0
[CTRL] depth_valid=1 depth=10.795 vz=2.472 az=13.702 target_valid=0 target=0.000 pid=0.000 pid_base=0.000 buoyancy_pwm=0 mask_valid=1 mask=0 forward_active=0
$T,124,72,161,17,54,27,1318,-820,-617,1202,0*4E
[CTRL] depth_valid=1 depth=14.629 vz=9.872 az=13.386 target_valid=0 target=0.000 pid=0.000 pid_base=0.000 buoyancy_pwm=0 mask_valid=1 mask=0 forward_active=0
[CTRL] depth_valid=1 depth=14.699 vz=3.653 az=2.239 target_valid=0 target=0.000 pid=0.000 pid_base=0.000 buoyancy_pwm=0 mask_valid=1 mask=0 forward_active=0
[CTRL] depth_valid=1 depth=12.666 vz=-3.106 az=-4.388 target_valid=0 target=0.000 pid=0.000 pid_base=0.000 buoyancy_pwm=0 mask_valid=1 mask=0 forward_active=0
[CTRL] depth_valid=1 depth=10.143 vz=-5.767 az=-4.549 target_valid=0 target=0.000 pid=0.000 pid_base=0.000 buoyancy_pwm=0 mask_valid=1 mask=0 forward_active=0
$T,99,-43,-23,20,56,87,1731,-843,-1030,1209,0*73
[OK]hb
[CTRL] depth_valid=1 depth=11.027 vz=0.523 az=2.838 target_valid=0 target=0.000 pid=0.000 pid_base=0.000 buoyancy_pwm=0 mask_valid=1 mask=0 forward_active=0
[CTRL] depth_valid=1 depth=13.008 vz=4.050 az=4.273 target_valid=0 target=0.000 pid=0.000 pid_base=0.000 buoyancy_pwm=0 mask_valid=1 mask=0 forward_active=0
[CTRL] depth_valid=1 depth=13.428 vz=1.911 az=0.547 target_valid=0 target=0.000 pid=0.000 pid_base=0.000 buoyancy_pwm=0 mask_valid=1 mask=0 forward_active=0
[CTRL] depth_valid=1 depth=12.499 vz=-1.609 az=-2.690 target_valid=0 target=0.000 pid=0.000 pid_base=0.000 buoyancy_pwm=0 mask_valid=1 mask=0 forward_active=0
$T,119,-25,-31,24,57,6543,1418,-828,-710,1209,0*76
[CTRL] depth_valid=1 depth=10.856 vz=-3.793 az=-3.312 target_valid=0 target=0.000 pid=0.000 pid_base=0.000 buoyancy_pwm=0 mask_valid=1 mask=0 forward_active=0
[CTRL] depth_valid=1 depth=10.789 vz=-0.971 az=0.583 target_valid=0 target=0.000 pid=0.000 pid_base=0.000 buoyancy_pwm=0 mask_valid=1 mask=0 forward_active=0
[CTRL] depth_valid=1 depth=11.786 vz=1.805 az=2.534 target_valid=0 target=0.000 pid=0.000 pid_base=0.000 buoyancy_pwm=0 mask_valid=1 mask=0 forward_active=0
[CTRL] depth_valid=1 depth=12.536 vz=2.070 az=1.618 target_valid=0 target=0.000 pid=0.000 pid_base=0.000 buoyancy_pwm=0 mask_valid=1 mask=0 forward_active=0
$T,127,18,11,,,,1281,-814,-564,1201,0*77
[CTRL] depth_valid=1 depth=12.658 vz=0.590 az=-0.422 target_valid=0 target=0.000 pid=0.000 pid_base=0.000 buoyancy_pwm=0 mask_valid=1 mask=0 forward_active=0
[CTRL] depth_valid=1 depth=11.741 vz=-1.768 az=-2.183 target_valid=0 target=0.000 pid=0.000 pid_base=0.000 buoyancy_pwm=0 mask_valid=1 mask=0 forward_active=0
[OK]hb
[CTRL] depth_valid=1 depth=11.125 vz=-1.706 az=-1.134 target_valid=0 target=0.000 pid=0.000 pid_base=0.000 buoyancy_pwm=0 mask_valid=1 mask=0 forward_active=0
[CTRL] depth_valid=1 depth=11.080 vz=-0.492 az=0.340 target_valid=0 target=0.000 pid=0.000 pid_base=0.000 buoyancy_pwm=0 mask_valid=1 mask=0 forward_active=0
$T,112,0,8,,,,1359,-824,-589,1213,0*77
[CTRL] depth_valid=1 depth=11.735 vz=1.333 az=1.744 target_valid=0 target=0.000 pid=0.000 pid_base=0.000 buoyancy_pwm=0 mask_valid=1 mask=0 forward_active=0
[CTRL] depth_valid=1 depth=12.406 vz=1.600 az=1.098 target_valid=0 target=0.000 pid=0.000 pid_base=0.000 buoyancy_pwm=0 mask_valid=1 mask=0 forward_active=0
[CTRL] depth_valid=1 depth=12.225 vz=-0.052 az=-0.800 target_valid=0 target=0.000 pid=0.000 pid_base=0.000 buoyancy_pwm=0 mask_valid=1 mask=0 forward_active=0
[CTRL] depth_valid=1 depth=11.628 vz=-1.331 az=-1.527 target_valid=0 target=0.000 pid=0.000 pid_base=0.000 buoyancy_pwm=0 mask_valid=1 mask=0 forward_active=0
$T,113,-15,-14,,85,,1537,-837,-697,1213,0*72
[CTRL] depth_valid=1 depth=11.052 vz=-1.506 az=-1.000 target_valid=0 target=0.000 pid=0.000 pid_base=0.000 buoyancy_pwm=0 mask_valid=1 mask=0 forward_active=0
[CTRL] depth_valid=1 depth=11.317 vz=0.211 az=0.884 target_valid=0 target=0.000 pid=0.000 pid_base=0.000 buoyancy_pwm=0 mask_valid=1 mask=0 forward_active=0
[CTRL] depth_valid=1 depth=11.938 vz=1.297 az=1.340 target_valid=0 target=0.000 pid=0.000 pid_base=0.000 buoyancy_pwm=0 mask_valid=1 mask=0 forward_active=0
[CTRL] depth_valid=1 depth=12.282 vz=0.951 az=0.410 target_valid=0 target=0.000 pid=0.000 pid_base=0.000 buoyancy_pwm=0 mask_valid=1 mask=0 forward_active=0
$T,122,6,0,62,83,,1311,-817,-409,1204,0*76
[OK]hb
[CTRL] depth_valid=1 depth=12.007 vz=-0.458 az=-1.010 target_valid=0 target=0.000 pid=0.000 pid_base=0.000 buoyancy_pwm=0 mask_valid=1 mask=0 forward_active=0
[CTRL] depth_valid=1 depth=11.393 vz=-1.402 az=-1.340 target_valid=0 target=0.000 pid=0.000 pid_base=0.000 buoyancy_pwm=0 mask_valid=1 mask=0 forward_active=0
[CTRL] depth_valid=1 depth=11.210 vz=-0.680 az=-0.115 target_valid=0 target=0.000 pid=0.000 pid_base=0.000 buoyancy_pwm=0 mask_valid=1 mask=0 forward_active=0
[CTRL] depth_valid=1 depth=11.504 vz=0.444 az=0.838 target_valid=0 target=0.000 pid=0.000 pid_base=0.000 buoyancy_pwm=0 mask_valid=1 mask=0 forward_active=0
$T,117,8,11,63,82,,1328,-818,-372,1199,0*47
[CTRL] depth_valid=1 depth=12.013 vz=1.100 az=0.958 target_valid=0 target=0.000 pid=0.000 pid_base=0.000 buoyancy_pwm=0 mask_valid=1 mask=0 forward_active=0
[CTRL] depth_valid=1 depth=12.105 vz=0.359 az=-0.148 target_valid=0 target=0.000 pid=0.000 pid_base=0.000 buoyancy_pwm=0 mask_valid=1 mask=0 forward_active=0
[CTRL] depth_valid=1 depth=11.701 vz=-0.817 az=-1.091 target_valid=0 target=0.000 pid=0.000 pid_base=0.000 buoyancy_pwm=0 mask_valid=1 mask=0 forward_active=0
[CTRL] depth_valid=1 depth=11.350 vz=-0.975 az=-0.754 target_valid=0 target=0.000 pid=0.000 pid_base=0.000 buoyancy_pwm=0 mask_valid=1 mask=0 forward_active=0
$T,113,-7,-3,,,,1523,-839,-522,1198,0*7C
[CTRL] depth_valid=1 depth=11.283 vz=-0.395 az=0.030 target_valid=0 target=0.000 pid=0.000 pid_base=0.000 buoyancy_pwm=0 mask_valid=1 mask=0 forward_active=0
[CTRL] depth_valid=1 depth=11.689 vz=0.646 az=0.811 target_valid=0 target=0.000 pid=0.000 pid_base=0.000 buoyancy_pwm=0 mask_valid=1 mask=0 forward_active=0
[OK]hb
[CTRL] depth_valid=1 depth=12.006 vz=0.722 az=0.448 target_valid=0 target=0.000 pid=0.000 pid_base=0.000 buoyancy_pwm=0 mask_valid=1 mask=0 forward_active=0
[CTRL] depth_valid=1 depth=11.944 vz=-0.039 az=-0.431 target_valid=0 target=0.000 pid=0.000 pid_base=0.000 buoyancy_pwm=0 mask_valid=1 mask=0 forward_active=0
$T,118,-3,-6,,57,,1410,-828,-383,1207,0*7D
[CTRL] depth_valid=1 depth=11.555 vz=-0.826 az=-0.894 target_valid=0 target=0.000 pid=0.000 pid_base=0.000 buoyancy_pwm=0 mask_valid=1 mask=0 forward_active=0
[CTRL] depth_valid=1 depth=11.328 vz=-0.666 az=-0.359 target_valid=0 target=0.000 pid=0.000 pid_base=0.000 buoyancy_pwm=0 mask_valid=1 mask=0 forward_active=0
[CTRL] depth_valid=1 depth=11.466 vz=0.110 az=0.427 target_valid=0 target=0.000 pid=0.000 pid_base=0.000 buoyancy_pwm=0 mask_valid=1 mask=0 forward_active=0
[CTRL] depth_valid=1 depth=11.800 vz=0.696 az=0.699 target_valid=0 target=0.000 pid=0.000 pid_base=0.000 buoyancy_pwm=0 mask_valid=1 mask=0 forward_active=0
$T,119,7,6,47,55,49,1339,-821,-312,1200,0*7E
[CTRL] depth_valid=1 depth=11.958 vz=0.425 az=0.113 target_valid=0 target=0.000 pid=0.000 pid_base=0.000 buoyancy_pwm=0 mask_valid=1 mask=0 forward_active=0
[CTRL] depth_valid=1 depth=11.772 vz=-0.342 az=-0.603 target_valid=0 target=0.000 pid=0.000 pid_base=0.000 buoyancy_pwm=0 mask_valid=1 mask=0 forward_active=0
[CTRL] depth_valid=1 depth=11.463 vz=-0.711 az=-0.625 target_valid=0 target=0.000 pid=0.000 pid_base=0.000 buoyancy_pwm=0 mask_valid=1 mask=0 forward_active=0
[CTRL] depth_valid=1 depth=11.380 vz=-0.367 az=-0.082 target_valid=0 target=0.000 pid=0.000 pid_base=0.000 buoyancy_pwm=0 mask_valid=1 mask=0 forward_active=0
$T,114,0,2,47,52,50,1452,-835,-426,1207,0*77
[OK]hb
[CTRL] depth_valid=1 depth=11.624 vz=0.367 az=0.525 target_valid=0 target=0.000 pid=0.000 pid_base=0.000 buoyancy_pwm=0 mask_valid=1 mask=0 forward_active=0
[CTRL] depth_valid=1 depth=11.836 vz=0.497 az=0.369 target_valid=0 target=0.000 pid=0.000 pid_base=0.000 buoyancy_pwm=0 mask_valid=1 mask=0 forward_active=0
[CTRL] depth_valid=1 depth=11.831 vz=0.021 az=-0.248 target_valid=0 target=0.000 pid=0.000 pid_base=0.000 buoyancy_pwm=0 mask_valid=1 mask=0 forward_active=0
[CTRL] depth_valid=1 depth=11.621 vz=-0.487 az=-0.587 target_valid=0 target=0.000 pid=0.000 pid_base=0.000 buoyancy_pwm=0 mask_valid=1 mask=0 forward_active=0
$T,115,-5,-5,46,51,52,1476,-834,-452,1201,0*76
[CTRL] depth_valid=1 depth=11.451 vz=-0.509 az=-0.368 target_valid=0 target=0.000 pid=0.000 pid_base=0.000 buoyancy_pwm=0 mask_valid=1 mask=0 forward_active=0
[CTRL] depth_valid=1 depth=11.456 vz=-0.139 az=0.081 target_valid=0 target=0.000 pid=0.000 pid_base=0.000 buoyancy_pwm=0 mask_valid=1 mask=0 forward_active=0
[CTRL] depth_valid=1 depth=11.637 vz=0.325 az=0.413 target_valid=0 target=0.000 pid=0.000 pid_base=0.000 buoyancy_pwm=0 mask_valid=1 mask=0 forward_active=0
[CTRL] depth_valid=1 depth=11.837 vz=0.435 az=0.284 target_valid=0 target=0.000 pid=0.000 pid_base=0.000 buoyancy_pwm=0 mask_valid=1 mask=0 forward_active=0
$T,118,3,2,46,49,52,1372,-826,-350,1201,0*76
[CTRL] depth_valid=1 depth=11.821 vz=0.013 az=-0.226 target_valid=0 target=0.000 pid=0.000 pid_base=0.000 buoyancy_pwm=0 mask_valid=1 mask=0 forward_active=0
[CTRL] depth_valid=1 depth=11.526 vz=-0.595 az=-0.624 target_valid=0 target=0.000 pid=0.000 pid_base=0.000 buoyancy_pwm=0 mask_valid=1 mask=0 forward_active=0
[OK]hb
[CTRL] depth_valid=1 depth=11.409 vz=-0.422 az=-0.221 target_valid=0 target=0.000 pid=0.000 pid_base=0.000 buoyancy_pwm=0 mask_valid=1 mask=0 forward_active=0
[CTRL] depth_valid=1 depth=11.548 vz=0.140 az=0.308 target_valid=0 target=0.000 pid=0.000 pid_base=0.000 buoyancy_pwm=0 mask_valid=1 mask=0 forward_active=0
$T,116,3,5,45,48,54,1428,-832,-407,1201,0*73
[CTRL] depth_valid=1 depth=11.758 vz=0.408 az=0.348 target_valid=0 target=0.000 pid=0.000 pid_base=0.000 buoyancy_pwm=0 mask_valid=1 mask=0 forward_active=0
[CTRL] depth_valid=1 depth=11.836 vz=0.225 az=0.023 target_valid=0 target=0.000 pid=0.000 pid_base=0.000 buoyancy_pwm=0 mask_valid=1 mask=0 forward_active=0
[CTRL] depth_valid=1 depth=11.668 vz=-0.315 az=-0.449 target_valid=0 target=0.000 pid=0.000 pid_base=0.000 buoyancy_pwm=0 mask_valid=1 mask=0 forward_active=0
[CTRL] depth_valid=1 depth=11.460 vz=-0.558 az=-0.483 target_valid=0 target=0.000 pid=0.000 pid_base=0.000 buoyancy_pwm=0 mask_valid=1 mask=0 forward_active=0
$T,114,-3,-1,45,47,55,1510,-836,-489,1206,0*74
[CTRL] depth_valid=1 depth=11.495 vz=-0.149 az=0.015 target_valid=0 target=0.000 pid=0.000 pid_base=0.000 buoyancy_pwm=0 mask_valid=1 mask=0 forward_active=0
[CTRL] depth_valid=1 depth=11.592 vz=0.132 az=0.210 target_valid=0 target=0.000 pid=0.000 pid_base=0.000 buoyancy_pwm=0 mask_valid=1 mask=0 forward_active=0
[CTRL] depth_valid=1 depth=11.762 vz=0.289 az=0.185 target_valid=0 target=0.000 pid=0.000 pid_base=0.000 buoyancy_pwm=0 mask_valid=1 mask=0 forward_active=0
[CTRL] depth_valid=1 depth=11.703 vz=-0.060 az=-0.195 target_valid=0 target=0.000 pid=0.000 pid_base=0.000 buoyancy_pwm=0 mask_valid=1 mask=0 forward_active=0
$T,116,-1,-2,45,45,56,1448,-833,-428,1206,0*74
[OK]hb
[CTRL] depth_valid=1 depth=11.600 vz=-0.246 az=-0.269 target_valid=0 target=0.000 pid=0.000 pid_base=0.000 buoyancy_pwm=0 mask_valid=1 mask=0 forward_active=0
[CTRL] depth_valid=1 depth=11.451 vz=-0.356 az=-0.242 target_valid=0 target=0.000 pid=0.000 pid_base=0.000 buoyancy_pwm=0 mask_valid=1 mask=0 forward_active=0
[CTRL] depth_valid=1 depth=11.550 vz=0.058 az=0.172 target_valid=0 target=0.000 pid=0.000 pid_base=0.000 buoyancy_pwm=0 mask_valid=1 mask=0 forward_active=0
[CTRL] depth_valid=1 depth=11.664 vz=0.187 az=0.155 target_valid=0 target=0.000 pid=0.000 pid_base=0.000 buoyancy_pwm=0 mask_valid=1 mask=0 forward_active=0
$T,117,2,2,45,44,57,1417,-831,-399,1200,0*75
[CTRL] depth_valid=1 depth=11.715 vz=0.092 az=-0.028 target_valid=0 target=0.000 pid=0.000 pid_base=0.000 buoyancy_pwm=0 mask_valid=1 mask=0 forward_active=0
[CTRL] depth_valid=1 depth=11.670 vz=-0.132 az=-0.234 target_valid=0 target=0.000 pid=0.000 pid_base=0.000 buoyancy_pwm=0 mask_valid=1 mask=0 forward_active=0
[CTRL] depth_valid=1 depth=11.542 vz=-0.317 az=-0.302 target_valid=0 target=0.000 pid=0.000 pid_base=0.000 buoyancy_pwm=0 mask_valid=1 mask=0 forward_active=0
[CTRL] depth_valid=1 depth=11.521 vz=-0.165 az=-0.070 target_valid=0 target=0.000 pid=0.000 pid_base=0.000 buoyancy_pwm=0 mask_valid=1 mask=0 forward_active=0
$T,115,0,0,45,43,58,1492,-835,-474,1202,0*70
[CTRL] depth_valid=1 depth=11.599 vz=0.092 az=0.149 target_valid=0 target=0.000 pid=0.000 pid_base=0.000 buoyancy_pwm=0 mask_valid=1 mask=0 forward_active=0
[CTRL] depth_valid=1 depth=11.665 vz=0.134 az=0.095 target_valid=0 target=0.000 pid=0.000 pid_base=0.000 buoyancy_pwm=0 mask_valid=1 mask=0 forward_active=0
[OK]hb
[CTRL] depth_valid=1 depth=11.664 vz=-0.050 az=-0.152 target_valid=0 target=0.000 pid=0.000 pid_base=0.000 buoyancy_pwm=0 mask_valid=1 mask=0 forward_active=0
[CTRL] depth_valid=1 depth=11.617 vz=-0.189 az=-0.245 target_valid=0 target=0.000 pid=0.000 pid_base=0.000 buoyancy_pwm=0 mask_valid=1 mask=0 forward_active=0
$T,116,-1,-1,45,42,59,1492,-834,-475,1202,0*73
[CTRL] depth_valid=1 depth=11.543 vz=-0.282 az=-0.269 target_valid=0 target=0.000 pid=0.000 pid_base=0.000 buoyancy_pwm=0 mask_valid=1 mask=0 forward_active=0
[CTRL] depth_valid=1 depth=11.510 vz=-0.171 az=-0.081 target_valid=0 target=0.000 pid=0.000 pid_base=0.000 buoyancy_pwm=0 mask_valid=1 mask=0 forward_active=0
[CTRL] depth_valid=1 depth=11.602 vz=0.114 az=0.172 target_valid=0 target=0.000 pid=0.000 pid_base=0.000 buoyancy_pwm=0 mask_valid=1 mask=0 forward_active=0
[CTRL] depth_valid=1 depth=11.661 vz=0.122 az=0.077 target_valid=0 target=0.000 pid=0.000 pid_base=0.000 buoyancy_pwm=0 mask_valid=1 mask=0 forward_active=0
$T,117,2,1,45,41,60,1456,-832,-440,1203,0*71
[CTRL] depth_valid=1 depth=11.681 vz=-0.006 az=-0.113 target_valid=0 target=0.000 pid=0.000 pid_base=0.000 buoyancy_pwm=0 mask_valid=1 mask=0 forward_active=0
[CTRL] depth_valid=1 depth=11.587 vz=-0.214 az=-0.245 target_valid=0 target=0.000 pid=0.000 pid_base=0.000 buoyancy_pwm=0 mask_valid=1 mask=0 forward_active=0
[CTRL] depth_valid=1 depth=11.517 vz=-0.207 az=-0.134 target_valid=0 target=0.000 pid=0.000 pid_base=0.000 buoyancy_pwm=0 mask_valid=1 mask=0 forward_active=0
[CTRL] depth_valid=1 depth=11.564 vz=0.042 az=0.126 target_valid=0 target=0.000 pid=0.000 pid_base=0.000 buoyancy_pwm=0 mask_valid=1 mask=0 forward_active=0
$T,115,1,1,45,41,60,1481,-835,-467,1200,0*7B
[OK]hb
[CTRL] depth_valid=1 depth=11.644 vz=0.156 az=0.143 target_valid=0 target=0.000 pid=0.000 pid_base=0.000 buoyancy_pwm=0 mask_valid=1 mask=0 forward_active=0
[CTRL] depth_valid=1 depth=11.674 vz=0.061 az=-0.025 target_valid=0 target=0.000 pid=0.000 pid_base=0.000 buoyancy_pwm=0 mask_valid=1 mask=0 forward_active=0
[CTRL] depth_valid=1 depth=11.599 vz=-0.156 az=-0.205 target_valid=0 target=0.000 pid=0.000 pid_base=0.000 buoyancy_pwm=0 mask_valid=1 mask=0 forward_active=0
[CTRL] depth_valid=1 depth=11.497 vz=-0.276 az=-0.233 target_valid=0 target=0.000 pid=0.000 pid_base=0.000 buoyancy_pwm=0 mask_valid=1 mask=0 forward_active=0
$T,115,-1,0,45,40,61,1515,-835,-501,1202,0*58
[CTRL] depth_valid=1 depth=11.535 vz=-0.045 az=0.025 target_valid=0 target=0.000 pid=0.000 pid_base=0.000 buoyancy_pwm=0 mask_valid=1 mask=0 forward_active=0
[CTRL] depth_valid=1 depth=11.574 vz=0.011 az=0.018 target_valid=0 target=0.000 pid=0.000 pid_base=0.000 buoyancy_pwm=0 mask_valid=1 mask=0 forward_active=0
[CTRL] depth_valid=1 depth=11.646 vz=0.074 az=0.016 target_valid=0 target=0.000 pid=0.000 pid_base=0.000 buoyancy_pwm=0 mask_valid=1 mask=0 forward_active=0
[CTRL] depth_valid=1 depth=11.631 vz=-0.084 az=-0.168 target_valid=0 target=0.000 pid=0.000 pid_base=0.000 buoyancy_pwm=0 mask_valid=1 mask=0 forward_active=0
$T,116,0,-1,45,40,61,1498,-833,-485,1202,0*54
[CTRL] depth_valid=1 depth=11.554 vz=-0.235 az=-0.251 target_valid=0 target=0.000 pid=0.000 pid_base=0.000 buoyancy_pwm=0 mask_valid=1 mask=0 forward_active=0
[CTRL] depth_valid=1 depth=11.524 vz=-0.157 az=-0.096 target_valid=0 target=0.000 pid=0.000 pid_base=0.000 buoyancy_pwm=0 mask_valid=1 mask=0 forward_active=0
[OK]hb
[CTRL] depth_valid=1 depth=11.522 vz=-0.067 az=-0.000 target_valid=0 target=0.000 pid=0.000 pid_base=0.000 buoyancy_pwm=0 mask_valid=1 mask=0 forward_active=0
[CTRL] depth_valid=1 depth=11.576 vz=0.030 az=0.034 target_valid=0 target=0.000 pid=0.000 pid_base=0.000 buoyancy_pwm=0 mask_valid=1 mask=0 forward_active=0
$T,116,1,1,45,39,64,1492,-836,-481,1203,0*79
[CTRL] depth_valid=1 depth=11.657 vz=0.116 az=0.056 target_valid=0 target=0.000 pid=0.000 pid_base=0.000 buoyancy_pwm=0 mask_valid=1 mask=0 forward_active=0
[CTRL] depth_valid=1 depth=11.575 vz=-0.152 az=-0.205 target_valid=0 target=0.000 pid=0.000 pid_base=0.000 buoyancy_pwm=0 mask_valid=1 mask=0 forward_active=0
[CTRL] depth_valid=1 depth=11.568 vz=-0.097 az=-0.089 target_valid=0 target=0.000 pid=0.000 pid_base=0.000 buoyancy_pwm=0 mask_valid=1 mask=0 forward_active=0
[CTRL] depth_valid=1 depth=11.539 vz=-0.131 az=-0.115 target_valid=0 target=0.000 pid=0.000 pid_base=0.000 buoyancy_pwm=0 mask_valid=1 mask=0 forward_active=0
$T,115,0,0,45,39,64,1507,-835,-496,1203,0*72
[CTRL] depth_valid=1 depth=11.535 vz=-0.093 az=-0.069 target_valid=0 target=0.000 pid=0.000 pid_base=0.000 buoyancy_pwm=0 mask_valid=1 mask=0 forward_active=0
[CTRL] depth_valid=1 depth=11.577 vz=-0.019 az=-0.032 target_valid=0 target=0.000 pid=0.000 pid_base=0.000 buoyancy_pwm=0 mask_valid=1 mask=0 forward_active=0
[CTRL] depth_valid=1 depth=11.556 vz=-0.121 az=-0.154 target_valid=0 target=0.000 pid=0.000 pid_base=0.000 buoyancy_pwm=0 mask_valid=1 mask=0 forward_active=0
[CTRL] depth_valid=1 depth=11.607 vz=-0.030 az=-0.067 target_valid=0 target=0.000 pid=0.000 pid_base=0.000 buoyancy_pwm=0 mask_valid=1 mask=0 forward_active=0
$T,116,0,0,47,39,65,1511,-833,-501,1201,0*7E
[OK]hb
[CTRL] depth_valid=1 depth=11.574 vz=-0.149 az=-0.187 target_valid=0 target=0.000 pid=0.000 pid_base=0.000 buoyancy_pwm=0 mask_valid=1 mask=0 forward_active=0
[CTRL] depth_valid=1 depth=11.537 vz=-0.137 az=-0.107 target_valid=0 target=0.000 pid=0.000 pid_base=0.000 buoyancy_pwm=0 mask_valid=1 mask=0 forward_active=0
[CTRL] depth_valid=1 depth=11.574 vz=-0.003 az=0.021 target_valid=0 target=0.000 pid=0.000 pid_base=0.000 buoyancy_pwm=0 mask_valid=1 mask=0 forward_active=0
[CTRL] depth_valid=1 depth=11.554 vz=-0.077 az=-0.082 target_valid=0 target=0.000 pid=0.000 pid_base=0.000 buoyancy_pwm=0 mask_valid=1 mask=0 forward_active=0
$T,116,1,1,46,38,66,1513,-837,-504,1207,0*78
[CTRL] depth_valid=1 depth=11.606 vz=0.030 az=0.015 target_valid=0 target=0.000 pid=0.000 pid_base=0.000 buoyancy_pwm=0 mask_valid=1 mask=0 forward_active=0
[CTRL] depth_valid=1 depth=11.539 vz=-0.157 az=-0.171 target_valid=0 target=0.000 pid=0.000 pid_base=0.000 buoyancy_pwm=0 mask_valid=1 mask=0 forward_active=0
[CTRL] depth_valid=1 depth=11.523 vz=-0.136 az=-0.118 target_valid=0 target=0.000 pid=0.000 pid_base=0.000 buoyancy_pwm=0 mask_valid=1 mask=0 forward_active=0
[CTRL] depth_valid=1 depth=11.548 vz=-0.049 az=-0.035 target_valid=0 target=0.000 pid=0.000 pid_base=0.000 buoyancy_pwm=0 mask_valid=1 mask=0 forward_active=0
$T,115,0,1,47,38,66,1520,-836,-511,1204,0*7D
[CTRL] depth_valid=1 depth=11.598 vz=0.045 az=0.031 target_valid=0 target=0.000 pid=0.000 pid_base=0.000 buoyancy_pwm=0 mask_valid=1 mask=0 forward_active=0
[CTRL] depth_valid=1 depth=11.568 vz=-0.082 az=-0.114 target_valid=0 target=0.000 pid=0.000 pid_base=0.000 buoyancy_pwm=0 mask_valid=1 mask=0 forward_active=0
[OK]hb
[CTRL] depth_valid=1 depth=11.556 vz=-0.121 az=-0.143 target_valid=0 target=0.000 pid=0.000 pid_base=0.000 buoyancy_pwm=0 mask_valid=1 mask=0 forward_active=0
[CTRL] depth_valid=1 depth=11.539 vz=-0.091 az=-0.069 target_valid=0 target=0.000 pid=0.000 pid_base=0.000 buoyancy_pwm=0 mask_valid=1 mask=0 forward_active=0
$T,115,0,0,47,38,,1526,-836,-517,1201,0*79
[CTRL] depth_valid=1 depth=11.537 vz=-0.060 az=-0.036 target_valid=0 target=0.000 pid=0.000 pid_base=0.000 buoyancy_pwm=0 mask_valid=1 mask=0 forward_active=0
[CTRL] depth_valid=1 depth=11.560 vz=-0.039 az=-0.054 target_valid=0 target=0.000 pid=0.000 pid_base=0.000 buoyancy_pwm=0 mask_valid=1 mask=0 forward_active=0
[CTRL] depth_valid=1 depth=11.562 vz=-0.052 az=-0.072 target_valid=0 target=0.000 pid=0.000 pid_base=0.000 buoyancy_pwm=0 mask_valid=1 mask=0 forward_active=0
[CTRL] depth_valid=1 depth=11.589 vz=0.035 az=0.034 target_valid=0 target=0.000 pid=0.000 pid_base=0.000 buoyancy_pwm=0 mask_valid=1 mask=0 forward_active=0
$T,116,1,1,47,37,,1528,-837,-519,1203,0*76
[CTRL] depth_valid=1 depth=11.594 vz=-0.021 az=-0.058 target_valid=0 target=0.000 pid=0.000 pid_base=0.000 buoyancy_pwm=0 mask_valid=1 mask=0 forward_active=0
[CTRL] depth_valid=1 depth=11.497 vz=-0.246 az=-0.257 target_valid=0 target=0.000 pid=0.000 pid_base=0.000 buoyancy_pwm=0 mask_valid=1 mask=0 forward_active=0
[CTRL] depth_valid=1 depth=11.528 vz=-0.108 az=-0.095 target_valid=0 target=0.000 pid=0.000 pid_base=0.000 buoyancy_pwm=0 mask_valid=1 mask=0 forward_active=0
[CTRL] depth_valid=1 depth=11.545 vz=-0.054 az=-0.049 target_valid=0 target=0.000 pid=0.000 pid_base=0.000 buoyancy_pwm=0 mask_valid=1 mask=0 forward_active=0
$T,115,0,1,,,,1520,-837,-512,1199,0*70
[OK]hb
[CTRL] depth_valid=1 depth=11.565 vz=-0.035 az=-0.054 target_valid=0 target=0.000 pid=0.000 pid_base=0.000 buoyancy_pwm=0 mask_valid=1 mask=0 forward_active=0
[CTRL] depth_valid=1 depth=11.559 vz=-0.049 az=-0.058 target_valid=0 target=0.000 pid=0.000 pid_base=0.000 buoyancy_pwm=0 mask_valid=1 mask=0 forward_active=0
[CTRL] depth_valid=1 depth=11.517 vz=-0.133 az=-0.131 target_valid=0 target=0.000 pid=0.000 pid_base=0.000 buoyancy_pwm=0 mask_valid=1 mask=0 forward_active=0
[CTRL] depth_valid=1 depth=11.543 vz=-0.069 az=-0.074 target_valid=0 target=0.000 pid=0.000 pid_base=0.000 buoyancy_pwm=0 mask_valid=1 mask=0 forward_active=0
$T,115,0,0,,,,1533,-836,-524,1203,0*77
[CTRL] depth_valid=1 depth=11.572 vz=0.016 az=0.013 target_valid=0 target=0.000 pid=0.000 pid_base=0.000 buoyancy_pwm=0 mask_valid=1 mask=0 forward_active=0
[CTRL] depth_valid=1 depth=11.558 vz=-0.019 az=-0.019 target_valid=0 target=0.000 pid=0.000 pid_base=0.000 buoyancy_pwm=0 mask_valid=1 mask=0 forward_active=0
[CTRL] depth_valid=1 depth=11.550 vz=-0.065 az=-0.081 target_valid=0 target=0.000 pid=0.000 pid_base=0.000 buoyancy_pwm=0 mask_valid=1 mask=0 forward_active=0
[CTRL] depth_valid=1 depth=11.567 vz=-0.058 az=-0.086 target_valid=0 target=0.000 pid=0.000 pid_base=0.000 buoyancy_pwm=0 mask_valid=1 mask=0 forward_active=0
$T,115,0,0,,,,1532,-836,-524,1203,0*76
[CTRL] depth_valid=1 depth=11.536 vz=-0.150 az=-0.174 target_valid=0 target=0.000 pid=0.000 pid_base=0.000 buoyancy_pwm=0 mask_valid=1 mask=0 forward_active=0
[CTRL] depth_valid=1 depth=11.490 vz=-0.188 az=-0.167 target_valid=0 target=0.000 pid=0.000 pid_base=0.000 buoyancy_pwm=0 mask_valid=1 mask=0 forward_active=0
[CTRL] depth_valid=1 depth=11.552 vz=0.045 az=0.087 target_valid=0 target=0.000 pid=0.000 pid_base=0.000 buoyancy_pwm=0 mask_valid=1 mask=0 forward_active=0
[OK]hb
[CTRL] depth_valid=1 depth=11.554 vz=-0.022 az=-0.043 target_valid=0 target=0.000 pid=0.000 pid_base=0.000 buoyancy_pwm=0 mask_valid=1 mask=0 forward_active=0
$T,116,1,1,,,,1535,-836,-527,1208,0*7A
[CTRL] depth_valid=1 depth=11.572 vz=-0.037 az=-0.077 target_valid=0 target=0.000 pid=0.000 pid_base=0.000 buoyancy_pwm=0 mask_valid=1 mask=0 forward_active=0
[CTRL] depth_valid=1 depth=11.530 vz=-0.155 az=-0.180 target_valid=0 target=0.000 pid=0.000 pid_base=0.000 buoyancy_pwm=0 mask_valid=1 mask=0 forward_active=0
[CTRL] depth_valid=1 depth=11.529 vz=-0.091 az=-0.074 target_valid=0 target=0.000 pid=0.000 pid_base=0.000 buoyancy_pwm=0 mask_valid=1 mask=0 forward_active=0
[CTRL] depth_valid=1 depth=11.507 vz=-0.103 az=-0.080 target_valid=0 target=0.000 pid=0.000 pid_base=0.000 buoyancy_pwm=0 mask_valid=1 mask=0 forward_active=0
$T,115,0,0,,,,1539,-838,-531,1208,0*7C
[CTRL] depth_valid=1 depth=11.574 vz=0.060 az=0.060 target_valid=0 target=0.000 pid=0.000 pid_base=0.000 buoyancy_pwm=0 mask_valid=1 mask=0 forward_active=0
[CTRL] depth_valid=1 depth=11.576 vz=-0.065 az=-0.130 target_valid=0 target=0.000 pid=0.000 pid_base=0.000 buoyancy_pwm=0 mask_valid=1 mask=0 forward_active=0
[CTRL] depth_valid=1 depth=11.540 vz=-0.153 az=-0.181 target_valid=0 target=0.000 pid=0.000 pid_base=0.000 buoyancy_pwm=0 mask_valid=1 mask=0 forward_active=0
[CTRL] depth_valid=1 depth=11.500 vz=-0.183 az=-0.171 target_valid=0 target=0.000 pid=0.000 pid_base=0.000 buoyancy_pwm=0 mask_valid=1 mask=0 forward_active=0
$T,115,0,0,,,,1554,-837,-546,1206,0*76
[CTRL] depth_valid=1 depth=11.542 vz=-0.003 az=0.031 target_valid=0 target=0.000 pid=0.000 pid_base=0.000 buoyancy_pwm=0 mask_valid=1 mask=0 forward_active=0
[OK]hb
[CTRL] depth_valid=1 depth=11.533 vz=-0.048 az=-0.046 target_valid=0 target=0.000 pid=0.000 pid_base=0.000 buoyancy_pwm=0 mask_valid=1 mask=0 forward_active=0
[CTRL] depth_valid=1 depth=11.550 vz=-0.069 az=-0.105 target_valid=0 target=0.000 pid=0.000 pid_base=0.000 buoyancy_pwm=0 mask_valid=1 mask=0 forward_active=0
[CTRL] depth_valid=1 depth=11.554 vz=-0.060 az=-0.078 target_valid=0 target=0.000 pid=0.000 pid_base=0.000 buoyancy_pwm=0 mask_valid=1 mask=0 forward_active=0
$T,115,0,0,,,,1563,-837,-555,1204,0*72
d=1 depth=11.553 vz=-0.069 az=-0.085 target_valid=0 target=0.000 pid=0.000 pid_base=0.000 buoyancy_pwm=0 mask_valid=1 mask=0 forward_active=0
[CTRL] depth_valid=1 depth=11.521 vz=-0.148 az=-0.156 target_valid=0 target=0.000 pid=0.000 pid_base=0.000 buoyancy_pwm=0 mask_valid=1 mask=0 forward_active=0
[CTRL] depth_valid=1 depth=11.536 vz=-0.069 az=-0.063 target_valid=0 target=0.000 pid=0.000 pid_base=0.000 buoyancy_pwm=0 mask_valid=1 mask=0 forward_active=0
[CTRL] depth_valid=1 depth=11.564 vz=0.029 az=0.042 target_valid=0 target=0.000 pid=0.000 pid_base=0.000 buoyancy_pwm=0 mask_valid=1 mask=0 forward_active=0
$T,115,0,0,,,,1541,-837,-533,1204,0*72
[CTRL] depth_valid=1 depth=11.525 vz=-0.088 az=-0.095 target_valid=0 target=0.000 pid=0.000 pid_base=0.000 buoyancy_pwm=0 mask_valid=1 mask=0 forward_active=0
[CTRL] depth_valid=1 depth=11.536 vz=-0.066 az=-0.076 target_valid=0 target=0.000 pid=0.000 pid_base=0.000 buoyancy_pwm=0 mask_valid=1 mask=0 forward_active=0
[CTRL] depth_valid=1 depth=11.498 vz=-0.150 az=-0.152 target_valid=0 target=0.000 pid=0.000 pid_base=0.000 buoyancy_pwm=0 mask_valid=1 mask=0 forward_active=0
[OK]hb
[CTRL] depth_valid=1 depth=11.546 vz=-0.035 az=-0.049 target_valid=0 target=0.000 pid=0.000 pid_base=0.000 buoyancy_pwm=0 mask_valid=1 mask=0 forward_active=0
$T,115,0,0,,,,1552,-834,-544,1208,0*7F
[CTRL] depth_valid=1 depth=11.515 vz=-0.152 az=-0.183 target_valid=0 target=0.000 pid=0.000 pid_base=0.000 buoyancy_pwm=0 mask_valid=1 mask=0 forward_active=0
[CTRL] depth_valid=1 depth=11.508 vz=-0.108 az=-0.098 target_valid=0 target=0.000 pid=0.000 pid_base=0.000 buoyancy_pwm=0 mask_valid=1 mask=0 forward_active=0
[CTRL] depth_valid=1 depth=11.489 vz=-0.123 az=-0.109 target_valid=0 target=0.000 pid=0.000 pid_base=0.000 buoyancy_pwm=0 mask_valid=1 mask=0 forward_active=0
[CTRL] depth_valid=1 depth=11.519 vz=-0.032 az=-0.027 target_valid=0 target=0.000 pid=0.000 pid_base=0.000 buoyancy_pwm=0 mask_valid=1 mask=0 forward_active=0
$T,115,1,1,,,,1569,-837,-561,1208,0*73
[CTRL] depth_valid=1 depth=11.562 vz=0.002 az=-0.037 target_valid=0 target=0.000 pid=0.000 pid_base=0.000 buoyancy_pwm=0 mask_valid=1 mask=0 forward_active=0
[CTRL] depth_valid=1 depth=11.531 vz=-0.081 az=-0.102 target_valid=0 target=0.000 pid=0.000 pid_base=0.000 buoyancy_pwm=0 mask_valid=1 mask=0 forward_active=0
[CTRL] depth_valid=1 depth=11.518 vz=-0.061 az=-0.047 target_valid=0 target=0.000 pid=0.000 pid_base=0.000 buoyancy_pwm=0 mask_valid=1 mask=0 forward_active=0
[CTRL] depth_valid=1 depth=11.549 vz=0.014 az=0.013 target_valid=0 target=0.000 pid=0.000 pid_base=0.000 buoyancy_pwm=0 mask_valid=1 mask=0 forward_active=0
$T,115,1,1,,,,1562,-838,-554,1200,0*79
[CTRL] depth_valid=1 depth=11.544 vz=-0.077 az=-0.122 target_valid=0 target=0.000 pid=0.000 pid_base=0.000 buoyancy_pwm=0 mask_valid=1 mask=0 forward_active=0
[OK]hb
[CTRL] depth_valid=1 depth=11.520 vz=-0.113 az=-0.124 target_valid=0 target=0.000 pid=0.000 pid_base=0.000 buoyancy_pwm=0 mask_valid=1 mask=0 forward_active=0
[CTRL] depth_valid=1 depth=11.488 vz=-0.127 az=-0.103 target_valid=0 target=0.000 pid=0.000 pid_base=0.000 buoyancy_pwm=0 mask_valid=1 mask=0 forward_active=0
[CTRL] depth_valid=1 depth=11.532 vz=0.014 az=0.030 target_valid=0 target=0.000 pid=0.000 pid_base=0.000 buoyancy_pwm=0 mask_valid=1 mask=0 forward_active=0
$T,115,0,0,,,,1558,-835,-550,1202,0*7B
[CTRL] depth_valid=1 depth=11.539 vz=-0.010 az=-0.026 target_valid=0 target=0.000 pid=0.000 pid_base=0.000 buoyancy_pwm=0 mask_valid=1 mask=0 forward_active=0
[CTRL] depth_valid=1 depth=11.526 vz=-0.090 az=-0.122 target_valid=0 target=0.000 pid=0.000 pid_base=0.000 buoyancy_pwm=0 mask_valid=1 mask=0 forward_active=0
[CTRL] depth_valid=1 depth=11.498 vz=-0.145 az=-0.154 target_valid=0 target=0.000 pid=0.000 pid_base=0.000 buoyancy_pwm=0 mask_valid=1 mask=0 forward_active=0
[CTRL] depth_valid=1 depth=11.504 vz=-0.049 az=-0.019 target_valid=0 target=0.000 pid=0.000 pid_base=0.000 buoyancy_pwm=0 mask_valid=1 mask=0 forward_active=0
$T,115,1,1,,,,1577,-838,-569,1203,0*70
[CTRL] depth_valid=1 depth=11.508 vz=-0.081 az=-0.095 target_valid=0 target=0.000 pid=0.000 pid_base=0.000 buoyancy_pwm=0 mask_valid=1 mask=0 forward_active=0
[CTRL] depth_valid=1 depth=11.488 vz=-0.117 az=-0.121 target_valid=0 target=0.000 pid=0.000 pid_base=0.000 buoyancy_pwm=0 mask_valid=1 mask=0 forward_active=0
[CTRL] depth_valid=1 depth=11.537 vz=-0.005 az=-0.019 target_valid=0 target=0.000 pid=0.000 pid_base=0.000 buoyancy_pwm=0 mask_valid=1 mask=0 forward_active=0
[OK]hb
[CTRL] depth_valid=1 depth=11.537 vz=-0.036 az=-0.059 target_valid=0 target=0.000 pid=0.000 pid_base=0.000 buoyancy_pwm=0 mask_valid=1 mask=0 forward_active=0
$T,115,0,0,,,,1573,-839,-565,1211,0*7A
[CTRL] depth_valid=1 depth=11.530 vz=-0.056 az=-0.070 target_valid=0 target=0.000 pid=0.000 pid_base=0.000 buoyancy_pwm=0 mask_valid=1 mask=0 forward_active=0
[CTRL] depth_valid=1 depth=11.527 vz=-0.077 az=-0.095 target_valid=0 target=0.000 pid=0.000 pid_base=0.000 buoyancy_pwm=0 mask_valid=1 mask=0 forward_active=0
[CTRL] depth_valid=1 depth=11.514 vz=-0.087 az=-0.086 target_valid=0 target=0.000 pid=0.000 pid_base=0.000 buoyancy_pwm=0 mask_valid=1 mask=0 forward_active=0
[CTRL] depth_valid=1 depth=11.527 vz=-0.034 az=-0.027 target_valid=0 target=0.000 pid=0.000 pid_base=0.000 buoyancy_pwm=0 mask_valid=1 mask=0 forward_active=0
$T,115,0,0,86,65,,1561,-837,-553,1211,0*7F
[CTRL] depth_valid=1 depth=11.511 vz=-0.067 az=-0.063 target_valid=0 target=0.000 pid=0.000 pid_base=0.000 buoyancy_pwm=0 mask_valid=1 mask=0 forward_active=0
[CTRL] depth_valid=1 depth=11.507 vz=-0.063 az=-0.060 target_valid=0 target=0.000 pid=0.000 pid_base=0.000 buoyancy_pwm=0 mask_valid=1 mask=0 forward_active=0
[CTRL] depth_valid=1 depth=11.468 vz=-0.144 az=-0.137 target_valid=0 target=0.000 pid=0.000 pid_base=0.000 buoyancy_pwm=0 mask_valid=1 mask=0 forward_active=0
[CTRL] depth_valid=1 depth=11.510 vz=-0.007 az=0.004 target_valid=0 target=0.000 pid=0.000 pid_base=0.000 buoyancy_pwm=0 mask_valid=1 mask=0 forward_active=0
$T,115,1,1,83,65,,1575,-837,-567,1201,0*79
[CTRL] depth_valid=1 depth=11.535 vz=0.011 az=-0.011 target_valid=0 target=0.000 pid=0.000 pid_base=0.000 buoyancy_pwm=0 mask_valid=1 mask=0 forward_active=0
[OK]hb
[CTRL] depth_valid=1 depth=11.503 vz=-0.088 az=-0.110 target_valid=0 target=0.000 pid=0.000 pid_base=0.000 buoyancy_pwm=0 mask_valid=1 mask=0 forward_active=0
[CTRL] depth_valid=1 depth=11.550 vz=0.011 az=-0.013 target_valid=0 target=0.000 pid=0.000 pid_base=0.000 buoyancy_pwm=0 mask_valid=1 mask=0 forward_active=0
[CTRL] depth_valid=1 depth=11.493 vz=-0.125 az=-0.132 target_valid=0 target=0.000 pid=0.000 pid_base=0.000 buoyancy_pwm=0 mask_valid=1 mask=0 forward_active=0
$T,114,0,0,83,65,,1565,-838,-558,1208,0*73
[CTRL] depth_valid=1 depth=11.496 vz=-0.062 az=-0.044 target_valid=0 target=0.000 pid=0.000 pid_base=0.000 buoyancy_pwm=0 mask_valid=1 mask=0 forward_active=0
[CTRL] depth_valid=1 depth=11.519 vz=-0.018 az=-0.024 target_valid=0 target=0.000 pid=0.000 pid_base=0.000 buoyancy_pwm=0 mask_valid=1 mask=0 forward_active=0
[CTRL] depth_valid=1 depth=11.517 vz=-0.010 az=-0.008 target_valid=0 target=0.000 pid=0.000 pid_base=0.000 buoyancy_pwm=0 mask_valid=1 mask=0 forward_active=0
[CTRL] depth_valid=1 depth=11.504 vz=-0.050 az=-0.057 target_valid=0 target=0.000 pid=0.000 pid_base=0.000 buoyancy_pwm=0 mask_valid=1 mask=0 forward_active=0
$T,115,1,1,84,65,,1565,-838,-557,1202,0*70
[CTRL] depth_valid=1 depth=11.528 vz=-0.033 az=-0.060 target_valid=0 target=0.000 pid=0.000 pid_base=0.000 buoyancy_pwm=0 mask_valid=1 mask=0 forward_active=0
[CTRL] depth_valid=1 depth=11.504 vz=-0.086 az=-0.099 target_valid=0 target=0.000 pid=0.000 pid_base=0.000 buoyancy_pwm=0 mask_valid=1 mask=0 forward_active=0
[CTRL] depth_valid=1 depth=11.478 vz=-0.124 az=-0.123 target_valid=0 target=0.000 pid=0.000 pid_base=0.000 buoyancy_pwm=0 mask_valid=1 mask=0 forward_active=0
[OK]hb
[CTRL] depth_valid=1 depth=11.496 vz=-0.074 az=-0.079 target_valid=0 target=0.000 pid=0.000 pid_base=0.000 buoyancy_pwm=0 mask_valid=1 mask=0 forward_active=0
$T,115,0,0,84,63,,1575,-840,-567,1201,0*78
[CTRL] depth_valid=1 depth=11.577 vz=0.110 az=0.092 target_valid=0 target=0.000 pid=0.000 pid_base=0.000 buoyancy_pwm=0 mask_valid=1 mask=0 forward_active=0
[CTRL] depth_valid=1 depth=11.545 vz=-0.002 az=-0.019 target_valid=0 target=0.000 pid=0.000 pid_base=0.000 buoyancy_pwm=0 mask_valid=1 mask=0 forward_active=0
[CTRL] depth_valid=1 depth=11.542 vz=-0.020 az=-0.034 target_valid=0 target=0.000 pid=0.000 pid_base=0.000 buoyancy_pwm=0 mask_valid=1 mask=0 forward_active=0
[CTRL] depth_valid=1 depth=11.507 vz=-0.081 az=-0.074 target_valid=0 target=0.000 pid=0.000 pid_base=0.000 buoyancy_pwm=0 mask_valid=1 mask=0 forward_active=0
$T,115,0,0,84,63,,1579,-839,-571,1205,0*79
[CTRL] depth_valid=1 depth=11.487 vz=-0.102 az=-0.090 target_valid=0 target=0.000 pid=0.000 pid_base=0.000 buoyancy_pwm=0 mask_valid=1 mask=0 forward_active=0
[CTRL] depth_valid=1 depth=11.531 vz=-0.009 az=-0.019 target_valid=0 target=0.000 pid=0.000 pid_base=0.000 buoyancy_pwm=0 mask_valid=1 mask=0 forward_active=0
[CTRL] depth_valid=1 depth=11.480 vz=-0.139 az=-0.147 target_valid=0 target=0.000 pid=0.000 pid_base=0.000 buoyancy_pwm=0 mask_valid=1 mask=0 forward_active=0
[CTRL] depth_valid=1 depth=11.537 vz=0.023 az=0.020 target_valid=0 target=0.000 pid=0.000 pid_base=0.000 buoyancy_pwm=0 mask_valid=1 mask=0 forward_active=0
$T,115,0,0,84,63,,1581,-838,-573,1202,0*7A
[CTRL] depth_valid=1 depth=11.497 vz=-0.111 az=-0.128 target_valid=0 target=0.000 pid=0.000 pid_base=0.000 buoyancy_pwm=0 mask_valid=1 mask=0 forward_active=0
[OK]hb
[CTRL] depth_valid=1 depth=11.515 vz=-0.040 az=-0.043 target_valid=0 target=0.000 pid=0.000 pid_base=0.000 buoyancy_pwm=0 mask_valid=1 mask=0 forward_active=0
[CTRL] depth_valid=1 depth=11.501 vz=-0.065 az=-0.065 target_valid=0 target=0.000 pid=0.000 pid_base=0.000 buoyancy_pwm=0 mask_valid=1 mask=0 forward_active=0
[CTRL] depth_valid=1 depth=11.527 vz=-0.057 az=-0.091 target_valid=0 target=0.000 pid=0.000 pid_base=0.000 buoyancy_pwm=0 mask_valid=1 mask=0 forward_active=0
$T,115,0,0,84,63,,1563,-838,-555,1202,0*72
[CTRL] depth_valid=1 depth=11.540 vz=-0.011 az=-0.024 target_valid=0 target=0.000 pid=0.000 pid_base=0.000 buoyancy_pwm=0 mask_valid=1 mask=0 forward_active=0
[CTRL] depth_valid=1 depth=11.502 vz=-0.096 az=-0.098 target_valid=0 target=0.000 pid=0.000 pid_base=0.000 buoyancy_pwm=0 mask_valid=1 mask=0 forward_active=0
[CTRL] depth_valid=1 depth=11.502 vz=-0.081 az=-0.078 target_valid=0 target=0.000 pid=0.000 pid_base=0.000 buoyancy_pwm=0 mask_valid=1 mask=0 forward_active=0
[CTRL] depth_valid=1 depth=11.489 vz=-0.065 az=-0.045 target_valid=0 target=0.000 pid=0.000 pid_base=0.000 buoyancy_pwm=0 mask_valid=1 mask=0 forward_active=0
$T,115,0,1,84,63,,1584,-838,-575,1203,0*79
[CTRL] depth_valid=1 depth=11.545 vz=0.044 az=0.033 target_valid=0 target=0.000 pid=0.000 pid_base=0.000 buoyancy_pwm=0 mask_valid=1 mask=0 forward_active=0
[CTRL] depth_valid=1 depth=11.501 vz=-0.053 az=-0.052 target_valid=0 target=0.000 pid=0.000 pid_base=0.000 buoyancy_pwm=0 mask_valid=1 mask=0 forward_active=0
[CTRL] depth_valid=1 depth=11.509 vz=-0.059 az=-0.075 target_valid=0 target=0.000 pid=0.000 pid_base=0.000 buoyancy_pwm=0 mask_valid=1 mask=0 forward_active=0
[OK]hb
[CTRL] depth_valid=1 depth=11.494 vz=-0.089 az=-0.096 target_valid=0 target=0.000 pid=0.000 pid_base=0.000 buoyancy_pwm=0 mask_valid=1 mask=0 forward_active=0
$T,115,0,0,84,64,,1596,-838,-587,1203,0*71
[CTRL] depth_valid=1 depth=11.516 vz=-0.002 az=0.006 target_valid=0 target=0.000 pid=0.000 pid_base=0.000 buoyancy_pwm=0 mask_valid=1 mask=0 forward_active=0
[CTRL] depth_valid=1 depth=11.524 vz=-0.034 az=-0.058 target_valid=0 target=0.000 pid=0.000 pid_base=0.000 buoyancy_pwm=0 mask_valid=1 mask=0 forward_active=0
[CTRL] depth_valid=1 depth=11.473 vz=-0.128 az=-0.124 target_valid=0 target=0.000 pid=0.000 pid_base=0.000 buoyancy_pwm=0 mask_valid=1 mask=0 forward_active=0
[CTRL] depth_valid=1 depth=11.484 vz=-0.031 az=0.000 target_valid=0 target=0.000 pid=0.000 pid_base=0.000 buoyancy_pwm=0 mask_valid=1 mask=0 forward_active=0
$T,115,0,1,84,63,,1571,-837,-562,1203,0*7A
[CTRL] depth_valid=1 depth=11.504 vz=-0.037 az=-0.056 target_valid=0 target=0.000 pid=0.000 pid_base=0.000 buoyancy_pwm=0 mask_valid=1 mask=0 forward_active=0
[CTRL] depth_valid=1 depth=11.511 vz=-0.046 az=-0.072 target_valid=0 target=0.000 pid=0.000 pid_base=0.000 buoyancy_pwm=0 mask_valid=1 mask=0 forward_active=0
[CTRL] depth_valid=1 depth=11.473 vz=-0.116 az=-0.116 target_valid=0 target=0.000 pid=0.000 pid_base=0.000 buoyancy_pwm=0 mask_valid=1 mask=0 forward_active=0
[CTRL] depth_valid=1 depth=11.483 vz=-0.052 az=-0.039 target_valid=0 target=0.000 pid=0.000 pid_base=0.000 buoyancy_pwm=0 mask_valid=1 mask=0 forward_active=0
$T,115,0,0,,64,,1593,-837,-583,1207,0*77
[CTRL] depth_valid=1 depth=11.507 vz=-0.009 az=-0.016 target_valid=0 target=0.000 pid=0.000 pid_base=0.000 buoyancy_pwm=0 mask_valid=1 mask=0 forward_active=0
[OK]hb
[CTRL] depth_valid=1 depth=11.494 vz=-0.061 az=-0.077 target_valid=0 target=0.000 pid=0.000 pid_base=0.000 buoyancy_pwm=0 mask_valid=1 mask=0 forward_active=0
[CTRL] depth_valid=1 depth=11.517 vz=0.006 az=0.001 target_valid=0 target=0.000 pid=0.000 pid_base=0.000 buoyancy_pwm=0 mask_valid=1 mask=0 forward_active=0
[CTRL] depth_valid=1 depth=11.491 vz=-0.084 az=-0.097 target_valid=0 target=0.000 pid=0.000 pid_base=0.000 buoyancy_pwm=0 mask_valid=1 mask=0 forward_active=0
$T,115,0,0,,64,,1605,-839,-596,1207,0*71
[CTRL] depth_valid=1 depth=11.463 vz=-0.141 az=-0.148 target_valid=0 target=0.000 pid=0.000 pid_base=0.000 buoyancy_pwm=0 mask_valid=1 mask=0 forward_active=0
[CTRL] depth_valid=1 depth=11.455 vz=-0.101 az=-0.082 target_valid=0 target=0.000 pid=0.000 pid_base=0.000 buoyancy_pwm=0 mask_valid=1 mask=0 forward_active=0
[CTRL] depth_valid=1 depth=11.477 vz=-0.036 az=-0.026 target_valid=0 target=0.000 pid=0.000 pid_base=0.000 buoyancy_pwm=0 mask_valid=1 mask=0 forward_active=0
[CTRL] depth_valid=1 depth=11.507 vz=-0.013 az=-0.037 target_valid=0 target=0.000 pid=0.000 pid_base=0.000 buoyancy_pwm=0 mask_valid=1 mask=0 forward_active=0
$T,115,0,0,,64,,1580,-838,-570,1204,0*75
[CTRL] depth_valid=1 depth=11.501 vz=-0.033 az=-0.046 target_valid=0 target=0.000 pid=0.000 pid_base=0.000 buoyancy_pwm=0 mask_valid=1 mask=0 forward_active=0
[CTRL] depth_valid=1 depth=11.494 vz=-0.068 az=-0.086 target_valid=0 target=0.000 pid=0.000 pid_base=0.000 buoyancy_pwm=0 mask_valid=1 mask=0 forward_active=0
[CTRL] depth_valid=1 depth=11.463 vz=-0.155 az=-0.171 target_valid=0 target=0.000 pid=0.000 pid_base=0.000 buoyancy_pwm=0 mask_valid=1 mask=0 forward_active=0
[OK]hb
[CTRL] depth_valid=1 depth=11.538 vz=0.049 az=0.041 target_valid=0 target=0.000 pid=0.000 pid_base=0.000 buoyancy_pwm=0 mask_valid=1 mask=0 forward_active=0
$T,115,1,1,,65,,1596,-836,-586,1202,0*72
[CTRL] depth_valid=1 depth=11.479 vz=-0.187 az=-0.238 target_valid=0 target=0.000 pid=0.000 pid_base=0.000 buoyancy_pwm=0 mask_valid=1 mask=0 forward_active=0
[CTRL] depth_valid=1 depth=11.478 vz=-0.134 az=-0.133 target_valid=0 target=0.000 pid=0.000 pid_base=0.000 buoyancy_pwm=0 mask_valid=1 mask=0 forward_active=0
[CTRL] depth_valid=1 depth=11.446 vz=-0.170 az=-0.155 target_valid=0 target=0.000 pid=0.000 pid_base=0.000 buoyancy_pwm=0 mask_valid=1 mask=0 forward_active=0
[CTRL] depth_valid=1 depth=11.442 vz=-0.094 az=-0.051 target_valid=0 target=0.000 pid=0.000 pid_base=0.000 buoyancy_pwm=0 mask_valid=1 mask=0 forward_active=0
$T,115,0,1,,65,,1599,-838,-588,1205,0*7B
[CTRL] depth_valid=1 depth=11.471 vz=-0.054 az=-0.059 target_valid=0 target=0.000 pid=0.000 pid_base=0.000 buoyancy_pwm=0 mask_valid=1 mask=0 forward_active=0
[CTRL] depth_valid=1 depth=11.480 vz=-0.064 az=-0.084 target_valid=0 target=0.000 pid=0.000 pid_base=0.000 buoyancy_pwm=0 mask_valid=1 mask=0 forward_active=0
[CTRL] depth_valid=1 depth=11.504 vz=-0.031 az=-0.057 target_valid=0 target=0.000 pid=0.000 pid_base=0.000 buoyancy_pwm=0 mask_valid=1 mask=0 forward_active=0
[CTRL] depth_valid=1 depth=11.498 vz=-0.066 az=-0.087 target_valid=0 target=0.000 pid=0.000 pid_base=0.000 buoyancy_pwm=0 mask_valid=1 mask=0 forward_active=0
$T,115,0,0,,66,,1584,-837,-574,1204,0*78
[CTRL] depth_valid=1 depth=11.502 vz=-0.042 az=-0.049 target_valid=0 target=0.000 pid=0.000 pid_base=0.000 buoyancy_pwm=0 mask_valid=1 mask=0 forward_active=0
[OK]hb
[CTRL] depth_valid=1 depth=11.484 vz=-0.113 az=-0.133 target_valid=0 target=0.000 pid=0.000 pid_base=0.000 buoyancy_pwm=0 mask_valid=1 mask=0 forward_active=0
[CTRL] depth_valid=1 depth=11.489 vz=-0.068 az=-0.065 target_valid=0 target=0.000 pid=0.000 pid_base=0.000 buoyancy_pwm=0 mask_valid=1 mask=0 forward_active=0
[CTRL] depth_valid=1 depth=11.480 vz=-0.096 az=-0.103 target_valid=0 target=0.000 pid=0.000 pid_base=0.000 buoyancy_pwm=0 mask_valid=1 mask=0 forward_active=0
$T,115,0,0,,67,,1600,-839,-589,1204,0*7A
[CTRL] depth_valid=1 depth=11.505 vz=-0.032 az=-0.042 target_valid=0 target=0.000 pid=0.000 pid_base=0.000 buoyancy_pwm=0 mask_valid=1 mask=0 forward_active=0
[CTRL] depth_valid=1 depth=11.500 vz=-0.066 az=-0.082 target_valid=0 target=0.000 pid=0.000 pid_base=0.000 buoyancy_pwm=0 mask_valid=1 mask=0 forward_active=0
[CTRL] depth_valid=1 depth=11.532 vz=-0.000 az=-0.017 target_valid=0 target=0.000 pid=0.000 pid_base=0.000 buoyancy_pwm=0 mask_valid=1 mask=0 forward_active=0
[CTRL] depth_valid=1 depth=11.447 vz=-0.163 az=-0.145 target_valid=0 target=0.000 pid=0.000 pid_base=0.000 buoyancy_pwm=0 mask_valid=1 mask=0 forward_active=0
$T,114,0,0,,67,,1607,-839,-596,1206,0*70
[CTRL] depth_valid=1 depth=11.505 vz=-0.018 az=-0.024 target_valid=0 target=0.000 pid=0.000 pid_base=0.000 buoyancy_pwm=0 mask_valid=1 mask=0 forward_active=0
[CTRL] depth_valid=1 depth=11.482 vz=-0.097 az=-0.112 target_valid=0 target=0.000 pid=0.000 pid_base=0.000 buoyancy_pwm=0 mask_valid=1 mask=0 forward_active=0
[CTRL] depth_valid=1 depth=11.520 vz=0.006 az=-0.004 target_valid=0 target=0.000 pid=0.000 pid_base=0.000 buoyancy_pwm=0 mask_valid=1 mask=0 forward_active=0
[OK]hb
[CTRL] depth_valid=1 depth=11.500 vz=-0.057 az=-0.070 target_valid=0 target=0.000 pid=0.000 pid_base=0.000 buoyancy_pwm=0 mask_valid=1 mask=0 forward_active=0
$T,115,0,0,,67,,1593,-839,-582,1206,0*7A
[CTRL] depth_valid=1 depth=11.487 vz=-0.097 az=-0.112 target_valid=0 target=0.000 pid=0.000 pid_base=0.000 buoyancy_pwm=0 mask_valid=1 mask=0 forward_active=0
[CTRL] depth_valid=1 depth=11.518 vz=-0.000 az=-0.004 target_valid=0 target=0.000 pid=0.000 pid_base=0.000 buoyancy_pwm=0 mask_valid=1 mask=0 forward_active=0
[CTRL] depth_valid=1 depth=11.472 vz=-0.144 az=-0.164 target_valid=0 target=0.000 pid=0.000 pid_base=0.000 buoyancy_pwm=0 mask_valid=1 mask=0 forward_active=0
[CTRL] depth_valid=1 depth=11.521 vz=-0.020 az=-0.037 target_valid=0 target=0.000 pid=0.000 pid_base=0.000 buoyancy_pwm=0 mask_valid=1 mask=0 forward_active=0
$T,114,-1,-1,,68,,1589,-839,-577,1202,0*71
[CTRL] depth_valid=1 depth=11.494 vz=-0.086 az=-0.097 target_valid=0 target=0.000 pid=0.000 pid_base=0.000 buoyancy_pwm=0 mask_valid=1 mask=0 forward_active=0
[CTRL] depth_valid=1 depth=11.486 vz=-0.105 az=-0.116 target_valid=0 target=0.000 pid=0.000 pid_base=0.000 buoyancy_pwm=0 mask_valid=1 mask=0 forward_active=0
[CTRL] depth_valid=1 depth=11.504 vz=-0.040 az=-0.044 target_valid=0 target=0.000 pid=0.000 pid_base=0.000 buoyancy_pwm=0 mask_valid=1 mask=0 forward_active=0
[CTRL] depth_valid=1 depth=11.478 vz=-0.105 az=-0.115 target_valid=0 target=0.000 pid=0.000 pid_base=0.000 buoyancy_pwm=0 mask_valid=1 mask=0 forward_active=0
$T,115,0,0,,68,,1591,-839,-579,1211,0*75
[CTRL] depth_valid=1 depth=11.506 vz=-0.041 az=-0.057 target_valid=0 target=0.000 pid=0.000 pid_base=0.000 buoyancy_pwm=0 mask_valid=1 mask=0 forward_active=0
[OK]hb
[CTRL] depth_valid=1 depth=11.470 vz=-0.147 az=-0.164 target_valid=0 target=0.000 pid=0.000 pid_base=0.000 buoyancy_pwm=0 mask_valid=1 mask=0 forward_active=0
[CTRL] depth_valid=1 depth=11.503 vz=-0.022 az=-0.020 target_valid=0 target=0.000 pid=0.000 pid_base=0.000 buoyancy_pwm=0 mask_valid=1 mask=0 forward_active=0
[CTRL] depth_valid=1 depth=11.474 vz=-0.125 az=-0.146 target_valid=0 target=0.000 pid=0.000 pid_base=0.000 buoyancy_pwm=0 mask_valid=1 mask=0 forward_active=0
$T,115,0,0,,69,,1601,-839,-589,1211,0*71
[CTRL] depth_valid=1 depth=11.498 vz=-0.053 az=-0.063 target_valid=0 target=0.000 pid=0.000 pid_base=0.000 buoyancy_pwm=0 mask_valid=1 mask=0 forward_active=0
[CTRL] depth_valid=1 depth=11.502 vz=-0.064 az=-0.084 target_valid=0 target=0.000 pid=0.000 pid_base=0.000 buoyancy_pwm=0 mask_valid=1 mask=0 forward_active=0
[CTRL] depth_valid=1 depth=11.495 vz=-0.078 az=-0.091 target_valid=0 target=0.000 pid=0.000 pid_base=0.000 buoyancy_pwm=0 mask_valid=1 mask=0 forward_active=0
[CTRL] depth_valid=1 depth=11.501 vz=-0.024 az=-0.016 target_valid=0 target=0.000 pid=0.000 pid_base=0.000 buoyancy_pwm=0 mask_valid=1 mask=0 forward_active=0
$T,115,0,0,63,70,,1589,-839,-576,1202,0*7D
[CTRL] depth_valid=1 depth=11.546 vz=0.057 az=0.041 target_valid=0 target=0.000 pid=0.000 pid_base=0.000 buoyancy_pwm=0 mask_valid=1 mask=0 forward_active=0
[CTRL] depth_valid=1 depth=11.546 vz=-0.019 az=-0.063 target_valid=0 target=0.000 pid=0.000 pid_base=0.000 buoyancy_pwm=0 mask_valid=1 mask=0 forward_active=0
[CTRL]vz=-0.10598 target_valid=0 target=0.000 pid=0.000 pid_base=0.000 buoyancy_pwm=0 mask_valid=1 mask=0 forward_active=0
[CTRL] depth_valid=1 depth=11.467 vz=-0.112 az=-0.096 target_valid=0 target=0.000 pid=0.000 pid_base=0.000 buoyancy_pwm=0 mask_valid=1 mask=0 forward_active=0
$T,115,0,1,63,64,,1592,-838,-579,1206,0*79
[CTRL] depth_valid=1 depth=11.505 vz=-0.043 az=-0.059 target_valid=0 target=0.000 pid=0.000 pid_base=0.000 buoyancy_pwm=0 mask_valid=1 mask=0 forward_active=0
[CTRL] depth_valid=1 depth=11.526 vz=-0.038 az=-0.076 target_valid=0 target=0.000 pid=0.000 pid_base=0.000 buoyancy_pwm=0 mask_valid=1 mask=0 forward_active=0
[CTRL] depth_valid=1 depth=11.520 vz=-0.058 az=-0.080 target_valid=0 target=0.000 pid=0.000 pid_base=0.000 buoyancy_pwm=0 mask_valid=1 mask=0 forward_active=0
[CTRL] depth_valid=1 depth=11.493 vz=-0.080 az=-0.072 target_valid=0 target=0.000 pid=0.000 pid_base=0.000 buoyancy_pwm=0 mask_valid=1 mask=0 forward_active=0
$T,114,0,0,62,66,,1613,-841,-600,1206,0*73
[CTRL] depth_valid=1 depth=11.454 vz=-0.115 az=-0.085 target_valid=0 target=0.000 pid=0.000 pid_base=0.000 buoyancy_pwm=0 mask_valid=1 mask=0 forward_active=0
[CTRL] depth_valid=1 depth=11.536 vz=0.089 az=0.095 target_valid=0 target=0.000 pid=0.000 pid_base=0.000 buoyancy_pwm=0 mask_valid=1 mask=0 forward_active=0
[CTRL] depth_valid=1 depth=11.511 vz=-0.033 az=-0.061 target_valid=0 target=0.000 pid=0.000 pid_base=0.000 buoyancy_pwm=0 mask_valid=1 mask=0 forward_active=0
[CTRL] depth_valid=1 depth=11.521 vz=-0.037 az=-0.065 target_valid=0 target=0.000 pid=0.000 pid_base=0.000 buoyancy_pwm=0 mask_valid=1 mask=0 forward_active=0
$T,114,0,0,62,55,,1598,-839,-585,1200,0*74
[CTRL] depth_valid=1 depth=11.488 vz=-0.075 az=-0.069 target_valid=0 target=0.000 pid=0.000 pid_base=0.000 buoyancy_pwm=0 mask_valid=1 mask=0 forward_active=0
[OK]hb
[CTRL] depth_valid=1 depth=11.505 vz=-0.026 az=-0.028 target_valid=0 target=0.000 pid=0.000 pid_base=0.000 buoyancy_pwm=0 mask_valid=1 mask=0 forward_active=0
[CTRL] depth_valid=1 depth=11.487 vz=-0.080 az=-0.091 target_valid=0 target=0.000 pid=0.000 pid_base=0.000 buoyancy_pwm=0 mask_valid=1 mask=0 forward_active=0
[CTRL] depth_valid=1 depth=11.487 vz=-0.064 az=-0.067 target_valid=0 target=0.000 pid=0.000 pid_base=0.000 buoyancy_pwm=0 mask_valid=1 mask=0 forward_active=0
$T,114,0,0,62,56,,1595,-838,-582,1199,0*7F
[CTRL] depth_valid=1 depth=11.459 vz=-0.142 az=-0.157 target_valid=0 target=0.000 pid=0.000 pid_base=0.000 buoyancy_pwm=0 mask_valid=1 mask=0 forward_active=0
[CTRL] depth_valid=1 depth=11.520 vz=0.045 az=0.047 target_valid=0 target=0.000 pid=0.000 pid_base=0.000 buoyancy_pwm=0 mask_valid=1 mask=0 forward_active=0
[CTRL] depth_valid=1 depth=11.503 vz=-0.061 az=-0.092 target_valid=0 target=0.000 pid=0.000 pid_base=0.000 buoyancy_pwm=0 mask_valid=1 mask=0 forward_active=0
[CTRL] depth_valid=1 depth=11.509 vz=-0.069 az=-0.099 target_valid=0 target=0.000 pid=0.000 pid_base=0.000 buoyancy_pwm=0 mask_valid=1 mask=0 forward_active=0
$T,115,0,0,61,70,,1611,-838,-598,1203,0*7D
[CTRL] depth_valid=1 depth=11.539 vz=0.011 az=-0.004 target_valid=0 target=0.000 pid=0.000 pid_base=0.000 buoyancy_pwm=0 mask_valid=1 mask=0 forward_active=0
[CTRL] depth_valid=1 depth=11.491 vz=-0.102 az=-0.107 target_valid=0 target=0.000 pid=0.000 pid_base=0.000 buoyancy_pwm=0 mask_valid=1 mask=0 forward_active=0
[CTRL] depth_valid=1 depth=11.482 vz=-0.071 az=-0.052 target_valid=0 target=0.000 pid=0.000 pid_base=0.000 buoyancy_pwm=0 mask_valid=1 mask=0 forward_active=0
[OK]hb
[CTRL] depth_valid=1 depth=11.480 vz=-0.063 az=-0.055 target_valid=0 target=0.000 pid=0.000 pid_base=0.000 buoyancy_pwm=0 mask_valid=1 mask=0 forward_active=0
$T,115,0,1,61,58,,1594,-838,-581,1203,0*70
[CTRL] depth_valid=1 depth=11.502 vz=-0.057 az=-0.086 target_valid=0 target=0.000 pid=0.000 pid_base=0.000 buoyancy_pwm=0 mask_valid=1 mask=0 forward_active=0
[CTRL] depth_valid=1 depth=11.490 vz=-0.102 az=-0.130 target_valid=0 target=0.000 pid=0.000 pid_base=0.000 buoyancy_pwm=0 mask_valid=1 mask=0 forward_active=0
[CTRL] depth_valid=1 depth=11.472 vz=-0.113 az=-0.117 target_valid=0 target=0.000 pid=0.000 pid_base=0.000 buoyancy_pwm=0 mask_valid=1 mask=0 forward_active=0
[CTRL] depth_valid=1 depth=11.455 vz=-0.100 az=-0.081 target_valid=0 target=0.000 pid=0.000 pid_base=0.000 buoyancy_pwm=0 mask_valid=1 mask=0 forward_active=0
$T,114,0,0,60,57,,1600,-838,-586,1203,0*77
[CTRL] depth_valid=1 depth=11.492 vz=-0.026 az=-0.036 target_valid=0 target=0.000 pid=0.000 pid_base=0.000 buoyancy_pwm=0 mask_valid=1 mask=0 forward_active=0
[CTRL] depth_valid=1 depth=11.486 vz=-0.096 az=-0.136 target_valid=0 target=0.000 pid=0.000 pid_base=0.000 buoyancy_pwm=0 mask_valid=1 mask=0 forward_active=0
[CTRL] depth_valid=1 depth=11.490 vz=-0.045 az=-0.049 target_valid=0 target=0.000 pid=0.000 pid_base=0.000 buoyancy_pwm=0 mask_valid=1 mask=0 forward_active=0
[CTRL] depth_valid=1 depth=11.455 vz=-0.135 az=-0.144 target_valid=0 target=0.000 pid=0.000 pid_base=0.000 buoyancy_pwm=0 mask_valid=1 mask=0 forward_active=0
$T,114,0,0,60,57,,1622,-838,-608,1207,0*76
[CTRL] depth_valid=1 depth=11.482 vz=-0.027 az=-0.020 target_valid=0 target=0.000 pid=0.000 pid_base=0.000 buoyancy_pwm=0 mask_valid=1 mask=0 forward_active=0
[OK]hb
[CTRL] depth_valid=1 depth=11.501 vz=-0.025 az=-0.049 target_valid=0 target=0.000 pid=0.000 pid_base=0.000 buoyancy_pwm=0 mask_valid=1 mask=0 forward_active=0
[CTRL] depth_valid=1 depth=11.503 vz=-0.023 az=-0.040 target_valid=0 target=0.000 pid=0.000 pid_base=0.000 buoyancy_pwm=0 mask_valid=1 mask=0 forward_active=0
[CTRL] depth_valid=1 depth=11.471 vz=-0.104 az=-0.117 target_valid=0 target=0.000 pid=0.000 pid_base=0.000 buoyancy_pwm=0 mask_valid=1 mask=0 forward_active=0
$T,114,0,0,60,57,,1607,-838,-593,1207,0*70
[CTRL] depth_valid=1 depth=11.450 vz=-0.104 az=-0.090 target_valid=0 target=0.000 pid=0.000 pid_base=0.000 buoyancy_pwm=0 mask_valid=1 mask=0 forward_active=0
[CTRL] depth_valid=1 depth=11.515 vz=0.004 az=-0.026 target_valid=0 target=0.000 pid=0.000 pid_base=0.000 buoyancy_pwm=0 mask_valid=1 mask=0 forward_active=0
[CTRL] depth_valid=1 depth=11.483 vz=-0.125 az=-0.165 target_valid=0 target=0.000 pid=0.000 pid_base=0.000 buoyancy_pwm=0 mask_valid=1 mask=0 forward_active=0
[CTRL] depth_valid=1 depth=11.535 vz=0.006 az=-0.021 target_valid=0 target=0.000 pid=0.000 pid_base=0.000 buoyancy_pwm=0 mask_valid=1 mask=0 forward_active=0
$T,115,0,0,60,57,,1604,-838,-590,1200,0*76
[CTRL] depth_valid=1 depth=11.484 vz=-0.098 az=-0.097 target_valid=0 target=0.000 pid=0.000 pid_base=0.000 buoyancy_pwm=0 mask_valid=1 mask=0 forward_active=0
[CTRL] depth_valid=1 depth=11.495 vz=-0.047 az=-0.042 target_valid=0 target=0.000 pid=0.000 pid_base=0.000 buoyancy_pwm=0 mask_valid=1 mask=0 forward_active=0
[CTRL] depth_valid=1 depth=11.474 vz=-0.083 az=-0.077 target_valid=0 target=0.000 pid=0.000 pid_base=0.000 buoyancy_pwm=0 mask_valid=1 mask=0 forward_active=0
[OK]hb
[CTRL] depth_valid=1 depth=11.502 vz=-0.031 az=-0.044 target_valid=0 target=0.000 pid=0.000 pid_base=0.000 buoyancy_pwm=0 mask_valid=1 mask=0 forward_active=0
$T,115,0,0,59,57,,1610,-839,-596,1202,0*7C
[CTRL] depth_valid=1 depth=11.487 vz=-0.101 az=-0.129 target_valid=0 target=0.000 pid=0.000 pid_base=0.000 buoyancy_pwm=0 mask_valid=1 mask=0 forward_active=0
[CTRL] depth_valid=1 depth=11.459 vz=-0.138 az=-0.140 target_valid=0 target=0.000 pid=0.000 pid_base=0.000 buoyancy_pwm=0 mask_valid=1 mask=0 forward_active=0
[CTRL] depth_valid=1 depth=11.502 vz=-0.039 az=-0.053 target_valid=0 target=0.000 pid=0.000 pid_base=0.000 buoyancy_pwm=0 mask_valid=1 mask=0 forward_active=0
[CTRL] depth_valid=1 depth=11.470 vz=-0.087 az=-0.083 target_valid=0 target=0.000 pid=0.000 pid_base=0.000 buoyancy_pwm=0 mask_valid=1 mask=0 forward_active=0
$T,114,0,0,59,57,,1606,-838,-591,1203,0*7D
[CTRL] depth_valid=1 depth=11.504 vz=0.006 az=0.005 target_valid=0 target=0.000 pid=0.000 pid_base=0.000 buoyancy_pwm=0 mask_valid=1 mask=0 forward_active=0
[CTRL] depth_valid=1 depth=11.532 vz=-0.002 az=-0.044 target_valid=0 target=0.000 pid=0.000 pid_base=0.000 buoyancy_pwm=0 mask_valid=1 mask=0 forward_active=0
[CTRL] depth_valid=1 depth=11.489 vz=-0.105 az=-0.123 target_valid=0 target=0.000 pid=0.000 pid_base=0.000 buoyancy_pwm=0 mask_valid=1 mask=0 forward_active=0
[CTRL] depth_valid=1 depth=11.506 vz=-0.073 az=-0.090 target_valid=0 target=0.000 pid=0.000 pid_base=0.000 buoyancy_pwm=0 mask_valid=1 mask=0 forward_active=0
$T,115,0,0,58,56,,1605,-838,-591,1203,0*7F
[CTRL] depth_valid=1 depth=11.466 vz=-0.115 az=-0.096 target_valid=0 target=0.000 pid=0.000 pid_base=0.000 buoyancy_pwm=0 mask_valid=1 mask=0 forward_active=0
[OK]hb
[CTRL] depth_valid=1 depth=11.542 vz=0.085 az=0.091 target_valid=0 target=0.000 pid=0.000 pid_base=0.000 buoyancy_pwm=0 mask_valid=1 mask=0 forward_active=0
[CTRL] depth_valid=1 depth=11.494 vz=-0.097 az=-0.124 target_valid=0 target=0.000 pid=0.000 pid_base=0.000 buoyancy_pwm=0 mask_valid=1 mask=0 forward_active=0
[CTRL] depth_valid=1 depth=11.464 vz=-0.164 az=-0.178 target_valid=0 target=0.000 pid=0.000 pid_base=0.000 buoyancy_pwm=0 mask_valid=1 mask=0 forward_active=0
$T,115,0,0,58,58,,1599,-839,-585,1203,0*73
[CTRL] depth_valid=1 depth=11.487 vz=-0.080 az=-0.081 target_valid=0 target=0.000 pid=0.000 pid_base=0.000 buoyancy_pwm=0 mask_valid=1 mask=0 forward_active=0
[CTRL] depth_valid=1 depth=11.492 vz=-0.032 az=-0.022 target_valid=0 target=0.000 pid=0.000 pid_base=0.000 buoyancy_pwm=0 mask_valid=1 mask=0 forward_active=0
[CTRL] depth_valid=1 depth=11.480 vz=-0.089 az=-0.103 target_valid=0 target=0.000 pid=0.000 pid_base=0.000 buoyancy_pwm=0 mask_valid=1 mask=0 forward_active=0
[CTRL] depth_valid=1 depth=11.488 vz=-0.067 az=-0.074 target_valid=0 target=0.000 pid=0.000 pid_base=0.000 buoyancy_pwm=0 mask_valid=1 mask=0 forward_active=0
$T,115,0,0,58,57,,1616,-839,-602,1201,0*76
[CTRL] depth_valid=1 depth=11.480 vz=-0.077 az=-0.082 target_valid=0 target=0.000 pid=0.000 pid_base=0.000 buoyancy_pwm=0 mask_valid=1 mask=0 forward_active=0
[CTRL] depth_valid=1 depth=11.487 vz=-0.078 az=-0.096 target_valid=0 target=0.000 pid=0.000 pid_base=0.000 buoyancy_pwm=0 mask_valid=1 mask=0 forward_active=0
[CTRL] depth_valid=1 depth=11.520 vz=0.008 az=-0.004 target_valid=0 target=0.000 pid=0.000 pid_base=0.000 buoyancy_pwm=0 mask_valid=1 mask=0 forward_active=0
[OK]hb
[CTRL] depth_valid=1 depth=11.469 vz=-0.152 az=-0.174 target_valid=0 target=0.000 pid=0.000 pid_base=0.000 buoyancy_pwm=0 mask_valid=1 mask=0 forward_active=0
$T,114,-1,0,58,57,,1615,-840,-600,1201,0*54
[CTRL] depth_valid=1 depth=11.472 vz=-0.071 az=-0.053 target_valid=0 target=0.000 pid=0.000 pid_base=0.000 buoyancy_pwm=0 mask_valid=1 mask=0 forward_active=0
[CTRL] depth_valid=1 depth=11.478 vz=-0.077 az=-0.085 target_valid=0 target=0.000 pid=0.000 pid_base=0.000 buoyancy_pwm=0 mask_valid=1 mask=0 forward_active=0
[CTRL] depth_valid=1 depth=11.496 vz=-0.044 az=-0.061 target_valid=0 target=0.000 pid=0.000 pid_base=0.000 buoyancy_pwm=0 mask_valid=1 mask=0 forward_active=0
[CTRL] depth_valid=1 depth=11.499 vz=-0.034 az=-0.040 target_valid=0 target=0.000 pid=0.000 pid_base=0.000 buoyancy_pwm=0 mask_valid=1 mask=0 forward_active=0
$T,114,0,0,58,57,,1598,-840,-584,1198,0*72
[CTRL] depth_valid=1 depth=11.481 vz=-0.068 az=-0.071 target_valid=0 target=0.000 pid=0.000 pid_base=0.000 buoyancy_pwm=0 mask_valid=1 mask=0 forward_active=0
[CTRL] depth_valid=1 depth=11.482 vz=-0.064 az=-0.070 target_valid=0 target=0.000 pid=0.000 pid_base=0.000 buoyancy_pwm=0 mask_valid=1 mask=0 forward_active=0
[CTRL] depth_valid=1 depth=11.459 vz=-0.098 az=-0.095 target_valid=0 target=0.000 pid=0.000 pid_base=0.000 buoyancy_pwm=0 mask_valid=1 mask=0 forward_active=0
[CTRL] depth_valid=1 depth=11.522 vz=0.050 az=0.038 target_valid=0 target=0.000 pid=0.000 pid_base=0.000 buoyancy_pwm=0 mask_valid=1 mask=0 forward_active=0
$T,115,0,0,57,57,,1609,-839,-595,1201,0*7A
[CTRL] depth_valid=1 depth=11.484 vz=-0.081 az=-0.103 target_valid=0 target=0.000 pid=0.000 pid_base=0.000 buoyancy_pwm=0 mask_valid=1 mask=0 forward_active=0
[OK]hb
Target depth set to 35.0 cm
[OK]l35#16[ACK] l35#16

[CTRL] depth_valid=1 depth=11.490 vz=-0.061 az=-0.073 target_valid=1 target=35.000 pid=0.000 pid_base=0.000 buoyancy_pwm=0 mask_valid=1 mask=0 forward_active=0
<- Minima: BUOY 
[CTRL] depth_valid=1 depth=11.459 vz=-0.159 az=-0.178 target_valid=1 target=35.000 pid=100.000 pid_base=0.266 buoyancy_pwm=255 mask_valid=1 mask=0 forward_active=0
Target depth set to 40.0 cm
[OK]l40#17[ACK] l40#17

[CTRL] depth_valid=1 depth=11.555 vz=0.090 az=0.076 target_valid=1 target=40.000 pid=100.000 pid_base=0.269 buoyancy_pwm=255 mask_valid=1 mask=0 forward_active=0
$T,116,2,2,57,57,,1787,-843,-766,1203,4*7B
[CTRL] depth_valid=1 depth=11.734 vz=0.284 az=0.147 target_valid=1 target=40.000 pid=100.000 pid_base=0.275 buoyancy_pwm=255 mask_valid=1 mask=0 forward_active=0
[CTRL] depth_valid=1 depth=11.694 vz=-0.076 az=-0.253 target_valid=1 target=40.000 pid=100.000 pid_base=0.274 buoyancy_pwm=255 mask_valid=1 mask=0 forward_active=0
[CTRL] depth_valid=1 depth=11.670 vz=-0.119 az=-0.189 target_valid=1 target=40.000 pid=100.000 pid_base=0.273 buoyancy_pwm=255 mask_valid=1 mask=0 forward_active=0
[CTRL] depth_valid=1 depth=11.519 vz=-0.363 az=-0.328 target_valid=1 target=40.000 pid=100.000 pid_base=0.268 buoyancy_pwm=255 mask_valid=1 mask=0 forward_active=0
$T,115,-1,0,58,57,,-1263,-798,-1304,1211,4*42
[CTRL] depth_valid=1 depth=11.750 vz=0.316 az=0.360 target_valid=1 target=40.000 pid=100.000 pid_base=0.275 buoyancy_pwm=255 mask_valid=1 mask=0 forward_active=0
[CTRL] depth_valid=1 depth=12.250 vz=1.040 az=0.801 target_valid=1 target=40.000 pid=100.000 pid_base=0.290 buoyancy_pwm=255 mask_valid=1 mask=0 forward_active=0
[CTRL] depth_valid=1 depth=13.093 vz=1.854 az=1.134 target_valid=1 target=40.000 pid=100.000 pid_base=0.316 buoyancy_pwm=255 mask_valid=1 mask=0 forward_active=0
[OK]hb
[CTRL] depth_valid=1 depth=14.455 vz=2.981 az=1.605 target_valid=1 target=40.000 pid=32.052 pid_base=0.270 buoyancy_pwm=82 mask_valid=1 mask=0 forward_active=0
$T,150,35,18,58,58,,-1153,-738,-1411,1210,4*67
[CTRL] depth_valid=1 depth=16.428 vz=4.292 az=2.010 target_valid=1 target=40.000 pid=-14.654 pid_base=0.205 buoyancy_pwm=80 mask_valid=1 mask=384 forward_active=0
[CTRL] depth_valid=1 depth=19.059 vz=5.640 az=2.227 target_valid=1 target=40.000 pid=-37.108 pid_base=0.171 buoyancy_pwm=95 mask_valid=1 mask=384 forward_active=0
[CTRL] depth_valid=1 depth=21.815 vz=5.888 az=1.350 target_valid=1 target=40.000 pid=-45.583 pid_base=0.155 buoyancy_pwm=116 mask_valid=1 mask=384 forward_active=0
[CTRL] depth_valid=1 depth=24.151 vz=4.972 az=-0.068 target_valid=1 target=40.000 pid=-37.709 pid_base=0.140 buoyancy_pwm=96 mask_valid=1 mask=384 forward_active=0
$T,247,43,-6,58,58,,-1294,-796,-1269,1210,4*74
[CTRL] depth_valid=1 depth=25.796 vz=3.381 az=-1.359 target_valid=1 target=40.000 pid=-19.200 pid_base=0.114 buoyancy_pwm=80 mask_valid=1 mask=384 forward_active=0
[CTRL] depth_valid=1 depth=27.129 vz=2.341 az=-1.668 target_valid=1 target=40.000 pid=-7.370 pid_base=0.085 buoyancy_pwm=80 mask_valid=1 mask=384 forward_active=0
<- Minima: IDLE
[CTRL] depth_valid=1 depth=28.182 vz=1.665 az=-1.522 target_valid=1 target=40.000 pid=0.000 pid_base=0.054 buoyancy_pwm=0 mask_valid=1 mask=0 forward_active=0
[CTRL] depth_valid=1 depth=29.091 vz=1.391 az=-1.136 target_valid=1 target=40.000 pid=16.331 pid_base=0.025 buoyancy_pwm=0 mask_valid=1 mask=0 forward_active=0
$T,293,13,-9,,58,,-1232,-782,-1343,1202,0*7D
<- Minima: BUOY 
[CTRL] depth_valid=1 depth=29.936 vz=1.381 az=-0.672 target_valid=1 target=40.000 pid=10.639 pid_base=-0.003 buoyancy_pwm=80 mask_valid=1 mask=0 forward_active=0
[OK]hb
<- Minima: IDLE
[CTRL] depth_valid=1 depth=31.452 vz=2.804 az=0.818 target_valid=1 target=40.000 pid=-20.181 pid_base=-0.005 buoyancy_pwm=0 mask_valid=1 mask=0 forward_active=0
<- Minima: BUOY 
[CTRL] depth_valid=1 depth=33.761 vz=4.709 az=2.048 target_valid=1 target=40.000 pid=-50.883 pid_base=0.026 buoyancy_pwm=130 mask_valid=1 mask=384 forward_active=0
[CTRL] depth_valid=1 depth=36.358 vz=5.585 az=1.833 target_valid=1 target=40.000 pid=-68.923 pid_base=0.078 buoyancy_pwm=176 mask_valid=1 mask=384 forward_active=0
$T,371,54,13,,58,,-1454,-817,-1117,1204,4*61
[CTRL] depth_valid=1 depth=38.640 vz=5.026 az=0.539 target_valid=1 target=40.000 pid=-67.257 pid_base=0.134 buoyancy_pwm=172 mask_valid=1 mask=384 forward_active=0
[CTRL] depth_valid=1 depth=40.480 vz=3.877 az=-0.683 target_valid=1 target=40.000 pid=-56.782 pid_base=0.186 buoyancy_pwm=145 mask_valid=1 mask=384 forward_active=0
[CTRL] depth_valid=1 depth=42.180 vz=3.181 az=-1.021 target_valid=1 target=40.000 pid=-52.184 pid_base=0.243 buoyancy_pwm=133 mask_valid=1 mask=384 forward_active=0
[CTRL] depth_valid=1 depth=43.741 vz=2.829 az=-0.902 target_valid=1 target=40.000 pid=-51.968 pid_base=0.304 buoyancy_pwm=133 mask_valid=1 mask=384 forward_active=0
$T,441,26,-8,,58,,-1628,-832,-931,1215,4*44
[CTRL] depth_valid=1 depth=44.861 vz=2.017 az=-1.227 target_valid=1 target=40.000 pid=-44.597 pid_base=0.359 buoyancy_pwm=114 mask_valid=1 mask=384 forward_active=0
[CTRL] depth_valid=1 depth=45.602 vz=1.049 az=-1.566 target_valid=1 target=40.000 pid=-34.261 pid_base=0.408 buoyancy_pwm=87 mask_valid=1 mask=384 forward_active=0
[CTRL] depth_valid=1 depth=46.292 vz=0.915 az=-1.073 target_valid=1 target=40.000 pid=-34.964 pid_base=0.458 buoyancy_pwm=89 mask_valid=1 mask=384 forward_active=0
[OK]hb
[CTRL] depth_valid=1 depth=46.751 vz=0.670 az=-0.811 target_valid=1 target=40.000 pid=-33.626 pid_base=0.504 buoyancy_pwm=86 mask_valid=1 mask=384 forward_active=0
$T,469,6,-6,59,58,,-1772,-836,-787,1207,4*74
[CTRL] depth_valid=1 depth=46.994 vz=0.242 az=-0.858 target_valid=1 target=40.000 pid=-29.347 pid_base=0.546 buoyancy_pwm=80 mask_valid=1 mask=384 forward_active=0
[CTRL] depth_valid=1 depth=46.904 vz=-0.458 az=-1.134 target_valid=1 target=40.000 pid=-20.550 pid_base=0.578 buoyancy_pwm=80 mask_valid=1 mask=384 forward_active=0
[CTRL] depth_valid=1 depth=46.629 vz=-0.898 az=-1.060 target_valid=1 target=40.000 pid=-14.701 pid_base=0.604 buoyancy_pwm=80 mask_valid=1 mask=384 forward_active=0
<- Minima: IDLE
[CTRL] depth_valid=1 depth=46.299 vz=-1.014 az=-0.755 target_valid=1 target=40.000 pid=-13.008 pid_base=0.627 buoyancy_pwm=0 mask_valid=1 mask=0 forward_active=0
$T,461,-9,-5,59,58,,1794,-840,-763,1207,0*77
<- Minima: BUOY 
[CTRL] depth_valid=1 depth=45.851 vz=-1.152 az=-0.593 target_valid=1 target=40.000 pid=-10.651 pid_base=0.644 buoyancy_pwm=80 mask_valid=1 mask=384 forward_active=0
<- Minima: IDLE
[CTRL] depth_valid=1 depth=45.745 vz=-0.499 az=0.144 target_valid=1 target=40.000 pid=-19.733 pid_base=0.670 buoyancy_pwm=0 mask_valid=1 mask=0 forward_active=0
<- Minima: BUOY 
[CTRL] depth_valid=1 depth=46.026 vz=0.558 az=0.975 target_valid=1 target=40.000 pid=-35.216 pid_base=0.708 buoyancy_pwm=90 mask_valid=1 mask=384 forward_active=0
[CTRL] depth_valid=1 depth=46.854 vz=1.798 az=1.564 target_valid=1 target=40.000 pid=-54.666 pid_base=0.764 buoyancy_pwm=139 mask_valid=1 mask=384 forward_active=0
$T,471,21,16,59,57,,1728,-834,-701,1207,4*75
[CTRL] depth_valid=1 depth=47.921 vz=2.456 az=1.405 target_valid=1 target=40.000 pid=-67.090 pid_base=0.833 buoyancy_pwm=171 mask_valid=1 mask=384 forward_active=0
[OK]hb
[CTRL] depth_valid=1 depth=48.534 vz=1.696 az=0.201 target_valid=1 target=40.000 pid=-59.506 pid_base=0.892 buoyancy_pwm=152 mask_valid=1 mask=384 forward_active=0
[CTRL] depth_valid=1 depth=48.528 vz=0.105 az=-1.231 target_valid=1 target=40.000 pid=-39.245 pid_base=0.935 buoyancy_pwm=100 mask_valid=1 mask=384 forward_active=0
[CTRL] depth_valid=1 depth=48.299 vz=-0.815 az=-1.536 target_valid=1 target=40.000 pid=-27.292 pid_base=0.970 buoyancy_pwm=80 mask_valid=1 mask=384 forward_active=0
$T,481,-10,-15,59,57,,1466,-828,-427,1205,4*7A
[CTRL] depth_valid=1 depth=47.598 vz=-1.814 az=-1.756 target_valid=1 target=40.000 pid=-12.999 pid_base=0.989 buoyancy_pwm=80 mask_valid=1 mask=384 forward_active=0
<- Minima: IDLE
[CTRL] depth_valid=1 depth=46.242 vz=-3.243 az=-2.300 target_valid=1 target=40.000 pid=53.243 pid_base=0.985 buoyancy_pwm=136 mask_valid=1 mask=0 forward_active=0
<- Minima: BUOY 
[CTRL] depth_valid=1 depth=44.583 vz=-3.975 az=-1.990 target_valid=1 target=40.000 pid=100.000 pid_base=0.959 buoyancy_pwm=255 mask_valid=1 mask=0 forward_active=0
[CTRL] depth_valid=1 depth=42.914 vz=-3.859 az=-1.039 target_valid=1 target=40.000 pid=100.000 pid_base=0.909 buoyancy_pwm=255 mask_valid=1 mask=0 forward_active=0
$T,424,-34,-4,,57,,-1440,-827,-1110,1201,4*5D
[CTRL] depth_valid=1 depth=41.927 vz=-2.284 az=0.750 target_valid=1 target=40.000 pid=41.946 pid_base=0.883 buoyancy_pwm=107 mask_valid=1 mask=0 forward_active=0
[CTRL] depth_valid=1 depth=42.110 vz=0.433 az=2.709 target_valid=1 target=40.000 pid=-29.947 pid_base=0.898 buoyancy_pwm=80 mask_valid=1 mask=384 forward_active=0
[CTRL] depth_valid=1 depth=43.219 vz=2.670 az=3.320 target_valid=1 target=40.000 pid=-63.011 pid_base=0.944 buoyancy_pwm=161 mask_valid=1 mask=384 forward_active=0
[OK]hb
[CTRL] depth_valid=1 depth=44.239 vz=2.710 az=1.799 target_valid=1 target=40.000 pid=-66.688 pid_base=0.993 buoyancy_pwm=170 mask_valid=1 mask=384 forward_active=0
$T,444,25,13,,57,,1352,-827,-306,1208,4*79
[CTRL] depth_valid=1 depth=44.608 vz=1.145 az=-0.382 target_valid=1 target=40.000 pid=-47.298 pid_base=1.027 buoyancy_pwm=121 mask_valid=1 mask=384 forward_active=0
[CTRL] depth_valid=1 depth=44.239 vz=-0.758 az=-1.831 target_valid=1 target=40.000 pid=-21.438 pid_base=1.038 buoyancy_pwm=80 mask_valid=1 mask=384 forward_active=0
[CTRL] depth_valid=1 depth=43.422 vz=-2.118 az=-2.243 target_valid=1 target=40.000 pid=-1.567 pid_base=1.033 buoyancy_pwm=80 mask_valid=1 mask=384 forward_active=0
[CTRL] depth_valid=1 depth=42.315 vz=-2.789 az=-1.861 target_valid=1 target=40.000 pid=59.999 pid_base=1.015 buoyancy_pwm=153 mask_valid=1 mask=0 forward_active=0
$T,419,-28,-15,,,,1367,-833,-328,1219,4*77
[CTRL] depth_valid=1 depth=40.771 vz=-3.619 az=-1.810 target_valid=1 target=40.000 pid=100.000 pid_base=0.976 buoyancy_pwm=255 mask_valid=1 mask=0 forward_active=0
[CTRL] depth_valid=1 depth=39.377 vz=-3.262 az=-0.725 target_valid=1 target=40.000 pid=100.000 pid_base=0.934 buoyancy_pwm=255 mask_valid=1 mask=0 forward_active=0
<- Minima: IDLE
[CTRL] depth_valid=1 depth=38.947 vz=-1.096 az=1.442 target_valid=1 target=40.000 pid=0.000 pid_base=0.918 buoyancy_pwm=0 mask_valid=1 mask=0 forward_active=0
<- Minima: BUOY 
[CTRL] depth_valid=1 depth=39.715 vz=1.719 az=3.155 target_valid=1 target=40.000 pid=-43.174 pid_base=0.937 buoyancy_pwm=110 mask_valid=1 mask=384 forward_active=0
$T,402,27,36,,,,-1645,-852,-902,1219,4*5E
[CTRL] depth_valid=1 depth=41.061 vz=3.205 az=2.895 target_valid=1 target=40.000 pid=-66.605 pid_base=0.979 buoyancy_pwm=170 mask_valid=1 mask=384 forward_active=0
[OK]hb
[CTRL] depth_valid=1 depth=41.973 vz=2.476 az=0.950 target_valid=1 target=40.000 pid=-59.489 pid_base=1.014 buoyancy_pwm=152 mask_valid=1 mask=384 forward_active=0
[CTRL] depth_valid=1 depth=42.132 vz=0.621 az=-1.031 target_valid=1 target=40.000 pid=-35.420 pid_base=1.029 buoyancy_pwm=90 mask_valid=1 mask=384 forward_active=0
[CTRL] depth_valid=1 depth=41.725 vz=-1.054 az=-2.037 target_valid=1 target=40.000 pid=-12.221 pid_base=1.027 buoyancy_pwm=80 mask_valid=1 mask=384 forward_active=0
$T,415,-12,-19,,,,1601,-848,-551,1207,4*70
<- Minima: IDLE
[CTRL] depth_valid=1 depth=41.034 vz=-1.946 az=-1.964 target_valid=1 target=40.000 pid=8.085 pid_ba=1.014 buoyancy_pwm=80 mask_valid=1 mask=0 forward_active=0
<- Minima: BUOY 
[CTRL] depth_valid=1 depth=39.710 vz=-3.198 az=-2.239 target_valid=1 target=40.000 pid=100.000 pid_base=0.977 buoyancy_pwm=255 mask_valid=1 mask=0 forward_active=0
[CTRL] depth_valid=1 depth=38.204 vz=-3.720 az=-1.816 target_valid=1 target=40.000 pid=100.000 pid_base=0.932 buoyancy_pwm=255 mask_valid=1 mask=0 forward_active=0
[CTRL] depth_valid=1 depth=36.863 vz=-3.107 az=-0.475 target_valid=1 target=40.000 pid=100.000 pid_base=0.892 buoyancy_pwm=255 mask_valid=1 mask=0 forward_active=0
$T,366,-24,3,,,,-1178,-793,-1360,1207,4*78
[CTRL] depth_valid=1 depth=36.728 vz=-0.460 az=1.993 target_valid=1 target=40.000 pid=-6.865 pid_base=0.879 buoyancy_pwm=80 mask_valid=1 mask=384 forward_active=0
[CTRL] depth_valid=1 depth=37.767 vz=2.346 az=3.414 target_valid=1 target=40.000 pid=-46.733 pid_base=0.896 buoyancy_pwm=119 mask_valid=1 mask=384 forward_active=0
[CTRL] depth_valid=1 depth=39.228 vz=3.612 az=2.922 target_valid=1 target=40.000 pid=-67.333 pid_base=0.932 buoyancy_pwm=172 mask_valid=1 mask=384 forward_active=0
[OK]hb
[CTRL] depth_valid=1 depth=40.034 vz=2.409 az=0.640 target_valid=1 target=40.000 pid=-53.399 pid_base=0.954 buoyancy_pwm=136 mask_valid=1 mask=384 forward_active=0
$T,401,17,0,,69,,1694,-851,-638,1202,4*4A
[CTRL] depth_valid=1 depth=40.166 vz=0.500 az=-1.254 target_valid=1 target=40.000 pid=-28.308 pid_base=0.959 buoyancy_pwm=80 mask_valid=1 mask=384 forward_active=0
[CTRL] depth_valid=1 depth=39.912 vz=-0.796 az=-1.828 target_valid=1 target=40.000 pid=-10.366 pid_base=0.952 buoyancy_pwm=80 mask_valid=1 mask=384 forward_active=0
[CTRL] depth_valid=1 depth=39.269 vz=-1.863 az=-2.046 target_valid=1 target=40.000 pid=33.570 pid_base=0.931 buoyancy_pwm=86 mask_valid=1 mask=0 forward_active=0
<- Minima: IDLE
[CTRL] depth_valid=1 depth=38.126 vz=-2.816 az=-1.997 target_valid=1 target=40.000 pid=100.000 pid_base=0.893 buoyancy_pwm=255 mask_valid=1 mask=0 forward_active=0
<- Minima: BUOY 
$T,376,-30,-18,,69,,-1731,-854,-817,1203,4*55
[CTRL] depth_valid=1 depth=36.755 vz=-3.264 az=-1.536 target_valid=1 target=40.000 pid=100.000 pid_base=0.852 buoyancy_pwm=255 mask_valid=1 mask=0 forward_active=0
[CTRL] depth_valid=1 depth=35.937 vz=-2.027 az=0.207 target_valid=1 target=40.000 pid=100.000 pid_base=0.827 buoyancy_pwm=255 mask_valid=1 mask=0 forward_active=0
[CTRL] depth_valid=1 depth=36.310 vz=0.627 az=2.319 target_valid=1 target=40.000 pid=-19.240 pid_base=0.822 buoyancy_pwm=80 mask_valid=1 mask=384 forward_active=0
[CTRL] depth_valid=1 depth=37.798 vz=3.362 az=3.563 target_valid=1 target=40.000 pid=-59.339 pid_base=0.851 buoyancy_pwm=151 mask_valid=1 mask=384 forward_active=0
$T,383,37,33,,69,,-1749,-849,-799,1210,4*59
[CTRL] depth_valid=1 depth=39.364 vz=3.942 az=2.457 target_valid=1 target=40.000 pid=-71.080 pid_base=0.890 buoyancy_pwm=181 mask_valid=1 mask=384 forward_active=0
[OK]hb
[CTRL] depth_valid=1 depth=40.276 vz=2.459 az=0.101 target_valid=1 target=40.000 pid=-53.710 pid_base=0.917 buoyancy_pwm=137 mask_valid=1 mask=384 forward_active=0
[CTRL] depth_valid=1 depth=40.581 vz=0.680 az=-1.472 target_valid=1 target=40.000 pid=-30.860 pid_base=0.928 buoyancy_pwm=80 mask_valid=1 mask=384 forward_active=0
[CTRL] depth_valid=1 depth=40.537 vz=-0.403 az=-1.741 target_valid=1 target=40.000 pid=-16.368 pid_base=0.930 buoyancy_pwm=80 mask_valid=1 mask=384 forward_active=0
$T,404,-7,-17,,68,,1617,-844,-569,1210,4*42
[CTRL] depth_valid=1 depth=40.102 vz=-1.291 az=-1.751 target_valid=1 target=40.000 pid=-3.415 pid_base=0.919 buoyancy_pwm=80 mask_valid=1 mask=384 forward_active=0
[CTRL] depth_valid=1 depth=39.101 vz=-2.469 az=-2.036 target_valid=1 target=40.000 pid=89.941 pid_base=0.888 buoyancy_pwm=229 mask_valid=1 mask=0 forward_active=0
[CTRL] depth_valid=1 depth=37.719 vz=-3.279 az=-1.863 target_valid=1 target=40.000 pid=100.000 pid_base=0.845 buoyancy_pwm=255 mask_valid=1 mask=0 forward_active=0
[CTRL] depth_valid=1 depth=36.826 vz=-2.330 az=-0.277 target_valid=1 target=40.000 pid=100.000 pid_base=0.819 buoyancy_pwm=255 mask_valid=1 mask=0 forward_active=0
$T,368,-14,6,,68,,-1150,-793,-1396,1206,4*7C
[CTRL] depth_valid=1 depth=37.133 vz=0.434 az=2.177 target_valid=1 target=40.000 pid=-18.153 pid_base=0.815 buoyancy_pwm=0 mask_valid=1 mask=0 forward_active=0
<- Minima: IDLE
[CTRL] depth_valid=1 depth=38.608 vz=3.280 az=3.568 target_valid=1 target=40.000 pid=-59.789 pid_base=0.848 buoyancy_pwm=152 mask_valid=1 mask=384 forward_active=0
<- Minima: BUOY 
[CTRL] depth_valid=1 depth=40.478 vz=4.485 az=2.962 target_valid=1 target=40.000 pid=-80.775 pid_base=0.901 buoyancy_pwm=206 mask_valid=1 mask=384 forward_active=0
[OK]hb
[CTRL] depth_valid=1 depth=42.109 vz=3.932 az=1.142 target_valid=1 target=40.000 pid=-77.887 pid_base=0.956 buoyancy_pwm=199 mask_valid=1 mask=384 forward_active=0
$T,426,37,8,,68,,1763,-858,-714,1203,4*4A
[CTRL] depth_valid=1 depth=43.371 vz=2.810 az=-0.338 target_valid=1 target=40.000 pid=-66.591 pid_base=1.007 buoyancy_pwm=170 mask_valid=1 mask=384 forward_active=0
[CTRL] depth_valid=1 depth=44.096 vz=1.344 az=-1.479 target_valid=1 target=40.000 pid=-49.392 pid_base=1.048 buoyancy_pwm=126 mask_valid=1 mask=384 forward_active=0
[CTRL] depth_valid=1 depth=44.449 vz=0.256 az=-1.845 target_valid=1 target=40.000 pid=-36.303 pid_base=1.080 buoyancy_pwm=93 mask_valid=1 mask=384 forward_active=0
[CTRL] depth_valid=1 depth=44.325 vz=-0.774 az=-1.978 target_valid=1 target=40.000 pid=-22.743 pid_base=1.098 buoyancy_pwm=80 mask_valid=1 mask=384 forward_active=0
$T,442,-9,-17,,68,,1492,-847,-449,1203,4*43
[CTRL] depth_valid=1 depth=43.766 vz=-1.675 az=-1.942 target_valid=1 target=40.000 pid=-9.704 pid_base=1.103 buoyancy_pwm=80 mask_valid=1 mask=384 forward_active=0
[CTRL] depth_valid=1 depth=42.704 vz=-2.644 az=-1.967 target_valid=1 target=40.000 pid=34.062 pid_base=1.088 buoyancy_pwm=87 mask_valid=1 mask=0 forward_active=0
<- Minima: IDLE
[CTRL] depth_valid=1 depth=41.244 vz=-3.453 az=-1.856 target_valid=1 target=40.000 pid=100.000 pid_base=1.055 buoyancy_pwm=255 mask_valid=1 mask=0 forward_active=0
<- Minima: BUOY 
[CTRL] depth_valid=1 depth=40.048 vz=-2.957 az=-0.683 target_valid=1 target=40.000 pid=100.000 pid_base=1.020 buoyancy_pwm=255 mask_valid=1 mask=0 forward_active=0
$T,398,-23,0,,68,,-1314,-819,-1243,1203,4*72
[CTRL] depth_valid=1 depth=39.585 vz=-1.210 az=1.063 target_valid=1 target=40.000 pid=-5.373 pid_base=1.005 buoyancy_pwm=80 mask_valid=1 mask=384 forward_active=0
[OK]hb
[CTRL] depth_valid=1 depth=40.074 vz=1.108 az=2.530 target_valid=1 target=40.000 pid=-37.550 pid_base=1.018 buoyancy_pwm=96 mask_valid=1 mask=384 forward_active=0
[CTRL] depth_valid=1 depth=41.389 vz=3.024 az=2.942 target_valid=1 target=40.000 pid=-66.671 pid_base=1.061 buoyancy_pwm=170 mask_valid=1 mask=384 forward_active=0
[CTRL] depth_valid=1 depth=42.262 vz=2.422 az=1.096 target_valid=1 target=40.000 pid=-61.184 pid_base=1.096 buoyancy_pwm=156 mask_valid=1 mask=384 forward_active=0
$T,424,20,5,,68,,1419,-834,-378,1200,4*4A
[CTRL] depth_valid=1 depth=42.270 vz=0.272 az=-1.271 target_valid=1 target=40.000 pid=-32.794 pid_base=1.108 buoyancy_pwm=84 mask_valid=1 mask=384 forward_active=0
[CTRL] depth_valid=1 depth=41.739 vz=-1.346 az=-2.109 target_valid=1 target=40.000 pid=-10.041 pid_base=1.103 buoyancy_pwm=80 mask_valid=1 mask=384 forward_active=0
[CTRL] depth_valid=1 depth=40.904 vz=-2.220 az=-1.967 target_valid=1 target=40.000 pid=22.020 pid_base=1.085 buoyancy_pwm=0 mask_valid=1 mask=0 forward_active=0
<- Minima: IDLE
[CTRL] depth_valid=1 depth=39.834 vz=-2.752 az=-1.656 target_valid=1 target=40.000 pid=81.424 pid_base=1.056 buoyancy_pwm=208 mask_valid=1 mask=0 forward_active=0
<- Minima: BUOY 
$T,393,-29,-15,,68,,1509,-847,-475,1201,4*76
[CTRL] depth_valid=1 depth=38.348 vz=-3.397 az=-1.507 target_valid=1 target=40.000 pid=100.000 pid_base=1.011 buoyancy_pwm=255 mask_valid=1 mask=0 forward_active=0
[CTRL] depth_valid=1 depth=37.166 vz=-2.764 az=-0.314 target_valid=1 target=40.000 pid=100.000 pid_base=0.976 buoyancy_pwm=255 mask_valid=1 mask=0 forward_active=0
[CTRL] depth_valid=1 depth=37.242 vz=-0.030 az=2.140 target_valid=1 target=40.000 pid=-15.548 pid_base=0.966 buoyancy_pwm=80 mask_valid=1 mask=384 forward_active=0
[CTRL] depth_valid=1 depth=38.674 vz=3.189 az=3.875 target_valid=1 target=40.000 pid=-62.039 pid_base=0.998 buoyancy_pwm=158 mask_valid=1 mask=384 forward_active=0
$T,392,37,38,,68,,1780,-851,-739,1203,4*7A
[OK]hb
[CTRL] depth_valid=1 depth=40.157 vz=3.840 az=2.691 target_valid=1 target=40.000 pid=-74.599 pid_base=1.039 buoyancy_pwm=190 mask_valid=1 mask=384 forward_active=0
[CTRL] depth_valid=1 depth=40.989 vz=2.363 az=0.247 target_valid=1 target=40.000 pid=-57.185 pid_base=1.067 buoyancy_pwm=146 mask_valid=1 mask=384 forward_active=0
[CTRL] depth_valid=1 depth=41.116 vz=0.379 az=-1.560 target_valid=1 target=40.000 pid=-31.197 pid_base=1.076 buoyancy_pwm=80 mask_valid=1 mask=384 forward_active=0
[CTRL] depth_valid=1 depth=40.854 vz=-0.817 az=-1.864 target_valid=1 target=40.000 pid=-14.658 pid_base=1.073 buoyancy_pwm=80 mask_valid=1 mask=384 forward_active=0
$T,407,-10,-17,,68,,1565,-843,-524,1213,4*7C
[CTRL] depth_valid=1 depth=40.376 vz=-1.475 az=-1.663 target_valid=1 target=40.000 pid=-4.692 pid_base=1.062 buoyancy_pwm=80 mask_valid=1 mask=384 forward_active=0
<- Minima: IDLE
[CTRL] depth_valid=1 depth=39.238 vz=-2.677 az=-1.982 target_valid=1 target=40.000 pid=86.253 pid_base=1.028 buoyancy_pwm=220 mask_valid=1 mask=0 forward_active=0
<- Minima: BUOY 
[CTRL] depth_valid=1 depth=37.603 vz=-3.716 az=-1.990 target_valid=1 target=40.000 pid=100.000 pid_base=0.978 buoyancy_pwm=255 mask_valid=1 mask=0 forward_active=0
[CTRL] depth_valid=1 depth=36.400 vz=-2.971 az=-0.496 target_valid=1 target=40.000 pid=100.000 pid_base=0.942 buoyancy_pwm=255 mask_valid=1 mask=0 forward_active=0
$T,362,-22,3,,68,,-1166,-798,-1388,1205,4*74
[CTRL] depth_valid=1 depth=36.373 vz=-0.237 az=2.031 target_valid=1 target=40.000 pid=-10.228 pid_base=0.929 buoyancy_pwm=80 mask_valid=1 mask=384 forward_active=0
<- Minima: IDLE
[CTRL] depth_valid=1 depth=37.447 vz=2.467 az=3.379 target_valid=1 target=40.000 pid=-48.781 pid_base=0.945 buoyancy_pwm=124 mask_valid=1 mask=384 forward_active=0
<- Minima: BUOY 
[OK]hb
[CTRL] depth_valid=1 depth=38.915 vz=3.680 az=2.898 target_valid=1 target=40.000 pid=-68.659 pid_base=0.979 buoyancy_pwm=175 mask_valid=1 mask=384 forward_active=0
[CTRL] depth_valid=1 depth=40.059 vz=3.017 az=1.058 target_valid=1 target=40.000 pid=-62.803 pid_base=1.011 buoyancy_pwm=160 mask_valid=1 mask=384 forward_active=0
$T,404,27,6,,68,,1771,-859,-733,1209,4*48
[CTRL] depth_valid=1 depth=40.891 vz=1.952 az=-0.316 target_valid=1 target=40.000 pid=-50.877 pid_base=1.038 buoyancy_pwm=130 mask_valid=1 mask=384 forward_active=0
[CTRL] depth_valid=1 depth=41.169 vz=0.431 az=-1.534 target_valid=1 target=40.000 pid=-31.454 pid_base=1.052 buoyancy_pwm=80 mask_valid=1 mask=384 forward_active=0
[CTRL] depth_valid=1 depth=40.962 vz=-0.821 az=-1.973 target_valid=1 target=40.000 pid=-14.339 pid_base=1.051 buoyancy_pwm=80 mask_valid=1 mask=384 forward_active=0
[CTRL] depth_valid=1 depth=40.208 vz=-2.056 az=-2.224 target_valid=1 target=40.000 pid=24.367 pid_base=1.032 buoyancy_pwm=0 mask_valid=1 mask=0 forward_active=0
<- Minima: IDLE
$T,398,-23,-21,75,68,,1554,-846,-521,1209,0*77
[CTRL] depth_valid=1 depth=38.966 vz=-3.080 az=-2.172 target_valid=1 target=40.000 pid=100.000 pid_base=0.995 buoyancy_pwm=255 mask_valid=1 mask=0 forward_active=0
<- Minima: BUOY 
[CTRL] depth_valid=1 depth=37.605 vz=-3.258 az=-1.376 target_valid=1 target=40.000 pid=100.000 pid_base=0.954 buoyancy_pwm=255 mask_valid=1 mask=0 forward_active=0
[CTRL] depth_valid=1 depth=36.745 vz=-2.075 az=0.242 target_valid=1 target=40.000 pid=81.344 pid_base=0.928 buoyancy_pwm=207 mask_valid=1 mask=0 forward_active=0
[CTRL] depth_valid=1 depth=36.830 vz=0.164 az=2.041 target_valid=1 target=40.000 pid=-16.152 pid_base=0.914 buoyancy_pwm=80 mask_valid=1 mask=384 forward_active=0
$T,371,12,27,75,68,,-1246,-808,-1313,1210,4*6D
[OK]hb
[CTRL] depth_valid=1 depth=38.063 vz=2.775 az=3.295 target_valid=1 target=40.000 pid=-53.961 pid_base=0.937 buoyancy_pwm=138 mask_valid=1 mask=384 forward_active=0
[CTRL] depth_valid=1 depth=39.550 vz=3.636 az=2.503 target_valid=1 target=40.000 pid=-69.263 pid_base=0.976 buoyancy_pwm=177 mask_valid=1 mask=384 forward_active=0
[CTRL] depth_valid=1 depth=40.444 vz=2.349 az=0.244 target_valid=1 target=40.000 pid=-54.486 pid_base=1.003 buoyancy_pwm=139 mask_valid=1 mask=384 forward_active=0
[CTRL] depth_valid=1 depth=40.546 vz=0.249 az=-1.701 target_valid=1 target=40.000 pid=-26.828 pid_base=1.009 buoyancy_pwm=80 mask_valid=1 mask=384 forward_active=0
$T,405,0,-16,75,68,,-1630,-839,-928,1214,4*45
[CTRL] depth_valid=1 depth=40.253 vz=-1.057 az=-2.129 target_valid=1 target=40.000 pid=-8.694 pid_base=1.002 buoyancy_pwm=80 mask_valid=1 mask=384 forward_active=0
[CTRL] depth_valid=1 depth=39.721 vz=-1.703 az=-1.835 target_valid=1 target=40.000 pid=7.952 pid_base=0.987 buoyancy_pwm=80 mask_valid=1 mask=0 forward_active=0
[CTRL] depth_valid=1 depth=38.696 vz=-2.524 az=-1.763 target_valid=1 target=40.000 pid=90.529 pid_base=0.953 buoyancy_pwm=231 mask_valid=1 mask=0 forward_active=0
[CTRL] depth_valid=1 depth=37.468 vz=-2.947 az=-1.400 target_valid=1 target=40.000 pid=100.000 pid_base=0.915 buoyancy_pwm=255 mask_valid=1 mask=0 forward_active=0
$T,371,-26,-8,75,68,,-1259,-789,-1304,1214,4*5D
[CTRL] depth_valid=1 depth=36.884 vz=-1.565 az=0.378 target_valid=1 target=40.000 pid=43.888 pid_base=0.890 buoyancy_pwm=112 mask_valid=1 mask=0 forward_active=0
[CTRL] depth_valid=1 depth=37.637 vz=1.535 az=2.871 target_valid=1 target=40.000 pid=-35.698 pid_base=0.898 buoyancy_pwm=91 mask_valid=1 mask=384 forward_active=0
[OK]hb
[CTRL] depth_valid=1 depth=39.422 vz=4.131 az=3.777 target_valid=1 target=40.000 pid=-74.876 pid_base=0.943 buoyancy_pwm=191 mask_valid=1 mask=384 forward_active=0
[CTRL] depth_valid=1 depth=40.943 vz=3.969 az=1.979 target_valid=1 target=40.000 pid=-76.793 pid_base=0.989 buoyancy_pwm=196 mask_valid=1 mask=384 forward_active=0
$T,413,36,13,74,68,,1600,-840,-564,1211,4*7F
[CTRL] depth_valid=1 depth=41.856 vz=2.348 az=-0.279 target_valid=1 target=40.000 pid=-57.767 pid_base=1.024 buoyancy_pwm=147 mask_valid=1 mask=384 forward_active=0
[CTRL] depth_valid=1 depth=42.100 vz=0.500 az=-1.715 target_valid=1 target=40.000 pid=-34.002 pid_base=1.041 buoyancy_pwm=87 mask_valid=1 mask=384 forward_active=0
[CTRL] depth_valid=1 depth=42.264 vz=-0.163 az=-1.587 target_valid=1 target=40.000 pid=-25.850 pid_base=1.057 buoyancy_pwm=80 mask_valid=1 mask=384 forward_active=0
[CTRL] depth_valid=1 depth=41.969 vz=-1.056 az=-1.723 target_valid=1 target=40.000 pid=-13.399 pid_base=1.059 buoyancy_pwm=80 mask_valid=1 mask=384 forward_active=0
$T,417,-14,-18,74,68,,1424,-827,-389,1206,4*76
[CTRL] depth_valid=1 depth=41.048 vz=-2.290 az=-2.064 target_valid=1 target=40.000 pid=31.973 pid_base=1.040 buoyancy_pwm=82 mask_valid=1 mask=0 forward_active=0
<- Minima: IDLE
[CTRL] depth_valid=1 depth=39.567 vz=-3.492 az=-2.226 target_valid=1 target=40.000 pid=100.000 pid_base=0.998 buoyancy_pwm=255 mask_valid=1 mask=0 forward_active=0
<- Minima: BUOY 
[CTRL] depth_valid=1 depth=38.171 vz=-3.337 az=-1.118 target_valid=1 target=40.000 pid=100.000 pid_base=0.956 buoyancy_pwm=255 mask_valid=1 mask=0 forward_active=0
[CTRL] depth_valid=1 depth=37.800 vz=-1.072 az=1.307 target_valid=1 target=40.000 pid=0.000 pid_base=0.939 buoyancy_pwm=0 mask_valid=1 mask=0 forward_active=0
$T,378,-2,19,74,68,,-1335,-809,-1228,1206,4*7E
[OK]hb
[CTRL] depth_valid=1 depth=38.325 vz=1.272 az=2.711 target_valid=1 target=40.000 pid=-34.615 pid_base=0.945 buoyancy_pwm=88 mask_valid=1 mask=384 forward_active=0
[CTRL] depth_valid=1 depth=39.447 vz=2.802 az=2.785 target_valid=1 target=40.000 pid=-57.864 pid_base=0.973 buoyancy_pwm=148 mask_valid=1 mask=384 forward_active=0
[CTRL] depth_valid=1 depth=40.416 vz=2.515 az=1.243 target_valid=1 target=40.000 pid=-56.616 pid_base=1.001 buoyancy_pwm=144 mask_valid=1 mask=384 forward_active=0
[CTRL] depth_valid=1 depth=40.762 vz=1.004 az=-0.615 target_valid=1 target=40.000 pid=-37.467 pid_base=1.015 buoyancy_pwm=96 mask_valid=1 mask=384 forward_active=0
$T,407,5,-9,73,68,,1710,-834,-674,1210,4*5B
[CTRL] depth_valid=1 depth=40.526 vz=-0.607 az=-1.741 target_valid=1 target=40.000 pid=-15.433 pid_base=1.012 buoyancy_pwm=80 mask_valid=1 mask=384 forward_active=0
[CTRL] depth_valid=1 depth=39.752 vz=-1.905 az=-2.068 target_valid=1 target=40.000 pid=23.453 pid_base=0.989 buoyancy_pwm=80 mask_valid=1 mask=0 forward_active=0
<- Minima: IDLE
[CTRL] depth_valid=1 depth=38.815 vz=-2.427 az=-1.648 target_valid=1 target=40.000 pid=80.643 pid_base=0.958 buoyancy_pwm=206 mask_valid=1 mask=0 forward_active=0
<- Minima: BUOY 
[CTRL] depth_valid=1 depth=37.689 vz=-2.670 az=-1.148 target_valid=1 target=40.000 pid=100.000 pid_base=0.920 buoyancy_pwm=255 mask_valid=1 mask=0 forward_active=0
$T,374,-24,-7,73,67,,-1399,-811,-1167,1210,4*5C
[CTRL] depth_valid=1 depth=36.902 vz=-1.886 az=0.020 target_valid=1 target=40.000 pid=69.248 pid_base=0.891 buoyancy_pwm=177 mask_valid=1 mask=0 forward_active=0
[CTRL] depth_valid=1 depth=37.193 vz=0.540 az=2.091 target_valid=1 target=40.000 pid=-21.234 pid_base=0.884 buoyancy_pwm=80 mask_valid=1 mask=384 forward_active=0
[OK]hb
[CTRL] depth_valid=1 depth=38.722 vz=3.395 az=3.548 target_valid=1 target=40.000 pid=-63.135 pid_base=0.919 buoyancy_pwm=161 mask_valid=1 mask=384 forward_active=0
[CTRL] depth_valid=1 depth=40.539 vz=4.300 az=2.648 target_valid=1 target=40.000 pid=-80.001 pid_base=0.972 buoyancy_pwm=204 mask_valid=1 mask=384 forward_active=0
$T,410,41,20,72,68,,1467,-829,-432,1213,4*76
[CTRL] depth_valid=1 depth=41.590 vz=2.732 az=0.104 target_valid=1 target=40.000 pid=-62.012 pid_base=1.009 buoyancy_pwm=158 mask_valid=1 mask=384 forward_active=0
[CTRL] depth_valid=1 depth=41.800 vz=0.498 az=-1.860 target_valid=1 target=40.000 pid=-32.985 pid_base=1.024 buoyancy_pwm=84 mask_valid=1 mask=384 forward_active=0
[CTRL] depth_valid=1 depth=41.762 vz=-0.486 az=-1.874 target_valid=1 target=40.000 pid=-19.960 pid_base=1.031 buoyancy_pwm=80 mask_valid=1 mask=384 forward_active=0
[CTRL] depth_valid=1 depth=41.570 vz=-0.987 az=-1.580 target_valid=1 target=40.000 pid=-12.964 pid_base=1.035 buoyancy_pwm=0 mask_valid=1 mask=0 forward_active=0
$T,414,-10,-14,72,68,,1401,-817,-369,1213,4*75
[CTRL] depth_valid=1 depth=40.822 vz=-2.012 az=-1.864 target_valid=1 target=40.000 pid=15.274 pid_base=1.019 buoyancy_pwm=0 mask_valid=1 mask=0 forward_active=0
<- Minima: IDLE
[CTRL] depth_valid=1 depth=39.576 vz=-2.975 az=-1.903 target_valid=1 target=40.000 pid=100.000 pid_base=0.983 buoyancy_pwm=255 mask_valid=1 mask=0 forward_active=0
<- Minima: BUOY 
[CTRL] depth_valid=1 depth=38.323 vz=-2.927 az=-0.998 target_valid=1 target=40.000 pid=100.000 pid_base=0.946 buoyancy_pwm=255 mask_valid=1 mask=0 forward_active=0
[CTRL] depth_valid=1 depth=38.015 vz=-0.931 az=1.135 target_valid=1 target=40.000 pid=0.000 pid_base=0.930 buoyancy_pwm=0 mask_valid=1 mask=0 forward_active=0
$T,382,2,21,72,68,,-1390,-813,-1178,1206,4*59
[OK]hb
[CTRL] depth_valid=1 depth=38.870 vz=1.714 az=2.759 target_valid=1 target=40.000 pid=-41.649 pid_base=0.948 buoyancy_pwm=106 mask_valid=1 mask=384 forward_active=0
[CTRL] depth_valid=1 depth=40.183 vz=3.152 az=2.703 target_valid=1 target=40.000 pid=-64.262 pid_base=0.984 buoyancy_pwm=164 mask_valid=1 mask=384 forward_active=0
[CTRL] depth_valid=1 depth=41.177 vz=2.712 az=1.167 target_valid=1 target=40.000 pid=-61.119 pid_base=1.017 buoyancy_pwm=156 mask_valid=1 mask=384 forward_active=0
[CTRL] depth_valid=1 depth=41.638 vz=1.209 az=-0.654 target_valid=1 target=40.000 pid=-42.470 pid_base=1.038 buoyancy_pwm=108 mask_valid=1 mask=384 forward_active=0
$T,416,7,-10,71,68,,1685,-830,-650,1204,4*69
[CTRL] depth_valid=1 depth=41.519 vz=-0.375 az=-1.733 target_valid=1 target=40.000 pid=-21.216 pid_base=1.043 buoyancy_pwm=80 mask_valid=1 mask=384 forward_active=0
[CTRL] depth_valid=1 depth=40.955 vz=-1.553 az=-2.000 target_valid=1 target=40.000 pid=-4.146 pid_base=1.033 buoyancy_pwm=80 mask_valid=1 mask=384 forward_active=0
[CTRL] depth_valid=1 depth=39.820 vz=-2.819 az=-2.264 target_valid=1 target=40.000 pid=94.133 pid_base=1.001 buoyancy_pwm=240 mask_valid=1 mask=0 forward_active=0
[CTRL] depth_valid=1 depth=38.435 vz=-3.397 az=-1.822 target_valid=1 target=40.000 pid=100.000 pid_base=0.960 buoyancy_pwm=255 mask_valid=1 mask=0 forward_active=0
$T,379,-34,-15,71,68,,-1627,-828,-934,1212,4*59
[CTRL] depth_valid=1 depth=36.971 vz=-3.388 az=-1.026 target_valid=1 target=40.000 pid=100.000 pid_base=0.916 buoyancy_pwm=255 mask_valid=1 mask=0 forward_active=0
[CTRL] depth_valid=1 depth=36.373 vz=-1.494 az=1.053 target_valid=1 target=40.000 pid=43.783 pid_base=0.895 buoyancy_pwm=112 mask_valid=1 mask=0 forward_active=0
[OK]hb
[CTRL] depth_valid=1 depth=37.004 vz=1.428 az=3.071 target_valid=1 target=40.000 pid=-32.960 pid_base=0.896 buoyancy_pwm=84 mask_valid=1 mask=384 forward_active=0
[CTRL] depth_valid=1 depth=38.533 vz=3.665 az=3.575 target_valid=1 target=40.000 pid=-66.600 pid_base=0.930 buoyancy_pwm=170 mask_valid=1 mask=384 forward_active=0
$T,390,40,33,,67,,1782,-830,-746,1212,4*71
[CTRL] depth_valid=1 depth=40.031 vz=3.777 az=2.035 target_valid=1 target=40.000 pid=-72.012 pid_base=0.971 buoyancy_pwm=184 mask_valid=1 mask=384 forward_active=0
[CTRL] depth_valid=1 depth=40.794 vz=2.080 az=-0.298 target_valid=1 target=40.000 pid=-51.462 pid_base=0.996 buoyancy_pwm=131 mask_valid=1 mask=384 forward_active=0
[CTRL] depth_valid=1 depth=41.060 vz=0.531 az=-1.473 target_valid=1 target=40.000 pid=-31.621 pid_base=1.009 buoyancy_pwm=81 mask_valid=1 mask=384 forward_active=0
[CTRL] depth_valid=1 depth=40.930 vz=-0.540 az=-1.710 target_valid=1 target=40.000 pid=-17.114 pid_base=1.010 buoyancy_pwm=80 mask_valid=1 mask=384 forward_active=0
$T,407,-8,-17,70,68,,1613,-830,-579,1202,4*4C
[CTRL] depth_valid=1 depth=40.410 vz=-1.496 az=-1.822 target_valid=1 target=40.000 pid=-3.058 pid_base=0.998 buoyancy_pwm=0 mask_valid=1 mask=0 forward_active=0
<- Minima: IDLE
[CTRL] depth_valid=1 depth=39.336 vz=-2.609 az=-2.005 target_valid=1 target=40.000 pid=87.879 pid_base=0.966 buoyancy_pwm=224 mask_valid=1 mask=0 forward_active=0
<- Minima: BUOY 
[CTRL] depth_valid=1 depth=38.155 vz=-2.849 az=-1.333 target_valid=1 target=40.000 pid=100.000 pid_base=0.930 buoyancy_pwm=255 mask_valid=1 mask=0 forward_active=0
vz=-1.662 az=0.272 target_valid=1 target=40.000 pid=42.432 pid_base=0.904 buoyancy_pwm=108 mask_valid=1 mask=0 forward_active=0
$T,376,-5,12,70,68,,-1228,-789,-1338,1211,4*74
[CTRL] depth_valid=1 depth=38.199 vz=1.280 az=2.599 target_valid=1 target=40.000 pid=-33.763 pid_base=0.914 buoyancy_pwm=86 mask_valid=1 mask=384 forward_active=0
[CTRL] depth_valid=1 depth=39.749 vz=3.584 az=3.365 target_valid=1 target=40.000 pid=-68.486 pid_base=0.954 buoyancy_pwm=175 mask_valid=1 mask=384 forward_active=0
[CTRL] depth_valid=1 depth=41.386 vz=3.961 az=2.125 target_valid=1 target=40.000 pid=-77.944 pid_base=1.006 buoyancy_pwm=199 mask_valid=1 mask=384 forward_active=0
[CTRL] depth_valid=1 depth=42.657 vz=3.052 az=0.391 target_valid=1 target=40.000 pid=-69.423 pid_base=1.054 buoyancy_pwm=177 mask_valid=1 mask=384 forward_active=0
$T,429,25,-1,69,,,-1766,-843,-796,1211,4*48
[CTRL] depth_valid=1 depth=43.358 vz=1.544 az=-1.073 target_valid=1 target=40.000 pid=-51.525 pid_base=1.090 buoyancy_pwm=131 mask_valid=1 mask=384 forward_active=0
[CTRL] depth_valid=1 depth=43.565 vz=0.143 az=-1.833 target_valid=1 target=40.000 pid=-33.791 pid_base=1.114 buoyancy_pwm=86 mask_valid=1 mask=384 forward_active=0
[CTRL] depth_valid=1 depth=43.475 vz=-0.727 az=-1.849 target_valid=1 target=40.000 pid=-22.349 pid_base=1.129 buoyancy_pwm=80 mask_valid=1 mask=384 forward_active=0
[CTRL] depth_valid=1 depth=42.835 vz=-1.857 az=-2.101 target_valid=1 target=40.000 pid=-5.945 pid_base=1.126 buoyancy_pwm=80 mask_valid=1 mask=384 forward_active=0
$T,425,-20,-19,69,,,1584,-840,-553,1208,4*76
[CTRL] depth_valid=1 depth=41.675 vz=-2.952 az=-2.210 target_valid=1 target=40.000 pid=68.913 pid_base=1.104 buoyancy_pwm=176 mask_valid=1 mask=0 forward_active=0
[CTRL] depth_valid=1 depth=40.133 vz=-3.612 az=-1.807 target_valid=1 target=40.000 pid=100.000 pid_base=1.060 buoyancy_pwm=255 mask_valid=1 mask=0 forward_active=0
[OK]hb
[CTRL] depth_valid=1 depth=38.843 vz=-3.116 az=-0.635 target_valid=1 target=40.000 pid=100.000 pid_base=1.021 buoyancy_pwm=255 mask_valid=1 mask=0 forward_active=0
[CTRL] depth_valid=1 depth=38.368 vz=-1.220 az=1.224 target_valid=1 target=40.000 pid=0.000 pid_base=1.002 buoyancy_pwm=0 mask_valid=1 mask=0 forward_active=0
$T,384,-3,18,69,,,-1272,-797,-1293,1208,4*7B
[CTRL] depth_valid=1 depth=38.920 vz=1.306 az=2.821 target_valid=1 target=40.000 pid=-37.733 pid_base=1.011 buoyancy_pwm=96 mask_valid=1 mask=384 forward_active=0
[CTRL] depth_valid=1 depth=40.238 vz=3.182 az=3.117 target_valid=1 target=40.000 pid=-66.192 pid_base=1.048 buoyancy_pwm=169 mask_valid=1 mask=384 forward_active=0
[CTRL] depth_valid=1 depth=41.335 vz=2.950 az=1.544 target_valid=1 target=40.000 pid=-66.109 pid_base=1.085 buoyancy_pwm=169 mask_valid=1 mask=384 forward_active=0
[CTRL] depth_valid=1 depth=41.673 vz=1.130 az=-0.675 target_valid=1 target=40.000 pid=-42.914 pid_base=1.103 buoyancy_pwm=109 mask_valid=1 mask=384 forward_active=0
$T,416,4,-11,68,,,1795,-836,-759,1208,4*6F
[CTRL] depth_valid=1 depth=41.317 vz=-0.782 az=-1.988 target_valid=1 target=40.000 pid=-16.645 pid_base=1.100 buoyancy_pwm=80 mask_valid=1 mask=384 forward_active=0
[CTRL] depth_valid=1 depth=40.693 vz=-1.728 az=-1.939 target_valid=1 target=40.000 pid=-2.486 pid_base=1.087 buoyancy_pwm=80 mask_valid=1 mask=384 forward_active=0
[CTRL] depth_valid=1 depth=39.689 vz=-2.561 az=-1.868 target_valid=1 target=40.000 pid=67.571 pid_base=1.058 buoyancy_pwm=172 mask_valid=1 mask=0 forward_active=0
EMERGENCY STOP: global pressure balance started (5s), commands locked.
[OK]s#18[ACK] s#18

[CTRL] depth_valid=1 depth=38.317 vz=-3.217 az=-1.631 target_valid=0 target=0.000 pid=0.000 pid_base=0.000 buoyancy_pwm=0 mask_valid=1 mask=128 forward_active=0
<- Minima: FWD TURN BUOY 
$T,377,-34,-15,,,,-1579,-822,-992,1208,7*59
[OK]hb
[CTRL] depth_valid=1 depth=36.700 vz=-3.628 az=-1.267 target_valid=0 target=0.000 pid=0.000 pid_base=0.000 buoyancy_pwm=0 mask_valid=1 mask=258 forward_active=0
[CTRL] depth_valid=1 depth=35.584 vz=-2.608 az=0.136 target_valid=0 target=0.000 pid=0.000 pid_base=0.000 buoyancy_pwm=0 mask_valid=1 mask=132 forward_active=0
[CTRL] depth_valid=1 depth=34.814 vz=-1.649 az=0.819 target_valid=0 target=0.000 pid=0.000 pid_base=0.000 buoyancy_pwm=0 mask_valid=1 mask=258 forward_active=0
[CTRL] depth_valid=1 depth=33.686 vz=-2.137 az=-0.020 target_valid=0 target=0.000 pid=0.000 pid_base=0.000 buoyancy_pwm=0 mask_valid=1 mask=132 forward_active=0
$T,332,-24,-2,67,,,-1783,-832,-794,1204,7*6C
[CTRL] depth_valid=1 depth=32.080 vz=-3.217 az=-0.958 target_valid=0 target=0.000 pid=0.000 pid_base=0.000 buoyancy_pwm=0 mask_valid=1 mask=258 forward_active=0
[CTRL] depth_valid=1 depth=30.459 vz=-3.455 az=-0.731 target_valid=0 target=0.000 pid=0.000 pid_base=0.000 buoyancy_pwm=0 mask_valid=1 mask=132 forward_active=0
[CTRL] depth_valid=1 depth=29.032 vz=-3.137 az=-0.206 target_valid=0 target=0.000 pid=0.000 pid_base=0.000 buoyancy_pwm=0 mask_valid=1 mask=258 forward_active=0
[CTRL] depth_valid=1 depth=27.293 vz=-3.634 az=-0.618 target_valid=0 target=0.000 pid=0.000 pid_base=0.000 buoyancy_pwm=0 mask_valid=1 mask=132 forward_active=0
$T,266,-39,-7,67,,,1659,-833,-638,1211,7*4C
[CTRL] depth_valid=1 depth=24.941 vz=-4.888 az=-1.461 target_valid=0 target=0.000 pid=0.000 pid_base=0.000 buoyancy_pwm=0 mask_valid=1 mask=258 forward_active=0
Global balance complete. System ready.
[CTRL] depth_valid=1 depth=22.190 vz=-5.834 az=-1.631 target_valid=0 target=0.000 pid=0.000 pid_base=0.000 buoyancy_pwm=0 mask_valid=1 mask=4 forward_active=0
<- Minima: IDLE
[OK]hb
[CTRL] depth_valid=1 depth=19.442 vz=-5.970 az=-1.078 target_valid=0 target=0.000 pid=0.000 pid_base=0.000 buoyancy_pwm=0 mask_valid=1 mask=0 forward_active=0
[CTRL] depth_valid=1 depth=16.347 vz=-6.532 az=-1.147 target_valid=0 target=0.000 pid=0.000 pid_base=0.000 buoyancy_pwm=0 mask_valid=1 mask=0 forward_active=0
$T,152,-68,-12,,,10,1591,-833,-576,1206,0*77
[CTRL] depth_valid=1 depth=12.622 vz=-7.750 az=-1.718 target_valid=0 target=0.000 pid=0.000 pid_base=0.000 buoyancy_pwm=0 mask_valid=1 mask=0 forward_active=0
[CTRL] depth_valid=1 depth=9.515 vz=-6.368 az=0.423 target_valid=0 target=0.000 pid=0.000 pid_base=0.000 buoyancy_pwm=0 mask_valid=1 mask=0 forward_active=0
[CTRL] depth_valid=1 depth=11.930 vz=4.431 az=9.311 target_valid=0 target=0.000 pid=0.000 pid_base=0.000 buoyancy_pwm=0 mask_valid=1 mask=0 forward_active=0
[CTRL] depth_valid=1 depth=14.601 vz=7.098 az=7.202 target_valid=0 target=0.000 pid=0.000 pid_base=0.000 buoyancy_pwm=0 mask_valid=1 mask=0 forward_active=0
$T,150,62,52,67,68,8,1385,-821,-378,1202,0*41
[CTRL] depth_valid=1 depth=15.207 vz=3.132 az=0.679 target_valid=0 target=0.000 pid=0.000 pid_base=0.000 buoyancy_pwm=0 mask_valid=1 mask=0 forward_active=0
[CTRL] depth_valid=1 depth=14.362 vz=-1.236 az=-3.244 target_valid=0 target=0.000 pid=0.000 pid_base=0.000 buoyancy_pwm=0 mask_valid=1 mask=0 forward_active=0
[CTRL] depth_valid=1 depth=13.029 vz=-3.388 az=-3.649 target_valid=0 target=0.000 pid=0.000 pid_base=0.000 buoyancy_pwm=0 mask_valid=1 mask=0 forward_active=0
[CTRL] depth_valid=1 depth=11.348 vz=-4.316 az=-2.891 target_valid=0 target=0.000 pid=0.000 pid_base=0.000 buoyancy_pwm=0 mask_valid=1 mask=0 forward_active=0
$T,108,-42,-23,66,,8,1745,-837,-735,1209,0*4E
[OK]hb
[CTRL] depth_valid=1 depth=10.272 vz=-2.764 az=-0.205 target_valid=0 target=0.000 pid=0.000 pid_base=0.000 buoyancy_pwm=0 mask_valid=1 mask=0 forward_active=0
[CTRL] depth_valid=1 depth=11.498 vz=2.041 az=3.837 target_valid=0 target=0.000 pid=0.000 pid_base=0.000 buoyancy_pwm=0 mask_valid=1 mask=0 forward_active=0
[CTRL] depth_valid=1 depth=12.591 vz=2.837 az=2.656 target_valid=0 target=0.000 pid=0.000 pid_base=0.000 buoyancy_pwm=0 mask_valid=1 mask=0 forward_active=0
Ascending...
[OK]k#19[ACK] k#19

[CTRL] depth_valid=1 depth=12.309 vz=0.151 az=-0.811 target_valid=0 target=0.000 pid=-100.000 pid_base=0.000 buoyancy_pwm=255 mask_valid=1 mask=384 forward_active=0
<- Minima: BUOY 
$T,119,-8,-16,,,,-1690,-843,-891,1209,4*6C
[CTRL] depth_valid=1 depth=11.084 vz=-2.497 az=-2.669 target_valid=0 target=0.000 pid=-100.000 pid_base=0.000 buoyancy_pwm=255 mask_valid=1 mask=384 forward_active=0
[CTRL] depth_valid=1 depth=10.426 vz=-1.763 az=-0.722 target_valid=0 target=0.000 pid=-100.000 pid_base=0.000 buoyancy_pwm=255 mask_valid=1 mask=384 forward_active=0
[CTRL] depth_valid=1 depth=11.722 vz=2.060 az=2.695 target_valid=0 target=0.000 pid=-100.000 pid_base=0.000 buoyancy_pwm=255 mask_valid=1 mask=384 forward_active=0
[CTRL] depth_valid=1 depth=12.217 vz=1.421 az=0.810 target_valid=0 target=0.000 pid=-100.000 pid_base=0.000 buoyancy_pwm=255 mask_valid=1 mask=384 forward_active=0
$T,120,5,-2,66,,,1347,-827,-305,1203,4*5F
[CTRL] depth_valid=1 depth=11.425 vz=-1.189 az=-1.707 target_valid=0 target=0.000 pid=-100.000 pid_base=0.000 buoyancy_pwm=255 mask_valid=1 mask=384 forward_active=0
[CTRL] depth_valid=1 depth=10.460 vz=-2.267 az=-1.842 target_valid=0 target=0.000 pid=-100.000 pid_base=0.000 buoyancy_pwm=255 mask_valid=1 mask=384 forward_active=0
[OK]hb
[CTRL] depth_valid=1 depth=11.129 vz=0.685 az=1.421 target_valid=0 target=0.000 pid=-100.000 pid_base=0.000 buoyancy_pwm=255 mask_valid=1 mask=384 forward_active=0
[CTRL] depth_valid=1 depth=11.895 vz=1.606 az=1.419 target_valid=0 target=0.000 pid=-100.000 pid_base=0.000 buoyancy_pwm=255 mask_valid=1 mask=384 forward_active=0
$T,120,15,11,66,,,1347,-824,-296,1208,4*72
[CTRL] depth_valid=1 depth=11.868 vz=0.234 az=-0.436 target_valid=0 target=0.000 pid=-100.000 pid_base=0.000 buoyancy_pwm=255 mask_valid=1 mask=384 forward_active=0
[CTRL] depth_valid=1 depth=11.013 vz=-1.713 az=-1.877 target_valid=0 target=0.000 pid=-100.000 pid_base=0.000 buoyancy_pwm=255 mask_valid=1 mask=384 forward_active=0
[CTRL] depth_valid=1 depth=10.747 vz=-0.961 az=-0.376 target_valid=0 target=0.000 pid=-100.000 pid_base=0.000 buoyancy_pwm=255 mask_valid=1 mask=384 forward_active=0
[CTRL] depvz=1. target_valid=0 target=0.000 pid=-100.000 pid_base=0.000 buoyancy_pwm=255 mask_valid=1 mask=384 forward_active=0
$T,116,14,15,65,,,1325,-822,-273,1208,4*78
[Retry 1/5] k#20
Ascend stopped.
[OK]k#20[ACK] k#20

[CTRL] depth_valid=1 depth=11.931 vz=1.235 az=0.868 target_valid=0 target=0.000 pid=0.000 pid_base=0.000 buoyancy_pwm=0 mask_valid=1 mask=0 forward_active=0
<- Minima: IDLE
[CTRL] depth_valid=1 depth=11.731 vz=-0.170 az=-0.731 target_valid=0 target=0.000 pid=0.000 pid_base=0.000 buoyancy_pwm=0 mask_valid=1 mask=0 forward_active=0
[CTRL] depth_valid=1 depth=11.243 vz=-1.070 az=-1.142 target_valid=0 target=0.000 pid=0.000 pid_base=0.000 buoyancy_pwm=0 mask_valid=1 mask=0 forward_active=0
[CTRL] depth_valid=1 depth=11.014 vz=-0.768 az=-0.397 target_valid=0 target=0.000 pid=0.000 pid_base=0.000 buoyancy_pwm=0 mask_valid=1 mask=0 forward_active=0
$T,111,-2,2,65,,,1532,-837,-479,1214,0*52
[OK]hb
[CTRL] depth_valid=1 depth=11.483 vz=0.708 az=0.975 target_valid=0 target=0.000 pid=0.000 pid_base=0.000 buoyancy_pwm=0 mask_valid=1 mask=0 forward_active=0
[CTRL] depth_valid=1 depth=11.873 vz=0.919 az=0.664 target_valid=0 target=0.000 pid=0.000 pid_base=0.000 buoyancy_pwm=0 mask_valid=1 mask=0 forward_active=0
[CTRL] depth_valid=1 depth=11.807 vz=0.022 az=-0.419 target_valid=0 target=0.000 pid=0.000 pid_base=0.000 buoyancy_pwm=0 mask_valid=1 mask=0 forward_active=0
[CTRL] depth_valid=1 depth=11.495 vz=-0.723 az=-0.882 target_valid=0 target=0.000 pid=0.000 pid_base=0.000 buoyancy_pwm=0 mask_valid=1 mask=0 forward_active=0
$T,113,-8,-8,65,,,1595,-838,-541,1212,0*73
[CTRL] depth_valid=1 depth=11.116 vz=-0.966 az=-0.705 target_valid=0 target=0.000 pid=0.000 pid_base=0.000 buoyancy_pwm=0 mask_valid=1 mask=0 forward_active=0
[CTRL] depth_valid=1 depth=11.281 vz=0.053 az=0.424 target_valid=0 target=0.000 pid=0.000 pid_base=0.000 buoyancy_pwm=0 mask_valid=1 mask=0 forward_active=0
[CTRL] depth_valid=1 depth=11.628 vz=0.672 az=0.698 target_valid=0 target=0.000 pid=0.000 pid_base=0.000 buoyancy_pwm=0 mask_valid=1 mask=0 forward_active=0
[CTRL] depth_valid=1 depth=11.814 vz=0.479 az=0.178 target_valid=0 target=0.000 pid=0.000 pid_base=0.000 buoyancy_pwm=0 mask_valid=1 mask=0 forward_active=0
$T,118,3,0,65,,,1464,-832,-410,1205,0*7D
[CTRL] depth_valid=1 depth=11.649 vz=-0.315 az=-0.610 target_valid=0 target=0.000 pid=0.000 pid_base=0.000 buoyancy_pwm=0 mask_valid=1 mask=0 forward_active=0
[CTRL] depth_valid=1 depth=11.254 vz=-0.907 az=-0.839 target_valid=0 target=0.000 pid=0.000 pid_base=0.000 buoyancy_pwm=0 mask_valid=1 mask=0 forward_active=0
[OK]hb
[CTRL] depth_valid=1 depth=11.192 vz=-0.402 az=-0.081 target_valid=0 target=0.000 pid=0.000 pid_base=0.000 buoyancy_pwm=0 mask_valid=1 mask=0 forward_active=0
[CTRL] depth_valid=1 depth=11.404 vz=0.320 az=0.529 target_valid=0 target=0.000 pid=0.000 pid_base=0.000 buoyancy_pwm=0 mask_valid=1 mask=0 forward_active=0
$T,115,6,7,66,,,1460,-833,-406,1204,0*72
[CTRL] depth_valid=1 depth=11.709 vz=0.622 az=0.481 target_valid=0 target=0.000 pid=0.000 pid_base=0.000 buoyancy_pwm=0 mask_valid=1 mask=0 forward_active=0
[CTRL] depth_valid=1 depth=11.702 vz=0.041 az=-0.277 target_valid=0 target=0.000 pid=0.000 pid_base=0.000 buoyancy_pwm=0 mask_valid=1 mask=0 forward_active=0
[CTRL] depth_valid=1 depth=11.478 vz=-0.512 az=-0.635 target_valid=0 target=0.000 pid=0.000 pid_base=0.000 buoyancy_pwm=0 mask_valid=1 mask=0 forward_active=0
[CTRL] depth_valid=1 depth=11.259 vz=-0.617 az=-0.465 target_valid=0 target=0.000 pid=0.000 pid_base=0.000 buoyancy_pwm=0 mask_valid=1 mask=0 forward_active=0
$T,112,-4,-1,65,,,1588,-839,-532,1201,0*7C
[CTRL] depth_valid=1 depth=11.269 vz=-0.174 az=0.072 target_valid=0 target=0.000 pid=0.000 pid_base=0.000 buoyancy_pwm=0 mask_valid=1 mask=0 forward_active=0
[CTRL] depth_valid=1 depth=11.530 vz=0.469 az=0.554 target_valid=0 target=0.000 pid=0.000 pid_base=0.000 buoyancy_pwm=0 mask_valid=1 mask=0 forward_active=0
[CTRL] depth_valid=1 depth=11.739 vz=0.463 az=0.249 target_valid=0 target=0.000 pid=0.000 pid_base=0.000 buoyancy_pwm=0 mask_valid=1 mask=0 forward_active=0
[CTRL] depth_valid=1 depth=11.602 vz=-0.224 az=-0.468 target_valid=0 target=0.000 pid=0.000 pid_base=0.000 buoyancy_pwm=0 mask_valid=1 mask=0 forward_active=0
$T,115,-2,-4,66,,,1547,-838,-493,1206,0*74
[OK]hb
[CTRL] depth_valid=1 depth=11.433 vz=-0.471 az=-0.493 target_valid=0 target=0.000 pid=0.000 pid_base=0.000 buoyancy_pwm=0 mask_valid=1 mask=0 forward_active=0
[CTRL] depth_valid=1 depth=11.266 vz=-0.453 az=-0.260 target_valid=0 target=0.000 pid=0.000 pid_base=0.000 buoyancy_pwm=0 mask_valid=1 mask=0 forward_active=0
[CTRL] depth_valid=1 depth=11.428 vz=0.178 az=0.346 target_valid=0 target=0.000 pid=0.000 pid_base=0.000 buoyancy_pwm=0 mask_valid=1 mask=0 forward_active=0
[CTRL] depth_valid=1 depth=11.560 vz=0.278 az=0.235 target_valid=0 target=0.000 pid=0.000 pid_base=0.000 buoyancy_pwm=0 mask_valid=1 mask=0 forward_active=0
$T,116,4,4,65,,,1464,-833,-412,1206,0*70
[CTRL] depth_valid=1 depth=11.673 vz=0.186 az=-0.012 target_valid=0 target=0.000 pid=0.000 pid_base=0.000 buoyancy_pwm=0 mask_valid=1 mask=0 forward_active=0
[CTRL] depth_valid=1 depth=11.498 vz=-0.347 az=-0.470 target_valid=0 target=0.000 pid=0.000 pid_base=0.000 buoyancy_pwm=0 mask_valid=1 mask=0 forward_active=0
[CTRL] depth_valid=1 depth=11.298 vz=-0.526 az=-0.426 target_valid=0 target=0.000 pid=0.000 pid_base=0.000 buoyancy_pwm=0 mask_valid=1 mask=0 forward_active=0
[CTRL] depth_valid=1 depth=11.340 vz=-0.102 az=0.077 target_valid=0 target=0.000 pid=0.000 pid_base=0.000 buoyancy_pwm=0 mask_valid=1 mask=0 forward_active=0
$T,114,1,3,64,,,1538,-837,-484,1203,0*77
[CTRL] depth_valid=1 depth=11.514 vz=0.276 az=0.313 target_valid=0 target=0.000 pid=0.000 pid_base=0.000 buoyancy_pwm=0 mask_valid=1 mask=0 forward_active=0
[CTRL] depth_valid=1 depth=11.600 vz=0.212 az=0.095 target_valid=0 target=0.000 pid=0.000 pid_base=0.000 buoyancy_pwm=0 mask_valid=1 mask=0 forward_active=0
[OK]hb
[CTRL] depth_valid=1 depth=11.577 vz=-0.049 az=-0.194 target_valid=0 target=0.000 pid=0.000 pid_base=0.000 buoyancy_pwm=0 mask_valid=1 mask=0 forward_active=0
[CTRL] depth_valid=1 depth=11.376 vz=-0.463 az=-0.479 target_valid=0 target=0.000 pid=0.000 pid_base=0.000 buoyancy_pwm=0 mask_valid=1 mask=0 forward_active=0
$T,113,-3,-3,66,,,1591,-839,-537,1208,0*7F
[CTRL] depth_valid=1 depth=11.405 vz=-0.114 az=-0.003 target_valid=0 target=0.000 pid=0.000 pid_base=0.000 buoyancy_pwm=0 mask_valid=1 mask=0 forward_active=0
[CTRL] depth_valid=1 depth=11.378 vz=-0.091 az=-0.008 target_valid=0 target=0.000 pid=0.000 pid_base=0.000 buoyancy_pwm=0 mask_valid=1 mask=0 forward_active=0
[CTRL] depth_valid=1 depth=11.525 vz=0.208 az=0.200 target_valid=0 target=0.000 pid=0.000 pid_base=0.000 buoyancy_pwm=0 mask_valid=1 mask=0 forward_active=0
[CTRL] depth_valid=1 depth=11.575 vz=0.101 az=-0.015 target_valid=0 target=0.000 pid=0.000 pid_base=0.000 buoyancy_pwm=0 mask_valid=1 mask=0 forward_active=0
$T,115,1,0,67,,,1517,-837,-464,1209,0*7F
[CTRL] depth_valid=1 depth=11.534 vz=-0.126 az=-0.235 target_valid=0 target=0.000 pid=0.000 pid_base=0.000 buoyancy_pwm=0 mask_valid=1 mask=0 forward_active=0
[CTRL] depth_valid=1 depth=11.402 vz=-0.407 az=-0.436 target_valid=0 target=0.000 pid=0.000 pid_base=0.000 buoyancy_pwm=0 mask_valid=1 mask=0 forward_active=0
[CTRL] depth_valid=1 depth=11.360 vz=-0.163 az=-0.024 target_valid=0 target=0.000 pid=0.000 pid_base=0.000 buoyancy_pwm=0 mask_valid=1 mask=0 forward_active=0
[CTRL] depth_valid=1 depth=11.439 vz=0.120 az=0.214 target_valid=0 target=0.000 pid=0.000 pid_base=0.000 buoyancy_pwm=0 mask_valid=1 mask=0 forward_active=0
$T,114,2,2,65,,,1526,-837,-472,1206,0*77
[OK]hb
[CTRL] depth_valid=1 depth=11.599 vz=0.348 az=0.301 target_valid=0 target=0.000 pid=0.000 pid_base=0.000 buoyancy_pwm=0 mask_valid=1 mask=0 forward_active=0
[CTRL] depth_valid=1 depth=11.524 vz=-0.113 az=-0.259 target_valid=0 target=0.000 pid=0.000 pid_base=0.000 buoyancy_pwm=0 mask_valid=1 mask=0 forward_active=0
[CTRL] depth_valid=1 depth=11.477 vz=-0.194 az=-0.244 target_valid=0 target=0.000 pid=0.000 pid_base=0.000 buoyancy_pwm=0 mask_valid=1 mask=0 forward_active=0
[CTRL] depth_valid=1 depth=11.352 vz=-0.341 az=-0.285 target_valid=0 target=0.000 pid=0.000 pid_base=0.000 buoyancy_pwm=0 mask_valid=1 mask=0 forward_active=0
$T,113,-1,0,64,,,1588,-839,-535,1207,0*54
[CTRL] depth_valid=1 depth=11.447 vz=0.055 az=0.141 target_valid=0 target=0.000 pid=0.000 pid_base=0.000 buoyancy_pwm=0 mask_valid=1 mask=0 forward_active=0
[CTRL] depth_valid=1 depth=11.479 vz=0.052 az=0.047 target_valid=0 target=0.000 pid=0.000 pid_base=0.000 buoyancy_pwm=0 mask_valid=1 mask=0 forward_active=0
[CTRL] depth_valid=1 depth=11.537 vz=0.054 az=-0.021 target_valid=0 target=0.000 pid=0.000 pid_base=0.000 buoyancy_pwm=0 mask_valid=1 mask=0 forward_active=0
[CTRL] depth_valid=1 depth=11.517 vz=-0.068 az=-0.136 target_valid=0 target=0.000 pid=0.000 pid_base=0.000 buoyancy_pwm=0 mask_valid=1 mask=0 forward_active=0
$T,114,-1,-2,67,,,1560,-838,-507,1207,0*79
[CTRL] depth_valid=1 depth=11.444 vz=-0.183 az=-0.184 target_valid=0 target=0.000 pid=0.000 pid_base=0.000 buoyancy_pwm=0 mask_valid=1 mask=0 forward_active=0
[CTRL] depth_valid=1 depth=11.385 vz=-0.162 az=-0.086 target_valid=0 target=0.000 pid=0.000 pid_base=0.000 buoyancy_pwm=0 mask_valid=1 mask=0 forward_active=0
[CTRL] depth_valid=1 depth=11.424 vz=0.020 az=0.086 target_valid=0 target=0.000 pid=0.000 pid_base=0.000 buoyancy_pwm=0 mask_valid=1 mask=0 forward_active=0
[OK]hb
[CTRL] depth_valid=1 depth=11.552 vz=0.244 az=0.220 target_valid=0 target=0.000 pid=0.000 pid_base=0.000 buoyancy_pwm=0 mask_valid=1 mask=0 forward_active=0
$T,115,2,1,66,,,1539,-837,-486,1207,0*72
[CTRL] depth_valid=1 depth=11.557 vz=0.041 az=-0.071 target_valid=0 target=0.000 pid=0.000 pid_base=0.000 buoyancy_pwm=0 mask_valid=1 mask=0 forward_active=0
[CTRL] depth_valid=1 depth=11.479 vz=-0.196 az=-0.264 target_valid=0 target=0.000 pid=0.000 pid_base=0.000 buoyancy_pwm=0 mask_valid=1 mask=0 forward_active=0
[CTRL] depth_valid=1 depth=11.379 vz=-0.295 az=-0.253 target_valid=0 target=0.000 pid=0.000 pid_base=0.000 buoyancy_pwm=0 mask_valid=1 mask=0 forward_active=0
[CTRL] depth_valid=1 depth=11.393 vz=-0.081 az=0.014 target_valid=0 target=0.000 pid=0.000 pid_base=0.000 buoyancy_pwm=0 mask_valid=1 mask=0 forward_active=0
$T,114,1,1,64,,,1571,-838,-518,1202,0*72
[CTRL] depth_valid=1 depth=11.479 vz=0.085 az=0.088 target_valid=0 target=0.000 pid=0.000 pid_base=0.000 buoyancy_pwm=0 mask_valid=1 mask=0 forward_active=0
[CTRL] depth_valid=1 depth=11.508 vz=0.042 az=-0.011 target_valid=0 target=0.000 pid=0.000 pid_base=0.000 buoyancy_pwm=0 mask_valid=1 mask=0 forward_active=0
[CTRL] depth_valid=1 depth=11.477 vz=-0.095 az=-0.146 target_valid=0 target=0.000 pid=0.000 pid_base=0.000 buoyancy_pwm=0 mask_valid=1 mask=0 forward_active=0
[CTRL] depth_valid=1 depth=11.434 vz=-0.172 az=-0.181 target_valid=0 target=0.000 pid=0.000 pid_base=0.000 buoyancy_pwm=0 mask_valid=1 mask=0 forward_active=0
$T,114,0,0,65,,,1588,-838,-534,1202,0*7B
[OK]hb
[CTRL] depth_valid=1 depth=11.386 vz=-0.218 az=-0.195 target_valid=0 target=0.000 pid=0.000 pid_base=0.000 buoyancy_pwm=0 mask_valid=1 mask=0 forward_active=0
[CTRL] depth_valid=1 depth=11.428 vz=-0.018 az=0.027 target_valid=0 target=0.000 pid=0.000 pid_base=0.000 buoyancy_pwm=0 mask_valid=1 mask=0 forward_active=0
[CTRL] depth_valid=1 depth=11.479 vz=0.062 az=0.054 target_valid=0 target=0.000 pid=0.000 pid_base=0.000 buoyancy_pwm=0 mask_valid=1 mask=0 forward_active=0
[CTRL] depth_valid=1 depth=11.489 vz=-0.055 az=-0.129 target_valid=0 target=0.000 pid=0.000 pid_base=0.000 buoyancy_pwm=0 mask_valid=1 mask=0 forward_active=0
$T,115,0,0,66,,,1568,-838,-514,1201,0*76
[CTRL] depth_valid=1 depth=11.461 vz=-0.135 az=-0.175 target_valid=0 target=0.000 pid=0.000 pid_base=0.000 buoyancy_pwm=0 mask_valid=1 mask=0 forward_active=0
[CTRL] depth_valid=1 depth=11.462 vz=-0.064 az=-0.053 target_valid=0 target=0.000 pid=0.000 pid_base=0.000 buoyancy_pwm=0 mask_valid=1 mask=0 forward_active=0
[CTRL] depth_valid=1 depth=11.434 vz=-0.131 az=-0.127 target_valid=0 target=0.000 pid=0.000 pid_base=0.000 buoyancy_pwm=0 mask_valid=1 mask=0 forward_active=0
[CTRL] depth_valid=1 depth=11.469 vz=0.034 az=0.071 target_valid=0 target=0.000 pid=0.000 pid_base=0.000 buoyancy_pwm=0 mask_valid=1 mask=0 forward_active=0
$T,115,1,1,64,,,1569,-839,-515,1203,0*77
[CTRL] depth_valid=1 depth=11.517 vz=0.077 az=0.050 target_valid=0 target=0.000 pid=0.000 pid_base=0.000 buoyancy_pwm=0 mask_valid=1 mask=0 forward_active=0
[CTRL] depth_valid=1 depth=11.480 vz=-0.078 az=-0.118 target_valid=0 target=0.000 pid=0.000 pid_base=0.000 buoyancy_pwm=0 mask_valid=1 mask=0 forward_active=0
[OK]hb
[CTRL] depth_valid=1 depth=11.443 vz=-0.123 az=-0.120 target_valid=0 target=0.000 pid=0.000 pid_base=0.000 buoyancy_pwm=0 mask_valid=1 mask=0 forward_active=0
[CTRL] depth_valid=1 depth=11.456 vz=-0.113 az=-0.127 target_valid=0 target=0.000 pid=0.000 pid_base=0.000 buoyancy_pwm=0 mask_valid=1 mask=0 forward_active=0
$T,114,0,0,64,,,1590,-838,-535,1201,0*71
[CTRL] depth_valid=1 depth=11.436 vz=-0.088 az=-0.062 target_valid=0 target=0.000 pid=0.000 pid_base=0.000 buoyancy_pwm=0 mask_valid=1 mask=0 forward_active=0
[CTRL] depth_valid=1 depth=11.466 vz=-0.003 az=0.008 target_valid=0 target=0.000 pid=0.000 pid_base=0.000 buoyancy_pwm=0 mask_valid=1 mask=0 forward_active=0
[CTRL] depth_valid=1 depth=11.475 vz=-0.059 az=-0.094 target_valid=0 target=0.000 pid=0.000 pid_base=0.000 buoyancy_pwm=0 mask_valid=1 mask=0 forward_active=0
[CTRL] depth_valid=1 depth=11.478 vz=-0.072 az=-0.101 target_valid=0 target=0.000 pid=0.000 pid_base=0.000 buoyancy_pwm=0 mask_valid=1 mask=0 forward_active=0
$T,114,0,0,65,,,1588,-838,-533,1200,0*7E
[CTRL] depth_valid=1 depth=11.513 vz=0.001 az=-0.024 target_valid=0 target=0.000 pid=0.000 pid_base=0.000 buoyancy_pwm=0 mask_valid=1 mask=0 forward_active=0
[CTRL] depth_valid=1 depth=11.395 vz=-0.263 az=-0.260 target_valid=0 target=0.000 pid=0.000 pid_base=0.000 buoyancy_pwm=0 mask_valid=1 mask=0 forward_active=0
[CTRL] depth_valid=1 depth=11.439 vz=-0.066 az=-0.036 target_valid=0 target=0.000 pid=0.000 pid_base=0.000 buoyancy_pwm=0 mask_valid=1 mask=0 forward_active=0
[CTRL] depth_valid=1 depth=11.446 vz=-0.079 az=-0.087 target_valid=0 target=0.000 pid=0.000 pid_base=0.000 buoyancy_pwm=0 mask_valid=1 mask=0 forward_active=0
$T,115,0,0,64,,,1575,-838,-520,1201,0*7F
[CTRL] depth_valid=1 depth=11.528 vz=0.057 az=0.012 target_valid=0 target=0.000 pid=0.000 pid_base=0.000 buoyancy_pwm=0 mask_valid=1 mask=0 forward_active=0
[OK]hb
[CTRL] depth_valid=1 depth=11.486 vz=-0.081 az=-0.115 target_valid=0 target=0.000 pid=0.000 pid_base=0.000 buoyancy_pwm=0 mask_valid=1 mask=0 forward_active=0
[CTRL] depth_valid=1 depth=11.400 vz=-0.231 az=-0.216 target_valid=0 target=0.000 pid=0.000 pid_base=0.000 buoyancy_pwm=0 mask_valid=1 mask=0 forward_active=0
[CTRL] depth_valid=1 depth=11.423 vz=-0.079 az=-0.036 target_valid=0 target=0.000 pid=0.000 pid_base=0.000 buoyancy_pwm=0 mask_valid=1 mask=0 forward_active=0
$T,114,0,1,64,,,1592,-839,-537,1204,0*74
[CTRL] depth_valid=1 depth=11.481 vz=0.032 az=0.025 target_valid=0 target=0.000 pid=0.000 pid_base=0.000 buoyancy_pwm=0 mask_valid=1 mask=0 forward_active=0
[CTRL] depth_valid=1 depth=11.428 vz=-0.121 az=-0.132 target_valid=0 target=0.000 pid=0.000 pid_base=0.000 buoyancy_pwm=0 mask_valid=1 mask=0 forward_active=0
[CTRL] depth_valid=1 depth=11.465 vz=-0.036 az=-0.051 target_valid=0 target=0.000 pid=0.000 pid_base=0.000 buoyancy_pwm=0 mask_valid=1 mask=0 forward_active=0
[CTRL] depth_valid=1 depth=11.404 vz=-0.151 az=-0.139 target_valid=0 target=0.000 pid=0.000 pid_base=0.000 buoyancy_pwm=0 mask_valid=1 mask=0 forward_active=0
$T,114,0,0,64,,,1598,-839,-542,1204,0*7D
[CTRL] depth_valid=1 depth=11.424 vz=-0.081 az=-0.076 target_valid=0 target=0.000 pid=0.000 pid_base=0.000 buoyancy_pwm=0 mask_valid=1 mask=0 forward_active=0
[CTRL] depth_valid=1 depth=11.402 vz=-0.149 az=-0.157 target_valid=0 target=0.000 pid=0.000 pid_base=0.000 buoyancy_pwm=0 mask_valid=1 mask=0 forward_active=0
[CTRL] depth_valid=1 depth=11.414 vz=-0.058 az=-0.035 target_valid=0 target=0.000 pid=0.000 pid_base=0.000 buoyancy_pwm=0 mask_valid=1 mask=0 forward_active=0
[OK]hb
[CTRL] depth_valid=1 depth=11.491 vz=0.100 az=0.087 target_valid=0 target=0.000 pid=0.000 pid_base=0.000 buoyancy_pwm=0 mask_valid=1 mask=0 forward_active=0
$T,115,1,1,64,,,1592,-839,-535,1201,0*73
[CTRL] depth_valid=1 depth=11.500 vz=0.005 az=-0.058 target_valid=0 target=0.000 pid=0.000 pid_base=0.000 buoyancy_pwm=0 mask_valid=1 mask=0 forward_active=0
[CTRL] depth_valid=1 depth=11.422 vz=-0.191 az=-0.220 target_valid=0 target=0.000 pid=0.000 pid_base=0.000 buoyancy_pwm=0 mask_valid=1 mask=0 forward_active=0
[CTRL] depth_valid=1 depth=11.390 vz=-0.180 az=-0.154 target_valid=0 target=0.000 pid=0.000 pid_base=0.000 buoyancy_pwm=0 mask_valid=1 mask=0 forward_active=0
[CTRL] depth_valid=1 depth=11.447 vz=0.008 az=0.031 target_valid=0 target=0.000 pid=0.000 pid_base=0.000 buoyancy_pwm=0 mask_valid=1 mask=0 forward_active=0
$T,115,1,2,64,,,1592,-840,-536,1204,0*78
[CTRL] depth_valid=1 depth=11.448 vz=-0.059 az=-0.087 target_valid=0 target=0.000 pid=0.000 pid_base=0.000 buoyancy_pwm=0 mask_valid=1 mask=0 forward_active=0
[CTRL] depth_valid=1 depth=11.454 vz=-0.052 az=-0.068 target_valid=0 target=0.000 pid=0.000 pid_base=0.000 buoyancy_pwm=0 mask_valid=1 mask=0 forward_active=0
[CTRL] depth_valid=1 depth=11.442 vz=-0.072 az=-0.075 target_valid=0 target=0.000 pid=0.000 pid_base=0.000 buoyancy_pwm=0 mask_valid=1 mask=0 forward_active=0
[CTRL] depth_valid=1 depth=11.425 vz=-0.100 az=-0.096 target_valid=0 target=0.000 pid=0.000 pid_base=0.000 buoyancy_pwm=0 mask_valid=1 mask=0 forward_active=0
$T,114,0,0,64,66,,1597,-840,-540,1201,0*7B
[OK]hb
[CTRL] depth_valid=1 depth=11.425 vz=-0.085 az=-0.084 target_valid=0 target=0.000 pid=0.000 pid_base=0.000 buoyancy_pwm=0 mask_valid=1 mask=0 forward_active=0
[CTRL] depth_valid=1 depth=11.420 vz=-0.088 az=-0.087 target_valid=0 target=0.000 pid=0.000 pid_base=0.000 buoyancy_pwm=0 mask_valid=1 mask=0 forward_active=0
[CTRL] depth_valid=1 depth=11.440 vz=-0.031 az=-0.032 target_valid=0 target=0.000 pid=0.000 pid_base=0.000 buoyancy_pwm=0 mask_valid=1 mask=0 forward_active=0
[CTRL] depth_valid=1 depth=11.451 vz=-0.005 az=-0.013 target_valid=0 target=0.000 pid=0.000 pid_base=0.000 buoyancy_pwm=0 mask_valid=1 mask=0 forward_active=0
$T,114,1,1,64,66,,1600,-839,-543,1205,0*7F
[CTRL] depth_valid=1 depth=11.445 vz=-0.086 az=-0.126 target_valid=0 target=0.000 pid=0.000 pid_base=0.000 buoyancy_pwm=0 mask_valid=1 mask=0 forward_active=0
[CTRL] depth_valid=1 depth=11.415 vz=-0.147 az=-0.159 target_valid=0 target=0.000 pid=0.000 pid_base=0.000 buoyancy_pwm=0 mask_valid=1 mask=0 forward_active=0
[CTRL] depth_valid=1 depth=11.426 vz=-0.055 az=-0.037 target_valid=0 target=0.000 pid=0.000 pid_base=0.000 buoyancy_pwm=0 mask_valid=1 mask=0 forward_active=0
[CTRL] depth_valid=1 depth=11.438 vz=-0.024 az=-0.019 target_valid=0 target=0.000 pid=0.000 pid_base=0.000 buoyancy_pwm=0 mask_valid=1 mask=0 forward_active=0
$T,114,0,0,64,66,,1595,-840,-538,1203,0*74
[CTRL] depth_valid=1 depth=11.455 vz=-0.046 az=-0.081 target_valid=0 target=0.000 pid=0.000 pid_base=0.000 buoyancy_pwm=0 mask_valid=1 mask=0 forward_active=0
[CTRL] depth_valid=1 depth=11.427 vz=-0.157 az=-0.194 target_valid=0 target=0.000 pid=0.000 pid_base=0.000 buoyancy_pwm=0 mask_valid=1 mask=0 forward_active=0
[CTRL] depth_valid=1 depth=11.410 vz=-0.146 az=-0.143 target_valid=0 target=0.000 pid=0.000 pid_base=0.000 buoyancy_pwm=0 mask_valid=1 mask=0 forward_active=0
[OK]hb
[CTRL] depth_valid=1 depth=11.457 vz=-0.006 az=-0.002 target_valid=0 target=0.000 pid=0.000 pid_base=0.000 buoyancy_pwm=0 mask_valid=1 mask=0 forward_active=0
$T,114,0,0,64,66,,1606,-839,-549,1206,0*70
[CTRL] depth_valid=1 depth=11.487 vz=0.027 az=0.002 target_valid=0 target=0.000 pid=0.000 pid_base=0.000 buoyancy_pwm=0 mask_valid=1 mask=0 forward_active=0
[CTRL] depth_valid=1 depth=11.449 vz=-0.112 az=-0.142 target_valid=0 target=0.000 pid=0.000 pid_base=0.000 buoyancy_pwm=0 mask_valid=1 mask=0 forward_active=0
[CTRL] depth_valid=1 depth=11.439 vz=-0.100 az=-0.098 target_valid=0 target=0.000 pid=0.000 pid_base=0.000 buoyancy_pwm=0 mask_valid=1 mask=0 forward_active=0
[CTRL] depth_valid=1 depth=11.424 vz=-0.076 az=-0.048 target_valid=0 target=0.000 pid=0.000 pid_base=0.000 buoyancy_pwm=0 mask_valid=1 mask=0 forward_active=0
$T,114,0,0,64,66,,1616,-839,-559,1203,0*75
[CTRL] depth_valid=1 depth=11.424 vz=-0.091 az=-0.095 target_valid=0 target=0.000 pid=0.000 pid_base=0.000 buoyancy_pwm=0 mask_valid=1 mask=0 forward_active=0
[CTRL] depth_valid=1 depth=11.415 vz=-0.085 az=-0.078 target_valid=0 target=0.000 pid=0.000 pid_base=0.000 buoyancy_pwm=0 mask_valid=1 mask=0 forward_active=0
[CTRL] depth_valid=1 depth=11.407 vz=-0.123 az=-0.133 target_valid=0 target=0.000 pid=0.000 pid_base=0.000 buoyancy_pwm=0 mask_valid=1 mask=0 forward_active=0
[CTRL] depth_valid=1 depth=11.433 vz=-0.027 az=-0.023 target_valid=0 target=0.000 pid=0.000 pid_base=0.000 buoyancy_pwm=0 mask_valid=1 mask=0 forward_active=0
$T,114,0,0,64,66,,1611,-840,-554,1205,0*77
[CTRL] depth_valid=1 depth=11.460 vz=0.010 az=-0.010 target_valid=0 target=0.000 pid=0.000 pid_base=0.000 buoyancy_pwm=0 mask_valid=1 mask=0 forward_active=0
[OK]hb
[CTRL] depth_valid=1 depth=11.458 vz=-0.023 az=-0.046 target_valid=0 target=0.000 pid=0.000 pid_base=0.000 buoyancy_pwm=0 mask_valid=1 mask=0 forward_active=0
[CTRL] depth_valid=1 depth=11.420 vz=-0.076 az=-0.065 target_valid=0 target=0.000 pid=0.000 pid_base=0.000 buoyancy_pwm=0 mask_valid=1 mask=0 forward_active=0
[CTRL] depth_valid=1 depth=11.400 vz=-0.105 az=-0.093 target_valid=0 target=0.000 pid=0.000 pid_base=0.000 buoyancy_pwm=0 mask_valid=1 mask=0 forward_active=0
$T,114,1,1,66,66,,1609,-839,-551,1205,0*77
[CTRL] depth_valid=1 depth=11.462 vz=0.025 az=0.011 target_valid=0 target=0.000 pid=0.000 pid_base=0.000 buoyancy_pwm=0 mask_valid=1 mask=0 forward_active=0
[CTRL] depth_valid=1 depth=11.477 vz=0.052 az=0.039 target_valid=0 target=0.000 pid=0.000 pid_base=0.000 buoyancy_pwm=0 mask_valid=1 mask=0 forward_active=0
[CTRL] depth_valid=1 depth=11.422 vz=-0.124 az=-0.148 target_valid=0 target=0.000 pid=0.000 pid_base=0.000 buoyancy_pwm=0 mask_valid=1 mask=0 forward_active=0
[CTRL] depth_valid=1 depth=11.384 vz=-0.180 az=-0.179 target_valid=0 target=0.000 pid=0.000 pid_base=0.000 buoyancy_pwm=0 mask_valid=1 mask=0 forward_active=0
$T,114,0,1,65,66,,1622,-839,-564,1202,0*7D
[CTRL] depth_valid=1 depth=11.455 vz=-0.025 az=-0.047 target_valid=0 target=0.000 pid=0.000 pid_base=0.000 buoyancy_pwm=0 mask_valid=1 mask=0 forward_active=0
[CTRL] depth_valid=1 depth=11.433 vz=-0.061 az=-0.064 target_valid=0 target=0.000 pid=0.000 pid_base=0.000 buoyancy_pwm=0 mask_valid=1 mask=0 forward_active=0
[CTRL] depth_valid=1 depth=11.446 vz=-0.002 az=0.007 target_valid=0 target=0.000 pid=0.000 pid_base=0.000 buoyancy_pwm=0 mask_valid=1 mask=0 forward_active=0
[OK]hb
[CTRL] depth_valid=1 depth=11.479 vz=0.032 az=0.008 target_valid=0 target=0.000 pid=0.000 pid_base=0.000 buoyancy_pwm=0 mask_valid=1 mask=0 forward_active=0
$T,114,0,0,67,66,,1612,-839,-554,1202,0*7E
[CTRL] depth_valid=1 depth=11.461 vz=-0.069 az=-0.110 target_valid=0 target=0.000 pid=0.000 pid_base=0.000 buoyancy_pwm=0 mask_valid=1 mask=0 forward_active=0
[CTRL] depth_valid=1 depth=11.416 vz=-0.136 az=-0.134 target_valid=0 target=0.000 pid=0.000 pid_base=0.000 buoyancy_pwm=0 mask_valid=1 mask=0 forward_active=0
[CTRL] depth_valid=1 depth=11.394 vz=-0.118 az=-0.088 target_valid=0 target=0.000 pid=0.000 pid_base=0.000 buoyancy_pwm=0 mask_valid=1 mask=0 forward_active=0
[CTRL] depth_valid=1 depth=11.433 vz=-0.013 az=-0.005 target_valid=0 target=0.000 pid=0.000 pid_base=0.000 buoyancy_pwm=0 mask_valid=1 mask=0 forward_active=0
$T,114,0,0,67,66,,1612,-839,-554,1205,0*79
[CTRL] depth_valid=1 depth=11.481 vz=0.049 az=0.019 target_valid=0 target=0.000 pid=0.000 pid_base=0.000 buoyancy_pwm=0 mask_valid=1 mask=0 forward_active=0
[CTRL] depth_valid=1 depth=11.439 vz=-0.103 az=-0.139 target_valid=0 target=0.000 pid=0.000 pid_base=0.000 buoyancy_pwm=0 mask_valid=1 mask=0 forward_active=0
[CTRL] depth_valid=1 depth=11.399 vz=-0.153 az=-0.147 target_valid=0 target=0.000 pid=0.000 pid_base=0.000 buoyancy_pwm=0 mask_valid=1 mask=0 forward_active=0
[CTRL] depth_valid=1 depth=11.406 vz=-0.067 az=-0.036 target_valid=0 target=0.000 pid=0.000 pid_base=0.000 buoyancy_pwm=0 mask_valid=1 mask=0 forward_active=0
$T,114,1,1,67,66,,1623,-839,-565,1205,0*79
[CTRL] depth_valid=1 depth=11.474 vz=0.031 az=0.001 target_valid=0 target=0.000 pid=0.000 pid_base=0.000 buoyancy_pwm=0 mask_valid=1 mask=0 forward_active=0
[OK]hb
[CTRL] depth_valid=1 depth=11.494 vz=0.011 az=-0.038 target_valid=0 target=0.000 pid=0.000 pid_base=0.000 buoyancy_pwm=0 mask_valid=1 mask=0 forward_active=0
[CTRL] depth_valid=1 depth=11.449 vz=-0.113 az=-0.140 target_valid=0 target=0.000 pid=0.000 pid_base=0.000 buoyancy_pwm=0 mask_valid=1 mask=0 forward_active=0
[CTRL] depth_valid=1 depth=11.416 vz=-0.144 az=-0.134 target_valid=0 target=0.000 pid=0.000 pid_base=0.000 buoyancy_pwm=0 mask_valid=1 mask=0 forward_active=0
$T,114,0,0,67,66,,1624,-840,-566,1203,0*75
[CTRL] depth_valid=1 depth=11.457 vz=-0.039 az=-0.043 target_valid=0 target=0.000 pid=0.000 pid_base=0.000 buoyancy_pwm=0 mask_valid=1 mask=0 forward_active=0
[CTRL] depth_valid=1 depth=11.437 vz=-0.062 az=-0.053 target_valid=0 target=0.000 pid=0.000 pid_base=0.000 buoyancy_pwm=0 mask_valid=1 mask=0 forward_active=0
[CTRL] depth_valid=1 depth=11.440 vz=-0.069 az=-0.078 target_valid=0 target=0.000 pid=0.000 pid_base=0.000 buoyancy_pwm=0 mask_valid=1 mask=0 forward_active=0
[CTRL] depth_valid=1 depth=11.458 vz=0.000 az=0.007 target_valid=0 target=0.000 pid=0.000 pid_base=0.000 buoyancy_pwm=0 mask_valid=1 mask=0 forward_active=0
$T,114,0,0,,66,,1627,-840,-567,1202,0*77
[CTRL] depth_valid=1 depth=11.436 vz=-0.027 az=-0.014 target_valid=0 target=0.000 pid=0.000 pid_base=0.000 buoyancy_pwm=0 mask_valid=1 mask=0 forward_active=0
[CTRL] depth_valid=1 depth=11.390 vz=-0.101 az=-0.075 target_valid=0 target=0.000 pid=0.000 pid_base=0.000 buoyancy_pwm=0 mask_valid=1 mask=0 forward_active=0
[CTRL] depth_valid=1 depth=11.425 vz=-0.007 az=-0.000 target_valid=0 target=0.000 pid=0.000 pid_base=0.000 buoyancy_pwm=0 mask_valid=1 mask=0 forward_active=0
[OK]hb
[CTRL] depth_valid=1 depth=11.477 vz=0.075 az=0.049 target_valid=0 target=0.000 pid=0.000 pid_base=0.000 buoyancy_pwm=0 mask_valid=1 mask=0 forward_active=0
$T,114,0,0,,66,,1625,-840,-566,1202,0*74
[CTRL] depth_valid=1 depth=11.466 vz=-0.041 az=-0.095 target_valid=0 target=0.000 pid=0.000 pid_base=0.000 buoyancy_pwm=0 mask_valid=1 mask=0 forward_active=0
[CTRL] depth_valid=1 depth=11.408 vz=-0.144 az=-0.151 target_valid=0 target=0.000 pid=0.000 pid_base=0.000 buoyancy_pwm=0 mask_valid=1 mask=0 forward_active=0
[CTRL] depth_valid=1 depth=11.425 vz=-0.066 az=-0.058 target_valid=0 target=0.000 pid=0.000 pid_base=0.000 buoyancy_pwm=0 mask_valid=1 mask=0 forward_active=0
[CTRL] depth_valid=1 depth=11.455 vz=0.034 az=0.047 target_valid=0 target=0.000 pid=0.000 pid_base=0.000 buoyancy_pwm=0 mask_valid=1 mask=0 forward_active=0
$T,114,0,0,,66,,1625,-840,-567,1205,0*72
[CTRL] depth_valid=1 depth=11.438 vz=-0.060 az=-0.083 target_valid=0 target=0.000 pid=0.000 pid_base=0.000 buoyancy_pwm=0 mask_valid=1 mask=0 forward_active=0
[CTRL] depth_valid=1 depth=11.423 vz=-0.095 az=-0.107 target_valid=0 target=0.000 pid=0.000 pid_base=0.000 buoyancy_pwm=0 mask_valid=1 mask=0 forward_active=0
[CTRL] depth_valid=1 depth=11.414 vz=-0.091 az=-0.089 target_valid=0 target=0.000 pid=0.000 pid_base=0.000 buoyancy_pwm=0 mask_valid=1 mask=0 forward_active=0
[CTRL] depth_valid=1 depth=11.452 vz=0.017 az=0.020 target_valid=0 target=0.000 pid=0.000 pid_base=0.000 buoyancy_pwm=0 mask_valid=1 mask=0 forward_active=0
$T,114,0,0,,66,,1627,-840,-568,1205,0*7F
[CTRL] depth_valid=1 depth=11.470 vz=-0.014 az=-0.054 target_valid=0 target=0.000 pid=0.000 pid_base=0.000 buoyancy_pwm=0 mask_valid=1 mask=0 forward_active=0
[OK]hb
[CTRL] depth_valid=1 depth=11.457 vz=-0.037 az=-0.048 target_valid=0 target=0.000 pid=0.000 pid_base=0.000 buoyancy_pwm=0 mask_valid=1 mask=0 forward_active=0
[CTRL] depth_valid=1 depth=11.438 vz=-0.061 az=-0.055 target_valid=0 target=0.000 pid=0.000 pid_base=0.000 buoyancy_pwm=0 mask_valid=1 mask=0 forward_active=0
[CTRL] depth_valid=1 depth=11.426 vz=-0.061 az=-0.046 target_valid=0 target=0.000 pid=0.000 pid_base=0.000 buoyancy_pwm=0 mask_valid=1 mask=0 forward_active=0
$T,114,0,0,,66,,1622,-840,-563,1204,0*70
[CTRL] depth_valid=1 depth=11.484 vz=0.073 az=0.069 target_valid=0 target=0.000 pid=0.000 pid_base=0.000 buoyancy_pwm=0 mask_valid=1 mask=0 forward_active=0
[CTRL] depth_valid=1 depth=11.455 vz=-0.051 az=-0.080 target_valid=0 target=0.000 pid=0.000 pid_base=0.000 buoyancy_pwm=0 mask_valid=1 mask=0 forward_active=0
[CTRL] depth_valid=1 depth=11.414 vz=-0.127 az=-0.125 target_valid=0 target=0.000 pid=0.000 pid_base=0.000 buoyancy_pwm=0 mask_valid=1 mask=0 forward_active=0
[CTRL] depth_valid=1 depth=11.449 vz=-0.007 az=0.003 target_valid=0 target=0.000 pid=0.000 pid_base=0.000 buoyancy_pwm=0 mask_valid=1 mask=0 forward_active=0
$T,114,0,0,,67,,1627,-840,-568,1202,0*79
[CTRL] depth_valid=1 depth=11.432 vz=-0.095 az=-0.117 target_valid=0 target=0.000 pid=0.000 pid_base=0.000 buoyancy_pwm=0 mask_valid=1 mask=0 forward_active=0
[CTRL] depth_valid=1 depth=11.441 vz=-0.052 az=-0.052 target_valid=0 target=0.000 pid=0.000 pid_base=0.000 buoyancy_pwm=0 mask_valid=1 mask=0 forward_active=0
[CTRL] depth_valid=1 depth=11.432 vz=-0.062 az=-0.058 target_valid=0 target=0.000 pid=0.000 pid_base=0.000 buoyancy_pwm=0 mask_valid=1 mask=0 forward_active=0
[OK]hb
[CTRL] depth_valid=1 depth=11.524 vz=0.114 az=0.082 target_valid=0 target=0.000 pid=0.000 pid_base=0.000 buoyancy_pwm=0 mask_valid=1 mask=0 forward_active=0
$T,115,0,0,,67,,1638,-841,-578,1203,0*77
[CTRL] depth_valid=1 depth=11.469 vz=-0.095 az=-0.143 target_valid=0 target=0.000 pid=0.000 pid_base=0.000 buoyancy_pwm=0 mask_valid=1 mask=0 forward_active=0
[CTRL] depth_valid=1 depth=11.441 vz=-0.113 az=-0.113 target_valid=0 target=0.000 pid=0.000 pid_base=0.000 buoyancy_pwm=0 mask_valid=1 mask=0 forward_active=0
[CTRL] depth_valid=1 depth=11.456 vz=-0.078 az=-0.088 target_valid=0 target=0.000 pid=0.000 pid_base=0.000 buoyancy_pwm=0 mask_valid=1 mask=0 forward_active=0
[CTRL] depth_valid=1 depth=11.448 vz=-0.078 az=-0.077 target_valid=0 target=0.000 pid=0.000 pid_base=0.000 buoyancy_pwm=0 mask_valid=1 mask=0 forward_active=0
$T,114,0,0,,67,,1628,-841,-569,1202,0*76
[CTRL] depth_valid=1 depth=11.451 vz=-0.082 az=-0.094 target_valid=0 target=0.000 pid=0.000 pid_base=0.000 buoyancy_pwm=0 mask_valid=1 mask=0 forward_active=0
[CTRL] depth_valid=1 depth=11.442 vz=-0.055 az=-0.039 target_valid=0 target=0.000 pid=0.000 pid_base=0.000 buoyancy_pwm=0 mask_valid=1 mask=0 forward_active=0
[CTRL] depth_valid=1 depth=11.451 vz=-0.046 az=-0.051 target_valid=0 target=0.000 pid=0.000 pid_base=0.000 buoyancy_pwm=0 mask_valid=1 mask=0 forward_active=0
[CTRL] depth_valid=1 depth=11.431 vz=-0.126 az=-0.148 target_valid=0 target=0.000 pid=0.000 pid_base=0.000 buoyancy_pwm=0 mask_valid=1 mask=0 forward_active=0
$T,114,0,0,,67,,1631,-840,-572,1201,0*76
[CTRL] depth_valid=1 depth=11.440 vz=-0.098 az=-0.112 target_valid=0 target=0.000 pid=0.000 pid_base=0.000 buoyancy_pwm=0 mask_valid=1 mask=0 forward_active=0
[OK]hb
[CTRL] depth_valid=1 depth=11.482 vz=-0.005 az=-0.024 target_valid=0 target=0.000 pid=0.000 pid_base=0.000 buoyancy_pwm=0 mask_valid=1 mask=0 forward_active=0
[CTRL] depth_valid=1 depth=11.406 vz=-0.187 az=-0.191 target_valid=0 target=0.000 pid=0.000 pid_base=0.000 buoyancy_pwm=0 mask_valid=1 mask=0 forward_active=0
[CTRL] depth_valid=1 depth=11.430 vz=-0.094 az=-0.089 target_valid=0 target=0.000 pid=0.000 pid_base=0.000 buoyancy_pwm=0 mask_valid=1 mask=0 forward_active=0
$T,114,0,0,,67,,1637,-840,-578,1201,0*7A
[CTRL] depth_valid=1 depth=11.467 vz=0.001 az=-0.003 target_valid=0 target=0.000 pid=0.000 pid_base=0.000 buoyancy_pwm=0 mask_valid=1 mask=0 forward_active=0
[CTRL] depth_valid=1 depth=11.429 vz=-0.082 az=-0.081 target_valid=0 target=0.000 pid=0.000 pid_base=0.000 buoyancy_pwm=0 mask_valid=1 mask=0 forward_active=0
[CTRL] depth_valid=1 depth=11.423 vz=-0.073 az=-0.065 target_valid=0 target=0.000 pid=0.000 pid_base=0.000 buoyancy_pwm=0 mask_valid=1 mask=0 forward_active=0
[CTRL] depth_valid=1 depth=11.452 vz=0.015 az=0.024 target_valid=0 target=0.000 pid=0.000 pid_base=0.000 buoyancy_pwm=0 mask_valid=1 mask=0 forward_active=0
$T,114,0,1,,68,,1631,-840,-572,1205,0*7C
[CTRL] depth_valid=1 depth=11.471 vz=0.005 az=-0.025 target_valid=0 target=0.000 pid=0.000 pid_base=0.000 buoyancy_pwm=0 mask_valid=1 mask=0 forward_active=0
[CTRL] depth_valid=1 depth=11.436 vz=-0.106 az=-0.133 target_valid=0 target=0.000 pid=0.000 pid_base=0.000 buoyancy_pwm=0 mask_valid=1 mask=0 forward_active=0
[CTRL] depth_valid=1 depth=11.413 vz=-0.120 az=-0.116 target_valid=0 target=0.000 pid=0.000 pid_base=0.000 buoyancy_pwm=0 mask_valid=1 mask=0 forward_active=0
[OK]hb
[CTRL] depth_valid=1 depth=11.457 vz=0.033 az=0.051 target_valid=0 target=0.000 pid=0.000 pid_base=0.000 buoyancy_pwm=0 mask_valid=1 mask=0 forward_active=0
$T,114,0,0,,68,,1637,-839,-577,1205,0*70
[CTRL] depth_valid=1 depth=11.425 vz=-0.124 az=-0.161 target_valid=0 target=0.000 pid=0.000 pid_base=0.000 buoyancy_pwm=0 mask_valid=1 mask=0 forward_active=0
[CTRL] depth_valid=1 depth=11.427 vz=-0.103 az=-0.117 target_valid=0 target=0.000 pid=0.000 pid_base=0.000 buoyancy_pwm=0 mask_valid=1 mask=0 forward_active=0
[CTRL] depth_valid=1 depth=11.419 vz=-0.084 az=-0.077 target_valid=0 target=0.000 pid=0.000 pid_base=0.000 buoyancy_pwm=0 mask_valid=1 mask=0 forward_active=0
[CTRL] depth_valid=1 depth=11.425 vz=-0.063 az=-0.062 target_valid=0 target=0.000 pid=0.000 pid_base=0.000 buoyancy_pwm=0 mask_valid=1 mask=0 forward_active=0
$T,114,0,0,,68,,1643,-840,-583,1204,0*77
[CTRL] depth_valid=1 depth=11.471 vz=-0.003 az=-0.037 target_valid=0 target=0.000 pid=0.000 pid_base=0.000 buoyancy_pwm=0 mask_valid=1 mask=0 forward_active=0
[CTRL] depth_valid=1 depth=11.458 vz=-0.043 az=-0.060 target_valid=0 target=0.000 pid=0.000 pid_base=0.000 buoyancy_pwm=0 mask_valid=1 mask=0 forward_active=0
[CTRL] depth_valid=1 depth=11.425 vz=-0.130 az=-0.141 target_valid=0 target=0.000 pid=0.000 pid_base=0.000 buoyancy_pwm=0 mask_valid=1 mask=0 forward_active=0
[CTRL] depth_valid=1 depth=11.441 vz=-0.059 az=-0.055 target_valid=0 target=0.000 pid=0.000 pid_base=0.000 buoyancy_pwm=0 mask_valid=1 mask=0 forward_active=0
$T,114,0,0,,68,,1642,-840,-583,1204,0*76
[CTRL] depth_valid=1 depth=11.455 vz=-0.073 az=-0.102 target_valid=0 target=0.000 pid=0.000 pid_base=0.000 buoyancy_pwm=0 mask_valid=1 mask=0 forward_active=0
[OK]hb
[CTRL] depth_valid=1 depth=11.457 vz=-0.047 az=-0.054 target_valid=0 target=0.000 pid=0.000 pid_base=0.000 buoyancy_pwm=0 mask_valid=1 mask=0 forward_active=0
[CTRL] depth_valid=1 depth=11.471 vz=-0.024 az=-0.036 target_valid=0 target=0.000 pid=0.000 pid_base=0.000 buoyancy_pwm=0 mask_valid=1 mask=0 forward_active=0
[CTRL] depth_valid=1 depth=11.434 vz=-0.110 az=-0.112 target_valid=0 target=0.000 pid=0.000 pid_base=0.000 buoyancy_pwm=0 mask_valid=1 mask=0 forward_active=0
$T,114,0,0,,,,1641,-840,-582,1201,0*7F
[CTRL] depth_valid=1 depth=11.441 vz=-0.078 az=-0.080 target_valid=0 target=0.000 pid=0.000 pid_base=0.000 buoyancy_pwm=0 mask_valid=1 mask=0 forward_active=0
[CTRL] depth_valid=1 depth=11.446 vz=-0.034 az=-0.024 target_valid=0 target=0.000 pid=0.000 pid_base=0.000 buoyancy_pwm=0 mask_valid=1 mask=0 forward_active=0
[CTRL] depth_valid=1 depth=11.433 vz=-0.081 az=-0.088 target_valid=0 target=0.000 pid=0.000 pid_base=0.000 buoyancy_pwm=0 mask_valid=1 mask=0 forward_active=0
[CTRL] depth_valid=1 depth=11.424 vz=-0.098 az=-0.103 target_valid=0 target=0.000 pid=0.000 pid_base=0.000 buoyancy_pwm=0 mask_valid=1 mask=0 forward_active=0
$T,114,0,0,,,,1644,-840,-585,1203,0*7F
[CTRL] depth_valid=1 depth=11.452 vz=-0.027 az=-0.037 target_valid=0 target=0.000 pid=0.000 pid_base=0.000 buoyancy_pwm=0 mask_valid=1 mask=0 forward_active=0
[CTRL] depth_valid=1 depth=11.435 vz=-0.092 az=-0.110 target_valid=0 target=0.000 pid=0.000 pid_base=0.000 buoyancy_pwm=0 mask_valid=1 mask=0 forward_active=0
vz=-0.079 az=-0.076 target_valid=0 target=0.000 pid=0.000 pid_base=0.000 buoyancy_pwm=0 mask_valid=1 mask=0 forward_active=0
[CTRL] depth_valid=1 depth=11.418 vz=-0.119 az=-0.129 target_valid=0 target=0.000 pid=0.000 pid_base=0.000 buoyancy_pwm=0 mask_valid=1 mask=0 forward_active=0
$T,114,0,0,,,,1638,-840,-579,1202,0*76
[CTRL] depth_valid=1 depth=11.441 vz=-0.039 az=-0.041 target_valid=0 target=0.000 pid=0.000 pid_base=0.000 buoyancy_pwm=0 mask_valid=1 mask=0 forward_active=0
[CTRL] depth_valid=1 depth=11.419 vz=-0.080 az=-0.076 target_valid=0 target=0.000 pid=0.000 pid_base=0.000 buoyancy_pwm=0 mask_valid=1 mask=0 forward_active=0
[CTRL] depth_valid=1 depth=11.423 vz=-0.074 az=-0.078 target_valid=0 target=0.000 pid=0.000 pid_base=0.000 buoyancy_pwm=0 mask_valid=1 mask=0 forward_active=0
[CTRL] depth_valid=1 depth=11.436 vz=-0.069 az=-0.088 target_valid=0 target=0.000 pid=0.000 pid_base=0.000 buoyancy_pwm=0 mask_valid=1 mask=0 forward_active=0
$T,114,0,0,,,,1641,-840,-582,1210,0*7F
[CTRL] depth_valid=1 depth=11.460 vz=-0.019 az=-0.040 target_valid=0 target=0.000 pid=0.000 pid_base=0.000 buoyancy_pwm=0 mask_valid=1 mask=0 forward_active=0
[CTRL] depth_valid=1 depth=11.421 vz=-0.114 az=-0.123 target_valid=0 target=0.000 pid=0.000 pid_base=0.000 buoyancy_pwm=0 mask_valid=1 mask=0 forward_active=0
[CTRL] depth_valid=1 depth=11.416 vz=-0.075 az=-0.060 target_valid=0 target=0.000 pid=0.000 pid_base=0.000 buoyancy_pwm=0 mask_valid=1 mask=0 forward_active=0
[CTRL] depth_valid=1 depth=11.445 vz=0.017 az=0.032 target_valid=0 target=0.000 pid=0.000 pid_base=0.000 buoyancy_pwm=0 mask_valid=1 mask=0 forward_active=0
$T,115,1,1,,,,1644,-839,-585,1210,0*72
[CTRL] depth_valid=1 depth=11.484 vz=0.016 az=-0.029 target_valid=0 target=0.000 pid=0.000 pid_base=0.000 buoyancy_pwm=0 mask_valid=1 mask=0 forward_active=0
[OK]hb
[CTRL] depth_valid=1 depth=11.454 vz=-0.071 az=-0.101 target_valid=0 target=0.000 pid=0.000 pid_base=0.000 buoyancy_pwm=0 mask_valid=1 mask=0 forward_active=0
[CTRL] depth_valid=1 depth=11.411 vz=-0.174 az=-0.188 target_valid=0 target=0.000 pid=0.000 pid_base=0.000 buoyancy_pwm=0 mask_valid=1 mask=0 forward_active=0
[CTRL] depth_valid=1 depth=11.396 vz=-0.121 az=-0.090 target_valid=0 target=0.000 pid=0.000 pid_base=0.000 buoyancy_pwm=0 mask_valid=1 mask=0 forward_active=0
$T,114,0,0,,,,1646,-840,-587,1201,0*7D
[CTRL] depth_valid=1 depth=11.449 vz=0.014 az=0.019 target_valid=0 target=0.000 pid=0.000 pid_base=0.000 buoyancy_pwm=0 mask_valid=1 mask=0 forward_active=0
[CTRL] depth_valid=1 depth=11.482 vz=0.038 az=0.010 target_valid=0 target=0.000 pid=0.000 pid_base=0.000 buoyancy_pwm=0 mask_valid=1 mask=0 forward_active=0
[CTRL] depth_valid=1 depth=11.445 vz=-0.086 az=-0.114 target_valid=0 target=0.000 pid=0.000 pid_base=0.000 buoyancy_pwm=0 mask_valid=1 mask=0 forward_active=0
[CTRL] depth_valid=1 depth=11.412 vz=-0.164 az=-0.179 target_valid=0 target=0.000 pid=0.000 pid_base=0.000 buoyancy_pwm=0 mask_valid=1 mask=0 forward_active=0
$T,114,0,0,,,,1647,-841,-589,1201,0*73
[CTRL] depth_valid=1 depth=11.437 vz=-0.088 az=-0.096 target_valid=0 target=0.000 pid=0.000 pid_base=0.000 buoyancy_pwm=0 mask_valid=1 mask=0 forward_active=0
[CTRL] depth_valid=1 depth=11.405 vz=-0.122 az=-0.106 target_valid=0 target=0.000 pid=0.000 pid_base=0.000 buoyancy_pwm=0 mask_valid=1 mask=0 forward_active=0
[CTRL] depth_valid=1 depth=11.428 vz=-0.068 az=-0.070 target_valid=0 target=0.000 pid=0.000 pid_base=0.000 buoyancy_pwm=0 mask_valid=1 mask=0 forward_active=0
[OK]hb
[CTRL] depth_valid=1 depth=11.454 vz=-0.015 az=-0.027 target_valid=0 target=0.000 pid=0.000 pid_base=0.000 buoyancy_pwm=0 mask_valid=1 mask=0 forward_active=0
$T,114,0,0,,,,1647,-840,-590,1202,0*79
[CTRL] depth_valid=1 depth=11.418 vz=-0.116 az=-0.132 target_valid=0 target=0.000 pid=0.000 pid_base=0.000 buoyancy_pwm=0 mask_valid=1 mask=0 forward_active=0
[CTRL] depth_valid=1 depth=11.423 vz=-0.044 az=-0.026 target_valid=0 target=0.000 pid=0.000 pid_base=0.000 buoyancy_pwm=0 mask_valid=1 mask=0 forward_active=0
[CTRL] depth_valid=1 depth=11.492 vz=0.088 az=0.070 target_valid=0 target=0.000 pid=0.000 pid_base=0.000 buoyancy_pwm=0 mask_valid=1 mask=0 forward_active=0
[CTRL] depth_valid=1 depth=11.449 vz=-0.086 az=-0.124 target_valid=0 target=0.000 pid=0.000 pid_base=0.000 buoyancy_pwm=0 mask_valid=1 mask=0 forward_active=0
$T,114,0,0,,,,1644,-840,-587,1203,0*7D
[CTRL] depth_valid=1 depth=11.451 vz=-0.086 az=-0.112 target_valid=0 target=0.000 pid=0.000 pid_base=0.000 buoyancy_pwm=0 mask_valid=1 mask=0 forward_active=0
[CTRL] depth_valid=1 depth=11.451 vz=-0.070 az=-0.076 target_valid=0 target=0.000 pid=0.000 pid_base=0.000 buoyancy_pwm=0 mask_valid=1 mask=0 forward_active=0
[CTRL] depth_valid=1 depth=11.437 vz=-0.097 az=-0.101 target_valid=0 target=0.000 pid=0.000 pid_base=0.000 buoyancy_pwm=0 mask_valid=1 mask=0 forward_active=0
[CTRL] depth_valid=1 depth=11.416 vz=-0.088 az=-0.067 target_valid=0 target=0.000 pid=0.000 pid_base=0.000 buoyancy_pwm=0 mask_valid=1 mask=0 forward_active=0
$T,114,0,0,,,,1645,-841,-588,1201,0*70
[CTRL] depth_valid=1 depth=11.428 vz=-0.067 az=-0.070 target_valid=0 target=0.000 pid=0.000 pid_base=0.000 buoyancy_pwm=0 mask_valid=1 mask=0 forward_active=0
[OK]hb
[CTRL] depth_valid=1 depth=11.458 vz=-0.060 az=-0.100 target_valid=0 target=0.000 pid=0.000 pid_base=0.000 buoyancy_pwm=0 mask_valid=1 mask=0 forward_active=0
[CTRL] depth_valid=1 depth=11.413 vz=-0.139 az=-0.143 target_valid=0 target=0.000 pid=0.000 pid_base=0.000 buoyancy_pwm=0 mask_valid=1 mask=0 forward_active=0
[CTRL] depth_valid=1 depth=11.417 vz=-0.105 az=-0.103 target_valid=0 target=0.000 pid=0.000 pid_base=0.000 buoyancy_pwm=0 mask_valid=1 mask=0 forward_active=0
$T,114,0,1,,,,1646,-840,-590,1206,0*7D
[CTRL] depth_valid=1 depth=11.454 vz=-0.049 az=-0.074 target_valid=0 target=0.000 pid=0.000 pid_base=0.000 buoyancy_pwm=0 mask_valid=1 mask=0 forward_active=0
[CTRL] depth_valid=1 depth=11.404 vz=-0.132 az=-0.123 target_valid=0 target=0.000 pid=0.000 pid_base=0.000 buoyancy_pwm=0 mask_valid=1 mask=0 forward_active=0
[CTRL] depth_valid=1 depth=11.411 vz=-0.075 az=-0.057 target_valid=0 target=0.000 pid=0.000 pid_base=0.000 buoyancy_pwm=0 mask_valid=1 mask=0 forward_active=0
[CTRL] depth_valid=1 depth=11.478 vz=0.074 az=0.067 target_valid=0 target=0.000 pid=0.000 pid_base=0.000 buoyancy_pwm=0 mask_valid=1 mask=0 forward_active=0
$T,115,1,1,,,,1648,-840,-592,1203,0*74
[CTRL] depth_valid=1 depth=11.452 vz=-0.095 az=-0.148 target_valid=0 target=0.000 pid=0.000 pid_base=0.000 buoyancy_pwm=0 mask_valid=1 mask=0 forward_active=0
[CTRL] depth_valid=1 depth=11.435 vz=-0.127 az=-0.147 target_valid=0 target=0.000 pid=0.000 pid_base=0.000 buoyancy_pwm=0 mask_valid=1 mask=0 forward_active=0
[CTRL] depth_valid=1 depth=11.418 vz=-0.126 az=-0.116 target_valid=0 target=0.000 pid=0.000 pid_base=0.000 buoyancy_pwm=0 mask_valid=1 mask=0 forward_active=0
[OK]hb
[CTRL] depth_valid=1 depth=11.419 vz=-0.083 az=-0.068 target_valid=0 target=0.000 pid=0.000 pid_base=0.000 buoyancy_pwm=0 mask_valid=1 mask=0 forward_active=0
$T,114,0,0,,,,1650,-840,-595,1202,0*7A
[CTRL] depth_valid=1 depth=11.468 vz=0.010 az=-0.006 target_valid=0 target=0.000 pid=0.000 pid_base=0.000 buoyancy_pwm=0 mask_valid=1 mask=0 forward_active=0
[CTRL] depth_valid=1 depth=11.443 vz=-0.072 az=-0.089 target_valid=0 target=0.000 pid=0.000 pid_base=0.000 buoyancy_pwm=0 mask_valid=1 mask=0 forward_active=0
[CTRL] depth_valid=1 depth=11.423 vz=-0.110 az=-0.116 target_valid=0 target=0.000 pid=0.000 pid_base=0.000 buoyancy_pwm=0 mask_valid=1 mask=0 forward_active=0
[CTRL] depth_valid=1 depth=11.417 vz=-0.097 az=-0.092 target_valid=0 target=0.000 pid=0.000 pid_base=0.000 buoyancy_pwm=0 mask_valid=1 mask=0 forward_active=0
$T,114,0,0,,,,1649,-840,-594,1201,0*70
[CTRL] depth_valid=1 depth=11.430 vz=-0.047 az=-0.042 target_valid=0 target=0.000 pid=0.000 pid_base=0.000 buoyancy_pwm=0 mask_valid=1 mask=0 forward_active=0
[CTRL] depth_valid=1 depth=11.397 vz=-0.115 az=-0.112 target_valid=0 target=0.000 pid=0.000 pid_base=0.000 buoyancy_pwm=0 mask_valid=1 mask=0 forward_active=0
[CTRL] depth_valid=1 depth=11.425 vz=-0.030 az=-0.028 target_valid=0 target=0.000 pid=0.000 pid_base=0.000 buoyancy_pwm=0 mask_valid=1 mask=0 forward_active=0
[CTRL] depth_valid=1 depth=11.455 vz=0.001 az=-0.022 target_valid=0 target=0.000 pid=0.000 pid_base=0.000 buoyancy_pwm=0 mask_valid=1 mask=0 forward_active=0
$T,114,0,0,,,,1649,-841,-594,1201,0*71
[CTRL] depth_valid=1 depth=11.472 vz=0.003 az=-0.032 target_valid=0 target=0.000 pid=0.000 pid_base=0.000 buoyancy_pwm=0 mask_valid=1 mask=0 forward_active=0
[OK]hb
[CTRL] depth_valid=1 depth=11.432 vz=-0.086 az=-0.096 target_valid=0 target=0.000 pid=0.000 pid_base=0.000 buoyancy_pwm=0 mask_valid=1 mask=0 forward_active=0
[CTRL] depth_valid=1 depth=11.396 vz=-0.158 az=-0.159 target_valid=0 target=0.000 pid=0.000 pid_base=0.000 buoyancy_pwm=0 mask_valid=1 mask=0 forward_active=0
[CTRL] depth_valid=1 depth=11.389 vz=-0.138 az=-0.128 target_valid=0 target=0.000 pid=0.000 pid_base=0.000 buoyancy_pwm=0 mask_valid=1 mask=0 forward_active=0
$T,114,0,0,,,,1646,-840,-592,1204,0*7C
[CTRL] depth_valid=1 depth=11.464 vz=0.025 az=0.007 target_valid=0 target=0.000 pid=0.000 pid_base=0.000 buoyancy_pwm=0 mask_valid=1 mask=0 forward_active=0
[CTRL] depth_valid=1 depth=11.414 vz=-0.127 az=-0.151 target_valid=0 target=0.000 pid=0.000 pid_base=0.000 buoyancy_pwm=0 mask_valid=1 mask=0 forward_active=0
[CTRL] depth_valid=1 depth=11.453 vz=-0.000 az=0.001 target_valid=0 target=0.000 pid=0.000 pid_base=0.000 buoyancy_pwm=0 mask_valid=1 mask=0 forward_active=0
[CTRL] depth_valid=1 depth=11.439 vz=-0.069 az=-0.088 target_valid=0 target=0.000 pid=0.000 pid_base=0.000 buoyancy_pwm=0 mask_valid=1 mask=0 forward_active=0
$T,114,0,0,,,,1645,-841,-593,1206,0*7D
[CTRL] depth_valid=1 depth=11.454 vz=-0.050 az=-0.072 target_valid=0 target=0.000 pid=0.000 pid_base=0.000 buoyancy_pwm=0 mask_valid=1 mask=0 forward_active=0
[CTRL] depth_valid=1 depth=11.399 vz=-0.162 az=-0.163 target_valid=0 target=0.000 pid=0.000 pid_base=0.000 buoyancy_pwm=0 mask_valid=1 mask=0 forward_active=0
[CTRL] depth_valid=1 depth=11.422 vz=-0.043 az=-0.019 target_valid=0 target=0.000 pid=0.000 pid_base=0.000 buoyancy_pwm=0 mask_valid=1 mask=0 forward_active=0
[OK]hb
[CTRL] depth_valid=1 depth=11.460 vz=0.043 az=0.041 target_valid=0 target=0.000 pid=0.000 pid_base=0.000 buoyancy_pwm=0 mask_valid=1 mask=0 forward_active=0
$T,114,1,1,,,,1652,-841,-599,1206,0*71
[CTRL] depth_valid=1 depth=11.491 vz=0.021 az=-0.034 target_valid=0 target=0.000 pid=0.000 pid_base=0.000 buoyancy_pwm=0 mask_valid=1 mask=0 forward_active=0
[CTRL] depth_valid=1 depth=11.415 vz=-0.199 az=-0.235 target_valid=0 target=0.000 pid=0.000 pid_base=0.000 buoyancy_pwm=0 mask_valid=1 mask=0 forward_active=0
[CTRL] depth_valid=1 depth=11.427 vz=-0.103 az=-0.094 target_valid=0 target=0.000 pid=0.000 pid_base=0.000 buoyancy_pwm=0 mask_valid=1 mask=0 forward_active=0
[CTRL] depth_valid=1 depth=11.394 vz=-0.150 az=-0.133 target_valid=0 target=0.000 pid=0.000 pid_base=0.000 buoyancy_pwm=0 mask_valid=1 mask=0 forward_active=0
$T,114,0,0,,,,1652,-840,-599,1204,0*72
[CTRL] depth_valid=1 depth=11.451 vz=0.033 az=0.053 target_valid=0 target=0.000 pid=0.000 pid_base=0.000 buoyancy_pwm=0 mask_valid=1 mask=0 forward_active=0
[CTRL] depth_valid=1 depth=11.438 vz=-0.068 az=-0.094 target_valid=0 target=0.000 pid=0.000 pid_base=0.000 buoyancy_pwm=0 mask_valid=1 mask=0 forward_active=0
[CTRL] depth_valid=1 depth=11.462 vz=-0.037 az=-0.066 target_valid=0 target=0.000 pid=0.000 pid_base=0.000 buoyancy_pwm=0 mask_valid=1 mask=0 forward_active=0
[CTRL] depth_valid=1 depth=11.421 vz=-0.097 az=-0.091 target_valid=0 target=0.000 pid=0.000 pid_base=0.000 buoyancy_pwm=0 mask_valid=1 mask=0 forward_active=0
$T,114,0,0,,,,1656,-841,-604,1206,0*72
[CTRL] depth_valid=1 depth=11.472 vz=0.029 az=0.023 target_valid=0 target=0.000 pid=0.000 pid_base=0.000 buoyancy_pwm=0 mask_valid=1 mask=0 forward_active=0
[OK]hb
[CTRL] depth_valid=1 depth=11.434 vz=-0.073 az=-0.081 target_valid=0 target=0.000 pid=0.000 pid_base=0.000 buoyancy_pwm=0 mask_valid=1 mask=0 forward_active=0
[CTRL] depth_valid=1 depth=11.512 vz=0.113 az=0.103 target_valid=0 target=0.000 pid=0.000 pid_base=0.000 buoyancy_pwm=0 mask_valid=1 mask=0 forward_active=0
[CTRL] depth_valid=1 depth=10.951 vz=-1.455 az=-1.555 target_valid=0 target=0.000 pid=0.000 pid_base=0.000 buoyancy_pwm=0 mask_valid=1 mask=0 forward_active=0
$T,91,-55,-53,52,73,,-159,-295,904,1206,0*7E
[CTRL] depth_valid=1 depth=3.850 vz=-13.851 az=-11.162 target_valid=0 target=0.000 pid=0.000 pid_base=0.000 buoyancy_pwm=0 mask_valid=1 mask=0 forward_active=0
[CTRL] depth_valid=1 depth=1.970 vz=-6.291 az=0.448 target_valid=0 target=0.000 pid=0.000 pid_base=0.000 buoyancy_pwm=0 mask_valid=1 mask=0 forward_active=0
[CTRL] depth_valid=1 depth=10.122 vz=14.590 az=17.174 target_valid=0 target=0.000 pid=0.000 pid_base=0.000 buoyancy_pwm=0 mask_valid=1 mask=0 forward_active=0
[CTRL] depth_valid=1 depth=10.801 vz=5.712 az=2.007 target_valid=0 target=0.000 pid=0.000 pid_base=0.000 buoyancy_pwm=0 mask_valid=1 mask=0 forward_active=0
$T,105,30,-9,34,76,27,-752,-789,-1580,1206,0*4A
[CTRL] depth_valid=1 depth=10.099 vz=-0.298 az=-3.723 target_valid=0 target=0.000 pid=0.000 pid_base=0.000 buoyancy_pwm=0 mask_valid=1 mask=0 forward_active=0
[CTRL] depth_valid=1 depth=10.373 vz=-0.001 az=-1.590 target_valid=0 target=0.000 pid=0.000 pid_base=0.000 buoyancy_pwm=0 mask_valid=1 mask=0 forward_active=0
[CTRL] depth_valid=1 depth=13.100 vz=4.576 az=2.778 target_valid=0 target=0.000 pid=0.000 pid_base=0.000 buoyancy_pwm=0 mask_valid=1 mask=0 forward_active=0
[OK]hb
[CTRL] depth_valid=1 depth=14.669 vz=3.579 az=0.533 target_valid=0 target=0.000 pid=0.000 pid_base=0.000 buoyancy_pwm=0 mask_valid=1 mask=0 forward_active=0
$T,147,24,-6,34,74,9,1247,-832,13,1203,0*4C
[CTRL] depth_valid=1 depth=14.307 vz=-0.482 az=-3.193 target_valid=0 target=0.000 pid=0.000 pid_base=0.000 buoyancy_pwm=0 mask_valid=1 mask=0 forward_active=0
[CTRL] depth_valid=1 depth=12.838 vz=-3.594 az=-4.418 target_valid=0 target=0.000 pid=0.000 pid_base=0.000 buoyancy_pwm=0 mask_valid=1 mask=0 forward_active=0
[CTRL] depth_valid=1 depth=11.023 vz=-4.728 az=-3.468 target_valid=0 target=0.000 pid=0.000 pid_base=0.000 buoyancy_pwm=0 mask_valid=1 mask=0 forward_active=0
[CTRL] depth_valid=1 depth=10.458 vz=-1.978 az=0.478 target_valid=0 target=0.000 pid=0.000 pid_base=0.000 buoyancy_pwm=0 mask_valid=1 mask=0 forward_active=0
$T,107,-2,21,35,74,28,-1534,-860,-793,1201,0*42
[CTRL] depth_valid=1 depth=11.703 vz=2.252 az=3.738 target_valid=0 target=0.000 pid=0.000 pid_base=0.000 buoyancy_pwm=0 mask_valid=1 mask=0 forward_active=0
[CTRL] depth_valid=1 depth=12.637 vz=2.351 az=1.888 target_valid=0 target=0.000 pid=0.000 pid_base=0.000 buoyancy_pwm=0 mask_valid=1 mask=0 forward_active=0
[CTRL] depth_valid=1 depth=12.433 vz=0.132 az=-0.842 target_valid=0 target=0.000 pid=0.000 pid_base=0.000 buoyancy_pwm=0 mask_valid=1 mask=0 forward_active=0
[CTRL] depth_valid=1 depth=11.430 vz=-2.078 az=-2.323 target_valid=0 target=0.000 pid=0.000 pid_base=0.000 buoyancy_pwm=0 mask_valid=1 mask=0 forward_active=0
$T,111,-23,-21,35,74,25,1271,-864,10,1203,0*6A
[CTRL] depth_valid=1 depth=10.856 vz=-1.633 az=-0.855 target_valid=0 target=0.000 pid=0.000 pid_base=0.000 buoyancy_pwm=0 mask_valid=1 mask=0 forward_active=0
[OK]hb
[CTRL] depth_valid=1 depth=11.361 vz=0.610 az=1.359 target_valid=0 target=0.000 pid=0.000 pid_base=0.000 buoyancy_pwm=0 mask_valid=1 mask=0 forward_active=0
[CTRL] depth_valid=1 depth=11.828 vz=1.108 az=1.092 target_valid=0 target=0.000 pid=0.000 pid_base=0.000 buoyancy_pwm=0 mask_valid=1 mask=0 forward_active=0
[CTRL] depth_valid=1 depth=12.035 vz=0.624 az=0.150 target_valid=0 target=0.000 pid=0.000 pid_base=0.000 buoyancy_pwm=0 mask_valid=1 mask=0 forward_active=0
$T,120,3,-1,36,74,25,1427,-875,-129,1200,0*56
[CTRL] depth_valid=1 depth=11.684 vz=-0.686 az=-1.074 target_valid=0 target=0.000 pid=0.000 pid_base=0.000 buoyancy_pwm=0 mask_valid=1 mask=0 forward_active=0
[CTRL] depth_valid=1 depth=11.119 vz=-1.308 az=-1.088 target_valid=0 target=0.000 pid=0.000 pid_base=0.000 buoyancy_pwm=0 mask_valid=1 mask=0 forward_active=0
[CTRL] depth_valid=1 depth=11.245 vz=-0.112 az=0.367 target_valid=0 target=0.000 pid=0.000 pid_base=0.000 buoyancy_pwm=0 mask_valid=1 mask=0 forward_active=0
[CTRL] depth_valid=1 depth=11.521 vz=0.562 az=0.742 target_valid=0 target=0.000 pid=0.000 pid_base=0.000 buoyancy_pwm=0 mask_valid=1 mask=0 forward_active=0
$T,116,7,7,36,74,25,1063,-857,235,1201,0*5A
[CTRL] depth_valid=1 depth=11.832 vz=0.745 az=0.536 target_valid=0 target=0.000 pid=0.000 pid_base=0.000 buoyancy_pwm=0 mask_valid=1 mask=0 forward_active=0
[CTRL] depth_valid=1 depth=11.798 vz=-0.003 az=-0.397 target_valid=0 target=0.000 pid=0.000 pid_base=0.000 buoyancy_pwm=0 mask_valid=1 mask=0 forward_active=0
[CTRL] depth_valid=1 depth=11.397 vz=-0.864 az=-0.952 target_valid=0 target=0.000 pid=0.000 pid_base=0.000 buoyancy_pwm=0 mask_valid=1 mask=0 forward_active=0
[OK]hb
[CTRL] depth_valid=1 depth=11.251 vz=-0.559 az=-0.292 target_valid=0 target=0.000 pid=0.000 pid_base=0.000 buoyancy_pwm=0 mask_valid=1 mask=0 forward_active=0
$T,113,-2,1,36,75,24,1422,-884,-123,1201,0*57
[CTRL] depth_valid=1 epth=11.350 vz=0.020 az=0.271 target_valid=0 target=0.000 pid=0.000 pid_base=0.000 buoyancy_pwm=0 mask_valid=1 mask=0 forward_active=0
[CTRL] depth_valid=1 depth=11.655 vz=0.590 az=0.579 target_valid=0 target=0.000 pid=0.000 pid_base=0.000 buoyancy_pwm=0 mask_valid=1 mask=0 forward_active=0
[CTRL] depth_valid=1 depth=11.748 vz=0.244 az=-0.035 target_valid=0 target=0.000 pid=0.000 pid_base=0.000 buoyancy_pwm=0 mask_valid=1 mask=0 forward_active=0
[CTRL] depth_valid=1 depth=11.525 vz=-0.465 az=-0.644 target_valid=0 target=0.000 pid=0.000 pid_base=0.000 buoyancy_pwm=0 mask_valid=1 mask=0 forward_active=0
$T,114,-5,-6,37,75,24,1305,-881,-8,1201,0*73
[CTRL] depth_valid=1 depth=11.306 vz=-0.614 az=-0.504 target_valid=0 target=0.000 pid=0.000 pid_base=0.000 buoyancy_pwm=0 mask_valid=1 mask=0 forward_active=0
[CTRL] depth_valid=1 depth=11.271 vz=-0.258 az=-0.014 target_valid=0 target=0.000 pid=0.000 pid_base=0.000 buoyancy_pwm=0 mask_valid=1 mask=0 forward_active=0
[CTRL] depth_valid=1 depth=11.506 vz=0.384 az=0.494 target_valid=0 target=0.000 pid=0.000 pid_base=0.000 buoyancy_pwm=0 mask_valid=1 mask=0 forward_active=0
[CTRL] depth_valid=1 depth=11.739 vz=0.445 az=0.236 target_valid=0 target=0.000 pid=0.000 pid_base=0.000 buoyancy_pwm=0 mask_valid=1 mask=0 forward_active=0
$T,117,3,1,37,75,24,1059,-863,235,1201,0*56
[CTRL] depth_valid=1 depth=11.609 vz=-0.223 az=-0.465 target_valid=0 target=0.000 pid=0.000 pid_base=0.000 buoyancy_pwm=0 mask_valid=1 mask=0 forward_active=0
[OK]hb
[CTRL] depth_valid=1 depth=11.466 vz=-0.448 az=-0.491 target_valid=0 target=0.000 pid=0.000 pid_base=0.000 buoyancy_pwm=0 mask_valid=1 mask=0 forward_active=0
[CTRL] depth_valid=1 depth=11.311 vz=-0.440 az=-0.276 target_valid=0 target=0.000 pid=0.000 pid_base=0.000 buoyancy_pwm=0 mask_valid=1 mask=0 forward_active=0
[CTRL] depth_valid=1 depth=11.369 vz=-0.024 az=0.161 target_valid=0 target=0.000 pid=0.000 pid_base=0.000 buoyancy_pwm=0 mask_valid=1 mask=0 forward_active=0
$T,114,1,3,38,76,23,1196,-879,97,1201,0*6D
[CTRL] depth_valid=1 depth=11.580 vz=0.335 az=0.322 target_valid=0 target=0.000 pid=0.000 pid_base=0.000 buoyancy_pwm=0 mask_valid=1 mask=0 forward_active=0
[CTRL] depth_valid=1 depth=11.658 vz=0.201 az=0.040 target_valid=0 target=0.000 pid=0.000 pid_base=0.000 buoyancy_pwm=0 mask_valid=1 mask=0 forward_active=0
[CTRL] depth_valid=1 depth=11.542 vz=-0.269 az=-0.420 target_valid=0 target=0.000 pid=0.000 pid_base=0.000 buoyancy_pwm=0 mask_valid=1 mask=0 forward_active=0
[CTRL] depth_valid=1 depth=11.374 vz=-0.442 az=-0.393 target_valid=0 target=0.000 pid=0.000 pid_base=0.000 buoyancy_pwm=0 mask_valid=1 mask=0 forward_active=0
$T,113,-4,-3,38,76,23,1238,-880,54,1201,0*61
[CTRL] depth_valid=1 depth=11.352 vz=-0.190 az=-0.032 target_valid=0 target=0.000 pid=0.000 pid_base=0.000 buoyancy_pwm=0 mask_valid=1 mask=0 forward_active=0
[CTRL] depth_valid=1 depth=11.516 vz=0.273 az=0.352 target_valid=0 target=0.000 pid=0.000 pid_base=0.000 buoyancy_pwm=0 mask_valid=1 mask=0 forward_active=0
[CTRL] depth_valid=1 depth=11.621 vz=0.260 az=0.164 target_valid=0 target=0.000 pid=0.000 pid_base=0.000 buoyancy_pwm=0 mask_valid=1 mask=0 forward_active=0
[OK]hb
[CTRL] depth_valid=1 depth=11.630 vz=0.048 az=-0.101 target_valid=0 target=0.000 pid=0.000 pid_base=0.000 buoyancy_pwm=0 mask_valid=1 mask=0 forward_active=0
$T,116,0,-1,38,77,22,1151,-873,140,1208,0*72
[CTRL] depth_valid=1 depth=11.475 vz=-0.382 az=-0.465 target_valid=0 target=0.000 pid=0.000 pid_base=0.000 buoyancy_pwm=0 mask_valid=1 mask=0 forward_active=0
[CTRL] depth_valid=1 depth=11.417 vz=-0.284 az=-0.211 target_valid=0 target=0.000 pid=0.000 pid_base=0.000 buoyancy_pwm=0 mask_valid=1 mask=0 forward_active=0
[CTRL] depth_valid=1 depth=11.421 vz=-0.120 az=-0.026 target_valid=0 target=0.000 pid=0.000 pid_base=0.000 buoyancy_pwm=0 mask_valid=1 mask=0 forward_active=0
[CTRL] depth_valid=1 depth=11.540 vz=0.154 az=0.170 target_valid=0 target=0.000 pid=0.000 pid_base=0.000 buoyancy_pwm=0 mask_valid=1 mask=0 forward_active=0
$T,115,2,2,39,78,22,1113,-873,177,1203,0*5A
[CTRL] depth_valid=1 depth=11.670 vz=0.254 az=0.150 target_valid=0 target=0.000 pid=0.000 pid_base=0.000 buoyancy_pwm=0 mask_valid=1 mask=0 forward_active=0
[CTRL] depth_valid=1 depth=11.587 vz=-0.178 az=-0.326 target_valid=0 target=0.000 pid=0.000 pid_base=0.000 buoyancy_pwm=0 mask_valid=1 mask=0 forward_active=0
[CTRL] depth_valid=1 depth=11.475 vz=-0.300 az=-0.289 target_valid=0 target=0.000 pid=0.000 pid_base=0.000 buoyancy_pwm=0 mask_valid=1 mask=0 forward_active=0
[CTRL] depth_valid=1 depth=11.393 vz=-0.301 az=-0.208 target_valid=0 target=0.000 pid=0.000 pid_base=0.000 buoyancy_pwm=0 mask_valid=1 mask=0 forward_active=0
$T,114,-1,0,39,78,21,1200,-878,90,1206,0*43
[CTRL] depth_valid=1 depth=11.517 vz=0.120 az=0.197 target_valid=0 target=0.000 pid=0.000 pid_base=0.000 buoyancy_pwm=0 mask_valid=1 mask=0 forward_active=0
[CTRL] depth_valid=1 depth=11.592 vz=0.180 az=0.150 target_valid=0 target=0.000 pid=0.000 pid_base=0.000 buoyancy_pwm=0 mask_valid=1 mask=0 forward_active=0
[OK]hb
[CTRL] depth_valid=1 depth=11.642 vz=0.104 az=-0.006 target_valid=0 target=0.000 pid=0.000 pid_base=0.000 buoyancy_pwm=0 mask_valid=1 mask=0 forward_active=0
[CTRL] depth_valid=1 depth=11.521 vz=-0.256 az=-0.326 target_valid=0 target=0.000 pid=0.000 pid_base=0.000 buoyancy_pwm=0 mask_valid=1 mask=0 forward_active=0
$T,115,-2,-2,39,78,21,1207,-878,82,1200,0*6C
[CTRL] depth_valid=1 depth=11.449 vz=-0.262 az=-0.215 target_valid=0 target=0.000 pid=0.000 pid_base=0.000 buoyancy_pwm=0 mask_valid=1 mask=0 forward_active=0
[CTRL] depth_valid=1 depth=11.447 vz=-0.065 az=0.042 target_valid=0 target=0.000 pid=0.000 pid_base=0.000 buoyancy_pwm=0 mask_valid=1 mask=0 forward_active=0
[CTRL] depth_valid=1 depth=11.531 vz=0.130 az=0.161 target_valid=0 target=0.000 pid=0.000 pid_base=0.000 buoyancy_pwm=0 mask_valid=1 mask=0 forward_active=0
[CTRL] depth_valid=1 depth=11.566 vz=0.072 az=0.015 target_valid=0 target=0.000 pid=0.000 pid_base=0.000 buoyancy_pwm=0 mask_valid=1 mask=0 forward_active=0
$T,116,2,1,39,79,20,1135,-873,154,1201,0*5E
[CTRL] depth_valid=1 depth=11.602 vz=-0.010 az=-0.122 target_valid=0 target=0.000 pid=0.000 pid_base=0.000 buoyancy_pwm=0 mask_valid=1 mask=0 forward_active=0
[CTRL] depth_valid=1 depth=11.460 vz=-0.302 az=-0.316 target_valid=0 target=0.000 pid=0.000 pid_base=0.000 buoyancy_pwm=0 mask_valid=1 mask=0 forward_active=0
[CTRL] depth_valid=1 depth=11.468 vz=-0.104 az=-0.031 target_valid=0 target=0.000 pid=0.000 pid_base=0.000 buoyancy_pwm=0 mask_valid=1 mask=0 forward_active=0
[OK]hb
[CTRL] depth_valid=1 depth=11.526 vz=0.071 az=0.112 target_valid=0 target=0.000 pid=0.000 pid_base=0.000 buoyancy_pwm=0 mask_valid=1 mask=0 forward_active=0
$T,115,2,2,40,79,20,1180,-874,108,1207,0*56
[CTRL] depth_valid=1 depth=11.588 vz=0.076 az=0.015 target_valid=0 target=0.000 pid=0.000 pid_base=0.000 buoyancy_pwm=0 mask_valid=1 mask=0 forward_active=0
[CTRL] depth_valid=1 depth=11.592 vz=-0.061 az=-0.164 target_valid=0 target=0.000 pid=0.000 pid_base=0.000 buoyancy_pwm=0 mask_valid=1 mask=0 forward_active=0
[CTRL] depth_valid=1 depth=11.522 vz=-0.193 az=-0.215 target_valid=0 target=0.000 pid=0.000 pid_base=0.000 buoyancy_pwm=0 mask_valid=1 mask=0 forward_active=0
[CTRL] depth_valid=1 depth=11.467 vz=-0.212 az=-0.167 target_valid=0 target=0.000 pid=0.000 pid_base=0.000 buoyancy_pwm=0 mask_valid=1 mask=0 forward_active=0
$T,114,-1,0,40,80,19,1222,-876,65,1207,0*44
[CTRL] depth_valid=1 depth=11.464 vz=-0.077 az=0.004 target_valid=0 target=0.000 pid=0.000 pid_base=0.000 buoyancy_pwm=0 mask_valid=1 mask=0 forward_active=0
[CTRL] depth_valid=1 depth=11.568 vz=0.133 az=0.138 target_valid=0 target=0.000 pid=0.000 pid_base=0.000 buoyancy_pwm=0 mask_valid=1 mask=0 forward_active=0
[CTRL] depth_valid=1 depth=11.591 vz=0.048 az=-0.020 target_valid=0 target=0.000 pid=0.000 pid_base=0.000 buoyancy_pwm=0 mask_valid=1 mask=0 forward_active=0
[CTRL] depth_valid=1 depth=11.533 vz=-0.150 az=-0.204 target_valid=0 target=0.000 pid=0.000 pid_base=0.000 buoyancy_pwm=0 mask_valid=1 mask=0 forward_active=0
$T,115,-1,-1,41,80,19,1186,-875,101,1203,0*51
[CTRL] depth_valid=1 depth=11.518 vz=-0.110 az=-0.102 target_valid=0 target=0.000 pid=0.000 pid_base=0.000 buoyancy_pwm=0 mask_valid=1 mask=0 forward_active=0
[OK]hb
[CTRL] depth_valid=1 depth=11.523 vz=-0.091 az=-0.089 target_valid=0 target=0.000 pid=0.000 pid_base=0.000 buoyancy_pwm=0 mask_valid=1 mask=0 forward_active=0
[CTRL] depth_valid=1 depth=11.538 vz=-0.025 az=-0.015 target_valid=0 target=0.000 pid=0.000 pid_base=0.000 buoyancy_pwm=0 mask_valid=1 mask=0 forward_active=0
[CTRL] depth_valid=1 depth=11.591 vz=0.084 az=0.074 target_valid=0 target=0.000 pid=0.000 pid_base=0.000 buoyancy_pwm=0 mask_valid=1 mask=0 forward_active=0
$T,116,1,0,41,81,19,1183,-873,103,1203,0*53
[CTRL] depth_valid=1 depth=11.594 vz=-0.013 az=-0.072 target_valid=0 target=0.000 pid=0.000 pid_base=0.000 buoyancy_pwm=0 mask_valid=1 mask=0 forward_active=0
[CTRL] depth_valid=1 depth=11.555 vz=-0.076 az=-0.086 target_valid=0 target=0.000 pid=0.000 pid_base=0.000 buoyancy_pwm=0 mask_valid=1 mask=0 forward_active=0
[CTRL] depth_valid=1 depth=11.478 vz=-0.178 az=-0.144 target_valid=0 target=0.000 pid=0.000 pid_base=0.000 buoyancy_pwm=0 mask_valid=1 mask=0 forward_active=0
[CTRL] depth_valid=1 depth=11.494 vz=-0.033 az=0.026 target_valid=0 target=0.000 pid=0.000 pid_base=0.000 buoyancy_pwm=0 mask_valid=1 mask=0 forward_active=0
$T,114,-1,0,41,81,18,1219,-877,67,1200,0*49
[CTRL] depth_valid=1 depth=11.534 vz=0.067 az=0.086 target_valid=0 target=0.000 pid=0.000 pid_base=0.000 buoyancy_pwm=0 mask_valid=1 mask=0 forward_active=0
[CTRL] depth_valid=1 depth=11.567 vz=0.009 az=-0.054 target_valid=0 target=0.000 pid=0.000 pid_base=0.000 buoyancy_pwm=0 mask_valid=1 mask=0 forward_active=0
[CTRL] depth_valid=1 depth=11.567 vz=-0.066 az=-0.131 target_valid=0 target=0.000 pid=0.000 pid_base=0.000 buoyancy_pwm=0 mask_valid=1 mask=0 forward_active=0
[OK]hb
[CTRL] depth_valid=1 depth=11.536 vz=-0.108 az=-0.121 target_valid=0 target=0.000 pid=0.000 pid_base=0.000 buoyancy_pwm=0 mask_valid=1 mask=0 forward_active=0
$T,115,0,0,41,81,18,1197,-876,89,1203,0*63
[CTRL] depth_valid=1 depth=11.536 vz=-0.108 az=-0.122 target_valid=0 target=0.000 pid=0.000 pid_base=0.000 buoyancy_pwm=0 mask_valid=1 mask=0 forward_active=0
[CTRL] depth_valid=1 depth=11.517 vz=-0.073 az=-0.043 target_valid=0 target=0.000 pid=0.000 pid_base=0.000 buoyancy_pwm=0 mask_valid=1 mask=0 forward_active=0
[CTRL] depth_valid=1 depth=11.592 vz=0.095 az=0.093 target_valid=0 target=0.000 pid=0.000 pid_base=0.000 buoyancy_pwm=0 mask_valid=1 mask=0 forward_active=0
[CTRL] depth_valid=1 depth=11.621 vz=0.083 az=0.041 target_valid=0 target=0.000 pid=0.000 pid_base=0.000 buoyancy_pwm=0 mask_valid=1 mask=0 forward_active=0
$T,115,0,0,42,81,18,1188,-874,97,1203,0*63
[CTRL] depth_valid=1 depth=11.557 vz=-0.135 az=-0.181 target_valid=0 target=0.000 pid=0.000 pid_base=0.000 buoyancy_pwm=0 mask_valid=1 mask=0 forward_active=0
[CTRL] depth_valid=1 depth=11.508 vz=-0.174 az=-0.158 target_valid=0 target=0.000 pid=0.000 pid_base=0.000 buoyancy_pwm=0 mask_valid=1 mask=0 forward_active=0
[CTRL] depth_valid=1 depth=11.517 vz=-0.079 az=-0.045 target_valid=0 target=0.000 pid=0.000 pid_base=0.000 buoyancy_pwm=0 mask_valid=1 mask=0 forward_active=0
[CTRL] depth_valid=1 depth=11.524 vz=-0.039 az=-0.020 target_valid=0 target=0.000 pid=0.000 pid_base=0.000 buoyancy_pwm=0 mask_valid=1 mask=0 forward_active=0
$T,115,0,0,42,82,17,1183,-874,101,1203,0*5A
[CTRL] depth_valid=1 depth=11.585 vz=0.063 az=0.041 target_valid=0 target=0.000 pid=0.000 pid_base=0.000 buoyancy_pwm=0 mask_valid=1 mask=0 forward_active=0
[OK]hb
[CTRL] depth_valid=1 depth=11.572 vz=-0.024 az=-0.060 target_valid=0 target=0.000 pid=0.000 pid_base=0.000 buoyancy_pwm=0 mask_valid=1 mask=0 forward_active=0
[CTRL] depth_valid=1 depth=11.546 vz=-0.104 az=-0.131 target_valid=0 target=0.000 pid=0.000 pid_base=0.000 buoyancy_pwm=0 mask_valid=1 mask=0 forward_active=0
[CTRL] depth_valid=1 depth=11.563 vz=-0.035 az=-0.040 target_valid=0 target=0.000 pid=0.000 pid_base=0.000 buoyancy_pwm=0 mask_valid=1 mask=0 forward_active=0
$T,115,-1,-1,42,82,17,1207,-875,78,1204,0*6C
[CTRL] depth_valid=1 depth=11.517 vz=-0.120 az=-0.114 target_valid=0 target=0.000 pid=0.000 pid_base=0.000 buoyancy_pwm=0 mask_valid=1 mask=0 forward_active=0
[CTRL] depth_valid=1 depth=11.544 vz=-0.041 az=-0.039 target_valid=0 target=0.000 pid=0.000 pid_base=0.000 buoyancy_pwm=0 mask_valid=1 mask=0 forward_active=0
[CTRL] depth_valid=1 depth=11.597 vz=0.046 az=0.021 target_valid=0 target=0.000 pid=0.000 pid_base=0.000 buoyancy_pwm=0 mask_valid=1 mask=0 forward_active=0
[CTRL] depth_valid=1 depth=11.556 vz=-0.086 az=-0.107 target_valid=0 target=0.000 pid=0.000 pid_base=0.000 buoyancy_pwm=0 mask_valid=1 mask=0 forward_active=0
$T,115,0,0,43,82,17,1201,-875,83,1205,0*6E
[CTRL] depth_valid=1 depth=11.548 vz=-0.080 az=-0.083 target_valid=0 target=0.000 pid=0.000 pid_base=0.000 buoyancy_pwm=0 mask_valid=1 mask=0 forward_active=0
[CTRL] depth_valid=1 depth=11.545 vz=-0.064 az=-0.056 target_valid=0 target=0.000 pid=0.000 pid_base=0.000 buoyancy_pwm=0 mask_valid=1 mask=0 forward_active=0
[CTRL] depth_valid=1 depth=11.512 vz=-0.130 az=-0.124 target_valid=0 target=0.000 pid=0.000 pid_base=0.000 buoyancy_pwm=0 mask_valid=1 mask=0 forward_active=0
[CTRL] depth_vv target_valid=0 target=0.000 pid=0.000 pid_base=0.000 buoyancy_pwm=0 mask_valid=1 mask=0 forward_active=0
$T,115,0,0,43,82,17,1180,-875,103,1202,0*5A
[CTRL] depth_valid=1 depth=11.593 vz=0.028 az=-0.008 target_valid=0 target=0.000 pid=0.000 pid_base=0.000 buoyancy_pwm=0 mask_valid=1 mask=0 forward_active=0
[CTRL] depth_valid=1 depth=11.535 vz=-0.145 az=-0.175 target_valid=0 target=0.000 pid=0.000 pid_base=0.000 buoyancy_pwm=0 mask_valid=1 mask=0 forward_active=0
[CTRL] depth_valid=1 depth=11.556 vz=-0.081 az=-0.097 target_valid=0 target=0.000 pid=0.000 pid_base=0.000 buoyancy_pwm=0 mask_valid=1 mask=0 forward_active=0
[CTRL] depth_valid=1 depth=11.578 vz=0.006 az=0.011 target_valid=0 target=0.000 pid=0.000 pid_base=0.000 buoyancy_pwm=0 mask_valid=1 mask=0 forward_active=0
$T,115,0,0,43,82,17,1198,-875,84,1201,0*6E
[CTRL] depth_valid=1 depth=11.528 vz=-0.105 az=-0.099 target_valid=0 target=0.000 pid=0.000 pid_base=0.000 buoyancy_pwm=0 mask_valid=1 mask=0 forward_active=0
[CTRL] depth_valid=1 depth=11.556 vz=-0.014 az=-0.005 target_valid=0 target=0.000 pid=0.000 pid_base=0.000 buoyancy_pwm=0 mask_valid=1 mask=0 forward_active=0
[CTRL] depth_valid=1 depth=11.581 vz=0.002 az=-0.020 target_valid=0 target=0.000 pid=0.000 pid_base=0.000 buoyancy_pwm=0 mask_valid=1 mask=0 forward_active=0
[CTRL] depth_valid=1 depth=11.545 vz=-0.110 az=-0.132 target_valid=0 target=0.000 pid=0.000 pid_base=0.000 buoyancy_pwm=0 mask_valid=1 mask=0 forward_active=0
$T,115,0,0,44,82,17,1204,-875,78,1203,0*6E
[CTRL] depth_valid=1 depth=11.541 vz=-0.129 az=-0.154 target_valid=0 target=0.000 pid=0.000 pid_base=0.000 buoyancy_pwm=0 mask_valid=1 mask=0 forward_active=0
[OK]hb
[CTRL] depth_valid=1 depth=11.574 vz=0.001 az=0.009 target_valid=0 target=0.000 pid=0.000 pid_base=0.000 buoyancy_pwm=0 mask_valid=1 mask=0 forward_active=0
[CTRL] depth_valid=1 depth=11.564 vz=-0.049 az=-0.060 target_valid=0 target=0.000 pid=0.000 pid_base=0.000 buoyancy_pwm=0 mask_valid=1 mask=0 forward_active=0
[CTRL] depth_valid=1 depth=11.570 vz=-0.068 az=-0.094 target_valid=0 target=0.000 pid=0.000 pid_base=0.000 buoyancy_pwm=0 mask_valid=1 mask=0 forward_active=0
$T,115,0,0,44,82,17,1182,-875,100,1202,0*5C
[CTRL] depth_valid=1 depth=11.564 vz=-0.104 az=-0.133 target_valid=0 target=0.000 pid=0.000 pid_base=0.000 buoyancy_pwm=0 mask_valid=1 mask=0 forward_active=0
[CTRL] depth_valid=1 depth=11.535 vz=-0.136 az=-0.133 target_valid=0 target=0.000 pid=0.000 pid_base=0.000 buoyancy_pwm=0 mask_valid=1 mask=0 forward_active=0
[CTRL] depth_valid=1 depth=11.522 vz=-0.078 az=-0.035 target_valid=0 target=0.000 pid=0.000 pid_base=0.000 buoyancy_pwm=0 mask_valid=1 mask=0 forward_active=0
[CTRL] depth_valid=1 depth=11.562 vz=0.004 az=0.007 target_valid=0 target=0.000 pid=0.000 pid_base=0.000 buoyancy_pwm=0 mask_valid=1 mask=0 forward_active=0
$T,115,0,0,44,83,16,1187,-875,95,1205,0*63
[CTRL] depth_valid=1 depth=11.595 vz=0.025 az=-0.009 target_valid=0 target=0.000 pid=0.000 pid_base=0.000 buoyancy_pwm=0 mask_valid=1 mask=0 forward_active=0
[CTRL] depth_valid=1 depth=11.554 vz=-0.091 az=-0.111 target_valid=0 target=0.000 pid=0.000 pid_base=0.000 buoyancy_pwm=0 mask_valid=1 mask=0 forward_active=0
[CTRL] depth_valid=1 depth=11.488 vz=-0.207 az=-0.197 target_valid=0 target=0.000 pid=0.000 pid_base=0.000 buoyancy_pwm=0 mask_valid=1 mask=0 forward_active=0
[CTRL] depth_valid=1 depth=11.527 vz=-0.056 az=-0.036 target_valid=0 target=0.000 pid=0.000 pid_base=0.000 buoyancy_pwm=0 mask_valid=1 mask=0 forward_active=0
$T,116,1,1,45,82,16,1191,-874,91,1203,0*64
[OK]hb
[CTRL] depth_valid=1 depth=11.559 vz=-0.052 az=-0.089 target_valid=0 target=0.000 pid=0.000 pid_base=0.000 buoyancy_pwm=0 mask_valid=1 mask=0 forward_active=0
[CTRL] depth_valid=1 depth=11.556 vz=-0.069 az=-0.092 target_valid=0 target=0.000 pid=0.000 pid_base=0.000 buoyancy_pwm=0 mask_valid=1 mask=0 forward_active=0
[CTRL] depth_valid=1 depth=11.541 vz=-0.114 az=-0.134 target_valid=0 target=0.000 pid=0.000 pid_base=0.000 buoyancy_pwm=0 mask_valid=1 mask=0 forward_active=0
[CTRL] depth_valid=1 depth=11.560 vz=-0.069 az=-0.085 target_valid=0 target=0.000 pid=0.000 pid_base=0.000 buoyancy_pwm=0 mask_valid=1 mask=0 forward_active=0
$T,115,0,0,45,83,16,1193,-876,88,1206,0*6B
[CTRL] depth_valid=1 depth=11.550 vz=-0.091 az=-0.103 target_valid=0 target=0.000 pid=0.000 pid_base=0.000 buoyancy_pwm=0 mask_valid=1 mask=0 forward_active=0
[CTRL] depth_valid=1 depth=11.550 vz=-0.042 az=-0.027 target_valid=0 target=0.000 pid=0.000 pid_base=0.000 buoyancy_pwm=0 mask_valid=1 mask=0 forward_active=0
[CTRL] depth_valid=1 depth=11.565 vz=-0.010 az=-0.011 target_valid=0 target=0.000 pid=0.000 pid_base=0.000 buoyancy_pwm=0 mask_valid=1 mask=0 forward_active=0
[CTRL] depth_valid=1 depth=11.537 vz=-0.076 az=-0.074 target_valid=0 target=0.000 pid=0.000 pid_base=0.000 buoyancy_pwm=0 mask_valid=1 mask=0 forward_active=0
$T,115,0,1,45,82,16,1187,-875,94,1201,0*67
[CTRL] depth_valid=1 depth=11.552 vz=-0.066 az=-0.085 target_valid=0 target=0.000 pid=0.000 pid_base=0.000 buoyancy_pwm=0 mask_valid=1 mask=0 forward_active=0
[CTRL] depth_valid=1 depth=11.512 vz=-0.148 az=-0.151 target_valid=0 target=0.000 pid=0.000 pid_base=0.000 buoyancy_pwm=0 mask_valid=1 mask=0 forward_active=0
[OK]hb
[CTRL] depth_valid=1 depth=11.548 vz=-0.067 az=-0.080 target_valid=0 target=0.000 pid=0.000 pid_base=0.000 buoyancy_pwm=0 mask_valid=1 mask=0 forward_active=0
[CTRL] depth_valid=1 depth=11.554 vz=-0.043 az=-0.048 target_valid=0 target=0.000 pid=0.000 pid_base=0.000 buoyancy_pwm=0 mask_valid=1 mask=0 forward_active=0
$T,115,0,0,46,83,17,1190,-875,91,1202,0*65
[CTRL] depth_valid=1 depth=11.569 vz=-0.035 az=-0.055 target_valid=0 target=0.000 pid=0.000 pid_base=0.000 buoyancy_pwm=0 mask_valid=1 mask=0 forward_active=0
[CTRL] depth_valid=1 depth=11.544 vz=-0.082 az=-0.085 target_valid=0 target=0.000 pid=0.000 pid_base=0.000 buoyancy_pwm=0 mask_valid=1 mask=0 forward_active=0
[CTRL] depth_valid=1 depth=11.479 vz=-0.188 az=-0.164 target_valid=0 target=0.000 pid=0.000 pid_base=0.000 buoyancy_pwm=0 mask_valid=1 mask=0 forward_active=0
[CTRL] depth_valid=1 depth=11.555 vz=0.022 az=0.035 target_valid=0 target=0.000 pid=0.000 pid_base=0.000 buoyancy_pwm=0 mask_valid=1 mask=0 forward_active=0
$T,115,0,1,46,83,17,1196,-875,84,1201,0*65
[CTRL] depth_valid=1 depth=11.544 vz=-0.080 az=-0.116 target_valid=0 target=0.000 pid=0.000 pid_base=0.000 buoyancy_pwm=0 mask_valid=1 mask=0 forward_active=0
[CTRL] depth_valid=1 depth=11.558 vz=-0.026 az=-0.036 target_valid=0 target=0.000 pid=0.000 pid_base=0.000 buoyancy_pwm=0 mask_valid=1 mask=0 forward_active=0
[CTRL] depth_valid=1 depth=11.550 vz=-0.058 az=-0.073 target_valid=0 target=0.000 pid=0.000 pid_base=0.000 buoyancy_pwm=0 mask_valid=1 mask=0 forward_active=0
[CTRL] depth_valid=1 depth=11.567 vz=-0.031 az=-0.052 target_valid=0 target=0.000 pid=0.000 pid_base=0.000 buoyancy_pwm=0 mask_valid=1 mask=0 forward_active=0
$T,115,0,0,46,83,17,1164,-875,116,1204,0*56
[OK]hb
[CTRL] depth_valid=1 depth=11.592 vz=-0.001 az=-0.031 target_valid=0 target=0.000 pid=0.000 pid_base=0.000 buoyancy_pwm=0 mask_valid=1 mask=0 forward_active=0
[CTRL] depth_valid=1 depth=11.560 vz=-0.098 az=-0.121 target_valid=0 target=0.000 pid=0.000 pid_base=0.000 buoyancy_pwm=0 mask_valid=1 mask=0 forward_active=0
[CTRL] depth_valid=1 depth=11.520 vz=-0.130 az=-0.114 target_valid=0 target=0.000 pid=0.000 pid_base=0.000 buoyancy_pwm=0 mask_valid=1 mask=0 forward_active=0
[CTRL] depth_valid=1 depth=11.579 vz=0.052 az=0.071 target_valid=0 target=0.000 pid=0.000 pid_base=0.000 buoyancy_pwm=0 mask_valid=1 mask=0 forward_active=0
$T,115,0,0,47,83,17,1196,-875,83,1203,0*60
[CTRL] depth_valid=1 depth=11.586 vz=-0.008 az=-0.039 target_valid=0 target=0.000 pid=0.000 pid_base=0.000 buoyancy_pwm=0 mask_valid=1 mask=0 forward_active=0
[CTRL] depth_valid=1 depth=11.566 vz=-0.090 az=-0.125 target_valid=0 target=0.000 pid=0.000 pid_base=0.000 buoyancy_pwm=0 mask_valid=1 mask=0 forward_active=0
[CTRL] depth_valid=1 depth=11.556 vz=-0.098 az=-0.111 target_valid=0 target=0.000 pid=0.000 pid_base=0.000 buoyancy_pwm=0 mask_valid=1 mask=0 forward_active=0
[CTRL] depth_valid=1 depth=11.524 vz=-0.134 az=-0.125 target_valid=0 target=0.000 pid=0.000 pid_base=0.000 buoyancy_pwm=0 mask_valid=1 mask=0 forward_active=0
$T,115,0,0,47,83,17,1190,-875,89,1202,0*6D
[CTRL] depth_valid=1 depth=11.546 vz=-0.070 az=-0.071 target_valid=0 target=0.000 pid=0.000 pid_base=0.000 buoyancy_pwm=0 mask_valid=1 mask=0 forward_active=0
[OK]hb
[CTRL] depth_valid=1 depth=11.582 vz=-0.002 az=-0.017 target_valid=0 target=0.000 pid=0.000 pid_base=0.000 buoyancy_pwm=0 mask_valid=1 mask=0 forward_active=0
[CTRL] depth_valid=1 depth=11.532 vz=-0.135 az=-0.146 target_valid=0 target=0.000 pid=0.000 pid_base=0.000 buoyancy_pwm=0 mask_valid=1 mask=0 forward_active=0
[CTRL] depth_valid=1 depth=11.459 vz=-0.310 az=-0.323 target_valid=0 target=0.000 pid=0.000 pid_base=0.000 buoyancy_pwm=0 mask_valid=1 mask=0 forward_active=0
$T,115,0,0,48,83,17,1177,-875,101,1201,0*59
[CTRL] depth_valid=1 depth=11.524 vz=-0.064 az=-0.037 target_valid=0 target=0.000 pid=0.000 pid_base=0.000 buoyancy_pwm=0 mask_valid=1 mask=0 forward_active=0
[CTRL] depth_valid=1 depth=11.555 vz=0.006 az=0.010 target_valid=0 target=0.000 pid=0.000 pid_base=0.000 buoyancy_pwm=0 mask_valid=1 mask=0 forward_active=0
[CTRL] depth_valid=1 depth=11.548 vz=-0.046 az=-0.063 target_valid=0 target=0.000 pid=0.000 pid_base=0.000 buoyancy_pwm=0 mask_valid=1 mask=0 forward_active=0
[CTRL] depth_valid=1 depth=11.537 vz=-0.089 az=-0.107 target_valid=0 target=0.000 pid=0.000 pid_base=0.000 buoyancy_pwm=0 mask_valid=1 mask=0 forward_active=0
$T,115,0,0,48,84,18,1209,-875,69,1201,0*64
[CTRL] depth_valid=1 depth=11.532 vz=-0.094 az=-0.104 target_valid=0 target=0.000 pid=0.000 pid_base=0.000 buoyancy_pwm=0 mask_valid=1 mask=0 forward_active=0
[CTRL] depth_valid=1 depth=11.564 vz=-0.008 az=-0.015 target_valid=0 target=0.000 pid=0.000 pid_base=0.000 buoyancy_pwm=0 mask_valid=1 mask=0 forward_active=0
[CTRL] depth_valid=1 depth=11.576 vz=0.007 az=-0.006 target_valid=0 target=0.000 pid=0.000 pid_base=0.000 buoyancy_pwm=0 mask_valid=1 mask=0 forward_active=0
vz=-0.053 az=-0.078 target_valid=0 target=0.000 pid=0.000 pid_base=0.000 buoyancy_pwm=0 mask_valid=1 mask=0 forward_active=0
$T,115,0,0,48,84,18,1188,-875,89,1200,0*61
[CTRL] depth_valid=1 depth=11.582 vz=-0.011 az=-0.025 target_valid=0 target=0.000 pid=0.000 pid_base=0.000 buoyancy_pwm=0 mask_valid=1 mask=0 forward_active=0
[CTRL] depth_valid=1 depth=11.577 vz=-0.054 az=-0.078 target_valid=0 target=0.000 pid=0.000 pid_base=0.000 buoyancy_pwm=0 mask_valid=1 mask=0 forward_active=0
[CTRL] depth_valid=1 depth=11.556 vz=-0.105 az=-0.117 target_valid=0 target=0.000 pid=0.000 pid_base=0.000 buoyancy_pwm=0 mask_valid=1 mask=0 forward_active=0
[CTRL] depth_valid=1 depth=11.573 vz=-0.077 az=-0.098 target_valid=0 target=0.000 pid=0.000 pid_base=0.000 buoyancy_pwm=0 mask_valid=1 mask=0 forward_active=0
$T,115,0,0,49,,18,1183,-875,94,1200,0*6B
[CTRL] depth_valid=1 depth=11.559 vz=-0.099 az=-0.108 target_valid=0 target=0.000 pid=0.000 pid_base=0.000 buoyancy_pwm=0 mask_valid=1 mask=0 forward_active=0
[CTRL] depth_valid=1 depth=11.599 vz=0.022 az=0.020 target_valid=0 target=0.000 pid=0.000 pid_base=0.000 buoyancy_pwm=0 mask_valid=1 mask=0 forward_active=0
[CTRL] depth_valid=1 depth=11.552 vz=-0.026 az=0.009 target_valid=0 target=0.000 pid=0.000 pid_base=0.000 buoyancy_pwm=0 mask_valid=1 mask=0 forward_active=0
[CTRL] depth_valid=1 depth=11.568 vz=-0.039 az=-0.052 target_valid=0 target=0.000 pid=0.000 pid_base=0.000 buoyancy_pwm=0 mask_valid=1 mask=0 forward_active=0
$T,115,0,0,49,,18,1207,-874,70,1201,0*6E
[CTRL] depth_valid=1 depth=11.602 vz=0.036 az=0.022 target_valid=0 target=0.000 pid=0.000 pid_base=0.000 buoyancy_pwm=0 mask_valid=1 mask=0 forward_active=0
[CTRL] depth_valid=1 depth=11.544 vz=-0.118 az=-0.127 target_valid=0 target=0.000 pid=0.000 pid_base=0.000 buoyancy_pwm=0 mask_valid=1 mask=0 forward_active=0
[OK]hb
[CTRL] depth_valid=1 depth=11.555 vz=-0.047 az=-0.034 target_valid=0 target=0.000 pid=0.000 pid_base=0.000 buoyancy_pwm=0 mask_valid=1 mask=0 forward_active=0
[CTRL] depth_valid=1 depth=11.561 vz=-0.051 az=-0.057 target_valid=0 target=0.000 pid=0.000 pid_base=0.000 buoyancy_pwm=0 mask_valid=1 mask=0 forward_active=0
$T,115,0,0,50,,18,1184,-874,93,1202,0*60
[CTRL] depth_valid=1 depth=11.558 vz=-0.029 az=-0.020 target_valid=0 target=0.000 pid=0.000 pid_base=0.000 buoyancy_pwm=0 mask_valid=1 mask=0 forward_active=0
[CTRL] depth_valid=1 depth=11.560 vz=-0.021 az=-0.017 target_valid=0 target=0.000 pid=0.000 pid_base=0.000 buoyancy_pwm=0 mask_valid=1 mask=0 forward_active=0
[CTRL] depth_valid=1 depth=11.560 vz=-0.056 az=-0.074 target_valid=0 target=0.000 pid=0.000 pid_base=0.000 buoyancy_pwm=0 mask_valid=1 mask=0 forward_active=0
[CTRL] depth_valid=1 depth=11.531 vz=-0.102 az=-0.099 target_valid=0 target=0.000 pid=0.000 pid_base=0.000 buoyancy_pwm=0 mask_valid=1 mask=0 forward_active=0
$T,115,0,0,55,,19,1177,-875,99,1202,0*63
[CTRL] depth_valid=1 depth=11.533 vz=-0.099 az=-0.104 target_valid=0 target=0.000 pid=0.000 pid_base=0.000 buoyancy_pwm=0 mask_valid=1 mask=0 forward_active=0
[CTRL] depth_valid=1 depth=11.556 vz=-0.034 az=-0.037 target_valid=0 target=0.000 pid=0.000 pid_base=0.000 buoyancy_pwm=0 mask_valid=1 mask=0 forward_active=0
[CTRL] depth_valid=1 depth=11.541 vz=-0.093 az=-0.108 target_valid=0 target=0.000 pid=0.000 pid_base=0.000 buoyancy_pwm=0 mask_valid=1 mask=0 forward_active=0
[CTRL]vz=-0.02723 target_valid=0 target=0.000 pid=0.000 pid_base=0.000 buoyancy_pwm=0 mask_valid=1 mask=0 forward_active=0
$T,115,0,0,54,,20,1216,-875,60,1201,0*69
[CTRL] depth_valid=1 depth=11.549 vz=-0.052 az=-0.057 target_valid=0 target=0.000 pid=0.000 pid_base=0.000 buoyancy_pwm=0 mask_valid=1 mask=0 forward_active=0
[CTRL] depth_valid=1 depth=11.546 vz=-0.050 az=-0.050 target_valid=0 target=0.000 pid=0.000 pid_base=0.000 buoyancy_pwm=0 mask_valid=1 mask=0 forward_active=0
[CTRL] depth_valid=1 depth=11.616 vz=0.092 az=0.073 target_valid=0 target=0.000 pid=0.000 pid_base=0.000 buoyancy_pwm=0 mask_valid=1 mask=0 forward_active=0
[CTRL] depth_valid=1 depth=11.553 vz=-0.134 az=-0.175 target_valid=0 target=0.000 pid=0.000 pid_base=0.000 buoyancy_pwm=0 mask_valid=1 mask=0 forward_active=0
$T,115,-1,-1,55,,20,1187,-875,88,1209,0*6D
[CTRL] depth_valid=1 depth=11.590 vz=0.024 az=0.031 target_valid=0 target=0.000 pid=0.000 pid_base=0.000 buoyancy_pwm=0 mask_valid=1 mask=0 forward_active=0
[CTRL] depth_valid=1 depth=11.517 vz=-0.151 az=-0.144 target_valid=0 target=0.000 pid=0.000 pid_base=0.000 buoyancy_pwm=0 mask_valid=1 mask=0 forward_active=0
[CTRL] depth_valid=1 depth=11.544 vz=-0.049 az=-0.037 target_valid=0 target=0.000 pid=0.000 pid_base=0.000 buoyancy_pwm=0 mask_valid=1 mask=0 forward_active=0
[CTRL] depth_valid=1 depth=11.542 vz=-0.057 az=-0.057 target_valid=0 target=0.000 pid=0.000 pid_base=0.000 buoyancy_pwm=0 mask_valid=1 mask=0 forward_active=0
$T,115,0,0,55,,21,1193,-875,82,1201,0*6B
[CTRL] depth_valid=1 depth=11.575 vz=0.026 az=0.021 target_valid=0 target=0.000 pid=0.000 pid_base=0.000 buoyancy_pwm=0 mask_valid=1 mask=0 forward_active=0
[CTRL] depth_valid=1 depth=11.562 vz=-0.038 az=-0.057 target_valid=0 target=0.000 pid=0.000 pid_base=0.000 buoyancy_pwm=0 mask_valid=1 mask=0 forward_active=0
[OK]hb
[CTRL] depth_valid=1 depth=11.589 vz=0.016 az=-0.003 target_valid=0 target=0.000 pid=0.000 pid_base=0.000 buoyancy_pwm=0 mask_valid=1 mask=0 forward_active=0
[CTRL] depth_valid=1 depth=11.552 vz=-0.118 az=-0.148 target_valid=0 target=0.000 pid=0.000 pid_base=0.000 buoyancy_pwm=0 mask_valid=1 mask=0 forward_active=0
$T,115,0,0,56,,22,1204,-875,71,1201,0*6A
[CTRL] depth_valid=1 depth=11.552 vz=-0.104 az=-0.120 target_valid=0 target=0.000 pid=0.000 pid_base=0.000 buoyancy_pwm=0 mask_valid=1 mask=0 forward_active=0
[CTRL] depth_valid=1 depth=11.533 vz=-0.083 az=-0.060 target_valid=0 target=0.000 pid=0.000 pid_base=0.000 buoyancy_pwm=0 mask_valid=1 mask=0 forward_active=0
[CTRL] depth_valid=1 depth=11.564 vz=0.034 az=0.059 target_valid=0 target=0.000 pid=0.000 pid_base=0.000 buoyancy_pwm=0 mask_valid=1 mask=0 forward_active=0
[CTRL] depth_valid=1 depth=11.574 vz=-0.010 az=-0.036 target_valid=0 target=0.000 pid=0.000 pid_base=0.000 buoyancy_pwm=0 mask_valid=1 mask=0 forward_active=0
$T,115,0,0,56,,22,1179,-875,96,1203,0*68
[CTRL] depth_valid=1 depth=11.546 vz=-0.103 az=-0.129 target_valid=0 target=0.000 pid=0.000 pid_base=0.000 buoyancy_pwm=0 mask_valid=1 mask=0 forward_active=0
[CTRL] depth_valid=1 depth=11.568 vz=-0.020 az=-0.024 target_valid=0 target=0.000 pid=0.000 pid_base=0.000 buoyancy_pwm=0 mask_valid=1 mask=0 forward_active=0
[CTRL] depth_valid=1 depth=11.526 vz=-0.089 az=-0.072 target_valid=0 target=0.000 pid=0.000 pid_base=0.000 buoyancy_pwm=0 mask_valid=1 mask=0 forward_active=0
[CTRL] depth_valid=1 depth=11.557 vz=-0.004 az=0.002 target_valid=0 target=0.000 pid=0.000 pid_base=0.000 buoyancy_pwm=0 mask_valid=1 mask=0 forward_active=0
$T,115,0,0,57,,,1187,-875,88,1203,0*67
[OK]hb
[CTRL] depth_valid=1 depth=11.560 vz=-0.016 az=-0.029 target_valid=0 target=0.000 pid=0.000 pid_base=0.000 buoyancy_pwm=0 mask_valid=1 mask=0 forward_active=0
[CTRL] depth_valid=1 depth=11.561 vz=-0.048 az=-0.073 target_valid=0 target=0.000 pid=0.000 pid_base=0.000 buoyancy_pwm=0 mask_valid=1 mask=0 forward_active=0
[CTRL] depth_valid=1 depth=11.571 vz=-0.039 az=-0.062 target_valid=0 target=0.000 pid=0.000 pid_base=0.000 buoyancy_pwm=0 mask_valid=1 mask=0 forward_active=0
[CTRL] depth_valid=1 depth=11.576 vz=-0.023 az=-0.034 target_valid=0 target=0.000 pid=0.000 pid_base=0.000 buoyancy_pwm=0 mask_valid=1 mask=0 forward_active=0
$T,115,0,0,57,,,1197,-875,77,1201,0*64
[CTRL] depth_valid=1 depth=11.562 vz=-0.092 az=-0.118 target_valid=0 target=0.000 pid=0.000 pid_base=0.000 buoyancy_pwm=0 mask_valid=1 mask=0 forward_active=0
[CTRL] depth_valid=1 depth=11.579 vz=-0.016 az=-0.015 target_valid=0 target=0.000 pid=0.000 pid_base=0.000 buoyancy_pwm=0 mask_valid=1 mask=0 forward_active=0
[CTRL] depth_valid=1 depth=11.574 vz=-0.062 az=-0.081 target_valid=0 target=0.000 pid=0.000 pid_base=0.000 buoyancy_pwm=0 mask_valid=1 mask=0 forward_active=0
[CTRL] depth_valid=1 depth=11.513 vz=-0.155 az=-0.137 target_valid=0 target=0.000 pid=0.000 pid_base=0.000 buoyancy_pwm=0 mask_valid=1 mask=0 forward_active=0
$T,115,0,0,57,,,1159,-876,115,1202,0*53
[CTRL] depth_valid=1 depth=11.563 vz=-0.000 az=0.014 target_valid=0 target=0.000 pid=0.000 pid_base=0.000 buoyancy_pwm=0 mask_valid=1 mask=0 forward_active=0
[CTRL] depth_valid=1 depth=11.561 vz=-0.027 az=-0.034 target_valid=0 target=0.000 pid=0.000 pid_base=0.000 buoyancy_pwm=0 mask_valid=1 mask=0 forward_active=0
[OK]hb
[CTRL] depth_valid=1 depth=11.601 vz=0.043 az=0.024 target_valid=0 target=0.000 pid=0.000 pid_base=0.000 buoyancy_pwm=0 mask_valid=1 mask=0 forward_active=0
[CTRL] depth_valid=1 depth=11.546 vz=-0.102 az=-0.113 target_valid=0 target=0.000 pid=0.000 pid_base=0.000 buoyancy_pwm=0 mask_valid=1 mask=0 forward_active=0
$T,115,0,0,,,,1198,-875,76,1202,0*6B
[CTRL] depth_valid=1 depth=11.576 vz=-0.000 az=0.002 target_valid=0 target=0.000 pid=0.000 pid_base=0.000 buoyancy_pwm=0 mask_valid=1 mask=0 forward_active=0
[CTRL] depth_valid=1 depth=11.558 vz=-0.043 az=-0.043 target_valid=0 target=0.000 pid=0.000 pid_base=0.000 buoyancy_pwm=0 mask_valid=1 mask=0 forward_active=0
[CTRL] depth_valid=1 depth=11.535 vz=-0.114 az=-0.127 target_valid=0 target=0.000 pid=0.000 pid_base=0.000 buoyancy_pwm=0 mask_valid=1 mask=0 forward_active=0
[CTRL] depth_valid=1 depth=11.622 vz=0.101 az=0.089 target_valid=0 target=0.000 pid=0.000 pid_base=0.000 buoyancy_pwm=0 mask_valid=1 mask=0 forward_active=0
$T,115,0,0,,,,1193,-875,81,1202,0*68
[CTRL] depth_valid=1 depth=11.566 vz=-0.093 az=-0.124 target_valid=0 target=0.000 pid=0.000 pid_base=0.000 buoyancy_pwm=0 mask_valid=1 mask=0 forward_active=0
[CTRL] depth_valid=1 depth=11.555 vz=-0.071 az=-0.063 target_valid=0 target=0.000 pid=0.000 pid_base=0.000 buoyancy_pwm=0 mask_valid=1 mask=0 forward_active=0
[CTRL] depth_valid=1 depth=11.594 vz=0.046 az=0.056 target_valid=0 target=0.000 pid=0.000 pid_base=0.000 buoyancy_pwm=0 mask_valid=1 mask=0 forward_active=0
[CTRL] depth_valid=1 depth=11.578 vz=-0.048 az=-0.070 target_valid=0 target=0.000 pid=0.000 pid_base=0.000 buoyancy_pwm=0 mask_valid=1 mask=0 forward_active=0
$T,116,0,0,,,,1161,-875,112,1202,0*5D
[OK]hb
[CTRL] depth_valid=1 depth=11.615 vz=0.011 az=-0.019 target_valid=0 target=0.000 pid=0.000 pid_base=0.000 buoyancy_pwm=0 mask_valid=1 mask=0 forward_active=0
[CTRL] depth_valid=1 depth=11.570 vz=-0.109 az=-0.126 target_valid=0 target=0.000 pid=0.000 pid_base=0.000 buoyancy_pwm=0 mask_valid=1 mask=0 forward_active=0
[CTRL] depth_valid=1 depth=11.574 vz=-0.069 az=-0.068 target_valid=0 target=0.000 pid=0.000 pid_base=0.000 buoyancy_pwm=0 mask_valid=1 mask=0 forward_active=0
[CTRL] depth_valid=1 depth=11.555 vz=-0.114 az=-0.117 target_valid=0 target=0.000 pid=0.000 pid_base=0.000 buoyancy_pwm=0 mask_valid=1 mask=0 forward_active=0
$T,116,1,1,,,,1190,-875,83,1201,0*69
[CTRL] depth_valid=1 depth=11.611 vz=-0.010 az=-0.035 target_valid=0 target=0.000 pid=0.000 pid_base=0.000 buoyancy_pwm=0 mask_valid=1 mask=0 forward_active=0
[CTRL] depth_valid=1 depth=11.555 vz=-0.093 az=-0.075 target_valid=0 target=0.000 pid=0.000 pid_base=0.000 buoyancy_pwm=0 mask_valid=1 mask=0 forward_active=0
[CTRL] depth_valid=1 depth=11.533 vz=-0.057 az=-0.009 target_valid=0 target=0.000 pid=0.000 pid_base=0.000 buoyancy_pwm=0 mask_valid=1 mask=0 forward_active=0
[CTRL] depth_valid=1 depth=11.524 vz=-0.105 az=-0.100 target_valid=0 target=0.000 pid=0.000 pid_base=0.000 buoyancy_pwm=0 mask_valid=1 mask=0 forward_active=0
$T,115,0,0,,,,1171,-875,103,1201,0*5C
[CTRL] depth_valid=1 depth=11.548 vz=-0.057 az=-0.070 target_valid=0 target=0.000 pid=0.000 pid_base=0.000 buoyancy_pwm=0 mask_valid=1 mask=0 forward_active=0
[CTRL] depth_valid=1 depth=11.569 vz=-0.028 az=-0.048 target_valid=0 target=0.000 pid=0.000 pid_base=0.000 buoyancy_pwm=0 mask_valid=1 mask=0 forward_active=0
[OK]hb
[CTRL] depth_valid=1 depth=11.568 vz=-0.025 az=-0.032 target_valid=0 target=0.000 pid=0.000 pid_base=0.000 buoyancy_pwm=0 mask_valid=1 mask=0 forward_active=0
[CTRL] depth_valid=1 depth=11.520 vz=-0.132 az=-0.133 target_valid=0 target=0.000 pid=0.000 pid_base=0.000 buoyancy_pwm=0 mask_valid=1 mask=0 forward_active=0
$T,115,0,0,,,,1172,-876,101,1201,0*5E
[CTRL] depth_valid=1 depth=11.560 vz=-0.013 az=-0.011 target_valid=0 target=0.000 pid=0.000 pid_base=0.000 buoyancy_pwm=0 mask_valid=1 mask=0 forward_active=0
[CTRL] depth_valid=1 depth=11.538 vz=-0.065 az=-0.064 target_valid=0 target=0.000 pid=0.000 pid_base=0.000 buoyancy_pwm=0 mask_valid=1 mask=0 forward_active=0
[CTRL] depth_valid=1 depth=11.553 vz=-0.040 az=-0.049 target_valid=0 target=0.000 pid=0.000 pid_base=0.000 buoyancy_pwm=0 mask_valid=1 mask=0 forward_active=0
[CTRL] depth_valid=1 depth=11.568 vz=-0.087 az=-0.138 target_valid=0 target=0.000 pid=0.000 pid_base=0.000 buoyancy_pwm=0 mask_valid=1 mask=0 forward_active=0
$T,115,0,-1,,,,1199,-875,74,1201,0*47
[CTRL] depth_valid=1 depth=11.550 vz=-0.089 az=-0.096 target_valid=0 target=0.000 pid=0.000 pid_base=0.000 buoyancy_pwm=0 mask_valid=1 mask=0 forward_active=0
[CTRL] depth_valid=1 depth=11.599 vz=0.031 az=0.025 target_valid=0 target=0.000 pid=0.000 pid_base=0.000 buoyancy_pwm=0 mask_valid=1 mask=0 forward_active=0
[CTRL] depth_valid=1 depth=11.566 vz=-0.088 az=-0.112 target_valid=0 target=0.000 pid=0.000 pid_base=0.000 buoyancy_pwm=0 mask_valid=1 mask=0 forward_active=0
[CTRL] depth_valid=1 depth=11.542 vz=-0.101 az=-0.092 target_valid=0 target=0.000 pid=0.000 pid_base=0.000 buoyancy_pwm=0 mask_valid=1 mask=0 forward_active=0
$T,115,0,1,,,,1171,-875,103,1202,0*5E
[OK]hb
[CTRL] depth_valid=1 depth=11.588 vz=0.019 az=0.021 target_valid=0 target=0.000 pid=0.000 pid_base=0.000 buoyancy_pwm=0 mask_valid=1 mask=0 forward_active=0
[CTRL] depth_valid=1 depth=11.575 vz=-0.025 az=-0.033 target_valid=0 target=0.000 pid=0.000 pid_base=0.000 buoyancy_pwm=0 mask_valid=1 mask=0 forward_active=0
[CTRL] depth_valid=1 depth=11.572 vz=-0.041 az=-0.053 target_valid=0 target=0.000 pid=0.000 pid_base=0.000 buoyancy_pwm=0 mask_valid=1 mask=0 forward_active=0
[CTRL] depth_valid=1 depth=11.579 vz=-0.021 az=-0.030 target_valid=0 target=0.000 pid=0.000 pid_base=0.000 buoyancy_pwm=0 mask_valid=1 mask=0 forward_active=0
$T,115,0,0,,,,1189,-876,84,1201,0*66
[CTRL] depth_valid=1 depth=11.552 vz=-0.093 az=-0.103 target_valid=0 target=0.000 pid=0.000 pid_base=0.000 buoyancy_pwm=0 mask_valid=1 mask=0 forward_active=0
Forward started.
[OK]w#21[ACK] w#21

<- Minima: FWD 
[CTRL] depth_valid=1 depth=11.643 vz=0.129 az=0.116 target_valid=0 target=0.000 pid=0.000 pid_base=0.000 buoyancy_pwm=0 mask_valid=1 mask=6 forward_active=1
[CTRL] depth_valid=1 depth=11.561 vz=-0.001 az=0.029 target_valid=0 target=0.000 pid=0.000 pid_base=0.000 buoyancy_pwm=0 mask_valid=1 mask=0 forward_active=1
[CTRL] depth_valid=1 depth=11.775 vz=0.465 az=0.437 target_valid=0 target=0.000 pid=0.000 pid_base=0.000 buoyancy_pwm=0 mask_valid=1 mask=0 forward_active=1
$T,119,6,5,,,,1447,-882,-201,1200,1*77
Forward stop: pressure balance in progress...
[OK]w#22[ACK] w#22

[CTRL] depth_valid=1 depth=11.849 vz=0.168 az=-0.071 target_valid=0 target=0.000 pid=0.000 pid_base=0.000 buoyancy_pwm=0 mask_valid=1 mask=2 forward_active=0
[CTRL] depth_valid=1 depth=11.722 vz=-0.251 az=-0.392 target_valid=0 target=0.000 pid=0.000 pid_base=0.000 buoyancy_pwm=0 mask_valid=1 mask=4 forward_active=0
[OK]hb
<- Minima: IDLE
[CTRL] depth_valid=1 depth=11.637 vz=-0.276 az=-0.252 target_valid=0 target=0.000 pid=0.000 pid_base=0.000 buoyancy_pwm=0 mask_valid=1 mask=0 forward_active=0
[CTRL] depth_valid=1 depth=11.615 vz=-0.161 az=-0.080 target_valid=0 target=0.000 pid=0.000 pid_base=0.000 buoyancy_pwm=0 mask_valid=1 mask=0 forward_active=0
$T,115,-1,0,,,,1763,-878,-503,1200,0*50
[CTRL] depth_valid=1 depth=11.612 vz=-0.066 az=0.007 target_valid=0 target=0.000 pid=0.000 pid_base=0.000 buoyancy_pwm=0 mask_valid=1 mask=0 forward_active=0
[CTRL] depth_valid=1 depth=11.630 vz=-0.002 az=0.034 target_valid=0 target=0.000 pid=0.000 pid_base=0.000 buoyancy_pwm=0 mask_valid=1 mask=0 forward_active=0
[CTRL] depth_valid=1 depth=11.731 vz=0.094 az=0.024 target_valid=0 target=0.000 pid=0.000 pid_base=0.000 buoyancy_pwm=0 mask_valid=1 mask=0 forward_active=0
[CTRL] depth_valid=1 depth=11.707 vz=-0.080 az=-0.162 target_valid=0 target=0.000 pid=0.000 pid_base=0.000 buoyancy_pwm=0 mask_valid=1 mask=0 forward_active=0
$T,117,0,0,,,,1413,-879,-145,1201,0*7C
[CTRL] depth_valid=1 depth=11.682 vz=-0.120 az=-0.146 target_valid=0 target=0.000 pid=0.000 pid_base=0.000 buoyancy_pwm=0 mask_valid=1 mask=0 forward_active=0
[CTRL] depth_valid=1 depth=11.601 vz=-0.234 az=-0.208 target_valid=0 target=0.000 pid=0.000 pid_base=0.000 buoyancy_pwm=0 mask_valid=1 mask=0 forward_active=0
[CTRL] depth_valid=1 depth=11.624 vz=-0.051 az=0.013 target_valid=0 target=0.000 pid=0.000 pid_base=0.000 buoyancy_pwm=0 mask_valid=1 mask=0 forward_active=0
[CTRL] depth_valid=1 depth=11.656 vz=0.065 az=0.108 target_valid=0 target=0.000 pid=0.000 pid_base=0.000 buoyancy_pwm=0 mask_valid=1 mask=0 forward_active=0
$T,117,2,2,,,,1638,-885,-368,1201,0*79
[OK]hb
[CTRL] depth_valid=1 depth=11.745 vz=0.115 az=0.042 target_valid=0 target=0.000 pid=0.000 pid_base=0.000 buoyancy_pwm=0 mask_valid=1 mask=0 forward_active=0
[CTRL] depth_valid=1 depth=11.710 vz=-0.102 az=-0.197 target_valid=0 target=0.000 pid=0.000 pid_base=0.000 buoyancy_pwm=0 mask_valid=1 mask=0 forward_active=0
[CTRL] depth_valid=1 depth=11.693 vz=-0.120 az=-0.151 target_valid=0 target=0.000 pid=0.000 pid_base=0.000 buoyancy_pwm=0 mask_valid=1 mask=0 forward_active=0
[CTRL] depth_valid=1 depth=11.641 vz=-0.176 az=-0.157 target_valid=0 target=0.000 pid=0.000 pid_base=0.000 buoyancy_pwm=0 mask_valid=1 mask=0 forward_active=0
$T,116,-1,-1,,,,1518,-885,-248,1200,0*7B
[CTRL] depth_valid=1 depth=11.616 vz=-0.131 az=-0.077 target_valid=0 target=0.000 pid=0.000 pid_base=0.000 buoyancy_pwm=0 mask_valid=1 mask=0 forward_active=0
[CTRL] depth_valid=1 depth=11.658 vz=0.046 az=0.096 target_valid=0 target=0.000 pid=0.000 pid_base=0.000 buoyancy_pwm=0 mask_valid=1 mask=0 forward_active=0
[CTRL] depth_valid=1 depth=11.699 vz=0.036 az=0.000 target_valid=0 target=0.000 pid=0.000 pid_base=0.000 buoyancy_pwm=0 mask_valid=1 mask=0 forward_active=0
[CTRL] depth_valid=1 depth=11.728 vz=0.017 az=-0.041 target_valid=0 target=0.000 pid=0.000 pid_base=0.000 buoyancy_pwm=0 mask_valid=1 mask=0 forward_active=0
$T,116,0,-1,,,,1499,-886,-229,1200,0*5B
[CTRL] depth_valid=1 depth=11.659 vz=-0.175 az=-0.210 target_valid=0 target=0.000 pid=0.000 pid_base=0.000 buoyancy_pwm=0 mask_valid=1 mask=0 forward_active=0
[CTRL] depth_valid=1 depth=11.643 vz=-0.140 az=-0.126 target_valid=0 target=0.000 pid=0.000 pid_base=0.000 buoyancy_pwm=0 mask_valid=1 mask=0 forward_active=0
[OK]hb
[CTRL] depth_valid=1 depth=11.639 vz=-0.097 az=-0.071 target_valid=0 target=0.000 pid=0.000 pid_base=0.000 buoyancy_pwm=0 mask_valid=1 mask=0 forward_active=0
[CTRL] depth_valid=1 depth=11.653 vz=-0.017 az=0.012 target_valid=0 target=0.000 pid=0.000 pid_base=0.000 buoyancy_pwm=0 mask_valid=1 mask=0 forward_active=0
$T,116,0,0,,,,1474,-886,-203,1201,0*7D
[CTRL] depth_valid=1 depth=11.699 vz=0.068 az=0.064 target_valid=0 target=0.000 pid=0.000 pid_base=0.000 buoyancy_pwm=0 mask_valid=1 mask=0 forward_active=0
[CTRL] depth_valid=1 depth=11.682 vz=-0.045 az=-0.080 target_valid=0 target=0.000 pid=0.000 pid_base=0.000 buoyancy_pwm=0 mask_valid=1 mask=0 forward_active=0
[CTRL] depth_valid=1 depth=11.696 vz=-0.024 az=-0.048 target_valid=0 target=0.000 pid=0.000 pid_base=0.000 buoyancy_pwm=0 mask_valid=1 mask=0 forward_active=0
[CTRL] depth_valid=1 depth=11.646 vz=-0.144 az=-0.154 target_valid=0 target=0.000 pid=0.000 pid_base=0.000 buoyancy_pwm=0 mask_valid=1 mask=0 forward_active=0
$T,116,-1,-1,,,,1508,-887,-237,1204,0*74
[CTRL] depth_valid=1 depth=11.666 vz=-0.035 az=-0.018 target_valid=0 target=0.000 pid=0.000 pid_base=0.000 buoyancy_pwm=0 mask_valid=1 mask=0 forward_active=0
[CTRL] depth_valid=1 depth=11.672 vz=-0.054 az=-0.068 target_valid=0 target=0.000 pid=0.000 pid_base=0.000 buoyancy_pwm=0 mask_valid=1 mask=0 forward_active=0
[CTRL] depth_valid=1 depth=11.670 vz=-0.078 az=-0.097 target_valid=0 target=0.000 pid=0.000 pid_base=0.000 buoyancy_pwm=0 mask_valid=1 mask=0 forward_active=0
[CTRL] depth_valid=1 depth=11.688 vz=-0.072 az=-0.102 target_valid=0 target=0.000 pid=0.000 pid_base=0.000 buoyancy_pwm=0 mask_valid=1 mask=0 forward_active=0
$T,117,0,0,15,64,,1502,-886,-230,1204,0*7F
[OK]hb
[CTRL] depth_valid=1 depth=11.658 vz=-0.151 az=-0.168 target_valid=0 target=0.000 pid=0.000 pid_base=0.000 buoyancy_pwm=0 mask_valid=1 mask=0 forward_active=0
[CTRL] depth_valid=1 depth=11.653 vz=-0.137 az=-0.141 target_valid=0 target=0.000 pid=0.000 pid_base=0.000 buoyancy_pwm=0 mask_valid=1 mask=0 forward_active=0
[CTRL] depth_valid=1 depth=11.649 vz=-0.076 az=-0.049 target_valid=0 target=0.000 pid=0.000 pid_base=0.000 buoyancy_pwm=0 mask_valid=1 mask=0 forward_active=0
[CTRL] depth_valid=1 depth=11.692 vz=0.029 az=0.035 target_valid=0 target=0.000 pid=0.000 pid_base=0.000 buoyancy_pwm=0 mask_valid=1 mask=0 forward_active=0
$T,116,0,0,14,64,,1445,-886,-173,1201,0*7C
[CTRL] depth_valid=1 depth=11.705 vz=0.000 az=-0.026 target_valid=0 target=0.000 pid=0.000 pid_base=0.000 buoyancy_pwm=0 mask_valid=1 mask=0 forward_active=0
[CTRL] depth_valid=1 depth=11.678 vz=-0.116 az=-0.151 target_valid=0 target=0.000 pid=0.000 pid_base=0.000 buoyancy_pwm=0 mask_valid=1 mask=0 forward_active=0
[CTRL] depth_valid=1 depth=11.652 vz=-0.125 az=-0.119 target_valid=0 target=0.000 pid=0.000 pid_base=0.000 buoyancy_pwm=0 mask_valid=1 mask=0 forward_active=0
[CTRL] depth_valid=1 depth=11.643 vz=-0.093 az=-0.067 target_valid=0 target=0.000 pid=0.000 pid_base=0.000 buoyancy_pwm=0 mask_valid=1 mask=0 forward_active=0
$T,116,0,0,14,63,,1545,-887,-272,1202,0*7A
[CTRL] depth_valid=1 depth=11.644 vz=-0.074 az=-0.062 target_valid=0 target=0.000 pid=0.000 pid_base=0.000 buoyancy_pwm=0 mask_valid=1 mask=0 forward_active=0
[CTRL] depth_valid=1 depth=11.648 vz=-0.043 az=-0.031 target_valid=0 target=0.000 pid=0.000 pid_base=0.000 buoyancy_pwm=0 mask_valid=1 mask=0 forward_active=0
[OK]hb
[CTRL] depth_valid=1 depth=11.717 vz=0.038 az=-0.008 target_valid=0 target=0.000 pid=0.000 pid_base=0.000 buoyancy_pwm=0 mask_valid=1 mask=0 forward_active=0
[CTRL] depth_valid=1 depth=11.672 vz=-0.106 az=-0.139 target_valid=0 target=0.000 pid=0.000 pid_base=0.000 buoyancy_pwm=0 mask_valid=1 mask=0 forward_active=0
$T,116,0,0,13,62,,1485,-886,-211,1202,0*75
[CTRL] depth_valid=1 depth=11.663 vz=-0.120 az=-0.136 target_valid=0 target=0.000 pid=0.000 pid_base=0.000 buoyancy_pwm=0 mask_valid=1 mask=0 forward_active=0
[CTRL] depth_valid=1 depth=11.664 vz=-0.069 az=-0.056 target_valid=0 target=0.000 pid=0.000 pid_base=0.000 buoyancy_pwm=0 mask_valid=1 mask=0 forward_active=0
[CTRL] depth_valid=1 depth=11.655 vz=-0.073 az=-0.061 target_valid=0 target=0.000 pid=0.000 pid_base=0.000 buoyancy_pwm=0 mask_valid=1 mask=0 forward_active=0
[CTRL] depth_valid=1 depth=11.666 vz=-0.025 az=-0.013 target_valid=0 target=0.000 pid=0.000 pid_base=0.000 buoyancy_pwm=0 mask_valid=1 mask=0 forward_active=0
$T,116,0,0,13,62,,1498,-885,-223,1201,0*78
[CTRL] depth_valid=1 depth=11.658 vz=-0.061 az=-0.066 target_valid=0 target=0.000 pid=0.000 pid_base=0.000 buoyancy_pwm=0 mask_valid=1 mask=0 forward_active=0
[CTRL] depth_valid=1 depth=11.691 vz=-0.014 az=-0.037 target_valid=0 target=0.000 pid=0.000 pid_base=0.000 buoyancy_pwm=0 mask_valid=1 mask=0 forward_active=0
[CTRL] depth_valid=1 depth=11.670 vz=-0.090 az=-0.113 target_valid=0 target=0.000 pid=0.000 pid_base=0.000 buoyancy_pwm=0 mask_valid=1 mask=0 forward_active=0
[CTRL] depth_valid=1 depth=11.672 vz=-0.064 az=-0.067 target_valid=0 target=0.000 pid=0.000 pid_base=0.000 buoyancy_pwm=0 mask_valid=1 mask=0 forward_active=0
$T,116,-1,-1,12,62,,1525,-886,-250,1202,0*7A
[OK]hb
[CTRL] depth_valid=1 depth=11.655 vz=-0.069 az=-0.056 target_valid=0 target=0.000 pid=0.000 pid_base=0.000 buoyancy_pwm=0 mask_valid=1 mask=0 forward_active=0
[CTRL] depth_valid=1 depth=11.666 vz=-0.011 az=0.005 target_valid=0 target=0.000 pid=0.000 pid_base=0.000 buoyancy_pwm=0 mask_valid=1 mask=0 forward_active=0
[CTRL] depth_valid=1 depth=11.727 vz=0.079 az=0.050 target_valid=0 target=0.000 pid=0.000 pid_base=0.000 buoyancy_pwm=0 mask_valid=1 mask=0 forward_active=0
[CTRL] depth_valid=1 depth=11.679 vz=-0.098 az=-0.137 target_valid=0 target=0.000 pid=0.000 pid_base=0.000 buoyancy_pwm=0 mask_valid=1 mask=0 forward_active=0
$T,116,-1,-1,12,62,,1486,-885,-210,1202,0*75
[CTRL] depth_valid=1 depth=11.680 vz=-0.063 az=-0.067 target_valid=0 target=0.000 pid=0.000 pid_base=0.000 buoyancy_pwm=0 mask_valid=1 mask=0 forward_active=0
[CTRL] depth_valid=1 depth=11.650 vz=-0.100 az=-0.085 target_valid=0 target=0.000 pid=0.000 pid_base=0.000 buoyancy_pwm=0 mask_valid=1 mask=0 forward_active=0
[CTRL] depth_valid=1 depth=11.634 vz=-0.100 az=-0.080 target_valid=0 target=0.000 pid=0.000 pid_base=0.000 buoyancy_pwm=0 mask_valid=1 mask=0 forward_active=0
[CTRL] depth_valid=1 depth=11.625 vz=-0.084 az=-0.063 target_valid=0 target=0.000 pid=0.000 pid_base=0.000 buoyancy_pwm=0 mask_valid=1 mask=0 forward_active=0
$T,116,0,0,12,62,223,1482,-886,-205,1201,0*46
[CTRL] depth_valid=1 depth=11.665 vz=0.003 az=0.000 target_valid=0 target=0.000 pid=0.000 pid_base=0.000 buoyancy_pwm=0 mask_valid=1 mask=0 forward_active=0
[CTRL] depth_valid=1 depth=11.702 vz=0.027 az=-0.010 target_valid=0 target=0.000 pid=0.000 pid_base=0.000 buoyancy_pwm=0 mask_valid=1 mask=0 forward_active=0
[OK]hb
[CTRL] depth_valid=1 depth=11.662 vz=-0.116 az=-0.154 target_valid=0 target=0.000 pid=0.000 pid_base=0.000 buoyancy_pwm=0 mask_valid=1 mask=0 forward_active=0
[CTRL] depth_valid=1 depth=11.646 vz=-0.128 az=-0.134 target_valid=0 target=0.000 pid=0.000 pid_base=0.000 buoyancy_pwm=0 mask_valid=1 mask=0 forward_active=0
$T,116,-1,-1,12,62,223,1531,-885,-253,1201,0*4F
[CTRL] depth_valid=1 depth=11.669 vz=-0.047 az=-0.046 target_valid=0 target=0.000 pid=0.000 pid_base=0.000 buoyancy_pwm=0 mask_valid=1 mask=0 forward_active=0
[CTRL] depth_valid=1 depth=11.691 vz=0.006 az=0.002 target_valid=0 target=0.000 pid=0.000 pid_base=0.000 buoyancy_pwm=0 mask_valid=1 mask=0 forward_active=0
[CTRL] depth_valid=1 depth=11.658 vz=-0.068 az=-0.066 target_valid=0 target=0.000 pid=0.000 pid_base=0.000 buoyancy_pwm=0 mask_valid=1 mask=0 forward_active=0
[CTRL] depth_valid=1 depth=11.654 vz=-0.073 az=-0.072 target_valid=0 target=0.000 pid=0.000 pid_base=0.000 buoyancy_pwm=0 mask_valid=1 mask=0 forward_active=0
$T,116,0,0,11,62,223,1498,-886,-220,1203,0*4B
[CTRL] depth_valid=1 depth=11.664 vz=-0.035 az=-0.033 target_valid=0 target=0.000 pid=0.000 pid_base=0.000 buoyancy_pwm=0 mask_valid=1 mask=0 forward_active=0
[CTRL] depth_valid=1 depth=11.656 vz=-0.065 az=-0.073 target_valid=0 target=0.000 pid=0.000 pid_base=0.000 buoyancy_pwm=0 mask_valid=1 mask=0 forward_active=0
[CTRL] depth_valid=1 depth=11.668 vz=-0.032 az=-0.036 target_valid=0 target=0.000 pid=0.000 pid_base=0.000 buoyancy_pwm=0 mask_valid=1 mask=0 forward_active=0
[CTRL] depth_valid=1 depth=11.668 vz=-0.041 az=-0.052 target_valid=0 target=0.000 pid=0.000 pid_base=0.000 buoyancy_pwm=0 mask_valid=1 mask=0 forward_active=0
$T,116,0,0,11,62,223,1516,-885,-237,1200,0*4A
[OK]hb
[CTRL] depth_valid=1 depth=11.715 vz=0.046 az=0.023 target_valid=0 target=0.000 pid=0.000 pid_base=0.000 buoyancy_pwm=0 mask_valid=1 mask=0 forward_active=0
[CTRL] depth_valid=1 depth=11.679 vz=-0.066 az=-0.085 target_valid=0 target=0.000 pid=0.000 pid_base=0.000 buoyancy_pwm=0 mask_valid=1 mask=0 forward_active=0
[CTRL] depth_valid=1 depth=11.671 vz=-0.055 az=-0.048 target_valid=0 target=0.000 pid=0.000 pid_base=0.000 buoyancy_pwm=0 mask_valid=1 mask=0 forward_active=0
[CTRL] depth_valid=1 depth=11.631 vz=-0.132 az=-0.120 target_valid=0 target=0.000 pid=0.000 pid_base=0.000 buoyancy_pwm=0 mask_valid=1 mask=0 forward_active=0
$T,116,-1,-1,11,62,223,1520,-885,-240,1200,0*4F
[CTRL] depth_valid=1 depth=11.676 vz=-0.005 az=-0.002 target_valid=0 target=0.000 pid=0.000 pid_base=0.000 buoyancy_pwm=0 mask_valid=1 mask=0 forward_active=0
[CTRL] depth_valid=1 depth=11.624 vz=-0.109 az=-0.093 target_valid=0 target=0.000 pid=0.000 pid_base=0.000 buoyancy_pwm=0 mask_valid=1 mask=0 forward_active=0
[CTRL] depth_valid=1 depth=11.652 vz=-0.043 az=-0.048 target_valid=0 target=0.000 pid=0.000 pid_base=0.000 buoyancy_pwm=0 mask_valid=1 mask=0 forward_active=0
[CTRL] depth_valid=1 depth=11.663 vz=-0.060 az=-0.087 target_valid=0 target=0.000 pid=0.000 pid_base=0.000 buoyancy_pwm=0 mask_valid=1 mask=0 forward_active=0
$T,116,-1,-1,11,63,222,1500,-885,-220,1201,0*4A
[CTRL] depth_valid=1 depth=11.662 vz=-0.067 az=-0.085 target_valid=0 target=0.000 pid=0.000 pid_base=0.000 buoyancy_pwm=0 mask_valid=1 mask=0 forward_active=0
[CTRL] depth_valid=1 depth=11.666 vz=-0.045 az=-0.049 target_valid=0 target=0.000 pid=0.000 pid_base=0.000 buoyancy_pwm=0 mask_valid=1 mask=0 forward_active=0
[OK]hb
[CTRL] depth_valid=1 depth=11.665 vz=-0.071 az=-0.089 target_valid=0 target=0.000 pid=0.000 pid_base=0.000 buoyancy_pwm=0 mask_valid=1 mask=0 forward_active=0
[CTRL] depth_valid=1 depth=11.650 vz=-0.091 az=-0.094 target_valid=0 target=0.000 pid=0.000 pid_base=0.000 buoyancy_pwm=0 mask_valid=1 mask=0 forward_active=0
$T,116,0,0,10,63,222,1499,-885,-218,1201,0*41
[CTRL] depth_valid=1 depth=11.639 vz=-0.116 az=-0.121 target_valid=0 target=0.000 pid=0.000 pid_base=0.000 buoyancy_pwm=0 mask_valid=1 mask=0 forward_active=0
[CTRL] depth_valid=1 depth=11.643 vz=-0.078 az=-0.074 target_valid=0 target=0.000 pid=0.000 pid_base=0.000 buoyancy_pwm=0 mask_valid=1 mask=0 forward_active=0
[CTRL] depth_valid=1 depth=11.631 vz=-0.092 az=-0.085 target_valid=0 target=0.000 pid=0.000 pid_base=0.000 buoyancy_pwm=0 mask_valid=1 mask=0 forward_active=0
[CTRL] depth_valid=1 depth=11.618 vz=-0.120 az=-0.122 target_valid=0 target=0.000 pid=0.000 pid_base=0.000 buoyancy_pwm=0 mask_valid=1 mask=0 forward_active=0
$T,116,-1,-1,11,63,222,1499,-886,-217,1202,0*4F
[CTRL] depth_valid=1 depth=11.660 vz=0.016 az=0.025 target_valid=0 target=0.000 pid=0.000 pid_base=0.000 buoyancy_pwm=0 mask_valid=1 mask=0 forward_active=0
[CTRL] depth_valid=1 depth=11.679 vz=-0.005 az=-0.039 target_valid=0 target=0.000 pid=0.000 pid_base=0.000 buoyancy_pwm=0 mask_valid=1 mask=0 forward_active=0
[CTRL] depth_valid=1 depth=11.657 vz=-0.060 az=-0.074 target_valid=0 target=0.000 pid=0.000 pid_base=0.000 buoyancy_pwm=0 mask_valid=1 mask=0 forward_active=0
[CTRL] depth_valid=1 depth=11.699 vz=0.015 az=-0.011 target_valid=0 target=0.000 pid=0.000 pid_base=0.000 buoyancy_pwm=0 mask_valid=1 mask=0 forward_active=0
$T,116,0,0,10,63,222,1505,-885,-223,1203,0*4F
[OK]hb
[CTRL] depth_valid=1 depth=11.649 vz=-0.126 az=-0.145 target_valid=0 target=0.000 pid=0.000 pid_base=0.000 buoyancy_pwm=0 mask_valid=1 mask=0 forward_active=0
[CTRL] depth_valid=1 depth=11.683 vz=0.005 az=0.016 target_valid=0 target=0.000 pid=0.000 pid_base=0.000 buoyancy_pwm=0 mask_valid=1 mask=0 forward_active=0
[CTRL] depth_valid=1 depth=11.642 vz=-0.068 az=-0.047 target_valid=0 target=0.000 pid=0.000 pid_base=0.000 buoyancy_pwm=0 mask_valid=1 mask=0 forward_active=0
[CTRL] depth_valid=1 depth=11.665 vz=0.011 az=0.026 target_valid=0 target=0.000 pid=0.000 pid_base=0.000 buoyancy_pwm=0 mask_valid=1 mask=0 forward_active=0
$T,116,0,0,10,63,222,1532,-885,-250,1201,0*4D
[CTRL] depth_valid=1 depth=11.647 vz=-0.074 az=-0.089 target_valid=0 target=0.000 pid=0.000 pid_base=0.000 buoyancy_pwm=0 mask_valid=1 mask=0 forward_active=0
[CTRL] depth_valid=1 depth=11.611 vz=-0.168 az=-0.182 target_valid=0 target=0.000 pid=0.000 pid_base=0.000 buoyancy_pwm=0 mask_valid=1 mask=0 forward_active=0
[CTRL] depth_valid=1 depth=11.654 vz=-0.066 az=-0.083 target_valid=0 target=0.000 pid=0.000 pid_base=0.000 buoyancy_pwm=0 mask_valid=1 mask=0 forward_active=0
[CTRL] depth_valid=1 depth=11.665 vz=-0.026 az=-0.031 target_valid=0 target=0.000 pid=0.000 pid_base=0.000 buoyancy_pwm=0 mask_valid=1 mask=0 forward_active=0
$T,116,0,0,10,63,222,1524,-885,-240,1201,0*4B
[CTRL] depth_valid=1 depth=11.674 vz=-0.014 az=-0.022 target_valid=0 target=0.000 pid=0.000 pid_base=0.000 buoyancy_pwm=0 mask_valid=1 mask=0 forward_active=0
[CTRL] depth_valid=1 depth=11.662 vz=-0.054 az=-0.064 target_valid=0 target=0.000 pid=0.000 pid_base=0.000 buoyancy_pwm=0 mask_valid=1 mask=0 forward_active=0
[OK]hb
[CTRL] depth_valid=1 depth=11.667 vz=-0.024 az=-0.021 target_valid=0 target=0.000 pid=0.000 pid_base=0.000 buoyancy_pwm=0 mask_valid=1 mask=0 forward_active=0
[CTRL] depth_valid=1 depth=11.625 vz=-0.129 az=-0.128 target_valid=0 target=0.000 pid=0.000 pid_base=0.000 buoyancy_pwm=0 mask_valid=1 mask=0 forward_active=0
$T,116,-1,-1,10,64,,1518,-885,-235,1201,0*73
[CTRL] depth_valid=1 depth=11.650 vz=-0.070 az=-0.079 target_valid=0 target=0.000 pid=0.000 pid_base=0.000 buoyancy_pwm=0 mask_valid=1 mask=0 forward_active=0
[CTRL] depth_valid=1 depth=11.656 vz=-0.036 az=-0.034 target_valid=0 target=0.000 pid=0.000 pid_base=0.000 buoyancy_pwm=0 mask_valid=1 mask=0 forward_active=0
[CTRL] depth_valid=1 depth=11.622 vz=-0.098 az=-0.086 target_valid=0 target=0.000 pid=0.000 pid_base=0.000 buoyancy_pwm=0 mask_valid=1 mask=0 forward_active=0
[CTRL] depth_valid=1 depth=11.659 vz=-0.024 az=-0.035 target_valid=0 target=0.000 pid=0.000 pid_base=0.000 buoyancy_pwm=0 mask_valid=1 mask=0 forward_active=0
$T,116,0,-1,10,64,,1511,-884,-227,1201,0*54
[CTRL] depth_valid=1 depth=11.662 vz=-0.028 az=-0.040 target_valid=0 target=0.000 pid=0.000 pid_base=0.000 buoyancy_pwm=0 mask_valid=1 mask=0 forward_active=0
[CTRL] depth_valid=1 depth=11.653 vz=-0.058 az=-0.070 target_valid=0 target=0.000 pid=0.000 pid_base=0.000 buoyancy_pwm=0 mask_valid=1 mask=0 forward_active=0
[CTRL] depth_valid=1 depth=11.648 vz=-0.085 az=-0.103 target_valid=0 target=0.000 pid=0.000 pid_base=0.000 buoyancy_pwm=0 mask_valid=1 mask=0 forward_active=0
[CTRL] depth_valid=1 depth=11.633 vz=-0.096 az=-0.094 target_valid=0 target=0.000 pid=0.000 pid_base=0.000 buoyancy_pwm=0 mask_valid=1 mask=0 forward_active=0
$T,116,0,0,10,64,,1517,-885,-232,1202,0*78
[OK]hb
[CTRL] depth_valid=1 depth=11.674 vz=-0.013 az=-0.028 target_valid=0 target=0.000 pid=0.000 pid_base=0.000 buoyancy_pwm=0 mask_valid=1 mask=0 forward_active=0
[CTRL] depth_valid=1 depth=11.642 vz=-0.099 az=-0.109 target_valid=0 target=0.000 pid=0.000 pid_base=0.000 buoyancy_pwm=0 mask_valid=1 mask=0 forward_active=0
[CTRL] depth_valid=1 depth=11.653 vz=-0.055 az=-0.055 target_valid=0 target=0.000 pid=0.000 pid_base=0.000 buoyancy_pwm=0 mask_valid=1 mask=0 forward_active=0
[CTRL] depth_valid=1 depth=11.638 vz=-0.087 az=-0.089 target_valid=0 target=0.000 pid=0.000 pid_base=0.000 buoyancy_pwm=0 mask_valid=1 mask=0 forward_active=0
$T,116,0,0,9,64,,1515,-884,-230,1202,0*41
[CTRL] depth_valid=1 depth=11.672 vz=0.000 az=-0.005 target_valid=0 target=0.000 pid=0.000 pid_base=0.000 buoyancy_pwm=0 mask_valid=1 mask=0 forward_active=0
[CTRL] depth_valid=1 depth=11.653 vz=-0.044 az=-0.042 target_valid=0 target=0.000 pid=0.000 pid_base=0.000 buoyancy_pwm=0 mask_valid=1 mask=0 forward_active=0
[CTRL] depth_valid=1 depth=11.647 vz=-0.070 az=-0.077 target_valid=0 target=0.000 pid=0.000 pid_base=0.000 buoyancy_pwm=0 mask_valid=1 mask=0 forward_active=0
[CTRL] depth_valid=1 depth=11.645 vz=-0.067 az=-0.072 target_valid=0 target=0.000 pid=0.000 pid_base=0.000 buoyancy_pwm=0 mask_valid=1 mask=0 forward_active=0
$T,116,0,0,9,64,,1515,-885,-230,1201,0*43
[CTRL] depth_valid=1 depth=11.653 vz=-0.058 az=-0.070 target_valid=0 target=0.000 pid=0.000 pid_base=0.000 buoyancy_pwm=0 mask_valid=1 mask=0 forward_active=0
[CTRL] depth_valid=1 depth=11.639 vz=-0.100 az=-0.110 target_valid=0 target=0.000 pid=0.000 pid_base=0.000 buoyancy_pwm=0 mask_valid=1 mask=0 forward_active=0
[OK]hb
[CTRL] depth_valid=1 depth=11.653 vz=-0.065 az=-0.076 target_valid=0 target=0.000 pid=0.000 pid_base=0.000 buoyancy_pwm=0 mask_valid=1 mask=0 forward_active=0
[CTRL] depth_valid=1 depth=11.640 vz=-0.065 az=-0.054 target_valid=0 target=0.000 pid=0.000 pid_base=0.000 buoyancy_pwm=0 mask_valid=1 mask=0 forward_active=0
$T,116,-1,0,10,65,,1532,-884,-246,1201,0*53
[CTRL] depth_valid=1 depth=11.613 vz=-0.102 az=-0.089 target_valid=0 target=0.000 pid=0.000 pid_base=0.000 buoyancy_pwm=0 mask_valid=1 mask=0 forward_active=0
[CTRL] depth_valid=1 depth=11.675 vz=0.040 az=0.034 target_valid=0 target=0.000 pid=0.000 pid_base=0.000 buoyancy_pwm=0 mask_valid=1 mask=0 forward_active=0
[CTRL] depth_valid=1 depth=11.646 vz=-0.063 az=-0.079 target_valid=0 target=0.000 pid=0.000 pid_base=0.000 buoyancy_pwm=0 mask_valid=1 mask=0 forward_active=0
[CTRL] depth_valid=1 depth=11.668 vz=-0.009 az=-0.016 target_valid=0 target=0.000 pid=0.000 pid_base=0.000 buoyancy_pwm=0 mask_valid=1 mask=0 forward_active=0
$T,116,0,0,9,65,,1527,-885,-240,1200,0*45
[CTRL] depth_valid=1 depth=11.679 vz=-0.017 az=-0.040 target_valid=0 target=0.000 pid=0.000 pid_base=0.000 buoyancy_pwm=0 mask_valid=1 mask=0 forward_active=0
[CTRL] depth_valid=1 depth=11.624 vz=-0.158 az=-0.171 target_valid=0 target=0.000 pid=0.000 pid_base=0.000 buoyancy_pwm=0 mask_valid=1 mask=0 forward_active=0
[CTRL] depth_valid=1 depth=11.630 vz=-0.111 az=-0.108 target_valid=0 target=0.000 pid=0.000 pid_base=0.000 buoyancy_pwm=0 mask_valid=1 mask=0 forward_active=0
[CTRL] depth_valid=1 depth=11.654 vz=-0.040 az=-0.038 target_valid=0 target=0.000 pid=0.000 pid_base=0.000 buoyancy_pwm=0 mask_valid=1 mask=0 forward_active=0
$T,116,0,0,9,65,,1530,-884,-243,1200,0*41
[OK]hb
[CTRL] depth_valid=1 depth=11.747 vz=0.152 az=0.127 target_valid=0 target=0.000 pid=0.000 pid_base=0.000 buoyancy_pwm=0 mask_valid=1 mask=0 forward_active=0
[CTRL] depth_valid=1 depth=11.640 vz=-0.190 az=-0.231 target_valid=0 target=0.000 pid=0.000 pid_base=0.000 buoyancy_pwm=0 mask_valid=1 mask=0 forward_active=0
[CTRL] depth_valid=1 depth=11.658 vz=-0.076 az=-0.066 target_valid=0 target=0.000 pid=0.000 pid_base=0.000 buoyancy_pwm=0 mask_valid=1 mask=0 forward_active=0
[CTRL] depth_valid=1 depth=11.631 vz=-0.094 az=-0.070 target_valid=0 target=0.000 pid=0.000 pid_base=0.000 buoyancy_pwm=0 mask_valid=1 mask=0 forward_active=0
$T,116,0,0,9,65,,1508,-884,-221,1200,0*4E
[CTRL] depth_valid=1 depth=11.674 vz=0.011 az=0.017 target_valid=0 target=0.000 pid=0.000 pid_base=0.000 buoyancy_pwm=0 mask_valid=1 mask=0 forward_active=0
[CTRL] depth_valid=1 depth=11.720 vz=0.144 az=0.156 target_valid=0 target=0.000 pid=0.000 pid_base=0.000 buoyancy_pwm=0 mask_valid=1 mask=0 forward_active=0
[CTRL] depth_valid=1 depth=10.880 vz=-2.011 az=-2.044 target_valid=0 target=0.000 pid=0.000 pid_base=0.000 buoyancy_pwm=0 mask_valid=1 mask=0 forward_active=0
[CTRL] depth_valid=1 depth=5.998 vz=-9.619 az=-7.351 target_valid=0 target=0.000 pid=0.000 pid_base=0.000 buoyancy_pwm=0 mask_valid=1 mask=0 forward_active=0
$T,51,-103,-75,9,66,,1767,-38,-1499,1200,0*4F
[CTRL] depth_valid=1 depth=1.412 vz=-10.350 az=-4.340 target_valid=0 target=0.000 pid=0.000 pid_base=0.000 buoyancy_pwm=0 mask_valid=1 mask=0 forward_active=0
[CTRL] depth_valid=1 depth=0.417 vz=-4.105 az=2.316 target_valid=0 target=0.000 pid=0.000 pid_base=0.000 buoyancy_pwm=0 mask_valid=1 mask=0 forward_active=0
[CTRL] depth_valid=1 depth=-0.126 vz=-0.732 az=4.111 target_valid=0 target=0.000 pid=0.000 pid_base=0.000 buoyancy_pwm=0 mask_valid=1 mask=0 forward_active=0
[OK]hb
[CTRL] depth_valid=1 depth=0.111 vz=1.337 az=4.016 target_valid=0 target=0.000 pid=0.000 pid_base=0.000 buoyancy_pwm=0 mask_valid=1 mask=0 forward_active=0
$T,1,13,40,,,72,-1322,377,-1606,1200,0*49
[CTRL] depth_valid=1 depth=0.169 vz=1.356 az=2.949 target_valid=0 target=0.000 pid=0.000 pid_base=0.000 buoyancy_pwm=0 mask_valid=1 mask=0 forward_active=0
[CTRL] depth_valid=1 depth=0.148 vz=0.978 az=1.645 target_valid=0 target=0.000 pid=0.000 pid_base=0.000 buoyancy_pwm=0 mask_valid=1 mask=0 forward_active=0
[CTRL] depth_valid=1 depth=0.103 vz=0.537 az=0.725 target_valid=0 target=0.000 pid=0.000 pid_base=0.000 buoyancy_pwm=0 mask_valid=1 mask=0 forward_active=0
[CTRL] depth_valid=1 depth=0.054 vz=0.212 az=0.213 target_valid=0 target=0.000 pid=0.000 pid_base=0.000 buoyancy_pwm=0 mask_valid=1 mask=0 forward_active=0
$T,0,2,2,,,,-1127,371,-1293,1202,0*40
[CTRL] depth_valid=1 depth=0.030 vz=0.072 az=0.033 target_valid=0 target=0.000 pid=0.000 pid_base=0.000 buoyancy_pwm=0 mask_valid=1 mask=0 forward_active=0
[CTRL] depth_valid=1 depth=0.006 vz=-0.017 az=-0.053 target_valid=0 target=0.000 pid=0.000 pid_base=0.000 buoyancy_pwm=0 mask_valid=1 mask=0 forward_active=0
[CTRL] depth_valid=1 depth=-0.002 vz=-0.033 az=-0.049 target_valid=0 target=0.000 pid=0.000 pid_base=0.000 buoyancy_pwm=0 mask_valid=1 mask=0 forward_active=0
[CTRL] depth_valid=1 depth=-0.003 vz=-0.023 az=-0.025 target_valid=0 target=0.000 pid=0.000 pid_base=0.000 buoyancy_pwm=0 mask_valid=1 mask=0 forward_active=0
$T,0,0,0,,,,-1031,201,-955,1201,0*73
[CTRL] depth_valid=1 depth=-0.003 vz=-0.012 az=-0.009 target_valid=0 target=0.000 pid=0.000 pid_base=0.000 buoyancy_pwm=0 mask_valid=1 mask=0 forward_active=0
[OK]hb
[CTRL] depth_valid=1 depth=-0.001 vz=-0.002 az=0.002 target_valid=0 target=0.000 pid=0.000 pid_base=0.000 buoyancy_pwm=0 mask_valid=1 mask=0 forward_active=0
[CTRL] depth_valid=1 depth=-0.000 vz=0.002 az=0.005 target_valid=0 target=0.000 pid=0.000 pid_base=0.000 buoyancy_pwm=0 mask_valid=1 mask=0 forward_active=0
[CTRL] depth_valid=1 depth=0.000 vz=0.002 az=0.004 target_valid=0 target=0.000 pid=0.000 pid_base=0.000 buoyancy_pwm=0 mask_valid=1 mask=0 forward_active=0
$T,0,0,0,,,,-1226,302,-1021,1201,0*4E
[CTRL] depth_valid=1 depth=0.000 vz=0.002 az=0.002 target_valid=0 target=0.000 pid=0.000 pid_base=0.000 buoyancy_pwm=0 mask_valid=1 mask=0 forward_active=0
[CTRL] depth_valid=1 depth=0.000 vz=0.001 az=0.001 target_valid=0 target=0.000 pid=0.000 pid_base=0.000 buoyancy_pwm=0 mask_valid=1 mask=0 forward_active=0
[CTRL] depth_valid=1 depth=0.000 vz=0.000 az=0.000 target_valid=0 target=0.000 pid=0.000 pid_base=0.000 buoyancy_pwm=0 mask_valid=1 mask=0 forward_active=0
[CTRL] depth_valid=1 depth=0.000 vz=-0.000 az=-0.000 target_valid=0 target=0.000 pid=0.000 pid_base=0.000 buoyancy_pwm=0 mask_valid=1 mask=0 forward_active=0
$T,0,0,0,,,,-1537,484,-1143,1204,0*40
[CTRL] depth_valid=1 depth=-0.000 vz=-0.000 az=-0.000 target_valid=0 target=0.000 pid=0.000 pid_base=0.000 buoyancy_pwm=0 mask_valid=1 mask=0 forward_active=0
[CTRL] depth_valid=1 depth=-0.000 vz=-0.000 az=-0.000 target_valid=0 target=0.000 pid=0.000 pid_base=0.000 buoyancy_pwm=0 mask_valid=1 mask=0 forward_active=0
[OK]hb
[CTRL] depth_valid=1 depth=-0.000 vz=-0.000 az=-0.000 target_valid=0 target=0.000 pid=0.000 pid_base=0.000 buoyancy_pwm=0 mask_valid=1 mask=0 forward_active=0
[CTRL] depth_valid=1 depth=-0.000 vz=-0.000 az=-0.000 target_valid=0 target=0.000 pid=0.000 pid_base=0.000 buoyancy_pwm=0 mask_valid=1 mask=0 forward_active=0
$T,0,0,0,,,,-1276,266,-990,1204,0*7F
[CTRL] depth_valid=1 depth=-0.000 vz=0.000 az=0.000 target_valid=0 target=0.000 pid=0.000 pid_base=0.000 buoyancy_pwm=0 mask_valid=1 mask=0 forward_active=0
[CTRL] depth_valid=1 depth=0.000 vz=0.000 az=0.000 target_valid=0 target=0.000 pid=0.000 pid_base=0.000 buoyancy_pwm=0 mask_valid=1 mask=0 forward_active=0
[CTRL] depth_valid=1 depth=0.000 vz=0.000 az=0.000 target_valid=0 target=0.000 pid=0.000 pid_base=0.000 buoyancy_pwm=0 mask_valid=1 mask=0 forward_active=0
[CTRL] depth_valid=1 depth=0.000 vz=0.000 az=0.000 target_valid=0 target=0.000 pid=0.000 pid_base=0.000 buoyancy_pwm=0 mask_valid=1 mask=0 forward_active=0
$T,0,0,0,,,,-1756,780,-1272,1201,0*46
[CTRL] depth_valid=1 depth=0.000 vz=0.000 az=-0.000 target_valid=0 target=0.000 pid=0.000 pid_base=0.000 buoyancy_pwm=0 mask_valid=1 mask=0 forward_active=0
[CTRL] depth_valid=1 depth=0.000 vz=-0.000 az=-0.000 target_valid=0 target=0.000 pid=0.000 pid_base=0.000 buoyancy_pwm=0 mask_valid=1 mask=0 forward_active=0
[CTRL] depth_valid=1 depth=1.894 vz=4.138 az=3.805 target_valid=0 target=0.000 pid=0.000 pid_base=0.000 buoyancy_pwm=0 mask_valid=1 mask=0 forward_active=0
[CTRL] depth_valid=1 depth=7.872 vz=11.533 az=7.901 target_valid=0 target=0.000 pid=0.000 pid_base=0.000 buoyancy_pwm=0 mask_valid=1 mask=0 forward_active=0
$T,87,119,76,,,,1398,-404,-874,1201,0*75
[OK]hb
[CTRL] depth_valid=1 depth=11.058 vz=8.031 az=1.260 target_valid=0 target=0.000 pid=0.000 pid_base=0.000 buoyancy_pwm=0 mask_valid=1 mask=0 forward_active=0
[CTRL] depth_valid=1 depth=10.690 vz=0.400 az=-5.388 target_valid=0 target=0.000 pid=0.000 pid_base=0.000 buoyancy_pwm=0 mask_valid=1 mask=0 forward_active=0
[CTRL] depth_valid=1 depth=10.985 vz=-1.054 az=-4.518 target_valid=0 target=0.000 pid=0.000 pid_base=0.000 buoyancy_pwm=0 mask_valid=1 mask=0 forward_active=0
[CTRL] depth_valid=1 depth=9.960 vz=-2.964 az=-4.063 target_valid=0 target=0.000 pid=0.000 pid_base=0.000 buoyancy_pwm=0 mask_valid=1 mask=0 forward_active=0
$T,99,-25,-33,229,27,62,1080,-827,-571,1201,0*72
[CTRL] depth_valid=1 depth=10.758 vz=0.316 az=0.393 target_valid=0 target=0.000 pid=0.000 pid_base=0.000 buoyancy_pwm=0 mask_valid=1 mask=0 forward_active=0
[CTRL] depth_valid=1 depth=11.258 vz=0.859 az=0.543 target_valid=0 target=0.000 pid=0.000 pid_base=0.000 buoyancy_pwm=0 mask_valid=1 mask=0 forward_active=0
[CTRL] depth_valid=1 depth=11.066 vz=-0.262 az=-0.682 target_valid=0 target=0.000 pid=0.000 pid_base=0.000 buoyancy_pwm=0 mask_valid=1 mask=0 forward_active=0
[CTRL] depth_valid=1 depth=10.420 vz=-1.387 az=-1.316 target_valid=0 target=0.000 pid=0.000 pid_base=0.000 buoyancy_pwm=0 mask_valid=1 mask=0 forward_active=0
$T,103,-14,-12,231,30,69,1275,-835,-745,1203,0*49
[CTRL] depth_valid=1 depth=10.353 vz=-0.520 az=-0.028 target_valid=0 target=0.000 pid=0.000 pid_base=0.000 buoyancy_pwm=0 mask_valid=1 mask=0 forward_active=0
[CTRL] depth_valid=1 depth=10.774 vz=0.696 az=0.951 target_valid=0 target=0.000 pid=0.000 pid_base=0.000 buoyancy_pwm=0 mask_valid=1 mask=0 forward_active=0
[CTRL] depth_valid=1 depth=11.230 vz=1.044 az=0.769 target_valid=0 target=0.000 pid=0.000 pid_base=0.000 buoyancy_pwm=0 mask_valid=1 mask=0 forward_active=0
[OK]hb
[CTRL] depth_valid=1 depth=11.145 vz=0.015 az=-0.465 target_valid=0 target=0.000 pid=0.000 pid_base=0.000 buoyancy_pwm=0 mask_valid=1 mask=0 forward_active=0
$T,110,-2,-6,233,32,67,1116,-818,-589,1205,0*4A
[CTRL] depth_valid=1 depth=10.783 vz=-0.825 az=-0.986 target_valid=0 target=0.000 pid=0.000 pid_base=0.000 buoyancy_pwm=0 mask_valid=1 mask=0 forward_active=0
[CTRL] depth_valid=1 depth=10.430 vz=-0.972 az=-0.698 target_valid=0 target=0.000 pid=0.000 pid_base=0.000 buoyancy_pwm=0 mask_valid=1 mask=0 forward_active=0
[CTRL] depth_valid=1 depth=10.636 vz=0.166 az=0.548 target_valid=0 target=0.000 pid=0.000 pid_base=0.000 buoyancy_pwm=0 mask_valid=1 mask=0 forward_active=0
[CTRL] depth_valid=1 depth=11.018 vz=0.853 az=0.877 target_valid=0 target=0.000 pid=0.000 pid_base=0.000 buoyancy_pwm=0 mask_valid=1 mask=0 forward_active=0
$T,110,7,6,234,34,65,1105,-814,-579,1200,0*48
[CTRL] depth_valid=1 depth=11.127 vz=0.422 az=0.106 target_valid=0 target=0.000 pid=0.000 pid_base=0.000 buoyancy_pwm=0 mask_valid=1 mask=0 forward_active=0
[CTRL] depth_valid=1 depth=11.051 vz=-0.195 az=-0.524 target_valid=0 target=0.000 pid=0.000 pid_base=0.000 buoyancy_pwm=0ask_valid=1 mask=0 forward_active=0
[CTRL] depth_valid=1 depth=10.712 vz=-0.790 az=-0.805 target_valid=0 target=0.000 pid=0.000 pid_base=0.000 buoyancy_pwm=0 mask_valid=1 mask=0 forward_active=0
[CTRL] depth_valid=1 depth=10.639 vz=-0.443 az=-0.213 target_valid=0 target=0.000 pid=0.000 pid_base=0.000 buoyancy_pwm=0 mask_valid=1 mask=0 forward_active=0
$T,106,-3,-1,236,36,63,1265,-824,-737,1201,0*45
[CTRL] depth_valid=1 depth=10.773 vz=0.151 az=0.352 target_valid=0 target=0.000 pid=0.000 pid_base=0.000 buoyancy_pwm=0 mask_valid=1 mask=0 forward_active=0
[OK]hb
[CTRL] depth_valid=1 depth=11.051 vz=0.536 az=0.462 target_valid=0 target=0.000 pid=0.000 pid_base=0.000 buoyancy_pwm=0 mask_valid=1 mask=0 forward_active=0
[CTRL] depth_valid=1 depth=11.082 vz=0.090 az=-0.185 target_valid=0 target=0.000 pid=0.000 pid_base=0.000 buoyancy_pwm=0 mask_valid=1 mask=0 forward_active=0
[CTRL] depth_valid=1 depth=10.926 vz=-0.379 az=-0.526 target_valid=0 target=0.000 pid=0.000 pid_base=0.000 buoyancy_pwm=0 mask_valid=1 mask=0 forward_active=0
$T,108,-4,-5,236,37,62,1174,-834,-648,1201,0*43
[CTRL] depth_valid=1 depth=10.710 vz=-0.614 az=-0.534 target_valid=0 target=0.000 pid=0.000 pid_base=0.000 buoyancy_pwm=0 mask_valid=1 mask=0 forward_active=0
[CTRL] depth_valid=1 depth=10.683 vz=-0.244 az=-0.014 target_valid=0 target=0.000 pid=0.000 pid_base=0.000 buoyancy_pwm=0 mask_valid=1 mask=0 forward_active=0
[CTRL] depth_valid=1 depth=10.878 vz=0.296 az=0.403 target_valid=0 target=0.000 pid=0.000 pid_base=0.000 buoyancy_pwm=0 mask_valid=1 mask=0 forward_active=0
[CTRL] depth_valid=1 depth=11.055 vz=0.385 az=0.260 target_valid=0 target=0.000 pid=0.000 pid_base=0.000 buoyancy_pwm=0 mask_valid=1 mask=0 forward_active=0
$T,110,3,2,237,39,60,1160,-817,-635,1206,0*4E
[CTRL] depth_valid=1 depth=11.115 vz=0.125 az=-0.119 target_valid=0 target=0.000 pid=0.000 pid_base=0.000 buoyancy_pwm=0 mask_valid=1 mask=0 forward_active=0
[CTRL] depth_valid=1 depth=10.852 vz=-0.543 az=-0.642 target_valid=0 target=0.000 pid=0.000 pid_base=0.000 buoyancy_pwm=0 mask_valid=1 mask=0 forward_active=0
[OK]hb
[CTRL] depth_valid=1 depth=10.674 vz=-0.535 az=-0.369 target_valid=0 target=0.000 pid=0.000 pid_base=0.000 buoyancy_pwm=0 mask_valid=1 mask=0 forward_active=0
[CTRL] depth_valid=1 depth=10.734 vz=-0.045 az=0.174 target_valid=0 target=0.000 pid=0.000 pid_base=0.000 buoyancy_pwm=0 mask_valid=1 mask=0 forward_active=0
$T,107,1,3,238,40,59,1223,-820,-700,1201,0*40
[CTRL] depth_valid=1 depth=10.990 vz=0.498 az=0.537 target_valid=0 target=0.000 pid=0.000 pid_base=0.000 buoyancy_pwm=0 mask_valid=1 mask=0 forward_active=0
[CTRL] depth_valid=1 depth=11.081 vz=0.230 az=0.015 target_valid=0 target=0.000 pid=0.000 pid_base=0.000 buoyancy_pwm=0 mask_valid=1 mask=0 forward_active=0
[CTRL] depth_valid=1 depth=11.003 vz=-0.172 az=-0.357 target_valid=0 target=0.000 pid=0.000 pid_base=0.000 buoyancy_pwm=0 mask_valid=1 mask=0 forward_active=0
[CTRL] depth_valid=1 depth=10.778 vz=-0.523 az=-0.499 target_valid=0 target=0.000 pid=0.000 pid_base=0.000 buoyancy_pwm=0 mask_valid=1 mask=0 forward_active=0
$T,107,-6,-5,238,41,58,1186,-836,-662,1201,0*4F
[CTRL] depth_valid=1 depth=10.757 vz=-0.163 az=0.030 target_valid=0 target=0.000 pid=0.000 pid_base=0.000 buoyancy_pwm=0 mask_valid=1 mask=0 forward_active=0
[CTRL] depth_valid=1 depth=10.952 vz=0.342 az=0.422 target_valid=0 target=0.000 pid=0.000 pid_base=0.000 buoyancy_pwm=0 mask_valid=1 mask=0 forward_active=0
[CTRL] depth_valid=1 depth=11.074 vz=0.267 az=0.119 target_valid=0 target=0.000 pid=0.000 pid_base=0.000 buoyancy_pwm=0 mask_valid=1 mask=0 forward_active=0
[CTRL] depth_valid=1 depth=11.064 vz=-0.050 az=-0.248 target_valid=0 target=0.000 pid=0.000 pid_base=0.000 buoyancy_pwm=0 mask_valid=1 mask=0 forward_active=0
$T,110,-1,-3,239,42,57,1149,-827,-625,1204,0*40
[OK]hb
[CTRL] depth_valid=1 depth=10.912 vz=-0.340 az=-0.376 target_valid=0 target=0.000 pid=0.000 pid_base=0.000 buoyancy_pwm=0 mask_valid=1 mask=0 forward_active=0
[CTRL] depth_valid=1 depth=10.815 vz=-0.304 az=-0.191 target_valid=0 target=0.000 pid=0.000 pid_base=0.000 buoyancy_pwm=0 mask_valid=1 mask=0 forward_active=0
[CTRL] depth_valid=1 depth=10.817 vz=-0.076 az=0.068 target_valid=0 target=0.000 pid=0.000 pid_base=0.000 buoyancy_pwm=0 mask_valid=1 mask=0 forward_active=0
[CTRL] depth_valid=1 depth=10.953 vz=0.224 az=0.257 target_valid=0 target=0.000 pid=0.000 pid_base=0.000 buoyancy_pwm=0 mask_valid=1 mask=0 forward_active=0
$T,109,2,2,241,43,56,1211,-819,-687,1204,0*4E
[CTRL] depth_valid=1 depth=11.026 vz=0.193 az=0.107 target_valid=0 target=0.000 pid=0.000 pid_base=0.000 buoyancy_pwm=0 mask_valid=1 mask=0 forward_active=0
[CTRL] depth_valid=1 depth=11.010 vz=-0.004 az=-0.110 target_valid=0 target=0.000 pid=0.000 pid_base=0.000 buoyancy_pwm=0 mask_valid=1 mask=0 forward_active=0
[CTRL] depth_valid=1 depth=10.906 vz=-0.300 az=-0.362 target_valid=0 target=0.000 pid=0.000 pid_base=0.000 buoyancy_pwm=0 mask_valid=1 mask=0 forward_active=0
[CTRL] depth_valid=1 depth=10.856 vz=-0.198 az=-0.122 target_valid=0 target=0.000 pid=0.000 pid_base=0.000 buoyancy_pwm=0 mask_valid=1 mask=0 forward_active=0
$T,108,-1,0,242,44,55,1195,-828,-669,1200,0*6D
[CTRL] depth_valid=1 depth=10.935 vz=0.027 az=0.059 target_valid=0 target=0.000 pid=0.000 pid_base=0.000 buoyancy_pwm=0 mask_valid=1 mask=0 forward_active=0
[CTRL] depth_valid=1 depth=10.931 vz=-0.009 az=-0.009 target_valid=0 target=0.000 pid=0.000 pid_base=0.000 buoyancy_pwm=0 mask_valid=1 mask=0 forward_active=0
[CTRL] depth_valid=1 depth=11.067 vz=0.217 az=0.157 target_valid=0 target=0.000 pid=0.000 pid_base=0.000 buoyancy_pwm=0 mask_valid=1 mask=0 forward_active=0
[OK]hb
[CTRL] depth_valid=1 depth=10.933 vz=-0.215 az=-0.280 target_valid=0 target=0.000 pid=0.000 pid_base=0.000 buoyancy_pwm=0 mask_valid=1 mask=0 forward_active=0
$T,109,-1,-2,243,45,55,1167,-828,-639,1200,0*4B
[CTRL] depth_valid=1 depth=10.910 vz=-0.178 az=-0.165 target_valid=0 target=0.000 pid=0.000 pid_base=0.000 buoyancy_pwm=0 mask_valid=1 mask=0 forward_active=0
[CTRL] depth_valid=1 depth=10.860 vz=-0.180 az=-0.118 target_valid=0 target=0.000 pid=0.000 pid_base=0.000 buoyancy_pwm=0 mask_valid=1 mask=0 forward_active=0
[CTRL] depth_valid=1 depth=10.941 vz=0.062 az=0.098 target_valid=0 target=0.000 pid=0.000 pid_base=0.000 buoyancy_pwm=0 mask_valid=1 mask=0 forward_active=0
[CTRL] depth_valid=1 depth=11.001 vz=0.062 az=-0.000 target_valid=0 target=0.000 pid=0.000 pid_base=0.000 buoyancy_pwm=0 mask_valid=1 mask=0 forward_active=0
$T,110,0,0,244,45,54,1165,-820,-638,1201,0*4C
[CTRL] depth_valid=1 depth=11.044 vz=0.068 az=-0.006 target_valid=0 target=0.000 pid=0.000 pid_base=0.000 buoyancy_pwm=0 mask_valid=1 mask=0 forward_active=0
[CTRL] depth_valid=1 depth=10.917 vz=-0.294 az=-0.346 target_valid=0 target=0.000 pid=0.000 pid_base=0.000 buoyancy_pwm=0 mask_valid=1 mask=0 forward_active=0
[CTRL] depth_valid=1 depth=10.860 vz=-0.187 az=-0.093 target_valid=0 target=0.000 pid=0.000 pid_base=0.000 buoyancy_pwm=0 mask_valid=1 mask=0 forward_active=0
[CTRL] depth_valid=1 depth=10.865 vz=-0.042 az=0.055 target_valid=0 target=0.000 pid=0.000 pid_base=0.000 buoyancy_pwm=0 mask_valid=1 mask=0 forward_active=0
$T,108,0,0,244,46,53,1172,-823,-646,1201,0*4D
[CTRL] depth_valid=1 depth=11.038 vz=0.304 az=0.297 target_valid=0 target=0.000 pid=0.000 pid_base=0.000 buoyancy_pwm=0 mask_valid=1 mask=0 forward_active=0
[OK]hb
[CTRL] depth_valid=1 depth=11.013 vz=-0.010 az=-0.127 target_valid=0 target=0.000 pid=0.000 pid_base=0.000 buoyancy_pwm=0 mask_valid=1 mask=0 forward_active=0
[CTRL] depth_valid=1 depth=10.981 vz=-0.174 az=-0.264 target_valid=0 target=0.000 pid=0.000 pid_base=0.000 buoyancy_pwm=0 mask_valid=1 mask=0 forward_active=0
[CTRL] depth_valid=1 depth=10.922 vz=-0.214 az=-0.204 target_valid=0 target=0.000 pid=0.000 pid_base=0.000 buoyancy_pwm=0 mask_valid=1 mask=0 forward_active=0
$T,108,-2,-2,245,46,53,1208,-830,-682,1201,0*48
[CTRL] depth_valid=1 depth=10.872 vz=-0.161 az=-0.077 target_valid=0 target=0.000 pid=0.000 pid_base=0.000 buoyancy_pwm=0 mask_valid=1 mask=0 forward_active=0
[CTRL] depth_valid=1 depth=11.000 vz=0.182 az=0.220 target_valid=0 target=0.000 pid=0.000 pid_base=0.000 buoyancy_pwm=0 mask_valid=1 mask=0 forward_active=0
[CTRL] depth_valid=1 depth=11.086 vz=0.199 az=0.123 target_valid=0 target=0.000 pid=0.000 pid_base=0.000 buoyancy_pwm=0 mask_valid=1 mask=0 forward_active=0
[CTRL] depth_valid=1 depth=10.980 vz=-0.182 az=-0.266 target_valid=0 target=0.000 pid=0.000 pid_base=0.000 buoyancy_pwm=0 mask_valid=1 mask=0 forward_active=0
$T,109,-1,-2,245,47,52,1177,-829,-653,1201,0*45
[CTRL] depth_valid=1 depth=10.933 vz=-0.192 az=-0.179 target_valid=0 target=0.000 pid=0.000 pid_base=0.000 buoyancy_pwm=0 mask_valid=1 mask=0 forward_active=0
[CTRL] depth_valid=1 depth=10.986 vz=-0.057 az=-0.065 target_valid=0 target=0.000 pid=0.000 pid_base=0.000 buoyancy_pwm=0 mask_valid=1 mask=0 forward_active=0
[CTRL] depth_valid=1 depth=7.517 vz=-6.977 az=-6.074 target_valid=0 target=0.000 pid=0.000 pid_base=0.000 buoyancy_pwm=0 mask_valid=1 mask=0 forward_active=0
[OK]hb
[CTRL] depth_valid=1 depth=6.853 vz=-2.277 az=1.024 target_valid=0 target=0.000 pid=0.000 pid_base=0.000 buoyancy_pwm=0 mask_valid=1 mask=0 forward_active=0
$T,72,-7,25,245,46,52,-1714,-560,-1717,1201,0*79
[CTRL] depth_valid=1 depth=8.263 vz=2.282 az=4.043 target_valid=0 target=0.000 pid=0.000 pid_base=0.000 buoyancy_pwm=0 mask_valid=1 mask=0 forward_active=0
[CTRL] depth_valid=1 depth=2.520 vz=-12.173 az=-11.449 target_valid=0 target=0.000 pid=0.000 pid_base=0.000 buoyancy_pwm=0 mask_valid=1 mask=0 forward_active=0
[CTRL] depth_valid=1 depth=-1.364 vz=-9.176 az=-2.929 target_valid=0 target=0.000 pid=0.000 pid_base=0.000 buoyancy_pwm=0 mask_valid=1 mask=0 forward_active=0
[CTRL] depth_valid=1 depth=-0.303 vz=0.564 az=6.284 target_valid=0 target=0.000 pid=0.000 pid_base=0.000 buoyancy_pwm=0 mask_valid=1 mask=0 forward_active=0
$T,-1,13,65,,,,-900,3,881,1201,0*41
[CTRL] depth_valid=1 depth=0.215 vz=2.479 az=5.400 target_valid=0 target=0.000 pid=0.000 pid_base=0.000 buoyancy_pwm=0 mask_valid=1 mask=0 forward_active=0
[CTRL] depth_valid=1 depth=0.302 vz=2.170 az=3.688 target_valid=0 target=0.000 pid=0.000 pid_base=0.000 buoyancy_pwm=0 mask_valid=1 mask=0 forward_active=0
[CTRL] depth_valid=1 depth=0.226 vz=1.298 az=1.756 target_valid=0 target=0.000 pid=0.000 pid_base=0.000 buoyancy_pwm=0 mask_valid=1 mask=0 forward_active=0
[CTRL] depth_valid=1 depth=0.133 vz=0.569 az=0.571 target_valid=0 target=0.000 pid=0.000 pid_base=0.000 buoyancy_pwm=0 mask_valid=1 mask=0 forward_active=0
$T,1,5,5,,,,-905,-17,922,1201,0*78
[CTRL] depth_valid=1 depth=0.078 vz=0.215 az=0.106 target_valid=0 target=0.000 pid=0.000 pid_base=0.000 buoyancy_pwm=0 mask_valid=1 mask=0 forward_active=0
[OK]hb
[CTRL] depth_valid=1 depth=0.011 vz=-0.047 az=-0.141 target_valid=0 target=0.000 pid=0.000 pid_base=0.000 buoyancy_pwm=0 mask_valid=1 mask=0 forward_active=0
[CTRL] depth_valid=1 depth=-0.006 vz=-0.078 az=-0.121 target_valid=0 target=0.000 pid=0.000 pid_base=0.000 buoyancy_pwm=0 mask_valid=1 mask=0 forward_active=0
[CTRL] depth_valid=1 depth=-0.008 vz=-0.052 az=-0.061 target_valid=0 target=0.000 pid=0.000 pid_base=0.000 buoyancy_pwm=0 mask_valid=1 mask=0 forward_active=0
$T,0,0,0,,,,-843,-74,962,1201,0*7B
[CTRL] depth_valid=1 depth=-0.007 vz=-0.029 az=-0.024 target_valid=0 target=0.000 pid=0.000 pid_base=0.000 buoyancy_pwm=0 mask_valid=1 mask=0 forward_active=0
[CTRL] depth_valid=1 depth=-0.003 vz=-0.006 az=0.003 target_valid=0 target=0.000 pid=0.000 pid_base=0.000 buoyancy_pwm=0 mask_valid=1 mask=0 forward_active=0
[CTRL] depth_valid=1 depth=-0.000 vz=0.003 az=0.010 target_valid=0 target=0.000 pid=0.000 pid_base=0.000 buoyancy_pwm=0 mask_valid=1 mask=0 forward_active=0
[CTRL] depth_valid=1 depth=0.000 vz=0.005 az=0.008 target_valid=0 target=0.000 pid=0.000 pid_base=0.000 buoyancy_pwm=0 mask_valid=1 mask=0 forward_active=0
$T,0,0,0,,,,-698,-194,956,1201,0*4B
[CTRL] depth_valid=1 depth=0.001 vz=0.003 az=0.004 target_valid=0 target=0.000 pid=0.000 pid_base=0.000 buoyancy_pwm=0 mask_valid=1 mask=0 forward_active=0
[CTRL] depth_valid=1 depth=0.000 vz=0.001 az=0.001 target_valid=0 target=0.000 pid=0.000 pid_base=0.000 buoyancy_pwm=0 mask_valid=1 mask=0 forward_active=0
[CTRL] depth_valid=1 depth=0.000 vz=-0.000 az=-0.000 target_valid=0 target=0.000 pid=0.000 pid_base=0.000 buoyancy_pwm=0 mask_valid=1 mask=0 forward_active=0
[OK]hb
[CTRL] depth_valid=1 depth=-0.000 vz=-0.000 az=-0.000 target_valid=0 target=0.000 pid=0.000 pid_base=0.000 buoyancy_pwm=0 mask_valid=1 mask=0 forward_active=0
$T,0,0,0,,,,752,-187,-328,1201,0*4D
[CTRL] depth_valid=1 depth=-0.000 vz=-0.000 az=-0.000 target_valid=0 target=0.000 pid=0.000 pid_base=0.000 buoyancy_pwm=0 mask_valid=1 mask=0 forward_active=0
[CTRL] depth_valid=1 depth=-0.000 vz=-0.000 az=-0.000 target_valid=0 target=0.000 pid=0.000 pid_base=0.000 buoyancy_pwm=0 mask_valid=1 mask=0 forward_active=0
[CTRL] depth_valid=1 depth=-0.000 vz=0.000 az=0.000 target_valid=0 target=0.000 pid=0.000 pid_base=0.000 buoyancy_pwm=0 mask_valid=1 mask=0 forward_active=0
[CTRL] depth_valid=1 depth=0.000 vz=0.000 az=0.000 target_valid=0 target=0.000 pid=0.000 pid_base=0.000 buoyancy_pwm=0 mask_valid=1 mask=0 forward_active=0
$T,0,0,0,,,,-330,-291,196,1201,0*4E
[CTRL] depth_valid=1 depth=0.000 vz=0.000 az=0.000 target_valid=0 target=0.000 pid=0.000 pid_base=0.000 buoyancy_pwm=0 mask_valid=1 mask=0 forward_active=0
[CTRL] depth_valid=1 depth=0.000 vz=0.000 az=-0.000 target_valid=0 target=0.000 pid=0.000 pid_base=0.000 buoyancy_pwm=0 mask_valid=1 mask=0 forward_active=0
[CTRL] depth_valid=1 depth=-0.000 vz=-0.000 az=-0.000 target_valid=0 target=0.000 pid=0.000 pid_base=0.000 buoyancy_pwm=0 mask_valid=1 mask=0 forward_active=0
[CTRL] depth_valid=1 depth=-0.000 vz=-0.000 az=-0.000 target_valid=0 target=0.000 pid=0.000 pid_base=0.000 buoyancy_pwm=0 mask_valid=1 mask=0 forward_active=0
$T,0,0,0,,,,488,267,-169,1201,0*6E
[CTRL] depth_valid=1 depth=-0.000 vz=-0.000 az=-0.000 target_valid=0 target=0.000 pid=0.000 pid_base=0.000 buoyancy_pwm=0 mask_valid=1 mask=0 forward_active=0
[OK]hb
[CTRL] depth_valid=1 depth=0.000 vz=0.000 az=0.000 target_valid=0 target=0.000 pid=0.000 pid_base=0.000 buoyancy_pwm=0 mask_valid=1 mask=0 forward_active=0
[CTRL] depth_valid=1 depth=0.000 vz=0.000 az=0.000 target_valid=0 target=0.000 pid=0.000 pid_base=0.000 buoyancy_pwm=0 mask_valid=1 mask=0 forward_active=0
[CTRL] depth_valid=1 depth=0.000 vz=0.000 az=0.000 target_valid=0 target=0.000 pid=0.000 pid_base=0.000 buoyancy_pwm=0 mask_valid=1 mask=0 forward_active=0
$T,0,0,0,,,,712,113,-383,1204,0*6D
[CTRL] depth_valid=1 depth=0.000 vz=0.000 az=-0.000 target_valid=0 target=0.000 pid=0.000 pid_base=0.000 buoyancy_pwm=0 mask_valid=1 mask=0 forward_active=0
[CTRL] depth_valid=1 depth=-0.000 vz=-0.000 az=-0.000 target_valid=0 target=0.000 pid=0.000 pid_base=0.000 buoyancy_pwm=0 mask_valid=1 mask=0 forward_active=0
[CTRL] depth_valid=1 depth=-0.000 vz=-0.000 az=-0.000 target_valid=0 target=0.000 pid=0.000 pid_base=0.000 buoyancy_pwm=0 mask_valid=1 mask=0 forward_active=0
[CTRL] depth_valid=1 depth=-0.000 vz=-0.000 az=-0.000 target_valid=0 target=0.000 pid=0.000 pid_base=0.000 buoyancy_pwm=0 mask_valid=1 mask=0 forward_active=0
$T,0,0,0,,,,640,766,-94,1204,0*5A
[CTRL] depth_valid=1 depth=-0.000 vz=0.000 az=0.000 target_valid=0 target=0.000 pid=0.000 pid_base=0.000 buoyancy_pwm=0 mask_valid=1 mask=0 forward_active=0
[CTRL] depth_valid=1 depth=0.000 vz=0.000 az=0.000 target_valid=0 target=0.000 pid=0.000 pid_base=0.000 buoyancy_pwm=0 mask_valid=1 mask=0 forward_active=0
[CTRL] depth_valid=1 depth=0.000 vz=0.000 az=0.000 target_valid=0 target=0.000 pid=0.000 pid_base=0.000 buoyancy_pwm=0 mask_valid=1 mask=0 forward_active=0
[OK]hb
[CTRL] depth_valid=1 depth=0.000 vz=0.000 az=0.000 target_valid=0 target=0.000 pid=0.000 pid_base=0.000 buoyancy_pwm=0 mask_valid=1 mask=0 forward_active=0
$T,0,0,0,,,,1633,533,1189,1201,0*49
[CTRL] depth_valid=1 depth=0.000 vz=0.000 az=0.000 target_valid=0 target=0.000 pid=0.000 pid_base=0.000 buoyancy_pwm=0 mask_valid=1 mask=0 forward_active=0
[CTRL] depth_valid=1 depth=0.000 vz=-0.000 az=-0.000 target_valid=0 target=0.000 pid=0.000 pid_base=0.000 buoyancy_pwm=0 mask_valid=1 mask=0 forward_active=0
[CTRL] depth_valid=1 depth=-0.000 vz=-0.000 az=-0.000 target_valid=0 target=0.000 pid=0.000 pid_base=0.000 buoyancy_pwm=0 mask_valid=1 mask=0 forward_active=0
[CTRL] depth_valid=1 depth=-0.000 vz=-0.000 az=-0.000 target_valid=0 target=0.000 pid=0.000 pid_base=0.000 buoyancy_pwm=0 mask_valid=1 mask=0 forward_active=0
$T,0,0,0,,,,1628,526,1187,1201,0*49
[CTRL] depth_valid=1 depth=0.005 vz=0.011 az=0.010 target_valid=0 target=0.000 pid=0.000 pid_base=0.000 buoyancy_pwm=0 mask_valid=1 mask=0 forward_active=0
[CTRL] depth_valid=1 depth=0.001 vz=-0.002 az=-0.003 target_valid=0 target=0.000 pid=0.000 pid_base=0.000 buoyancy_pwm=0 mask_valid=1 mask=0 forward_active=0
[CTRL] depth_valid=1 depth=-0.000 vz=-0.004 az=-0.004 target_valid=0 target=0.000 pid=0.000 pid_base=0.000 buoyancy_pwm=0 mask_valid=1 mask=0 forward_active=0
[CTRL] depth_valid=1 depth=0.004 vz=0.008 az=0.008 target_valid=0 target=0.000 pid=0.000 pid_base=0.000 buoyancy_pwm=0 mask_valid=1 mask=0 forward_active=0
$T,0,0,0,,,,1627,525,1187,1203,0*47
[CTRL] depth_valid=1 depth=0.001 vz=-0.002 az=-0.003 target_valid=0 target=0.000 pid=0.000 pid_base=0.000 buoyancy_pwm=0 mask_valid=1 mask=0 forward_active=0
[OK]hb
[CTRL] depth_valid=1 depth=-0.000 vz=-0.003 az=-0.003 target_valid=0 target=0.000 pid=0.000 pid_base=0.000 buoyancy_pwm=0 mask_valid=1 mask=0 forward_active=0
[CTRL] depth_valid=1 depth=-0.000 vz=-0.002 az=-0.000 target_valid=0 target=0.000 pid=0.000 pid_base=0.000 buoyancy_pwm=0 mask_valid=1 mask=0 forward_active=0
[CTRL] depth_valid=1 depth=-0.000 vz=-0.000 az=0.001 target_valid=0 target=0.000 pid=0.000 pid_base=0.000 buoyancy_pwm=0 mask_valid=1 mask=0 forward_active=0
$T,0,0,0,,,,1628,525,1187,1200,0*4B
[CTRL] depth_valid=1 depth=0.002 vz=0.004 az=0.003 target_valid=0 target=0.000 pid=0.000 pid_base=0.000 buoyancy_pwm=0 mask_valid=1 mask=0 forward_active=0
[CTRL] depth_valid=1 depth=0.000 vz=-0.002 az=-0.003 target_valid=0 target=0.000 pid=0.000 pid_base=0.000 buoyancy_pwm=0 mask_valid=1 mask=0 forward_active=0
[CTRL] depth_valid=1 depth=-0.000 vz=-0.003 az=-0.002 target_valid=0 target=0.000 pid=0.000 pid_base=0.000 buoyancy_pwm=0 mask_valid=1 mask=0 forward_active=0
[CTRL] depth_valid=1 depth=-0.000 vz=-0.001 az=-0.001 target_valid=0 target=0.000 pid=0.000 pid_base=0.000 buoyancy_pwm=0 mask_valid=1 mask=0 forward_active=0
$T,0,0,0,,,,1628,525,1187,1203,0*48
[CTRL] depth_valid=1 depth=-0.000 vz=-0.000 az=0.000 target_valid=0 target=0.000 pid=0.000 pid_base=0.000 buoyancy_pwm=0 mask_valid=1 mask=0 forward_active=0
[CTRL] depth_valid=1 depth=-0.000 vz=0.000 az=0.001 target_valid=0 target=0.000 pid=0.000 pid_base=0.000 buoyancy_pwm=0 mask_valid=1 mask=0 forward_active=0
[CTRL] depth_valid=1 depth=0.007 vz=0.011 az=0.006 target_valid=0 target=0.000 pid=0.000 pid_base=0.000 buoyancy_pwm=0 mask_valid=1 mask=0 forward_active=0
[OK]hb
[CTRL] depth_valid=1 depth=0.001 vz=-0.008 az=-0.011 target_valid=0 target=0.000 pid=0.000 pid_base=0.000 buoyancy_pwm=0 mask_valid=1 mask=0 forward_active=0
$T,0,0,0,,,,1628,525,1187,1203,0*48
[CTRL] depth_valid=1 depth=-0.001 vz=-0.008 az=-0.008 target_valid=0 target=0.000 pid=0.000 pid_base=0.000 buoyancy_pwm=0 mask_valid=1 mask=0 forward_active=0
[CTRL] depth_valid=1 depth=-0.001 vz=-0.004 az=-0.002 target_valid=0 target=0.000 pid=0.000 pid_base=0.000 buoyancy_pwm=0 mask_valid=1 mask=0 forward_active=0
[CTRL] depth_valid=1 depth=0.014 vz=0.020 az=0.012 target_valid=0 target=0.000 pid=0.000 pid_base=0.000 buoyancy_pwm=0 mask_valid=1 mask=0 forward_active=0
[CTRL] depth_valid=1 depth=0.003 vz=-0.013 az=-0.019 target_valid=0 target=0.000 pid=0.000 pid_base=0.000 buoyancy_pwm=0 mask_valid=1 mask=0 forward_active=0
$T,0,0,0,,,,1628,525,1187,1201,0*4A
[CTRL] depth_valid=1 depth=-0.001 vz=-0.016 az=-0.015 target_valid=0 target=0.000 pid=0.000 pid_base=0.000 buoyancy_pwm=0 mask_valid=1 mask=0 forward_active=0
[CTRL] depth_valid=1 depth=0.015 vz=0.016 az=0.009 target_valid=0 target=0.000 pid=0.000 pid_base=0.000 buoyancy_pwm=0 mask_valid=1 mask=0 forward_active=0
[CTRL] depth_valid=1 depth=0.002 vz=-0.020 az=-0.025 target_valid=0 target=0.000 pid=0.000 pid_base=0.000 buoyancy_pwm=0 mask_valid=1 mask=0 forward_active=0
[CTRL] depth_valid=1 depth=-0.002 vz=-0.020 az=-0.018 target_valid=0 target=0.000 pid=0.000 pid_base=0.000 buoyancy_pwm=0 mask_valid=1 mask=0 forward_active=0
$T,0,0,0,,,,1628,525,1187,1203,0*48
[CTRL] depth_valid=1 depth=-0.002 vz=-0.010 az=-0.004 target_valid=0 target=0.000 pid=0.000 pid_base=0.000 buoyancy_pwm=0 mask_valid=1 mask=0 forward_active=0
[OK]hb
[CTRL] depth_valid=1 depth=0.010 vz=0.017 az=0.018 target_valid=0 target=0.000 pid=0.000 pid_base=0.000 buoyancy_pwm=0 mask_valid=1 mask=0 forward_active=0
[CTRL] depth_valid=1 depth=0.002 vz=-0.008 az=-0.009 target_valid=0 target=0.000 pid=0.000 pid_base=0.000 buoyancy_pwm=0 mask_valid=1 mask=0 forward_active=0
[CTRL] depth_valid=1 depth=-0.001 vz=-0.008 az=-0.005 target_valid=0 target=0.000 pid=0.000 pid_base=0.000 buoyancy_pwm=0 mask_valid=1 mask=0 forward_active=0
$T,0,0,0,,,,1628,525,1187,1201,0*4A
[CTRL] depth_valid=1 depth=0.010 vz=0.017 az=0.017 target_valid=0 target=0.000 pid=0.000 pid_base=0.000 buoyancy_pwm=0 mask_valid=1 mask=0 forward_active=0
[CTRL] depth_valid=1 depth=0.026 vz=0.027 az=0.009 target_valid=0 target=0.000 pid=0.000 pid_base=0.000 buoyancy_pwm=0 mask_valid=1 mask=0 forward_active=0
[CTRL] depth_valid=1 depth=0.022 vz=-0.009 az=-0.034 target_valid=0 target=0.000 pid=0.000 pid_base=0.000 buoyancy_pwm=0 mask_valid=1 mask=0 forward_active=0
[CTRL] depth_valid=1 depth=0.012 vz=-0.025 az=-0.033 target_valid=0 target=0.000 pid=0.000 pid_base=0.000 buoyancy_pwm=0 mask_valid=1 mask=0 forward_active=0
$T,0,0,0,,,,1628,525,1187,1200,0*4B
[CTRL] depth_valid=1 depth=-0.000 vz=-0.043 az=-0.040 target_valid=0 target=0.000 pid=0.000 pid_base=0.000 buoyancy_pwm=0 mask_valid=1 mask=0 forward_active=0
[CTRL] depth_valid=1 depth=-0.004 vz=-0.028 az=-0.015 target_valid=0 target=0.000 pid=0.000 pid_base=0.000 buoyancy_pwm=0 mask_valid=1 mask=0 forward_active=0
[CTRL] depth_valid=1 depth=-0.002 vz=-0.009 az=0.007 target_valid=0 target=0.000 pid=0.000 pid_base=0.000 buoyancy_pwm=0 mask_valid=1 mask=0 forward_active=0
[OK]hb
[CTRL] depth_valid=1 depth=0.009 vz=0.021 az=0.029 target_valid=0 target=0.000 pid=0.000 pid_base=0.000 buoyancy_pwm=0 mask_valid=1 mask=0 forward_active=0
$T,0,0,0,,,,1628,525,1187,1199,0*48
[CTRL] depth_valid=1 depth=0.007 vz=0.010 az=0.011 target_valid=0 target=0.000 pid=0.000 pid_base=0.000 buoyancy_pwm=0 mask_valid=1 mask=0 forward_active=0
[CTRL] depth_valid=1 depth=0.004 vz=-0.001 az=-0.001 target_valid=0 target=0.000 pid=0.000 pid_base=0.000 buoyancy_pwm=0 mask_valid=1 mask=0 forward_active=0
[CTRL] depth_valid=1 depth=-0.000 vz=-0.008 az=-0.006 target_valid=0 target=0.000 pid=0.000 pid_base=0.000 buoyancy_pwm=0 mask_valid=1 mask=0 forward_active=0
[CTRL] depth_valid=1 depth=-0.001 vz=-0.004 az=-0.001 target_valid=0 target=0.000 pid=0.000 pid_base=0.000 buoyancy_pwm=0 mask_valid=1 mask=0 forward_active=0
$T,0,0,0,,,,1628,525,1187,1201,0*4A
[CTRL] depth_valid=1 depth=0.005 vz=0.011 az=0.013 target_valid=0 target=0.000 pid=0.000 pid_base=0.000 buoyancy_pwm=0 mask_valid=1 mask=0 forward_active=0
[CTRL] depth_valid=1 depth=0.001 vz=-0.001 az=-0.000 target_valid=0 target=0.000 pid=0.000 pid_base=0.000 buoyancy_pwm=0 mask_valid=1 mask=0 forward_active=0
[CTRL] depth_valid=1 depth=-0.000 vz=-0.002 az=-0.002 target_valid=0 target=0.000 pid=0.000 pid_base=0.000 buoyancy_pwm=0 mask_valid=1 mask=0 forward_active=0
[CTRL] depth_valid=1 depth=0.002 vz=0.002 az=0.002 target_valid=0 target=0.000 pid=0.000 pid_base=0.000 buoyancy_pwm=0 mask_valid=1 mask=0 forward_active=0
$T,0,0,0,,,,1628,525,1187,1201,0*4A
[CTRL] depth_valid=1 depth=0.001 vz=-0.002 az=-0.003 target_valid=0 target=0.000 pid=0.000 pid_base=0.000 buoyancy_pwm=0 mask_valid=1 mask=0 forward_active=0
[OK]hb
[CTRL] depth_valid=1 depth=0.037 vz=0.073 az=0.065 target_valid=0 target=0.000 pid=0.000 pid_base=0.000 buoyancy_pwm=0 mask_valid=1 mask=0 forward_active=0
[CTRL] depth_valid=1 depth=0.003 vz=-0.024 az=-0.033 target_valid=0 target=0.000 pid=0.000 pid_base=0.000 buoyancy_pwm=0 mask_valid=1 mask=0 forward_active=0
[CTRL] depth_valid=1 depth=-0.002 vz=-0.025 az=-0.023 target_valid=0 target=0.000 pid=0.000 pid_base=0.000 buoyancy_pwm=0 mask_valid=1 mask=0 forward_active=0
$T,0,0,0,,,,1628,525,1187,1203,0*48
[CTRL] depth_valid=1 depth=-0.003 vz=-0.015 az=-0.009 target_valid=0 target=0.000 pid=0.000 pid_base=0.000 buoyancy_pwm=0 mask_valid=1 mask=0 forward_active=0
[CTRL] depth_valid=1depth=0.009 vz=0.017 az=0.020 target_valid=0 target=0.000 pid=0.000 pid_base=0.000 buoyancy_pwm=0 mask_valid=1 mask=0 forward_active=0
[CTRL] depth_valid=1 depth=0.002 vz=-0.005 az=-0.004 target_valid=0 target=0.000 pid=0.000 pid_base=0.000 buoyancy_pwm=0 mask_valid=1 mask=0 forward_active=0
[CTRL] depth_valid=1 depth=0.000 vz=-0.006 az=-0.005 target_valid=0 target=0.000 pid=0.000 pid_base=0.000 buoyancy_pwm=0 mask_valid=1 mask=0 forward_active=0
$T,0,0,0,,,,1628,525,1187,1203,0*48
[CTRL] depth_valid=1 depth=0.010 vz=0.002 az=-0.006 target_valid=0 target=0.000 pid=0.000 pid_base=0.000 buoyancy_pwm=0 mask_valid=1 mask=0 forward_active=0
[CTRL] depth_valid=1 depth=0.010 vz=-0.007 az=-0.015 target_valid=0 target=0.000 pid=0.000 pid_base=0.000 buoyancy_pwm=0 mask_valid=1 mask=0 forward_active=0
[CTRL] depth_valid=1 depth=0.008 vz=-0.010 az=-0.014 target_valid=0 target=0.000 pid=0.000 pid_base=0.000 buoyancy_pwm=0 mask_valid=1 mask=0 forward_active=0
[OK]hb
[CTRL] depth_valid=1 depth=-0.001 vz=-0.024 az=-0.022 target_valid=0 target=0.000 pid=0.000 pid_base=0.000 buoyancy_pwm=0 mask_valid=1 mask=0 forward_active=0
$T,0,0,0,,,,1628,525,1187,1201,0*4A
[CTRL] depth_valid=1 depth=0.022 vz=0.033 az=0.034 target_valid=0 target=0.000 pid=0.000 pid_base=0.000 buoyancy_pwm=0 mask_valid=1 mask=0 forward_active=0
[CTRL] depth_valid=1 depth=0.003 vz=-0.018 az=-0.019 target_valid=0 target=0.000 pid=0.000 pid_base=0.000 buoyancy_pwm=0 mask_valid=1 mask=0 forward_active=0
[CTRL] depth_valid=1 depth=0.015 vz=0.014 az=0.013 target_valid=0 target=0.000 pid=0.000 pid_base=0.000 buoyancy_pwm=0 mask_valid=1 mask=0 forward_active=0
[CTRL] depth_valid=1 depth=0.002 vz=-0.020 az=-0.019 target_valid=0 target=0.000 pid=0.000 pid_base=0.000 buoyancy_pwm=0 mask_valid=1 mask=0 forward_active=0
$T,0,0,0,,,,1628,525,1187,1200,0*4B
[CTRL] depth_valid=1 depth=0.018 vz=0.024 az=0.027 target_valid=0 target=0.000 pid=0.000 pid_base=0.000 buoyancy_pwm=0 mask_valid=1 mask=0 forward_active=0
[CTRL] depth_valid=1 depth=0.015 vz=-0.000 az=-0.008 target_valid=0 target=0.000 pid=0.000 pid_base=0.000 buoyancy_pwm=0 mask_valid=1 mask=0 forward_active=0
[CTRL] depth_valid=1 depth=0.016 vz=0.003 az=-0.000 target_valid=0 target=0.000 pid=0.000 pid_base=0.000 buoyancy_pwm=0 mask_valid=1 mask=0 forward_active=0
[CTRL] depth_valid=1 depth=0.009 vz=-0.008 az=-0.007 target_valid=0 target=0.000 pid=0.000 pid_base=0.000 buoyancy_pwm=0 mask_valid=1 mask=0 forward_active=0
$T,0,0,0,,,,1628,525,1187,1200,0*4B
[CTRL] depth_valid=1 depth=0.008 vz=-0.008 az=-0.006 target_valid=0 target=0.000 pid=0.000 pid_base=0.000 buoyancy_pwm=0 mask_valid=1 mask=0 forward_active=0
[OK]hb
[CTRL] depth_valid=1 depth=0.019 vz=0.022 az=0.024 target_valid=0 target=0.000 pid=0.000 pid_base=0.000 buoyancy_pwm=0 mask_valid=1 mask=0 forward_active=0
[CTRL] depth_valid=1 depth=0.014 vz=-0.002 az=-0.006 target_valid=0 target=0.000 pid=0.000 pid_base=0.000 buoyancy_pwm=0 mask_valid=1 mask=0 forward_active=0
[CTRL] depth_valid=1 depth=0.012 vz=-0.012 az=-0.018 target_valid=0 target=0.000 pid=0.000 pid_base=0.000 buoyancy_pwm=0 mask_valid=1 mask=0 forward_active=0
$T,0,0,0,,,,1628,525,1187,1201,0*4A
[CTRL] depth_valid=1 depth=0.033 vz=0.029 az=0.018 target_valid=0 target=0.000 pid=0.000 pid_base=0.000 buoyancy_pwm=0 mask_valid=1 mask=0 forward_active=0
[CTRL] depth_valid=1 depth=0.030 vz=0.012 az=0.002 target_valid=0 target=0.000 pid=0.000 pid_base=0.000 buoyancy_pwm=0 mask_valid=1 mask=0 forward_active=0
[CTRL] depth_valid=1 depth=0.001 vz=-0.053 az=-0.053 target_valid=0 target=0.000 pid=0.000 pid_base=0.000 buoyancy_pwm=0 mask_valid=1 mask=0 forward_active=0
[CTRL] depth_valid=1 depth=0.025 vz=0.020 az=0.022 target_valid=0 target=0.000 pid=0.000 pid_base=0.000 buoyancy_pwm=0 mask_valid=1 mask=0 forward_active=0
$T,0,0,0,,,,1628,525,1187,1200,0*4B
[CTRL] depth_valid=1 depth=0.011 vz=-0.015 az=-0.012 target_valid=0 target=0.000 pid=0.000 pid_base=0.000 buoyancy_pwm=0 mask_valid=1 mask=0 forward_active=0
[CTRL] depth_valid=1 depth=0.009 vz=-0.012 az=-0.007 target_valid=0 target=0.000 pid=0.000 pid_base=0.000 buoyancy_pwm=0 mask_valid=1 mask=0 forward_active=0
[CTRL] depth_valid=1 depth=0.012 vz=-0.003 az=-0.001 target_valid=0 target=0.000 pid=0.000 pid_base=0.000 buoyancy_pwm=0 mask_valid=1 mask=0 forward_active=0
[OK]hb
[CTRL] depth_valid=1 depth=0.003 vz=-0.019 az=-0.014 target_valid=0 target=0.000 pid=0.000 pid_base=0.000 buoyancy_pwm=0 mask_valid=1 mask=0 forward_active=0
$T,0,0,0,,,,1628,525,1187,1201,0*4A
[CTRL] depth_valid=1 depth=0.008 vz=0.001 az=0.007 target_valid=0 target=0.000 pid=0.000 pid_base=0.000 buoyancy_pwm=0 mask_valid=1 mask=0 forward_active=0
[CTRL] depth_valid=1 depth=0.023 vz=0.025 az=0.020 target_valid=0 target=0.000 pid=0.000 pid_base=0.000 buoyancy_pwm=0 mask_valid=1 mask=0 forward_active=0
[CTRL] depth_valid=1 depth=0.020 vz=0.003 az=-0.008 target_valid=0 target=0.000 pid=0.000 pid_base=0.000 buoyancy_pwm=0 mask_valid=1 mask=0 forward_active=0
[CTRL] depth_valid=1 depth=0.006 vz=-0.027 az=-0.030 target_valid=0 target=0.000 pid=0.000 pid_base=0.000 buoyancy_pwm=0 mask_valid=1 mask=0 forward_active=0
$T,0,0,0,,,,1628,525,1187,1201,0*4A
[CTRL] depth_valid=1 depth=0.063 vz=0.088 az=0.067 target_valid=0 target=0.000 pid=0.000 pid_base=0.000 buoyancy_pwm=0 mask_valid=1 mask=0 forward_active=0
[CTRL] depth_valid=1 depth=0.074 vz=0.054 az=0.010 target_valid=0 target=0.000 pid=0.000 pid_base=0.000 buoyancy_pwm=0 mask_valid=1 mask=0 forward_active=0
[CTRL] depth_valid=1 depth=0.012 vz=-0.104 az=-0.121 target_valid=0 target=0.000 pid=0.000 pid_base=0.000 buoyancy_pwm=0 mask_valid=1 mask=0 forward_active=0
[CTRL] depth_valid=1 depth=0.034 vz=0.006 az=0.019 target_valid=0 target=0.000 pid=0.000 pid_base=0.000 buoyancy_pwm=0 mask_valid=1 mask=0 forward_active=0
$T,0,0,0,,,,1628,525,1187,1202,0*49
[CTRL] depth_valid=1 depth=0.024 vz=-0.017 az=-0.006 target_valid=0 target=0.000 pid=0.000 pid_base=0.000 buoyancy_pwm=0 mask_valid=1 mask=0 forward_active=0
[CTRL] depth_valid=1 depth=0.031 vz=-0.005 az=-0.004 target_valid=0 target=0.000 pid=0.000 pid_base=0.000 buoyancy_pwm=0 mask_valid=1 mask=0 forward_active=0
[OK]hb
[CTRL] depth_valid=1 depth=0.067 vz=0.079 az=0.076 target_valid=0 target=0.000 pid=0.000 pid_base=0.000 buoyancy_pwm=0 mask_valid=1 mask=0 forward_active=0
[CTRL] depth_valid=1 depth=0.034 vz=-0.024 az=-0.036 target_valid=0 target=0.000 pid=0.000 pid_base=0.000 buoyancy_pwm=0 mask_valid=1 mask=0 forward_active=0
$T,0,0,0,,,,1628,525,1187,1202,0*49
[CTRL] depth_valid=1 depth=0.011 vz=-0.067 az=-0.066 target_valid=0 target=0.000 pid=0.000 pid_base=0.000 buoyancy_pwm=0 mask_valid=1 mask=0 forward_active=0
[CTRL] depth_valid=1 depth=0.023 vz=-0.023 az=-0.018 target_valid=0 target=0.000 pid=0.000 pid_base=0.000 buoyancy_pwm=0 mask_valid=1 mask=0 forward_active=0
[CTRL] depth_valid=1 depth=0.001 vz=-0.054 az=-0.039 target_valid=0 target=0.000 pid=0.000 pid_base=0.000 buoyancy_pwm=0 mask_valid=1 mask=0 forward_active=0
[CTRL] depth_valid=1 depth=0.035 vz=0.055 az=0.071 target_valid=0 target=0.000 pid=0.000 pid_base=0.000 buoyancy_pwm=0 mask_valid=1 mask=0 forward_active=0
$T,0,0,0,,,,1628,525,1187,1199,0*48
[CTRL] depth_valid=1 depth=0.012 vz=-0.015 az=-0.010 target_valid=0 target=0.000 pid=0.000 pid_base=0.000 buoyancy_pwm=0 mask_valid=1 mask=0 forward_active=0
[CTRL] depth_valid=1 depth=0.047 vz=0.063 az=0.060 target_valid=0 target=0.000 pid=0.000 pid_base=0.000 buoyancy_pwm=0 mask_valid=1 mask=0 forward_active=0
[CTRL] depth_valid=1 depth=0.050 vz=0.035 az=0.016 target_valid=0 target=0.000 pid=0.000 pid_base=0.000 buoyancy_pwm=0 mask_valid=1 mask=0 forward_active=0
[OK]hb
[CTRL] depth_valid=1 depth=0.050 vz=0.006 az=-0.016 target_valid=0 target=0.000 pid=0.000 pid_base=0.000 buoyancy_pwm=0 mask_valid=1 mask=0 forward_active=0
$T,0,0,0,,,,1628,525,1187,1201,0*4A
[CTRL] depth_valid=1 depth=0.027 vz=-0.052 az=-0.068 target_valid=0 target=0.000 pid=0.000 pid_base=0.000 buoyancy_pwm=0 mask_valid=1 mask=0 forward_active=0
[CTRL] depth_valid=1 depth=0.010 vz=-0.065 az=-0.059 target_valid=0 target=0.000 pid=0.000 pid_base=0.000 buoyancy_pwm=0 mask_valid=1 mask=0 forward_active=0
[CTRL] depth_valid=1 depth=0.008 vz=-0.034 az=-0.013 target_valid=0 target=0.000 pid=0.000 pid_base=0.000 buoyancy_pwm=0 mask_valid=1 mask=0 forward_active=0
[CTRL] depth_valid=1 depth=0.080 vz=0.132 az=0.134 target_valid=0 target=0.000 pid=0.000 pid_base=0.000 buoyancy_pwm=0 mask_valid=1 mask=0 forward_active=0
$T,0,1,1,,,,1628,525,1187,1201,0*4A
[CTRL] depth_valid=1 depth=0.092 vz=0.074 az=0.032 target_valid=0 target=0.000 pid=0.000 pid_base=0.000 buoyancy_pwm=0 mask_valid=1 mask=0 forward_active=0
[CTRL] depth_valid=1 depth=0.033 vz=-0.099 az=-0.131 target_valid=0 target=0.000 pid=0.000 pid_base=0.000 buoyancy_pwm=0 mask_valid=1 mask=0 forward_active=0
[CTRL] depth_valid=1 depth=0.053 vz=-0.022 az=-0.029 target_valid=0 target=0.000 pid=0.000 pid_base=0.000 buoyancy_pwm=0 mask_valid=1 mask=0 forward_active=0
[CTRL] depth_valid=1 depth=0.021 vz=-0.063 az=-0.050 target_valid=0 target=0.000 pid=0.000 pid_base=0.000 buoyancy_pwm=0 mask_valid=1 mask=0 forward_active=0
$T,0,0,0,,,,1628,525,1187,1200,0*4B
[CTRL] depth_valid=1 depth=0.057 vz=0.050 az=0.063 target_valid=0 target=0.000 pid=0.000 pid_base=0.000 buoyancy_pwm=0 mask_valid=1 mask=0 forward_active=0
[OK]hb
[CTRL] depth_valid=1 depth=0.091 vz=0.092 az=0.072 target_valid=0 target=0.000 pid=0.000 pid_base=0.000 buoyancy_pwm=0 mask_valid=1 mask=0 forward_active=0
[CTRL] depth_valid=1 depth=0.029 vz=-0.073 az=-0.088 target_valid=0 target=0.000 pid=0.000 pid_base=0.000 buoyancy_pwm=0 mask_valid=1 mask=0 forward_active=0
[CTRL] depth_valid=1 depth=0.065 vz=0.029 az=0.025 target_valid=0 target=0.000 pid=0.000 pid_base=0.000 buoyancy_pwm=0 mask_valid=1 mask=0 forward_active=0
$T,0,0,0,,,,1628,525,1187,1201,0*4A
[CTRL] depth_valid=1 depth=0.083 vz=0.055 az=0.043 target_valid=0 target=0.000 pid=0.000 pid_base=0.000 buoyancy_pwm=0 mask_valid=1 mask=0 forward_active=0
[CTRL] depth_valid=1 depth=0.083 vz=0.016 az=-0.012 target_valid=0 target=0.000 pid=0.000 pid_base=0.000 buoyancy_pwm=0 mask_valid=1 mask=0 forward_active=0
[CTRL] depth_valid=1 depth=0.053 vz=-0.060 az=-0.076 target_valid=0 target=0.000 pid=0.000 pid_base=0.000 buoyancy_pwm=0 mask_valid=1 mask=0 forward_active=0
[CTRL] depth_valid=1 depth=0.022 vz=-0.099 az=-0.088 target_valid=0 target=0.000 pid=0.000 pid_base=0.000 buoyancy_pwm=0 mask_valid=1 mask=0 forward_active=0
$T,0,0,0,,,,1628,525,1187,1201,0*4A
[CTRL] depth_valid=1 depth=0.070 vz=0.034 az=0.043 target_valid=0 target=0.000 pid=0.000 pid_base=0.000 buoyancy_pwm=0 mask_valid=1 mask=0 forward_active=0
[CTRL] depth_valid=1 depth=0.063 vz=0.003 az=-0.000 target_valid=0 target=0.000 pid=0.000 pid_base=0.000 buoyancy_pwm=0 mask_valid=1 mask=0 forward_active=0
[CTRL] depth_valid=1 depth=0.067 vz=-0.003 az=-0.014 target_valid=0 target=0.000 pid=0.000 pid_base=0.000 buoyancy_pwm=0 mask_valid=1 mask=0 forward_active=0
[CTRL] depth_valid=1 depth=0.057 vz=-0.014 az=-0.012 target_valid=0 target=0.000 pid=0.000 pid_base=0.000 buoyancy_pwm=0 mask_valid=1 mask=0 forward_active=0
$T,0,0,0,,,,1628,525,1187,1201,0*4A
[OK]hb
[CTRL] depth_valid=1 depth=0.052 vz=-0.020 az=-0.015 target_valid=0 target=0.000 pid=0.000 pid_base=0.000 buoyancy_pwm=0 mask_valid=1 mask=0 forward_active=0
[CTRL] depth_valid=1 depth=0.052 vz=-0.017 az=-0.013 target_valid=0 target=0.000 pid=0.000 pid_base=0.000 buoyancy_pwm=0 mask_valid=1 mask=0 forward_active=0
[CTRL] depth_valid=1 depth=0.055 vz=-0.007 az=-0.006 target_valid=0 target=0.000 pid=0.000 pid_base=0.000 buoyancy_pwm=0 mask_valid=1 mask=0 forward_active=0
[CTRL] depth_valid=1 depth=0.030 vz=-0.062 az=-0.058 target_valid=0 target=0.000 pid=0.000 pid_base=0.000 buoyancy_pwm=0 mask_valid=1 mask=0 forward_active=0
$T,0,0,0,,,,1628,525,1187,1201,0*4A
[CTRL] depth_valid=1 depth=0.081 vz=0.052 az=0.045 target_valid=0 target=0.000 pid=0.000 pid_base=0.000 buoyancy_pwm=0 mask_valid=1 mask=0 forward_active=0
[CTRL] depth_valid=1 depth=0.051 vz=-0.040 az=-0.053 target_valid=0 target=0.000 pid=0.000 pid_base=0.000 buoyancy_pwm=0 mask_valid=1 mask=0 forward_active=0
[CTRL] depth_valid=1 depth=0.075 vz=0.004 az=-0.017 target_valid=0 target=0.000 pid=0.000 pid_base=0.000 buoyancy_pwm=0 mask_valid=1 mask=0 forward_active=0
[CTRL] depth_valid=1 depth=0.090 vz=0.034 az=0.018 target_valid=0 target=0.000 pid=0.000 pid_base=0.000 buoyancy_pwm=0 mask_valid=1 mask=0 forward_active=0
$T,0,0,0,,,,1628,525,1187,1202,0*49
[CTRL] depth_valid=1 depth=0.053 vz=-0.065 az=-0.078 target_valid=0 target=0.000 pid=0.000 pid_base=0.000 buoyancy_pwm=0 mask_valid=1 mask=0 forward_active=0
[CTRL] depth_valid=1 depth=0.036 vz=-0.068 az=-0.054 target_valid=0 target=0.000 pid=0.000 pid_base=0.000 buoyancy_pwm=0 mask_valid=1 mask=0 forward_active=0
[OK]hb
[CTRL] depth_valid=1 depth=0.115 vz=0.107 az=0.096 target_valid=0 target=0.000 pid=0.000 pid_base=0.000 buoyancy_pwm=0 mask_valid=1 mask=0 forward_active=0
[CTRL] depth_valid=1 depth=0.091 vz=0.004 az=-0.021 target_valid=0 target=0.000 pid=0.000 pid_base=0.000 buoyancy_pwm=0 mask_valid=1 mask=0 forward_active=0
$T,1,0,0,,,,1628,525,1187,1202,0*48
[CTRL] depth_valid=1 depth=0.065 vz=-0.090 az=-0.118 target_valid=0 target=0.000 pid=0.000 pid_base=0.000 buoyancy_pwm=0 mask_valid=1 mask=0 forward_active=0
[CTRL] depth_valid=1 depth=0.069 vz=-0.040 az=-0.034 target_valid=0 target=0.000 pid=0.000 pid_base=0.000 buoyancy_pwm=0 mask_valid=1 mask=0 forward_active=0
[CTRL] depth_valid=1 depth=0.095 vz=0.016 az=0.009 target_valid=0 target=0.000 pid=0.000 pid_base=0.000 buoyancy_pwm=0 mask_valid=1 mask=0 forward_active=0
[CTRL] depth_valid=1 depth=0.085 vz=-0.005 az=-0.008 target_valid=0 target=0.000 pid=0.000 pid_base=0.000 buoyancy_pwm=0 mask_valid=1 mask=0 forward_active=0
$T,0,0,0,,,,1622,527,1184,1201,0*41
[CTRL] depth_valid=1 depth=0.076 vz=-0.007 az=0.002 target_valid=0 target=0.000 pid=0.000 pid_base=0.000 buoyancy_pwm=0 mask_valid=1 mask=0 forward_active=0
[CTRL] depth_valid=1 depth=0.082 vz=0.009 az=0.013 target_valid=0 target=0.000 pid=0.000 pid_base=0.000 buoyancy_pwm=0 mask_valid=1 mask=0 forward_active=0
[CTRL] depth_valid=1 depth=0.003 vz=-0.148 az=-0.123 target_valid=0 target=0.000 pid=0.000 pid_base=0.000 buoyancy_pwm=0 mask_valid=1 mask=0 forward_active=0
[CTRL] depth_valid=1 depth=-0.004 vz=-0.078 az=-0.019 target_valid=0 target=0.000 pid=0.000 pid_base=0.000 buoyancy_pwm=0 mask_valid=1 mask=0 forward_active=0
$T,0,0,0,,,,1619,518,-1461,1202,0*65
[OK]hb
[CTRL] depth_valid=1 depth=0.030 vz=0.037 az=0.095 target_valid=0 target=0.000 pid=0.000 pid_base=0.000 buoyancy_pwm=0 mask_valid=1 mask=0 forward_active=0
[CTRL] depth_valid=1 depth=0.012 vz=-0.005 az=0.027 target_valid=0 target=0.000 pid=0.000 pid_base=0.000 buoyancy_pwm=0 mask_valid=1 mask=0 forward_active=0
[CTRL] depth_valid=1 depth=0.001 vz=-0.017 az=0.009 target_valid=0 target=0.000 pid=0.000 pid_base=0.000 buoyancy_pwm=0 mask_valid=1 mask=0 forward_active=0
[CTRL] depth_valid=1 depth=0.009 vz=0.008 az=0.023 target_valid=0 target=0.000 pid=0.000 pid_base=0.000 buoyancy_pwm=0 mask_valid=1 mask=0 forward_active=0
$T,0,0,0,,,,1626,535,-1452,1203,0*67
[CTRL] depth_valid=1 depth=0.007 vz=0.006 az=0.016 target_valid=0 target=0.000 pid=0.000 pid_base=0.000 buoyancy_pwm=0 mask_valid=1 mask=0 forward_active=0
[CTRL] depth_valid=1 depth=0.001 vz=-0.007 az=0.000 target_valid=0 target=0.000 pid=0.000 pid_base=0.000 buoyancy_pwm=0 mask_valid=1 mask=0 forward_active=0
[CTRL] depth_valid=1 depth=0.025 vz=0.040 az=0.034 target_valid=0 target=0.000 pid=0.000 pid_base=0.000 buoyancy_pwm=0 mask_valid=1 mask=0 forward_active=0
[CTRL] depth_valid=1 depth=0.021 vz=0.001 az=-0.017 target_valid=0 target=0.000 pid=0.000 pid_base=0.000 buoyancy_pwm=0 mask_valid=1 mask=0 forward_active=0
$T,0,0,0,,,,776,858,1279,1203,0*76
[CTRL] depth_valid=1 depth=0.022 vz=0.002 az=-0.011 target_valid=0 target=0.000 pid=0.000 pid_base=0.000 buoyancy_pwm=0 mask_valid=1 mask=0 forward_active=0
[CTRL] depth_valid=1 depth=0.085 vz=0.085 az=0.041 target_valid=0 target=0.000 pid=0.000 pid_base=0.000 buoyancy_pwm=0 mask_valid=1 mask=0 forward_active=0
[OK]hb
[CTRL] depth_valid=1 depth=0.511 vz=1.032 az=0.965 target_valid=0 target=0.000 pid=0.000 pid_base=0.000 buoyancy_pwm=0 mask_valid=1 mask=0 forward_active=0
[CTRL] depth_valid=1 depth=3.305 vz=5.215 az=3.800 target_valid=0 target=0.000 pid=0.000 pid_base=0.000 buoyancy_pwm=0 mask_valid=1 mask=0 forward_active=0
$T,37,54,37,,,26,1645,122,-1376,1199,0*54
[CTRL] depth_valid=1 depth=5.819 vz=6.027 az=2.857 target_valid=0 target=0.000 pid=0.000 pid_base=0.000 buoyancy_pwm=0 mask_valid=1 mask=0 forward_active=0
[CTRL] depth_valid=1 depth=8.144 vz=5.551 az=1.285 target_valid=0 target=0.000 pid=0.000 pid_base=0.000 buoyancy_pwm=0 mask_valid=1 mask=0 forward_active=0
[CTRL] depth_valid=1 depth=10.879 vz=5.308 az=0.142 target_valid=0 target=0.000 pid=0.000 pid_base=0.000 buoyancy_pwm=0 mask_valid=1 mask=0 forward_active=0
[CTRL] depth_valid=1 depth=11.448 vz=1.270 az=-3.447 target_valid=0 target=0.000 pid=0.000 pid_base=0.000 buoyancy_pwm=0 mask_valid=1 mask=0 forward_active=0
$T,112,0,-42,235,26,75,876,-786,-410,1200,0*65
[CTRL] depth_valid=1 depth=11.114 vz=-1.230 az=-3.953 target_valid=0 target=0.000 pid=0.000 pid_base=0.000 buoyancy_pwm=0 mask_valid=1 mask=0 forward_active=0
[CTRL] depth_valid=1 depth=11.563 vz=-0.237 az=-1.472 target_valid=0 target=0.000 pid=0.000 pid_base=0.000 buoyancy_pwm=0 mask_valid=1 mask=0 forward_active=0
[CTRL] depth_valid=1 depth=11.854 vz=0.097 az=-0.618 target_valid=0 target=0.000 pid=0.000 pid_base=0.000 buoyancy_pwm=0 mask_valid=1 mask=0 forward_active=0
[CTRL] depth_valid=1 depth=11.791 vz=-0.313 az=-0.728 target_valid=0 target=0.000 pid=0.000 pid_base=0.000 buoyancy_pwm=0 mask_valid=1 mask=0 forward_active=0
$T,117,-2,-5,235,27,72,793,-786,-370,1200,0*7F
[OK]hb
[CTRL] depth_valid=1 depth=11.894 vz=0.011 az=-0.138 target_valid=0 target=0.000 pid=0.000 pid_base=0.000 buoyancy_pwm=0 mask_valid=1 mask=0 forward_active=0
[CTRL] depth_valid=1 depth=11.869 vz=-0.079 az=-0.156 target_valid=0 target=0.000 pid=0.000 pid_base=0.000 buoyancy_pwm=0 mask_valid=1 mask=0 forward_active=0
[CTRL] depth_valid=1 depth=11.870 vz=-0.133 az=-0.201 target_valid=0 target=0.000 pid=0.000 pid_base=0.000 buoyancy_pwm=0 mask_valid=1 mask=0 forward_active=0
[CTRL] depth_valid=1 depth=11.715 vz=-0.305 az=-0.232 target_valid=0 target=0.000 pid=0.000 pid_base=0.000 buoyancy_pwm=0 mask_valid=1 mask=0 forward_active=0
$T,117,-1,0,235,26,73,951,-811,-560,1201,0*53
[CTRL] depth_valid=1 depth=11.812 vz=0.089 az=0.180 target_valid=0 target=0.000 pid=0.000 pid_base=0.000 buoyancy_pwm=0 mask_valid=1 mask=0 forward_active=0
[CTRL] depth_valid=1 depth=11.911 vz=0.217 az=0.192 target_valid=0 target=0.000 pid=0.000 pid_base=0.000 buoyancy_pwm=0 mask_valid=1 mask=0 forward_active=0
[CTRL] depth_valid=1 depth=12.043 vz=0.276 az=0.133 target_valid=0 target=0.000 pid=0.000 pid_base=0.000 buoyancy_pwm=0 mask_valid=1 mask=0 forward_active=0
[CTRL] depth_valid=1 depth=12.042 vz=0.022 az=-0.154 target_valid=0 target=0.000 pid=0.000 pid_base=0.000 buoyancy_pwm=0 mask_valid=1 mask=0 forward_active=0
$T,120,-1,-2,234,26,73,858,-800,-468,1201,0*78
[CTRL] depth_valid=1 depth=11.887 vz=-0.348 az=-0.399 target_valid=0 target=0.000 pid=0.000 pid_base=0.000 buoyancy_pwm=0 mask_valid=1 mask=0 forward_active=0
[CTRL] depth_valid=1 depth=11.840 vz=-0.301 az=-0.255 target_valid=0 target=0.000 pid=0.000 pid_base=0.000 buoyancy_pwm=0 mask_valid=1 mask=0 forward_active=0
[OK]hb
[CTRL] depth_valid=1 depth=11.797 vz=-0.203 az=-0.097 target_valid=0 target=0.000 pid=0.000 pid_base=0.000 buoyancy_pwm=0 mask_valid=1 mask=0 forward_active=0
[CTRL] depth_valid=1 depth=11.937 vz=0.175 az=0.224 target_valid=0 target=0.000 pid=0.000 pid_base=0.000 buoyancy_pwm=0 mask_valid=1 mask=0 forward_active=0
$T,119,2,2,235,26,74,778,-805,-385,1203,0*79
[CTRL] depth_valid=1 depth=12.025 vz=0.145 az=0.042 target_valid=0 target=0.000 pid=0.000 pid_base=0.000 buoyancy_pwm=0 mask_valid=1 mask=0 forward_active=0
[CTRL] depth_valid=1 depth=12.000 vz=-0.065 az=-0.179 target_valid=0 target=0.000 pid=0.000 pid_base=0.000 buoyancy_pwm=0 mask_valid=1 mask=0 forward_active=0
[CTRL] depth_valid=1 depth=11.946 vz=-0.219 az=-0.278 target_valid=0 target=0.000 pid=0.000 pid_base=0.000 buoyancy_pwm=0 mask_valid=1 mask=0 forward_active=0
[CTRL] depth_valid=1 depth=11.870 vz=-0.271 az=-0.236 target_valid=0 target=0.000 pid=0.000 pid_base=0.000 buoyancy_pwm=0 mask_valid=1 mask=0 forward_active=0
$T,118,-2,-1,235,26,74,801,-809,-404,1201,0*7A
[CTRL] depth_valid=1 depth=11.871 vz=-0.076 az=0.022 target_valid=0 target=0.000 pid=0.000 pid_base=0.000 buoyancy_pwm=0 mask_valid=1 mask=0 forward_active=0
[CTRL] depth_valid=1 depth=11.933 vz=0.130 az=0.191 target_valid=0 target=0.000 pid=0.000 pid_base=0.000 buoyancy_pwm=0 mask_valid=1 mask=0 forward_active=0
[CTRL] depth_valid=1 depth=12.014 vz=0.195 az=0.152 target_valid=0 target=0.000 pid=0.000 pid_base=0.000 buoyancy_pwm=0 mask_valid=1 mask=0 forward_active=0
[CTRL] depth_valid=1 depth=12.005 vz=-0.040 az=-0.160 target_valid=0 target=0.000 pid=0.000 pid_base=0.000 buoyancy_pwm=0 mask_valid=1 mask=0 forward_active=0
$T,119,0,-1,,26,75,743,-798,-346,1201,0*6E
[OK]hb
[CTRL] depth_valid=1 depth=11.951 vz=-0.173 az=-0.219 target_valid=0 target=0.000 pid=0.000 pid_base=0.000 buoyancy_pwm=0 mask_valid=1 mask=0 forward_active=0
[CTRL] depth_valid=1 depth=11.875 vz=-0.218 az=-0.171 target_valid=0 target=0.000 pid=0.000 pid_base=0.000 buoyancy_pwm=0 mask_valid=1 mask=0 forward_active=0
[CTRL] depth_valid=1 depth=11.852 vz=-0.117 az=-0.025 target_valid=0 target=0.000 pid=0.000 pid_base=0.000 buoyancy_pwm=0 mask_valid=1 mask=0 forward_active=0
[CTRL] depth_valid=1 depth=11.918 vz=0.067 az=0.107 target_valid=0 target=0.000 pid=0.000 pid_base=0.000 buoyancy_pwm=0 mask_valid=1 mask=0 forward_active=0
$T,119,1,1,,25,76,745,-803,-347,1201,0*48
[CTRL] depth_valid=1 depth=11.978 vz=0.082 az=0.030 target_valid=0 target=0.000 pid=0.000 pid_base=0.000 buoyancy_pwm=0 mask_valid=1 mask=0 forward_active=0
[CTRL] depth_valid=1 depth=12.027 vz=0.109 az=0.041 target_valid=0 target=0.000 pid=0.000 pid_base=0.000 buoyancy_pwm=0 mask_valid=1 mask=0 forward_active=0
[CTRL] depth_valid=1 depth=11.946 vz=-0.142 az=-0.188 target_valid=0 target=0.000 pid=0.000 pid_base=0.000 buoyancy_pwm=0 mask_valid=1 mask=0 forward_active=0
[CTRL] depth_valid=1 depth=11.886 vz=-0.189 az=-0.163 target_valid=0 target=0.000 pid=0.000 pid_base=0.000 buoyancy_pwm=0 mask_valid=1 mask=0 forward_active=0
$T,118,-2,-1,,25,77,755,-808,-353,1201,0*44
[CTRL] depth_valid=1 depth=11.923 vz=-0.043 az=-0.017 target_valid=0 target=0.000 pid=0.000 pid_base=0.000 buoyancy_pwm=0 mask_valid=1 mask=0 forward_active=0
[CTRL] depth_valid=1 depth=11.979 vz=0.052 az=0.035 target_valid=0 target=0.000 pid=0.000 pid_base=0.000 buoyancy_pwm=0 mask_valid=1 mask=0 forward_active=0
[OK]hb
[CTRL] depth_valid=1 depth=12.021 vz=0.061 az=0.005 target_valid=0 target=0.000 pid=0.000 pid_base=0.000 buoyancy_pwm=0 mask_valid=1 mask=0 forward_active=0
[CTRL] depth_valid=1 depth=12.004 vz=-0.036 az=-0.085 target_valid=0 target=0.000 pid=0.000 pid_base=0.000 buoyancy_pwm=0 mask_valid=1 mask=0 forward_active=0
$T,119,-1,-1,,25,95,722,-800,-320,1203,0*44
[CTRL] depth_valid=1 depth=11.884 vz=-0.292 az=-0.293 target_valid=0 target=0.000 pid=0.000 pid_base=0.000 buoyancy_pwm=0 mask_valid=1 mask=0 forward_active=0
[CTRL] depth_valid=1 depth=11.892 vz=-0.131 az=-0.076 target_valid=0 target=0.000 pid=0.000 pid_base=0.000 buoyancy_pwm=0 mask_valid=1 mask=0 forward_active=0
[CTRL] depth_valid=1 depth=11.874 vz=-0.081 az=-0.017 target_valid=0 target=0.000 pid=0.000 pid_base=0.000 buoyancy_pwm=0 mask_valid=1 mask=0 forward_active=0
[CTRL] depth_valid=1 depth=11.990 vz=0.158 az=0.152 target_valid=0 target=0.000 pid=0.000 pid_base=0.000 buoyancy_pwm=0 mask_valid=1 mask=0 forward_active=0
$T,119,0,0,,26,95,767,-806,-364,1203,0*40
[CTRL] depth_valid=1 depth=12.010 vz=0.030 az=-0.061 target_valid=0 target=0.000 pid=0.000 pid_base=0.000 buoyancy_pwm=0 mask_valid=1 mask=0 forward_active=0
[CTRL] depth_valid=1 depth=11.978 vz=-0.110 az=-0.178 target_valid=0 target=0.000 pid=0.000 pid_base=0.000 buoyancy_pwm=0 mask_valid=1 mask=0 forward_active=0
[CTRL] depth_valid=1 depth=11.942 vz=-0.190 az=-0.220 target_valid=0 target=0.000 pid=0.000 pid_base=0.000 buoyancy_pwm=0 mask_valid=1 mask=0 forward_active=0
[OK]hb
[CTRL] depth_valid=1 depth=11.895 vz=-0.157 az=-0.098 target_valid=0 target=0.000 pid=0.000 pid_base=0.000 buoyancy_pwm=0 mask_valid=1 mask=0 forward_active=0
$T,119,0,0,,26,95,779,-814,-375,1201,0*4E
Target depth set to 45.0 cm
[OK]l45#23[ACK] l45#23

[CTRL] depth_valid=1 depth=11.928 vz=-0.031 az=0.005 target_valid=1 target=45.000 pid=100.000 pid_base=0.223 buoyancy_pwm=255 mask_valid=1 mask=0 forward_active=0
<- Minima: BUOY 
[CTRL] depth_valid=1 depth=11.885 vz=-0.072 az=-0.026 target_valid=1 target=45.000 pid=100.000 pid_base=0.222 buoyancy_pwm=255 mask_valid=1 mask=0 forward_active=0
Target depth set to 50.0 cm
[OK]l50#24[ACK] l50#24

[CTRL] depth_valid=1 depth=12.193 vz=0.495 az=0.400 target_valid=1 target=50.000 pid=100.000 pid_base=0.231 buoyancy_pwm=255 mask_valid=1 mask=0 forward_active=0
[CTRL] depth_valid=1 depth=12.303 vz=0.337 az=0.095 target_valid=1 target=50.000 pid=100.000 pid_base=0.234 buoyancy_pwm=255 mask_valid=1 mask=0 forward_active=0
$T,123,4,1,,25,96,751,-805,-344,1209,4*46
[CTRL] depth_valid=1 depth=12.357 vz=0.058 az=-0.235 target_valid=1 target=50.000 pid=100.000 pid_base=0.236 buoyancy_pwm=255 mask_valid=1 mask=0 forward_active=0
[CTRL] depth_valid=1 depth=12.351 vz=-0.106 az=-0.300 target_valid=1 target=50.000 pid=100.000 pid_base=0.236 buoyancy_pwm=255 mask_valid=1 mask=0 forward_active=0
[CTRL] depth_valid=1 depth=11.985 vz=-0.792 az=-0.761 target_valid=1 target=50.000 pid=100.000 pid_base=0.225 buoyancy_pwm=255 mask_valid=1 mask=0 forward_active=0
[CTRL] depth_valid=1 depth=11.908 vz=-0.452 az=-0.203 target_valid=1 target=50.000 pid=100.000 pid_base=0.223 buoyancy_pwm=255 mask_valid=1 mask=0 forward_active=0
$T,118,-4,-2,,26,96,465,-865,-55,1210,4*77
[CTRL] depth_valid=1 depth=11.631 vz=-0.630 az=-0.286 target_valid=1 target=50.000 pid=100.000 pid_base=0.214 buoyancy_pwm=255 mask_valid=1 mask=0 forward_active=0
[CTRL] depth_valid=1 depth=11.649 vz=-0.130 az=0.213 target_valid=1 target=50.000 pid=100.000 pid_base=0.215 buoyancy_pwm=255 mask_valid=1 mask=0 forward_active=0
[OK]hb
[CTRL] depth_valid=1 depth=11.810 vz=0.307 az=0.456 target_valid=1 target=50.000 pid=100.000 pid_base=0.220 buoyancy_pwm=255 mask_valid=1 mask=0 forward_active=0
[CTRL] depth_valid=1 depth=12.005 vz=0.420 az=0.300 target_valid=1 target=50.000 pid=100.000 pid_base=0.226 buoyancy_pwm=255 mask_valid=1 mask=0 forward_active=0
$T,119,3,1,,25,97,-477,-862,890,1212,4*47
[CTRL] depth_valid=1 depth=12.425 vz=0.917 az=0.599 target_valid=1 target=50.000 pid=100.000 pid_base=0.238 buoyancy_pwm=255 mask_valid=1 mask=0 forward_active=0
[CTRL] depth_valid=1 depth=12.975 vz=1.251 az=0.630 target_valid=1 target=50.000 pid=100.000 pid_base=0.255 buoyancy_pwm=255 mask_valid=1 mask=0 forward_active=0
[CTRL] depth_valid=1 depth=14.170 vz=2.517 az=1.437 target_valid=1 target=50.000 pid=100.000 pid_base=0.290 buoyancy_pwm=255 mask_valid=1 mask=0 forward_active=0
[CTRL] depth_valid=1 depth=15.704 vz=3.325 az=1.451 target_valid=1 target=50.000 pid=100.000 pid_base=0.336 buoyancy_pwm=255 mask_valid=1 mask=0 forward_active=0
$T,160,35,15,,25,6546,-687,-841,1105,1212,4*7E
[CTRL] depth_valid=1 depth=17.575 vz=4.055 az=1.418 target_valid=1 target=50.000 pid=30.988 pid_base=0.253 buoyancy_pwm=80 mask_valid=1 mask=0 forward_active=0
<- Minima: IDLE
[CTRL] depth_valid=1 depth=19.777 vz=4.742 az=1.400 target_valid=1 target=50.000 pid=-6.361 pid_base=0.161 buoyancy_pwm=80 mask_valid=1 mask=384 forward_active=0
<- Minima: BUOY 
[CTRL] depth_valid=1 depth=22.338 vz=5.450 az=1.379 target_valid=1 target=50.000 pid=-19.378 pid_base=0.092 buoyancy_pwm=80 mask_valid=1 mask=384 forward_active=0
[CTRL] depth_valid=1 depth=25.052 vz=5.723 az=0.984 target_valid=1 target=50.000 pid=-27.321 pid_base=0.041 buoyancy_pwm=80 mask_valid=1 mask=384 forward_active=0
$T,254,57,8,,,63,-428,-868,850,1212,4*75
[OK]hb
<- Minima: IDLE
[CTRL] depth_valid=1 depth=27.503 vz=5.055 az=-0.080 target_valid=1 target=50.000 pid=-22.290 pid_base=-0.005 buoyancy_pwm=80 mask_valid=1 mask=384 forward_active=0
<- Minima: BUOY 
[CTRL] depth_valid=1 depth=29.768 vz=4.631 az=-0.387 target_valid=1 target=50.000 pid=-20.306 pid_base=-0.044 buoyancy_pwm=80 mask_valid=1 mask=384 forward_active=0
<- Minima: IDLE
[CTRL] depth_valid=1 depth=31.970 vz=4.391 az=-0.409 target_valid=1 target=50.000 pid=-20.853 pid_base=-0.073 buoyancy_pwm=80 mask_valid=1 mask=384 forward_active=0
<- Minima: BUOY 
[CTRL] depth_valid=1 depth=34.544 vz=5.023 az=0.257 target_valid=1 target=50.000 pid=-34.309 pid_base=-0.079 buoyancy_pwm=87 mask_valid=1 mask=384 forward_active=0
$T,353,51,3,,,104,-249,-861,673,1210,4*4B
[CTRL] depth_valid=1 depth=37.082 vz=5.174 az=0.237 target_valid=1 target=50.000 pid=-41.526 pid_base=-0.073 buoyancy_pwm=106 mask_valid=1 mask=384 forward_active=0
[CTRL] depth_valid=1 depth=39.399 vz=4.714 az=-0.263 target_valid=1 target=50.000 pid=-40.238 pid_base=-0.064 buoyancy_pwm=103 mask_valid=1 mask=384 forward_active=0
[CTRL] depth_valid=1 depth=41.632 vz=4.327 az=-0.575 target_valid=1 target=50.000 pid=-39.976 pid_base=-0.044 buoyancy_pwm=102 mask_valid=1 mask=384 forward_active=0
[CTRL] depth_valid=1 depth=43.643 vz=3.835 az=-0.788 target_valid=1 target=50.000 pid=-37.948 pid_base=-0.021 buoyancy_pwm=97 mask_valid=1 mask=384 forward_active=0
$T,442,37,-7,,,,216,-864,222,1206,4*75
[CTRL] depth_valid=1 depth=45.546 vz=3.596 az=-0.671 target_valid=1 target=50.000 pid=-39.230 pid_base=0.009 buoyancy_pwm=100 mask_valid=1 mask=384 forward_active=0
[CTRL] depth_valid=1 depth=46.953 vz=2.747 az=-1.063 target_valid=1 target=50.000 pid=-31.226 pid_base=0.031 buoyancy_pwm=80 mask_valid=1 mask=384 forward_active=0
[OK]hb
[CTRL] depth_valid=1 depth=48.302 vz=2.474 az=-0.811 target_valid=1 target=50.000 pid=-30.908 pid_base=0.059 buoyancy_pwm=80 mask_valid=1 mask=384 forward_active=0
[CTRL] depth_valid=1 depth=49.506 vz=2.176 az=-0.735 target_valid=1 target=50.000 pid=-30.010 pid_base=0.090 buoyancy_pwm=80 mask_valid=1 mask=384 forward_active=0
$T,498,21,-6,,26,96,452,-862,-7,1203,4*52
[CTRL] depth_valid=1 depth=50.688 vz=2.117 az=-0.516 target_valid=1 target=50.000 pid=-32.387 pid_base=0.125 buoyancy_pwm=83 mask_valid=1 mask=384 forward_active=0
[CTRL] depth_valid=1 depth=52.054 vz=2.141 az=-0.265 target_valid=1 target=50.000 pid=-36.907 pid_base=0.166 buoyancy_pwm=94 mask_valid=1 mask=384 forward_active=0
[CTRL] depth_valid=1 depth=53.193 vz=2.190 az=-0.125 target_valid=1 target=50.000 pid=-39.280 pid_base=0.212 buoyancy_pwm=100 mask_valid=1 mask=384 forward_active=0
[CTRL] depth_valid=1 depth=54.460 vz=2.343 az=-0.058 target_valid=1 target=50.000 pid=-46.320 pid_base=0.277 buoyancy_pwm=118 mask_valid=1 mask=384 forward_active=0
$T,546,22,-1,,26,,616,-844,-167,1212,4*5A
[CTRL] depth_valid=1 depth=55.611 vz=2.285 az=-0.121 target_valid=1 target=50.000 pid=-49.157 pid_base=0.336 buoyancy_pwm=125 mask_valid=1 mask=384 forward_active=0
[CTRL] depth_valid=1 depth=56.691 vz=2.123 az=-0.247 target_valid=1 target=50.000 pid=-50.549 pid_base=0.399 buoyancy_pwm=129 mask_valid=1 mask=384 forward_active=0
[CTRL] depth_valid=1 depth=57.364 vz=1.360 az=-0.781 target_valid=1 target=50.000 pid=-42.926 pid_base=0.453 buoyancy_pwm=109 mask_valid=1 mask=384 forward_active=0
[CTRL] depth_valid=1 depth=58.192 vz=1.372 az=-0.509 target_valid=1 target=50.000 pid=-46.140 pid_base=0.516 buoyancy_pwm=118 mask_valid=1 mask=384 forward_active=0
$T,582,13,-5,,27,,682,-825,-223,1212,4*5C
[OK]hb
[CTRL] depth_valid=1 depth=58.774 vz=1.001 az=-0.658 target_valid=1 target=50.000 pid=-43.669 pid_base=0.575 buoyancy_pwm=111 mask_valid=1 mask=384 forward_active=0
[CTRL] depth_valid=1 depth=59.321 vz=0.843 az=-0.587 target_valid=1 target=50.000 pid=-44.004 pid_base=0.636 buoyancy_pwm=112 mask_valid=1 mask=384 forward_active=0
[CTRL] depth_valid=1 depth=59.452 vz=0.087 az=-1.027 target_valid=1 target=50.000 pid=-35.299 pid_base=0.686 buoyancy_pwm=90 mask_valid=1 mask=384 forward_active=0
[CTRL] depth_valid=1 depth=59.521 vz=-0.187 az=-0.792 target_valid=1 target=50.000 pid=-34.189 pid_base=0.736 buoyancy_pwm=87 mask_valid=1 mask=384 forward_active=0
$T,594,-2,-8,,27,75,721,-807,-249,1201,4*4F
[CTRL] depth_valid=1 depth=59.374 vz=-0.532 az=-0.777 target_valid=1 target=50.000 pid=-30.471 pid_base=0.780 buoyancy_pwm=80 mask_valid=1 mask=384 forward_active=0
[CTRL] depth_valid=1 depth=59.070 vz=-0.864 az=-0.772 target_valid=1 target=50.000 pid=-27.201 pid_base=0.819 buoyancy_pwm=80 mask_valid=1 mask=384 forward_active=0
[CTRL] depth_valid=1 depth=58.458 vz=-1.380 az=-0.862 target_valid=1 target=50.000 pid=-18.135 pid_base=0.845 buoyancy_pwm=80 mask_valid=1 mask=384 forward_active=0
[CTRL] depth_valid=1 depth=57.619 vz=-1.918 az=-0.972 target_valid=1 target=50.000 pid=-8.865 pid_base=0.864 buoyancy_pwm=0 mask_valid=1 mask=0 forward_active=0
$T,574,-20,-9,,27,74,718,-796,-224,1206,4*70
<- Minima: IDLE
[CTRL] depth_valid=1 depth=56.811 vz=-1.912 az=-0.578 target_valid=1 target=50.000 pid=-7.602 pid_base=0.876 buoyancy_pwm=80 mask_valid=1 mask=384 forward_active=0
[CTRL] depth_valid=1 depth=56.232 vz=-1.361 az=0.117 target_valid=1 target=50.000 pid=-14.135 pid_base=0.892 buoyancy_pwm=0 mask_valid=1 mask=0 forward_active=0
[OK]hb
[CTRL] depth_valid=1 depth=56.085 vz=-0.369 az=0.864 target_valid=1 target=50.000 pid=-27.660 pid_base=0.918 buoyancy_pwm=80 mask_valid=1 mask=384 forward_active=0
<- Minima: BUOY 
[CTRL] depth_valid=1 depth=56.363 vz=0.701 az=1.372 target_valid=1 target=50.000 pid=-43.352 pid_base=0.958 buoyancy_pwm=111 mask_valid=1 mask=384 forward_active=0
$T,563,6,11,228,27,73,725,-799,-197,1206,4*4E
[CTRL] depth_valid=1 depth=56.689 vz=1.011 az=1.048 target_valid=1 target=50.000 pid=-49.072 pid_base=1.000 buoyancy_pwm=125 mask_valid=1 mask=384 forward_active=0
[CTRL] depth_valid=1 depth=56.790 vz=0.399 az=0.011 target_valid=1 target=50.000 pid=-41.936 pid_base=1.037 buoyancy_pwm=107 mask_valid=1 mask=384 forward_active=0
[CTRL] depth_valid=1 depth=56.420 vz=-0.746 az=-0.999 target_valid=1 target=50.000 pid=-26.433 pid_base=1.059 buoyancy_pwm=80 mask_valid=1 mask=384 forward_active=0
[CTRL] depth_valid=1 depth=55.570 vz=-1.925 az=-1.576 target_valid=1 target=50.000 pid=-9.133 pid_base=1.064 buoyancy_pwm=80 mask_valid=1 mask=384 forward_active=0
$T,553,-21,-16,229,27,73,765,-772,-195,1213,4*79
[CTRL] depth_valid=1 depth=54.196 vz=-3.162 az=-1.982 target_valid=1 target=50.000 pid=62.805 pid_base=1.048 buoyancy_pwm=160 mask_valid=1 mask=0 forward_active=0
[CTRL] depth_valid=1 depth=52.359 vz=-4.146 az=-1.960 target_valid=1 target=50.000 pid=100.000 pid_base=1.010 buoyancy_pwm=255 mask_valid=1 mask=0 forward_active=0
[CTRL] depth_valid=1 depth=50.750 vz=-3.743 az=-0.768 target_valid=1 target=50.000 pid=100.000 pid_base=0.952 buoyancy_pwm=255 mask_valid=1 mask=0 forward_active=0
[CTRL] depth_valid=1 depth=49.758 vz=-2.199 az=0.900 target_valid=1 target=50.000 pid=55.840 pid_base=0.922 buoyancy_pwm=142 mask_valid=1 mask=0 forward_active=0
$T,496,-18,12,227,27,72,551,-854,55,1213,4*43
[OK]hb
[CTRL] depth_valid=1 depth=49.827 vz=0.163 az=2.460 target_valid=1 target=50.000 pid=-22.342 pid_base=0.923 buoyancy_pwm=80 mask_valid=1 mask=384 forward_active=0
[CTRL] depth_valid=1 depth=50.500 vz=1.830 az=2.775 target_valid=1 target=50.000 pid=-46.368 pid_base=0.944 buoyancy_pwm=118 mask_valid=1 mask=384 forward_active=0
[CTRL] depth_valid=1 depth=51.135 vz=1.792 az=1.420 target_valid=1 target=50.000 pid=-47.648 pid_base=0.967 buoyancy_pwm=122 mask_valid=1 mask=384 forward_active=0
[CTRL] depth_valid=1 depth=51.233 vz=0.571 az=-0.264 target_valid=1 target=50.000 pid=-31.775 pid_base=0.976 buoyancy_pwm=81 mask_valid=1 mask=384 forward_active=0
$T,512,4,-4,229,27,72,780,-783,-139,1203,4*56
[CTRL] depth_valid=1 depth=50.809 vz=-0.959 az=-1.523 target_valid=1 target=50.000 pid=-10.361 pid_base=0.969 buoyancy_pwm=80 mask_valid=1 mask=384 forward_active=0
<- Minima: IDLE
[CTRL] depth_valid=1 depth=49.789 vz=-2.345 az=-2.026 target_valid=1 target=50.000 pid=64.726 pid_base=0.940 buoyancy_pwm=165 mask_valid=1 mask=0 forward_active=0
<- Minima: BUOY 
[CTRL] depth_valid=1 depth=48.619 vz=-2.954 az=-1.735 target_valid=1 target=50.000 pid=100.000 pid_base=0.903 buoyancy_pwm=255 mask_valid=1 mask=0 forward_active=0
[CTRL] depth_valid=1 depth=47.537 vz=-2.254 az=-0.318 target_valid=1 target=50.000 pid=100.000 pid_base=0.875 buoyancy_pwm=255 mask_valid=1 mask=0 forward_active=0
$T,474,-19,0,227,27,72,572,-851,98,1209,4*73
[CTRL] depth_valid=1 depth=47.398 vz=-0.458 az=1.330 target_valid=1 target=50.000 pid=-7.650 pid_base=0.853 buoyancy_pwm=80 mask_valid=1 mask=384 forward_active=0
<- Minima: IDLE
[CTRL] depth_valid=1 depth=48.211 vz=1.816 az=2.654 target_valid=1 target=50.000 pid=-39.898 pid_base=0.867 buoyancy_pwm=102 mask_valid=1 mask=384 forward_active=0
[OK]hb
<- Minima: BUOY 
[CTRL] depth_valid=1 depth=49.474 vz=3.082 az=2.532 target_valid=1 target=50.000 pid=-60.009 pid_base=0.898 buoyancy_pwm=153 mask_valid=1 mask=384 forward_active=0
[CTRL] depth_valid=1 depth=50.620 vz=2.924 az=1.272 target_valid=1 target=50.000 pid=-60.948 pid_base=0.933 buoyancy_pwm=155 mask_valid=1 mask=384 forward_active=0
$T,507,27,9,229,27,72,757,-782,-59,1209,4*75
[CTRL] depth_valid=1 depth=51.267 vz=1.645 az=-0.409 target_valid=1 target=50.000 pid=-45.725 pid_base=0.957 buoyancy_pwm=117 mask_valid=1 mask=384 forward_active=0
[CTRL] depth_valid=1 depth=51.338 vz=0.076 az=-1.591 target_valid=1 target=50.000 pid=-25.154 pid_base=0.966 buoyancy_pwm=80 mask_valid=1 mask=384 forward_active=0
[CTRL] depth_valid=1 depth=50.957 vz=-1.147 az=-1.970 target_valid=1 target=50.000 pid=-7.961 pid_base=0.960 buoyancy_pwm=80 mask_valid=1 mask=384 forward_active=0
[CTRL] depth_valid=1 depth=50.119 vz=-2.277 az=-2.169 target_valid=1 target=50.000 pid=55.549 pid_base=0.939 buoyancy_pwm=142 mask_valid=1 mask=0 forward_active=0
$T,498,-25,-23,229,27,72,777,-765,-50,1216,4*44
[CTRL] depth_valid=1 depth=48.724 vz=-3.335 az=-2.140 target_valid=1 target=50.000 pid=100.000 pid_base=0.897 buoyancy_pwm=255 mask_valid=1 mask=0 forward_active=0
[CTRL] depth_valid=1 depth=47.106 vz=-3.257 az=-0.997 target_valid=1 target=50.000 pid=100.000 pid_base=0.854 buoyancy_pwm=255 mask_valid=1 mask=0 forward_active=0
[CTRL] depth_valid=1 depth=46.658 vz=-1.263 az=1.098 target_valid=1 target=50.000 pid=51.921 pid_base=0.831 buoyancy_pwm=132 mask_valid=1 mask=0 forward_active=0
[CTRL] depth_valid=1 depth=47.233 vz=1.203 az=2.628 target_valid=1 target=50.000 pid=-25.133 pid_base=0.828 buoyancy_pwm=80 mask_valid=1 mask=384 forward_active=0
$T,473,14,26,229,27,72,583,-832,167,1208,4*55
[OK]hb
[CTRL] depth_valid=1 depth=48.377 vz=2.729 az=2.665 target_valid=1 target=50.000 pid=-53.219 pid_base=0.849 buoyancy_pwm=136 mask_valid=1 mask=384 forward_active=0
[CTRL] depth_valid=1 depth=49.211 vz=2.350 az=1.177 target_valid=1 target=50.000 pid=-53.462 pid_base=0.869 buoyancy_pwm=136 mask_valid=1 mask=384 forward_active=0
[CTRL] depth_valid=1 depth=49.712 vz=1.333 az=-0.223 target_valid=1 target=50.000 pid=-36.805 pid_base=0.883 buoyancy_pwm=94 mask_valid=1 mask=384 forward_active=0
[CTRL] depth_valid=1 depth=49.563 vz=-0.239 az=-1.426 target_valid=1 target=50.000 pid=-15.422 pid_base=0.876 buoyancy_pwm=80 mask_valid=1 mask=384 forward_active=0
$T,494,-4,-15,,28,73,714,-794,50,1204,4*6C
[CTRL] depth_valid=1 depth=49.020 vz=-1.479 az=-1.925 target_valid=1 target=50.000 pid=15.788 pid_base=0.857 buoyancy_pwm=80 mask_valid=1 mask=0 forward_active=0
[CTRL] depth_valid=1 depth=47.853 vz=-2.869 az=-2.337 target_valid=1 target=50.000 pid=100.000 pid_base=0.817 buoyancy_pwm=255 mask_valid=1 mask=0 forward_active=0
[CTRL] depth_valid=1 depth=46.820 vz=-2.708 az=-1.204 target_valid=1 target=50.000 pid=100.000 pid_base=0.786 buoyancy_pwm=255 mask_valid=1 mask=0 forward_active=0
[CTRL] depth_valid=1 depth=46.187 vz=-1.664 az=0.187 target_valid=1 target=50.000 pid=77.031 pid_base=0.764 buoyancy_pwm=196 mask_valid=1 mask=0 forward_active=0
$T,461,-14,3,,28,73,141,-856,643,1208,4*72
[CTRL] depth_valid=1 depth=46.449 vz=0.518 az=1.971 target_valid=1 target=50.000 pid=-16.531 pid_base=0.753 buoyancy_pwm=80 mask_valid=1 mask=384 forward_active=0
[CTRL] depth_valid=1 depth=47.654 vz=2.810 az=3.046 target_valid=1 target=50.000 pid=-49.959 pid_base=0.773 buoyancy_pwm=127 mask_valid=1 mask=384 forward_active=0
[OK]hb
[CTRL] depth_valid=1 depth=48.969 vz=3.293 az=2.073 target_valid=1 target=50.000 pid=-59.718 pid_base=0.804 buoyancy_pwm=152 mask_valid=1 mask=384 forward_active=0
[CTRL] depth_valid=1 depth=49.837 vz=2.356 az=0.389 target_valid=1 target=50.000 pid=-49.471 pid_base=0.827 buoyancy_pwm=126 mask_valid=1 mask=384 forward_active=0
$T,499,22,2,,30,75,678,-795,130,1214,4*50
[CTRL] depth_valid=1 depth=50.181 vz=0.858 az=-1.064 target_valid=1 target=50.000 pid=-30.417 pid_base=0.838 buoyancy_pwm=80 mask_valid=1 mask=384 forward_active=0
[CTRL] depth_valid=1 depth=49.911 vz=-0.729 az=-1.803 target_valid=1 target=50.000 pid=-10.119 pid_base=0.831 buoyancy_pwm=80 mask_valid=1 mask=384 forward_active=0
[CTRL] depth_valid=1 depth=49.285 vz=-1.709 az=-1.876 target_valid=1 target=50.000 pid=23.021 pid_base=0.814 buoyancy_pwm=80 mask_valid=1 mask=0 forward_active=0
[CTRL] depth_valid=1 depth=48.127 vz=-2.800 az=-2.018 target_valid=1 target=50.000 pid=100.000 pid_base=0.779 buoyancy_pwm=255 mask_valid=1 mask=0 forward_active=0
$T,479,-28,-18,,30,74,661,-799,167,1210,4*6C
[CTRL] depth_valid=1 depth=47.172 vz=-2.461 az=-0.872 target_valid=1 target=50.000 pid=100.000 pid_base=0.748 buoyancy_pwm=255 mask_valid=1 mask=0 forward_active=0
[CTRL] depth_valid=1 depth=46.891 vz=-0.841 az=0.882 target_valid=1 target=50.000 pid=36.419 pid_base=0.727 buoyancy_pwm=93 mask_valid=1 mask=0 forward_active=0
<- Minima: IDLE
[CTRL] depth_valid=1 depth=47.837 vz=1.915 az=2.766 target_valid=1 target=50.000 pid=-36.011 pid_base=0.738 buoyancy_pwm=92 mask_valid=1 mask=384 forward_active=0
<- Minima: BUOY 
[CTRL] depth_valid=1 depth=49.421 vz=3.714 az=3.036 target_valid=1 target=50.000 pid=-63.129 pid_base=0.772 buoyancy_pwm=161 mask_valid=1 mask=384 forward_active=0
$T,496,37,28,,,,675,-799,168,1200,4*6B
[OK]hb
[CTRL] depth_valid=1 depth=51.026 vz=3.920 az=1.856 target_valid=1 target=50.000 pid=-73.933 pid_base=0.820 buoyancy_pwm=189 mask_valid=1 mask=384 forward_active=0
[CTRL] depth_valid=1 depth=52.120 vz=2.700 az=0.007 target_valid=1 target=50.000 pid=-63.181 pid_base=0.862 buoyancy_pwm=161 mask_valid=1 mask=384 forward_active=0
[CTRL] depth_valid=1 depth=52.823 vz=1.449 az=-1.062 target_valid=1 target=50.000 pid=-48.302 pid_base=0.897 buoyancy_pwm=123 mask_valid=1 mask=384 forward_active=0
[CTRL] depth_valid=1 depth=53.052 vz=0.146 az=-1.761 target_valid=1 target=50.000 pid=-31.739 pid_base=0.921 buoyancy_pwm=81 mask_valid=1 mask=384 forward_active=0
$T,530,-1,-18,,,,745,-774,115,1211,4*5B
[CTRL] depth_valid=1 depth=52.856 vz=-0.868 az=-1.906 target_valid=1 target=50.000 pid=-18.039 pid_base=0.933 buoyancy_pwm=80 mask_valid=1 mask=384 forward_active=0
[CTRL] depth_valid=1 depth=52.058 vz=-2.071 az=-2.123 target_valid=1 target=50.000 pid=0.000 pid_base=0.925 buoyancy_pwm=0 mask_valid=1 mask=0 forward_active=0
[CTRL] depth_valid=1 depth=50.904 vz=-2.830 az=-1.848 target_valid=1 target=50.000 pid=93.182 pid_base=0.900 buoyancy_pwm=238 mask_valid=1 mask=0 forward_active=0
[CTRL] depth_valid=1 depth=49.826 vz=-2.603 az=-0.831 target_valid=1 target=50.000 pid=100.000 pid_base=0.868 buoyancy_pwm=255 mask_valid=1 mask=0 forward_active=0
$T,497,-23,-5,,,,717,-834,166,1212,4*50
[CTRL] depth_valid=1 depth=49.494 vz=-0.960 az=0.908 target_valid=1 target=50.000 pid=0.000 pid_base=0.853 buoyancy_pwm=0 mask_valid=1 mask=0 forward_active=0
[CTRL] depth_valid=1 depth=49.985 vz=1.049 az=2.162 target_valid=1 target=50.000 pid=-30.270 pid_base=0.863 buoyancy_pwm=80 mask_valid=1 mask=384 forward_active=0
[OK]hb
[CTRL] depth_valid=1 depth=51.059 vz=2.538 az=2.418 target_valid=1 target=50.000 pid=-54.784 pid_base=0.894 buoyancy_pwm=140 mask_valid=1 mask=384 forward_active=0
[CTRL] depth_valid=1 depth=51.866 vz=2.138 az=0.964 target_valid=1 target=50.000 pid=-55.154 pid_base=0.927 buoyancy_pwm=141 mask_valid=1 mask=384 forward_active=0
$T,519,20,7,,,,781,-760,125,1212,4*50
[CTRL] depth_valid=1 depth=51.984 vz=0.473 az=-0.911 target_valid=1 target=50.000 pid=-37.111 pid_base=0.945 buoyancy_pwm=95 mask_valid=1 mask=384 forward_active=0
[CTRL] depth_valid=1 depth=51.623 vz=-0.932 az=-1.727 target_valid=1 target=50.000 pid=-15.758 pid_base=0.945 buoyancy_pwm=80 mask_valid=1 mask=384 forward_active=0
[CTRL] depth_valid=1 depth=50.841 vz=-1.998 az=-1.912 target_valid=1 target=50.000 pid=26.179 pid_base=0.927 buoyancy_pwm=80 mask_valid=1 mask=0 forward_active=0
[CTRL] depth_valid=1 depth=49.569 vz=-3.040 az=-2.001 target_valid=1 target=50.000 pid=100.000 pid_base=0.890 buoyancy_pwm=255 mask_valid=1 mask=0 forward_active=0
$T,493,-31,-19,,,,736,-766,192,1207,4*6E
[CTRL] depth_valid=1 depth=48.339 vz=-2.967 az=-1.070 target_valid=1 target=50.000 pid=100.000 pid_base=0.854 buoyancy_pwm=255 mask_valid=1 mask=0 forward_active=0
[CTRL] depth_valid=1 depth=47.624 vz=-1.815 az=0.328 target_valid=1 target=50.000 pid=63.478 pid_base=0.827 buoyancy_pwm=162 mask_valid=1 mask=0 forward_active=0
<- Minima: IDLE
[CTRL] depth_valid=1 depth=47.918 vz=0.647 az=2.316 target_valid=1 target=50.000 pid=-22.761 pid_base=0.824 buoyancy_pwm=80 mask_valid=1 mask=384 forward_active=0
<- Minima: BUOY 
[CTRL] depth_valid=1 depth=49.320 vz=3.188 az=3.393 target_valid=1 target=50.000 pid=-60.210 pid_base=0.858 buoyancy_pwm=154 mask_valid=1 mask=384 forward_active=0
$T,495,33,32,,,,679,-800,267,1211,4*68
[OK]hb
[CTRL] depth_valid=1 depth=50.856 vz=3.864 az=2.464 target_valid=1 target=50.000 pid=-73.320 pid_base=0.904 buoyancy_pwm=187 mask_valid=1 mask=384 forward_active=0
[CTRL] depth_valid=1 depth=51.930 vz=2.791 az=0.474 target_valid=1 target=50.000 pid=-62.031 pid_base=0.943 buoyancy_pwm=158 mask_valid=1 mask=384 forward_active=0
[CTRL] depth_valid=1 depth=52.476 vz=1.248 az=-1.055 target_valid=1 target=50.000 pid=-43.160 pid_base=0.970 buoyancy_pwm=110 mask_valid=1 mask=384 forward_active=0
[CTRL] depth_valid=1 depth=52.736 vz=0.219 az=-1.516 target_valid=1 target=50.000 pid=-30.428 pid_base=0.992 buoyancy_pwm=80 mask_valid=1 mask=384 forward_active=0
$T,527,0,-15,,,,747,-774,222,1206,4*7F
[CTRL] depth_valid=1 depth=52.552 vz=-0.782 az=-1.756 target_valid=1 target=50.000 pid=-16.890 pid_base=1.000 buoyancy_pwm=80 mask_valid=1 mask=384 forward_active=0
[CTRL] depth_valid=1 depth=51.663 vz=-2.174 az=-2.174 target_valid=1 target=50.000 pid=22.723 pid_base=0.984 buoyancy_pwm=80 mask_valid=1 mask=0 forward_active=0
[CTRL] depth_valid=1 depth=50.350 vz=-3.140 az=-2.051 target_valid=1 target=50.000 pid=100.000 pid_base=0.950 buoyancy_pwm=255 mask_valid=1 mask=0 forward_active=0
[CTRL] depth_valid=1 depth=49.024 vz=-3.083 az=-1.046 target_valid=1 target=50.000 pid=100.000 pid_base=0.910 buoyancy_pwm=255 mask_valid=1 mask=0 forward_active=0
$T,488,-28,-6,,,,680,-836,308,1212,4*51
[CTRL] depth_valid=1 depth=48.512 vz=-1.400 az=0.803 target_valid=1 target=50.000 pid=11.097 pid_base=0.890 buoyancy_pwm=80 mask_valid=1 mask=0 forward_active=0
[CTRL] depth_valid=1 depth=49.002 vz=1.030 az=2.476 target_valid=1 target=50.000 pid=-31.708 pid_base=0.898 buoyancy_pwm=81 mask_valid=1 mask=384 forward_active=0
[OK]hb
[CTRL] depth_valid=1 depth=49.974 vz=2.424 az=2.526 target_valid=1 target=50.000 pid=-52.821 pid_base=0.925 buoyancy_pwm=135 mask_valid=1 mask=384 forward_active=0
[CTRL] depth_valid=1 depth=51.278 vz=3.074 az=1.887 target_valid=1 target=50.000 pid=-65.361 pid_base=0.960 buoyancy_pwm=167 mask_valid=1 mask=384 forward_active=0
$T,514,30,16,,,,770,-783,239,1212,4*61
[CTRL] depth_valid=1 depth=52.034 vz=1.981 az=0.112 target_valid=1 target=50.000 pid=-52.654 pid_base=0.998 buoyancy_pwm=134 mask_valid=1 mask=384 forward_active=0
[CTRL] depth_valid=1 depth=52.245 vz=0.493 az=-1.211 target_valid=1 target=50.000 pid=-33.620 pid_base=1.015 buoyancy_pwm=86 mask_valid=1 mask=384 forward_active=0
[CTRL] depth_valid=1 depth=51.985 vz=-0.884 az=-1.924 target_valid=1 target=50.000 pid=-14.804 pid_base=1.018 buoyancy_pwm=80 mask_valid=1 mask=384 forward_active=0
[CTRL] depth_valid=1 depth=51.224 vz=-2.086 az=-2.187 target_valid=1 target=50.000 pid=-0.731 pid_base=1.009 buoyancy_pwm=80 mask_valid=1 mask=384 forward_active=0
$T,510,-22,-21,,,,787,-769,246,1211,4*65
[CTRL] depth_valid=1 depth=49.978 vz=-3.154 az=-2.240 target_valid=1 target=50.000 pid=100.000 pid_base=0.971 buoyancy_pwm=255 mask_valid=1 mask=0 forward_active=0
[CTRL] depth_valid=1 depth=48.556 vz=-3.402 az=-1.480 target_valid=1 target=50.000 pid=100.000 pid_base=0.928 buoyancy_pwm=255 mask_valid=1 mask=0 forward_active=0
[CTRL] depth_valid=1 depth=47.728 vz=-2.157 az=0.170 target_valid=1 target=50.000 pid=79.567 pid_base=0.902 buoyancy_pwm=203 mask_valid=1 mask=0 forward_active=0
[CTRL] depth_valid=1 depth=47.866 vz=0.168 az=2.022 target_valid=1 target=50.000 pid=-17.843 pid_base=0.894 buoyancy_pwm=80 mask_valid=1 mask=384 forward_active=0
$T,479,5,22,,,,623,-861,423,1210,4*51
[OK]hb
[CTRL] depth_valid=1 depth=48.885 vz=2.342 az=2.900 target_valid=1 target=50.000 pid=-49.358 pid_base=0.916 buoyancy_pwm=126 mask_valid=1 mask=384 forward_active=0
[CTRL] depth_valid=1 depth=50.037 vz=2.933 az=2.084 target_valid=1 target=50.000 pid=-60.248 pid_base=0.948 buoyancy_pwm=154 mask_valid=1 mask=384 forward_active=0
[CTRL] depth_valid=1 depth=50.604 vz=1.720 az=0.159 target_valid=1 target=50.000 pid=-45.615 pid_base=0.967 buoyancy_pwm=116 mask_valid=1 mask=384 forward_active=0
[CTRL] depth_valid=1 depth=50.703 vz=0.309 az=-1.099 target_valid=1 target=50.000 pid=-27.151 pid_base=0.973 buoyancy_pwm=80 mask_valid=1 mask=384 forward_active=0
$T,506,0,-13,,,,757,-810,297,1210,4*7F
[CTRL] depth_valid=1 depth=50.196 vz=-1.230 az=-1.929 target_valid=1 target=50.000 pid=-5.333 pid_base=0.960 buoyancy_pwm=80 mask_valid=1 mask=384 forward_active=0
<- Minima: IDLE
[CTRL] depth_valid=1 depth=49.272 vz=-2.363 az=-2.100 target_valid=1 target=50.000 pid=73.527 pid_base=0.932 buoyancy_pwm=187 mask_valid=1 mask=0 forward_active=0
<- Minima: BUOY 
[CTRL] depth_valid=1 depth=48.014 vz=-2.972 az=-1.673 target_valid=1 target=50.000 pid=100.000 pid_base=0.894 buoyancy_pwm=255 mask_valid=1 mask=0 forward_active=0
[CTRL] depth_valid=1 depth=46.770 vz=-2.867 az=-0.826 target_valid=1 target=50.000 pid=100.000 pid_base=0.856 buoyancy_pwm=255 mask_valid=1 mask=0 forward_active=0
$T,466,-25,-4,,,,375,-870,687,1211,4*52
[CTRL] depth_valid=1 depth=46.452 vz=-0.953 az=1.138 target_valid=1 target=50.000 pid=7.092 pid_base=0.838 buoyancy_pwm=80 mask_valid=1 mask=0 forward_active=0
<- Minima: IDLE
[CTRL] depth_valid=1 depth=47.297 vz=1.814 az=2.947 target_valid=1 target=50.000 pid=-31.935 pid_base=0.844 buoyancy_pwm=81 mask_valid=1 mask=384 forward_active=0
[OK]hb
<- Minima: BUOY 
[CTRL] depth_valid=1 depth=48.681 vz=3.374 az=2.938 target_valid=1 target=50.000 pid=-61.853 pid_base=0.878 buoyancy_pwm=158 mask_valid=1 mask=384 forward_active=0
[CTRL] depth_valid=1 depth=50.173 vz=3.571 az=1.737 target_valid=1 target=50.000 pid=-68.387 pid_base=0.920 buoyancy_pwm=174 mask_valid=1 mask=384 forward_active=0
$T,503,34,14,,,,712,-803,369,1211,4*65
[CTRL] depth_valid=1 depth=51.188 vz=2.456 az=0.000 target_valid=1 target=50.000 pid=-56.309 pid_base=0.953 buoyancy_pwm=144 mask_valid=1 mask=384 forward_active=0
[CTRL] depth_valid=1 depth=51.829 vz=1.316 az=-0.970 target_valid=1 target=50.000 pid=-42.979 pid_base=0.980 buoyancy_pwm=110 mask_valid=1 mask=384 forward_active=0
[CTRL] depth_valid=1 depth=51.882 vz=-0.115 az=-1.789 target_valid=1 target=50.000 pid=-24.259 pid_base=0.991 buoyancy_pwm=80 mask_valid=1 mask=384 forward_active=0
[CTRL] depth_valid=1 depth=51.500 vz=-1.218 az=-1.977 target_valid=1 target=50.000 pid=-8.727 pid_base=0.989 buoyancy_pwm=80 mask_valid=1 mask=384 forward_active=0
$T,513,-14,-20,,62,,727,-780,368,1203,4*65
<- Minima: IDLE
[CTRL] depth_valid=1 depth=50.532 vz=-2.397 az=-2.119 target_valid=1 target=50.000 pid=56.652 pid_base=0.965 buoyancy_pwm=144 mask_valid=1 mask=0 forward_active=0
<- Minima: BUOY 
[CTRL] depth_valid=1 depth=49.251 vz=-3.109 az=-1.829 target_valid=1 target=50.000 pid=100.000 pid_base=0.928 buoyancy_pwm=255 mask_valid=1 mask=0 forward_active=0
[CTRL] depth_valid=1 depth=48.357 vz=-2.296 az=-0.358 target_valid=1 target=50.000 pid=93.288 pid_base=0.904 buoyancy_pwm=238 mask_valid=1 mask=0 forward_active=0
[CTRL] depth_valid=1 depth=48.167 vz=-0.524 az=1.308 target_valid=1 target=50.000 pid=-8.990 pid_base=0.884 buoyancy_pwm=80 mask_valid=1 mask=384 forward_active=0
$T,482,-1,16,,62,,362,-860,738,1203,4*75
[OK]hb
[CTRL] depth_valid=1 depth=49.050 vz=1.934 az=2.777 target_valid=1 target=50.000 pid=-43.947 pid_base=0.903 buoyancy_pwm=112 mask_valid=1 mask=384 forward_active=0
[CTRL] depth_valid=1 depth=50.370 vz=3.156 az=2.513 target_valid=1 target=50.000 pid=-63.713 pid_base=0.940 buoyancy_pwm=162 mask_valid=1 mask=384 forward_active=0
[CTRL] depth_valid=1 depth=51.527 vz=2.836 az=1.069 target_valid=1 target=50.000 pid=-62.644 pid_base=0.980 buoyancy_pwm=160 mask_valid=1 mask=384 forward_active=0
[CTRL] depth_valid=1 depth=52.318 vz=1.739 az=-0.426 target_valid=1 target=50.000 pid=-50.343 pid_base=1.013 buoyancy_pwm=128 mask_valid=1 mask=384 forward_active=0
$T,523,14,-7,,62,,730,-800,388,1209,4*7B
[CTRL] depth_valid=1 depth=52.522 vz=0.308 az=-1.488 target_valid=1 target=50.000 pid=-32.079 pid_base=1.032 buoyancy_pwm=82 mask_valid=1 mask=384 forward_active=0
[CTRL] depth_valid=1 depth=52.312 vz=-0.839 az=-1.868 target_valid=1 target=50.000 pid=-16.507 pid_base=1.038 buoyancy_pwm=80 mask_valid=1 mask=384 forward_active=0
[CTRL] depth_valid=1 depth=51.631 vz=-1.940 az=-2.089 target_valid=1 target=50.000 pid=-0.252 pid_base=1.028 buoyancy_pwm=80 mask_valid=1 mask=384 forward_active=0
[CTRL] depth_valid=1 depth=50.359 vz=-3.079 az=-2.180 target_valid=1 target=50.000 pid=100.000 pid_base=0.996 buoyancy_pwm=255 mask_valid=1 mask=0 forward_active=0
$T,501,-32,-21,,61,,685,-790,447,1209,4*68
[CTRL] depth_valid=1 depth=48.922 vz=-3.362 az=-1.435 target_valid=1 target=50.000 pid=100.000 pid_base=0.953 buoyancy_pwm=255 mask_valid=1 mask=0 forward_active=0
[CTRL] depth_valid=1 depth=48.025 vz=-2.187 az=0.193 target_valid=1 target=50.000 pid=75.409 pid_base=0.924 buoyancy_pwm=192 mask_valid=1 mask=0 forward_active=0
[OK]hb
[CTRL] depth_valid=1 depth=48.200 vz=0.252 az=2.134 target_valid=1 target=50.000 pid=-20.196 pid_base=0.920 buoyancy_pwm=80 mask_valid=1 mask=384 forward_active=0
[CTRL] depth_valid=1 depth=49.142 vz=2.259 az=2.851 target_valid=1 target=50.000 pid=-49.319 pid_base=0.941 buoyancy_pwm=126 mask_valid=1 mask=384 forward_active=0
$T,492,23,27,,61,,667,-807,481,1210,4*6A
[CTRL] depth_valid=1 depth=50.081 vz=2.518 az=1.785 target_valid=1 target=50.000 pid=-55.231 pid_base=0.967 buoyancy_pwm=141 mask_valid=1 mask=384 forward_active=0
[CTRL] depth_valid=1 depth=50.426 vz=1.195 az=-0.104 target_valid=1 target=50.000 pid=-38.531 pid_base=0.979 buoyancy_pwm=98 mask_valid=1 mask=384 forward_active=0
[CTRL] depth_valid=1 depth=50.325 vz=-0.254 az=-1.342 target_valid=1 target=50.000 pid=-19.003 pid_base=0.978 buoyancy_pwm=80 mask_valid=1 mask=384 forward_active=0
[CTRL] depth_valid=1 depth=49.706 vz=-1.552 az=-1.881 target_valid=1 target=50.000 pid=-0.054 pid_base=0.960 buoyancy_pwm=80 mask_valid=1 mask=384 forward_active=0
$T,494,-19,-20,,61,,735,-787,429,1207,4*67
[CTRL] depth_valid=1 depth=48.677 vz=-2.465 az=-1.821 target_valid=1 target=50.000 pid=89.623 pid_base=0.926 buoyancy_pwm=229 mask_valid=1 mask=0 forward_active=0
[CTRL] depth_valid=1 depth=47.393 vz=-2.973 az=-1.437 target_valid=1 target=50.000 pid=100.000 pid_base=0.892 buoyancy_pwm=255 mask_valid=1 mask=0 forward_active=0
[CTRL] depth_valid=1 depth=46.439 vz=-2.276 az=-0.207 target_valid=1 target=50.000 pid=100.000 pid_base=0.857 buoyancy_pwm=255 mask_valid=1 mask=0 forward_active=0
[CTRL] depth_valid=1 depth=46.406 vz=-0.200 az=1.638 target_valid=1 target=50.000 pid=-8.834 pid_base=0.841 buoyancy_pwm=80 mask_valid=1 mask=384 forward_active=0
$T,465,2,19,22,60,,295,-878,887,1211,4*57
[OK]hb
[CTRL] depth_valid=1 depth=47.571 vz=2.554 az=3.200 target_valid=1 target=50.000 pid=-48.312 pid_base=0.860 buoyancy_pwm=123 mask_valid=1 mask=384 forward_active=0
[CTRL] depth_valid=1 depth=48.878 vz=3.330 az=2.432 target_valid=1 target=50.000 pid=-61.933 pid_base=0.890 buoyancy_pwm=158 mask_valid=1 mask=384 forward_active=0
[CTRL] depth_valid=1 depth=50.004 vz=2.777 az=0.839 target_valid=1 target=50.000 pid=-57.510 pid_base=0.921 buoyancy_pwm=147 mask_valid=1 mask=384 forward_active=0
[CTRL] depth_valid=1 depth=50.463 vz=1.197 az=-0.855 target_valid=1 target=50.000 pid=-37.684 pid_base=0.936 buoyancy_pwm=96 mask_valid=1 mask=384 forward_active=0
$T,504,8,-11,22,62,,786,-821,417,1213,4*70
[CTRL] depth_valid=1 depth=50.435 vz=-0.177 az=-1.626 target_valid=1 target=50.000 pid=-19.349 pid_base=0.938 buoyancy_pwm=80 mask_valid=1 mask=384 forward_active=0
[CTRL] depth_valid=1 depth=50.025 vz=-1.229 az=-1.835 target_valid=1 target=50.000 pid=-4.265 pid_base=0.927 buoyancy_pwm=80 mask_valid=1 mask=384 forward_active=0
<- Minima: IDLE
[CTRL] depth_valid=1 depth=49.048 vz=-2.464 az=-2.143 target_valid=1 target=50.000 pid=89.046 pid_base=0.896 buoyancy_pwm=227 mask_valid=1 mask=0 forward_active=0
<- Minima: BUOY 
[CTRL] depth_valid=1 depth=47.850 vz=-2.876 az=-1.531 target_valid=1 target=50.000 pid=100.000 pid_base=0.859 buoyancy_pwm=255 mask_valid=1 mask=0 forward_active=0
$T,476,-29,-15,22,51,,758,-846,465,1203,4*68
[CTRL] depth_valid=1 depth=46.917 vz=-2.178 az=-0.211 target_valid=1 target=50.000 pid=100.000 pid_base=0.831 buoyancy_pwm=255 mask_valid=1 mask=0 forward_active=0
<- Minima: IDLE
[CTRL] depth_valid=1 depth=47.014 vz=0.080 az=1.811 target_valid=1 target=50.000 pid=-13.345 pid_base=0.821 buoyancy_pwm=80 mask_valid=1 mask=384 forward_active=0
[OK]hb
<- Minima: BUOY 
[CTRL] depth_valid=1 depth=48.268 vz=2.787 az=3.271 target_valid=1 target=50.000 pid=-52.502 pid_base=0.846 buoyancy_pwm=134 mask_valid=1 mask=384 forward_active=0
[CTRL] depth_valid=1 depth=49.662 vz=3.553 az=2.482 target_valid=1 target=50.000 pid=-63.840 pid_base=0.875 buoyancy_pwm=163 mask_valid=1 mask=384 forward_active=0
$T,498,35,22,20,52,,836,-805,407,1202,4*65
[CTRL] depth_valid=1 depth=50.849 vz=2.967 az=0.868 target_valid=1 target=50.000 pid=-61.686 pid_base=0.919 buoyancy_pwm=157 mask_valid=1 mask=384 forward_active=0
[CTRL] depth_valid=1 depth=51.540 vz=1.639 az=-0.647 target_valid=1 target=50.000 pid=-45.941 pid_base=0.946 buoyancy_pwm=117 mask_valid=1 mask=384 forward_active=0
[CTRL] depth_valid=1 depth=51.883 vz=0.532 az=-1.333 target_valid=1 target=50.000 pid=-32.297 pid_base=0.965 buoyancy_pwm=82 mask_valid=1 mask=384 forward_active=0
[CTRL] depth_valid=1 depth=51.723 vz=-0.685 az=-1.834 target_valid=1 target=50.000 pid=-15.848 pid_base=0.969 buoyancy_pwm=80 mask_valid=1 mask=384 forward_active=0
$T,516,-9,-19,19,51,,823,-779,441,1213,4*5E
[CTRL] depth_valid=1 depth=50.988 vz=-1.986 az=-2.212 target_valid=1 target=50.000 pid=-1.960 pid_base=0.960 buoyancy_pwm=80 mask_valid=1 mask=384 forward_active=0
[CTRL] depth_valid=1 depth=49.773 vz=-3.021 az=-2.173 target_valid=1 target=50.000 pid=100.000 pid_base=0.921 buoyancy_pwm=255 mask_valid=1 mask=0 forward_active=0
[CTRL] depth_valid=1 depth=48.512 vz=-3.040 az=-1.224 target_valid=1 target=50.000 pid=100.000 pid_base=0.883 buoyancy_pwm=255 mask_valid=1 mask=0 forward_active=0
[CTRL] depth_valid=1 depth=47.917 vz=-1.553 az=0.570 target_valid=1 target=50.000 pid=34.551 pid_base=0.860 buoyancy_pwm=88 mask_valid=1 mask=0 forward_active=0
$T,478,-12,8,19,50,,511,-862,773,1213,4*7A
[OK]hb
[CTRL] depth_valid=1 depth=48.248 vz=0.711 az=2.230 target_valid=1 target=50.000 pid=-21.485 pid_base=0.859 buoyancy_pwm=80 mask_valid=1 mask=384 forward_active=0
[CTRL] depth_valid=1 depth=49.444 vz=2.796 az=2.974 target_valid=1 target=50.000 pid=-55.941 pid_base=0.890 buoyancy_pwm=143 mask_valid=1 mask=384 forward_active=0
[CTRL] depth_valid=1 depth=50.776 vz=3.319 az=2.072 target_valid=1 target=50.000 pid=-66.462 pid_base=0.930 buoyancy_pwm=169 mask_valid=1 mask=384 forward_active=0
[CTRL] depth_valid=1 depth=51.788 vz=2.566 az=0.526 target_valid=1 target=50.000 pid=-59.265 pid_base=0.966 buoyancy_pwm=151 mask_valid=1 mask=384 forward_active=0
$T,519,24,3,19,50,,748,-793,552,1211,4*53
[CTRL] depth_valid=1 depth=52.487 vz=1.557 az=-0.568 target_valid=1 target=50.000 pid=-47.905 pid_base=0.998 buoyancy_pwm=122 mask_valid=1 mask=384 forward_active=0
[CTRL] depth_valid=1 depth=52.595 vz=0.172 az=-1.463 target_valid=1 target=50.000 pid=-30.006 pid_base=1.014 buoyancy_pwm=80 mask_valid=1 mask=384 forward_active=0
[CTRL] depth_valid=1 depth=52.191 vz=-1.100 az=-1.881 target_valid=1 target=50.000 pid=-12.241 pid_base=1.014 buoyancy_pwm=80 mask_valid=1 mask=384 forward_active=0
[CTRL] depth_valid=1 depth=51.304 vz=-2.267 az=-2.095 target_valid=1 target=50.000 pid=32.784 pid_base=0.997 buoyancy_pwm=84 mask_valid=1 mask=0 forward_active=0
$T,510,-24,-21,18,50,,777,-774,524,1211,4*6F
[CTRL] depth_valid=1 depth=49.885 vz=-3.437 az=-2.255 target_valid=1 target=50.000 pid=100.000 pid_base=0.958 buoyancy_pwm=255 mask_valid=1 mask=0 forward_active=0
[CTRL] depth_valid=1 depth=48.574 vz=-3.161 az=-1.016 target_valid=1 target=50.000 pid=100.000 pid_base=0.919 buoyancy_pwm=255 mask_valid=1 mask=0 forward_active=0
[OK]hb
[CTRL] depth_valid=1 depth=48.028 vz=-1.432 az=0.883 target_valid=1 target=50.000 pid=54.821 pid_base=0.898 buoyancy_pwm=140 mask_valid=1 mask=0 forward_active=0
[CTRL] depth_valid=1 depth=48.354 vz=0.806 az=2.404 target_valid=1 target=50.000 pid=-22.422 pid_base=0.895 buoyancy_pwm=80 mask_valid=1 mask=384 forward_active=0
$T,485,12,26,18,50,237,590,-845,733,1209,4*5D
[CTRL] depth_valid=1 depth=49.365 vz=2.439 az=2.659 target_valid=1 target=50.000 pid=-51.365 pid_base=0.918 buoyancy_pwm=131 mask_valid=1 mask=384 forward_active=0
[CTRL] depth_valid=1 depth=50.243 vz=2.327 az=1.347 target_valid=1 target=50.000 pid=-53.627 pid_base=0.942 buoyancy_pwm=137 mask_valid=1 mask=384 forward_active=0
[CTRL] depth_valid=1 depth=50.720 vz=1.244 az=-0.212 target_valid=1 target=50.000 pid=-41.144 pid_base=0.961 buoyancy_pwm=105 mask_valid=1 mask=384 forward_active=0
[CTRL] depth_valid=1 depth=50.479 vz=-0.475 az=-1.579 target_valid=1 target=50.000 pid=-19.432 pid_base=0.961 buoyancy_pwm=80 mask_valid=1 mask=384 forward_active=0
$T,504,-6,-16,18,49,235,720,-804,622,1204,4*69
[CTRL] depth_valid=1 depth=49.820 vz=-1.768 az=-2.053 target_valid=1 target=50.000 pid=-0.688 pid_base=0.946 buoyancy_pwm=80 mask_valid=1 mask=384 forward_active=0
[CTRL] depth_valid=1 depth=48.679 vz=-2.802 az=-2.066 target_valid=1 target=50.000 pid=100.000 pid_base=0.911 buoyancy_pwm=255 mask_valid=1 mask=0 forward_active=0
[CTRL] depth_valid=1 depth=47.573 vz=-2.752 az=-1.138 target_valid=1 target=50.000 pid=100.000 pid_base=0.877 buoyancy_pwm=255 mask_valid=1 mask=0 forward_active=0
[CTRL] depth_valid=1 depth=46.792 vz=-1.903 az=0.061 target_valid=1 target=50.000 pid=90.662 pid_base=0.851 buoyancy_pwm=231 mask_valid=1 mask=0 forward_active=0
$T,467,-17,2,18,49,235,91,-861,1264,1209,4*41
[OK]hb
[CTRL] depth_valid=1 depth=47.052 vz=0.469 az=2.058 target_valid=1 target=50.000 pid=-14.021 pid_base=0.837 buoyancy_pwm=80 mask_valid=1 mask=384 forward_active=0
[CTRL] depth_valid=1 depth=48.227 vz=2.714 az=3.022 target_valid=1 target=50.000 pid=-47.146 pid_base=0.855 buoyancy_pwm=120 mask_valid=1 mask=384 forward_active=0
[CTRL] depth_valid=1 depth=49.532 vz=3.245 az=2.089 target_valid=1 target=50.000 pid=-63.145 pid_base=0.889 buoyancy_pwm=161 mask_valid=1 mask=384 forward_active=0
[CTRL] depth_valid=1 depth=50.369 vz=2.127 az=0.162 target_valid=1 target=50.000 pid=-53.051 pid_base=0.916 buoyancy_pwm=135 mask_valid=1 mask=384 forward_active=0
$T,504,18,-1,18,49,235,689,-796,685,1205,4*47
[CTRL] depth_valid=1 depth=50.589 vz=0.501 az=-1.323 target_valid=1 target=50.000 pid=-34.165 pid_base=0.929 buoyancy_pwm=87 mask_valid=1 mask=384 forward_active=0
[CTRL] depth_valid=1 depth=50.338 vz=-0.851 az=-1.935 target_valid=1 target=50.000 pid=-13.616 pid_base=0.925 buoyancy_pwm=80 mask_valid=1 mask=384 forward_active=0
[CTRL] depth_valid=1 depth=49.744 vz=-1.791 az=-1.989 target_valid=1 target=50.000 pid=0.000 pid_base=0.911 buoyancy_pwm=0 mask_valid=1 mask=0 forward_active=0
[CTRL] depth_valid=1 depth=48.578 vz=-2.798 az=-1.980 target_valid=1 target=50.000 pid=100.000 pid_base=0.875 buoyancy_pwm=255 mask_valid=1 mask=0 forward_active=0
$T,483,-29,-19,18,49,236,657,-792,738,1210,4*58
[CTRL] depth_valid=1 depth=47.444 vz=-2.779 az=-1.111 target_valid=1 target=50.000 pid=100.000 pid_base=0.840 buoyancy_pwm=255 mask_valid=1 mask=0 forward_active=0
[CTRL] depth_valid=1 depth=46.946 vz=-1.327 az=0.604 target_valid=1 target=50.000 pid=57.598 pid_base=0.815 buoyancy_pwm=147 mask_valid=1 mask=0 forward_active=0
[OK]hb
[CTRL] depth_valid=1 depth=47.607 vz=1.389 az=2.649 target_valid=1 target=50.000 pid=-26.037 pid_base=0.814 buoyancy_pwm=80 mask_valid=1 mask=384 forward_active=0
Ascending...
[OK]k#25[ACK] k#25

[CTRL] depth_valid=1 depth=48.996 vz=3.263 az=3.015 target_valid=0 target=0.000 pid=-100.000 pid_base=0.000 buoyancy_pwm=255 mask_valid=1 mask=384 forward_active=0
$T,492,34,29,17,49,235,679,-796,736,1210,4*5D
[CTRL] depth_valid=1 depth=50.306 vz=3.273 az=1.641 target_valid=0 target=0.000 pid=-100.000 pid_base=0.000 buoyancy_pwm=255 mask_valid=1 mask=384 forward_active=0
[CTRL] depth_valid=1 depth=51.037 vz=1.870 az=-0.297 target_valid=0 target=0.000 pid=-100.000 pid_base=0.000 buoyancy_pwm=255 mask_valid=1 mask=384 forward_active=0
[CTRL] depth_valid=1 depth=51.219 vz=0.363 az=-1.439 target_valid=0 target=0.000 pid=-100.000 pid_base=0.000 buoyancy_pwm=255 mask_valid=1 mask=384 forward_active=0
[CTRL] depth_valid=1 depth=50.749 vz=-1.296 az=-2.254 target_valid=0 target=0.000 pid=-100.000 pid_base=0.000 buoyancy_pwm=255 mask_valid=1 mask=384 forward_active=0
$T,506,-15,-23,17,49,236,752,-771,687,1211,4*50
[CTRL] depth_valid=1 depth=49.705 vz=-2.735 az=-2.586 target_valid=0 target=0.000 pid=-100.000 pid_base=0.000 buoyancy_pwm=255 mask_valid=1 mask=384 forward_active=0
[CTRL] depth_valid=1 depth=47.877 vz=-4.352 az=-2.902 target_valid=0 target=0.000 pid=-100.000 pid_base=0.000 buoyancy_pwm=255 mask_valid=1 mask=384 forward_active=0
[CTRL] depth_valid=1 depth=45.089 vz=-6.270 az=-3.282 target_valid=0 target=0.000 pid=-100.000 pid_base=0.000 buoyancy_pwm=255 mask_valid=1 mask=384 forward_active=0
[CTRL] depth_valid=1 depth=41.451 vz=-8.171 az=-3.549 target_valid=0 target=0.000 pid=-100.000 pid_base=0.000 buoyancy_pwm=255 mask_valid=1 mask=384 forward_active=0
$T,407,-84,-35,18,49,237,766,-762,693,1211,4*51
[OK]hb
[CTRL] depth_valid=1 depth=36.865 vz=-10.158 az=-3.801 target_valid=0 target=0.000 pid=-100.000 pid_base=0.000 buoyancy_pwm=255 mask_valid=1 mask=384 forward_active=0
[CTRL] depth_valid=1 depth=31.318 vz=-12.115 az=-3.900 target_valid=0 target=0.000 pid=-100.000 pid_base=0.000 buoyancy_pwm=255 mask_valid=1 mask=384 forward_active=0
[CTRL] depth_valid=1 depth=25.007 vz=-13.582 az=-3.467 target_valid=0 target=0.000 pid=-100.000 pid_base=0.000 buoyancy_pwm=255 mask_valid=1 mask=384 forward_active=0
[CTRL] depth_valid=1 depth=18.030 vz=-14.868 az=-3.117 target_valid=0 target=0.000 pid=-100.000 pid_base=0.000 buoyancy_pwm=255 mask_valid=1 mask=384 forward_active=0
$T,167,-151,-31,22,49,235,770,-756,670,1208,4*61
[CTRL] depth_valid=1 depth=10.938 vz=-14.957 az=-1.819 target_valid=0 target=0.000 pid=-100.000 pid_base=0.000 buoyancy_pwm=255 mask_valid=1 mask=384 forward_active=0
[CTRL] depth_valid=1 depth=9.483 vz=-2.790 az=9.944 target_valid=0 target=0.000 pid=-100.000 pid_base=0.000 buoyancy_pwm=255 mask_valid=1 mask=384 forward_active=0
[CTRL] depth_valid=1 depth=13.556 vz=9.088 az=14.960 target_valid=0 target=0.000 pid=-100.000 pid_base=0.000 buoyancy_pwm=255 mask_valid=1 mask=384 forward_active=0
[CTRL] depth_valid=1 depth=14.589 vz=6.682 az=7.043 target_valid=0 target=0.000 pid=-100.000 pid_base=0.000 buoyancy_pwm=255 mask_valid=1 mask=384 forward_active=0
$T,146,59,56,30,49,103,792,-737,615,1208,4*57
[CTRL] depth_valid=1 depth=13.735 vz=-0.159 az=-1.962 target_valid=0 target=0.000 pid=-100.000 pid_base=0.000 buoyancy_pwm=255 mask_valid=1 mask=384 forward_active=0
[CTRL] depth_valid=1 depth=11.161 vz=-5.209 az=-5.224 target_valid=0 target=0.000 pid=-100.000 pid_base=0.000 buoyancy_pwm=255 mask_valid=1 mask=384 forward_active=0
Ascend stopped.
[OK]k#26[ACK] k#26

[OK]hb
<- Minima: IDLE
[CTRL] depth_valid=1 depth=10.703 vz=-2.079 az=-0.114 target_valid=0 target=0.000 pid=0.000 pid_base=0.000 buoyancy_pwm=0 mask_valid=1 mask=0 forward_active=0
[CTRL] depth_valid=1 depth=11.995 vz=2.118 az=3.311 target_valid=0 target=0.000 pid=0.000 pid_base=0.000 buoyancy_pwm=0 mask_valid=1 mask=0 forward_active=0
$T,121,23,32,27,49,219,758,-752,611,1204,0*5E
[CTRL] depth_valid=1 depth=13.134 vz=3.100 az=2.718 target_valid=0 target=0.000 pid=0.000 pid_base=0.000 buoyancy_pwm=0 mask_valid=1 mask=0 forward_active=0
[CTRL] depth_valid=1 depth=13.857 vz=2.049 az=0.548 target_valid=0 target=0.000 pid=0.000 pid_base=0.000 buoyancy_pwm=0 mask_valid=1 mask=0 forward_active=0
[CTRL] depth_valid=1 depth=13.265 vz=-0.945 az=-2.261 target_valid=0 target=0.000 pid=0.000 pid_base=0.000 buoyancy_pwm=0 mask_valid=1 mask=0 forward_active=0
[CTRL] depth_valid=1 depth=12.039 vz=-2.822 az=-2.789 target_valid=0 target=0.000 pid=0.000 pid_base=0.000 buoyancy_pwm=0 mask_valid=1 mask=0 forward_active=0
$T,119,-27,-24,30,50,185,639,-843,712,1203,0*52
[CTRL] depth_valid=1 depth=11.353 vz=-2.168 az=-1.073 target_valid=0 target=0.000 pid=0.000 pid_base=0.000 buoyancy_pwm=0 mask_valid=1 mask=0 forward_active=0
[CTRL] depth_valid=1 depth=11.210 vz=-0.524 az=0.840 target_valid=0 target=0.000 pid=0.000 pid_base=0.000 buoyancy_pwm=0 mask_valid=1 mask=0 forward_active=0
[CTRL] depth_valid=1 depth=12.445 vz=2.452 az=2.926 target_valid=0 target=0.000 pid=0.000 pid_base=0.000 buoyancy_pwm=0 mask_valid=1 mask=0 forward_active=0
[CTRL] depth_valid=1 depth=13.305 vz=2.314 az=1.437 target_valid=0 target=0.000 pid=0.000 pid_base=0.000 buoyancy_pwm=0 mask_valid=1 mask=0 forward_active=0
$T,133,20,9,31,51,,774,-741,580,1202,0*53
[CTRL] depth_valid=1 depth=13.322 vz=0.477 az=-0.750 target_valid=0 target=0.000 pid=0.000 pid_base=0.000 buoyancy_pwm=0 mask_valid=1 mask=0 forward_active=0
[OK]hb
[CTRL] depth_valid=1 depth=12.578 vz=-1.596 az=-2.192 target_valid=0 target=0.000 pid=0.000 pid_base=0.000 buoyancy_pwm=0 mask_valid=1 mask=0 forward_active=0
[CTRL] depth_valid=1 depth=11.481 vz=-2.689 az=-2.150 target_valid=0 target=0.000 pid=0.000 pid_base=0.000 buoyancy_pwm=0 mask_valid=1 mask=0 forward_active=0
[CTRL] depth_valid=1 depth=11.412 vz=-0.489 az=0.701 target_valid=0 target=0.000 pid=0.000 pid_base=0.000 buoyancy_pwm=0 mask_valid=1 mask=0 forward_active=0
$T,114,-1,10,32,52,8,704,-837,648,1203,0*47
[CTRL] depth_valid=1 depth=12.083 vz=1.379 az=1.940 target_valid=0 target=0.000 pid=0.000 pid_base=0.000 buoyancy_pwm=0 mask_valid=1 mask=0 forward_active=0
[CTRL] depth_valid=1 depth=12.965 vz=2.210 az=1.787 target_valid=0 target=0.000 pid=0.000 pid_base=0.000 buoyancy_pwm=0 mask_valid=1 mask=0 forward_active=0
[CTRL] depth_valid=1 depth=13.183 vz=0.890 az=-0.152 target_valid=0 target=0.000 pid=0.000 pid_base=0.000 buoyancy_pwm=0 mask_valid=1 mask=0 forward_active=0
[CTRL] depth_valid=1 depth=12.601 vz=-1.119 az=-1.790 target_valid=0 target=0.000 pid=0.000 pid_base=0.000 buoyancy_pwm=0 mask_valid=1 mask=0 forward_active=0
$T,124,-13,-18,34,54,,760,-802,595,1203,0*6D
[CTRL] depth_valid=1 depth=11.876 vz=-1.922 az=-1.730 target_valid=0 target=0.000 pid=0.000 pid_base=0.000 buoyancy_pwm=0 mask_valid=1 mask=0 forward_active=0
[CTRL] depth_valid=1 depth=11.401 vz=-1.371 az=-0.487 target_valid=0 target=0.000 pid=0.000 pid_base=0.000 buoyancy_pwm=0 mask_valid=1 mask=0 forward_active=0
[OK]hb
[CTRL] depth_valid=1 depth=11.798 vz=0.601 az=1.402 target_valid=0 target=0.000 pid=0.000 pid_base=0.000 buoyancy_pwm=0 mask_valid=1 mask=0 forward_active=0
[CTRL] depth_valid=1 depth=12.606 vz=1.790 az=1.715 target_valid=0 target=0.000 pid=0.000 pid_base=0.000 buoyancy_pwm=0 mask_valid=1 mask=0 forward_active=0
$T,127,18,15,,,,771,-769,587,1202,0*6E
[CTRL] depth_valid=1 depth=13.003 vz=1.175 az=0.391 target_valid=0 target=0.000 pid=0.000 pid_base=0.000 buoyancy_pwm=0 mask_valid=1 mask=0 forward_active=0
[CTRL] depth_valid=1 depth=12.820 vz=-0.228 az=-0.992 target_valid=0 target=0.000 pid=0.000 pid_base=0.000 buoyancy_pwm=0 mask_valid=1 mask=0 forward_active=0
[CTRL] depth_valid=1 depth=11.924 vz=-1.821 az=-1.777 target_valid=0 target=0.000 pid=0.000 pid_base=0.000 buoyancy_pwm=0 mask_valid=1 mask=0 forward_active=0
[CTRL] depth_valid=1 depth=11.586 vz=-1.179 az=-0.483 target_valid=0 target=0.000 pid=0.000 pid_base=0.000 buoyancy_pwm=0 mask_valid=1 mask=0 forward_active=0
$T,115,-9,-2,,,,685,-843,677,1203,0*69
[CTRL] depth_valid=1 depth=11.757 vz=0.108 az=0.777 target_valid=0 target=0.000 pid=0.000 pid_base=0.000 buoyancy_pwm=0 mask_valid=1 mask=0 forward_active=0
[CTRL] depth_valid=1 depth=12.381 vz=1.336 az=1.440 target_valid=0 target=0.000 pid=0.000 pid_base=0.000 buoyancy_pwm=0 mask_valid=1 mask=0 forward_active=0
[CTRL] depth_valid=1 depth=12.932 vz=1.332 az=0.725 target_valid=0 target=0.000 pid=0.000 pid_base=0.000 buoyancy_pwm=0 mask_valid=1 mask=0 forward_active=0
[CTRL] depth_valid=1 depth=12.698 vz=-0.201 az=-0.875 target_valid=0 target=0.000 pid=0.000 pid_base=0.000 buoyancy_pwm=0 mask_valid=1 mask=0 forward_active=0
$T,126,-4,-10,,70,,775,-793,593,1205,0*53
[CTRL] depth_valid=1 depth=12.215 vz=-1.162 az=-1.318 target_valid=0 target=0.000 pid=0.000 pid_base=0.000 buoyancy_pwm=0 mask_valid=1 mask=0 forward_active=0
[OK]hb
[CTRL] depth_valid=1 depth=11.631 vz=-1.513 az=-1.057 target_valid=0 target=0.000 pid=0.000 pid_base=0.000 buoyancy_pwm=0 mask_valid=1 mask=0 forward_active=0
[CTRL] depth_valid=1 depth=11.760 vz=-0.077 az=0.608 target_valid=0 target=0.000 pid=0.000 pid_base=0.000 buoyancy_pwm=0 mask_valid=1 mask=0 forward_active=0
[CTRL] depth_valid=1 depth=12.203 vz=0.893 az=1.094 target_valid=0 target=0.000 pid=0.000 pid_base=0.000 buoyancy_pwm=0 mask_valid=1 mask=0 forward_active=0
$T,122,9,10,,71,,752,-789,619,1205,0*54
[CTRL] depth_valid=1 depth=12.666 vz=1.120 az=0.762 target_valid=0 target=0.000 pid=0.000 pid_base=0.000 buoyancy_pwm=0 mask_valid=1 mask=0 forward_active=0
[CTRL] depth_valid=1 depth=12.723 vz=0.235 az=-0.391 target_valid=0 target=0.000 pid=0.000 pid_base=0.000 buoyancy_pwm=0 mask_valid=1 mask=0 forward_active=0
[CTRL] depth_valid=1 depth=12.310 vz=-0.886 az=-1.177 target_valid=0 target=0.000 pid=0.000 pid_base=0.000 buoyancy_pwm=0 mask_valid=1 mask=0 forward_active=0
[CTRL] depth_valid=1 depth=11.832 vz=-1.232 az=-0.954 target_valid=0 target=0.000 pid=0.000 pid_base=0.000 buoyancy_pwm=0 mask_valid=1 mask=0 forward_active=0
$T,117,-11,-7,,72,,691,-833,683,1202,0*5A
[CTRL] depth_valid=1 depth=11.715 vz=-0.542 az=0.026 target_valid=0 target=0.000 pid=0.000 pid_base=0.000 buoyancy_pwm=0 mask_valid=1 mask=0 forward_active=0
[CTRL] depth_valid=1 depth=12.075 vz=0.629 az=0.978 target_valid=0 target=0.000 pid=0.000 pid_base=0.000 buoyancy_pwm=0 mask_valid=1 mask=0 forward_active=0
[CTRL] depth_valid=1 depth=12.525 vz=1.046 az=0.852 target_valid=0 target=0.000 pid=0.000 pid_base=0.000 buoyancy_pwm=0 mask_valid=1 mask=0 forward_active=0
[OK]hb
[CTRL] depth_valid=1 depth=12.625 vz=0.381 az=-0.122 target_valid=0 target=0.000 pid=0.000 pid_base=0.000 buoyancy_pwm=0 mask_valid=1 mask=0 forward_active=0
$T,126,2,-2,,73,,768,-797,609,1200,0*45
[CTRL] depth_valid=1 depth=12.417 vz=-0.471 az=-0.830 target_valid=0 target=0.000 pid=0.000 pid_base=0.000 buoyancy_pwm=0 mask_valid=1 mask=0 forward_active=0
[CTRL] depth_valid=1 depth=11.951 vz=-1.115 az=-1.013 target_valid=0 target=0.000 pid=0.000 pid_base=0.000 buoyancy_pwm=0 mask_valid=1 mask=0 forward_active=0
[CTRL] depth_valid=1 depth=11.806 vz=-0.580 az=-0.130 target_valid=0 target=0.000 pid=0.000 pid_base=0.000 buoyancy_pwm=0 mask_valid=1 mask=0 forward_active=0
[CTRL] depth_valid=1 depth=11.987 vz=0.227 az=0.567 target_valid=0 target=0.000 pid=0.000 pid_base=0.000 buoyancy_pwm=0 mask_valid=1 mask=0 forward_active=0
$T,120,3,6,,73,,728,-805,651,1204,0*62
[CTRL] depth_valid=1 depth=12.388 vz=0.873 az=0.835 target_valid=0 target=0.000 pid=0.000 pid_base=0.000 buoyancy_pwm=0 mask_valid=1 mask=0 forward_active=0
[CTRL] depth_valid=1 depth=12.571 vz=0.542 az=0.158 target_valid=0 target=0.000 pid=0.000 pid_base=0.000 buoyancy_pwm=0 mask_valid=1 mask=0 forward_active=0
[CTRL] depth_valid=1 depth=12.393 vz=-0.291 az=-0.618 target_valid=0 target=0.000 pid=0.000 pid_base=0.000 buoyancy_pwm=0 mask_valid=1 mask=0 forward_active=0
[CTRL] depth_valid=1 depth=12.113 vz=-0.723 az=-0.731 target_valid=0 target=0.000 pid=0.000 pid_base=0.000 buoyancy_pwm=0 mask_valid=1 mask=0 forward_active=0
$T,120,-7,-7,,,,681,-820,700,1203,0*64
[CTRL] depth_valid=1 depth=11.860 vz=-0.702 az=-0.405 target_valid=0 target=0.000 pid=0.000 pid_base=0.000 buoyancy_pwm=0 mask_valid=1 mask=0 forward_active=0
[OK]hb
[CTRL] depth_valid=1 depth=12.014 vz=0.159 az=0.489 target_valid=0 target=0.000 pid=0.000 pid_base=0.000 buoyancy_pwm=0 mask_valid=1 mask=0 forward_active=0
[CTRL] depth_valid=1 depth=12.291 vz=0.644 az=0.676 target_valid=0 target=0.000 pid=0.000 pid_base=0.000 buoyancy_pwm=0 mask_valid=1 mask=0 forward_active=0
[CTRL] depth_valid=1 depth=12.472 vz=0.494 az=0.225 target_valid=0 target=0.000 pid=0.000 pid_base=0.000 buoyancy_pwm=0 mask_valid=1 mask=0 forward_active=0
$T,124,3,0,,,,722,-801,661,1199,0*6E
[CTRL] depth_valid=1 depth=12.457 vz=-0.011 az=-0.339 target_valid=0 target=0.000 pid=0.000 pid_base=0.000 buoyancy_pwm=0 mask_valid=1 mask=0 forward_active=0
[CTRL] depth_valid=1 depth=12.125 vz=-0.721 az=-0.794 target_valid=0 target=0.000 pid=0.000 pid_base=0.000 buoyancy_pwm=0 mask_valid=1 mask=0 forward_active=0
[CTRL] depth_valid=1 depth=11.930 vz=-0.598 az=-0.347 target_valid=0 target=0.000 pid=0.000 pid_base=0.000 buoyancy_pwm=0 mask_valid=1 mask=0 forward_active=0
[CTRL] depth_valid=1 depth=11.925 vz=-0.136 az=0.180 target_valid=0 target=0.000 pid=0.000 pid_base=0.000 buoyancy_pwm=0 mask_valid=1 mask=0 forward_active=0
$T,119,0,2,,,,695,-814,688,1203,0*6F
[CTRL] depth_valid=1 depth=12.265 vz=0.621 az=0.691 target_valid=0 target=0.000 pid=0.000 pid_base=0.000 buoyancy_pwm=0 mask_valid=1 mask=0 forward_active=0
[CTRL] depth_valid=1 depth=12.390 vz=0.359 az=0.121 target_valid=0 target=0.000 pid=0.000 pid_base=0.000 buoyancy_pwm=0 mask_valid=1 mask=0 forward_active=0
[CTRL] depth_valid=1 depth=12.379 vz=-0.054 az=-0.336 target_valid=0 target=0.000 pid=0.000 pid_base=0.000 buoyancy_pwm=0 mask_valid=1 mask=0 forward_active=0
[OK]hb
[CTRL] depth_valid=1 depth=12.222 vz=-0.413 az=-0.515 target_valid=0 target=0.000 pid=0.000 pid_base=0.000 buoyancy_pwm=0 mask_valid=1 mask=0 forward_active=0
$T,121,-5,-6,,,,698,-812,686,1203,0*60
[CTRL] depth_valid=1 depth=12.029 vz=-0.504 az=-0.366 target_valid=0 target=0.000 pid=0.000 pid_base=0.000 buoyancy_pwm=0 mask_valid=1 mask=0 forward_active=0
[CTRL] depth_valid=1 depth=11.929 vz=-0.302 az=-0.041 target_valid=0 target=0.000 pid=0.000 pid_base=0.000 buoyancy_pwm=0 mask_valid=1 mask=0 forward_active=0
[CTRL] depth_valid=1 depth=12.144 vz=0.306 az=0.433 target_valid=0 target=0.000 pid=0.000 pid_base=0.000 buoyancy_pwm=0 mask_valid=1 mask=0 forward_active=0
[CTRL] depth_valid=1 depth=12.344 vz=0.428 az=0.298 target_valid=0 target=0.000 pid=0.000 pid_base=0.000 buoyancy_pwm=0 mask_valid=1 mask=0 forward_active=0
$T,123,4,2,,,,720,-803,667,1201,0*68
[CTRL] depth_valid=1 depth=12.365 vz=0.074 az=-0.170 target_valid=0 target=0.000 pid=0.000 pid_base=0.000 buoyancy_pwm=0 mask_valid=1 mask=0 forward_active=0
[CTRL] depth_valid=1 depth=12.219 vz=-0.332 az=-0.448 target_valid=0 target=0.000 pid=0.000 pid_base=0.000 buoyancy_pwm=0 mask_valid=1 mask=0 forward_active=0
[CTRL] depth_valid=1 depth=12.034 vz=-0.492 az=-0.399 target_valid=0 target=0.000 pid=0.000 pid_base=0.000 buoyancy_pwm=0 mask_valid=1 mask=0 forward_active=0
[CTRL] depth_valid=1 depth=11.985 vz=-0.182 az=0.055 target_valid=0 target=0.000 pid=0.000 pid_base=0.000 buoyancy_pwm=0 mask_valid=1 mask=0 forward_active=0
$T,120,0,1,,,,708,-818,677,1203,0*6F
[CTRL] depth_valid=1 depth=12.163 vz=0.265 az=0.350 target_valid=0 target=0.000 pid=0.000 pid_base=0.000 buoyancy_pwm=0 mask_valid=1 mask=0 forward_active=0
[OK]hb
[CTRL] depth_valid=1 depth=12.347 vz=0.412 az=0.298 target_valid=0 target=0.000 pid=0.000 pid_base=0.000 buoyancy_pwm=0 mask_valid=1 mask=0 forward_active=0
[CTRL] depth_valid=1 depth=12.341 vz=0.080 az=-0.111 target_valid=0 target=0.000 pid=0.000 pid_base=0.000 buoyancy_pwm=0 mask_valid=1 mask=0 forward_active=0
[CTRL] depth_valid=1 depth=12.205 vz=-0.307 az=-0.406 target_valid=0 target=0.000 pid=0.000 pid_base=0.000 buoyancy_pwm=0 mask_valid=1 mask=0 forward_active=0
$T,121,-4,-5,,,,714,-809,674,1201,0*62
[CTRL] depth_valid=1 depth=12.072 vz=-0.371 az=-0.291 target_valid=0 target=0.000 pid=0.000 pid_base=0.000 buoyancy_pwm=0 mask_valid=1 mask=0 forward_active=0
[CTRL] depth_valid=1 depth=12.006 vz=-0.230 az=-0.060 target_valid=0 target=0.000 pid=0.000 pid_base=0.000 buoyancy_pwm=0 mask_valid=1 mask=0 forward_active=0
[CTRL] depth_valid=1 depth=12.115 vz=0.137 az=0.242 target_valid=0 target=0.000 pid=0.000 pid_base=0.000 buoyancy_pwm=0 mask_valid=1 mask=0 forward_active=0
[CTRL] depth_valid=1 depth=12.277 vz=0.299 az=0.222 target_valid=0 target=0.000 pid=0.000 pid_base=0.000 buoyancy_pwm=0 mask_valid=1 mask=0 forward_active=0
$T,123,3,2,,,,737,-807,652,1201,0*6B
[CTRL] depth_valid=1 depth=12.326 vz=0.083 az=-0.112 target_valid=0 target=0.000 pid=0.000 pid_base=0.000 buoyancy_pwm=0 mask_valid=1 mask=0 forward_active=0
[CTRL] depth_valid=1 depth=12.185 vz=-0.318 az=-0.419 target_valid=0 target=0.000 pid=0.000 pid_base=0.000 buoyancy_pwm=0 mask_valid=1 mask=0 forward_active=0
[CTRL] depth_valid=1 depth=12.095 vz=-0.320 az=-0.258 target_valid=0 target=0.000 pid=0.000 pid_base=0.000 buoyancy_pwm=0 mask_valid=1 mask=0 forward_active=0
[OK]hb
[CTRL] depth_valid=1 depth=12.057 vz=-0.141 az=0.007 target_valid=0 target=0.000 pid=0.000 pid_base=0.000 buoyancy_pwm=0 mask_valid=1 mask=0 forward_active=0
$T,120,0,0,,,,732,-820,656,1201,0*6D
[CTRL] depth_valid=1 depth=12.131 vz=0.091 az=0.167 target_valid=0 target=0.000 pid=0.000 pid_base=0.000 buoyancy_pwm=0 mask_valid=1 mask=0 forward_active=0
[CTRL] depth_valid=1 depth=12.212 vz=0.157 az=0.122 target_valid=0 target=0.000 pid=0.000 pid_base=0.000 buoyancy_pwm=0 mask_valid=1 mask=0 forward_active=0
[CTRL] depth_valid=1 depth=12.273 vz=0.109 az=-0.000 target_valid=0 target=0.000 pid=0.000 pid_base=0.000 buoyancy_pwm=0 mask_valid=1 mask=0 forward_active=0
[CTRL] depth_valid=1 depth=12.230 vz=-0.114 az=-0.214 target_valid=0 target=0.000 pid=0.000 pid_base=0.000 buoyancy_pwm=0 mask_valid=1 mask=0 forward_active=0
$T,121,-2,-2,,,,732,-810,657,1202,0*6D
[CTRL] depth_valid=1 depth=12.110 vz=-0.313 az=-0.311 target_valid=0 target=0.000 pid=0.000 pid_base=0.000 buoyancy_pwm=0 mask_valid=1 mask=0 forward_active=0
[CTRL] depth_valid=1 depth=12.062 vz=-0.216 az=-0.117 target_valid=0 target=0.000 pid=0.000 pid_base=0.000 buoyancy_pwm=0 mask_valid=1 mask=0 forward_active=0
[CTRL] depth_valid=1 depth=12.075 vz=-0.016 az=0.099 target_valid=0 target=0.000 pid=0.000 pid_base=0.000 buoyancy_pwm=0 mask_valid=1 mask=0 forward_active=0
[CTRL] depth_valid=1 depth=12.221 vz=0.256 az=0.253 target_valid=0 target=0.000 pid=0.000 pid_base=0.000 buoyancy_pwm=0 mask_valid=1 mask=0 forward_active=0
$T,122,2,1,,,,742,-808,650,1202,0*64
[CTRL] depth_valid=1 depth=12.274 vz=0.141 az=0.021 target_valid=0 target=0.000 pid=0.000 pid_base=0.000 buoyancy_pwm=0 mask_valid=1 mask=0 forward_active=0
[OK]hb
[CTRL] depth_valid=1 depth=12.255 vz=-0.046 az=-0.162 target_valid=0 target=0.000 pid=0.000 pid_base=0.000 buoyancy_pwm=0 mask_valid=1 mask=0 forward_active=0
[CTRL] depth_valid=1 depth=12.077 vz=-0.379 az=-0.369 target_valid=0 target=0.000 pid=0.000 pid_base=0.000 buoyancy_pwm=0 mask_valid=1 mask=0 forward_active=0
[CTRL] depth_valid=1 depth=12.038 vz=-0.208 az=-0.082 target_valid=0 target=0.000 pid=0.000 pid_base=0.000 buoyancy_pwm=0 mask_valid=1 mask=0 forward_active=0
$T,120,-1,0,,,,744,-820,646,1201,0*41
[CTRL] depth_valid=1 depth=12.129 vz=0.106 az=0.187 target_valid=0 target=0.000 pid=0.000 pid_base=0.000 buoyancy_pwm=0 mask_valid=1 mask=0 forward_active=0
[CTRL] depth_valid=1 depth=12.246 vz=0.241 az=0.198 target_valid=0 target=0.000 pid=0.000 pid_base=0.000 buoyancy_pwm=0 mask_valid=1 mask=0 forward_active=0
[CTRL] depth_valid=1 depth=12.289 vz=0.150 az=0.039 target_valid=0 target=0.000 pid=0.000 pid_base=0.000 buoyancy_pwm=0 mask_valid=1 mask=0 forward_active=0
[CTRL] depth_valid=1 depth=12.187 vz=-0.209 az=-0.300 target_valid=0 target=0.000 pid=0.000 pid_base=0.000 buoyancy_pwm=0 mask_valid=1 mask=0 forward_active=0
$T,121,-2,-3,,,,751,-812,641,1201,0*6F
[CTRL] depth_valid=1 depth=12.150 vz=-0.184 az=-0.172 target_valid=0 target=0.000 pid=0.000 pid_base=0.000 buoyancy_pwm=0 mask_valid=1 mask=0 forward_active=0
[CTRL] depth_valid=1 depth=12.068 vz=-0.235 az=-0.160 target_valid=0 target=0.000 pid=0.000 pid_base=0.000 buoyancy_pwm=0 mask_valid=1 mask=0 forward_active=0
[CTRL] depth_valid=1 depth=12.099 vz=-0.022 az=0.065 target_valid=0 target=0.000 pid=0.000 pid_base=0.000 buoyancy_pwm=0 mask_valid=1 mask=0 forward_active=0
[OK]hb
[CTRL] depth_valid=1 depth=12.250 vz=0.291 az=0.289 target_valid=0 target=0.000 pid=0.000 pid_base=0.000 buoyancy_pwm=0 mask_valid=1 mask=0 forward_active=0
$T,122,1,1,,,,728,-809,664,1201,0*6E
[CTRL] depth_valid=1 depth=12.258 vz=0.067 az=-0.051 target_valid=0 target=0.000 pid=0.000 pid_base=0.000 buoyancy_pwm=0 mask_valid=1 mask=0 forward_active=0
[CTRL] depth_valid=1 depth=12.189 vz=-0.170 az=-0.250 target_valid=0 target=0.000 pid=0.000 pid_base=0.000 buoyancy_pwm=0 mask_valid=1 mask=0 forward_active=0
[CTRL] depth_valid=1 depth=12.105 vz=-0.258 az=-0.236 target_valid=0 target=0.000 pid=0.000 pid_base=0.000 buoyancy_pwm=0 mask_valid=1 mask=0 forward_active=0
[CTRL] depth_valid=1 depth=12.066 vz=-0.179 az=-0.091 target_valid=0 target=0.000 pid=0.000 pid_base=0.000 buoyancy_pwm=0 mask_valid=1 mask=0 forward_active=0
$T,120,-1,0,,,,716,-818,677,1202,0*4C
[CTRL] depth_valid=1 depth=12.090 vz=-0.044 az=0.020 target_valid=0 target=0.000 pid=0.000 pid_base=0.000 buoyancy_pwm=0 mask_valid=1 mask=0 forward_active=0
[CTRL] depth_valid=1 depth=12.161 vz=0.093 az=0.094 target_valid=0 target=0.000 pid=0.000 pid_base=0.000 buoyancy_pwm=0 mask_valid=1 mask=0 forward_active=0
[CTRL] depth_valid=1 depth=12.201 vz=0.068 az=0.007 target_valid=0 target=0.000 pid=0.000 pid_base=0.000 buoyancy_pwm=0 mask_valid=1 mask=0 forward_active=0
[CTRL] depth_valid=1 depth=12.323 vz=0.241 az=0.153 target_valid=0 target=0.000 pid=0.000 pid_base=0.000 buoyancy_pwm=0 mask_valid=1 mask=0 forward_active=0
$T,122,1,0,,,,602,-818,773,1202,0*62
[CTRL] depth_valid=1 depth=11.980 vz=-0.847 az=-1.005 target_valid=0 target=0.000 pid=0.000 pid_base=0.000 buoyancy_pwm=0 mask_valid=1 mask=0 forward_active=0
[OK]hb
[CTRL] depth_valid=1 depth=9.471 vz=-4.862 az=-3.790 target_valid=0 target=0.000 pid=0.000 pid_base=0.000 buoyancy_pwm=0 mask_valid=1 mask=0 forward_active=0
[CTRL] depth_valid=1 depth=10.486 vz=0.942 az=2.598 target_valid=0 target=0.000 pid=0.000 pid_base=0.000 buoyancy_pwm=0 mask_valid=1 mask=0 forward_active=0
[CTRL] depth_valid=1 depth=11.061 vz=1.671 az=2.023 target_valid=0 target=0.000 pid=0.000 pid_base=0.000 buoyancy_pwm=0 mask_valid=1 mask=0 forward_active=0
$T,111,15,17,239,26,58,-1713,-740,-843,1204,0*68
[CTRL] depth_valid=1 depth=11.245 vz=0.765 az=0.272 target_valid=0 target=0.000 pid=0.000 pid_base=0.000 buoyancy_pwm=0 mask_valid=1 mask=0 forward_active=0
[CTRL] depth_valid=1 depth=0.926 vz=-20.958 az=-18.955 target_valid=0 target=0.000 pid=0.000 pid_base=0.000 buoyancy_pwm=0 mask_valid=1 mask=0 forward_active=0
[CTRL] depth_valid=1 depth=-1.723 vz=-9.533 az=-0.466 target_valid=0 target=0.000 pid=0.000 pid_base=0.000 buoyancy_pwm=0 mask_valid=1 mask=0 forward_active=0
[CTRL] depth_valid=1 depth=-0.608 vz=0.071 az=8.352 target_valid=0 target=0.000 pid=0.000 pid_base=0.000 buoyancy_pwm=0 mask_valid=1 mask=0 forward_active=0
$T,-6,0,83,,23,75,-902,48,1474,1203,0*77
[CTRL] depth_valid=1 depth=0.017 vz=3.016 az=8.902 target_valid=0 target=0.000 pid=0.000 pid_base=0.000 buoyancy_pwm=0 mask_valid=1 mask=0 forward_active=0
[CTRL] depth_valid=1 depth=0.380 vz=3.564 az=6.519 target_valid=0 target=0.000 pid=0.000 pid_base=0.000 buoyancy_pwm=0 mask_valid=1 mask=0 forward_active=0
[CTRL] depth_valid=1 depth=0.392 vz=2.463 az=3.494 target_valid=0 target=0.000 pid=0.000 pid_base=0.000 buoyancy_pwm=0 mask_valid=1 mask=0 forward_active=0
[OK]hb
[CTRL] depth_valid=1 depth=0.255 vz=1.192 az=1.299 target_valid=0 target=0.000 pid=0.000 pid_base=0.000 buoyancy_pwm=0 mask_valid=1 mask=0 forward_active=0
$T,2,11,12,,,,-921,11,1540,1203,0*6E
[CTRL] depth_valid=1 depth=0.117 vz=0.348 az=0.164 target_valid=0 target=0.000 pid=0.000 pid_base=0.000 buoyancy_pwm=0 mask_valid=1 mask=0 forward_active=0
[CTRL] depth_valid=1 depth=0.030 vz=-0.038 az=-0.217 target_valid=0 target=0.000 pid=0.000 pid_base=0.000 buoyancy_pwm=0 mask_valid=1 mask=0 forward_active=0
[CTRL] depth_valid=1 depth=-0.007 vz=-0.132 az=-0.228 target_valid=0 target=0.000 pid=0.000 pid_base=0.000 buoyancy_pwm=0 mask_valid=1 mask=0 forward_active=0
[CTRL] depth_valid=1 depth=-0.014 vz=-0.102 az=-0.130 target_valid=0 target=0.000 pid=0.000 pid_base=0.000 buoyancy_pwm=0 mask_valid=1 mask=0 forward_active=0
$T,0,-1,-1,,,,-832,-13,1709,1203,0*4C
[CTRL] depth_valid=1 depth=-0.013 vz=-0.062 az=-0.060 target_valid=0 target=0.000 pid=0.000 pid_base=0.000 buoyancy_pwm=0 mask_valid=1 mask=0 forward_active=0
[CTRL] depth_valid=1 depth=-0.006 vz=-0.018 az=-0.003 target_valid=0 target=0.000 pid=0.000 pid_base=0.000 buoyancy_pwm=0 mask_valid=1 mask=0 forward_active=0
[CTRL] depth_valid=1 depth=-0.002 vz=0.003 az=0.015 target_valid=0 target=0.000 pid=0.000 pid_base=0.000 buoyancy_pwm=0 mask_valid=1 mask=0 forward_active=0
[CTRL] depth_valid=1 depth=0.000 vz=0.008 az=0.015 target_valid=0 target=0.000 pid=0.000 pid_base=0.000 buoyancy_pwm=0 mask_valid=1 mask=0 forward_active=0
$T,0,0,0,,,,-636,-35,1493,1201,0*40
[CTRL] depth_valid=1 depth=0.001 vz=0.006 az=0.009 target_valid=0 target=0.000 pid=0.000 pid_base=0.000 buoyancy_pwm=0 mask_valid=1 mask=0 forward_active=0
[OK]hb
[CTRL] depth_valid=1 depth=0.001 vz=0.003 az=0.003 target_valid=0 target=0.000 pid=0.000 pid_base=0.000 buoyancy_pwm=0 mask_valid=1 mask=0 forward_active=0
[CTRL] depth_valid=1 depth=0.000 vz=0.001 az=-0.000 target_valid=0 target=0.000 pid=0.000 pid_base=0.000 buoyancy_pwm=0 mask_valid=1 mask=0 forward_active=0
[CTRL] depth_valid=1 depth=-0.000 vz=-0.000 az=-0.001 target_valid=0 target=0.000 pid=0.000 pid_base=0.000 buoyancy_pwm=0 mask_valid=1 mask=0 forward_active=0
$T,0,0,0,,,,305,221,1115,1201,0*79
[CTRL] depth_valid=1 depth=-0.000 vz=-0.000 az=-0.000 target_valid=0 target=0.000 pid=0.000 pid_base=0.000 buoyancy_pwm=0 mask_valid=1 mask=0 forward_active=0
[CTRL] depth_valid=1 depth=-0.000 vz=-0.000 az=-0.000 target_valid=0 target=0.000 pid=0.000 pid_base=0.000 buoyancy_pwm=0 mask_valid=1 mask=0 forward_active=0
[CTRL] depth_valid=1 depth=-0.000 vz=0.000 az=0.000 target_valid=0 target=0.000 pid=0.000 pid_base=0.000 buoyancy_pwm=0 mask_valid=1 mask=0 forward_active=0
[CTRL] depth_valid=1 depth=0.000 vz=0.000 az=0.000 target_valid=0 target=0.000 pid=0.000 pid_base=0.000 buoyancy_pwm=0 mask_valid=1 mask=0 forward_active=0
$T,0,0,0,,,,100,535,931,1202,0*40
[CTRL] depth_valid=1 depth=0.000 vz=0.000 az=0.000 target_valid=0 target=0.000 pid=0.000 pid_base=0.000 buoyancy_pwm=0 mask_valid=1 mask=0 forward_active=0
[CTRL] depth_valid=1 depth=0.000 vz=0.000 az=0.000 target_valid=0 target=0.000 pid=0.000 pid_base=0.000 buoyancy_pwm=0 mask_valid=1 mask=0 forward_active=0
[CTRL] depth_valid=1 depth=-0.000 vz=-0.000 az=-0.000 target_valid=0 target=0.000 pid=0.000 pid_base=0.000 buoyancy_pwm=0 mask_valid=1 mask=0 forward_active=0
[OK]hb
[CTRL] depth_valid=1 depth=-0.000 vz=-0.000 az=-0.000 target_valid=0 target=0.000 pid=0.000 pid_base=0.000 buoyancy_pwm=0 mask_valid=1 mask=0 forward_active=0
$T,0,0,0,,,,402,811,658,1202,0*4C
[CTRL] depth_valid=1 depth=-0.000 vz=-0.000 az=-0.000 target_valid=0 target=0.000 pid=0.000 pid_base=0.000 buoyancy_pwm=0 mask_valid=1 mask=0 forward_active=0
[CTRL] depth_valid=1 depth=-0.000 vz=-0.000 az=0.000 target_valid=0 target=0.000 pid=0.000 pid_base=0.000 buoyancy_pwm=0 mask_valid=1 mask=0 forward_active=0
[CTRL] depth_valid=1 depth=0.000 vz=0.000 az=0.000 target_valid=0 target=0.000 pid=0.000 pid_base=0.000 buoyancy_pwm=0 mask_valid=1 mask=0 forward_active=0
[CTRL] depth_valid=1 depth=0.000 vz=0.000 az=0.000 target_valid=0 target=0.000 pid=0.000 pid_base=0.000 buoyancy_pwm=0 mask_valid=1 mask=0 forward_active=0
$T,0,0,0,,,,1585,558,1792,1203,0*44
[CTRL] depth_valid=1 depth=0.000 vz=0.000 az=0.000 target_valid=0 target=0.000 pid=0.000 pid_base=0.000 buoyancy_pwm=0 mask_valid=1 mask=0 forward_active=0
[CTRL] depth_valid=1 depth=0.000 vz=0.000 az=-0.000 target_valid=0 target=0.000 pid=0.000 pid_base=0.000 buoyancy_pwm=0 mask_valid=1 mask=0 forward_active=0
[CTRL] depth_valid=1 depth=-0.000 vz=-0.000 az=-0.000 target_valid=0 target=0.000 pid=0.000 pid_base=0.000 buoyancy_pwm=0 mask_valid=1 mask=0 forward_active=0
[CTRL] depth_valid=1 depth=-0.000 vz=-0.000 az=-0.000 target_valid=0 target=0.000 pid=0.000 pid_base=0.000 buoyancy_pwm=0 mask_valid=1 mask=0 forward_active=0
$T,0,0,0,,,,1625,530,-1750,1201,0*62
[CTRL] depth_valid=1 depth=-0.000 vz=-0.000 az=-0.000 target_valid=0 target=0.000 pid=0.000 pid_base=0.000 buoyancy_pwm=0 mask_valid=1 mask=0 forward_active=0
[OK]hb
[CTRL] depth_valid=1 depth=-0.000 vz=-0.000 az=-0.000 target_valid=0 target=0.000 pid=0.000 pid_base=0.000 buoyancy_pwm=0 mask_valid=1 mask=0 forward_active=0
[CTRL] depth_valid=1 depth=-0.000 vz=0.000 az=0.000 target_valid=0 target=0.000 pid=0.000 pid_base=0.000 buoyancy_pwm=0 mask_valid=1 mask=0 forward_active=0
[CTRL] depth_valid=1 depth=0.000 vz=0.000 az=0.000 target_valid=0 target=0.000 pid=0.000 pid_base=0.000 buoyancy_pwm=0 mask_valid=1 mask=0 forward_active=0
$T,0,0,0,,,,1627,530,-1748,1201,0*69
[CTRL] depth_valid=1 depth=0.000 vz=0.000 az=0.000 target_valid=0 target=0.000 pid=0.000 pid_base=0.000 buoyancy_pwm=0 mask_valid=1 mask=0 forward_active=0
[CTRL] depth_valid=1 depth=0.000 vz=0.000 az=0.000 target_valid=0 target=0.000 pid=0.000 pid_base=0.000 buoyancy_pwm=0 mask_valid=1 mask=0 forward_active=0
[CTRL] depth_valid=1 depth=0.000 vz=0.000 az=-0.000 target_valid=0 target=0.000 pid=0.000 pid_base=0.000 buoyancy_pwm=0 mask_valid=1 mask=0 forward_active=0
[CTRL] depth_valid=1 depth=0.000 vz=-0.000 az=-0.000 target_valid=0 target=0.000 pid=0.000 pid_base=0.000 buoyancy_pwm=0 mask_valid=1 mask=0 forward_active=0
$T,0,0,0,,,,1628,530,-1748,1206,0*61
[CTRL] depth_valid=1 depth=-0.000 vz=-0.000 az=-0.000 target_valid=0 target=0.000 pid=0.000 pid_base=0.000 buoyancy_pwm=0 mask_valid=1 mask=0 forward_active=0
[CTRL] depth_valid=1 depth=-0.000 vz=-0.000 az=-0.000 target_valid=0 target=0.000 pid=0.000 pid_base=0.000 buoyancy_pwm=0 mask_valid=1 mask=0 forward_active=0
[CTRL] depth_valid=1 depth=-0.000 vz=-0.000 az=-0.000 target_valid=0 target=0.000 pid=0.000 pid_base=0.000 buoyancy_pwm=0 mask_valid=1 mask=0 forward_active=0
[OK]hb
[CTRL] depth_valid=1 depth=-0.000 vz=-0.000 az=0.000 target_valid=0 target=0.000 pid=0.000 pid_base=0.000 buoyancy_pwm=0 mask_valid=1 mask=0 forward_active=0
$T,0,0,0,,,,1628,530,-1748,1206,0*61
[CTRL] depth_valid=1 depth=0.000 vz=0.000 az=0.000 target_valid=0 target=0.000 pid=0.000 pid_base=0.000 buoyancy_pwm=0 mask_valid=1 mask=0 forward_active=0
[CTRL] depth_valid=1 depth=0.000 vz=0.000 az=0.000 target_valid=0 target=0.000 pid=0.000 pid_base=0.000 buoyancy_pwm=0 mask_valid=1 mask=0 forward_active=0
[CTRL] depth_valid=1 depth=0.000 vz=0.000 az=0.000 target_valid=0 target=0.000 pid=0.000 pid_base=0.000 buoyancy_pwm=0 mask_valid=1 mask=0 forward_active=0
[CTRL] depth_valid=1 depth=0.670 vz=-1.194 az=-2.352 target_valid=0 target=0.000 pid=0.000 pid_base=0.000 buoyancy_pwm=0 mask_valid=1 mask=0 forward_active=0
$T,6,-11,-23,,,,1628,530,-1748,1212,0*63
[CTRL] depth_valid=1 depth=-0.005 vz=-2.383 az=-2.826 target_valid=0 target=0.000 pid=0.000 pid_base=0.000 buoyancy_pwm=0 mask_valid=1 mask=0 forward_active=0
[CTRL] depth_valid=1 depth=-0.226 vz=-1.441 az=-0.937 target_valid=0 target=0.000 pid=0.000 pid_base=0.000 buoyancy_pwm=0 mask_valid=1 mask=0 forward_active=0
[CTRL] depth_valid=1 depth=-0.126 vz=-0.402 az=0.259 target_valid=0 target=0.000 pid=0.000 pid_base=0.000 buoyancy_pwm=0 mask_valid=1 mask=0 forward_active=0
[CTRL] depth_valid=1 depth=-0.026 vz=0.146 az=0.647 target_valid=0 target=0.000 pid=0.000 pid_base=0.000 buoyancy_pwm=0 mask_valid=1 mask=0 forward_active=0
$T,0,1,6,,,,1628,530,-1748,1201,0*61
[CTRL] depth_valid=1 depth=0.023 vz=0.283 az=0.559 target_valid=0 target=0.000 pid=0.000 pid_base=0.000 buoyancy_pwm=0 mask_valid=1 mask=0 forward_active=0
[OK]hb
[CTRL] depth_valid=1 depth=0.031 vz=0.194 az=0.273 target_valid=0 target=0.000 pid=0.000 pid_base=0.000 buoyancy_pwm=0 mask_valid=1 mask=0 forward_active=0
[CTRL] depth_valid=1 depth=0.020 vz=0.091 az=0.097 target_valid=0 target=0.000 pid=0.000 pid_base=0.000 buoyancy_pwm=0 mask_valid=1 mask=0 forward_active=0
[CTRL] depth_valid=1 depth=0.007 vz=0.016 az=-0.001 target_valid=0 target=0.000 pid=0.000 pid_base=0.000 buoyancy_pwm=0 mask_valid=1 mask=0 forward_active=0
$T,0,0,0,,,,1628,530,-1748,1201,0*66
[CTRL] depth_valid=1 depth=0.002 vz=-0.003 az=-0.018 target_valid=0 target=0.000 pid=0.000 pid_base=0.000 buoyancy_pwm=0 mask_valid=1 mask=0 forward_active=0
[CTRL] depth_valid=1 depth=-0.001 vz=-0.011 az=-0.019 target_valid=0 target=0.000 pid=0.000 pid_base=0.000 buoyancy_pwm=0 mask_valid=1 mask=0 forward_active=0
[CTRL] depth_valid=1 depth=-0.001 vz=-0.008 az=-0.009 target_valid=0 target=0.000 pid=0.000 pid_base=0.000 buoyancy_pwm=0 mask_valid=1 mask=0 forward_active=0
[CTRL] depth_valid=1 depth=-0.001 vz=-0.003 az=-0.002 target_valid=0 target=0.000 pid=0.000 pid_base=0.000 buoyancy_pwm=0 mask_valid=1 mask=0 forward_active=0
$T,0,0,0,,,,1628,530,-1748,1206,0*61
[CTRL] depth_valid=1 depth=-0.000 vz=-0.000 az=0.001 target_valid=0 target=0.000 pid=0.000 pid_base=0.000 buoyancy_pwm=0 mask_valid=1 mask=0 forward_active=0
[CTRL] depth_valid=1 depth=-0.000 vz=0.001 az=0.001 target_valid=0 target=0.000 pid=0.000 pid_base=0.000 buoyancy_pwm=0 mask_valid=1 mask=0 forward_active=0
[CTRL] depth_valid=1 depth=0.000 vz=0.001 az=0.001 target_valid=0 target=0.000 pid=0.000 pid_base=0.000 buoyancy_pwm=0 mask_valid=1 mask=0 forward_active=0
[OK]hb
[CTRL] depth_valid=1 depth=0.000 vz=0.000 az=0.000 target_valid=0 target=0.000 pid=0.000 pid_base=0.000 buoyancy_pwm=0 mask_valid=1 mask=0 forward_active=0
$T,0,0,0,,,,1628,531,-1748,1203,0*65
[CTRL] depth_valid=1 depth=0.000 vz=0.000 az=0.000 target_valid=0 target=0.000 pid=0.000 pid_base=0.000 buoyancy_pwm=0 mask_valid=1 mask=0 forward_active=0
[CTRL] depth_valid=1 depth=0.000 vz=-0.000 az=-0.000 target_valid=0 target=0.000 pid=0.000 pid_base=0.000 buoyancy_pwm=0 mask_valid=1 mask=0 forward_active=0
[CTRL] depth_valid=1 depth=-0.000 vz=-0.000 az=-0.000 target_valid=0 target=0.000 pid=0.000 pid_base=0.000 buoyancy_pwm=0 mask_valid=1 mask=0 forward_active=0
[CTRL] depth_valid=1 depth=-0.000 vz=-0.000 az=-0.000 target_valid=0 target=0.000 pid=0.000 pid_base=0.000 buoyancy_pwm=0 mask_valid=1 mask=0 forward_active=0
$T,0,0,0,,,,1628,531,-1748,1205,0*63
[CTRL] depth_valid=1 depth=-0.000 vz=-0.000 az=-0.000 target_valid=0 target=0.000 pid=0.000 pid_base=0.000 buoyancy_pwm=0 mask_valid=1 mask=0 forward_active=0
[CTRL] depth_valid=1 depth=-0.000 vz=-0.000 az=0.000 target_valid=0 target=0.000 pid=0.000 pid_base=0.000 buoyancy_pwm=0 mask_valid=1 mask=0 forward_active=0
[CTRL] depth_valid=1 depth=0.000 vz=0.000 az=0.000 target_valid=0 target=0.000 pid=0.000 pid_base=0.000 buoyancy_pwm=0 mask_valid=1 mask=0 forward_active=0
[CTRL] depth_valid=1 depth=0.000 vz=0.000 az=0.000 target_valid=0 target=0.000 pid=0.000 pid_base=0.000 buoyancy_pwm=0 mask_valid=1 mask=0 forward_active=0
$T,0,0,0,,,,1628,531,-1747,1201,0*68
[CTRL] depth_valid=1 depth=0.000 vz=0.000 az=0.000 target_valid=0 target=0.000 pid=0.000 pid_base=0.000 buoyancy_pwm=0 mask_valid=1 mask=0 forward_active=0
[OK]hb
[CTRL] depth_valid=1 depth=0.000 vz=0.000 az=0.000 target_valid=0 target=0.000 pid=0.000 pid_base=0.000 buoyancy_pwm=0 mask_valid=1 mask=0 forward_active=0
[CTRL] depth_valid=1 depth=0.000 vz=0.000 az=-0.000 target_valid=0 target=0.000 pid=0.000 pid_base=0.000 buoyancy_pwm=0 mask_valid=1 mask=0 forward_active=0
[CTRL] depth_valid=1 depth=-0.000 vz=-0.000 az=-0.000 target_valid=0 target=0.000 pid=0.000 pid_base=0.000 buoyancy_pwm=0 mask_valid=1 mask=0 forward_active=0
$T,0,0,0,,,,1628,531,-1747,1204,0*6D
[CTRL] depth_valid=1 depth=-0.000 vz=-0.000 az=-0.000 target_valid=0 target=0.000 pid=0.000 pid_base=0.000 buoyancy_pwm=0 mask_valid=1 mask=0 forward_active=0
[CTRL] depth_valid=1 depth=-0.000 vz=-0.000 az=-0.000 target_valid=0 target=0.000 pid=0.000 pid_base=0.000 buoyancy_pwm=0 mask_valid=1 mask=0 forward_active=0
[CTRL] depth_valid=1 depth=-0.000 vz=-0.000 az=0.000 target_valid=0 target=0.000 pid=0.000 pid_base=0.000 buoyancy_pwm=0 mask_valid=1 mask=0 forward_active=0
[CTRL] depth_valid=1 depth=0.000 vz=0.000 az=0.000 target_valid=0 target=0.000 pid=0.000 pid_base=0.000 buoyancy_pwm=0 mask_valid=1 mask=0 forward_active=0
$T,0,0,0,,,,1628,531,-1747,1203,0*6A
[CTRL] depth_valid=1 depth=0.000 vz=0.000 az=0.000 target_valid=0 target=0.000 pid=0.000 pid_base=0.000 buoyancy_pwm=0 mask_valid=1 mask=0 forward_active=0
[CTRL] depth_valid=1 depth=0.000 vz=0.000 az=0.000 target_valid=0 target=0.000 pid=0.000 pid_base=0.000 buoyancy_pwm=0 mask_valid=1 mask=0 forward_active=0
[CTRL] depth_valid=1 depth=0.000 vz=0.000 az=0.000 target_valid=0 target=0.000 pid=0.000 pid_base=0.000 buoyancy_pwm=0 mask_valid=1 mask=0 forward_active=0
[OK]hb
[CTRL] depth_valid=1 depth=0.000 vz=-0.000 az=-0.000 target_valid=0 target=0.000 pid=0.000 pid_base=0.000 buoyancy_pwm=0 mask_valid=1 mask=0 forward_active=0
$T,0,0,0,,,,1628,531,-1747,1203,0*6A
[CTRL] depth_valid=1 depth=-0.000 vz=-0.000 az=-0.000 target_valid=0 target=0.000 pid=0.000 pid_base=0.000 buoyancy_pwm=0 mask_valid=1 mask=0 forward_active=0
[CTRL] depth_valid=1 depth=-0.000 vz=-0.000 az=-0.000 target_valid=0 target=0.000 pid=0.000 pid_base=0.000 buoyancy_pwm=0 mask_valid=1 mask=0 forward_active=0
[CTRL] depth_valid=1 depth=-0.000 vz=-0.000 az=-0.000 target_valid=0 target=0.000 pid=0.000 pid_base=0.000 buoyancy_pwm=0 mask_valid=1 mask=0 forward_active=0
[CTRL] depth_valid=1 depth=-0.000 vz=-0.000 az=0.000 target_valid=0 target=0.000 pid=0.000 pid_base=0.000 buoyancy_pwm=0 mask_valid=1 mask=0 forward_active=0
$T,0,0,0,,,,1628,531,-1747,1199,0*6A
[CTRL] depth_valid=1 depth=0.000 vz=0.000 az=0.000 target_valid=0 target=0.000 pid=0.000 pid_base=0.000 buoyancy_pwm=0 mask_valid=1 mask=0 forward_active=0
[CTRL] depth_valid=1 depth=0.000 vz=0.000 az=0.000 target_valid=0 target=0.000 pid=0.000 pid_base=0.000 buoyancy_pwm=0 mask_valid=1 mask=0 forward_active=0
[CTRL] depth_valid=1 depth=0.000 vz=0.000 az=0.000 target_valid=0 target=0.000 pid=0.000 pid_base=0.000 buoyancy_pwm=0 mask_valid=1 mask=0 forward_active=0
[CTRL] depth_valid=1 depth=0.000 vz=0.000 az=-0.000 target_valid=0 target=0.000 pid=0.000 pid_base=0.000 buoyancy_pwm=0 mask_valid=1 mask=0 forward_active=0
$T,0,0,0,,,,1628,531,-1747,1202,0*6B
[CTRL] depth_valid=1 depth=0.000 vz=-0.000 az=-0.000 target_valid=0 target=0.000 pid=0.000 pid_base=0.000 buoyancy_pwm=0 mask_valid=1 mask=0 forward_active=0
[OK]hb
[CTRL] depth_valid=1 depth=-0.000 vz=-0.000 az=-0.000 target_valid=0 target=0.000 pid=0.000 pid_base=0.000 buoyancy_pwm=0 mask_valid=1 mask=0 forward_active=0
[CTRL] depth_valid=1 depth=-0.000 vz=-0.000 az=-0.000 target_valid=0 target=0.000 pid=0.000 pid_base=0.000 buoyancy_pwm=0 mask_valid=1 mask=0 forward_active=0
[CTRL] depth_valid=1 depth=-0.000 vz=-0.000 az=-0.000 target_valid=0 target=0.000 pid=0.000 pid_base=0.000 buoyancy_pwm=0 mask_valid=1 mask=0 forward_active=0
$T,0,0,0,,,,1628,531,-1747,1202,0*6B
[CTRL] depth_valid=1 depth=-0.000 vz=-0.000 az=0.000 target_valid=0 target=0.000 pid=0.000 pid_base=0.000 buoyancy_pwm=0 mask_valid=1 mask=0 forward_active=0
[CTRL] depth_valid=1 depth=0.000 vz=0.000 az=0.000 target_valid=0 target=0.000 pid=0.000 pid_base=0.000 buoyancy_pwm=0 mask_valid=1 mask=0 forward_active=0
[CTRL] depth_valid=1 depth=0.000 vz=0.000 az=0.000 target_valid=0 target=0.000 pid=0.000 pid_base=0.000 buoyancy_pwm=0 mask_valid=1 mask=0 forward_active=0
[CTRL] depth_valid=1 depth=0.000 vz=0.000 az=0.000 target_valid=0 target=0.000 pid=0.000 pid_base=0.000 buoyancy_pwm=0 mask_valid=1 mask=0 forward_active=0
$T,0,0,0,,,,1628,531,-1747,1201,0*68
[CTRL] depth_valid=1 depth=0.000 vz=0.000 az=0.000 target_valid=0 target=0.000 pid=0.000 pid_base=0.000 buoyancy_pwm=0 mask_valid=1 mask=0 forward_active=0
[CTRL] depth_valid=1 depth=0.000 vz=0.000 az=-0.000 target_valid=0 target=0.000 pid=0.000 pid_base=0.000 buoyancy_pwm=0 mask_valid=1 mask=0 forward_active=0
[CTRL] depth_valid=1 depth=0.000 vz=-0.000 az=-0.000 target_valid=0 target=0.000 pid=0.000 pid_base=0.000 buoyancy_pwm=0 mask_valid=1 mask=0 forward_active=0
[OK]hb
[CTRL] depth_valid=1 depth=-0.000 vz=-0.000 az=-0.000 target_valid=0 target=0.000 pid=0.000 pid_base=0.000 buoyancy_pwm=0 mask_valid=1 mask=0 forward_active=0
$T,0,0,0,,,,1628,531,-1747,1202,0*6B
[CTRL] depth_valid=1 depth=-0.000 vz=-0.000 az=-0.000 target_valid=0 target=0.000 pid=0.000 pid_base=0.000 buoyancy_pwm=0 mask_valid=1 mask=0 forward_active=0
[CTRL] depth_valid=1 depth=-0.000 vz=-0.000 az=-0.000 target_valid=0 target=0.000 pid=0.000 pid_base=0.000 buoyancy_pwm=0 mask_valid=1 mask=0 forward_active=0
[CTRL] depth_valid=1 depth=-0.000 vz=-0.000 az=0.000 target_valid=0 target=0.000 pid=0.000 pid_base=0.000 buoyancy_pwm=0 mask_valid=1 mask=0 forward_active=0
[CTRL] depth_valid=1 depth=0.000 vz=0.000 az=0.000 target_valid=0 target=0.000 pid=0.000 pid_base=0.000 buoyancy_pwm=0 mask_valid=1 mask=0 forward_active=0
$T,0,0,0,,,,1628,531,-1747,1202,0*6B
[CTRL] depth_valid=1 depth=0.000 vz=0.000 az=0.000 target_valid=0 target=0.000 pid=0.000 pid_base=0.000 buoyancy_pwm=0 mask_valid=1 mask=0 forward_active=0
[CTRL] depth_valid=1 depth=0.000 vz=0.000 az=0.000 target_valid=0 target=0.000 pid=0.000 pid_base=0.000 buoyancy_pwm=0 mask_valid=1 mask=0 forward_active=0
[CTRL] depth_valid=1 depth=0.003 vz=0.002 az=-0.001 target_valid=0 target=0.000 pid=0.000 pid_base=0.000 buoyancy_pwm=0 mask_valid=1 mask=0 forward_active=0
[CTRL] depth_valid=1 depth=0.000 vz=-0.006 az=-0.008 target_valid=0 target=0.000 pid=0.000 pid_base=0.000 buoyancy_pwm=0 mask_valid=1 mask=0 forward_active=0
$T,0,0,0,,,,1628,531,-1747,1204,0*6D
[CTRL] depth_valid=1 depth=-0.001 vz=-0.005 az=-0.004 target_valid=0 target=0.000 pid=0.000 pid_base=0.000 buoyancy_pwm=0 mask_valid=1 mask=0 forward_active=0
[OK]hb
[CTRL] depth_valid=1 depth=-0.000 vz=-0.001 az=0.001 target_valid=0 target=0.000 pid=0.000 pid_base=0.000 buoyancy_pwm=0 mask_valid=1 mask=0 forward_active=0
[CTRL] depth_valid=1 depth=-0.000 vz=0.000 az=0.001 target_valid=0 target=0.000 pid=0.000 pid_base=0.000 buoyancy_pwm=0 mask_valid=1 mask=0 forward_active=0
[CTRL] depth_valid=1 depth=0.000 vz=0.001 az=0.001 target_valid=0 target=0.000 pid=0.000 pid_base=0.000 buoyancy_pwm=0 mask_valid=1 mask=0 forward_active=0
$T,0,0,0,,,,1628,531,-1747,1203,0*6A
[CTRL] depth_valid=1 depth=0.000 vz=0.000 az=0.000 target_valid=0 target=0.000 pid=0.000 pid_base=0.000 buoyancy_pwm=0 mask_valid=1 mask=0 forward_active=0
[CTRL] depth_valid=1 depth=0.000 vz=0.000 az=0.000 target_valid=0 target=0.000 pid=0.000 pid_base=0.000 buoyancy_pwm=0 mask_valid=1 mask=0 forward_active=0
[CTRL] depth_valid=1 depth=0.000 vz=0.000 az=-0.000 target_valid=0 target=0.000 pid=0.000 pid_base=0.000 buoyancy_pwm=0 mask_valid=1 mask=0 forward_active=0
[CTRL] depth_valid=1 depth=0.000 vz=-0.000 az=-0.000 target_valid=0 target=0.000 pid=0.000 pid_base=0.000 buoyancy_pwm=0 mask_valid=1 mask=0 forward_active=0
$T,0,0,0,,,,1628,531,-1747,1202,0*6B
[CTRL] depth_valid=1 depth=-0.000 vz=-0.000 az=-0.000 target_valid=0 target=0.000 pid=0.000 pid_base=0.000 buoyancy_pwm=0 mask_valid=1 mask=0 forward_active=0
[CTRL] depth_valid=1 depth=-0.000 vz=-0.000 az=-0.000 target_valid=0 target=0.000 pid=0.000 pid_base=0.000 buoyancy_pwm=0 mask_valid=1 mask=0 forward_active=0
[CTRL] depth_valid=1 depth=-0.000 vz=-0.000 az=-0.000 target_valid=0 target=0.000 pid=0.000 pid_base=0.000 buoyancy_pwm=0 mask_valid=1 mask=0 forward_active=0
[OK]hb
[CTRL] depth_valid=1 depth=-0.000 vz=-0.000 az=0.000 target_valid=0 target=0.000 pid=0.000 pid_base=0.000 buoyancy_pwm=0 mask_valid=1 mask=0 forward_active=0
$T,0,0,0,,,,1628,531,-1747,1202,0*6B
[CTRL] depth_valid=1 depth=0.000 vz=0.000 az=0.000 target_valid=0 target=0.000 pid=0.000 pid_base=0.000 buoyancy_pwm=0 mask_valid=1 mask=0 forward_active=0
[CTRL] depth_valid=1 depth=0.000 vz=0.000 az=0.000 target_valid=0 target=0.000 pid=0.000 pid_base=0.000 buoyancy_pwm=0 mask_valid=1 mask=0 forward_active=0
[CTRL] depth_valid=1 depth=0.000 vz=0.000 az=0.000 target_valid=0 target=0.000 pid=0.000 pid_base=0.000 buoyancy_pwm=0 mask_valid=1 mask=0 forward_active=0
[CTRL] depth_valid=1 depth=0.000 vz=0.000 az=-0.000 target_valid=0 target=0.000 pid=0.000 pid_base=0.000 buoyancy_pwm=0 mask_valid=1 mask=0 forward_active=0
$T,0,0,0,,,,1628,531,-1747,1204,0*6D
[CTRL] depth_valid=1 depth=0.000 vz=-0.000 az=-0.000 target_valid=0 target=0.000 pid=0.000 pid_base=0.000 buoyancy_pwm=0 mask_valid=1 mask=0 forward_active=0
[CTRL] depth_valid=1 depth=-0.000 vz=-0.000 az=-0.000 target_valid=0 target=0.000 pid=0.000 pid_base=0.000 buoyancy_pwm=0 mask_valid=1 mask=0 forward_active=0
[CTRL] depth_valid=1 depth=-0.000 vz=-0.000 az=-0.000 target_valid=0 target=0.000 pid=0.000 pid_base=0.000 buoyancy_pwm=0 mask_valid=1 mask=0 forward_active=0
[CTRL] depth_valid=1 depth=-0.000 vz=-0.000 az=-0.000 target_valid=0 target=0.000 pid=0.000 pid_base=0.000 buoyancy_pwm=0 mask_valid=1 mask=0 forward_active=0
$T,0,0,0,,,,1628,531,-1747,1204,0*6D
[CTRL] depth_valid=1 depth=-0.000 vz=-0.000 az=0.000 target_valid=0 target=0.000 pid=0.000 pid_base=0.000 buoyancy_pwm=0 mask_valid=1 mask=0 forward_active=0
[OK]hb
[CTRL] depth_valid=1 depth=0.002 vz=0.004 az=0.002 target_valid=0 target=0.000 pid=0.000 pid_base=0.000 buoyancy_pwm=0 mask_valid=1 mask=0 forward_active=0
[CTRL] depth_valid=1 depth=-0.000 vz=-0.003 az=-0.004 target_valid=0 target=0.000 pid=0.000 pid_base=0.000 buoyancy_pwm=0 mask_valid=1 mask=0 forward_active=0
[CTRL] depth_valid=1 depth=-0.000 vz=-0.002 az=-0.002 target_valid=0 target=0.000 pid=0.000 pid_base=0.000 buoyancy_pwm=0 mask_valid=1 mask=0 forward_active=0
$T,0,0,0,,,,1628,531,-1747,1202,0*6B
[CTRL] depth_valid=1 depth=-0.000 vz=-0.001 az=-0.000 target_valid=0 target=0.000 pid=0.000 pid_base=0.000 buoyancy_pwm=0 mask_valid=1 mask=0 forward_active=0
[CTRL] depth_valid=1 depth=-0.000 vz=-0.000 az=0.001 target_valid=0 target=0.000 pid=0.000 pid_base=0.000 buoyancy_pwm=0 mask_valid=1 mask=0 forward_active=0
[CTRL] depth_valid=1 depth=0.000 vz=0.000 az=0.001 target_valid=0 target=0.000 pid=0.000 pid_base=0.000 buoyancy_pwm=0 mask_valid=1 mask=0 forward_active=0
[CTRL] depth_valid=1 depth=0.000 vz=0.000 az=0.000 target_valid=0 target=0.000 pid=0.000 pid_base=0.000 buoyancy_pwm=0 mask_valid=1 mask=0 forward_active=0
$T,0,0,0,,,,1628,531,-1747,1201,0*68
[CTRL] depth_valid=1 depth=0.000 vz=0.000 az=0.000 target_valid=0 target=0.000 pid=0.000 pid_base=0.000 buoyancy_pwm=0 mask_valid=1 mask=0 forward_active=0
[CTRL] depth_valid=1 depth=2.061 vz=-0.219 az=-3.027 target_valid=0 target=0.000 pid=0.000 pid_base=0.000 buoyancy_pwm=0 mask_valid=1 mask=0 forward_active=0
[CTRL] depth_valid=1 depth=-0.031 vz=-4.841 az=-5.960 target_valid=0 target=0.000 pid=0.000 pid_base=0.000 buoyancy_pwm=0 mask_valid=1 mask=0 forward_active=0
[OK]hb
[CTRL] depth_valid=1 depth=-0.466 vz=-2.913 az=-2.042 target_valid=0 target=0.000 pid=0.000 pid_base=0.000 buoyancy_pwm=0 mask_valid=1 mask=0 forward_active=0
$T,-4,-29,-20,,,,1628,531,-1747,1203,0*4A
[CTRL] depth_valid=1 depth=-0.345 vz=-1.270 az=-0.017 target_valid=0 target=0.000 pid=0.000 pid_base=0.000 buoyancy_pwm=0 mask_valid=1 mask=0 forward_active=0
[CTRL] depth_valid=1 depth=-0.094 vz=0.123 az=1.179 target_valid=0 target=0.000 pid=0.000 pid_base=0.000 buoyancy_pwm=0 mask_valid=1 mask=0 forward_active=0
[CTRL] depth_valid=1 depth=0.046 vz=0.545 az=1.066 target_valid=0 target=0.000 pid=0.000 pid_base=0.000 buoyancy_pwm=0 mask_valid=1 mask=0 forward_active=0
[CTRL] depth_valid=1 depth=0.059 vz=0.364 az=0.507 target_valid=0 target=0.000 pid=0.000 pid_base=0.000 buoyancy_pwm=0 mask_valid=1 mask=0 forward_active=0
$T,0,3,5,,,,1628,531,-1747,1203,0*6C
[CTRL] depth_valid=1 depth=0.037 vz=0.169 az=0.176 target_valid=0 target=0.000 pid=0.000 pid_base=0.000 buoyancy_pwm=0 mask_valid=1 mask=0 forward_active=0
[CTRL] depth_valid=1 depth=0.016 vz=0.044 az=0.012 target_valid=0 target=0.000 pid=0.000 pid_base=0.000 buoyancy_pwm=0 mask_valid=1 mask=0 forward_active=0
[CTRL] depth_valid=1 depth=0.004 vz=-0.010 az=-0.038 target_valid=0 target=0.000 pid=0.000 pid_base=0.000 buoyancy_pwm=0 mask_valid=1 mask=0 forward_active=0
[CTRL] depth_valid=1 depth=-0.002 vz=-0.020 az=-0.031 target_valid=0 target=0.000 pid=0.000 pid_base=0.000 buoyancy_pwm=0 mask_valid=1 mask=0 forward_active=0
$T,0,0,0,,,,1628,531,-1747,1201,0*68
[CTRL] depth_valid=1 depth=-0.003 vz=-0.018 az=-0.023 target_valid=0 target=0.000 pid=0.000 pid_base=0.000 buoyancy_pwm=0 mask_valid=1 mask=0 forward_active=0
[OK]hb
[CTRL] depth_valid=1 depth=-0.002 vz=-0.008 az=-0.008 target_valid=0 target=0.000 pid=0.000 pid_base=0.000 buoyancy_pwm=0 mask_valid=1 mask=0 forward_active=0
[CTRL] depth_valid=1 depth=-0.001 vz=-0.002 az=-0.000 target_valid=0 target=0.000 pid=0.000 pid_base=0.000 buoyancy_pwm=0 mask_valid=1 mask=0 forward_active=0
[CTRL] depth_valid=1 depth=-0.000 vz=0.000 az=0.002 target_valid=0 target=0.000 pid=0.000 pid_base=0.000 buoyancy_pwm=0 mask_valid=1 mask=0 forward_active=0
$T,0,0,0,,,,1628,531,-1747,1202,0*6B
[CTRL] depth_valid=1 depth=0.000 vz=0.001 az=0.002 target_valid=0 target=0.000 pid=0.000 pid_base=0.000 buoyancy_pwm=0 mask_valid=1 mask=0 forward_active=0
[CTRL] depth_valid=1 depth=0.000 vz=0.001 az=0.001 target_valid=0 target=0.000 pid=0.000 pid_base=0.000 buoyancy_pwm=0 mask_valid=1 mask=0 forward_active=0
[CTRL] depth_valid=1 depth=0.000 vz=0.000 az=0.000 target_valid=0 target=0.000 pid=0.000 pid_base=0.000 buoyancy_pwm=0 mask_valid=1 mask=0 forward_active=0
[CTRL] depth_valid=1 depth=0.000 vz=0.000 az=-0.000 target_valid=0 target=0.000 pid=0.000 pid_base=0.000 buoyancy_pwm=0 mask_valid=1 mask=0 forward_active=0
$T,0,0,0,,,,1628,531,-1747,1203,0*6A
[CTRL] depth_valid=1 depth=0.000 vz=-0.000 az=-0.000 target_valid=0 target=0.000 pid=0.000 pid_base=0.000 buoyancy_pwm=0 mask_valid=1 mask=0 forward_active=0
[CTRL] depth_valid=1 depth=0.010 vz=0.019 az=0.015 target_valid=0 target=0.000 pid=0.000 pid_base=0.000 buoyancy_pwm=0 mask_valid=1 mask=0 forward_active=0
[CTRL] depth_valid=1 depth=0.002 vz=-0.007 az=-0.012 target_valid=0 target=0.000 pid=0.000 pid_base=0.000 buoyancy_pwm=0 mask_valid=1 mask=0 forward_active=0
[OK]hb
[CTRL] depth_valid=1 depth=-0.001 vz=-0.009 az=-0.009 target_valid=0 target=0.000 pid=0.000 pid_base=0.000 buoyancy_pwm=0 mask_valid=1 mask=0 forward_active=0
$T,0,0,0,,,,1628,531,-1747,1203,0*6A
[CTRL] depth_valid=1 depth=0.005 vz=-0.001 az=-0.005 target_valid=0 target=0.000 pid=0.000 pid_base=0.000 buoyancy_pwm=0 mask_valid=1 mask=0 forward_active=0
[CTRL] depth_valid=1 depth=-0.000 vz=-0.012 az=-0.012 target_valid=0 target=0.000 pid=0.000 pid_base=0.000 buoyancy_pwm=0 mask_valid=1 mask=0 forward_active=0
[CTRL] depth_valid=1 depth=-0.001 vz=-0.008 az=-0.006 target_valid=0 target=0.000 pid=0.000 pid_base=0.000 buoyancy_pwm=0 mask_valid=1 mask=0 forward_active=0
[CTRL] depth_valid=1 depth=-0.001 vz=-0.003 az=0.001 target_valid=0 target=0.000 pid=0.000 pid_base=0.000 buoyancy_pwm=0 mask_valid=1 mask=0 forward_active=0
$T,0,0,0,,,,1628,531,-1747,1202,0*6B
[CTRL] depth_valid=1 depth=-0.000 vz=0.000 az=0.003 target_valid=0 target=0.000 pid=0.000 pid_base=0.000 buoyancy_pwm=0 mask_valid=1 mask=0 forward_active=0
[CTRL] depth_valid=1 depth=0.011 vz=0.023 az=0.020 target_valid=0 target=0.000 pid=0.000 pid_base=0.000 buoyancy_pwm=0 mask_valid=1 mask=0 forward_active=0
[CTRL] depth_valid=1 depth=0.002 vz=-0.006 az=-0.010 target_valid=0 target=0.000 pid=0.000 pid_base=0.000 buoyancy_pwm=0 mask_valid=1 mask=0 forward_active=0
[CTRL] depth_valid=1 depth=-0.001 vz=-0.009 az=-0.009 target_valid=0 target=0.000 pid=0.000 pid_base=0.000 buoyancy_pwm=0 mask_valid=1 mask=0 forward_active=0
$T,0,0,0,,,,1628,531,-1747,1204,0*6D
[CTRL] depth_valid=1 depth=-0.001 vz=-0.005 az=-0.003 target_valid=0 target=0.000 pid=0.000 pid_base=0.000 buoyancy_pwm=0 mask_valid=1 mask=0 forward_active=0
[CTRL] depth_valid=1 depth=0.002 vz=0.003 az=0.004 target_valid=0 target=0.000 pid=0.000 pid_base=0.000 buoyancy_pwm=0 mask_valid=1 mask=0 forward_active=0
[OK]hb
[CTRL] depth_valid=1 depth=0.012 vz=0.027 az=0.026 target_valid=0 target=0.000 pid=0.000 pid_base=0.000 buoyancy_pwm=0 mask_valid=1 mask=0 forward_active=0
[CTRL] depth_valid=1 depth=0.004 vz=-0.006 az=-0.011 target_valid=0 target=0.000 pid=0.000 pid_base=0.000 buoyancy_pwm=0 mask_valid=1 mask=0 forward_active=0
$T,0,0,0,,,,1628,531,-1747,1206,0*6F
[CTRL] depth_valid=1 depth=0.000 vz=-0.012 az=-0.014 target_valid=0 target=0.000 pid=0.000 pid_base=0.000 buoyancy_pwm=0 mask_valid=1 mask=0 forward_active=0
[CTRL] depth_valid=1 depth=-0.001 vz=-0.009 az=-0.007 target_valid=0 target=0.000 pid=0.000 pid_base=0.000 buoyancy_pwm=0 mask_valid=1 mask=0 forward_active=0
[CTRL] depth_valid=1 depth=-0.001 vz=-0.003 az=0.000 target_valid=0 target=0.000 pid=0.000 pid_base=0.000 buoyancy_pwm=0 mask_valid=1 mask=0 forward_active=0
[CTRL] depth_valid=1 depth=-0.000 vz=0.000 az=0.003 target_valid=0 target=0.000 pid=0.000 pid_base=0.000 buoyancy_pwm=0 mask_valid=1 mask=0 forward_active=0
$T,0,0,0,,,,1628,531,-1747,1206,0*6F
[CTRL] depth_valid=1 depth=0.000 vz=0.001 az=0.003 target_valid=0 target=0.000 pid=0.000 pid_base=0.000 buoyancy_pwm=0 mask_valid=1 mask=0 forward_active=0
[CTRL] depth_valid=1 depth=0.007 vz=0.012 az=0.007 target_valid=0 target=0.000 pid=0.000 pid_base=0.000 buoyancy_pwm=0 mask_valid=1 mask=0 forward_active=0
[CTRL] depth_valid=1 depth=0.000 vz=-0.008 az=-0.011 target_valid=0 target=0.000 pid=0.000 pid_base=0.000 buoyancy_pwm=0 mask_valid=1 mask=0 forward_active=0
[CTRL] depth_valid=1 depth=0.004 vz=-0.000 az=-0.003 target_valid=0 target=0.000 pid=0.000 pid_base=0.000 buoyancy_pwm=0 mask_valid=1 mask=0 forward_active=0
68
[CTRL] depth_valid=1 depth=0.000 vz=-0.008 az=-0.008 target_valid=0 target=0.000 pid=0.000 pid_base=0.000 buoyancy_pwm=0 mask_valid=1 mask=0 forward_active=0
[CTRL] depth_valid=1 depth=-0.001 vz=-0.005 az=-0.002 target_valid=0 target=0.000 pid=0.000 pid_base=0.000 buoyancy_pwm=0 mask_valid=1 mask=0 forward_active=0
[CTRL] depth_valid=1 depth=-0.000 vz=-0.000 az=0.002 target_valid=0 target=0.000 pid=0.000 pid_base=0.000 buoyancy_pwm=0 mask_valid=1 mask=0 forward_active=0
[CTRL] depth_valid=1 depth=0.000 vz=0.001 az=0.002 target_valid=0 target=0.000 pid=0.000 pid_base=0.000 buoyancy_pwm=0 mask_valid=1 mask=0 forward_active=0
$T,0,0,0,,,,1628,531,-1747,1202,0*6B
[CTRL] depth_valid=1 depth=0.000 vz=0.001 az=0.002 target_valid=0 target=0.000 pid=0.000 pid_base=0.000 buoyancy_pwm=0 mask_valid=1 mask=0 forward_active=0
[CTRL] depth_valid=1 depth=0.017 vz=0.025 az=0.014 target_valid=0 target=0.000 pid=0.000 pid_base=0.000 buoyancy_pwm=0 mask_valid=1 mask=0 forward_active=0
[CTRL] depth_valid=1 depth=0.003 vz=-0.017 az=-0.025 target_valid=0 target=0.000 pid=0.000 pid_base=0.000 buoyancy_pwm=0 mask_valid=1 mask=0 forward_active=0
[CTRL] depth_valid=1 depth=-0.002 vz=-0.019 az=-0.019 target_valid=0 target=0.000 pid=0.000 pid_base=0.000 buoyancy_pwm=0 mask_valid=1 mask=0 forward_active=0
$T,0,0,0,,,,1628,531,-1747,1206,0*6F
[CTRL] depth_valid=1 depth=0.016 vz=0.023 az=0.021 target_valid=0 target=0.000 pid=0.000 pid_base=0.000 buoyancy_pwm=0 mask_valid=1 mask=0 forward_active=0
[CTRL] depth_valid=1 depth=0.001 vz=-0.015 az=-0.017 target_valid=0 target=0.000 pid=0.000 pid_base=0.000 buoyancy_pwm=0 mask_valid=1 mask=0 forward_active=0
[OK]hb
[CTRL] depth_valid=1 depth=-0.001 vz=-0.012 az=-0.009 target_valid=0 target=0.000 pid=0.000 pid_base=0.000 buoyancy_pwm=0 mask_valid=1 mask=0 forward_active=0
[CTRL] depth_valid=1 depth=0.003 vz=0.007 az=0.012 target_valid=0 target=0.000 pid=0.000 pid_base=0.000 buoyancy_pwm=0 mask_valid=1 mask=0 forward_active=0
$T,0,0,0,,,,1628,531,-1747,1202,0*6B
[CTRL] depth_valid=1 depth=0.016 vz=0.029 az=0.027 target_valid=0 target=0.000 pid=0.000 pid_base=0.000 buoyancy_pwm=0 mask_valid=1 mask=0 forward_active=0
[CTRL] depth_valid=1 depth=0.003 vz=-0.011 az=-0.015 target_valid=0 target=0.000 pid=0.000 pid_base=0.000 buoyancy_pwm=0 mask_valid=1 mask=0 forward_active=0
[CTRL] depth_valid=1 depth=0.001 vz=-0.010 az=-0.011 target_valid=0 target=0.000 pid=0.000 pid_base=0.000 buoyancy_pwm=0 mask_valid=1 mask=0 forward_active=0
[CTRL] depth_valid=1 depth=-0.001 vz=-0.008 az=-0.005 target_valid=0 target=0.000 pid=0.000 pid_base=0.000 buoyancy_pwm=0 mask_valid=1 mask=0 forward_active=0
$T,0,0,0,,,,1628,531,-1747,1206,0*6F
[CTRL] depth_valid=1 depth=0.008 vz=0.016 az=0.018 target_valid=0 target=0.000 pid=0.000 pid_base=0.000 buoyancy_pwm=0 mask_valid=1 mask=0 forward_active=0
[CTRL] depth_valid=1 depth=0.002 vz=-0.003 az=-0.003 target_valid=0 target=0.000 pid=0.000 pid_base=0.000 buoyancy_pwm=0 mask_valid=1 mask=0 forward_active=0
[CTRL] depth_valid=1 depth=-0.000 vz=-0.005 az=-0.004 target_valid=0 target=0.000 pid=0.000 pid_base=0.000 buoyancy_pwm=0 mask_valid=1 mask=0 forward_active=0
[CTRL] depth_valid=1 depth=0.006 vz=0.010 az=0.010 target_valid=0 target=0.000 pid=0.000 pid_base=0.000 buoyancy_pwm=0 mask_valid=1 mask=0 forward_active=0
*58
[CTRL] depth_valid=1 depth=0.000 vz=-0.005 az=-0.006 target_valid=0 target=0.000 pid=0.000 pid_base=0.000 buoyancy_pwm=0 mask_valid=1 mask=0 forward_active=0
[CTRL] depth_valid=1 depth=-0.001 vz=-0.004 az=-0.002 target_valid=0 target=0.000 pid=0.000 pid_base=0.000 buoyancy_pwm=0 mask_valid=1 mask=0 forward_active=0
[CTRL] depth_valid=1 depth=0.004 vz=0.006 az=0.005 target_valid=0 target=0.000 pid=0.000 pid_base=0.000 buoyancy_pwm=0 mask_valid=1 mask=0 forward_active=0
[CTRL] depth_valid=1 depth=0.009 vz=0.015 az=0.014 target_valid=0 target=0.000 pid=0.000 pid_base=0.000 buoyancy_pwm=0 mask_valid=1 mask=0 forward_active=0
$T,0,0,0,,,,1628,531,-1747,1209,0*60
[CTRL] depth_valid=1 depth=0.003 vz=-0.008 az=-0.012 target_valid=0 target=0.000 pid=0.000 pid_base=0.000 buoyancy_pwm=0 mask_valid=1 mask=0 forward_active=0
[CTRL] depth_valid=1 depth=0.004 vz=-0.005 az=-0.007 target_valid=0 target=0.000 pid=0.000 pid_base=0.000 buoyancy_pwm=0 mask_valid=1 mask=0 forward_active=0
[CTRL] depth_valid=1 depth=0.002 vz=-0.009 az=-0.009 target_valid=0 target=0.000 pid=0.000 pid_base=0.000 buoyancy_pwm=0 mask_valid=1 mask=0 forward_active=0
[CTRL] depth_valid=1 depth=-0.001 vz=-0.008 az=-0.005 target_valid=0 target=0.000 pid=0.000 pid_base=0.000 buoyancy_pwm=0 mask_valid=1 mask=0 forward_active=0
$T,0,0,0,,,,1628,531,-1747,1208,0*61
[CTRL] depth_valid=1 depth=-0.001 vz=-0.006 az=-0.001 target_valid=0 target=0.000 pid=0.000 pid_base=0.000 buoyancy_pwm=0 mask_valid=1 mask=0 forward_active=0
[CTRL] depth_valid=1 depth=0.003 vz=0.002 az=0.002 target_valid=0 target=0.000 pid=0.000 pid_base=0.000 buoyancy_pwm=0 mask_valid=1 mask=0 forward_active=0
[OK]hb
[CTRL] depth_valid=1 depth=0.010 vz=0.010 az=0.003 target_valid=0 target=0.000 pid=0.000 pid_base=0.000 buoyancy_pwm=0 mask_valid=1 mask=0 forward_active=0
[CTRL] depth_valid=1 depth=0.007 vz=-0.027 az=-0.040 target_valid=0 target=0.000 pid=0.000 pid_base=0.000 buoyancy_pwm=0 mask_valid=1 mask=0 forward_active=0
$T,0,0,0,,,,1628,531,-1747,1202,0*6B
[CTRL] depth_valid=1 depth=0.009 vz=-0.014 az=-0.020 target_valid=0 target=0.000 pid=0.000 pid_base=0.000 buoyancy_pwm=0 mask_valid=1 mask=0 forward_active=0
[CTRL] depth_valid=1 depth=0.008 vz=-0.006 az=-0.003 target_valid=0 target=0.000 pid=0.000 pid_base=0.000 buoyancy_pwm=0 mask_valid=1 mask=0 forward_active=0
[CTRL] depth_valid=1 depth=-0.001 vz=-0.017 az=-0.009 target_valid=0 target=0.000 pid=0.000 pid_base=0.000 buoyancy_pwm=0 mask_valid=1 mask=0 forward_active=0
[CTRL] depth_valid=1 depth=-0.000 vz=-0.007 az=0.001 target_valid=0 target=0.000 pid=0.000 pid_base=0.000 buoyancy_pwm=0 mask_valid=1 mask=0 forward_active=0
$T,0,0,0,,,,1628,531,-1747,1203,0*6A
[CTRL] depth_valid=1 depth=0.040 vz=0.083 az=0.081 target_valid=0 target=0.000 pid=0.000 pid_base=0.000 buoyancy_pwm=0 mask_valid=1 mask=0 forward_active=0
[CTRL] depth_valid=1 depth=0.015 vz=-0.009 az=-0.027 target_valid=0 target=0.000 pid=0.000 pid_base=0.000 buoyancy_pwm=0 mask_valid=1 mask=0 forward_active=0
[CTRL] depth_valid=1 depth=0.002 vz=-0.038 az=-0.046 target_valid=0 target=0.000 pid=0.000 pid_base=0.000 buoyancy_pwm=0 mask_valid=1 mask=0 forward_active=0
[CTRL] depth_valid=1 depth=0.007 vz=-0.004 az=0.001 target_valid=0 target=0.000 pid=0.000 pid_base=0.000 buoyancy_pwm=0 mask_valid=1 mask=0 forward_active=0
6D
[CTRL] depth_valid=1 depth=0.006 vz=-0.000 az=0.006 target_valid=0 target=0.000 pid=0.000 pid_base=0.000 buoyancy_pwm=0 mask_valid=1 mask=0 forward_active=0
[CTRL] depth_valid=1 depth=0.010 vz=0.008 az=0.010 target_valid=0 target=0.000 pid=0.000 pid_base=0.000 buoyancy_pwm=0 mask_valid=1 mask=0 forward_active=0
[CTRL] depth_valid=1 depth=0.008 vz=-0.003 az=-0.004 target_valid=0 target=0.000 pid=0.000 pid_base=0.000 buoyancy_pwm=0 mask_valid=1 mask=0 forward_active=0
[CTRL] depth_valid=1 depth=0.003 vz=-0.006 az=-0.003 target_valid=0 target=0.000 pid=0.000 pid_base=0.000 buoyancy_pwm=0 mask_valid=1 mask=0 forward_active=0
$T,0,0,0,,,,1628,531,-1747,1202,0*6B
[CTRL] depth_valid=1 depth=-0.000 vz=-0.010 az=-0.005 target_valid=0 target=0.000 pid=0.000 pid_base=0.000 buoyancy_pwm=0 mask_valid=1 mask=0 forward_active=0
[CTRL] depth_valid=1 depth=0.021 vz=0.046 az=0.050 target_valid=0 target=0.000 pid=0.000 pid_base=0.000 buoyancy_pwm=0 mask_valid=1 mask=0 forward_active=0
[CTRL] depth_valid=1 depth=0.023 vz=0.021 az=0.007 target_valid=0 target=0.000 pid=0.000 pid_base=0.000 buoyancy_pwm=0 mask_valid=1 mask=0 forward_active=0
[CTRL] depth_valid=1 depth=0.003 vz=-0.031 az=-0.037 target_valid=0 target=0.000 pid=0.000 pid_base=0.000 buoyancy_pwm=0 mask_valid=1 mask=0 forward_active=0
$T,0,0,0,,,,1628,531,-1747,1204,0*6D
[CTRL] depth_valid=1 depth=0.009 vz=-0.010 az=-0.013 target_valid=0 target=0.000 pid=0.000 pid_base=0.000 buoyancy_pwm=0 mask_valid=1 mask=0 forward_active=0
[CTRL] depth_valid=1 depth=0.012 vz=0.005 az=0.008 target_valid=0 target=0.000 pid=0.000 pid_base=0.000 buoyancy_pwm=0 mask_valid=1 mask=0 forward_active=0
[OK]hb
[CTRL] depth_valid=1 depth=0.008 vz=-0.004 az=-0.002 target_valid=0 target=0.000 pid=0.000 pid_base=0.000 buoyancy_pwm=0 mask_valid=1 mask=0 forward_active=0
[CTRL] depth_valid=1 depth=-0.000 vz=-0.017 az=-0.012 target_valid=0 target=0.000 pid=0.000 pid_base=0.000 buoyancy_pwm=0 mask_valid=1 mask=0 forward_active=0
$T,0,1,1,,,,1628,531,-1747,1210,0*68
[CTRL] depth_valid=1 depth=0.048 vz=0.043 az=0.012 target_valid=0 target=0.000 pid=0.000 pid_base=0.000 buoyancy_pwm=0 mask_valid=1 mask=0 forward_active=0
[CTRL] depth_valid=1 depth=0.013 vz=-0.053 az=-0.074 target_valid=0 target=0.000 pid=0.000 pid_base=0.000 buoyancy_pwm=0 mask_valid=1 mask=0 forward_active=0
[CTRL] depth_valid=1 depth=0.010 vz=-0.021 az=-0.013 target_valid=0 target=0.000 pid=0.000 pid_base=0.000 buoyancy_pwm=0 mask_valid=1 mask=0 forward_active=0
[CTRL] depth_valid=1 depth=0.006 vz=-0.022 az=-0.012 target_valid=0 target=0.000 pid=0.000 pid_base=0.000 buoyancy_pwm=0 mask_valid=1 mask=0 forward_active=0
$T,0,0,0,,,,1628,531,-1747,1211,0*69
[CTRL] depth_valid=1 depth=0.010 vz=-0.009 az=-0.007 target_valid=0 target=0.000 pid=0.000 pid_base=0.000 buoyancy_pwm=0 mask_valid=1 mask=0 forward_active=0
[CTRL] depth_valid=1 depth=0.009 vz=-0.011 az=-0.010 target_valid=0 target=0.000 pid=0.000 pid_base=0.000 buoyancy_pwm=0 mask_valid=1 mask=0 forward_active=0
[CTRL] depth_valid=1 depth=0.005 vz=-0.015 az=-0.012 target_valid=0 target=0.000 pid=0.000 pid_base=0.000 buoyancy_pwm=0 mask_valid=1 mask=0 forward_active=0
[CTRL] depth_valid=1 depth=-0.001 vz=-0.019 az=-0.011 target_valid=0 target=0.000 pid=0.000 pid_base=0.000 buoyancy_pwm=0 mask_valid=1 mask=0 forward_active=0
68
[CTRL] depth_valid=1 depth=0.024 vz=0.042 az=0.043 target_valid=0 target=0.000 pid=0.000 pid_base=0.000 buoyancy_pwm=0 mask_valid=1 mask=0 forward_active=0
[CTRL] depth_valid=1 depth=0.011 vz=0.001 az=-0.001 target_valid=0 target=0.000 pid=0.000 pid_base=0.000 buoyancy_pwm=0 mask_valid=1 mask=0 forward_active=0
[CTRL] depth_valid=1 depth=0.015 vz=0.001 az=-0.008 target_valid=0 target=0.000 pid=0.000 pid_base=0.000 buoyancy_pwm=0 mask_valid=1 mask=0 forward_active=0
[CTRL] depth_valid=1 depth=0.552 vz=-0.909 az=-1.806 target_valid=0 target=0.000 pid=0.000 pid_base=0.000 buoyancy_pwm=0 mask_valid=1 mask=0 forward_active=0
$T,5,-9,-18,,,,1628,531,-1746,1204,0*59
[CTRL] depth_valid=1 depth=0.004 vz=-1.885 az=-2.220 target_valid=0 target=0.000 pid=0.000 pid_base=0.000 buoyancy_pwm=0 mask_valid=1 mask=0 forward_active=0
[CTRL] depth_valid=1 depth=-0.176 vz=-1.392 az=-1.086 target_valid=0 target=0.000 pid=0.000 pid_base=0.000 buoyancy_pwm=0 mask_valid=1 mask=0 forward_active=0
[CTRL] depth_valid=1 depth=-0.083 vz=-0.247 az=0.270 target_valid=0 target=0.000 pid=0.000 pid_base=0.000 buoyancy_pwm=0 mask_valid=1 mask=0 forward_active=0
[CTRL] depth_valid=1 depth=-0.009 vz=0.149 az=0.527 target_valid=0 target=0.000 pid=0.000 pid_base=0.000 buoyancy_pwm=0 mask_valid=1 mask=0 forward_active=0
$T,0,1,5,,,,1628,531,-1746,1206,0*6A
[CTRL] depth_valid=1 depth=0.028 vz=0.239 az=0.470 target_valid=0 target=0.000 pid=0.000 pid_base=0.000 buoyancy_pwm=0 mask_valid=1 mask=0 forward_active=0
[CTRL] depth_valid=1 depth=0.028 vz=0.137 az=0.185 target_valid=0 target=0.000 pid=0.000 pid_base=0.000 buoyancy_pwm=0 mask_valid=1 mask=0 forward_active=0
[OK]hb
[CTRL] depth_valid=1 depth=0.050 vz=0.099 az=0.075 target_valid=0 target=0.000 pid=0.000 pid_base=0.000 buoyancy_pwm=0 mask_valid=1 mask=0 forward_active=0
[CTRL] depth_valid=1 depth=0.022 vz=-0.026 az=-0.064 target_valid=0 target=0.000 pid=0.000 pid_base=0.000 buoyancy_pwm=0 mask_valid=1 mask=0 forward_active=0
$T,0,0,0,,,,1628,531,-1746,1206,0*6E
[CTRL] depth_valid=1 depth=0.012 vz=-0.046 az=-0.066 target_valid=0 target=0.000 pid=0.000 pid_base=0.000 buoyancy_pwm=0 mask_valid=1 mask=0 forward_active=0
[CTRL] depth_valid=1 depth=0.008 vz=-0.040 az=-0.046 target_valid=0 target=0.000 pid=0.000 pid_base=0.000 buoyancy_pwm=0 mask_valid=1 mask=0 forward_active=0
[CTRL] depth_valid=1 depth=-0.000 vz=-0.040 az=-0.031 target_valid=0 target=0.000 pid=0.000 pid_base=0.000 buoyancy_pwm=0 mask_valid=1 mask=0 forward_active=0
[CTRL] depth_valid=1 depth=0.015 vz=0.010 az=0.019 target_valid=0 target=0.000 pid=0.000 pid_base=0.000 buoyancy_pwm=0 mask_valid=1 mask=0 forward_active=0
$T,0,0,0,,,,1628,531,-1746,1205,0*6D
[CTRL] depth_valid=1 depth=0.005 vz=-0.014 az=-0.007 target_valid=0 target=0.000 pid=0.000 pid_base=0.000 buoyancy_pwm=0 mask_valid=1 mask=0 forward_active=0
[CTRL] depth_valid=1 depth=0.019 vz=0.026 az=0.030 target_valid=0 target=0.000 pid=0.000 pid_base=0.000 buoyancy_pwm=0 mask_valid=1 mask=0 forward_active=0
[CTRL] depth_valid=1 depth=0.010 vz=-0.007 az=-0.011 target_valid=0 target=0.000 pid=0.000 pid_base=0.000 buoyancy_pwm=0 mask_valid=1 mask=0 forward_active=0
[CTRL] depth_valid=1 depth=0.029 vz=0.038 az=0.031 target_valid=0 target=0.000 pid=0.000 pid_base=0.000 buoyancy_pwm=0 mask_valid=1 mask=0 forward_active=0
6D
[CTRL] depth_valid=1 depth=0.044 vz=0.054 az=0.039 target_valid=0 target=0.000 pid=0.000 pid_base=0.000 buoyancy_pwm=0 mask_valid=1 mask=0 forward_active=0
[CTRL] depth_valid=1 depth=0.001 vz=-0.051 az=-0.056 target_valid=0 target=0.000 pid=0.000 pid_base=0.000 buoyancy_pwm=0 mask_valid=1 mask=0 forward_active=0
[CTRL] depth_valid=1 depth=-0.005 vz=-0.038 az=-0.027 target_valid=0 target=0.000 pid=0.000 pid_base=0.000 buoyancy_pwm=0 mask_valid=1 mask=0 forward_active=0
[CTRL] depth_valid=1 depth=0.012 vz=0.012 az=0.018 target_valid=0 target=0.000 pid=0.000 pid_base=0.000 buoyancy_pwm=0 mask_valid=1 mask=0 forward_active=0
$T,0,0,0,,,,1628,531,-1746,1212,0*6B
[CTRL] depth_valid=1 depth=0.014 vz=0.011 az=0.011 target_valid=0 target=0.000 pid=0.000 pid_base=0.000 buoyancy_pwm=0 mask_valid=1 mask=0 forward_active=0
[CTRL] depth_valid=1 depth=0.014 vz=0.002 az=-0.005 target_valid=0 target=0.000 pid=0.000 pid_base=0.000 buoyancy_pwm=0 mask_valid=1 mask=0 forward_active=0
[CTRL] depth_valid=1 depth=0.013 vz=0.002 az=0.001 target_valid=0 target=0.000 pid=0.000 pid_base=0.000 buoyancy_pwm=0 mask_valid=1 mask=0 forward_active=0
[CTRL] depth_valid=1 depth=0.000 vz=-0.024 az=-0.021 target_valid=0 target=0.000 pid=0.000 pid_base=0.000 buoyancy_pwm=0 mask_valid=1 mask=0 forward_active=0
$T,0,0,0,,,,1628,531,-1747,1212,0*6A
[CTRL] depth_valid=1 depth=-0.002 vz=-0.019 az=-0.011 target_valid=0 target=0.000 pid=0.000 pid_base=0.000 buoyancy_pwm=0 mask_valid=1 mask=0 forward_active=0
[CTRL] depth_valid=1 depth=-0.002 vz=-0.007 az=0.003 target_valid=0 target=0.000 pid=0.000 pid_base=0.000 buoyancy_pwm=0 mask_valid=1 mask=0 forward_active=0
[OK]hb
[CTRL] depth_valid=1 depth=-0.000 vz=0.002 az=0.009 target_valid=0 target=0.000 pid=0.000 pid_base=0.000 buoyancy_pwm=0 mask_valid=1 mask=0 forward_active=0
[CTRL] depth_valid=1 depth=0.007 vz=0.018 az=0.019 target_valid=0 target=0.000 pid=0.000 pid_base=0.000 buoyancy_pwm=0 mask_valid=1 mask=0 forward_active=0
$T,0,0,0,,,,1628,531,-1746,1204,0*6C
[CTRL] depth_valid=1 depth=0.003 vz=0.001 az=-0.000 target_valid=0 target=0.000 pid=0.000 pid_base=0.000 buoyancy_pwm=0 mask_valid=1 mask=0 forward_active=0
[CTRL] depth_valid=1 depth=0.020 vz=0.030 az=0.021 target_valid=0 target=0.000 pid=0.000 pid_base=0.000 buoyancy_pwm=0 mask_valid=1 mask=0 forward_active=0
[CTRL] depth_valid=1 depth=0.015 vz=0.005 az=-0.005 target_valid=0 target=0.000 pid=0.000 pid_base=0.000 buoyancy_pwm=0 mask_valid=1 mask=0 forward_active=0
[CTRL] depth_valid=1 depth=0.014 vz=-0.004 az=-0.013 target_valid=0 target=0.000 pid=0.000 pid_base=0.000 buoyancy_pwm=0 mask_valid=1 mask=0 forward_active=0
$T,0,0,0,,,,1628,531,-1746,1212,0*6B
[CTRL] depth_valid=1 depth=0.020 vz=0.006 az=-0.004 target_valid=0 target=0.000 pid=0.000 pid_base=0.000 buoyancy_pwm=0 mask_valid=1 mask=0 forward_active=0
[CTRL] depth_valid=1 depth=0.015 vz=-0.016 az=-0.028 target_valid=0 target=0.000 pid=0.000 pid_base=0.000 buoyancy_pwm=0 mask_valid=1 mask=0 forward_active=0
[CTRL] depth_valid=1 depth=-0.001 vz=-0.043 az=-0.041 target_valid=0 target=0.000 pid=0.000 pid_base=0.000 buoyancy_pwm=0 mask_valid=1 mask=0 forward_active=0
[CTRL] depth_valid=1 depth=0.003 vz=-0.013 az=-0.002 target_valid=0 target=0.000 pid=0.000 pid_base=0.000 buoyancy_pwm=0 mask_valid=1 mask=0 forward_active=0
6A
[CTRL] depth_valid=1 depth=0.038 vz=0.052 az=0.047 target_valid=0 target=0.000 pid=0.000 pid_base=0.000 buoyancy_pwm=0 mask_valid=1 mask=0 forward_active=0
[CTRL] depth_valid=1 depth=0.029 vz=0.007 az=-0.009 target_valid=0 target=0.000 pid=0.000 pid_base=0.000 buoyancy_pwm=0 mask_valid=1 mask=0 forward_active=0
[CTRL] depth_valid=1 depth=0.000 vz=-0.054 az=-0.054 target_valid=0 target=0.000 pid=0.000 pid_base=0.000 buoyancy_pwm=0 mask_valid=1 mask=0 forward_active=0
[CTRL] depth_valid=1 depth=0.024 vz=0.011 az=0.009 target_valid=0 target=0.000 pid=0.000 pid_base=0.000 buoyancy_pwm=0 mask_valid=1 mask=0 forward_active=0
$T,0,0,0,,,,1628,531,-1747,1207,0*6E
[CTRL] depth_valid=1 depth=0.012 vz=-0.020 az=-0.023 target_valid=0 target=0.000 pid=0.000 pid_base=0.000 buoyancy_pwm=0 mask_valid=1 mask=0 forward_active=0
[CTRL] depth_valid=1 depth=-0.001 vz=-0.037 az=-0.030 target_valid=0 target=0.000 pid=0.000 pid_base=0.000 buoyancy_pwm=0 mask_valid=1 mask=0 forward_active=0
[CTRL] depth_valid=1 depth=0.004 vz=-0.011 az=-0.001 target_valid=0 target=0.000 pid=0.000 pid_base=0.000 buoyancy_pwm=0 mask_valid=1 mask=0 forward_active=0
[CTRL] depth_valid=1 depth=0.007 vz=-0.008 az=-0.005 target_valid=0 target=0.000 pid=0.000 pid_base=0.000 buoyancy_pwm=0 mask_valid=1 mask=0 forward_active=0
$T,0,0,0,,,,1628,531,-1747,1204,0*6D
[CTRL] depth_valid=1 depth=0.008 vz=-0.003 az=-0.001 target_valid=0 target=0.000 pid=0.000 pid_base=0.000 buoyancy_pwm=0 mask_valid=1 mask=0 forward_active=0
[CTRL] depth_valid=1 depth=0.016 vz=0.004 az=-0.002 target_valid=0 target=0.000 pid=0.000 pid_base=0.000 buoyancy_pwm=0 mask_valid=1 mask=0 forward_active=0
[OK]hb
[CTRL] depth_valid=1 depth=0.010 vz=-0.013 az=-0.018 target_valid=0 target=0.000 pid=0.000 pid_base=0.000 buoyancy_pwm=0 mask_valid=1 mask=0 forward_active=0
[CTRL] depth_valid=1 depth=0.001 vz=-0.022 az=-0.018 target_valid=0 target=0.000 pid=0.000 pid_base=0.000 buoyancy_pwm=0 mask_valid=1 mask=0 forward_active=0
$T,0,0,0,,,,1628,531,-1747,1203,0*6A
[CTRL] depth_valid=1 depth=0.029 vz=0.030 az=0.018 target_valid=0 target=0.000 pid=0.000 pid_base=0.000 buoyancy_pwm=0 mask_valid=1 mask=0 forward_active=0
[CTRL] depth_valid=1 depth=0.028 vz=0.013 az=0.001 target_valid=0 target=0.000 pid=0.000 pid_base=0.000 buoyancy_pwm=0 mask_valid=1 mask=0 forward_active=0
[CTRL] depth_valid=1 depth=0.009 vz=-0.031 az=-0.035 target_valid=0 target=0.000 pid=0.000 pid_base=0.000 buoyancy_pwm=0 mask_valid=1 mask=0 forward_active=0
[CTRL] depth_valid=1 depth=-0.004 vz=-0.035 az=-0.023 target_valid=0 target=0.000 pid=0.000 pid_base=0.000 buoyancy_pwm=0 mask_valid=1 mask=0 forward_active=0
$T,0,0,0,,,,1628,531,-1746,1203,0*6B
[CTRL] depth_valid=1 depth=0.022 vz=0.035 az=0.042 target_valid=0 target=0.000 pid=0.000 pid_base=0.000 buoyancy_pwm=0 mask_valid=1 mask=0 forward_active=0
[CTRL] depth_valid=1 depth=0.016 vz=-0.016 az=-0.028 target_valid=0 target=0.000 pid=0.000 pid_base=0.000 buoyancy_pwm=0 mask_valid=1 mask=0 forward_active=0
[CTRL] depth_valid=1 depth=0.016 vz=-0.022 az=-0.033 target_valid=0 target=0.000 pid=0.000 pid_base=0.000 buoyancy_pwm=0 mask_valid=1 mask=0 forward_active=0
[CTRL] depth_valid=1 depth=0.033 vz=0.023 az=0.015 target_valid=0 target=0.000 pid=0.000 pid_base=0.000 buoyancy_pwm=0 mask_valid=1 mask=0 forward_active=0
6A
[CTRL] depth_valid=1 depth=0.007 vz=-0.042 az=-0.048 target_valid=0 target=0.000 pid=0.000 pid_base=0.000 buoyancy_pwm=0 mask_valid=1 mask=0 forward_active=0
[CTRL] depth_valid=1 depth=0.014 vz=-0.006 az=0.001 target_valid=0 target=0.000 pid=0.000 pid_base=0.000 buoyancy_pwm=0 mask_valid=1 mask=0 forward_active=0
[CTRL] depth_valid=1 depth=0.028 vz=0.031 az=0.034 target_valid=0 target=0.000 pid=0.000 pid_base=0.000 buoyancy_pwm=0 mask_valid=1 mask=0 forward_active=0
[CTRL] depth_valid=1 depth=0.015 vz=-0.006 az=-0.006 target_valid=0 target=0.000 pid=0.000 pid_base=0.000 buoyancy_pwm=0 mask_valid=1 mask=0 forward_active=0
$T,0,0,0,,,,1628,531,-1746,1203,0*6B
[CTRL] depth_valid=1 depth=0.005 vz=-0.027 az=-0.025 target_valid=0 target=0.000 pid=0.000 pid_base=0.000 buoyancy_pwm=0 mask_valid=1 mask=0 forward_active=0
[CTRL] depth_valid=1 depth=0.030 vz=0.018 az=0.011 target_valid=0 target=0.000 pid=0.000 pid_base=0.000 buoyancy_pwm=0 mask_valid=1 mask=0 forward_active=0
[CTRL] depth_valid=1 depth=0.007 vz=-0.037 az=-0.037 target_valid=0 target=0.000 pid=0.000 pid_base=0.000 buoyancy_pwm=0 mask_valid=1 mask=0 forward_active=0
[CTRL] depth_valid=1 depth=0.034 vz=0.025 az=0.017 target_valid=0 target=0.000 pid=0.000 pid_base=0.000 buoyancy_pwm=0 mask_valid=1 mask=0 forward_active=0
$T,0,0,0,,,,1628,531,-1746,1207,0*6F
[CTRL] depth_valid=1 depth=0.011 vz=-0.029 az=-0.032 target_valid=0 target=0.000 pid=0.000 pid_base=0.000 buoyancy_pwm=0 mask_valid=1 mask=0 forward_active=0
[CTRL] depth_valid=1 depth=0.002 vz=-0.035 az=-0.029 target_valid=0 target=0.000 pid=0.000 pid_base=0.000 buoyancy_pwm=0 mask_valid=1 mask=0 forward_active=0
[OK]hb
[CTRL] depth_valid=1 depth=0.023 vz=0.022 az=0.028 target_valid=0 target=0.000 pid=0.000 pid_base=0.000 buoyancy_pwm=0 mask_valid=1 mask=0 forward_active=0
[CTRL] depth_valid=1 depth=0.011 vz=-0.034 az=-0.042 target_valid=0 target=0.000 pid=0.000 pid_base=0.000 buoyancy_pwm=0 mask_valid=1 mask=0 forward_active=0
$T,0,0,0,,,,1628,531,-1746,1207,0*6F
[CTRL] depth_valid=1 depth=0.026 vz=0.008 az=0.007 target_valid=0 target=0.000 pid=0.000 pid_base=0.000 buoyancy_pwm=0 mask_valid=1 mask=0 forward_active=0
[CTRL] depth_valid=1 depth=0.008 vz=-0.028 az=-0.026 target_valid=0 target=0.000 pid=0.000 pid_base=0.000 buoyancy_pwm=0 mask_valid=1 mask=0 forward_active=0
[CTRL] depth_valid=1 depth=0.011 vz=-0.021 az=-0.018 target_valid=0 target=0.000 pid=0.000 pid_base=0.000 buoyancy_pwm=0 mask_valid=1 mask=0 forward_active=0
[CTRL] depth_valid=1 depth=0.025 vz=0.015 az=0.014 target_valid=0 target=0.000 pid=0.000 pid_base=0.000 buoyancy_pwm=0 mask_valid=1 mask=0 forward_active=0
$T,0,0,0,,,,1628,531,-1746,1207,0*6F
[CTRL] depth_valid=1 depth=0.011 vz=-0.024 az=-0.028 target_valid=0 target=0.000 pid=0.000 pid_base=0.000 buoyancy_pwm=0 mask_valid=1 mask=0 forward_active=0
[CTRL] depth_valid=1 depth=0.001 vz=-0.029 az=-0.021 target_valid=0 target=0.000 pid=0.000 pid_base=0.000 buoyancy_pwm=0 mask_valid=1 mask=0 forward_active=0
[CTRL] depth_valid=1 depth=-0.002 vz=-0.019 az=-0.006 target_valid=0 target=0.000 pid=0.000 pid_base=0.000 buoyancy_pwm=0 mask_valid=1 mask=0 forward_active=0
[CTRL] depth_valid=1 depth=0.013 vz=0.017 az=0.020 target_valid=0 target=0.000 pid=0.000 pid_base=0.000 buoyancy_pwm=0 mask_valid=1 mask=0 forward_active=0
69
[CTRL] depth_valid=1 depth=0.002 vz=-0.012 az=-0.010 target_valid=0 target=0.000 pid=0.000 pid_base=0.000 buoyancy_pwm=0 mask_valid=1 mask=0 forward_active=0
[CTRL] depth_valid=1 depth=0.031 vz=0.044 az=0.035 target_valid=0 target=0.000 pid=0.000 pid_base=0.000 buoyancy_pwm=0 mask_valid=1 mask=0 forward_active=0
[CTRL] depth_valid=1 depth=0.016 vz=-0.010 az=-0.024 target_valid=0 target=0.000 pid=0.000 pid_base=0.000 buoyancy_pwm=0 mask_valid=1 mask=0 forward_active=0
[CTRL] depth_valid=1 depth=0.019 vz=-0.009 az=-0.020 target_valid=0 target=0.000 pid=0.000 pid_base=0.000 buoyancy_pwm=0 mask_valid=1 mask=0 forward_active=0
$T,0,0,0,,,,1628,531,-1747,1201,0*68
[CTRL] depth_valid=1 depth=0.025 vz=0.009 az=0.003 target_valid=0 target=0.000 pid=0.000 pid_base=0.000 buoyancy_pwm=0 mask_valid=1 mask=0 forward_active=0
[CTRL] depth_valid=1 depth=0.013 vz=-0.026 az=-0.033 target_valid=0 target=0.000 pid=0.000 pid_base=0.000 buoyancy_pwm=0 mask_valid=1 mask=0 forward_active=0
[CTRL] depth_valid=1 depth=0.011 vz=-0.015 az=-0.013 target_valid=0 target=0.000 pid=0.000 pid_base=0.000 buoyancy_pwm=0 mask_valid=1 mask=0 forward_active=0
[CTRL] depth_valid=1 depth=0.015 vz=0.001 az=0.004 target_valid=0 target=0.000 pid=0.000 pid_base=0.000 buoyancy_pwm=0 mask_valid=1 mask=0 forward_active=0
$T,0,0,0,,,,1628,531,-1747,1202,0*6B
[CTRL] depth_valid=1 depth=0.010 vz=-0.011 az=-0.009 target_valid=0 target=0.000 pid=0.000 pid_base=0.000 buoyancy_pwm=0 mask_valid=1 mask=0 forward_active=0
[CTRL] depth_valid=1 depth=0.024 vz=0.015 az=0.010 target_valid=0 target=0.000 pid=0.000 pid_base=0.000 buoyancy_pwm=0 mask_valid=1 mask=0 forward_active=0
[OK]hb
[CTRL] depth_valid=1 depth=0.037 vz=0.023 az=0.006 target_valid=0 target=0.000 pid=0.000 pid_base=0.000 buoyancy_pwm=0 mask_valid=1 mask=0 forward_active=0
[CTRL] depth_valid=1 depth=0.012 vz=-0.028 az=-0.031 target_valid=0 target=0.000 pid=0.000 pid_base=0.000 buoyancy_pwm=0 mask_valid=1 mask=0 forward_active=0
$T,0,0,0,,,,1628,531,-1747,1200,0*69
[CTRL] depth_valid=1 depth=0.063 vz=0.091 az=0.083 target_valid=0 target=0.000 pid=0.000 pid_base=0.000 buoyancy_pwm=0 mask_valid=1 mask=0 forward_active=0
[CTRL] depth_valid=1 depth=0.009 vz=-0.056 az=-0.064 target_valid=0 target=0.000 pid=0.000 pid_base=0.000 buoyancy_pwm=0 mask_valid=1 mask=0 forward_active=0
[CTRL] depth_valid=1 depth=0.002 vz=-0.048 az=-0.040 target_valid=0 target=0.000 pid=0.000 pid_base=0.000 buoyancy_pwm=0 mask_valid=1 mask=0 forward_active=0
[CTRL] depth_valid=1 depth=2.513 vz=1.508 az=-1.245 target_valid=0 target=0.000 pid=0.000 pid_base=0.000 buoyancy_pwm=0 mask_valid=1 mask=0 forward_active=0
$T,25,15,-12,,,,1628,531,-1746,1201,0*74
[CTRL] depth_valid=1 depth=0.191 vz=-4.488 az=-5.928 target_valid=0 target=0.000 pid=0.000 pid_base=0.000 buoyancy_pwm=0 mask_valid=1 mask=0 forward_active=0
[CTRL] depth_valid=1 depth=-0.393 vz=-4.163 az=-4.099 target_valid=0 target=0.000 pid=0.000 pid_base=0.000 buoyancy_pwm=0 mask_valid=1 mask=0 forward_active=0
[CTRL] depth_valid=1 depth=-0.336 vz=-1.576 az=-0.404 target_valid=0 target=0.000 pid=0.000 pid_base=0.000 buoyancy_pwm=0 mask_valid=1 mask=0 forward_active=0
[CTRL] depth_valid=1 depth=-0.037 vz=0.178 az=1.170 target_valid=0 target=0.000 pid=0.000 pid_base=0.000 buoyancy_pwm=0 mask_valid=1 mask=0 forward_active=0
,531,-1746,1201,0*59
[CTRL] depth_valid=1 depth=0.065 vz=0.495 az=1.054 target_valid=0 target=0.000 pid=0.000 pid_base=0.000 buoyancy_pwm=0 mask_valid=1 mask=0 forward_active=0
[CTRL] depth_valid=1 depth=0.066 vz=0.379 az=0.616 target_valid=0 target=0.000 pid=0.000 pid_base=0.000 buoyancy_pwm=0 mask_valid=1 mask=0 forward_active=0
[CTRL] depth_valid=1 depth=0.049 vz=0.204 az=0.266 target_valid=0 target=0.000 pid=0.000 pid_base=0.000 buoyancy_pwm=0 mask_valid=1 mask=0 forward_active=0
[CTRL] depth_valid=1 depth=0.060 vz=0.136 az=0.122 target_valid=0 target=0.000 pid=0.000 pid_base=0.000 buoyancy_pwm=0 mask_valid=1 mask=0 forward_active=0
$T,0,1,1,,,,1628,531,-1746,1201,0*69
[CTRL] depth_valid=1 depth=0.052 vz=0.055 az=0.012 target_valid=0 target=0.000 pid=0.000 pid_base=0.000 buoyancy_pwm=0 mask_valid=1 mask=0 forward_active=0
[CTRL] depth_valid=1 depth=0.012 vz=-0.062 az=-0.094 target_valid=0 target=0.000 pid=0.000 pid_base=0.000 buoyancy_pwm=0 mask_valid=1 mask=0 forward_active=0
[CTRL] depth_valid=1 depth=0.003 vz=-0.060 az=-0.067 target_valid=0 target=0.000 pid=0.000 pid_base=0.000 buoyancy_pwm=0 mask_valid=1 mask=0 forward_active=0
[CTRL] depth_valid=1 depth=0.004 vz=-0.031 az=-0.021 target_valid=0 target=0.000 pid=0.000 pid_base=0.000 buoyancy_pwm=0 mask_valid=1 mask=0 forward_active=0
$T,0,0,0,,,,1628,531,-1746,1203,0*6B
[CTRL] depth_valid=1 depth=0.023 vz=0.011 az=0.012 target_valid=0 target=0.000 pid=0.000 pid_base=0.000 buoyancy_pwm=0 mask_valid=1 mask=0 forward_active=0
[CTRL] depth_valid=1 depth=0.041 vz=0.043 az=0.037 target_valid=0 target=0.000 pid=0.000 pid_base=0.000 buoyancy_pwm=0 mask_valid=1 mask=0 forward_active=0
[OK]hb
[CTRL] depth_valid=1 depth=0.040 vz=0.025 az=0.012 target_valid=0 target=0.000 pid=0.000 pid_base=0.000 buoyancy_pwm=0 mask_valid=1 mask=0 forward_active=0
[CTRL] depth_valid=1 depth=0.006 vz=-0.051 az=-0.052 target_valid=0 target=0.000 pid=0.000 pid_base=0.000 buoyancy_pwm=0 mask_valid=1 mask=0 forward_active=0
$T,0,0,0,,,,1628,531,-1747,1201,0*68
[CTRL] depth_valid=1 depth=-0.005 vz=-0.045 az=-0.030 target_valid=0 target=0.000 pid=0.000 pid_base=0.000 buoyancy_pwm=0 mask_valid=1 mask=0 forward_active=0
[CTRL] depth_valid=1 depth=0.039 vz=0.073 az=0.089 target_valid=0 target=0.000 pid=0.000 pid_base=0.000 buoyancy_pwm=0 mask_valid=1 mask=0 forward_active=0
[CTRL] depth_valid=1 depth=0.032 vz=0.032 az=0.028 target_valid=0 target=0.000 pid=0.000 pid_base=0.000 buoyancy_pwm=0 mask_valid=1 mask=0 forward_active=0
[CTRL] depth_valid=1 depth=0.028 vz=0.006 az=-0.006 target_valid=0 target=0.000 pid=0.000 pid_base=0.000 buoyancy_pwm=0 mask_valid=1 mask=0 forward_active=0
$T,0,0,0,,,,1628,531,-1746,1202,0*6A
[CTRL] depth_valid=1 depth=0.052 vz=0.060 az=0.047 target_valid=0 target=0.000 pid=0.000 pid_base=0.000 buoyancy_pwm=0 mask_valid=1 mask=0 forward_active=0
[CTRL] depth_valid=1 depth=0.022 vz=-0.022 az=-0.031 target_valid=0 target=0.000 pid=0.000 pid_base=0.000 buoyancy_pwm=0 mask_valid=1 mask=0 forward_active=0
[CTRL] depth_valid=1 depth=0.019 vz=-0.022 az=-0.021 target_valid=0 target=0.000 pid=0.000 pid_base=0.000 buoyancy_pwm=0 mask_valid=1 mask=0 forward_active=0
[CTRL] depth_valid=1 depth=0.003 vz=-0.048 az=-0.040 target_valid=0 target=0.000 pid=0.000 pid_base=0.000 buoyancy_pwm=0 mask_valid=1 mask=0 forward_active=0
531,-1746,1202,0*6A
[CTRL] depth_valid=1 depth=0.024 vz=0.012 az=0.018 target_valid=0 target=0.000 pid=0.000 pid_base=0.000 buoyancy_pwm=0 mask_valid=1 mask=0 forward_active=0
[CTRL] depth_valid=1 depth=0.005 vz=-0.027 az=-0.020 target_valid=0 target=0.000 pid=0.000 pid_base=0.000 buoyancy_pwm=0 mask_valid=1 mask=0 forward_active=0
[CTRL] depth_valid=1 depth=0.029 vz=0.025 az=0.023 target_valid=0 target=0.000 pid=0.000 pid_base=0.000 buoyancy_pwm=0 mask_valid=1 mask=0 forward_active=0
[CTRL] depth_valid=1 depth=0.022 vz=-0.011 az=-0.024 target_valid=0 target=0.000 pid=0.000 pid_base=0.000 buoyancy_pwm=0 mask_valid=1 mask=0 forward_active=0
$T,0,0,0,,,,1628,531,-1747,1202,0*6B
[CTRL] depth_valid=1 depth=-0.001 vz=-0.051 az=-0.048 target_valid=0 target=0.000 pid=0.000 pid_base=0.000 buoyancy_pwm=0 mask_valid=1 mask=0 forward_active=0
[CTRL] depth_valid=1 depth=0.018 vz=0.015 az=0.024 target_valid=0 target=0.000 pid=0.000 pid_base=0.000 buoyancy_pwm=0 mask_valid=1 mask=0 forward_active=0
[CTRL] depth_valid=1 depth=0.004 vz=-0.018 az=-0.013 target_valid=0 target=0.000 pid=0.000 pid_base=0.000 buoyancy_pwm=0 mask_valid=1 mask=0 forward_active=0
[CTRL] depth_valid=1 depth=0.010 vz=0.001 az=0.006 target_valid=0 target=0.000 pid=0.000 pid_base=0.000 buoyancy_pwm=0 mask_valid=1 mask=0 forward_active=0
$T,0,0,0,,,,1628,531,-1747,1202,0*6B
[CTRL] depth_valid=1 depth=0.038 vz=0.031 az=0.011 target_valid=0 target=0.000 pid=0.000 pid_base=0.000 buoyancy_pwm=0 mask_valid=1 mask=0 forward_active=0
[CTRL] depth_valid=1 depth=0.010 vz=-0.051 az=-0.066 target_valid=0 target=0.000 pid=0.000 pid_base=0.000 buoyancy_pwm=0 mask_valid=1 mask=0 forward_active=0
[OK]hb
[CTRL] depth_valid=1 depth=0.018 vz=-0.015 az=-0.017 target_valid=0 target=0.000 pid=0.000 pid_base=0.000 buoyancy_pwm=0 mask_valid=1 mask=0 forward_active=0
[CTRL] depth_valid=1 depth=0.006 vz=-0.035 az=-0.031 target_valid=0 target=0.000 pid=0.000 pid_base=0.000 buoyancy_pwm=0 mask_valid=1 mask=0 forward_active=0
$T,0,0,0,,,,1628,531,-1747,1202,0*6B
[CTRL] depth_valid=1 depth=0.006 vz=-0.023 az=-0.016 target_valid=0 target=0.000 pid=0.000 pid_base=0.000 buoyancy_pwm=0 mask_valid=1 mask=0 forward_active=0
[CTRL] depth_valid=1 depth=0.024 vz=0.017 az=0.017 target_valid=0 target=0.000 pid=0.000 pid_base=0.000 buoyancy_pwm=0 mask_valid=1 mask=0 forward_active=0
[CTRL] depth_valid=1 depth=0.035 vz=0.033 az=0.027 target_valid=0 target=0.000 pid=0.000 pid_base=0.000 buoyancy_pwm=0 mask_valid=1 mask=0 forward_active=0
[CTRL] depth_valid=1 depth=0.011 vz=-0.026 az=-0.029 target_valid=0 target=0.000 pid=0.000 pid_base=0.000 buoyancy_pwm=0 mask_valid=1 mask=0 forward_active=0
$T,0,0,0,,,,1628,531,-1747,1202,0*6B
[CTRL] depth_valid=1 depth=0.075 vz=0.126 az=0.120 target_valid=0 target=0.000 pid=0.000 pid_base=0.000 buoyancy_pwm=0 mask_valid=1 mask=0 forward_active=0
[CTRL] depth_valid=1 depth=0.037 vz=-0.003 az=-0.028 target_valid=0 target=0.000 pid=0.000 pid_base=0.000 buoyancy_pwm=0 mask_valid=1 mask=0 forward_active=0
[CTRL] depth_valid=1 depth=0.012 vz=-0.055 az=-0.063 target_valid=0 target=0.000 pid=0.000 pid_base=0.000 buoyancy_pwm=0 mask_valid=1 mask=0 forward_active=0
[CTRL] depth_valid=1 depth=-0.002 vz=-0.035 az=-0.015 target_valid=0 target=0.000 pid=0.000 pid_base=0.000 buoyancy_pwm=0 mask_valid=1 mask=0 forward_active=0
531,-1746,1203,0*6B
[CTRL] depth_valid=1 depth=0.032 vz=0.049 az=0.057 target_valid=0 target=0.000 pid=0.000 pid_base=0.000 buoyancy_pwm=0 mask_valid=1 mask=0 forward_active=0
[CTRL] depth_valid=1 depth=0.027 vz=0.010 az=-0.003 target_valid=0 target=0.000 pid=0.000 pid_base=0.000 buoyancy_pwm=0 mask_valid=1 mask=0 forward_active=0
[CTRL] depth_valid=1 depth=0.041 vz=0.037 az=0.023 target_valid=0 target=0.000 pid=0.000 pid_base=0.000 buoyancy_pwm=0 mask_valid=1 mask=0 forward_active=0
[CTRL] depth_valid=1 depth=0.021 vz=-0.020 az=-0.031 target_valid=0 target=0.000 pid=0.000 pid_base=0.000 buoyancy_pwm=0 mask_valid=1 mask=0 forward_active=0
$T,0,0,0,,,,1628,531,-1747,1201,0*68
[CTRL] depth_valid=1 depth=0.006 vz=-0.041 az=-0.039 target_valid=0 target=0.000 pid=0.000 pid_base=0.000 buoyancy_pwm=0 mask_valid=1 mask=0 forward_active=0
[CTRL] depth_valid=1 depth=0.007 vz=-0.017 az=-0.005 target_valid=0 target=0.000 pid=0.000 pid_base=0.000 buoyancy_pwm=0 mask_valid=1 mask=0 forward_active=0
[CTRL] depth_valid=1 depth=0.010 vz=-0.004 az=0.002 target_valid=0 target=0.000 pid=0.000 pid_base=0.000 buoyancy_pwm=0 mask_valid=1 mask=0 forward_active=0
[CTRL] depth_valid=1 depth=0.002 vz=-0.019 az=-0.013 target_valid=0 target=0.000 pid=0.000 pid_base=0.000 buoyancy_pwm=0 mask_valid=1 mask=0 forward_active=0
$T,0,0,0,,,,1628,531,-1746,1201,0*69
[CTRL] depth_valid=1 depth=-0.001 vz=-0.017 az=-0.008 target_valid=0 target=0.000 pid=0.000 pid_base=0.000 buoyancy_pwm=0 mask_valid=1 mask=0 forward_active=0
[CTRL] depth_valid=1 depth=0.021 vz=-0.005 az=-0.022 target_valid=0 target=0.000 pid=0.000 pid_base=0.000 buoyancy_pwm=0 mask_valid=1 mask=0 forward_active=0
[CTRL] depth_valid=1 depth=0.021 vz=-0.019 az=-0.038 target_valid=0 target=0.000 pid=0.000 pid_base=0.000 buoyancy_pwm=0 mask_valid=1 mask=0 forward_active=0
[CTRL] depth_valid=1 depth=0.037 vz=0.019 az=0.006 target_valid=0 target=0.000 pid=0.000 pid_base=0.000 buoyancy_pwm=0 mask_valid=1 mask=0 forward_active=0
$T,0,0,0,,,,1628,531,-1746,1201,0*69
[CTRL] depth_valid=1 depth=0.029 vz=-0.012 az=-0.025 target_valid=0 target=0.000 pid=0.000 pid_base=0.000 buoyancy_pwm=0 mask_valid=1 mask=0 forward_active=0
[CTRL] depth_valid=1 depth=0.016 vz=-0.030 az=-0.030 target_valid=0 target=0.000 pid=0.000 pid_base=0.000 buoyancy_pwm=0 mask_valid=1 mask=0 forward_active=0
[CTRL] depth_valid=1 depth=0.021 vz=-0.005 az=0.001 target_valid=0 target=0.000 pid=0.000 pid_base=0.000 buoyancy_pwm=0 mask_valid=1 mask=0 forward_active=0
[CTRL] depth_valid=1 depth=0.007 vz=-0.030 az=-0.021 target_valid=0 target=0.000 pid=0.000 pid_base=0.000 buoyancy_pwm=0 mask_valid=1 mask=0 forward_active=0
$T,0,0,0,,,,1628,531,-1746,1203,0*6B
[CTRL] depth_valid=1 depth=0.032 vz=0.039 az=0.046 target_valid=0 target=0.000 pid=0.000 pid_base=0.000 buoyancy_pwm=0 mask_valid=1 mask=0 forward_active=0
[CTRL] depth_valid=1 depth=0.031 vz=0.008 az=-0.003 target_valid=0 target=0.000 pid=0.000 pid_base=0.000 buoyancy_pwm=0 mask_valid=1 mask=0 forward_active=0
[CTRL] depth_valid=1 depth=0.035 vz=0.015 az=0.006 target_valid=0 target=0.000 pid=0.000 pid_base=0.000 buoyancy_pwm=0 mask_valid=1 mask=0 forward_active=0
[CTRL] depth_valid=1 depth=0.042 vz=0.015 az=-0.000 target_valid=0 target=0.000 pid=0.000 pid_base=0.000 buoyancy_pwm=0 mask_valid=1 mask=0 forward_active=0
$T,0,0,0,,,,1628,531,-1746,1203,0*6B
[OK]hb
[CTRL] depth_valid=1 depth=0.004 vz=-0.069 az=-0.069 target_valid=0 target=0.000 pid=0.000 pid_base=0.000 buoyancy_pwm=0 mask_valid=1 mask=0 forward_active=0
[CTRL] depth_valid=1 depth=-0.004 vz=-0.050 az=-0.031 target_valid=0 target=0.000 pid=0.000 pid_base=0.000 buoyancy_pwm=0 mask_valid=1 mask=0 forward_active=0
[CTRL] depth_valid=1 depth=0.013 vz=0.009 az=0.026 target_valid=0 target=0.000 pid=0.000 pid_base=0.000 buoyancy_pwm=0 mask_valid=1 mask=0 forward_active=0
[CTRL] depth_valid=1 depth=0.034 vz=0.043 az=0.042 target_valid=0 target=0.000 pid=0.000 pid_base=0.000 buoyancy_pwm=0 mask_valid=1 mask=0 forward_active=0
$T,0,0,0,,,,1628,531,-1746,1203,0*6B
[CTRL] depth_valid=1 depth=0.028 vz=0.020 az=0.014 target_valid=0 target=0.000 pid=0.000 pid_base=0.000 buoyancy_pwm=0 mask_valid=1 mask=0 forward_active=0
[CTRL] depth_valid=1 depth=-0.001 vz=-0.042 az=-0.038 target_valid=0 target=0.000 pid=0.000 pid_base=0.000 buoyancy_pwm=0 mask_valid=1 mask=0 forward_active=0
[CTRL] depth_valid=1 depth=0.008 vz=-0.005 az=0.004 target_valid=0 target=0.000 pid=0.000 pid_base=0.000 buoyancy_pwm=0 mask_valid=1 mask=0 forward_active=0
[CTRL] depth_valid=1 depth=0.009 vz=0.004 az=0.013 target_valid=0 target=0.000 pid=0.000 pid_base=0.000 buoyancy_pwm=0 mask_valid=1 mask=0 forward_active=0
$T,0,0,0,,,,1628,531,-1746,1204,0*6C
[CTRL] depth_valid=1 depth=3.890 vz=5.552 az=2.914 target_valid=0 target=0.000 pid=0.000 pid_base=0.000 buoyancy_pwm=0 mask_valid=1 mask=0 forward_active=0
[CTRL] depth_valid=1 depth=0.152 vz=-4.630 az=-6.065 target_valid=0 target=0.000 pid=0.000 pid_base=0.000 buoyancy_pwm=0 mask_valid=1 mask=0 forward_active=0
[CTRL] depth_valid=1 depth=-0.450 vz=-3.644 az=-3.177 target_valid=0 target=0.000 pid=0.000 pid_base=0.000 buoyancy_pwm=0 mask_valid=1 mask=0 forward_active=0
[OK]hb
[CTRL] depth_valid=1 depth=-0.218 vz=-0.771 az=0.426 target_valid=0 target=0.000 pid=0.000 pid_base=0.000 buoyancy_pwm=0 mask_valid=1 mask=0 forward_active=0
$T,-2,-7,4,,,,1628,531,-1746,1204,0*6D
[CTRL] depth_valid=1 depth=-0.066 vz=0.123 az=1.130 target_valid=0 target=0.000 pid=0.000 pid_base=0.000 buoyancy_pwm=0 mask_valid=1 mask=0 forward_active=0
[CTRL] depth_valid=1 depth=0.014 vz=0.440 az=1.127 target_valid=0 target=0.000 pid=0.000 pid_base=0.000 buoyancy_pwm=0 mask_valid=1 mask=0 forward_active=0
[CTRL] depth_valid=1 depth=0.085 vz=0.482 az=0.720 target_valid=0 target=0.000 pid=0.000 pid_base=0.000 buoyancy_pwm=0 mask_valid=1 mask=0 forward_active=0
[CTRL] depth_valid=1 depth=0.055 vz=0.187 az=0.193 target_valid=0 target=0.000 pid=0.000 pid_base=0.000 buoyancy_pwm=0 mask_valid=1 mask=0 forward_active=0
$T,0,1,1,,,,1628,531,-1746,1201,0*69
[CTRL] depth_valid=1 depth=0.035 vz=0.062 az=0.028 target_valid=0 target=0.000 pid=0.000 pid_base=0.000 buoyancy_pwm=0 mask_valid=1 mask=0 forward_active=0
[CTRL] depth_valid=1 depth=0.006 vz=-0.030 az=-0.057 target_valid=0 target=0.000 pid=0.000 pid_base=0.000 buoyancy_pwm=0 mask_valid=1 mask=0 forward_active=0
[CTRL] depth_valid=1 depth=0.015 vz=-0.002 az=-0.010 target_valid=0 target=0.000 pid=0.000 pid_base=0.000 buoyancy_pwm=0 mask_valid=1 mask=0 forward_active=0
[CTRL] depth_valid=1 depth=-0.002 vz=-0.031 az=-0.028 target_valid=0 target=0.000 pid=0.000 pid_base=0.000 buoyancy_pwm=0 mask_valid=1 mask=0 forward_active=0
$T,0,0,0,,,,1628,531,-1746,1201,0*69
[OK]hb
[CTRL] depth_valid=1 depth=0.023 vz=0.029 az=0.028 target_valid=0 target=0.000 pid=0.000 pid_base=0.000 buoyancy_pwm=0 mask_valid=1 mask=0 forward_active=0
[CTRL] depth_valid=1 depth=0.024 vz=0.019 az=0.014 target_valid=0 target=0.000 pid=0.000 pid_base=0.000 buoyancy_pwm=0 mask_valid=1 mask=0 forward_active=0
[CTRL] depth_valid=1 depth=0.019 vz=-0.012 az=-0.026 target_valid=0 target=0.000 pid=0.000 pid_base=0.000 buoyancy_pwm=0 mask_valid=1 mask=0 forward_active=0
[CTRL] depth_valid=1 depth=0.004 vz=-0.033 az=-0.034 target_valid=0 target=0.000 pid=0.000 pid_base=0.000 buoyancy_pwm=0 mask_valid=1 mask=0 forward_active=0
$T,0,0,0,,,,1628,531,-1747,1200,0*69
[CTRL] depth_valid=1 depth=-0.002 vz=-0.034 az=-0.025 target_valid=0 target=0.000 pid=0.000 pid_base=0.000 buoyancy_pwm=0 mask_valid=1 mask=0 forward_active=0
[CTRL] depth_valid=1 depth=-0.003 vz=-0.016 az=-0.002 target_valid=0 target=0.000 pid=0.000 pid_base=0.000 buoyancy_pwm=0 mask_valid=1 mask=0 forward_active=0
[CTRL] depth_valid=1 depth=-0.002 vz=-0.004 az=0.009 target_valid=0 target=0.000 pid=0.000 pid_base=0.000 buoyancy_pwm=0 mask_valid=1 mask=0 forward_active=0
[CTRL] depth_valid=1 depth=0.014 vz=0.036 az=0.044 target_valid=0 target=0.000 pid=0.000 pid_base=0.000 buoyancy_pwm=0 mask_valid=1 mask=0 forward_active=0
$T,0,0,0,,,,1628,531,-1746,1203,0*6B
[CTRL] depth_valid=1 depth=0.010 vz=0.016 az=0.017 target_valid=0 target=0.000 pid=0.000 pid_base=0.000 buoyancy_pwm=0 mask_valid=1 mask=0 forward_active=0
[CTRL] depth_valid=1 depth=0.014 vz=0.022 az=0.021 target_valid=0 target=0.000 pid=0.000 pid_base=0.000 buoyancy_pwm=0 mask_valid=1 mask=0 forward_active=0
[CTRL] depth_valid=1 depth=0.008 vz=0.006 az=0.006 target_valid=0 target=0.000 pid=0.000 pid_base=0.000 buoyancy_pwm=0 mask_valid=1 mask=0 forward_active=0
[OK]hb
[CTRL] depth_valid=1 depth=0.002 vz=-0.010 az=-0.011 target_valid=0 target=0.000 pid=0.000 pid_base=0.000 buoyancy_pwm=0 mask_valid=1 mask=0 forward_active=0
$T,0,0,0,,,,1628,531,-1746,1202,0*6A
[CTRL] depth_valid=1 depth=0.057 vz=0.112 az=0.102 target_valid=0 target=0.000 pid=0.000 pid_base=0.000 buoyancy_pwm=0 mask_valid=1 mask=0 forward_active=0
[CTRL] depth_valid=1 depth=0.021 vz=-0.026 az=-0.053 target_valid=0 target=0.000 pid=0.000 pid_base=0.000 buoyancy_pwm=0 mask_valid=1 mask=0 forward_active=0
[CTRL] depth_valid=1 depth=0.005 vz=-0.041 az=-0.041 target_valid=0 target=0.000 pid=0.000 pid_base=0.000 buoyancy_pwm=0 mask_valid=1 mask=0 forward_active=0
[CTRL] depth_valid=1 depth=-0.003 vz=-0.041 az=-0.031 target_valid=0 target=0.000 pid=0.000 pid_base=0.000 buoyancy_pwm=0 mask_valid=1 mask=0 forward_active=0
$T,69,162,159,,,,1628,531,-1746,1202,0*5D
[CTRL] depth_valid=1 depth=2.787 vz=0.104 az=-2.924 target_valid=0 target=0.000 pid=0.000 pid_base=0.000 buoyancy_pwm=0 mask_valid=1 mask=0 forward_active=0
[CTRL] depth_valid=1 depth=-0.008 vz=-6.044 az=-7.187 target_valid=0 target=0.000 pid=0.000 pid_base=0.000 buoyancy_pwm=0 mask_valid=1 mask=0 forward_active=0
[CTRL] depth_valid=1 depth=-0.506 vz=-2.986 az=-1.580 target_valid=0 target=0.000 pid=0.000 pid_base=0.000 buoyancy_pwm=0 mask_valid=1 mask=0 forward_active=0
[CTRL] depth_valid=1 depth=-0.178 vz=-0.236 az=1.278 target_valid=0 target=0.000 pid=0.000 pid_base=0.000 buoyancy_pwm=0 mask_valid=1 mask=0 forward_active=0
$T,-1,-2,12,,,,1628,531,-1746,1204,0*5C
[OK]hb
[CTRL] depth_valid=1 depth=-0.021 vz=0.496 az=1.615 target_valid=0 target=0.000 pid=0.000 pid_base=0.000 buoyancy_pwm=0 mask_valid=1 mask=0 forward_active=0
[CTRL] depth_valid=1 depth=0.071 vz=0.686 az=1.261 target_valid=0 target=0.000 pid=0.000 pid_base=0.000 buoyancy_pwm=0 mask_valid=1 mask=0 forward_active=0
[CTRL] depth_valid=1 depth=0.070 vz=0.397 az=0.518 target_valid=0 target=0.000 pid=0.000 pid_base=0.000 buoyancy_pwm=0 mask_valid=1 mask=0 forward_active=0
[CTRL] depth_valid=1 depth=0.060 vz=0.184 az=0.156 target_valid=0 target=0.000 pid=0.000 pid_base=0.000 buoyancy_pwm=0 mask_valid=1 mask=0 forward_active=0
$T,0,1,0,,,,1628,531,-1746,1201,0*68
[CTRL] depth_valid=1 depth=0.050 vz=0.070 az=0.009 target_valid=0 target=0.000 pid=0.000 pid_base=0.000 buoyancy_pwm=0 mask_valid=1 mask=0 forward_active=0
[CTRL] depth_valid=1 depth=0.016 vz=-0.063 az=-0.116 target_valid=0 target=0.000 pid=0.000 pid_base=0.000 buoyancy_pwm=0 mask_valid=1 mask=0 forward_active=0
[CTRL] depth_valid=1 depth=0.018 vz=-0.037 az=-0.055 target_valid=0 target=0.000 pid=0.000 pid_base=0.000 buoyancy_pwm=0 mask_valid=1 mask=0 forward_active=0
[CTRL] depth_valid=1 depth=-0.003 vz=-0.061 az=-0.054 target_valid=0 target=0.000 pid=0.000 pid_base=0.000 buoyancy_pwm=0 mask_valid=1 mask=0 forward_active=0
$T,0,0,0,,,,1628,531,-1746,1202,0*6A
[CTRL] depth_valid=1 depth=-0.006 vz=-0.040 az=-0.021 target_valid=0 target=0.000 pid=0.000 pid_base=0.000 buoyancy_pwm=0 mask_valid=1 mask=0 forward_active=0
[CTRL] depth_valid=1 depth=0.004 vz=-0.000 az=0.017 target_valid=0 target=0.000 pid=0.000 pid_base=0.000 buoyancy_pwm=0 mask_valid=1 mask=0 forward_active=0
[OK]hb
[CTRL] depth_valid=1 depth=0.000 vz=-0.003 az=0.009 target_valid=0 target=0.000 pid=0.000 pid_base=0.000 buoyancy_pwm=0 mask_valid=1 mask=0 forward_active=0
[CTRL] depth_valid=1 depth=0.002 vz=0.004 az=0.011 target_valid=0 target=0.000 pid=0.000 pid_base=0.000 buoyancy_pwm=0 mask_valid=1 mask=0 forward_active=0
$T,0,0,0,,,,1628,531,-1746,1203,0*6B
[CTRL] depth_valid=1 depth=0.010 vz=0.022 az=0.026 target_valid=0 target=0.000 pid=0.000 pid_base=0.000 buoyancy_pwm=0 mask_valid=1 mask=0 forward_active=0
[CTRL] depth_valid=1 depth=0.020 vz=0.036 az=0.034 target_valid=0 target=0.000 pid=0.000 pid_base=0.000 buoyancy_pwm=0 mask_valid=1 mask=0 forward_active=0
[CTRL] depth_valid=1 depth=0.008 vz=-0.013 az=-0.024 target_valid=0 target=0.000 pid=0.000 pid_base=0.000 buoyancy_pwm=0 mask_valid=1 mask=0 forward_active=0
[CTRL] depth_valid=1 depth=0.000 vz=-0.022 az=-0.022 target_valid=0 target=0.000 pid=0.000 pid_base=0.000 buoyancy_pwm=0 mask_valid=1 mask=0 forward_active=0
$T,0,0,0,,,,1628,531,-1746,1203,0*6B
[CTRL] depth_valid=1 depth=0.001 vz=-0.008 az=-0.002 target_valid=0 target=0.000 pid=0.000 pid_base=0.000 buoyancy_pwm=0 mask_valid=1 mask=0 forward_active=0
[CTRL] depth_valid=1 depth=-0.001 vz=-0.006 az=-0.000 target_valid=0 target=0.000 pid=0.000 pid_base=0.000 buoyancy_pwm=0 mask_valid=1 mask=0 forward_active=0
[CTRL] depth_valid=1 depth=0.021 vz=0.034 az=0.029 target_valid=0 target=0.000 pid=0.000 pid_base=0.000 buoyancy_pwm=0 mask_valid=1 mask=0 forward_active=0
[CTRL] depth_valid=1 depth=0.004 vz=-0.029 az=-0.038 target_valid=0 target=0.000 pid=0.000 pid_base=0.000 buoyancy_pwm=0 mask_valid=1 mask=0 forward_active=0
$T,0,0,0,,,,1628,531,-1746,1202,0*6A
[OK]hb
[CTRL] depth_valid=1 depth=-0.000 vz=-0.027 az=-0.025 target_valid=0 target=0.000 pid=0.000 pid_base=0.000 buoyancy_pwm=0 mask_valid=1 mask=0 forward_active=0
[CTRL] depth_valid=1 depth=-0.002 vz=-0.010 az=-0.001 target_valid=0 target=0.000 pid=0.000 pid_base=0.000 buoyancy_pwm=0 mask_valid=1 mask=0 forward_active=0
[CTRL] depth_valid=1 depth=-0.001 vz=-0.000 az=0.008 target_valid=0 target=0.000 pid=0.000 pid_base=0.000 buoyancy_pwm=0 mask_valid=1 mask=0 forward_active=0
[CTRL] depth_valid=1 depth=0.022 vz=0.054 az=0.058 target_valid=0 target=0.000 pid=0.000 pid_base=0.000 buoyancy_pwm=0 mask_valid=1 mask=0 forward_active=0
$T,0,0,0,,,,1628,531,-1746,1203,0*6B
[CTRL] depth_valid=1 depth=0.009 vz=-0.003 az=-0.012 target_valid=0 target=0.000 pid=0.000 pid_base=0.000 buoyancy_pwm=0 mask_valid=1 mask=0 forward_active=0
[CTRL] depth_valid=1 depth=0.004 vz=-0.010 az=-0.012 target_valid=0 target=0.000 pid=0.000 pid_base=0.000 buoyancy_pwm=0 mask_valid=1 mask=0 forward_active=0
[CTRL] depth_valid=1 depth=0.001 vz=-0.014 az=-0.013 target_valid=0 target=0.000 pid=0.000 pid_base=0.000 buoyancy_pwm=0 mask_valid=1 mask=0 forward_active=0
[CTRL] depth_valid=1 depth=0.012 vz=0.020 az=0.025 target_valid=0 target=0.000 pid=0.000 pid_base=0.000 buoyancy_pwm=0 mask_valid=1 mask=0 forward_active=0
$T,0,0,0,,,,1628,531,-1747,1200,0*69
[CTRL] depth_valid=1 depth=0.012 vz=0.011 az=0.008 target_valid=0 target=0.000 pid=0.000 pid_base=0.000 buoyancy_pwm=0 mask_valid=1 mask=0 forward_active=0
[CTRL] depth_valid=1 depth=0.003 vz=-0.013 az=-0.016 target_valid=0 target=0.000 pid=0.000 pid_base=0.000 buoyancy_pwm=0 mask_valid=1 mask=0 forward_active=0
[CTRL] depth_valid=1 depth=0.010 vz=0.007 az=0.007 target_valid=0 target=0.000 pid=0.000 pid_base=0.000 buoyancy_pwm=0 mask_valid=1 mask=0 forward_active=0
[OK]hb
[CTRL] depth_valid=1 depth=0.008 vz=-0.004 az=-0.007 target_valid=0 target=0.000 pid=0.000 pid_base=0.000 buoyancy_pwm=0 mask_valid=1 mask=0 forward_active=0
$T,0,0,0,,,,1628,531,-1746,1201,0*69
[CTRL] depth_valid=1 depth=0.012 vz=0.010 az=0.009 target_valid=0 target=0.000 pid=0.000 pid_base=0.000 buoyancy_pwm=0 mask_valid=1 mask=0 forward_active=0
[CTRL] depth_valid=1 depth=0.013 vz=0.014 az=0.015 target_valid=0 target=0.000 pid=0.000 pid_base=0.000 buoyancy_pwm=0 mask_valid=1 mask=0 forward_active=0
[CTRL] depth_valid=1 depth=0.002 vz=-0.015 az=-0.014 target_valid=0 target=0.000 pid=0.000 pid_base=0.000 buoyancy_pwm=0 mask_valid=1 mask=0 forward_active=0
[CTRL] depth_valid=1 depth=-0.001 vz=-0.013 az=-0.008 target_valid=0 target=0.000 pid=0.000 pid_base=0.000 buoyancy_pwm=0 mask_valid=1 mask=0 forward_active=0
$T,0,0,0,,,,1628,531,-1746,1203,0*6B
[CTRL] depth_valid=1 depth=-0.001 vz=-0.007 az=-0.000 target_valid=0 target=0.000 pid=0.000 pid_base=0.000 buoyancy_pwm=0 mask_valid=1 mask=0 forward_active=0
[CTRL] depth_valid=1 depth=-0.000 vz=-0.000 az=0.005 target_valid=0 target=0.000 pid=0.000 pid_base=0.000 buoyancy_pwm=0 mask_valid=1 mask=0 forward_active=0
[CTRL] depth_valid=1 depth=0.000 vz=0.002 az=0.006 target_valid=0 target=0.000 pid=0.000 pid_base=0.000 buoyancy_pwm=0 mask_valid=1 mask=0 forward_active=0
[CTRL] depth_valid=1 depth=0.008 vz=0.011 az=0.005 target_valid=0 target=0.000 pid=0.000 pid_base=0.000 buoyancy_pwm=0 mask_valid=1 mask=0 forward_active=0
$T,0,0,0,,,,1628,531,-1746,1203,0*6B
[OK]hb
[CTRL] depth_valid=1 depth=0.006 vz=0.002 az=-0.003 target_valid=0 target=0.000 pid=0.000 pid_base=0.000 buoyancy_pwm=0 mask_valid=1 mask=0 forward_active=0
[CTRL] depth_valid=1 depth=0.001 vz=-0.009 az=-0.013 target_valid=0 target=0.000 pid=0.000 pid_base=0.000 buoyancy_pwm=0 mask_valid=1 mask=0 forward_active=0
[CTRL] depth_valid=1 depth=-0.001 vz=-0.010 az=-0.009 target_valid=0 target=0.000 pid=0.000 pid_base=0.000 buoyancy_pwm=0 mask_valid=1 mask=0 forward_active=0
[CTRL] depth_valid=1 depth=-0.001 vz=-0.005 az=-0.002 target_valid=0 target=0.000 pid=0.000 pid_base=0.000 buoyancy_pwm=0 mask_valid=1 mask=0 forward_active=0
$T,0,0,0,,,,1628,531,-1746,1203,0*6B
[CTRL] depth_valid=1 depth=-0.001 vz=-0.003 az=0.001 target_valid=0 target=0.000 pid=0.000 pid_base=0.000 buoyancy_pwm=0 mask_valid=1 mask=0 forward_active=0
[CTRL] depth_valid=1 depth=0.007 vz=0.011 az=0.008 target_valid=0 target=0.000 pid=0.000 pid_base=0.000 buoyancy_pwm=0 mask_valid=1 mask=0 forward_active=0
[CTRL] depth_valid=1 depth=0.005 vz=-0.005 az=-0.011 target_valid=0 target=0.000 pid=0.000 pid_base=0.000 buoyancy_pwm=0 mask_valid=1 mask=0 forward_active=0
[CTRL] depth_valid=1 depth=0.031 vz=0.052 az=0.040 target_valid=0 target=0.000 pid=0.000 pid_base=0.000 buoyancy_pwm=0 mask_valid=1 mask=0 forward_active=0
$T,0,0,0,,,,1628,531,-1746,1202,0*6A
[CTRL] depth_valid=1 depth=0.015 vz=0.001 az=-0.008 target_valid=0 target=0.000 pid=0.000 pid_base=0.000 buoyancy_pwm=0 mask_valid=1 mask=0 forward_active=0
[CTRL] depth_valid=1 depth=0.015 vz=-0.010 az=-0.021 target_valid=0 target=0.000 pid=0.000 pid_base=0.000 buoyancy_pwm=0 mask_valid=1 mask=0 forward_active=0
[CTRL] depth_valid=1 depth=0.001 vz=-0.028 az=-0.026 target_valid=0 target=0.000 pid=0.000 pid_base=0.000 buoyancy_pwm=0 mask_valid=1 mask=0 forward_active=0
[OK]hb
[CTRL] depth_valid=1 depth=0.000 vz=-0.015 az=-0.007 target_valid=0 target=0.000 pid=0.000 pid_base=0.000 buoyancy_pwm=0 mask_valid=1 mask=0 forward_active=0
$T,0,0,0,,,,1628,531,-1746,1201,0*69
[CTRL] depth_valid=1 depth=0.010 vz=0.014 az=0.022 target_valid=0 target=0.000 pid=0.000 pid_base=0.000 buoyancy_pwm=0 mask_valid=1 mask=0 forward_active=0
[CTRL] depth_valid=1 depth=0.001 vz=-0.006 az=-0.001 target_valid=0 target=0.000 pid=0.000 pid_base=0.000 buoyancy_pwm=0 mask_valid=1 mask=0 forward_active=0
[CTRL] depth_valid=1 depth=0.026 vz=0.038 az=0.033 target_valid=0 target=0.000 pid=0.000 pid_base=0.000 buoyancy_pwm=0 mask_valid=1 mask=0 forward_active=0
[CTRL] depth_valid=1 depth=0.016 vz=-0.008 az=-0.022 target_valid=0 target=0.000 pid=0.000 pid_base=0.000 buoyancy_pwm=0 mask_valid=1 mask=0 forward_active=0
$T,0,0,0,,,,1628,531,-1746,1200,0*68
[CTRL] depth_valid=1 depth=0.005 vz=-0.031 az=-0.036 target_valid=0 target=0.000 pid=0.000 pid_base=0.000 buoyancy_pwm=0 mask_valid=1 mask=0 forward_active=0
[CTRL] depth_valid=1 depth=-0.003 vz=-0.032 az=-0.025 target_valid=0 target=0.000 pid=0.000 pid_base=0.000 buoyancy_pwm=0 mask_valid=1 mask=0 forward_active=0
[CTRL] depth_valid=1 depth=-0.000 vz=-0.011 az=0.000 target_valid=0 target=0.000 pid=0.000 pid_base=0.000 buoyancy_pwm=0 mask_valid=1 mask=0 forward_active=0
[CTRL] depth_valid=1 depth=0.016 vz=0.026 az=0.028 target_valid=0 target=0.000 pid=0.000 pid_base=0.000 buoyancy_pwm=0 mask_valid=1 mask=0 forward_active=0
$T,0,0,0,,,,1628,531,-1746,1203,0*6B
[CTRL] depth_valid=1 depth=0.021 vz=0.011 az=-0.001 target_valid=0 target=0.000 pid=0.000 pid_base=0.000 buoyancy_pwm=0 mask_valid=1 mask=0 forward_active=0
[OK]hb
[CTRL] depth_valid=1 depth=0.001 vz=-0.035 az=-0.039 target_valid=0 target=0.000 pid=0.000 pid_base=0.000 buoyancy_pwm=0 mask_valid=1 mask=0 forward_active=0
[CTRL] depth_valid=1 depth=0.006 vz=-0.007 az=-0.004 target_valid=0 target=0.000 pid=0.000 pid_base=0.000 buoyancy_pwm=0 mask_valid=1 mask=0 forward_active=0
[CTRL] depth_valid=1 depth=0.002 vz=-0.013 az=-0.009 target_valid=0 target=0.000 pid=0.000 pid_base=0.000 buoyancy_pwm=0 mask_valid=1 mask=0 forward_active=0
$T,0,0,0,,,,1628,531,-1746,1200,0*68
[CTRL] depth_valid=1 depth=-0.000 vz=-0.013 az=-0.008 target_valid=0 target=0.000 pid=0.000 pid_base=0.000 buoyancy_pwm=0 mask_valid=1 mask=0 forward_active=0
[CTRL] depth_valid=1 depth=-0.001 vz=-0.005 az=0.002 target_valid=0 target=0.000 pid=0.000 pid_base=0.000 buoyancy_pwm=0 mask_valid=1 mask=0 forward_active=0
[CTRL] depth_valid=1 depth=0.003 vz=-0.004 az=-0.003 target_valid=0 target=0.000 pid=0.000 pid_base=0.000 buoyancy_pwm=0 mask_valid=1 mask=0 forward_active=0
[CTRL] depth_valid=1 depth=0.009 vz=0.006 az=0.002 target_valid=0 target=0.000 pid=0.000 pid_base=0.000 buoyancy_pwm=0 mask_valid=1 mask=0 forward_active=0
$T,0,0,0,,,,1628,532,-1746,1201,0*6A
[CTRL] depth_valid=1 depth=0.002 vz=-0.011 az=-0.014 target_valid=0 target=0.000 pid=0.000 pid_base=0.000 buoyancy_pwm=0 mask_valid=1 mask=0 forward_active=0
[CTRL] depth_valid=1 depth=0.017 vz=0.023 az=0.019 target_valid=0 target=0.000 pid=0.000 pid_base=0.000 buoyancy_pwm=0 mask_valid=1 mask=0 forward_active=0
[CTRL] depth_valid=1 depth=0.002 vz=-0.015 az=-0.019 target_valid=0 target=0.000 pid=0.000 pid_base=0.000 buoyancy_pwm=0 mask_valid=1 mask=0 forward_active=0
[OK]hb
[CTRL] depth_valid=1 depth=0.020 vz=0.014 az=0.002 target_valid=0 target=0.000 pid=0.000 pid_base=0.000 buoyancy_pwm=0 mask_valid=1 mask=0 forward_active=0
$T,0,0,0,,,,1628,532,-1746,1202,0*69
[CTRL] depth_valid=1 depth=0.006 vz=-0.030 az=-0.038 target_valid=0 target=0.000 pid=0.000 pid_base=0.000 buoyancy_pwm=0 mask_valid=1 mask=0 forward_active=0
[CTRL] depth_valid=1 depth=0.010 vz=-0.023 az=-0.030 target_valid=0 target=0.000 pid=0.000 pid_base=0.000 buoyancy_pwm=0 mask_valid=1 mask=0 forward_active=0
[CTRL] depth_valid=1 depth=0.011 vz=-0.005 az=-0.002 target_valid=0 target=0.000 pid=0.000 pid_base=0.000 buoyancy_pwm=0 mask_valid=1 mask=0 forward_active=0
[CTRL] depth_valid=1 depth=0.011 vz=0.004 az=0.007 target_valid=0 target=0.000 pid=0.000 pid_base=0.000 buoyancy_pwm=0 mask_valid=1 mask=0 forward_active=0
$T,0,0,0,,,,1628,531,-1747,1203,0*6A
[CTRL] depth_valid=1 depth=0.007 vz=-0.006 az=-0.002 target_valid=0 target=0.000 pid=0.000 pid_base=0.000 buoyancy_pwm=0 mask_valid=1 mask=0 forward_active=0
[CTRL] depth_valid=1 depth=0.002 vz=-0.014 az=-0.011 target_valid=0 target=0.000 pid=0.000 pid_base=0.000 buoyancy_pwm=0 mask_valid=1 mask=0 forward_active=0
[CTRL] depth_valid=1 depth=-0.001 vz=-0.010 az=-0.003 target_valid=0 target=0.000 pid=0.000 pid_base=0.000 buoyancy_pwm=0 mask_valid=1 mask=0 forward_active=0
[CTRL] depth_valid=1 depth=0.006 vz=0.008 az=0.010 target_valid=0 target=0.000 pid=0.000 pid_base=0.000 buoyancy_pwm=0 mask_valid=1 mask=0 forward_active=0
$T,0,0,0,,,,1628,531,-1747,1203,0*6A
[CTRL] depth_valid=1 depth=0.012 vz=0.017 az=0.015 target_valid=0 target=0.000 pid=0.000 pid_base=0.000 buoyancy_pwm=0 mask_valid=1 mask=0 forward_active=0
[OK]hb
[CTRL] depth_valid=1 depth=0.007 vz=-0.001 az=-0.006 target_valid=0 target=0.000 pid=0.000 pid_base=0.000 buoyancy_pwm=0 mask_valid=1 mask=0 forward_active=0
[CTRL] depth_valid=1 depth=0.010 vz=-0.002 az=-0.009 target_valid=0 target=0.000 pid=0.000 pid_base=0.000 buoyancy_pwm=0 mask_valid=1 mask=0 forward_active=0
[CTRL] depth_valid=1 depth=-0.000 vz=-0.020 az=-0.021 target_valid=0 target=0.000 pid=0.000 pid_base=0.000 buoyancy_pwm=0 mask_valid=1 mask=0 forward_active=0
$T,0,0,0,,,,1628,531,-1747,1203,0*6A
[CTRL] depth_valid=1 depth=0.014 vz=0.003 az=-0.006 target_valid=0 target=0.000 pid=0.000 pid_base=0.000 buoyancy_pwm=0 mask_valid=1 mask=0 forward_active=0
[CTRL] depth_valid=1 depth=0.025 vz=0.010 az=-0.007 target_valid=0 target=0.000 pid=0.000 pid_base=0.000 buoyancy_pwm=0 mask_valid=1 mask=0 forward_active=0
[CTRL] depth_valid=1 depth=-0.001 vz=-0.044 az=-0.046 target_valid=0 target=0.000 pid=0.000 pid_base=0.000 buoyancy_pwm=0 mask_valid=1 mask=0 forward_active=0
[CTRL] depth_valid=1 depth=-0.004 vz=-0.022 az=-0.009 target_valid=0 target=0.000 pid=0.000 pid_base=0.000 buoyancy_pwm=0 mask_valid=1 mask=0 forward_active=0
$T,0,0,0,,,,1628,532,-1747,1203,0*69
[CTRL] depth_valid=1 depth=0.009 vz=0.017 az=0.027 target_valid=0 target=0.000 pid=0.000 pid_base=0.000 buoyancy_pwm=0 mask_valid=1 mask=0 forward_active=0
[CTRL] depth_valid=1 depth=0.005 vz=-0.001 az=-0.002 target_valid=0 target=0.000 pid=0.000 pid_base=0.000 buoyancy_pwm=0 mask_valid=1 mask=0 forward_active=0
[CTRL] depth_valid=1 depth=0.010 vz=0.003 az=-0.003 target_valid=0 target=0.000 pid=0.000 pid_base=0.000 buoyancy_pwm=0 mask_valid=1 mask=0 forward_active=0
[OK]hb
[CTRL] depth_valid=1 depth=-0.001 vz=-0.017 az=-0.017 target_valid=0 target=0.000 pid=0.000 pid_base=0.000 buoyancy_pwm=0 mask_valid=1 mask=0 forward_active=0
$T,0,0,0,,,,1628,531,-1746,1203,0*6B
[CTRL] depth_valid=1 depth=0.002 vz=-0.003 az=0.000 target_valid=0 target=0.000 pid=0.000 pid_base=0.000 buoyancy_pwm=0 mask_valid=1 mask=0 forward_active=0
[CTRL] depth_valid=1 depth=0.002 vz=-0.001 az=0.001 target_valid=0 target=0.000 pid=0.000 pid_base=0.000 buoyancy_pwm=0 mask_valid=1 mask=0 forward_active=0
[CTRL] depth_valid=1 depth=0.012 vz=0.012 az=0.007 target_valid=0 target=0.000 pid=0.000 pid_base=0.000 buoyancy_pwm=0 mask_valid=1 mask=0 forward_active=0
[CTRL] depth_valid=1 depth=0.024 vz=0.023 az=0.008 target_valid=0 target=0.000 pid=0.000 pid_base=0.000 buoyancy_pwm=0 mask_valid=1 mask=0 forward_active=0
$T,0,0,0,,,,1628,531,-1746,1203,0*6B
[CTRL] depth_valid=1 depth=0.010 vz=-0.023 az=-0.037 target_valid=0 target=0.000 pid=0.000 pid_base=0.000 buoyancy_pwm=0 mask_valid=1 mask=0 forward_active=0
[CTRL] depth_valid=1 depth=0.001 vz=-0.029 az=-0.027 target_valid=0 target=0.000 pid=0.000 pid_base=0.000 buoyancy_pwm=0 mask_valid=1 mask=0 forward_active=0
[CTRL] depth_valid=1 depth=0.031 vz=0.033 az=0.024 target_valid=0 target=0.000 pid=0.000 pid_base=0.000 buoyancy_pwm=0 mask_valid=1 mask=0 forward_active=0
[CTRL] depth_valid=1 depth=0.022 vz=-0.030 az=-0.053 target_valid=0 target=0.000 pid=0.000 pid_base=0.000 buoyancy_pwm=0 mask_valid=1 mask=0 forward_active=0
$T,0,0,0,,,,1621,533,-1752,1201,0*67
[CTRL] depth_valid=1 depth=0.007 vz=-0.035 az=-0.029 target_valid=0 target=0.000 pid=0.000 pid_base=0.000 buoyancy_pwm=0 mask_valid=1 mask=0 forward_active=0
[OK]hb
[CTRL] depth_valid=1 depth=0.000 vz=-0.034 az=-0.024 target_valid=0 target=0.000 pid=0.000 pid_base=0.000 buoyancy_pwm=0 mask_valid=1 mask=0 forward_active=0
[CTRL] depth_valid=1 depth=-0.002 vz=-0.012 az=0.005 target_valid=0 target=0.000 pid=0.000 pid_base=0.000 buoyancy_pwm=0 mask_valid=1 mask=0 forward_active=0
[CTRL] depth_valid=1 depth=0.033 vz=0.043 az=0.027 target_valid=0 target=0.000 pid=0.000 pid_base=0.000 buoyancy_pwm=0 mask_valid=1 mask=0 forward_active=0
$T,0,0,0,,,,879,816,1138,1201,0*78
[CTRL] depth_valid=1 depth=0.023 vz=-0.016 az=-0.039 target_valid=0 target=0.000 pid=0.000 pid_base=0.000 buoyancy_pwm=0 mask_valid=1 mask=0 forward_active=0
[CTRL] depth_valid=1 depth=-0.005 vz=-0.047 az=-0.036 target_valid=0 target=0.000 pid=0.000 pid_base=0.000 buoyancy_pwm=0 mask_valid=1 mask=0 forward_active=0
[CTRL] depth_valid=1 depth=0.028 vz=0.058 az=0.073 target_valid=0 target=0.000 pid=0.000 pid_base=0.000 buoyancy_pwm=0 mask_valid=1 mask=0 forward_active=0
�OTA 升级)
系统就绪，输入 h 查看命令列表。

[PARAM] 0 fwd_interval = 700
[PARAM] 1 fwd_bal_delay = 10
[PARAM] 2 fwd_bal_time = 800
[PARAM] 3 fwd_bal_alt = 200
[PARAM] 4 turn_duration = 1000
[PARAM] 5 turn_bal_delay = 10
[PARAM] 6 turn_bal_time = 200
[PARAM] 7 turn_bal_alt = 100
[PARAM] 8 global_bal_time = 5000
[PARAM] 9 global_bal_alt = 500
[PARAM] 10 buoy_bal_alt = 500
[PARAM] 11 valve_guard = 200
[PARAM] 12 pwm_period_100us = 200
[PARAM] 13 link_timeout = 1000
[CTRL] depth_valid=0 depth=0.000 vz=0.000 az=0.000 target_valid=0 target=0.000 pid=0.000 pid_base=0.000 buoyancy_pwm=0 mask_valid=1 mask=0 forward_active=0
[CTRL] depth_valid=0 depth=0.000 vz=0.000 az=0.000 target_valid=0 target=0.000 pid=0.000 pid_base=0.000 buoyancy_pwm=0 mask_valid=1 mask=0 forward_active=0
[OK]hb
[CTRL] depth_valid=0 depth=0.000 vz=0.000 az=0.000 target_valid=0 target=0.000 pid=0.000 pid_base=0.000 buoyancy_pwm=0 mask_valid=1 mask=0 forward_active=0
Startup depth auto-calibration complete.
[CTRL] depth_valid=1 depth=0.000 vz=0.000 az=0.000 target_valid=0 target=0.000 pid=0.000 pid_base=0.000 buoyancy_pwm=0 mask_valid=1 mask=0 forward_active=0
[CTRL] depth_valid=1 depth=0.000 vz=0.000 az=0.000 target_valid=0 target=0.000 pid=0.000 pid_base=0.000 buoyancy_pwm=0 mask_valid=1 mask=0 forward_active=0
$T,0,0,0,,,,1630,533,965,1198,0*72
[CTRL] depth_valid=1 depth=0.000 vz=0.000 az=0.000 target_valid=0 target=0.000 pid=0.000 pid_base=0.000 buoyancy_pwm=0 mask_valid=1 mask=0 forward_active=0
[CTRL] depth_valid=1 depth=0.000 vz=0.000 az=0.000 target_valid=0 target=0.000 pid=0.000 pid_base=0.000 buoyancy_pwm=0 mask_valid=1 mask=0 forward_active=0
[CTRL] depth_valid=1 depth=0.000 vz=0.000 az=0.000 target_valid=0 target=0.000 pid=0.000 pid_base=0.000 buoyancy_pwm=0 mask_valid=1 mask=0 forward_active=0
[CTRL] depth_valid=1 depth=0.000 vz=0.000 az=0.000 target_valid=0 target=0.000 pid=0.000 pid_base=0.000 buoyancy_pwm=0 mask_valid=1 mask=0 forward_active=0
$T,0,0,0,,,,1630,533,965,1191,0*7B
[CTRL] depth_valid=1 depth=0.000 vz=0.000 az=0.000 target_valid=0 target=0.000 pid=0.000 pid_base=0.000 buoyancy_pwm=0 mask_valid=1 mask=0 forward_active=0
[CTRL] depth_valid=1 depth=0.000 vz=0.000 az=0.000 target_valid=0 target=0.000 pid=0.000 pid_base=0.000 buoyancy_pwm=0 mask_valid=1 mask=0 forward_active=0
[OK]hb
[CTRL] depth_valid=1 depth=0.000 vz=0.000 az=0.000 target_valid=0 target=0.000 pid=0.000 pid_base=0.000 buoyancy_pwm=0 mask_valid=1 mask=0 forward_active=0
[CTRL] depth_valid=1 depth=0.000 vz=0.000 az=0.000 target_valid=0 target=0.000 pid=0.000 pid_base=0.000 buoyancy_pwm=0 mask_valid=1 mask=0 forward_active=0
$T,0,0,0,,,,1630,533,965,1193,0*79
[CTRL] depth_valid=1 depth=0.000 vz=0.000 az=0.000 target_valid=0 target=0.000 pid=0.000 pid_base=0.000 buoyancy_pwm=0 mask_valid=1 mask=0 forward_active=0
[CTRL] depth_valid=1 depth=0.000 vz=0.000 az=0.000 target_valid=0 target=0.000 pid=0.000 pid_base=0.000 buoyancy_pwm=0 mask_valid=1 mask=0 forward_active=0
[CTRL] depth_valid=1 depth=0.002 vz=0.003 az=0.002 target_valid=0 target=0.000 pid=0.000 pid_base=0.000 buoyancy_pwm=0 mask_valid=1 mask=0 forward_active=0
[CTRL] depth_valid=1 depth=0.000 vz=-0.003 az=-0.004 target_valid=0 target=0.000 pid=0.000 pid_base=0.000 buoyancy_pwm=0 mask_valid=1 mask=0 forward_active=0
$T,0,0,0,,,,1630,533,965,1193,0*79
[CTRL] depth_valid=1 depth=-0.000 vz=-0.003 az=-0.003 target_valid=0 target=0.000 pid=0.000 pid_base=0.000 buoyancy_pwm=0 mask_valid=1 mask=0 forward_active=0
[CTRL] depth_valid=1 depth=-0.000 vz=-0.002 az=-0.001 target_valid=0 target=0.000 pid=0.000 pid_base=0.000 buoyancy_pwm=0 mask_valid=1 mask=0 forward_active=0
[CTRL] depth_valid=1 depth=-0.000 vz=-0.000 az=0.000 target_valid=0 target=0.000 pid=0.000 pid_base=0.000 buoyancy_pwm=0 mask_valid=1 mask=0 forward_active=0
[CTRL] depth_valid=1 depth=0.005 vz=0.007 az=0.004 target_valid=0 target=0.000 pid=0.000 pid_base=0.000 buoyancy_pwm=0 mask_valid=1 mask=0 forward_active=0
$T,0,0,0,,,,1630,533,965,1194,0*7E
[OK]hb
[CTRL] depth_valid=1 depth=0.001 vz=-0.005 az=-0.007 target_valid=0 target=0.000 pid=0.000 pid_base=0.000 buoyancy_pwm=0 mask_valid=1 mask=0 forward_active=0
[CTRL] depth_valid=1 depth=-0.001 vz=-0.004 az=-0.004 target_valid=0 target=0.000 pid=0.000 pid_base=0.000 buoyancy_pwm=0 mask_valid=1 mask=0 forward_active=0
[CTRL] depth_valid=1 depth=-0.000 vz=-0.002 az=-0.000 target_valid=0 target=0.000 pid=0.000 pid_base=0.000 buoyancy_pwm=0 mask_valid=1 mask=0 forward_active=0
[CTRL] depth_valid=1 depth=-0.000 vz=-0.000 az=0.001 target_valid=0 target=0.000 pid=0.000 pid_base=0.000 buoyancy_pwm=0 mask_valid=1 mask=0 forward_active=0
$T,0,0,0,,,,1630,533,965,1194,0*7E
[CTRL] depth_valid=1 depth=-0.000 vz=0.001 az=0.001 target_valid=0 target=0.000 pid=0.000 pid_base=0.000 buoyancy_pwm=0 mask_valid=1 mask=0 forward_active=0
[CTRL] depth_valid=1 depth=0.000 vz=0.001 az=0.001 target_valid=0 target=0.000 pid=0.000 pid_base=0.000 buoyancy_pwm=0 mask_valid=1 mask=0 forward_active=0
[CTRL] depth_valid=1 depth=0.000 vz=0.000 az=0.001 target_valid=0 target=0.000 pid=0.000 pid_base=0.000 buoyancy_pwm=0 mask_valid=1 mask=0 forward_active=0
[CTRL] depth_valid=1 depth=0.000 vz=0.000 az=0.000 target_valid=0 target=0.000 pid=0.000 pid_base=0.000 buoyancy_pwm=0 mask_valid=1 mask=0 forward_active=0
$T,0,0,0,,,,1630,533,965,1197,0*7D
[CTRL] depth_valid=1 depth=0.000 vz=0.000 az=0.000 target_valid=0 target=0.000 pid=0.000 pid_base=0.000 buoyancy_pwm=0 mask_valid=1 mask=0 forward_active=0
[CTRL] depth_valid=1 depth=0.000 vz=-0.000 az=-0.000 target_valid=0 target=0.000 pid=0.000 pid_base=0.000 buoyancy_pwm=0 mask_valid=1 mask=0 forward_active=0
[OK]hb
[CTRL] depth_valid=1 depth=-0.000 vz=-0.000 az=-0.000 target_valid=0 target=0.000 pid=0.000 pid_base=0.000 buoyancy_pwm=0 mask_valid=1 mask=0 forward_active=0
[CTRL] depth_valid=1 depth=-0.000 vz=-0.000 az=-0.000 target_valid=0 target=0.000 pid=0.000 pid_base=0.000 buoyancy_pwm=0 mask_valid=1 mask=0 forward_active=0
$T,0,0,0,,,,1630,533,965,1197,0*7D
[CTRL] depth_valid=1 depth=-0.000 vz=-0.000 az=-0.000 target_valid=0 target=0.000 pid=0.000 pid_base=0.000 buoyancy_pwm=0 mask_valid=1 mask=0 forward_active=0
[CTRL] depth_valid=1 depth=-0.000 vz=-0.000 az=0.000 target_valid=0 target=0.000 pid=0.000 pid_base=0.000 buoyancy_pwm=0 mask_valid=1 mask=0 forward_active=0
[CTRL] depth_valid=1 depth=-0.000 vz=0.000 az=0.000 target_valid=0 target=0.000 pid=0.000 pid_base=0.000 buoyancy_pwm=0 mask_valid=1 mask=0 forward_active=0
[CTRL] depth_valid=1 depth=0.000 vz=0.000 az=0.000 target_valid=0 target=0.000 pid=0.000 pid_base=0.000 buoyancy_pwm=0 mask_valid=1 mask=0 forward_active=0
$T,0,0,0,,,,1630,533,965,1196,0*7C
[CTRL] depth_valid=1 depth=0.000 vz=0.000 az=0.000 target_valid=0 target=0.000 pid=0.000 pid_base=0.000 buoyancy_pwm=0 mask_valid=1 mask=0 forward_active=0
[CTRL] depth_valid=1 depth=0.000 vz=0.000 az=0.000 target_valid=0 target=0.000 pid=0.000 pid_base=0.000 buoyancy_pwm=0 mask_valid=1 mask=0 forward_active=0
[CTRL] depth_valid=1 depth=0.000 vz=-0.000 az=-0.000 target_valid=0 target=0.000 pid=0.000 pid_base=0.000 buoyancy_pwm=0 mask_valid=1 mask=0 forward_active=0
[CTRL] depth_valid=1 depth=-0.000 vz=-0.000 az=-0.000 target_valid=0 target=0.000 pid=0.000 pid_base=0.000 buoyancy_pwm=0 mask_valid=1 mask=0 forward_active=0
$T,0,0,0,,,,1630,533,965,1198,0*72
[OK]hb
[CTRL] depth_valid=1 depth=-0.000 vz=-0.000 az=-0.000 target_valid=0 target=0.000 pid=0.000 pid_base=0.000 buoyancy_pwm=0 mask_valid=1 mask=0 forward_active=0
[CTRL] depth_valid=1 depth=-0.000 vz=-0.000 az=-0.000 target_valid=0 target=0.000 pid=0.000 pid_base=0.000 buoyancy_pwm=0 mask_valid=1 mask=0 forward_active=0
[CTRL] depth_valid=1 depth=-0.000 vz=-0.000 az=-0.000 target_valid=0 target=0.000 pid=0.000 pid_base=0.000 buoyancy_pwm=0 mask_valid=1 mask=0 forward_active=0
[CTRL] depth_valid=1 depth=-0.000 vz=-0.000 az=0.000 target_valid=0 target=0.000 pid=0.000 pid_base=0.000 buoyancy_pwm=0 mask_valid=1 mask=0 forward_active=0
$T,0,0,0,,,,1630,533,965,1193,0*79
[CTRL] depth_valid=1 depth=0.002 vz=0.004 az=0.002 target_valid=0 target=0.000 pid=0.000 pid_base=0.000 buoyancy_pwm=0 mask_valid=1 mask=0 forward_active=0
[CTRL] depth_valid=1 depth=0.000 vz=-0.003 az=-0.004 target_valid=0 target=0.000 pid=0.000 pid_base=0.000 buoyancy_pwm=0 mask_valid=1 mask=0 forward_active=0
[CTRL] depth_valid=1 depth=-0.000 vz=-0.003 az=-0.003 target_valid=0 target=0.000 pid=0.000 pid_base=0.000 buoyancy_pwm=0 mask_valid=1 mask=0 forward_active=0
[CTRL] depth_valid=1 depth=-0.000 vz=-0.001 az=-0.001 target_valid=0 target=0.000 pid=0.000 pid_base=0.000 buoyancy_pwm=0 mask_valid=1 mask=0 forward_active=0
$T,0,0,0,,,,1630,533,965,1196,0*7C
[CTRL] depth_valid=1 depth=-0.000 vz=-0.000 az=0.001 target_valid=0 target=0.000 pid=0.000 pid_base=0.000 buoyancy_pwm=0 mask_valid=1 mask=0 forward_active=0
[CTRL] depth_valid=1 depth=0.002 vz=0.004 az=0.003 target_valid=0 target=0.000 pid=0.000 pid_base=0.000 buoyancy_pwm=0 mask_valid=1 mask=0 forward_active=0
[CTRL] depth_valid=1 depth=0.000 vz=-0.003 az=-0.003 target_valid=0 target=0.000 pid=0.000 pid_base=0.000 buoyancy_pwm=0 mask_valid=1 mask=0 forward_active=0
[OK]hb
[CTRL] depth_valid=1 depth=-0.000 vz=-0.002 az=-0.002 target_valid=0 target=0.000 pid=0.000 pid_base=0.000 buoyancy_pwm=0 mask_valid=1 mask=0 forward_active=0
$T,0,0,0,,,,1630,533,965,1196,0*7C
[CTRL] depth_valid=1 depth=-0.000 vz=-0.001 az=-0.000 target_valid=0 target=0.000 pid=0.000 pid_base=0.000 buoyancy_pwm=0 mask_valid=1 mask=0 forward_active=0
[CTRL] depth_valid=1 depth=-0.000 vz=-0.000 az=0.001 target_valid=0 target=0.000 pid=0.000 pid_base=0.000 buoyancy_pwm=0 mask_valid=1 mask=0 forward_active=0
[CTRL] depth_valid=1 depth=0.000 vz=0.000 az=0.001 target_valid=0 target=0.000 pid=0.000 pid_base=0.000 buoyancy_pwm=0 mask_valid=1 mask=0 forward_active=0
[CTRL] depth_valid=1 depth=0.000 vz=0.000 az=0.000 target_valid=0 target=0.000 pid=0.000 pid_base=0.000 buoyancy_pwm=0 mask_valid=1 mask=0 forward_active=0
$T,0,0,0,,,,1630,533,965,1196,0*7C
[CTRL] depth_valid=1 depth=0.000 vz=0.000 az=0.000 target_valid=0 target=0.000 pid=0.000 pid_base=0.000 buoyancy_pwm=0 mask_valid=1 mask=0 forward_active=0
[CTRL] depth_valid=1 depth=0.000 vz=0.000 az=0.000 target_valid=0 target=0.000 pid=0.000 pid_base=0.000 buoyancy_pwm=0 mask_valid=1 mask=0 forward_active=0
[CTRL] depth_valid=1 depth=0.000 vz=0.000 az=-0.000 target_valid=0 target=0.000 pid=0.000 pid_base=0.000 buoyancy_pwm=0 mask_valid=1 mask=0 forward_active=0
[CTRL] depth_valid=1 depth=0.000 vz=-0.000 az=-0.000 target_valid=0 target=0.000 pid=0.000 pid_base=0.000 buoyancy_pwm=0 mask_valid=1 mask=0 forward_active=0
$T,0,0,0,,,,1630,533,965,1201,0*71
[CTRL] depth_valid=1 depth=-0.000 vz=-0.000 az=-0.000 target_valid=0 target=0.000 pid=0.000 pid_base=0.000 buoyancy_pwm=0 mask_valid=1 mask=0 forward_active=0
[OK]hb
[CTRL] depth_valid=1 depth=-0.000 vz=-0.000 az=-0.000 target_valid=0 target=0.000 pid=0.000 pid_base=0.000 buoyancy_pwm=0 mask_valid=1 mask=0 forward_active=0
[CTRL] depth_valid=1 depth=-0.000 vz=-0.000 az=-0.000 target_valid=0 target=0.000 pid=0.000 pid_base=0.000 buoyancy_pwm=0 mask_valid=1 mask=0 forward_active=0
[CTRL] depth_valid=1 depth=-0.000 vz=-0.000 az=0.000 target_valid=0 target=0.000 pid=0.000 pid_base=0.000 buoyancy_pwm=0 mask_valid=1 mask=0 forward_active=0
$T,0,0,0,,,,1630,533,965,1196,0*7C
[CTRL] depth_valid=1 depth=-0.000 vz=0.000 az=0.000 target_valid=0 target=0.000 pid=0.000 pid_base=0.000 buoyancy_pwm=0 mask_valid=1 mask=0 forward_active=0
[CTRL] depth_valid=1 depth=0.000 vz=0.000 az=0.000 target_valid=0 target=0.000 pid=0.000 pid_base=0.000 buoyancy_pwm=0 mask_valid=1 mask=0 forward_active=0
[CTRL] depth_valid=1 depth=0.000 vz=0.000 az=0.000 target_valid=0 target=0.000 pid=0.000 pid_base=0.000 buoyancy_pwm=0 mask_valid=1 mask=0 forward_active=0
[CTRL] depth_valid=1 depth=0.000 vz=0.000 az=0.000 target_valid=0 target=0.000 pid=0.000 pid_base=0.000 buoyancy_pwm=0 mask_valid=1 mask=0 forward_active=0
$T,0,0,0,,,,1630,533,965,1196,0*7C
[CTRL] depth_valid=1 depth=0.000 vz=0.000 az=-0.000 target_valid=0 target=0.000 pid=0.000 pid_base=0.000 buoyancy_pwm=0 mask_valid=1 mask=0 forward_active=0
[CTRL] depth_valid=1 depth=0.000 vz=-0.000 az=-0.000 target_valid=0 target=0.000 pid=0.000 pid_base=0.000 buoyancy_pwm=0 mask_valid=1 mask=0 forward_active=0
[OK]hb
[CTRL] depth_valid=1 depth=-0.000 vz=-0.000 az=-0.000 target_valid=0 target=0.000 pid=0.000 pid_base=0.000 buoyancy_pwm=0 mask_valid=1 mask=0 forward_active=0
[CTRL] depth_valid=1 depth=-0.000 vz=-0.000 az=-0.000 target_valid=0 target=0.000 pid=0.000 pid_base=0.000 buoyancy_pwm=0 mask_valid=1 mask=0 forward_active=0
$T,0,0,0,,,,1630,533,965,1196,0*7C
[CTRL] depth_valid=1 depth=-0.000 vz=-0.000 az=-0.000 target_valid=0 target=0.000 pid=0.000 pid_base=0.000 buoyancy_pwm=0 mask_valid=1 mask=0 forward_active=0
[CTRL] depth_valid=1 depth=-0.000 vz=-0.000 az=0.000 target_valid=0 target=0.000 pid=0.000 pid_base=0.000 buoyancy_pwm=0 mask_valid=1 mask=0 forward_active=0
[CTRL] depth_valid=1 depth=-0.000 vz=0.000 az=0.000 target_valid=0 target=0.000 pid=0.000 pid_base=0.000 buoyancy_pwm=0 mask_valid=1 mask=0 forward_active=0
[CTRL] depth_valid=1 depth=0.000 vz=0.000 az=0.000 target_valid=0 target=0.000 pid=0.000 pid_base=0.000 buoyancy_pwm=0 mask_valid=1 mask=0 forward_active=0
$T,0,0,0,,,,1629,533,965,1197,0*75
[CTRL] depth_valid=1 depth=0.000 vz=0.000 az=0.000 target_valid=0 target=0.000 pid=0.000 pid_base=0.000 buoyancy_pwm=0 mask_valid=1 mask=0 forward_active=0
[CTRL] depth_valid=1 depth=0.000 vz=0.000 az=0.000 target_valid=0 target=0.000 pid=0.000 pid_base=0.000 buoyancy_pwm=0 mask_valid=1 mask=0 forward_active=0
[CTRL] depth_valid=1 depth=0.000 vz=0.000 az=-0.000 target_valid=0 target=0.000 pid=0.000 pid_base=0.000 buoyancy_pwm=0 mask_valid=1 mask=0 forward_active=0
[CTRL] depth_valid=1 depth=0.000 vz=-0.000 az=-0.000 target_valid=0 target=0.000 pid=0.000 pid_base=0.000 buoyancy_pwm=0 mask_valid=1 mask=0 forward_active=0
$T,0,0,0,,,,1629,533,964,1197,0*74
[CTRL] depth_valid=1 depth=-0.000 vz=-0.000 az=-0.000 target_valid=0 target=0.000 pid=0.000 pid_base=0.000 buoyancy_pwm=0 mask_valid=1 mask=0 forward_active=0
[OK]hb
[CTRL] depth_valid=1 depth=-0.000 vz=-0.000 az=-0.000 target_valid=0 target=0.000 pid=0.000 pid_base=0.000 buoyancy_pwm=0 mask_valid=1 mask=0 forward_active=0
[CTRL] depth_valid=1 depth=-0.000 vz=-0.000 az=-0.000 target_valid=0 target=0.000 pid=0.000 pid_base=0.000 buoyancy_pwm=0 mask_valid=1 mask=0 forward_active=0
[CTRL] depth_valid=1 depth=-0.000 vz=-0.000 az=0.000 target_valid=0 target=0.000 pid=0.000 pid_base=0.000 buoyancy_pwm=0 mask_valid=1 mask=0 forward_active=0
$T,0,0,0,,,,1628,533,964,1197,0*75
[CTRL] depth_valid=1 depth=-0.000 vz=-0.000 az=0.000 target_valid=0 target=0.000 pid=0.000 pid_base=0.000 buoyancy_pwm=0 mask_valid=1 mask=0 forward_active=0
[CTRL] depth_valid=1 depth=0.000 vz=0.000 az=0.000 target_valid=0 target=0.000 pid=0.000 pid_base=0.000 buoyancy_pwm=0 mask_valid=1 mask=0 forward_active=0
[CTRL] depth_valid=1 depth=0.000 vz=0.000 az=0.000 target_valid=0 target=0.000 pid=0.000 pid_base=0.000 buoyancy_pwm=0 mask_valid=1 mask=0 forward_active=0
[CTRL] depth_valid=1 depth=0.000 vz=0.000 az=0.000 target_valid=0 target=0.000 pid=0.000 pid_base=0.000 buoyancy_pwm=0 mask_valid=1 mask=0 forward_active=0
$T,0,0,0,,,,1628,533,964,1197,0*75
[CTRL] depth_valid=1 depth=0.000 vz=0.000 az=-0.000 target_valid=0 target=0.000 pid=0.000 pid_base=0.000 buoyancy_pwm=0 mask_valid=1 mask=0 forward_active=0
[CTRL] depth_valid=1 depth=0.000 vz=-0.000 az=-0.000 target_valid=0 target=0.000 pid=0.000 pid_base=0.000 buoyancy_pwm=0 mask_valid=1 mask=0 forward_active=0
[OK]hb
[CTRL] depth_valid=1 depth=-0.000 vz=-0.000 az=-0.000 target_valid=0 target=0.000 pid=0.000 pid_base=0.000 buoyancy_pwm=0 mask_valid=1 mask=0 forward_active=0
[CTRL] depth_valid=1 depth=-0.000 vz=-0.000 az=-0.000 target_valid=0 target=0.000 pid=0.000 pid_base=0.000 buoyancy_pwm=0 mask_valid=1 mask=0 forward_active=0
$T,0,0,0,,,,1628,533,964,1194,0*76
[CTRL] depth_valid=1 depth=-0.000 vz=-0.000 az=-0.000 target_valid=0 target=0.000 pid=0.000 pid_base=0.000 buoyancy_pwm=0 mask_valid=1 mask=0 forward_active=0
[CTRL] depth_valid=1 depth=-0.000 vz=-0.000 az=0.000 target_valid=0 target=0.000 pid=0.000 pid_base=0.000 buoyancy_pwm=0 mask_valid=1 mask=0 forward_active=0
[CTRL] depth_valid=1 depth=-0.000 vz=0.000 az=0.000 target_valid=0 target=0.000 pid=0.000 pid_base=0.000 buoyancy_pwm=0 mask_valid=1 mask=0 forward_active=0
[CTRL] depth_valid=1 depth=0.000 vz=0.000 az=0.000 target_valid=0 target=0.000 pid=0.000 pid_base=0.000 buoyancy_pwm=0 mask_valid=1 mask=0 forward_active=0
$T,0,0,0,,,,1628,533,964,1202,0*7A
[CTRL] depth_valid=1 depth=0.000 vz=0.000 az=0.000 target_valid=0 target=0.000 pid=0.000 pid_base=0.000 buoyancy_pwm=0 mask_valid=1 mask=0 forward_active=0
[CTRL] depth_valid=1 depth=0.000 vz=0.000 az=0.000 target_valid=0 target=0.000 pid=0.000 pid_base=0.000 buoyancy_pwm=0 mask_valid=1 mask=0 forward_active=0
[CTRL] depth_valid=1 depth=0.000 vz=0.000 az=-0.000 target_valid=0 target=0.000 pid=0.000 pid_base=0.000 buoyancy_pwm=0 mask_valid=1 mask=0 forward_active=0
[CTRL] depth_valid=1 depth=0.000 vz=-0.000 az=-0.000 target_valid=0 target=0.000 pid=0.000 pid_base=0.000 buoyancy_pwm=0 mask_valid=1 mask=0 forward_active=0
$T,0,0,0,,,,1628,533,964,1202,0*7A
[CTRL] depth_valid=1 depth=-0.000 vz=-0.000 az=-0.000 target_valid=0 target=0.000 pid=0.000 pid_base=0.000 buoyancy_pwm=0 mask_valid=1 mask=0 forward_active=0
[OK]hb
[CTRL] depth_valid=1 depth=-0.000 vz=-0.000 az=-0.000 target_valid=0 target=0.000 pid=0.000 pid_base=0.000 buoyancy_pwm=0 mask_valid=1 mask=0 forward_active=0
[CTRL] depth_valid=1 depth=-0.000 vz=-0.000 az=-0.000 target_valid=0 target=0.000 pid=0.000 pid_base=0.000 buoyancy_pwm=0 mask_valid=1 mask=0 forward_active=0
[CTRL] depth_valid=1 depth=-0.000 vz=-0.000 az=0.000 target_valid=0 target=0.000 pid=0.000 pid_base=0.000 buoyancy_pwm=0 mask_valid=1 mask=0 forward_active=0
$T,0,0,0,,,,1628,533,964,1201,0*79
[CTRL] depth_valid=1 depth=-0.000 vz=0.000 az=0.000 target_valid=0 target=0.000 pid=0.000 pid_base=0.000 buoyancy_pwm=0 mask_valid=1 mask=0 forward_active=0
[CTRL] depth_valid=1 depth=0.000 vz=0.000 az=0.000 target_valid=0 target=0.000 pid=0.000 pid_base=0.000 buoyancy_pwm=0 mask_valid=1 mask=0 forward_active=0
[CTRL] depth_valid=1 depth=0.000 vz=0.000 az=0.000 target_valid=0 target=0.000 pid=0.000 pid_base=0.000 buoyancy_pwm=0 mask_valid=1 mask=0 forward_active=0
[CTRL] depth_valid=1 depth=0.000 vz=0.000 az=0.000 target_valid=0 target=0.000 pid=0.000 pid_base=0.000 buoyancy_pwm=0 mask_valid=1 mask=0 forward_active=0
$T,0,0,0,,,,1628,533,964,1204,0*7C
[CTRL] depth_valid=1 depth=0.002 vz=0.003 az=0.002 target_valid=0 target=0.000 pid=0.000 pid_base=0.000 buoyancy_pwm=0 mask_valid=1 mask=0 forward_active=0
[CTRL] depth_valid=1 depth=0.000 vz=-0.003 az=-0.004 target_valid=0 target=0.000 pid=0.000 pid_base=0.000 buoyancy_pwm=0 mask_valid=1 mask=0 forward_active=0
[CTRL] depth_valid=1 depth=-0.000 vz=-0.003 az=-0.003 target_valid=0 target=0.000 pid=0.000 pid_base=0.000 buoyancy_pwm=0 mask_valid=1 mask=0 forward_active=0
[OK]hb
[CTRL] depth_valid=1 depth=-0.000 vz=-0.001 az=-0.001 target_valid=0 target=0.000 pid=0.000 pid_base=0.000 buoyancy_pwm=0 mask_valid=1 mask=0 forward_active=0
$T,0,0,0,,,,1628,533,964,1197,0*75
[CTRL] depth_valid=1 depth=-0.000 vz=-0.000 az=0.001 target_valid=0 target=0.000 pid=0.000 pid_base=0.000 buoyancy_pwm=0 mask_valid=1 mask=0 forward_active=0
[CTRL] depth_valid=1 depth=-0.000 vz=0.000 az=0.001 target_valid=0 target=0.000 pid=0.000 pid_base=0.000 buoyancy_pwm=0 mask_valid=1 mask=0 forward_active=0
[CTRL] depth_valid=1 depth=0.000 vz=0.000 az=0.001 target_valid=0 target=0.000 pid=0.000 pid_base=0.000 buoyancy_pwm=0 mask_valid=1 mask=0 forward_active=0
[CTRL] depth_valid=1 depth=0.000 vz=0.000 az=0.000 target_valid=0 target=0.000 pid=0.000 pid_base=0.000 buoyancy_pwm=0 mask_valid=1 mask=0 forward_active=0
$T,0,0,0,,,,1628,533,964,1202,0*7A
[CTRL] depth_valid=1 depth=0.000 vz=0.000 az=0.000 target_valid=0 target=0.000 pid=0.000 pid_base=0.000 buoyancy_pwm=0 mask_valid=1 mask=0 forward_active=0
[CTRL] depth_valid=1 depth=0.000 vz=0.000 az=0.000 target_valid=0 target=0.000 pid=0.000 pid_base=0.000 buoyancy_pwm=0 mask_valid=1 mask=0 forward_active=0
[CTRL] depth_valid=1 depth=0.000 vz=-0.000 az=-0.000 target_valid=0 target=0.000 pid=0.000 pid_base=0.000 buoyancy_pwm=0 mask_valid=1 mask=0 forward_active=0
[CTRL] depth_valid=1 depth=-0.000 vz=-0.000 az=-0.000 target_valid=0 target=0.000 pid=0.000 pid_base=0.000 buoyancy_pwm=0 mask_valid=1 mask=0 forward_active=0
$T,0,0,0,,,,1628,533,964,1202,0*7A
[CTRL] depth_valid=1 depth=-0.000 vz=-0.000 az=-0.000 target_valid=0 target=0.000 pid=0.000 pid_base=0.000 buoyancy_pwm=0 mask_valid=1 mask=0 forward_active=0
[CTRL] depth_valid=1 depth=-0.000 vz=-0.000 az=-0.000 target_valid=0 target=0.000 pid=0.000 pid_base=0.000 buoyancy_pwm=0 mask_valid=1 mask=0 forward_active=0
[CTRL] depth_valid=1 depth=-0.000 vz=-0.000 az=0.000 target_valid=0 target=0.000 pid=0.000 pid_base=0.000 buoyancy_pwm=0 mask_valid=1 mask=0 forward_active=0
[CTRL] depth_valid=1 depth=-0.000 vz=0.000 az=0.000 target_valid=0 target=0.000 pid=0.000 pid_base=0.000 buoyancy_pwm=0 mask_valid=1 mask=0 forward_active=0
$T,0,0,0,,,,1629,533,964,1194,0*77
[CTRL] depth_valid=1 depth=0.000 vz=0.000 az=0.000 target_valid=0 target=0.000 pid=0.000 pid_base=0.000 buoyancy_pwm=0 mask_valid=1 mask=0 forward_active=0
[CTRL] depth_valid=1 depth=0.000 vz=0.000 az=0.000 target_valid=0 target=0.000 pid=0.000 pid_base=0.000 buoyancy_pwm=0 mask_valid=1 mask=0 forward_active=0
[CTRL] depth_valid=1 depth=0.000 vz=0.000 az=0.000 target_valid=0 target=0.000 pid=0.000 pid_base=0.000 buoyancy_pwm=0 mask_valid=1 mask=0 forward_active=0
[CTRL] depth_valid=1 depth=0.000 vz=0.000 az=0.000 target_valid=0 target=0.000 pid=0.000 pid_base=0.000 buoyancy_pwm=0 mask_valid=1 mask=0 forward_active=0
$T,0,0,0,,,,1628,533,964,1194,0*76
[CTRL] depth_valid=1 depth=0.000 vz=-0.000 az=-0.000 target_valid=0 target=0.000 pid=0.000 pid_base=0.000 buoyancy_pwm=0 mask_valid=1 mask=0 forward_active=0
[CTRL] depth_valid=1 depth=-0.000 vz=-0.000 az=-0.000 target_valid=0 target=0.000 pid=0.000 pid_base=0.000 buoyancy_pwm=0 mask_valid=1 mask=0 forward_active=0
[CTRL] depth_valid=1 depth=-0.000 vz=-0.000 az=-0.000 target_valid=0 target=0.000 pid=0.000 pid_base=0.000 buoyancy_pwm=0 mask_valid=1 mask=0 forward_active=0
[OK]hb
[CTRL] depth_valid=1 depth=-0.000 vz=-0.000 az=-0.000 target_valid=0 target=0.000 pid=0.000 pid_base=0.000 buoyancy_pwm=0 mask_valid=1 mask=0 forward_active=0
$T,0,0,0,,,,1628,533,964,1197,0*75
[CTRL] depth_valid=1 depth=-0.000 vz=-0.000 az=-0.000 target_valid=0 target=0.000 pid=0.000 pid_base=0.000 buoyancy_pwm=0 mask_valid=1 mask=0 forward_active=0
[CTRL] depth_valid=1 depth=-0.000 vz=0.000 az=0.000 target_valid=0 target=0.000 pid=0.000 pid_base=0.000 buoyancy_pwm=0 mask_valid=1 mask=0 forward_active=0
[CTRL] depth_valid=1 depth=0.000 vz=0.000 az=0.000 target_valid=0 target=0.000 pid=0.000 pid_base=0.000 buoyancy_pwm=0 mask_valid=1 mask=0 forward_active=0
[CTRL] depth_valid=1 depth=0.000 vz=0.000 az=0.000 target_valid=0 target=0.000 pid=0.000 pid_base=0.000 buoyancy_pwm=0 mask_valid=1 mask=0 forward_active=0
$T,0,0,0,,,,1628,533,964,1199,0*7B
[CTRL] depth_valid=1 depth=0.000 vz=0.000 az=0.000 target_valid=0 target=0.000 pid=0.000 pid_base=0.000 buoyancy_pwm=0 mask_valid=1 mask=0 forward_active=0
[CTRL] depth_valid=1 depth=0.000 vz=0.000 az=0.000 target_valid=0 target=0.000 pid=0.000 pid_base=0.000 buoyancy_pwm=0 mask_valid=1 mask=0 forward_active=0
[CTRL] depth_valid=1 depth=0.000 vz=0.000 az=-0.000 target_valid=0 target=0.000 pid=0.000 pid_base=0.000 buoyancy_pwm=0 mask_valid=1 mask=0 forward_active=0
[CTRL] depth_valid=1 depth=-0.000 vz=-0.000 az=-0.000 target_valid=0 target=0.000 pid=0.000 pid_base=0.000 buoyancy_pwm=0 mask_valid=1 mask=0 forward_active=0
$T,0,0,0,,,,1628,533,964,1191,0*73
[CTRL] depth_valid=1 depth=-0.000 vz=-0.000 az=-0.000 target_valid=0 target=0.000 pid=0.000 pid_base=0.000 buoyancy_pwm=0 mask_valid=1 mask=0 forward_active=0
[OK]hb
[CTRL] depth_valid=1 depth=-0.000 vz=-0.000 az=-0.000 target_valid=0 target=0.000 pid=0.000 pid_base=0.000 buoyancy_pwm=0 mask_valid=1 mask=0 forward_active=0
[CTRL] depth_valid=1 depth=-0.000 vz=-0.000 az=-0.000 target_valid=0 target=0.000 pid=0.000 pid_base=0.000 buoyancy_pwm=0 mask_valid=1 mask=0 forward_active=0
[CTRL] depth_valid=1 depth=-0.000 vz=-0.000 az=0.000 target_valid=0 target=0.000 pid=0.000 pid_base=0.000 buoyancy_pwm=0 mask_valid=1 mask=0 forward_active=0
$T,0,0,0,,,,1628,533,964,1199,0*7B
[CTRL] depth_valid=1 depth=-0.000 vz=0.000 az=0.000 target_valid=0 target=0.000 pid=0.000 pid_base=0.000 buoyancy_pwm=0 mask_valid=1 mask=0 forward_active=0
[CTRL] depth_valid=1 depth=0.000 vz=0.000 az=0.000 target_valid=0 target=0.000 pid=0.000 pid_base=0.000 buoyancy_pwm=0 mask_valid=1 mask=0 forward_active=0
[CTRL] depth_valid=1 depth=0.000 vz=0.000 az=0.000 target_valid=0 target=0.000 pid=0.000 pid_base=0.000 buoyancy_pwm=0 mask_valid=1 mask=0 forward_active=0
[CTRL] depth_valid=1 depth=0.000 vz=0.000 az=0.000 target_valid=0 target=0.000 pid=0.000 pid_base=0.000 buoyancy_pwm=0 mask_valid=1 mask=0 forward_active=0
$T,0,0,0,,,,1628,533,964,1197,0*75
[CTRL] depth_valid=1 depth=0.000 vz=0.000 az=-0.000 target_valid=0 target=0.000 pid=0.000 pid_base=0.000 buoyancy_pwm=0 mask_valid=1 mask=0 forward_active=0
[CTRL] depth_valid=1 depth=0.000 vz=-0.000 az=-0.000 target_valid=0 target=0.000 pid=0.000 pid_base=0.000 buoyancy_pwm=0 mask_valid=1 mask=0 forward_active=0
[CTRL] depth_valid=1 depth=-0.000 vz=-0.000 az=-0.000 target_valid=0 target=0.000 pid=0.000 pid_base=0.000 buoyancy_pwm=0 mask_valid=1 mask=0 forward_active=0
[OK]hb
[CTRL] depth_valid=1 depth=-0.000 vz=-0.000 az=-0.000 target_valid=0 target=0.000 pid=0.000 pid_base=0.000 buoyancy_pwm=0 mask_valid=1 mask=0 forward_active=0
$T,0,0,0,,,,1628,533,964,1199,0*7B
[CTRL] depth_valid=1 depth=-0.000 vz=-0.000 az=-0.000 target_valid=0 target=0.000 pid=0.000 pid_base=0.000 buoyancy_pwm=0 mask_valid=1 mask=0 forward_active=0
[CTRL] depth_valid=1 depth=-0.000 vz=-0.000 az=0.000 target_valid=0 target=0.000 pid=0.000 pid_base=0.000 buoyancy_pwm=0 mask_valid=1 mask=0 forward_active=0
[CTRL] depth_valid=1 depth=-0.000 vz=0.000 az=0.000 target_valid=0 target=0.000 pid=0.000 pid_base=0.000 buoyancy_pwm=0 mask_valid=1 mask=0 forward_active=0
[CTRL] depth_valid=1 depth=0.000 vz=0.000 az=0.000 target_valid=0 target=0.000 pid=0.000 pid_base=0.000 buoyancy_pwm=0 mask_valid=1 mask=0 forward_active=0
$T,0,0,0,,,,1628,533,964,1196,0*74
[CTRL] depth_valid=1 depth=0.000 vz=0.000 az=0.000 target_valid=0 target=0.000 pid=0.000 pid_base=0.000 buoyancy_pwm=0 mask_valid=1 mask=0 forward_active=0
[CTRL] depth_valid=1 depth=0.000 vz=0.000 az=0.000 target_valid=0 target=0.000 pid=0.000 pid_base=0.000 buoyancy_pwm=0 mask_valid=1 mask=0 forward_active=0
[CTRL] depth_valid=1 depth=0.000 vz=0.000 az=-0.000 target_valid=0 target=0.000 pid=0.000 pid_base=0.000 buoyancy_pwm=0 mask_valid=1 mask=0 forward_active=0
[CTRL] depth_valid=1 depth=0.000 vz=-0.000 az=-0.000 target_valid=0 target=0.000 pid=0.000 pid_base=0.000 buoyancy_pwm=0 mask_valid=1 mask=0 forward_active=0
$T,0,0,0,,,,1628,533,964,1196,0*74
vz=-0.000 az=-0.000 target_valid=0 target=0.000 pid=0.000 pid_base=0.000 buoyancy_pwm=0 mask_valid=1 mask=0 forward_active=0
[CTRL] depth_valid=1 depth=-0.000 vz=-0.000 az=-0.000 target_valid=0 target=0.000 pid=0.000 pid_base=0.000 buoyancy_pwm=0 mask_valid=1 mask=0 forward_active=0
[CTRL] depth_valid=1 depth=-0.000 vz=-0.000 az=-0.000 target_valid=0 target=0.000 pid=0.000 pid_base=0.000 buoyancy_pwm=0 mask_valid=1 mask=0 forward_active=0
[CTRL] depth_valid=1 depth=-0.000 vz=-0.000 az=-0.000 target_valid=0 target=0.000 pid=0.000 pid_base=0.000 buoyancy_pwm=0 mask_valid=1 mask=0 forward_active=0
$T,0,0,0,,,,1628,533,964,1196,0*74
[CTRL] depth_valid=1 depth=-0.000 vz=-0.000 az=0.000 target_valid=0 target=0.000 pid=0.000 pid_base=0.000 buoyancy_pwm=0 mask_valid=1 mask=0 forward_active=0
[CTRL] depth_valid=1 depth=0.000 vz=0.000 az=0.000 target_valid=0 target=0.000 pid=0.000 pid_base=0.000 buoyancy_pwm=0 mask_valid=1 mask=0 forward_active=0
[CTRL] depth_valid=1 depth=0.000 vz=0.000 az=0.000 target_valid=0 target=0.000 pid=0.000 pid_base=0.000 buoyancy_pwm=0 mask_valid=1 mask=0 forward_active=0
[CTRL] depth_valid=1 depth=0.000 vz=0.000 az=0.000 target_valid=0 target=0.000 pid=0.000 pid_base=0.000 buoyancy_pwm=0 mask_valid=1 mask=0 forward_active=0
$T,0,0,0,,,,1628,533,964,1199,0*7B
[CTRL] depth_valid=1 depth=0.000 vz=0.000 az=0.000 target_valid=0 target=0.000 pid=0.000 pid_base=0.000 buoyancy_pwm=0 mask_valid=1 mask=0 forward_active=0
[CTRL] depth_valid=1 depth=0.000 vz=-0.000 az=-0.000 target_valid=0 target=0.000 pid=0.000 pid_base=0.000 buoyancy_pwm=0 mask_valid=1 mask=0 forward_active=0
[CTRL] depth_valid=1 depth=-0.000 vz=-0.000 az=-0.000 target_valid=0 target=0.000 pid=0.000 pid_base=0.000 buoyancy_pwm=0 mask_valid=1 mask=0 forward_active=0
[OK]hb
[CTRL] depth_valid=1 depth=-0.000 vz=-0.000 az=-0.000 target_valid=0 target=0.000 pid=0.000 pid_base=0.000 buoyancy_pwm=0 mask_valid=1 mask=0 forward_active=0
$T,0,0,0,,,,1628,533,964,1199,0*7B
[CTRL] depth_valid=1 depth=-0.000 vz=-0.000 az=-0.000 target_valid=0 target=0.000 pid=0.000 pid_base=0.000 buoyancy_pwm=0 mask_valid=1 mask=0 forward_active=0
[CTRL] depth_valid=1 depth=-0.000 vz=-0.000 az=-0.000 target_valid=0 target=0.000 pid=0.000 pid_base=0.000 buoyancy_pwm=0 mask_valid=1 mask=0 forward_active=0
[CTRL] depth_valid=1 depth=-0.000 vz=0.000 az=0.000 target_valid=0 target=0.000 pid=0.000 pid_base=0.000 buoyancy_pwm=0 mask_valid=1 mask=0 forward_active=0
[CTRL] depth_valid=1 depth=0.000 vz=0.000 az=0.000 target_valid=0 target=0.000 pid=0.000 pid_base=0.000 buoyancy_pwm=0 mask_valid=1 mask=0 forward_active=0
$T,0,0,0,,,,1628,533,964,1197,0*75
[CTRL] depth_valid=1 depth=0.000 vz=0.000 az=0.000 target_valid=0 target=0.000 pid=0.000 pid_base=0.000 buoyancy_pwm=0 mask_valid=1 mask=0 forward_active=0
[CTRL] depth_valid=1 depth=0.000 vz=0.000 az=0.000 target_valid=0 target=0.000 pid=0.000 pid_base=0.000 buoyancy_pwm=0 mask_valid=1 mask=0 forward_active=0
[CTRL] depth_valid=1 depth=0.000 vz=0.000 az=0.000 target_valid=0 target=0.000 pid=0.000 pid_base=0.000 buoyancy_pwm=0 mask_valid=1 mask=0 forward_active=0
[CTRL] depth_valid=1 depth=0.000 vz=0.000 az=-0.000 target_valid=0 target=0.000 pid=0.000 pid_base=0.000 buoyancy_pwm=0 mask_valid=1 mask=0 forward_active=0
$T,0,0,0,,,,1628,533,964,1195,0*77
[CTRL] depth_valid=1 depth=0.000 vz=-0.000 az=-0.000 target_valid=0 target=0.000 pid=0.000 pid_base=0.000 buoyancy_pwm=0 mask_valid=1 mask=0 forward_active=0
[OK]hb
[CTRL] depth_valid=1 depth=-0.000 vz=-0.000 az=-0.000 target_valid=0 target=0.000 pid=0.000 pid_base=0.000 buoyancy_pwm=0 mask_valid=1 mask=0 forward_active=0
[CTRL] depth_valid=1 depth=-0.000 vz=-0.000 az=-0.000 target_valid=0 target=0.000 pid=0.000 pid_base=0.000 buoyancy_pwm=0 mask_valid=1 mask=0 forward_active=0
[CTRL] depth_valid=1 depth=-0.000 vz=-0.000 az=-0.000 target_valid=0 target=0.000 pid=0.000 pid_base=0.000 buoyancy_pwm=0 mask_valid=1 mask=0 forward_active=0
$T,0,0,0,,,,1628,533,964,1192,0*70
[CTRL] depth_valid=1 depth=-0.000 vz=-0.000 az=0.000 target_valid=0 target=0.000 pid=0.000 pid_base=0.000 buoyancy_pwm=0 mask_valid=1 mask=0 forward_active=0
[CTRL] depth_valid=1 depth=-0.000 vz=0.000 az=0.000 target_valid=0 target=0.000 pid=0.000 pid_base=0.000 buoyancy_pwm=0 mask_valid=1 mask=0 forward_active=0
[CTRL] depth_valid=1 depth=0.000 vz=0.000 az=0.000 target_valid=0 target=0.000 pid=0.000 pid_base=0.000 buoyancy_pwm=0 mask_valid=1 mask=0 forward_active=0
[CTRL] depth_valid=1 depth=0.000 vz=0.000 az=0.000 target_valid=0 target=0.000 pid=0.000 pid_base=0.000 buoyancy_pwm=0 mask_valid=1 mask=0 forward_active=0
$T,0,0,0,,,,1628,533,964,1192,0*70
[CTRL] depth_valid=1 depth=0.000 vz=0.000 az=0.000 target_valid=0 target=0.000 pid=0.000 pid_base=0.000 buoyancy_pwm=0 mask_valid=1 mask=0 forward_active=0
[CTRL] depth_valid=1 depth=0.000 vz=0.000 az=-0.000 target_valid=0 target=0.000 pid=0.000 pid_base=0.000 buoyancy_pwm=0 mask_valid=1 mask=0 forward_active=0
[CTRL] depth_valid=1 depth=0.000 vz=-0.000 az=-0.000 target_valid=0 target=0.000 pid=0.000 pid_base=0.000 buoyancy_pwm=0 mask_valid=1 mask=0 forward_active=0
[OK]hb
[CTRL] depth_valid=1 depth=-0.000 vz=-0.000 az=-0.000 target_valid=0 target=0.000 pid=0.000 pid_base=0.000 buoyancy_pwm=0 mask_valid=1 mask=0 forward_active=0
$T,0,0,0,,,,1628,533,964,1193,0*71
[CTRL] depth_valid=1 depth=-0.000 vz=-0.000 az=-0.000 target_valid=0 target=0.000 pid=0.000 pid_base=0.000 buoyancy_pwm=0 mask_valid=1 mask=0 forward_active=0
[CTRL] depth_valid=1 depth=-0.000 vz=-0.000 az=-0.000 target_valid=0 target=0.000 pid=0.000 pid_base=0.000 buoyancy_pwm=0 mask_valid=1 mask=0 forward_active=0
[CTRL] depth_valid=1 depth=-0.000 vz=-0.000 az=0.000 target_valid=0 target=0.000 pid=0.000 pid_base=0.000 buoyancy_pwm=0 mask_valid=1 mask=0 forward_active=0
[CTRL] depth_valid=1 depth=-0.000 vz=0.000 az=0.000 target_valid=0 target=0.000 pid=0.000 pid_base=0.000 buoyancy_pwm=0 mask_valid=1 mask=0 forward_active=0
$T,0,0,0,,,,1628,533,964,1192,0*70
[CTRL] depth_valid=1 depth=0.000 vz=0.000 az=0.000 target_valid=0 target=0.000 pid=0.000 pid_base=0.000 buoyancy_pwm=0 mask_valid=1 mask=0 forward_active=0
[CTRL] depth_valid=1 depth=0.000 vz=0.000 az=0.000 target_valid=0 target=0.000 pid=0.000 pid_base=0.000 buoyancy_pwm=0 mask_valid=1 mask=0 forward_active=0
[CTRL] depth_valid=1 depth=0.000 vz=0.000 az=0.000 target_valid=0 target=0.000 pid=0.000 pid_base=0.000 buoyancy_pwm=0 mask_valid=1 mask=0 forward_active=0
[CTRL] depth_valid=1 depth=0.000 vz=0.000 az=-0.000 target_valid=0 target=0.000 pid=0.000 pid_base=0.000 buoyancy_pwm=0 mask_valid=1 mask=0 forward_active=0
$T,0,0,0,,,,1628,533,964,1193,0*71
[CTRL] depth_valid=1 depth=0.000 vz=-0.000 az=-0.000 target_valid=0 target=0.000 pid=0.000 pid_base=0.000 buoyancy_pwm=0 mask_valid=1 mask=0 forward_active=0
[OK]hb
[CTRL] depth_valid=1 depth=-0.000 vz=-0.000 az=-0.000 target_valid=0 target=0.000 pid=0.000 pid_base=0.000 buoyancy_pwm=0 mask_valid=1 mask=0 forward_active=0
[CTRL] depth_valid=1 depth=-0.000 vz=-0.000 az=-0.000 target_valid=0 target=0.000 pid=0.000 pid_base=0.000 buoyancy_pwm=0 mask_valid=1 mask=0 forward_active=0
[CTRL] depth_valid=1 depth=-0.000 vz=-0.000 az=-0.000 target_valid=0 target=0.000 pid=0.000 pid_base=0.000 buoyancy_pwm=0 mask_valid=1 mask=0 forward_active=0
$T,0,0,0,,,,1628,533,964,1194,0*76
[CTRL] depth_valid=1 depth=-0.000 vz=-0.000 az=0.000 target_valid=0 target=0.000 pid=0.000 pid_base=0.000 buoyancy_pwm=0 mask_valid=1 mask=0 forward_active=0
[CTRL] depth_valid=1 depth=-0.000 vz=0.000 az=0.000 target_valid=0 target=0.000 pid=0.000 pid_base=0.000 buoyancy_pwm=0 mask_valid=1 mask=0 forward_active=0
[CTRL] depth_valid=1 depth=0.000 vz=0.000 az=0.000 target_valid=0 target=0.000 pid=0.000 pid_base=0.000 buoyancy_pwm=0 mask_valid=1 mask=0 forward_active=0
[CTRL] depth_valid=1 depth=0.000 vz=0.000 az=0.000 target_valid=0 target=0.000 pid=0.000 pid_base=0.000 buoyancy_pwm=0 mask_valid=1 mask=0 forward_active=0
$T,0,0,0,,,,1628,533,964,1194,0*76
[CTRL] depth_valid=1 depth=0.000 vz=0.000 az=0.000 target_valid=0 target=0.000 pid=0.000 pid_base=0.000 buoyancy_pwm=0 mask_valid=1 mask=0 forward_active=0
[CTRL] depth_valid=1 depth=0.000 vz=-0.000 az=-0.000 target_valid=0 target=0.000 pid=0.000 pid_base=0.000 buoyancy_pwm=0 mask_valid=1 mask=0 forward_active=0
[CTRL] depth_valid=1 depth=-0.000 vz=-0.000 az=-0.000 target_valid=0 target=0.000 pid=0.000 pid_base=0.000 buoyancy_pwm=0 mask_valid=1 mask=0 forward_active=0
[OK]hb
[CTRL] depth_valid=1 depth=-0.000 vz=-0.000 az=-0.000 target_valid=0 target=0.000 pid=0.000 pid_base=0.000 buoyancy_pwm=0 mask_valid=1 mask=0 forward_active=0
$T,0,0,0,,,,1628,533,964,1193,0*71
[CTRL] depth_valid=1 depth=-0.000 vz=-0.000 az=-0.000 target_valid=0 target=0.000 pid=0.000 pid_base=0.000 buoyancy_pwm=0 mask_valid=1 mask=0 forward_active=0
[CTRL] depth_valid=1 depth=-0.000 vz=-0.000 az=-0.000 target_valid=0 target=0.000 pid=0.000 pid_base=0.000 buoyancy_pwm=0 mask_valid=1 mask=0 forward_active=0
[CTRL] depth_valid=1 depth=-0.000 vz=-0.000 az=0.000 target_valid=0 target=0.000 pid=0.000 pid_base=0.000 buoyancy_pwm=0 mask_valid=1 mask=0 forward_active=0
[CTRL] depth_valid=1 depth=-0.000 vz=0.000 az=0.000 target_valid=0 target=0.000 pid=0.000 pid_base=0.000 buoyancy_pwm=0 mask_valid=1 mask=0 forward_active=0
$T,0,0,0,,,,1628,533,964,1193,0*71
[CTRL] depth_valid=1 depth=0.000 vz=0.000 az=0.000 target_valid=0 target=0.000 pid=0.000 pid_base=0.000 buoyancy_pwm=0 mask_valid=1 mask=0 forward_active=0
[CTRL] depth_valid=1 depth=0.000 vz=0.000 az=0.000 target_valid=0 target=0.000 pid=0.000 pid_base=0.000 buoyancy_pwm=0 mask_valid=1 mask=0 forward_active=0
[CTRL] depth_valid=1 depth=0.000 vz=0.000 az=0.000 target_valid=0 target=0.000 pid=0.000 pid_base=0.000 buoyancy_pwm=0 mask_valid=1 mask=0 forward_active=0
[CTRL] depth_valid=1 depth=0.000 vz=0.000 az=-0.000 target_valid=0 target=0.000 pid=0.000 pid_base=0.000 buoyancy_pwm=0 mask_valid=1 mask=0 forward_active=0
$T,0,0,0,,,,1628,533,964,1195,0*77
[CTRL] depth_valid=1 depth=0.000 vz=-0.000 az=-0.000 target_valid=0 target=0.000 pid=0.000 pid_base=0.000 buoyancy_pwm=0 mask_valid=1 mask=0 forward_active=0
[OK]hb
[CTRL] depth_valid=1 depth=-0.000 vz=-0.000 az=-0.000 target_valid=0 target=0.000 pid=0.000 pid_base=0.000 buoyancy_pwm=0 mask_valid=1 mask=0 forward_active=0
[CTRL] depth_valid=1 depth=-0.000 vz=-0.000 az=-0.000 target_valid=0 target=0.000 pid=0.000 pid_base=0.000 buoyancy_pwm=0 mask_valid=1 mask=0 forward_active=0
[CTRL] depth_valid=1 depth=-0.000 vz=-0.000 az=-0.000 target_valid=0 target=0.000 pid=0.000 pid_base=0.000 buoyancy_pwm=0 mask_valid=1 mask=0 forward_active=0
$T,0,0,0,,,,1628,533,964,1195,0*77
[CTRL] depth_valid=1 depth=-0.000 vz=-0.000 az=-0.000 target_valid=0 target=0.000 pid=0.000 pid_base=0.000 buoyancy_pwm=0 mask_valid=1 mask=0 forward_active=0
[CTRL] depth_valid=1 depth=-0.000 vz=0.000 az=0.000 target_valid=0 target=0.000 pid=0.000 pid_base=0.000 buoyancy_pwm=0 mask_valid=1 mask=0 forward_active=0
[CTRL] depth_valid=1 depth=0.000 vz=0.000 az=0.000 target_valid=0 target=0.000 pid=0.000 pid_base=0.000 buoyancy_pwm=0 mask_valid=1 mask=0 forward_active=0
[CTRL] depth_valid=1 depth=0.000 vz=0.000 az=0.000 target_valid=0 targe=0.000 pid=0.000 pid_base=0.000 buoyancy_pwm=0 mask_valid=1 mask=0 forward_active=0
$T,0,0,0,,,,1628,533,964,1192,0*70
[CTRL] depth_valid=1 depth=0.000 vz=0.000 az=0.000 target_valid=0 target=0.000 pid=0.000 pid_base=0.000 buoyancy_pwm=0 mask_valid=1 mask=0 forward_active=0
[CTRL] depth_valid=1 depth=0.000 vz=0.000 az=0.000 target_valid=0 target=0.000 pid=0.000 pid_base=0.000 buoyancy_pwm=0 mask_valid=1 mask=0 forward_active=0
[CTRL] depth_valid=1 depth=0.000 vz=-0.000 az=-0.000 target_valid=0 target=0.000 pid=0.000 pid_base=0.000 buoyancy_pwm=0 mask_valid=1 mask=0 forward_active=0
[OK]hb
[CTRL] depth_valid=1 depth=-0.000 vz=-0.000 az=-0.000 target_valid=0 target=0.000 pid=0.000 pid_base=0.000 buoyancy_pwm=0 mask_valid=1 mask=0 forward_active=0
$T,0,0,0,,,,1628,533,964,1193,0*71
[CTRL] depth_valid=1 depth=-0.000 vz=-0.000 az=-0.000 target_valid=0 target=0.000 pid=0.000 pid_base=0.000 buoyancy_pwm=0 mask_valid=1 mask=0 forward_active=0
[CTRL] depth_valid=1 depth=-0.000 vz=-0.000 az=-0.000 target_valid=0 target=0.000 pid=0.000 pid_base=0.000 buoyancy_pwm=0 mask_valid=1 mask=0 forward_active=0
[CTRL] depth_valid=1 depth=-0.000 vz=-0.000 az=-0.000 target_valid=0 target=0.000 pid=0.000 pid_base=0.000 buoyancy_pwm=0 mask_valid=1 mask=0 forward_active=0
[CTRL] depth_valid=1 depth=-0.000 vz=-0.000 az=0.000 target_valid=0 target=0.000 pid=0.000 pid_base=0.000 buoyancy_pwm=0 mask_valid=1 mask=0 forward_active=0
$T,0,0,0,,,,1628,533,964,1194,0*76
[CTRL] depth_valid=1 depth=-0.000 vz=0.000 az=0.000 target_valid=0 target=0.000 pid=0.000 pid_base=0.000 buoyancy_pwm=0 mask_valid=1 mask=0 forward_active=0
[CTRL] depth_valid=1 depth=0.000 vz=0.000 az=0.000 target_valid=0 target=0.000 pid=0.000 pid_base=0.000 buoyancy_pwm=0 mask_valid=1 mask=0 forward_active=0
[CTRL] depth_valid=1 depth=0.000 vz=0.000 az=0.000 target_valid=0 target=0.000 pid=0.000 pid_base=0.000 buoyancy_pwm=0 mask_valid=1 mask=0 forward_active=0
[CTRL] depth_valid=1 depth=0.000 vz=0.000 az=0.000 target_valid=0 target=0.000 pid=0.000 pid_base=0.000 buoyancy_pwm=0 mask_valid=1 mask=0 forward_active=0
$T,0,0,0,,,,1628,533,964,1194,0*76
[CTRL] depth_valid=1 depth=0.000 vz=0.000 az=0.000 target_valid=0 target=0.000 pid=0.000 pid_base=0.000 buoyancy_pwm=0 mask_valid=1 mask=0 forward_active=0
[OK]hb
[CTRL] depth_valid=1 depth=0.000 vz=-0.000 az=-0.000 target_valid=0 target=0.000 pid=0.000 pid_base=0.000 buoyancy_pwm=0 mask_valid=1 mask=0 forward_active=0
[CTRL] depth_valid=1 depth=-0.000 vz=-0.000 az=-0.000 target_valid=0 target=0.000 pid=0.000 pid_base=0.000 buoyancy_pwm=0 mask_valid=1 mask=0 forward_active=0
[CTRL] depth_valid=1 depth=-0.000 vz=-0.000 az=-0.000 target_valid=0 target=0.000 pid=0.000 pid_base=0.000 buoyancy_pwm=0 mask_valid=1 mask=0 forward_active=0
$T,0,0,0,,,,1628,533,964,1195,0*77
[CTRL] depth_valid=1 depth=-0.000 vz=-0.000 az=-0.000 target_valid=0 target=0.000 pid=0.000 pid_base=0.000 buoyancy_pwm=0 mask_valid=1 mask=0 forward_active=0
[CTRL] depth_valid=1 depth=-0.000 vz=-0.000 az=0.000 target_valid=0 target=0.000 pid=0.000 pid_base=0.000 buoyancy_pwm=0 mask_valid=1 mask=0 forward_active=0
[CTRL] depth_valid=1 depth=-0.000 vz=0.000 az=0.000 target_valid=0 target=0.000 pid=0.000 pid_base=0.000 buoyancy_pwm=0 mask_valid=1 mask=0 forward_active=0
[CTRL] depth_valid=1 depth=0.000 vz=0.000 az=0.000 target_valid=0 target=0.000 pid=0.000 pid_base=0.000 buoyancy_pwm=0 mask_valid=1 mask=0 forward_active=0
$T,0,0,0,,,,1628,533,964,1194,0*76
[CTRL] depth_valid=1 depth=0.000 vz=0.000 az=0.000 target_valid=0 target=0.000 pid=0.000 pid_base=0.000 buoyancy_pwm=0 mask_valid=1 mask=0 forward_active=0
[CTRL] depth_valid=1 depth=0.000 vz=0.000 az=0.000 target_valid=0 target=0.000 pid=0.000 pid_base=0.000 buoyancy_pwm=0 mask_valid=1 mask=0 forward_active=0
[CTRL] depth_valid=1 depth=0.000 vz=0.000 az=-0.000 target_valid=0 target=0.000 pid=0.000 pid_base=0.000 buoyancy_pwm=0 mask_valid=1 mask=0 forward_active=0
[CTRL] depth_valid=1 depth=0.000 vz=-0.000 az=-0.000 target_valid=0 target=0.000 pid=0.000 pid_base=0.000 buoyancy_pwm=0 mask_valid=1 mask=0 forward_active=0
$T,0,0,0,,,,1628,533,964,1194,0*76
[OK]hb
[CTRL] depth_valid=1 depth=-0.000 vz=-0.000 az=-0.000 target_valid=0 target=0.000 pid=0.000 pid_base=0.000 buoyancy_pwm=0 mask_valid=1 mask=0 forward_active=0
[CTRL] depth_valid=1 depth=-0.000 vz=-0.000 az=-0.000 target_valid=0 target=0.000 pid=0.000 pid_base=0.000 buoyancy_pwm=0 mask_valid=1 mask=0 forward_active=0
[CTRL] depth_valid=1 depth=-0.000 vz=-0.000 az=-0.000 target_valid=0 target=0.000 pid=0.000 pid_base=0.000 buoyancy_pwm=0 mask_valid=1 mask=0 forward_active=0
[CTRL] depth_valid=1 depth=-0.000 vz=-0.000 az=-0.000 target_valid=0 target=0.000 pid=0.000 pid_base=0.000 buoyancy_pwm=0 mask_valid=1 mask=0 forward_active=0
$T,0,0,0,,,,1628,533,964,1194,0*76
[CTRL] depth_valid=1 depth=-0.000 vz=-0.000 az=0.000 target_valid=0 target=0.000 pid=0.000 pid_base=0.000 buoyancy_pwm=0 mask_valid=1 mask=0 forward_active=0
[CTRL] depth_valid=1 depth=0.000 vz=0.000 az=0.000 target_valid=0 target=0.000 pid=0.000 pid_base=0.000 buoyancy_pwm=0 mask_valid=1 mask=0 forward_active=0
[CTRL] depth_valid=1 depth=0.000 vz=0.000 az=0.000 target_valid=0 target=0.000 pid=0.000 pid_base=0.000 buoyancy_pwm=0 mask_valid=1 mask=0 forward_active=0
[CTRL] depth_valid=1 depth=0.000 vz=0.000 az=0.000 target_valid=0 target=0.000 pid=0.000 pid_base=0.000 buoyancy_pwm=0 mask_valid=1 mask=0 forward_active=0
$T,0,0,0,,,,1628,533,964,1194,0*76
[CTRL] depth_valid=1 depth=0.000 vz=0.000 az=0.000 target_valid=0 target=0.000 pid=0.000 pid_base=0.000 buoyancy_pwm=0 mask_valid=1 mask=0 forward_active=0
[CTRL] depth_valid=1 depth=0.000 vz=-0.000 az=-0.000 target_valid=0 target=0.000 pid=0.000 pid_base=0.000 buoyancy_pwm=0 mask_valid=1 mask=0 forward_active=0
[OK]hb
[CTRL] depth_valid=1 depth=0.000 vz=-0.000 az=-0.000 target_valid=0 target=0.000 pid=0.000 pid_base=0.000 buoyancy_pwm=0 mask_valid=1 mask=0 forward_active=0
[CTRL] depth_valid=1 depth=-0.000 vz=-0.000 az=-0.000 target_valid=0 target=0.000 pid=0.000 pid_base=0.000 buoyancy_pwm=0 mask_valid=1 mask=0 forward_active=0
$T,0,0,0,,,,1628,533,964,1195,0*77
[CTRL] depth_valid=1 depth=-0.000 vz=-0.000 az=-0.000 target_valid=0 target=0.000 pid=0.000 pid_base=0.000 buoyancy_pwm=0 mask_valid=1 mask=0 forward_active=0
[CTRL] depth_valid=1 depth=-0.000 vz=-0.000 az=-0.000 target_valid=0 target=0.000 pid=0.000 pid_base=0.000 buoyancy_pwm=0 mask_valid=1 mask=0 forward_active=0
[CTRL] depth_valid=1 depth=-0.000 vz=-0.000 az=0.000 target_valid=0 target=0.000 pid=0.000 pid_base=0.000 buoyancy_pwm=0 mask_valid=1 mask=0 forward_active=0
[CTRL] depth_valid=1 depth=-0.000 vz=0.000 az=0.000 target_valid=0 target=0.000 pid=0.000 pid_base=0.000 buoyancy_pwm=0 mask_valid=1 mask=0 forward_active=0
$T,17,39,38,,,,1628,533,964,1194,0*41
[CTRL] depth_valid=1 depth=0.690 vz=0.046 az=-0.695 target_valid=0 target=0.000 pid=0.000 pid_base=0.000 buoyancy_pwm=0 mask_valid=1 mask=0 forward_active=0
[CTRL] depth_valid=1 depth=-0.001 vz=-1.476 az=-1.753 target_valid=0 target=0.000 pid=0.000 pid_base=0.000 buoyancy_pwm=0 mask_valid=1 mask=0 forward_active=0
[CTRL] depth_valid=1 depth=-0.142 vz=-1.077 az=-0.846 target_valid=0 target=0.000 pid=0.000 pid_base=0.000 buoyancy_pwm=0 mask_valid=1 mask=0 forward_active=0
[CTRL] depth_valid=1 depth=-0.098 vz=-0.389 az=0.016 target_valid=0 target=0.000 pid=0.000 pid_base=0.000 buoyancy_pwm=0 mask_valid=1 mask=0 forward_active=0
$T,0,-3,0,,,,1628,533,964,1193,0*5F
[OK]hb
[CTRL] depth_valid=1 depth=-0.079 vz=-0.159 az=0.231 target_valid=0 target=0.000 pid=0.000 pid_base=0.000 buoyancy_pwm=0 mask_valid=1 mask=0 forward_active=0
[CTRL] depth_valid=1 depth=-0.006 vz=0.141 az=0.410 target_valid=0 target=0.000 pid=0.000 pid_base=0.000 buoyancy_pwm=0 mask_valid=1 mask=0 forward_active=0
[CTRL] depth_valid=1 depth=0.019 vz=0.182 az=0.315 target_valid=0 target=0.000 pid=0.000 pid_base=0.000 buoyancy_pwm=0 mask_valid=1 mask=0 forward_active=0
[CTRL] depth_valid=1 depth=0.020 vz=0.125 az=0.168 target_valid=0 target=0.000 pid=0.000 pid_base=0.000 buoyancy_pwm=0 mask_valid=1 mask=0 forward_active=0
$T,0,1,1,,,,1628,533,964,1193,0*71
[CTRL] depth_valid=1 depth=0.017 vz=0.063 az=0.060 target_valid=0 target=0.000 pid=0.000 pid_base=0.000 buoyancy_pwm=0 mask_valid=1 mask=0 forward_active=0
[CTRL] depth_valid=1 depth=0.006 vz=0.013 az=-0.000 target_valid=0 target=0.000 pid=0.000 pid_base=0.000 buoyancy_pwm=0 mask_valid=1 mask=0 forward_active=0
[CTRL] depth_valid=1 depth=0.001 vz=-0.005 az=-0.015 target_valid=0 target=0.000 pid=0.000 pid_base=0.000 buoyancy_pwm=0 mask_valid=1 mask=0 forward_active=0
[CTRL] depth_valid=1 depth=-0.001 vz=-0.008 az=-0.013 target_valid=0 target=0.000 pid=0.000 pid_base=0.000 buoyancy_pwm=0 mask_valid=1 mask=0 forward_active=0
$T,0,0,0,,,,1628,533,964,1193,0*71
[CTRL] depth_valid=1 depth=-0.001 vz=-0.006 az=-0.007 target_valid=0 target=0.000 pid=0.000 pid_base=0.000 buoyancy_pwm=0 mask_valid=1 mask=0 forward_active=0
[OK]hb
[CTRL] depth_valid=1 depth=-0.001 vz=-0.002 az=-0.002 target_valid=0 target=0.000 pid=0.000 pid_base=0.000 buoyancy_pwm=0 mask_valid=1 mask=0 forward_active=0
[CTRL] depth_valid=1 depth=-0.000 vz=-0.000 az=0.001 target_valid=0 target=0.000 pid=0.000 pid_base=0.000 buoyancy_pwm=0 mask_valid=1 mask=0 forward_active=0
[CTRL] depth_valid=1 depth=-0.000 vz=0.000 az=0.001 target_valid=0 target=0.000 pid=0.000 pid_base=0.000 buoyancy_pwm=0 mask_valid=1 mask=0 forward_active=0
$T,0,0,0,,,,1628,533,964,1193,0*71
[CTRL] depth_valid=1 depth=0.000 vz=0.000 az=0.001 target_valid=0 target=0.000 pid=0.000 pid_base=0.000 buoyancy_pwm=0 mask_valid=1 mask=0 forward_active=0
[CTRL] depth_valid=1 depth=0.000 vz=0.000 az=0.000 target_valid=0 target=0.000 pid=0.000 pid_base=0.000 buoyancy_pwm=0 mask_valid=1 mask=0 forward_active=0
[CTRL] depth_valid=1 depth=0.000 vz=0.000 az=0.000 target_valid=0 target=0.000 pid=0.000 pid_base=0.000 buoyancy_pwm=0 mask_valid=1 mask=0 forward_active=0
[CTRL] depth_valid=1 depth=0.000 vz=0.000 az=-0.000 target_valid=0 target=0.000 pid=0.000 pid_base=0.000 buoyancy_pwm=0 mask_valid=1 mask=0 forward_active=0
$T,0,0,0,,,,1628,533,964,1195,0*77
[CTRL] depth_valid=1 depth=0.000 vz=0.000 az=-0.000 target_valid=0 target=0.000 pid=0.000 pid_base=0.000 buoyancy_pwm=0 mask_valid=1 mask=0 forward_active=0
[CTRL] depth_valid=1 depth=-0.000 vz=-0.000 az=-0.000 target_valid=0 target=0.000 pid=0.000 pid_base=0.000 buoyancy_pwm=0 mask_valid=1 mask=0 forward_active=0
[CTRL] depth_valid=1 depth=-0.000 vz=-0.000 az=-0.000 target_valid=0 target=0.000 pid=0.000 pid_base=0.000 buoyancy_pwm=0 mask_valid=1 mask=0 forward_active=0
[CTRL] depth_valid=1 depth=-0.000 vz=-0.000 az=-0.000 target_valid=0 target=0.000 pid=0.000 pid_base=0.000 buoyancy_pwm=0 mask_valid=1 mask=0 forward_active=0
$T,0,0,0,,,,1628,533,964,1195,0*77
[OK]hb
[CTRL] depth_valid=1 depth=-0.000 vz=-0.000 az=-0.000 target_valid=0 target=0.000 pid=0.000 pid_base=0.000 buoyancy_pwm=0 mask_valid=1 mask=0 forward_active=0
[CTRL] depth_valid=1 depth=-0.000 vz=0.000 az=0.000 target_valid=0 target=0.000 pid=0.000 pid_base=0.000 buoyancy_pwm=0 mask_valid=1 mask=0 forward_active=0
[CTRL] depth_valid=1 depth=0.000 vz=0.000 az=0.000 target_valid=0 target=0.000 pid=0.000 pid_base=0.000 buoyancy_pwm=0 mask_valid=1 mask=0 forward_active=0
[CTRL] depth_valid=1 depth=0.000 vz=0.000 az=0.000 target_valid=0 target=0.000 pid=0.000 pid_base=0.000 buoyancy_pwm=0 mask_valid=1 mask=0 forward_active=0
$T,0,0,0,,,,1628,533,964,1193,0*71
[CTRL] depth_valid=1 depth=0.000 vz=0.000 az=0.000 target_valid=0 target=0.000 pid=0.000 pid_base=0.000 buoyancy_pwm=0 mask_valid=1 mask=0 forward_active=0
[CTRL] depth_valid=1 depth=0.000 vz=0.000 az=0.000 target_valid=0 target=0.000 pid=0.000 pid_base=0.000 buoyancy_pwm=0 mask_valid=1 mask=0 forward_active=0
[CTRL] depth_valid=1 depth=0.000 vz=0.000 az=-0.000 target_valid=0 target=0.000 pid=0.000 pid_base=0.000 buoyancy_pwm=0 mask_valid=1 mask=0 forward_active=0
[CTRL] depth_valid=1 depth=-0.000 vz=-0.000 az=-0.000 target_valid=0 target=0.000 pid=0.000 pid_base=0.000 buoyancy_pwm=0 mask_valid=1 mask=0 forward_active=0
$T,0,0,0,,,,1628,533,964,1193,0*71
[CTRL] depth_valid=1 depth=-0.000 vz=-0.000 az=-0.000 target_valid=0 target=0.000 pid=0.000 pid_base=0.000 buoyancy_pwm=0 mask_valid=1 mask=0 forward_active=0
[CTRL] depth_valid=1 depth=-0.000 vz=-0.000 az=-0.000 target_valid=0 target=0.000 pid=0.000 pid_base=0.000 buoyancy_pwm=0 mask_valid=1 mask=0 forward_active=0
[OK]hb
[CTRL] depth_valid=1 depth=-0.000 vz=-0.000 az=-0.000 target_valid=0 target=0.000 pid=0.000 pid_base=0.000 buoyancy_pwm=0 mask_valid=1 mask=0 forward_active=0
[CTRL] depth_valid=1 depth=-0.000 vz=-0.000 az=0.000 target_valid=0 target=0.000 pid=0.000 pid_base=0.000 buoyancy_pwm=0 mask_valid=1 mask=0 forward_active=0
$T,0,0,0,,,,1628,533,964,1193,0*71
[CTRL] depth_valid=1 depth=0.000 vz=0.000 az=0.000 target_valid=0 target=0.000 pid=0.000 pid_base=0.000 buoyancy_pwm=0 mask_valid=1 mask=0 forward_active=0
[CTRL] depth_valid=1 depth=0.000 vz=0.000 az=0.000 target_valid=0 target=0.000 pid=0.000 pid_base=0.000 buoyancy_pwm=0 mask_valid=1 mask=0 forward_active=0
[CTRL] depth_valid=1 depth=0.000 vz=0.000 az=0.000 target_valid=0 target=0.000 pid=0.000 pid_base=0.000 buoyancy_pwm=0 mask_valid=1 mask=0 forward_active=0
[CTRL] depth_valid=1 depth=0.000 vz=0.000 az=0.000 target_valid=0 target=0.000 pid=0.000 pid_base=0.000 buoyancy_pwm=0 mask_valid=1 mask=0 forward_active=0
$T,0,0,0,,,,1628,533,964,1196,0*74
[CTRL] depth_valid=1 depth=0.000 vz=-0.000 az=-0.000 target_valid=0 target=0.000 pid=0.000 pid_base=0.000 buoyancy_pwm=0 mask_valid=1 mask=0 forward_active=0
[CTRL] depth_valid=1 depth=-0.000 vz=-0.000 az=-0.000 target_valid=0 target=0.000 pid=0.000 pid_base=0.000 buoyancy_pwm=0 mask_valid=1 mask=0 forward_active=0
[CTRL] depth_valid=1 depth=-0.000 vz=-0.000 az=-0.000 target_valid=0 target=0.000 pid=0.000 pid_base=0.000 buoyancy_pwm=0 mask_valid=1 mask=0 forward_active=0
[CTRL] depth_valid=1 depth=-0.000 vz=-0.000 az=-0.000 target_valid=0 target=0.000 pid=0.000 pid_base=0.000 buoyancy_pwm=0 mask_valid=1 mask=0 forward_active=0
$T,0,0,0,,,,1628,533,964,1194,0*76
[OK]hb
[CTRL] depth_valid=1 depth=-0.000 vz=-0.000 az=-0.000 target_valid=0 target=0.000 pid=0.000 pid_base=0.000 buoyancy_pwm=0 mask_valid=1 mask=0 forward_active=0
[CTRL] depth_valid=1 depth=-0.000 vz=-0.000 az=0.000 target_valid=0 target=0.000 pid=0.000 pid_base=0.000 buoyancy_pwm=0 mask_valid=1 mask=0 forward_active=0
[CTRL] depth_valid=1 depth=-0.000 vz=0.000 az=0.000 target_valid=0 target=0.000 pid=0.000 pid_base=0.000 buoyancy_pwm=0 mask_valid=1 mask=0 forward_active=0
[CTRL] depth_valid=1 depth=0.000 vz=0.000 az=0.000 target_valid=0 target=0.000 pid=0.000 pid_base=0.000 buoyancy_pwm=0 mask_valid=1 mask=0 forward_active=0
$T,0,0,0,,,,1628,533,964,1193,0*71
[CTRL] depth_valid=1 depth=0.000 vz=0.000 az=0.000 target_valid=0 target=0.000 pid=0.000 pid_base=0.000 buoyancy_pwm=0 mask_valid=1 mask=0 forward_active=0
[CTRL] depth_valid=1 depth=0.000 vz=0.000 az=0.000 target_valid=0 target=0.000 pid=0.000 pid_base=0.000 buoyancy_pwm=0 mask_valid=1 mask=0 forward_active=0
[CTRL] depth_valid=1 depth=0.000 vz=0.000 az=-0.000 target_valid=0 target=0.000 pid=0.000 pid_base=0.000 buoyancy_pwm=0 mask_valid=1 mask=0 forward_active=0
[CTRL] depth_valid=1 depth=-0.000 vz=-0.000 az=-0.000 target_valid=0 target=0.000 pid=0.000 pid_base=0.000 buoyancy_pwm=0 mask_valid=1 mask=0 forward_active=0
$T,0,0,0,,,,1628,533,964,1194,0*76
[CTRL] depth_valid=1 depth=-0.000 vz=-0.000 az=-0.000 target_valid=0 target=0.000 pid=0.000 pid_base=0.000 buoyancy_pwm=0 mask_valid=1 mask=0 forward_active=0
[CTRL] depth_valid=1 depth=-0.000 vz=-0.000 az=-0.000 target_valid=0 target=0.000 pid=0.000 pid_base=0.000 buoyancy_pwm=0 mask_valid=1 mask=0 forward_active=0
[OK]hb
[CTRL] depth_valid=1 depth=-0.000 vz=-0.000 az=-0.000 target_valid=0 target=0.000 pid=0.000 pid_base=0.000 buoyancy_pwm=0 mask_valid=1 mask=0 forward_active=0
[CTRL] depth_valid=1 depth=-0.000 vz=-0.000 az=0.000 target_valid=0 target=0.000 pid=0.000 pid_base=0.000 buoyancy_pwm=0 mask_valid=1 mask=0 forward_active=0
$T,0,0,0,,,,1628,533,964,1196,0*74
[CTRL] depth_valid=1 depth=-0.000 vz=0.000 az=0.000 target_valid=0 target=0.000 pid=0.000 pid_base=0.000 buoyancy_pwm=0 mask_valid=1 mask=0 forward_active=0
[CTRL] depth_valid=1 depth=0.000 vz=0.000 az=0.000 target_valid=0 target=0.000 pid=0.000 pid_base=0.000 buoyancy_pwm=0 mask_valid=1 mask=0 forward_active=0
[CTRL] depth_valid=1 depth=0.000 vz=0.000 az=0.000 target_valid=0 target=0.000 pid=0.000 pid_base=0.000 buoyancy_pwm=0 mask_valid=1 mask=0 forward_active=0
[CTRL] depth_valid=1 depth=0.000 vz=0.000 az=0.000 target_valid=0 target=0.000 pid=0.000 pid_base=0.000 buoyancy_pwm=0 mask_valid=1 mask=0 forward_active=0
$T,0,0,0,,,,1628,533,964,1192,0*70
[CTRL] depth_valid=1 depth=0.000 vz=0.000 az=0.000 target_valid=0 target=0.000 pid=0.000 pid_base=0.000 buoyancy_pwm=0 mask_valid=1 mask=0 forward_active=0
[CTRL] depth_valid=1 depth=0.000 vz=-0.000 az=-0.000 target_valid=0 target=0.000 pid=0.000 pid_base=0.000 buoyancy_pwm=0 mask_valid=1 mask=0 forward_active=0
[CTRL] depth_valid=1 depth=-0.000 vz=-0.000 az=-0.000 target_valid=0 target=0.000 pid=0.000 pid_base=0.000 buoyancy_pwm=0 mask_valid=1 mask=0 forward_active=0
[CTRL] depth_valid=1 depth=-0.000 vz=-0.000 az=-0.000 target_valid=0 target=0.000 pid=0.000 pid_base=0.000 buoyancy_pwm=0 mask_valid=1 mask=0 forward_active=0
$T,0,0,0,,,,1628,533,964,1192,0*70
[OK]hb
[CTRL] depth_valid=1 depth=-0.000 vz=-0.000 az=-0.000 target_valid=0 target=0.000 pid=0.000 pid_base=0.000 buoyancy_pwm=0 mask_valid=1 mask=0 forward_active=0
[CTRL] depth_valid=1 depth=-0.000 vz=-0.000 az=0.000 target_valid=0 target=0.000 pid=0.000 pid_base=0.000 buoyancy_pwm=0 mask_valid=1 mask=0 forward_active=0
[CTRL] depth_valid=1 depth=-0.000 vz=0.000 az=0.000 target_valid=0 target=0.000 pid=0.000 pid_base=0.000 buoyancy_pwm=0 mask_valid=1 mask=0 forward_active=0
[CTRL] depth_valid=1 depth=0.000 vz=0.000 az=0.000 target_valid=0 target=0.000 pid=0.000 pid_base=0.000 buoyancy_pwm=0 mask_valid=1 mask=0 forward_active=0
$T,0,0,0,,,,1628,533,964,1194,0*76
[CTRL] depth_valid=1 depth=0.000 vz=0.000 az=0.000 target_valid=0 target=0.000 pid=0.000 pid_base=0.000 buoyancy_pwm=0 mask_valid=1 mask=0 forward_active=0
[CTRL] depth_valid=1 depth=0.000 vz=0.000 az=0.000 target_valid=0 target=0.000 pid=0.000 pid_base=0.000 buoyancy_pwm=0 mask_valid=1 mask=0 forward_active=0
[CTRL] depth_valid=1 depth=0.000 vz=0.000 az=-0.000 target_valid=0 target=0.000 pid=0.000 pid_base=0.000 buoyancy_pwm=0 mask_valid=1 mask=0 forward_active=0
[CTRL] depth_valid=1 depth=0.000 vz=-0.000 az=-0.000 target_valid=0 target=0.000 pid=0.000 pid_base=0.000 buoyancy_pwm=0 mask_valid=1 mask=0 forward_active=0
$T,0,0,0,,,,1628,533,964,1194,0*76
[CTRL] depth_valid=1 depth=-0.000 vz=-0.000 az=-0.000 target_valid=0 target=0.000 pid=0.000 pid_base=0.000 buoyancy_pwm=0 mask_valid=1 mask=0 forward_active=0
[CTRL] depth_valid=1 depth=-0.000 vz=-0.000 az=-0.000 target_valid=0 target=0.000 pid=0.000 pid_base=0.000 buoyancy_pwm=0 mask_valid=1 mask=0 forward_active=0
[OK]hb
[CTRL] depth_valid=1 depth=-0.000 vz=-0.000 az=-0.000 target_valid=0 target=0.000 pid=0.000 pid_base=0.000 buoyancy_pwm=0 mask_valid=1 mask=0 forward_active=0
[CTRL] depth_valid=1 depth=-0.000 vz=-0.000 az=-0.000 target_valid=0 target=0.000 pid=0.000 pid_base=0.000 buoyancy_pwm=0 mask_valid=1 mask=0 forward_active=0
$T,0,0,0,,,,1628,533,964,1193,0*71
[CTRL] depth_valid=1 depth=-0.000 vz=-0.000 az=0.000 target_valid=0 target=0.000 pid=0.000 pid_base=0.000 buoyancy_pwm=0 mask_valid=1 mask=0 forward_active=0
[CTRL] depth_valid=1 depth=0.000 vz=0.000 az=0.000 target_valid=0 target=0.000 pid=0.000 pid_base=0.000 buoyancy_pwm=0 mask_valid=1 mask=0 forward_active=0
[CTRL] depth_valid=1 depth=0.000 vz=0.000 az=0.000 target_valid=0 target=0.000 pid=0.000 pid_base=0.000 buoyancy_pwm=0 mask_valid=1 mask=0 forward_active=0
[CTRL] depth_valid=1 depth=0.000 vz=0.000 az=0.000 target_valid=0 target=0.000 pid=0.000 pid_base=0.000 buoyancy_pwm=0 mask_valid=1 mask=0 forward_active=0
$T,0,0,0,,,,1628,533,964,1194,0*76
[CTRL] depth_valid=1 depth=0.000 vz=0.000 az=0.000 target_valid=0 target=0.000 pid=0.000 pid_base=0.000 buoyancy_pwm=0 mask_valid=1 mask=0 forward_active=0
[CTRL] depth_valid=1 depth=0.000 vz=-0.000 az=-0.000 target_valid=0 target=0.000 pid=0.000 pid_base=0.000 buoyancy_pwm=0 mask_valid=1 mask=0 forward_active=0
[CTRL] depth_valid=1 depth=-0.000 vz=-0.000 az=-0.000 target_valid=0 target=0.000 pid=0.000 pid_base=0.000 buoyancy_pwm=0 mask_valid=1 mask=0 forward_active=0
[CTRL] depth_valid=1 depth=-0.000 vz=-0.000 az=-0.000 target_valid=0 target=0.000 pid=0.000 pid_base=0.000 buoyancy_pwm=0 mask_valid=1 mask=0 forward_active=0
$T,0,0,0,,,,1628,533,964,1194,0*76
[OK]hb
[CTRL] depth_valid=1 depth=-0.000 vz=-0.000 az=-0.000 target_valid=0 target=0.000 pid=0.000 pid_base=0.000 buoyancy_pwm=0 mask_valid=1 mask=0 forward_active=0
[CTRL] depth_valid=1 depth=-0.000 vz=-0.000 az=0.000 target_valid=0 target=0.000 pid=0.000 pid_base=0.000 buoyancy_pwm=0 mask_valid=1 mask=0 forward_active=0
[CTRL] depth_valid=1 depth=-0.000 vz=0.000 az=0.000 target_valid=0 target=0.000 pid=0.000 pid_base=0.000 buoyancy_pwm=0 mask_valid=1 mask=0 forward_active=0
[CTRL] depth_valid=1 depth=0.000 vz=0.000 az=0.000 target_valid=0 target=0.000 pid=0.000 pid_base=0.000 buoyancy_pwm=0 mask_valid=1 mask=0 forward_active=0
$T,0,0,0,,,,1628,533,964,1191,0*73
[CTRL] depth_valid=1 depth=0.000 vz=0.000 az=0.000 target_valid=0 target=0.000 pid=0.000 pid_base=0.000 buoyancy_pwm=0 mask_valid=1 mask=0 forward_active=0
[CTRL] depth_valid=1 depth=0.000 vz=0.000 az=0.000 target_valid=0 target=0.000 pid=0.000 pid_base=0.000 buoyancy_pwm=0 mask_valid=1 mask=0 forward_active=0
[CTRL] depth_valid=1 depth=0.000 vz=0.000 az=-0.000 target_valid=0 target=0.000 pid=0.000 pid_base=0.000 buoyancy_pwm=0 mask_valid=1 mask=0 forward_active=0
[CTRL] depth_valid=1 depth=0.000 vz=-0.000 az=-0.000 target_valid=0 target=0.000 pid=0.000 pid_base=0.000 buoyancy_pwm=0 mask_valid=1 mask=0 forward_active=0
$T,0,0,0,,,,1628,533,964,1195,0*77
[CTRL] depth_valid=1 depth=-0.000 vz=-0.000 az=-0.000 target_valid=0 target=0.000 pid=0.000 pid_base=0.000 buoyancy_pwm=0 mask_valid=1 mask=0 forward_active=0
[CTRL] depth_valid=1 depth=-0.000 vz=-0.000 az=-0.000 target_valid=0 target=0.000 pid=0.000 pid_base=0.000 buoyancy_pwm=0 mask_valid=1 mask=0 forward_active=0
[OK]hb
[CTRL] depth_valid=1 depth=-0.000 vz=-0.000 az=-0.000 target_valid=0 target=0.000 pid=0.000 pid_base=0.000 buoyancy_pwm=0 mask_valid=1 mask=0 forward_active=0
[CTRL] depth_valid=1 depth=-0.000 vz=-0.000 az=-0.000 target_valid=0 target=0.000 pid=0.000 pid_base=0.000 buoyancy_pwm=0 mask_valid=1 mask=0 forward_active=0
$T,0,0,0,,,,1628,533,964,1195,0*77
[CTRL] depth_valid=1 depth=-0.000 vz=-0.000 az=0.000 target_valid=0 target=0.000 pid=0.000 pid_base=0.000 buoyancy_pwm=0 mask_valid=1 mask=0 forward_active=0
[CTRL] depth_valid=1 depth=-0.000 vz=0.000 az=0.000 target_valid=0 target=0.000 pid=0.000 pid_base=0.000 buoyancy_pwm=0 mask_valid=1 mask=0 forward_active=0
[CTRL] depth_valid=1 depth=0.000 vz=0.000 az=0.000 target_valid=0 target=0.000 pid=0.000 pid_base=0.000 buoyancy_pwm=0 mask_valid=1 mask=0 forward_active=0
[CTRL] depth_valid=1 depth=0.000 vz=0.000 az=0.000 target_valid=0 target=0.000 pid=0.000 pid_base=0.000 buoyancy_pwm=0 mask_valid=1 mask=0 forward_active=0
$T,0,0,0,,,,1628,533,964,1195,0*77
[CTRL] depth_valid=1 depth=0.000 vz=0.000 az=0.000 target_valid=0 target=0.000 pid=0.000 pid_base=0.000 buoyancy_pwm=0 mask_valid=1 mask=0 forward_active=0
[CTRL] depth_valid=1 depth=0.000 vz=0.000 az=0.000 target_valid=0 target=0.000 pid=0.000 pid_base=0.000 buoyancy_pwm=0 mask_valid=1 mask=0 forward_active=0
[CTRL] depth_valid=1 depth=0.000 vz=-0.000 az=-0.000 target_valid=0 target=0.000 pid=0.000 pid_base=0.000 buoyancy_pwm=0 mask_valid=1 mask=0 forward_active=0
[CTRL] depth_valid=1 depth=0.384 vz=-0.665 az=-1.315 target_valid=0 target=0.000 pid=0.000 pid_base=0.000 buoyancy_pwm=0 mask_valid=1 mask=0 forward_active=0
$T,3,-6,-13,,,,1628,533,964,1192,0*47
[OK]hb
[CTRL] depth_valid=1 depth=-0.002 vz=-1.347 az=-1.592 target_valid=0 target=0.000 pid=0.000 pid_base=0.000 buoyancy_pwm=0 mask_valid=1 mask=0 forward_active=0
[CTRL] depth_valid=1 depth=-0.127 vz=-0.980 az=-0.761 target_valid=0 target=0.000 pid=0.000 pid_base=0.000 buoyancy_pwm=0 mask_valid=1 mask=0 forward_active=0
[CTRL] depth_valid=1 depth=-0.089 vz=-0.367 az=0.008 target_valid=0 target=0.000 pid=0.000 pid_base=0.000 buoyancy_pwm=0 mask_valid=1 mask=0 forward_active=0
[CTRL] depth_valid=1 depth=-0.028 vz=0.020 az=0.337 target_valid=0 target=0.000 pid=0.000 pid_base=0.000 buoyancy_pwm=0 mask_valid=1 mask=0 forward_active=0
$T,0,0,3,,,,1628,533,964,1193,0*72
[CTRL] depth_valid=1 depth=0.003 vz=0.135 az=0.352 target_valid=0 target=0.000 pid=0.000 pid_base=0.000 buoyancy_pwm=0 mask_valid=1 mask=0 forward_active=0
[CTRL] depth_valid=1 depth=0.017 vz=0.136 az=0.220 target_valid=0 target=0.000 pid=0.000 pid_base=0.000 buoyancy_pwm=0 mask_valid=1 mask=0 forward_active=0
[CTRL] depth_valid=1 depth=0.015 vz=0.082 az=0.103 target_valid=0 target=0.000 pid=0.000 pid_base=0.000 buoyancy_pwm=0 mask_valid=1 mask=0 forward_active=0
[CTRL] depth_valid=1 depth=0.015 vz=0.060 az=0.063 target_valid=0 target=0.000 pid=0.000 pid_base=0.000 buoyancy_pwm=0 mask_valid=1 mask=0 forward_active=0
$T,0,0,0,,,,1628,533,964,1193,0*71
[CTRL] depth_valid=1 depth=0.009 vz=0.026 az=0.017 target_valid=0 target=0.000 pid=0.000 pid_base=0.000 buoyancy_pwm=0 mask_valid=1 mask=0 forward_active=0
[CTRL] depth_valid=1 depth=0.001 vz=-0.004 az=-0.012 target_valid=0 target=0.000 pid=0.000 pid_base=0.000 buoyancy_pwm=0 mask_valid=1 mask=0 forward_active=0
[OK]hb
[CTRL] depth_valid=1 depth=-0.001 vz=-0.006 az=-0.010 target_valid=0 target=0.000 pid=0.000 pid_base=0.000 buoyancy_pwm=0 mask_valid=1 mask=0 forward_active=0
[CTRL] depth_valid=1 depth=-0.001 vz=-0.004 az=-0.005 target_valid=0 target=0.000 pid=0.000 pid_base=0.000 buoyancy_pwm=0 mask_valid=1 mask=0 forward_active=0
$T,0,0,0,,,,1628,533,964,1192,0*70
[CTRL] depth_valid=1 depth=-0.000 vz=-0.001 az=-0.000 target_valid=0 target=0.000 pid=0.000 pid_base=0.000 buoyancy_pwm=0 mask_valid=1 mask=0 forward_active=0
[CTRL] depth_valid=1 depth=-0.000 vz=0.000 az=0.001 target_valid=0 target=0.000 pid=0.000 pid_base=0.000 buoyancy_pwm=0 mask_valid=1 mask=0 forward_active=0
[CTRL] depth_valid=1 depth=0.000 vz=0.000 az=0.001 target_valid=0 target=0.000 pid=0.000 pid_base=0.000 buoyancy_pwm=0 mask_valid=1 mask=0 forward_active=0
[CTRL] depth_valid=1 depth=0.000 vz=0.000 az=0.000 target_valid=0 target=0.000 pid=0.000 pid_base=0.000 buoyancy_pwm=0 mask_valid=1 mask=0 forward_active=0
$T,0,0,0,,,,1628,533,964,1194,0*76
[CTRL] depth_valid=1 depth=0.000 vz=0.000 az=0.000 target_valid=0 target=0.000 pid=0.000 pid_base=0.000 buoyancy_pwm=0 mask_valid=1 mask=0 forward_active=0
[CTRL] depth_valid=1 depth=0.000 vz=0.000 az=0.000 target_valid=0 target=0.000 pid=0.000 pid_base=0.000 buoyancy_pwm=0 mask_valid=1 mask=0 forward_active=0
[CTRL] depth_valid=1 depth=0.000 vz=-0.000 az=-0.000 target_valid=0 target=0.000 pid=0.000 pid_base=0.000 buoyancy_pwm=0 mask_valid=1 mask=0 forward_active=0
[CTRL] depth_valid=1 depth=-0.000 vz=-0.000 az=-0.000 target_valid=0 target=0.000 pid=0.000 pid_base=0.000 buoyancy_pwm=0 mask_valid=1 mask=0 forward_active=0
$T,0,0,0,,,,1628,533,964,1194,0*76
[OK]hb
[CTRL] depth_valid=1 depth=-0.000 vz=-0.000 az=-0.000 target_valid=0 target=0.000 pid=0.000 pid_base=0.000 buoyancy_pwm=0 mask_valid=1 mask=0 forward_active=0
[CTRL] depth_valid=1 depth=-0.000 vz=-0.000 az=-0.000 target_valid=0 target=0.000 pid=0.000 pid_base=0.000 buoyancy_pwm=0 mask_valid=1 mask=0 forward_active=0
[CTRL] depth_valid=1 depth=-0.000 vz=-0.000 az=0.000 target_valid=0 target=0.000 pid=0.000 pid_base=0.000 buoyancy_pwm=0 mask_valid=1 mask=0 forward_active=0
[CTRL] depth_valid=1 depth=-0.000 vz=0.000 az=0.000 target_valid=0 target=0.000 pid=0.000 pid_base=0.000 buoyancy_pwm=0 mask_valid=1 mask=0 forward_active=0
$T,0,0,0,,,,1628,533,964,1193,0*71
[CTRL] depth_valid=1 depth=0.000 vz=0.000 az=0.000 target_valid=0 target=0.000 pid=0.000 pid_base=0.000 buoyancy_pwm=0 mask_valid=1 mask=0 forward_active=0
[CTRL] depth_valid=1 depth=0.000 vz=0.000 az=0.000 target_valid=0 target=0.000 pid=0.000 pid_base=0.000 buoyancy_pwm=0 mask_valid=1 mask=0 forward_active=0
[CTRL] depth_valid=1 depth=0.000 vz=0.000 az=0.000 target_valid=0 target=0.000 pid=0.000 pid_base=0.000 buoyancy_pwm=0 mask_valid=1 mask=0 forward_active=0
[CTRL] depth_valid=1 depth=0.000 vz=0.000 az=-0.000 target_valid=0 target=0.000 pid=0.000 pid_base=0.000 buoyancy_pwm=0 mask_valid=1 mask=0 forward_active=0
$T,0,0,0,,,,1628,533,964,1193,0*71
[CTRL] depth_valid=1 depth=0.000 vz=-0.000 az=-0.000 target_valid=0 target=0.000 pid=0.000 pid_base=0.000 buoyancy_pwm=0 mask_valid=1 mask=0 forward_active=0
[CTRL] depth_valid=1 depth=-0.000 vz=-0.000 az=-0.000 target_valid=0 target=0.000 pid=0.000 pid_base=0.000 buoyancy_pwm=0 mask_valid=1 mask=0 forward_active=0
[OK]hb
[CTRL] depth_valid=1 depth=-0.000 vz=-0.000 az=-0.000 target_valid=0 target=0.000 pid=0.000 pid_base=0.000 buoyancy_pwm=0 mask_valid=1 mask=0 forward_active=0
[CTRL] depth_valid=1 depth=-0.000 vz=-0.000 az=-0.000 target_valid=0 target=0.000 pid=0.000 pid_base=0.000 buoyancy_pwm=0 mask_valid=1 mask=0 forward_active=0
$T,0,0,0,,,,1628,533,964,1193,0*71
[CTRL] depth_valid=1 depth=-0.000 vz=-0.000 az=0.000 target_valid=0 target=0.000 pid=0.000 pid_base=0.000 buoyancy_pwm=0 mask_valid=1 mask=0 forward_active=0
[CTRL] depth_valid=1 depth=-0.000 vz=0.000 az=0.000 target_valid=0 target=0.000 pid=0.000 pid_base=0.000 buoyancy_pwm=0 mask_valid=1 mask=0 forward_active=0
[CTRL] depth_valid=1 depth=0.000 vz=0.000 az=0.000 target_valid=0 target=0.000 pid=0.000 pid_base=0.000 buoyancy_pwm=0 mask_valid=1 mask=0 forward_active=0
[CTRL] depth_valid=1 depth=0.000 vz=0.000 az=0.000 target_valid=0 target=0.000 pid=0.000 pid_base=0.000 buoyancy_pwm=0 mask_valid=1 mask=0 forward_active=0

OTA start (HTTP upload)
$T,0,0,0,,,,1628,533,964,1193,0*71
[CTRL] depth_valid=1 depth=0.000 vz=0.000 az=0.000 target_valid=0 target=0.000 pid=0.000 pid_base=0.000 buoyancy_pwm=0 mask_valid=1 mask=0 forward_active=0
[CTRL] depth_valid=1 depth=0.000 vz=0.000 az=0.000 target_valid=0 target=0.000 pid=0.000 pid_base=0.000 buoyancy_pwm=0 mask_valid=1 mask=0 forward_active=0
[OK]hb
[CTRL] depth_valid=1 depth=0.000 vz=0.000 az=-0.000 target_valid=0 target=0.000 pid=0.000 pid_base=0.000 buoyancy_pwm=0 mask_valid=1 mask=0 forward_active=0
[CTRL] depth_valid=1 depth=0.000 vz=-0.000 az=-0.000 target_valid=0 target=0.000 pid=0.000 pid_base=0.000 buoyancy_pwm=0 mask_valid=1 mask=0 forward_active=0
$T,0,0,0,,,,1628,533,964,1202,0*7A
[CTRL] depth_valid=1 depth=-0.000 vz=-0.000 az=-0.000 target_valid=0 target=0.000 pid=0.000 pid_base=0.000 buoyancy_pwm=0 mask_valid=1 mask=0 forward_active=0
[CTRL] depth_valid=1 depth=-0.000 vz=-0.000 az=-0.000 target_valid=0 target=0.000 pid=0.000 pid_base=0.000 buoyancy_pwm=0 mask_valid=1 mask=0 forward_active=0
[CTRL] depth_valid=1 depth=-0.000 vz=-0.000 az=-0.000 target_valid=0 target=0.000 pid=0.000 pid_base=0.000 buoyancy_pwm=0 mask_valid=1 mask=0 forward_active=0
[CTRL] depth_valid=1 depth=-0.000 vz=-0.000 az=0.000 target_valid=0 target=0.000 pid=0.000 pid_base=0.000 buoyancy_pwm=0 mask_valid=1 mask=0 forward_active=0
$T,0,0,0,,,,1628,533,964,1202,0*7A
[CTRL] depth_valid=1 depth=-0.000 vz=0.000 az=0.000 target_valid=0 target=0.000 pid=0.000 pid_base=0.000 buoyancy_pwm=0 mask_valid=1 mask=0 forward_active=0
[CTRL] depth_valid=1 depth=0.000 vz=0.000 az=0.000 target_valid=0 target=0.000 pid=0.000 pid_base=0.000 buoyancy_pwm=0 mask_valid=1 mask=0 forward_active=0
[CTRL] depth_valid=1 depth=0.000 vz=0.000 az=0.000 target_valid=0 target=0.000 pid=0.000 pid_base=0.000 buoyancy_pwm=0 mask_valid=1 mask=0 forward_active=0
[CTRL] depth_valid=1 depth=0.000 vz=0.000 az=0.000 target_valid=0 target=0.000 pid=0.000 pid_base=0.000 buoyancy_pwm=0 mask_valid=1 mask=0 forward_active=0
[OK]hb
$T,0,0,0,,,,1628,533,964,1196,0*74
[CTRL] depth_valid=1 depth=0.000 vz=0.000 az=-0.000 target_valid=0 target=0.000 pid=0.000 pid_base=0.000 buoyancy_pwm=0 mask_valid=1 mask=0 forward_active=0
[CTRL] depth_valid=1 depth=0.000 vz=-0.000 az=-0.000 target_valid=0 target=0.000 pid=0.000 pid_base=0.000 buoyancy_pwm=0 mask_valid=1 mask=0 forward_active=0
[CTRL] depth_valid=1 depth=-0.000 vz=-0.000 az=-0.000 target_valid=0 target=0.000 pid=0.000 pid_base=0.000 buoyancy_pwm=0 mask_valid=1 mask=0 forward_active=0
OTA success, rebooting...
[CTRL] depth_valid=1 depth=-0.000 vz=-0.000 az=-0.000 target_valid=0 target=0.000 pid=0.000 pid_base=0.000 buoyancy_pwm=0 mask_valid=1 mask=0 forward_active=0
HTTP: http://192.168.0.183  (文件管理 / OTA 升级)
系统就绪，输入 h 查看命令列表。

[PARAM] 0 fwd_interval = 700
[PARAM] 1 fwd_bal_delay = 10
[PARAM] 2 fwd_bal_time = 800
[PARAM] 3 fwd_bal_alt = 200
[PARAM] 4 turn_duration = 1000
[PARAM] 5 turn_bal_delay = 10
[PARAM] 6 turn_bal_time = 200
[PARAM] 7 turn_bal_alt = 100
[PARAM] 8 global_bal_time = 5000
[PARAM] 9 global_bal_alt = 500
[PARM] 10 buoy_bal_alt = 500
[PARAM] 11 valve_guard = 200
[PARAM] 12 pwm_period_100us = 200
[PARAM] 13 link_timeout = 1000
[CTRL] depth_valid=0 depth=0.000 vz=0.000 az=0.000 target_valid=0 target=0.000 pid=0.000 pid_base=0.000 buoyancy_pwm=0 mask_valid=1 mask=0 forward_active=0
[CTRL] depth_valid=0 depth=0.000 vz=0.000 az=0.000 target_valid=0 target=0.000 pid=0.000 pid_base=0.000 buoyancy_pwm=0 mask_valid=1 mask=0 forward_active=0
[OK]hb
Startup depth auto-calibration complete.
[CTRL] depth_valid=1 depth=0.000 vz=0.000 az=0.000 target_valid=0 target=0.000 pid=0.000 pid_base=0.000 buoyancy_pwm=0 mask_valid=1 mask=0 forward_active=0
[CTRL] depth_valid=1 depth=0.014 vz=-0.011 az=-0.001 target_valid=0 target=0.000 pid=0.000 pid_base=0.000 buoyancy_pwm=0 mask_valid=1 mask=0 forward_active=0
[CTRL] depth_valid=1 depth=0.025 vz=0.001 az=-0.001 target_valid=0 target=0.000 pid=0.000 pid_base=0.000 buoyancy_pwm=0 mask_valid=1 mask=0 forward_active=0
$T,0,0,0,,,,1628,533,964,1200,0*78
[CTRL] depth_valid=1 depth=0.052 vz=0.031 az=0.010 target_valid=0 target=0.000 pid=0.000 pid_base=0.000 buoyancy_pwm=0 mask_valid=1 mask=0 forward_active=0
[CTRL] depth_valid=1 depth=0.030 vz=-0.022 az=-0.028 target_valid=0 target=0.000 pid=0.000 pid_base=0.000 buoyancy_pwm=0 mask_valid=1 mask=0 forward_active=0
[CTRL] depth_valid=1 depth=0.062 vz=0.037 az=0.020 target_valid=0 target=0.000 pid=0.000 pid_base=0.000 buoyancy_pwm=0 mask_valid=1 mask=0 forward_active=0
[OK]hb
[CTRL] depth_valid=1 depth=0.071 vz=0.043 az=0.022 target_valid=0 target=0.000 pid=0.000 pid_base=0.000 buoyancy_pwm=0 mask_valid=1 mask=0 forward_active=0
$T,0,0,0,,,,1628,533,964,1196,0*74
[CTRL] depth_valid=1 depth=0.047 vz=-0.022 az=-0.039 target_valid=0 target=0.000 pid=0.000 pid_base=0.000 buoyancy_pwm=0 mask_valid=1 mask=0 forward_active=0
[CTRL] depth_valid=1 depth=0.061 vz=0.006 az=-0.008 target_valid=0 target=0.000 pid=0.000 pid_base=0.000 buoyancy_pwm=0 mask_valid=1 mask=0 forward_active=0
[CTRL] depth_valid=1 depth=0.068 vz=0.013 az=-0.001 target_valid=0 target=0.000 pid=0.000 pid_base=0.000 buoyancy_pwm=0 mask_valid=1 mask=0 forward_active=0
[CTRL] depth_valid=1 depth=0.039 vz=-0.041 az=-0.039 target_valid=0 target=0.000 pid=0.000 pid_base=0.000 buoyancy_pwm=0 mask_valid=1 mask=0 forward_active=0
$T,0,0,0,,,,1628,533,964,1194,0*76
[CTRL] depth_valid=1 depth=0.045 vz=-0.002 az=0.013 target_valid=0 target=0.000 pid=0.000 pid_base=0.000 buoyancy_pwm=0 mask_valid=1 mask=0 forward_active=0
[CTRL] depth_valid=1 depth=0.072 vz=0.047 az=0.043 target_valid=0 target=0.000 pid=0.000 pid_base=0.000 buoyancy_pwm=0 mask_valid=1 mask=0 forward_active=0
[CTRL] depth_valid=1 depth=0.056 vz=-0.026 az=-0.048 target_valid=0 target=0.000 pid=0.000 pid_base=0.000 buoyancy_pwm=0 mask_valid=1 mask=0 forward_active=0
[CTRL] depth_valid=1 depth=0.026 vz=-0.069 az=-0.067 target_valid=0 target=0.000 pid=0.000 pid_base=0.000 buoyancy_pwm=0 mask_valid=1 mask=0 forward_active=0
$T,0,0,0,,,,1628,533,964,1194,0*76
[OK]hb
[CTRL] depth_valid=1 depth=0.043 vz=-0.006 az=0.006 target_valid=0 target=0.000 pid=0.000 pid_base=0.000 buoyancy_pwm=0 mask_valid=1 mask=0 forward_active=0
[CTRL] depth_valid=1 depth=0.045 vz=-0.017 az=-0.019 target_valid=0 target=0.000 pid=0.000 pid_base=0.000 buoyancy_pwm=0 mask_valid=1 mask=0 forward_active=0
[CTRL] depth_valid=1 depth=0.068 vz=0.029 az=0.020 target_valid=0 target=0.000 pid=0.000 pid_base=0.000 buoyancy_pwm=0 mask_valid=1 mask=0 forward_active=0
[CTRL] depth_valid=1 depth=0.076 vz=0.022 az=0.002 target_valid=0 target=0.000 pid=0.000 pid_base=0.000 buoyancy_pwm=0 mask_valid=1 mask=0 forward_active=0
$T,0,0,0,,,,1628,533,963,1195,0*70
[CTRL] depth_valid=1 depth=0.060 vz=-0.031 az=-0.053 target_valid=0 target=0.000 pid=0.000 pid_base=0.000 buoyancy_pwm=0 mask_valid=1 mask=0 forward_active=0
[CTRL] depth_valid=1 depth=0.050 vz=-0.038 az=-0.040 target_valid=0 target=0.000 pid=0.000 pid_base=0.000 buoyancy_pwm=0 mask_valid=1 mask=0 forward_active=0
[CTRL] depth_valid=1 depth=0.028 vz=-0.064 az=-0.051 target_valid=0 target=0.000 pid=0.000 pid_base=0.000 buoyancy_pwm=0 mask_valid=1 mask=0 forward_active=0
[CTRL] depth_valid=1 depth=0.100 vz=0.130 az=0.146 target_valid=0 target=0.000 pid=0.000 pid_base=0.000 buoyancy_pwm=0 mask_valid=1 mask=0 forward_active=0
$T,0,1,1,,,,1628,533,962,1196,0*72
[CTRL] depth_valid=1 depth=0.071 vz=0.013 az=0.000 target_valid=0 target=0.000 pid=0.000 pid_base=0.000 buoyancy_pwm=0 mask_valid=1 mask=0 forward_active=0
[CTRL] depth_valid=1 depth=0.026 vz=-0.088 az=-0.088 target_valid=0 target=0.000 pid=0.000 pid_base=0.000 buoyancy_pwm=0 mask_valid=1 mask=0 forward_active=0
[CTRL] depth_valid=1 depth=0.055 vz=0.014 az=0.029 target_valid=0 target=0.000 pid=0.000 pid_base=0.000 buoyancy_pwm=0 mask_valid=1 mask=0 forward_active=0
[OK]hb
[CTRL] depth_valid=1 depth=0.042 vz=-0.022 az=-0.016 target_valid=0 target=0.000 pid=0.000 pid_base=0.000 buoyancy_pwm=0 mask_valid=1 mask=0 forward_active=0
$T,0,0,0,,,,1628,533,962,1196,0*72
[CTRL] depth_valid=1 depth=0.040 vz=-0.013 az=-0.003 target_valid=0 target=0.000 pid=0.000 pid_base=0.000 buoyancy_pwm=0 mask_valid=1 mask=0 forward_active=0
[CTRL] depth_valid=1 depth=0.036 vz=-0.017 az=-0.010 target_valid=0 target=0.000 pid=0.000 pid_base=0.000 buoyancy_pwm=0 mask_valid=1 mask=0 forward_active=0
[CTRL] depth_valid=1 depth=0.041 vz=-0.001 az=0.006 target_valid=0 target=0.000 pid=0.000 pid_base=0.000 buoyancy_pwm=0 mask_valid=1 mask=0 forward_active=0
[CTRL] depth_valid=1 depth=0.028 vz=-0.022 az=-0.012 target_valid=0 target=0.000 pid=0.000 pid_base=0.000 buoyancy_pwm=0 mask_valid=1 mask=0 forward_active=0
$T,0,0,0,,,,1628,533,962,1194,0*70
[CTRL] depth_valid=1 depth=0.039 vz=0.003 az=0.005 target_valid=0 target=0.000 pid=0.000 pid_base=0.000 buoyancy_pwm=0 mask_valid=1 mask=0 forward_active=0
[CTRL] depth_valid=1 depth=0.037 vz=-0.008 az=-0.011 target_valid=0 target=0.000 pid=0.000 pid_base=0.000 buoyancy_pwm=0 mask_valid=1 mask=0 forward_active=0
[CTRL] depth_valid=1 depth=0.072 vz=0.058 az=0.042 target_valid=0 target=0.000 pid=0.000 pid_base=0.000 buoyancy_pwm=0 mask_valid=1 mask=0 forward_active=0
[CTRL] depth_valid=1 depth=0.040 vz=-0.037 az=-0.056 target_valid=0 target=0.000 pid=0.000 pid_base=0.000 buoyancy_pwm=0 mask_valid=1 mask=0 forward_active=0
$T,0,0,0,,,,1628,533,962,1197,0*73
[CTRL] depth_valid=1 depth=0.026 vz=-0.052 az=-0.052 target_valid=0 target=0.000 pid=0.000 pid_base=0.000 buoyancy_pwm=0 mask_valid=1 mask=0 forward_active=0
[OK]hb
[CTRL] depth_valid=1 depth=0.029 vz=-0.028 az=-0.019 target_valid=0 target=0.000 pid=0.000 pid_base=0.000 buoyancy_pwm=0 mask_valid=1 mask=0 forward_active=0
[CTRL] depth_valid=1 depth=0.006 vz=-0.067 az=-0.053 target_valid=0 target=0.000 pid=0.000 pid_base=0.000 buoyancy_pwm=0 mask_valid=1 mask=0 forward_active=0
[CTRL] depth_valid=1 depth=0.018 vz=-0.011 az=0.009 target_valid=0 target=0.000 pid=0.000 pid_base=0.000 buoyancy_pwm=0 mask_valid=1 mask=0 forward_active=0
$T,0,0,0,,,,1628,533,961,1193,0*74
[CTRL] depth_valid=1 depth=0.025 vz=0.012 az=0.024 target_valid=0 target=0.000 pid=0.000 pid_base=0.000 buoyancy_pwm=0 mask_valid=1 mask=0 forward_active=0
[CTRL] depth_valid=1 depth=0.034 vz=0.015 az=0.010 target_valid=0 target=0.000 pid=0.000 pid_base=0.000 buoyancy_pwm=0 mask_valid=1 mask=0 forward_active=0
[CTRL] depth_valid=1 depth=0.044 vz=0.013 az=-0.005 target_valid=0 target=0.000 pid=0.000 pid_base=0.000 buoyancy_pwm=0 mask_valid=1 mask=0 forward_active=0
[CTRL] depth_valid=1 depth=0.015 vz=-0.052 az=-0.059 target_valid=0 target=0.000 pid=0.000 pid_base=0.000 buoyancy_pwm=0 mask_valid=1 mask=0 forward_active=0
$T,0,0,0,,,,1628,533,961,1195,0*72
[CTRL] depth_valid=1 depth=0.047 vz=0.030 az=0.027 target_valid=0 target=0.000 pid=0.000 pid_base=0.000 buoyancy_pwm=0 mask_valid=1 mask=0 forward_active=0
[CTRL] depth_valid=1 depth=0.048 vz=0.013 az=0.000 target_valid=0 target=0.000 pid=0.000 pid_base=0.000 buoyancy_pwm=0 mask_valid=1 mask=0 forward_active=0
[CTRL] depth_valid=1 depth=0.051 vz=0.012 az=0.002 target_valid=0 target=0.000 pid=0.000 pid_base=0.000 buoyancy_pwm=0 mask_valid=1 mask=0 forward_active=0
[OK]hb
[CTRL] depth_valid=1 depth=0.052 vz=0.010 az=-0.000 target_valid=0 target=0.000 pid=0.000 pid_base=0.000 buoyancy_pwm=0 mask_valid=1 mask=0 forward_active=0
$T,0,0,0,,,,1628,533,961,1196,0*71
[CTRL] depth_valid=1 depth=0.038 vz=-0.015 az=-0.016 target_valid=0 target=0.000 pid=0.000 pid_base=0.000 buoyancy_pwm=0 mask_valid=1 mask=0 forward_active=0
[CTRL] depth_valid=1 depth=0.045 vz=0.029 az=0.042 target_valid=0 target=0.000 pid=0.000 pid_base=0.000 buoyancy_pwm=0 mask_valid=1 mask=0 forward_active=0
[CTRL] depth_valid=1 depth=0.083 vz=0.091 az=0.079 target_valid=0 target=0.000 pid=0.000 pid_base=0.000 buoyancy_pwm=0 mask_valid=1 mask=0 forward_active=0
[CTRL] depth_valid=1 depth=0.072 vz=0.005 az=-0.032 target_valid=0 target=0.000 pid=0.000 pid_base=0.000 buoyancy_pwm=0 mask_valid=1 mask=0 forward_active=0
$T,0,0,0,,,,1628,533,961,1196,0*71
[CTRL] depth_valid=1 depth=0.084 vz=0.020 az=-0.012 target_valid=0 target=0.000 pid=0.000 pid_base=0.000 buoyancy_pwm=0 mask_valid=1 mask=0 forward_active=0
[CTRL] depth_valid=1 depth=0.064 vz=-0.048 az=-0.076 target_valid=0 target=0.000 pid=0.000 pid_base=0.000 buoyancy_pwm=0 mask_valid=1 mask=0 forward_active=0
[CTRL] depth_valid=1 depth=0.038 vz=-0.094 az=-0.100 target_valid=0 target=0.000 pid=0.000 pid_base=0.000 buoyancy_pwm=0 mask_valid=1 mask=0 forward_active=0
[CTRL] depth_valid=1 depth=0.040 vz=-0.055 az=-0.046 target_valid=0 target=0.000 pid=0.000 pid_base=0.000 buoyancy_pwm=0 mask_valid=1 mask=0 forward_active=0
$T,0,0,0,,,,1628,533,961,1194,0*73
[CTRL] depth_valid=1 depth=0.060 vz=0.008 az=0.019 target_valid=0 target=0.000 pid=0.000 pid_base=0.000 buoyancy_pwm=0 mask_valid=1 mask=0 forward_active=0
[OK]hb
[CTRL] depth_valid=1 depth=0.051 vz=-0.027 az=-0.030 target_valid=0 target=0.000 pid=0.000 pid_base=0.000 buoyancy_pwm=0 mask_valid=1 mask=0 forward_active=0
[CTRL] depth_valid=1 depth=0.065 vz=0.020 az=0.023 target_valid=0 target=0.000 pid=0.000 pid_base=0.000 buoyancy_pwm=0 mask_valid=1 mask=0 forward_active=0
[CTRL] depth_valid=1 depth=0.069 vz=0.013 az=0.006 target_valid=0 target=0.000 pid=0.000 pid_base=0.000 buoyancy_pwm=0 mask_valid=1 mask=0 forward_active=0
$T,0,0,0,,,,1628,533,961,1197,0*70
[CTRL] depth_valid=1 depth=0.074 vz=0.011 az=-0.001 target_valid=0 target=0.000 pid=0.000 pid_base=0.000 buoyancy_pwm=0 mask_valid=1 mask=0 forward_active=0
[CTRL] depth_valid=1 depth=0.028 vz=-0.097 az=-0.101 target_valid=0 target=0.000 pid=0.000 pid_base=0.000 buoyancy_pwm=0 mask_valid=1 mask=0 forward_active=0
[CTRL] depth_valid=1 depth=0.080 vz=0.042 az=0.040 target_valid=0 target=0.000 pid=0.000 pid_base=0.000 buoyancy_pwm=0 mask_valid=1 mask=0 forward_active=0
[CTRL] depth_valid=1 depth=0.054 vz=-0.033 az=-0.039 target_valid=0 target=0.000 pid=0.000 pid_base=0.000 buoyancy_pwm=0 mask_valid=1 mask=0 forward_active=0
$T,0,0,0,,,,1628,533,961,1197,0*70
[CTRL] depth_valid=1 depth=0.067 vz=-0.003 az=-0.010 target_valid=0 target=0.000 pid=0.000 pid_base=0.000 buoyancy_pwm=0 mask_valid=1 mask=0 forward_active=0
[CTRL] depth_valid=1 depth=0.046 vz=-0.044 az=-0.043 target_valid=0 target=0.000 pid=0.000 pid_base=0.000 buoyancy_pwm=0 mask_valid=1 mask=0 forward_active=0
[CTRL] depth_valid=1 depth=0.003 vz=-0.106 az=-0.080 target_valid=0 target=0.000 pid=0.000 pid_base=0.000 buoyancy_pwm=0 mask_valid=1 mask=0 forward_active=0
[OK]hb
[CTRL] depth_valid=1 depth=0.048 vz=0.034 az=0.057 target_valid=0 target=0.000 pid=0.000 pid_base=0.000 buoyancy_pwm=0 mask_valid=1 mask=0 forward_active=0
$T,0,0,0,,,,1628,533,961,1201,0*7C
[CTRL] depth_valid=1 depth=0.039 vz=-0.008 az=-0.006 target_valid=0 target=0.000 pid=0.000 pid_base=0.000 buoyancy_pwm=0 mask_valid=1 mask=0 forward_active=0
[CTRL] depth_valid=1 depth=0.040 vz=-0.006 az=-0.007 target_valid=0 target=0.000 pid=0.000 pid_base=0.000 buoyancy_pwm=0 mask_valid=1 mask=0 forward_active=0
[CTRL] depth_valid=1 depth=0.050 vz=-0.017 az=-0.040 target_valid=0 target=0.000 pid=0.000 pid_base=0.000 buoyancy_pwm=0 mask_valid=1 mask=0 forward_active=0
[CTRL] depth_valid=1 depth=0.060 vz=0.011 az=0.001 target_valid=0 target=0.000 pid=0.000 pid_base=0.000 buoyancy_pwm=0 mask_valid=1 mask=0 forward_active=0
$T,0,0,0,,,,1628,533,961,1201,0*7C
[CTRL] depth_valid=1 depth=0.057 vz=-0.008 az=-0.021 target_valid=0 target=0.000 pid=0.000 pid_base=0.000 buoyancy_pwm=0 mask_valid=1 mask=0 forward_active=0
[CTRL] depth_valid=1 depth=0.052 vz=-0.019 az=-0.025 target_valid=0 target=0.000 pid=0.000 pid_base=0.000 buoyancy_pwm=0 mask_valid=1 mask=0 forward_active=0
[CTRL] depth_valid=1 depth=0.081 vz=0.038 az=0.025 target_valid=0 target=0.000 pid=0.000 pid_base=0.000 buoyancy_pwm=0 mask_valid=1 mask=0 forward_active=0
[CTRL] depth_valid=1 depth=0.047 vz=-0.055 az=-0.068 target_valid=0 target=0.000 pid=0.000 pid_base=0.000 buoyancy_pwm=0 mask_valid=1 mask=0 forward_active=0
$T,0,0,0,,,,1628,533,961,1197,0*70
[OK]hb
[CTRL] depth_valid=1 depth=0.040 vz=-0.053 az=-0.051 target_valid=0 target=0.000 pid=0.000 pid_base=0.000 buoyancy_pwm=0 mask_valid=1 mask=0 forward_active=0
[CTRL] depth_valid=1 depth=0.069 vz=0.036 az=0.044 target_valid=0 target=0.000 pid=0.000 pid_base=0.000 buoyancy_pwm=0 mask_valid=1 mask=0 forward_active=0
[CTRL] depth_valid=1 depth=0.073 vz=0.020 az=0.010 target_valid=0 target=0.000 pid=0.000 pid_base=0.000 buoyancy_pwm=0 mask_valid=1 mask=0 forward_active=0
[CTRL] depth_valid=1 depth=0.028 vz=-0.064 az=-0.057 target_valid=0 target=0.000 pid=0.000 pid_base=0.000 buoyancy_pwm=0 mask_valid=1 mask=0 forward_active=0
$T,0,0,0,,,,1628,533,961,1196,0*71
[CTRL] depth_valid=1 depth=0.035 vz=-0.017 az=0.002 target_valid=0 target=0.000 pid=0.000 pid_base=0.000 buoyancy_pwm=0 mask_valid=1 mask=0 forward_active=0
[CTRL] depth_valid=1 depth=0.039 vz=0.009 az=0.028 target_valid=0 target=0.000 pid=0.000 pid_base=0.000 buoyancy_pwm=0 mask_valid=1 mask=0 forward_active=0
[CTRL] depth_valid=1 depth=0.048 vz=0.029 az=0.039 target_valid=0 target=0.000 pid=0.000 pid_base=0.000 buoyancy_pwm=0 mask_valid=1 mask=0 forward_active=0
[CTRL] depth_valid=1 depth=0.027 vz=-0.029 az=-0.027 target_valid=0 target=0.000 pid=0.000 pid_base=0.000 buoyancy_pwm=0 mask_valid=1 mask=0 forward_active=0
$T,0,0,0,,,,1628,533,961,1197,0*70
[CTRL] depth_valid=1 depth=0.052 vz=0.037 az=0.039 target_valid=0 target=0.000 pid=0.000 pid_base=0.000 buoyancy_pwm=0 mask_valid=1 mask=0 forward_active=0
[CTRL] depth_valid=1 depth=0.067 vz=0.051 az=0.041 target_valid=0 target=0.000 pid=0.000 pid_base=0.000 buoyancy_pwm=0 mask_valid=1 mask=0 forward_active=0
[CTRL] depth_valid=1 depth=0.037 vz=-0.049 az=-0.068 target_valid=0 target=0.000 pid=0.000 pid_base=0.000 buoyancy_pwm=0 mask_valid=1 mask=0 forward_active=0
[OK]hb
[CTRL] depth_valid=1 depth=0.090 vz=0.071 az=0.052 target_valid=0 target=0.000 pid=0.000 pid_base=0.000 buoyancy_pwm=0 mask_valid=1 mask=0 forward_active=0
$T,0,0,0,,,,1628,533,961,1202,0*7F
[CTRL] depth_valid=1 depth=0.008 vz=-0.129 az=-0.134 target_valid=0 target=0.000 pid=0.000 pid_base=0.000 buoyancy_pwm=0 mask_valid=1 mask=0 forward_active=0
[CTRL] depth_valid=1 depth=0.052 vz=0.020 az=0.035 target_valid=0 target=0.000 pid=0.000 pid_base=0.000 buoyancy_pwm=0 mask_valid=1 mask=0 forward_active=0
[CTRL] depth_valid=1 depth=0.048 vz=0.007 az=0.016 target_valid=0 target=0.000 pid=0.000 pid_base=0.000 buoyancy_pwm=0 mask_valid=1 mask=0 forward_active=0
[CTRL] depth_valid=1 depth=0.039 vz=-0.019 az=-0.018 target_valid=0 target=0.000 pid=0.000 pid_base=0.000 buoyancy_pwm=0 mask_valid=1 mask=0 forward_active=0
$T,0,0,0,,,,1628,533,961,1196,0*71
[CTRL] depth_valid=1 depth=0.047 vz=0.015 az=0.021 target_valid=0 target=0.000 pid=0.000 pid_base=0.000 buoyancy_pwm=0 mask_valid=1 mask=0 forward_active=0
[CTRL] depth_valid=1 depth=0.071 vz=0.062 az=0.060 target_valid=0 target=0.000 pid=0.000 pid_base=0.000 buoyancy_pwm=0 mask_valid=1 mask=0 forward_active=0
[CTRL] depth_valid=1 depth=0.067 vz=0.004 az=-0.026 target_valid=0 target=0.000 pid=0.000 pid_base=0.000 buoyancy_pwm=0 mask_valid=1 mask=0 forward_active=0
[CTRL] depth_valid=1 depth=0.002 vz=-0.112 az=-0.103 target_valid=0 target=0.000 pid=0.000 pid_base=0.000 buoyancy_pwm=0 mask_valid=1 mask=0 forward_active=0
$T,0,-1,-1,,,,1628,533,961,1196,0*71
[CTRL] depth_valid=1 depth=0.031 vz=0.005 az=0.028 target_valid=0 target=0.000 pid=0.000 pid_base=0.000 buoyancy_pwm=0 mask_valid=1 mask=0 forward_active=0
[OK]hb
[CTRL] depth_valid=1 depth=0.049 vz=0.043 az=0.052 target_valid=0 target=0.000 pid=0.000 pid_base=0.000 buoyancy_pwm=0 mask_valid=1 mask=0 forward_active=0
[CTRL] depth_valid=1 depth=0.031 vz=-0.016 az=-0.019 target_valid=0 target=0.000 pid=0.000 pid_base=0.000 buoyancy_pwm=0 mask_valid=1 mask=0 forward_active=0
[CTRL] depth_valid=1 depth=0.017 vz=-0.036 az=-0.032 target_valid=0 target=0.000 pid=0.000 pid_base=0.000 buoyancy_pwm=0 mask_valid=1 mask=0 forward_active=0
$T,0,0,0,,,,1628,533,961,1206,0*7B
[CTRL] depth_valid=1 depth=0.025 vz=-0.008 az=-0.003 target_valid=0 target=0.000 pid=0.000 pid_base=0.000 buoyancy_pwm=0 mask_valid=1 mask=0 forward_active=0
[CTRL] depth_valid=1 depth=0.027 vz=-0.004 az=-0.002 target_valid=0 target=0.000 pid=0.000 pid_base=0.000 buoyancy_pwm=0 mask_valid=1 mask=0 forward_active=0
[CTRL] depth_valid=1 depth=0.014 vz=-0.026 az=-0.020 target_valid=0 target=0.000 pid=0.000 pid_base=0.000 buoyancy_pwm=0 mask_valid=1 mask=0 forward_active=0
[CTRL] depth_valid=1 depth=0.043 vz=0.049 az=0.053 target_valid=0 target=0.000 pid=0.000 pid_base=0.000 buoyancy_pwm=0 mask_valid=1 mask=0 forward_active=0
$T,0,0,0,,,,1628,533,961,1198,0*7F
[CTRL] depth_valid=1 depth=0.014 vz=-0.029 az=-0.027 target_valid=0 target=0.000 pid=0.000 pid_base=0.000 buoyancy_pwm=0 mask_valid=1 mask=0 forward_active=0
[CTRL] depth_valid=1 depth=0.043 vz=0.055 az=0.063 target_valid=0 target=0.000 pid=0.000 pid_base=0.000 buoyancy_pwm=0 mask_valid=1 mask=0 forward_active=0
[CTRL] depth_valid=1 depth=0.043 vz=0.016 az=-0.002 target_valid=0 target=0.000 pid=0.000 pid_base=0.000 buoyancy_pwm=0 mask_valid=1 mask=0 forward_active=0
[OK]hb
[CTRL] depth_valid=1 depth=0.071 vz=0.052 az=0.023 target_valid=0 target=0.000 pid=0.000 pid_base=0.000 buoyancy_pwm=0 mask_valid=1 mask=0 forward_active=0
$T,0,0,0,,,,1628,533,961,1198,0*7F
[CTRL] depth_valid=1 depth=0.033 vz=-0.055 az=-0.074 target_valid=0 target=0.000 pid=0.000 pid_base=0.000 buoyancy_pwm=0 mask_valid=1 mask=0 forward_active=0
[CTRL] depth_valid=1 depth=0.026 vz=-0.041 az=-0.034 target_valid=0 target=0.000 pid=0.000 pid_base=0.000 buoyancy_pwm=0 mask_valid=1 mask=0 forward_active=0
[CTRL] depth_valid=1 depth=0.011 vz=-0.046 az=-0.025 target_valid=0 target=0.000 pid=0.000 pid_base=0.000 buoyancy_pwm=0 mask_valid=1 mask=0 forward_active=0
[CTRL] depth_valid=1 depth=0.051 vz=0.067 az=0.087 target_valid=0 target=0.000 pid=0.000 pid_base=0.000 buoyancy_pwm=0 mask_valid=1 mask=0 forward_active=0
$T,0,0,0,,,,1628,533,961,1198,0*7F
[CTRL] depth_valid=1 depth=0.047 vz=0.028 az=0.023 target_valid=0 target=0.000 pid=0.000 pid_base=0.000 buoyancy_pwm=0 mask_valid=1 mask=0 forward_active=0
[CTRL] depth_valid=1 depth=0.007 vz=-0.065 az=-0.061 target_valid=0 target=0.000 pid=0.000 pid_base=0.000 buoyancy_pwm=0 mask_valid=1 mask=0 forward_active=0
[CTRL] depth_valid=1 depth=0.046 vz=0.051 az=0.061 target_valid=0 target=0.000 pid=0.000 pid_base=0.000 buoyancy_pwm=0 mask_valid=1 mask=0 forward_active=0
[CTRL] depth_valid=1 depth=0.011 vz=-0.043 az=-0.040 target_valid=0 target=0.000 pid=0.000 pid_base=0.000 buoyancy_pwm=0 mask_valid=1 mask=0 forward_active=0
$T,0,0,0,,,,1628,533,961,1196,0*71
[CTRL] depth_valid=1 depth=0.035 vz=0.024 az=0.028 target_valid=0 target=0.000 pid=0.000 pid_base=0.000 buoyancy_pwm=0 mask_valid=1 mask=0 forward_active=0
[OK]hb
[CTRL] depth_valid=1 depth=0.033 vz=0.011 az=0.008 target_valid=0 target=0.000 pid=0.000 pid_base=0.000 buoyancy_pwm=0 mask_valid=1 mask=0 forward_active=0
[CTRL] depth_valid=1 depth=0.017 vz=-0.035 az=-0.039 target_valid=0 target=0.000 pid=0.000 pid_base=0.000 buoyancy_pwm=0 mask_valid=1 mask=0 forward_active=0
[CTRL] depth_valid=1 depth=0.056 vz=0.055 az=0.047 target_valid=0 target=0.000 pid=0.000 pid_base=0.000 buoyancy_pwm=0 mask_valid=1 mask=0 forward_active=0
$T,0,0,0,,,,1628,533,961,1201,0*7C
[CTRL] depth_valid=1 depth=0.031 vz=-0.032 az=-0.049 target_valid=0 target=0.000 pid=0.000 pid_base=0.000 buoyancy_pwm=0 mask_valid=1 mask=0 forward_active=0
[CTRL] depth_valid=1 depth=0.045 vz=0.015 az=0.012 target_valid=0 target=0.000 pid=0.000 pid_base=0.000 buoyancy_pwm=0 mask_valid=1 mask=0 forward_active=0
[CTRL] depth_valid=1 depth=0.041 vz=-0.004 az=-0.009 target_valid=0 target=0.000 pid=0.000 pid_base=0.000 buoyancy_pwm=0 mask_valid=1 mask=0 forward_active=0
[CTRL] depth_valid=1 depth=0.037 vz=-0.023 az=-0.035 target_valid=0 target=0.000 pid=0.000 pid_base=0.000 buoyancy_pwm=0 mask_valid=1 mask=0 forward_active=0
$T,0,0,0,,,,1628,533,961,1201,0*7C
[CTRL] depth_valid=1 depth=0.031 vz=-0.027 az=-0.027 target_valid=0 target=0.000 pid=0.000 pid_base=0.000 buoyancy_pwm=0 mask_valid=1 mask=0 forward_active=0
[CTRL] depth_valid=1 depth=0.008 vz=-0.058 az=-0.044 target_valid=0 target=0.000 pid=0.000 pid_base=0.000 buoyancy_pwm=0 mask_valid=1 mask=0 forward_active=0
[CTRL] depth_valid=1 depth=0.018 vz=-0.015 az=-0.001 target_valid=0 target=0.000 pid=0.000 pid_base=0.000 buoyancy_pwm=0 mask_valid=1 mask=0 forward_active=0
[OK]hb
[CTRL] depth_valid=1 depth=0.063 vz=0.063 az=0.050 target_valid=0 target=0.000 pid=0.000 pid_base=0.000 buoyancy_pwm=0 mask_valid=1 mask=0 forward_active=0
$T,0,0,0,,,,1628,533,961,1198,0*7F
[CTRL] depth_valid=1 depth=0.028 vz=-0.051 az=-0.071 target_valid=0 target=0.000 pid=0.000 pid_base=0.000 buoyancy_pwm=0 mask_valid=1 mask=0 forward_active=0
[CTRL] depth_valid=1 depth=0.038 vz=-0.024 az=-0.030 target_valid=0 target=0.000 pid=0.000 pid_base=0.000 buoyancy_pwm=0 mask_valid=1 mask=0 forward_active=0
[CTRL] depth_valid=1 depth=0.029 vz=-0.031 az=-0.025 target_valid=0 target=0.000 pid=0.000 pid_base=0.000 buoyancy_pwm=0 mask_valid=1 mask=0 forward_active=0
[CTRL] depth_valid=1 depth=0.042 vz=0.004 az=0.005 target_valid=0 target=0.000 pid=0.000 pid_base=0.000 buoyancy_pwm=0 mask_valid=1 mask=0 forward_active=0
$T,0,0,0,,,,1628,533,961,1199,0*7E
[CTRL] depth_valid=1 depth=0.065 vz=0.042 az=0.031 target_valid=0 target=0.000 pid=0.000 pid_base=0.000 buoyancy_pwm=0 mask_valid=1 mask=0 forward_active=0
[CTRL] depth_valid=1 depth=0.047 vz=-0.009 az=-0.015 target_valid=0 target=0.000 pid=0.000 pid_base=0.000 buoyancy_pwm=0 mask_valid=1 mask=0 forward_active=0
[CTRL] depth_valid=1 depth=0.047 vz=0.003 az=0.008 target_valid=0 target=0.000 pid=0.000 pid_base=0.000 buoyancy_pwm=0 mask_valid=1 mask=0 forward_active=0
[CTRL] depth_valid=1 depth=0.043 vz=-0.004 az=0.001 target_valid=0 target=0.000 pid=0.000 pid_base=0.000 buoyancy_pwm=0 mask_valid=1 mask=0 forward_active=0
$T,0,0,0,,,,1628,533,961,1195,0*72
[CTRL] depth_valid=1 depth=0.032 vz=-0.029 az=-0.027 target_valid=0 target=0.000 pid=0.000 pid_base=0.000 buoyancy_pwm=0 mask_valid=1 mask=0 forward_active=0
[OK]hb
[CTRL] depth_valid=1 depth=0.038 vz=0.003 az=0.013 target_valid=0 target=0.000 pid=0.000 pid_base=0.000 buoyancy_pwm=0 mask_valid=1 mask=0 forward_active=0
[CTRL] depth_valid=1 depth=0.033 vz=-0.005 az=0.004 target_valid=0 target=0.000 pid=0.000 pid_base=0.000 buoyancy_pwm=0 mask_valid=1 mask=0 forward_active=0
[CTRL] depth_valid=1 depth=0.023 vz=-0.021 az=-0.012 target_valid=0 target=0.000 pid=0.000 pid_base=0.000 buoyancy_pwm=0 mask_valid=1 mask=0 forward_active=0
$T,0,0,0,,,,1628,533,961,1197,0*70
[CTRL] depth_valid=1 depth=0.048 vz=0.046 az=0.056 target_valid=0 target=0.000 pid=0.000 pid_base=0.000 buoyancy_pwm=0 mask_valid=1 mask=0 forward_active=0
[CTRL] depth_valid=1 depth=0.019 vz=-0.033 az=-0.032 target_valid=0 target=0.000 pid=0.000 pid_base=0.000 buoyancy_pwm=0 mask_valid=1 mask=0 forward_active=0
[CTRL] depth_valid=1 depth=0.007 vz=-0.040 az=-0.028 target_valid=0 target=0.000 pid=0.000 pid_base=0.000 buoyancy_pwm=0 mask_valid=1 mask=0 forward_active=0
[CTRL] depth_valid=1 depth=0.026 vz=0.013 az=0.021 target_valid=0 target=0.000 pid=0.000 pid_base=0.000 buoyancy_pwm=0 mask_valid=1 mask=0 forward_active=0
$T,0,0,0,,,,1628,533,961,1197,0*70
[CTRL] depth_valid=1 depth=0.062 vz=0.070 az=0.054 target_valid=0 target=0.000 pid=0.000 pid_base=0.000 buoyancy_pwm=0 mask_valid=1 mask=0 forward_active=0
[CTRL] depth_valid=1 depth=0.040 vz=-0.017 az=-0.042 target_valid=0 target=0.000 pid=0.000 pid_base=0.000 buoyancy_pwm=0 mask_valid=1 mask=0 forward_active=0
[CTRL] depth_valid=1 depth=0.005 vz=-0.083 az=-0.084 target_valid=0 target=0.000 pid=0.000 pid_base=0.000 buoyancy_pwm=0 mask_valid=1 mask=0 forward_active=0
[OK]hb
[CTRL] depth_valid=1 depth=0.019 vz=-0.010 az=0.008 target_valid=0 target=0.000 pid=0.000 pid_base=0.000 buoyancy_pwm=0 mask_valid=1 mask=0 forward_active=0
$T,0,0,0,,,,1628,533,961,1202,0*7F
[CTRL] depth_valid=1 depth=0.035 vz=0.020 az=0.022 target_valid=0 target=0.000 pid=0.000 pid_base=0.000 buoyancy_pwm=0 mask_valid=1 mask=0 forward_active=0
[CTRL] depth_valid=1 depth=0.025 vz=-0.019 az=-0.027 target_valid=0 target=0.000 pid=0.000 pid_base=0.000 buoyancy_pwm=0 mask_valid=1 mask=0 forward_active=0
[CTRL] depth_valid=1 depth=0.008 vz=-0.050 az=-0.048 target_valid=0 target=0.000 pid=0.000 pid_base=0.000 buoyancy_pwm=0 mask_valid=1 mask=0 forward_active=0
[CTRL] depth_valid=1 depth=0.017 vz=-0.018 az=-0.015 target_valid=0 target=0.000 pid=0.000 pid_base=0.000 buoyancy_pwm=0 mask_valid=1 mask=0 forward_active=0
$T,0,0,0,,,,1628,533,961,1196,0*71
[CTRL] depth_valid=1 depth=0.051 vz=0.064 az=0.065 target_valid=0 target=0.000 pid=0.000 pid_base=0.000 buoyancy_pwm=0 mask_valid=1 mask=0 forward_active=0
[CTRL] depth_valid=1 depth=0.049 vz=0.025 az=0.008 target_valid=0 target=0.000 pid=0.000 pid_base=0.000 buoyancy_pwm=0 mask_valid=1 mask=0 forward_active=0
[CTRL] depth_valid=1 depth=0.003 vz=-0.081 az=-0.084 target_valid=0 target=0.000 pid=0.000 pid_base=0.000 buoyancy_pwm=0 mask_valid=1 mask=0 forward_active=0
[CTRL] depth_valid=1 depth=0.006 vz=-0.034 az=-0.016 target_valid=0 target=0.000 pid=0.000 pid_base=0.000 buoyancy_pwm=0 mask_valid=1 mask=0 forward_active=0
$T,0,0,0,,,,1628,533,961,1198,0*7F
[CTRL] depth_valid=1 depth=0.051 vz=0.062 az=0.058 target_valid=0 target=0.000 pid=0.000 pid_base=0.000 buoyancy_pwm=0 mask_valid=1 mask=0 forward_active=0
[OK]hb
[CTRL] depth_valid=1 depth=0.029 vz=-0.020 az=-0.036 target_valid=0 target=0.000 pid=0.000 pid_base=0.000 buoyancy_pwm=0 mask_valid=1 mask=0 forward_active=0
[CTRL] depth_valid=1 depth=0.052 vz=0.019 az=-0.002 target_valid=0 target=0.000 pid=0.000 pid_base=0.000 buoyancy_pwm=0 mask_valid=1 mask=0 forward_active=0
[CTRL] depth_valid=1 depth=0.005 vz=-0.082 az=-0.083 target_valid=0 target=0.000 pid=0.000 pid_base=0.000 buoyancy_pwm=0 mask_valid=1 mask=0 forward_active=0
$T,0,0,0,,,,1628,533,961,1200,0*7D
[CTRL] depth_valid=1 depth=0.066 vz=0.086 az=0.093 target_valid=0 target=0.000 pid=0.000 pid_base=0.000 buoyancy_pwm=0 mask_valid=1 mask=0 forward_active=0
[CTRL] depth_valid=1 depth=0.038 vz=-0.002 az=-0.005 target_valid=0 target=0.000 pid=0.000 pid_base=0.000 buoyancy_pwm=0 mask_valid=1 mask=0 forward_active=0
[CTRL] depth_valid=1 depth=0.029 vz=-0.026 az=-0.030 target_valid=0 target=0.000 pid=0.000 pid_base=0.000 buoyancy_pwm=0 mask_valid=1 mask=0 forward_active=0
[CTRL] depth_valid=1 depth=0.012 vz=-0.047 az=-0.037 target_valid=0 target=0.000 pid=0.000 pid_base=0.000 buoyancy_pwm=0 mask_valid=1 mask=0 forward_active=0
$T,0,0,0,,,,1628,533,961,1206,0*7B
[CTRL] depth_valid=1 depth=0.022 vz=-0.005 az=0.008 target_valid=0 target=0.000 pid=0.000 pid_base=0.000 buoyancy_pwm=0 mask_valid=1 mask=0 forward_active=0
[CTRL] depth_valid=1 depth=0.014 vz=-0.007 az=0.007 target_valid=0 target=0.000 pid=0.000 pid_base=0.000 buoyancy_pwm=0 mask_valid=1 mask=0 forward_active=0
[CTRL] depth_valid=1 depth=0.017 vz=0.007 az=0.017 target_valid=0 target=0.000 pid=0.000 pid_base=0.000 buoyancy_pwm=0 mask_valid=1 mask=0 forward_active=0
[OK]hb
[CTRL] depth_valid=1 depth=0.048 vz=0.065 az=0.061 target_valid=0 target=0.000 pid=0.000 pid_base=0.000 buoyancy_pwm=0 mask_valid=1 mask=0 forward_active=0
$T,0,0,0,,,,1628,533,961,1198,0*7F
[CTRL] depth_valid=1 depth=0.054 vz=0.030 az=-0.000 target_valid=0 target=0.000 pid=0.000 pid_base=0.000 buoyancy_pwm=0 mask_valid=1 mask=0 forward_active=0
[CTRL] depth_valid=1 depth=0.045 vz=-0.022 az=-0.055 target_valid=0 target=0.000 pid=0.000 pid_base=0.000 buoyancy_pwm=0 mask_valid=1 mask=0 forward_active=0
[CTRL] depth_valid=1 depth=-0.001 vz=-0.094 az=-0.089 target_valid=0 target=0.000 pid=0.000 pid_base=0.000 buoyancy_pwm=0 mask_valid=1 mask=0 forward_active=0
[CTRL] depth_valid=1 depth=0.022 vz=0.006 az=0.030 target_valid=0 target=0.000 pid=0.000 pid_base=0.000 buoyancy_pwm=0 mask_valid=1 mask=0 forward_active=0
$T,0,0,0,,,,1628,533,961,1195,0*72
[CTRL] depth_valid=1 depth=0.008 vz=-0.019 az=-0.000 target_valid=0 target=0.000 pid=0.000 pid_base=0.000 buoyancy_pwm=0 mask_valid=1 mask=0 forward_active=0
[CTRL] depth_valid=1 depth=0.033 vz=0.050 az=0.063 target_valid=0 target=0.000 pid=0.000 pid_base=0.000 buoyancy_pwm=0 mask_valid=1 mask=0 forward_active=0
[CTRL] depth_valid=1 depth=0.057 vz=0.077 az=0.067 target_valid=0 target=0.000 pid=0.000 pid_base=0.000 buoyancy_pwm=0 mask_valid=1 mask=0 forward_active=0
[CTRL] depth_valid=1 depth=0.071 vz=0.061 az=0.030 target_valid=0 target=0.000 pid=0.000 pid_base=0.000 buoyancy_pwm=0 mask_valid=1 mask=0 forward_active=0
$T,0,0,0,,,,1628,533,961,1201,0*7C
[CTRL] depth_valid=1 depth=0.042 vz=-0.031 az=-0.058 target_valid=0 target=0.000 pid=0.000 pid_base=0.000 buoyancy_pwm=0 mask_valid=1 mask=0 forward_active=0
[OK]hb
[CTRL] depth_valid=1 depth=0.063 vz=0.023 az=0.007 target_valid=0 target=0.000 pid=0.000 pid_base=0.000 buoyancy_pwm=0 mask_valid=1 mask=0 forward_active=0
[CTRL] depth_valid=1 depth=0.030 vz=-0.044 az=-0.045 target_valid=0 target=0.000 pid=0.000 pid_base=0.000 buoyancy_pwm=0 mask_valid=1 mask=0 forward_active=0
[CTRL] depth_valid=1 depth=0.046 vz=-0.012 az=-0.019 target_valid=0 target=0.000 pid=0.000 pid_base=0.000 buoyancy_pwm=0 mask_valid=1 mask=0 forward_active=0
$T,0,0,0,,,,1628,533,961,1202,0*7F
[CTRL] depth_valid=1 depth=0.038 vz=-0.022 az=-0.022 target_valid=0 target=0.000 pid=0.000 pid_base=0.000 buoyancy_pwm=0 mask_valid=1 mask=0 forward_active=0
[CTRL] depth_valid=1 depth=0.032 vz=-0.033 az=-0.034 target_valid=0 target=0.000 pid=0.000 pid_base=0.000 buoyancy_pwm=0 mask_valid=1 mask=0 forward_active=0
[CTRL] depth_valid=1 depth=0.019 vz=-0.047 az=-0.037 target_valid=0 target=0.000 pid=0.000 pid_base=0.000 buoyancy_pwm=0 mask_valid=1 mask=0 forward_active=0
[CTRL] depth_valid=1 depth=0.029 vz=-0.007 az=0.004 target_valid=0 target=0.000 pid=0.000 pid_base=0.000 buoyancy_pwm=0 mask_valid=1 mask=0 forward_active=0
$T,0,0,0,,,,1628,533,961,1201,0*7C
[CTRL] depth_valid=1 depth=0.071 vz=0.096 az=0.095 target_valid=0 target=0.000 pid=0.000 pid_base=0.000 buoyancy_pwm=0 mask_valid=1 mask=0 forward_active=0
[CTRL] depth_valid=1 depth=0.038 vz=-0.025 az=-0.045 target_valid=0 target=0.000 pid=0.000 pid_base=0.000 buoyancy_pwm=0 mask_valid=1 mask=0 forward_active=0
[CTRL] depth_valid=1 depth=0.045 vz=-0.003 az=-0.011 target_valid=0 target=0.000 pid=0.000 pid_base=0.000 buoyancy_pwm=0 mask_valid=1 mask=0 forward_active=0
[OK]hb
[CTRL] depth_valid=1 depth=0.048 vz=0.003 az=-0.002 target_valid=0 target=0.000 pid=0.000 pid_base=0.000 buoyancy_pwm=0 mask_valid=1 mask=0 forward_active=0
$T,0,0,0,,,,1628,533,961,1203,0*7E
[CTRL] depth_valid=1 depth=0.010 vz=-0.076 az=-0.069 target_valid=0 target=0.000 pid=0.000 pid_base=0.000 buoyancy_pwm=0 mask_valid=1 mask=0 forward_active=0
[CTRL] depth_valid=1 depth=0.038 vz=0.007 az=0.013 target_valid=0 target=0.000 pid=0.000 pid_base=0.000 buoyancy_pwm=0 mask_valid=1 mask=0 forward_active=0
[CTRL] depth_valid=1 depth=0.010 vz=-0.050 az=-0.040 target_valid=0 target=0.000 pid=0.000 pid_base=0.000 buoyancy_pwm=0 mask_valid=1 mask=0 forward_active=0
[CTRL] depth_valid=1 depth=-0.002 vz=-0.047 az=-0.024 target_valid=0 target=0.000 pid=0.000 pid_base=0.000 buoyancy_pwm=0 mask_valid=1 mask=0 forward_active=0
$T,0,0,0,,,,1628,533,961,1205,0*78
[CTRL] depth_valid=1 depth=0.007 vz=0.000 az=0.025 target_valid=0 target=0.000 pid=0.000 pid_base=0.000 buoyancy_pwm=0 mask_valid=1 mask=0 forward_active=0
[CTRL] depth_valid=1 depth=0.010 vz=0.009 az=0.023 target_valid=0 target=0.000 pid=0.000 pid_base=0.000 buoyancy_pwm=0 mask_valid=1 mask=0 forward_active=0
[CTRL] depth_valid=1 depth=0.024 vz=0.025 az=0.020 target_valid=0 target=0.000 pid=0.000 pid_base=0.000 buoyancy_pwm=0 mask_valid=1 mask=0 forward_active=0
[CTRL] depth_valid=1 depth=0.010 vz=-0.025 az=-0.034 target_valid=0 target=0.000 pid=0.000 pid_base=0.000 buoyancy_pwm=0 mask_valid=1 mask=0 forward_active=0
$T,0,0,0,,,,1628,533,961,1198,0*7F
[CTRL] depth_valid=1 depth=0.037 vz=0.035 az=0.025 target_valid=0 target=0.000 pid=0.000 pid_base=0.000 buoyancy_pwm=0 mask_valid=1 mask=0 forward_active=0
[OK]hb
[CTRL] depth_valid=1 depth=0.069 vz=0.063 az=0.026 target_valid=0 target=0.000 pid=0.000 pid_base=0.000 buoyancy_pwm=0 mask_valid=1 mask=0 forward_active=0
[CTRL] depth_valid=1 depth=0.024 vz=-0.054 az=-0.070 target_valid=0 target=0.000 pid=0.000 pid_base=0.000 buoyancy_pwm=0 mask_valid=1 mask=0 forward_active=0
[CTRL] depth_valid=1 depth=0.012 vz=-0.063 az=-0.063 target_valid=0 target=0.000 pid=0.000 pid_base=0.000 buoyancy_pwm=0 mask_valid=1 mask=0 forward_active=0
$T,0,0,0,,,,1628,533,961,1193,0*74
[CTRL] depth_valid=1 depth=-0.000 vz=-0.064 az=-0.048 target_valid=0 target=0.000 pid=0.000 pid_base=0.000 buoyancy_pwm=0 mask_valid=1 mask=0 forward_active=0
[CTRL] depth_valid=1 depth=0.008 vz=-0.019 az=0.001 target_valid=0 target=0.000 pid=0.000 pid_base=0.000 buoyancy_pwm=0 mask_valid=1 mask=0 forward_active=0
[CTRL] depth_valid=1 depth=0.018 vz=0.008 az=0.019 target_valid=0 target=0.000 pid=0.000 pid_base=0.000 buoyancy_pwm=0 mask_valid=1 mask=0 forward_active=0
[CTRL] depth_valid=1 depth=0.037 vz=0.040 az=0.035 target_valid=0 target=0.000 pid=0.000 pid_base=0.000 buoyancy_pwm=0 mask_valid=1 mask=0 forward_active=0
$T,0,0,0,,,,1628,533,961,1201,0*7C
[CTRL] depth_valid=1 depth=0.025 vz=-0.007 az=-0.019 target_valid=0 target=0.000 pid=0.000 pid_base=0.000 buoyancy_pwm=0 mask_valid=1 mask=0 forward_active=0
[CTRL] depth_valid=1 depth=0.012 vz=-0.023 az=-0.023 target_valid=0 target=0.000 pid=0.000 pid_base=0.000 buoyancy_pwm=0 mask_valid=1 mask=0 forward_active=0
[CTRL] depth_valid=1 depth=-0.002 vz=-0.039 az=-0.029 target_valid=0 target=0.000 pid=0.000 pid_base=0.000 buoyancy_pwm=0 mask_valid=1 mask=0 forward_active=0
[OK]hb
[CTRL] depth_valid=1 depth=0.024 vz=0.033 az=0.043 target_valid=0 target=0.000 pid=0.000 pid_base=0.000 buoyancy_pwm=0 mask_valid=1 mask=0 forward_active=0
$T,0,0,0,,,,1628,533,961,1201,0*7C
[CTRL] depth_valid=1 depth=0.012 vz=-0.002 az=0.000 target_valid=0 target=0.000 pid=0.000 pid_base=0.000 buoyancy_pwm=0 mask_valid=1 mask=0 forward_active=0
[CTRL] depth_valid=1 depth=0.014 vz=-0.001 az=-0.002 target_valid=0 target=0.000 pid=0.000 pid_base=0.000 buoyancy_pwm=0 mask_valid=1 mask=0 forward_active=0
[CTRL] depth_valid=1 depth=0.010 vz=-0.014 az=-0.017 target_valid=0 target=0.000 pid=0.000 pid_base=0.000 buoyancy_pwm=0 mask_valid=1 mask=0 forward_active=0
[CTRL] depth_valid=1 depth=0.015 vz=0.002 az=0.001 target_valid=0 target=0.000 pid=0.000 pid_base=0.000 buoyancy_pwm=0 mask_valid=1 mask=0 forward_active=0
$T,0,0,0,,,,1628,533,961,1196,0*71
[CTRL] depth_valid=1 depth=0.003 vz=-0.025 az=-0.023 target_valid=0 target=0.000 pid=0.000 pid_base=0.000 buoyancy_pwm=0 mask_valid=1 mask=0 forward_active=0
[CTRL] depth_valid=1 depth=-0.000 vz=-0.015 az=-0.006 target_valid=0 target=0.000 pid=0.000 pid_base=0.000 buoyancy_pwm=0 mask_valid=1 mask=0 forward_active=0
[CTRL] depth_valid=1 depth=0.006 vz=0.002 az=0.007 target_valid=0 target=0.000 pid=0.000 pid_base=0.000 buoyancy_pwm=0 mask_valid=1 mask=0 forward_active=0
[CTRL] depth_valid=1 depth=0.000 vz=-0.008 az=-0.004 target_valid=0 target=0.000 pid=0.000 pid_base=0.000 buoyancy_pwm=0 mask_valid=1 mask=0 forward_active=0
$T,0,0,0,,,,1628,533,961,1196,0*71
[CTRL] depth_valid=1 depth=-0.001 vz=-0.006 az=-0.001 target_valid=0 target=0.000 pid=0.000 pid_base=0.000 buoyancy_pwm=0 mask_valid=1 mask=0 forward_active=0
[OK]hb
[CTRL] depth_valid=1 depth=0.021 vz=0.035 az=0.031 target_valid=0 target=0.000 pid=0.000 pid_base=0.000 buoyancy_pwm=0 mask_valid=1 mask=0 forward_active=0
[CTRL] depth_valid=1 depth=0.010 vz=-0.004 az=-0.012 target_valid=0 target=0.000 pid=0.000 pid_base=0.000 buoyancy_pwm=0 mask_valid=1 mask=0 forward_active=0
[CTRL] depth_valid=1 depth=0.014 vz=0.001 az=-0.006 target_valid=0 target=0.000 pid=0.000 pid_base=0.000 buoyancy_pwm=0 mask_valid=1 mask=0 forward_active=0
$T,0,0,0,,,,1628,533,961,1196,0*71
[CTRL] depth_valid=1 depth=0.003 vz=-0.026 az=-0.028 target_valid=0 target=0.000 pid=0.000 pid_base=0.000 buoyancy_pwm=0 mask_valid=1 mask=0 forward_active=0
[CTRL] depth_valid=1 depth=0.002 vz=-0.010 az=-0.002 target_valid=0 target=0.000 pid=0.000 pid_base=0.000 buoyancy_pwm=0 mask_valid=1 mask=0 forward_active=0
[CTRL] depth_valid=1 depth=0.015 vz=0.004 az=-0.006 target_valid=0 target=0.000 pid=0.000 pid_base=0.000 buoyancy_pwm=0 mask_valid=1 mask=0 forward_active=0
[CTRL] depth_valid=1 depth=0.005 vz=-0.022 az=-0.028 target_valid=0 target=0.000 pid=0.000 pid_base=0.000 buoyancy_pwm=0 mask_valid=1 mask=0 forward_active=0
$T,0,0,0,,,,1628,533,961,1194,0*73
[CTRL] depth_valid=1 depth=0.022 vz=0.019 az=0.014 target_valid=0 target=0.000 pid=0.000 pid_base=0.000 buoyancy_pwm=0 mask_valid=1 mask=0 forward_active=0
[CTRL] depth_valid=1 depth=0.056 vz=0.080 az=0.065 target_valid=0 target=0.000 pid=0.000 pid_base=0.000 buoyancy_pwm=0 mask_valid=1 mask=0 forward_active=0
[CTRL] depth_valid=1 depth=0.008 vz=-0.056 az=-0.071 target_valid=0 target=0.000 pid=0.000 pid_base=0.000 buoyancy_pwm=0 mask_valid=1 mask=0 forward_active=0
[OK]hb
[CTRL] depth_valid=1 depth=0.030 vz=-0.004 az=-0.017 target_valid=0 target=0.000 pid=0.000 pid_base=0.000 buoyancy_pwm=0 mask_valid=1 mask=0 forward_active=0
$T,0,0,0,,,,1628,533,961,1195,0*72
[CTRL] depth_valid=1 depth=0.004 vz=-0.047 az=-0.042 target_valid=0 target=0.000 pid=0.000 pid_base=0.000 buoyancy_pwm=0 mask_valid=1 mask=0 forward_active=0
[CTRL] depth_valid=1 depth=0.001 vz=-0.030 az=-0.016 target_valid=0 target=0.000 pid=0.000 pid_base=0.000 buoyancy_pwm=0 mask_valid=1 mask=0 forward_active=0
[CTRL] depth_valid=1 depth=0.011 vz=0.007 az=0.020 target_valid=0 target=0.000 pid=0.000 pid_base=0.000 buoyancy_pwm=0 mask_valid=1 mask=0 forward_active=0
[CTRL] depth_valid=1 depth=0.022 vz=0.025 az=0.026 target_valid=0 target=0.000 pid=0.000 pid_base=0.000 buoyancy_pwm=0 mask_valid=1 mask=0 forward_active=0
$T,0,0,0,,,,1628,533,961,1200,0*7D
[CTRL] depth_valid=1 depth=0.019 vz=0.010 az=0.007 target_valid=0 target=0.000 pid=0.000 pid_base=0.000 buoyancy_pwm=0 mask_valid=1 mask=0 forward_active=0
[CTRL] depth_valid=1 depth=0.008 vz=-0.020 az=-0.024 target_valid=0 target=0.000 pid=0.000 pid_base=0.000 buoyancy_pwm=0 mask_valid=1 mask=0 forward_active=0
[CTRL] depth_valid=1 depth=0.006 vz=-0.015 az=-0.011 target_valid=0 target=0.000 pid=0.000 pid_base=0.000 buoyancy_pwm=0 mask_valid=1 mask=0 forward_active=0
[CTRL] depth_valid=1 depth=0.001 vz=-0.017 az=-0.010 target_valid=0 target=0.000 pid=0.000 pid_base=0.000 buoyancy_pwm=0 mask_valid=1 mask=0 forward_active=0
$T,0,0,0,,,,1628,533,961,1193,0*74
[CTRL] depth_valid=1 depth=0.003 vz=-0.003 az=0.006 target_valid=0 target=0.000 pid=0.000 pid_base=0.000 buoyancy_pwm=0 mask_valid=1 mask=0 forward_active=0
[OK]hb
[CTRL] depth_valid=1 depth=0.000 vz=-0.006 az=0.002 target_valid=0 target=0.000 pid=0.000 pid_base=0.000 buoyancy_pwm=0 mask_valid=1 mask=0 forward_active=0
[CTRL] depth_valid=1 depth=0.018 vz=0.027 az=0.023 target_valid=0 target=0.000 pid=0.000 pid_base=0.000 buoyancy_pwm=0 mask_valid=1 mask=0 forward_active=0
[CTRL] depth_valid=1 depth=0.009 vz=-0.005 az=-0.012 target_valid=0 target=0.000 pid=0.000 pid_base=0.000 buoyancy_pwm=0 mask_valid=1 mask=0 forward_active=0
$T,0,0,0,,,,1628,533,961,1195,0*72
[CTRL] depth_valid=1 depth=0.013 vz=0.007 az=0.005 target_valid=0 target=0.000 pid=0.000 pid_base=0.000 buoyancy_pwm=0 mask_valid=1 mask=0 forward_active=0
[CTRL] depth_valid=1 depth=0.004 vz=-0.015 az=-0.015 target_valid=0 target=0.000 pid=0.000 pid_base=0.000 buoyancy_pwm=0 mask_valid=1 mask=0 forward_active=0
[CTRL] depth_valid=1 depth=0.013 vz=0.004 az=-0.001 target_valid=0 target=0.000 pid=0.000 pid_base=0.000 buoyancy_pwm=0 mask_valid=1 mask=0 forward_active=0
[CTRL] depth_valid=1 depth=0.009 vz=-0.011 az=-0.016 target_valid=0 target=0.000 pid=0.000 pid_base=0.000 buoyancy_pwm=0 mask_valid=1 mask=0 forward_active=0
$T,0,0,0,,,,1628,533,961,1196,0*71
[CTRL] depth_valid=1 depth=0.009 vz=-0.007 az=-0.007 target_valid=0 target=0.000 pid=0.000 pid_base=0.000 buoyancy_pwm=0 mask_valid=1 mask=0 forward_active=0
[CTRL] depth_valid=1 depth=0.003 vz=-0.015 az=-0.012 target_valid=0 target=0.000 pid=0.000 pid_base=0.000 buoyancy_pwm=0 mask_valid=1 mask=0 forward_active=0
[CTRL] depth_valid=1 depth=0.012 vz=0.005 az=0.004 target_valid=0 target=0.000 pid=0.000 pid_base=0.000 buoyancy_pwm=0 mask_valid=1 mask=0 forward_active=0
[OK]hb
[CTRL] depth_valid=1 depth=0.010 vz=-0.005 az=-0.010 target_valid=0 target=0.000 pid=0.000 pid_base=0.000 buoyancy_pwm=0 mask_valid=1 mask=0 forward_active=0
$T,0,0,0,,,,1628,533,961,1194,0*73
[CTRL] depth_valid=1 depth=0.001 vz=-0.023 az=-0.024 target_valid=0 target=0.000 pid=0.000 pid_base=0.000 buoyancy_pwm=0 mask_valid=1 mask=0 forward_active=0
[CTRL] depth_valid=1 depth=0.014 vz=0.008 az=0.006 target_valid=0 target=0.000 pid=0.000 pid_base=0.000 buoyancy_pwm=0 mask_valid=1 mask=0 forward_active=0
[CTRL] depth_valid=1 depth=0.001 vz=-0.022 az=-0.022 target_valid=0 target=0.000 pid=0.000 pid_base=0.000 buoyancy_pwm=0 mask_valid=1 mask=0 forward_active=0
[CTRL] depth_valid=1 depth=0.017 vz=0.011 az=0.004 target_valid=0 target=0.000 pid=0.000 pid_base=0.000 buoyancy_pwm=0 mask_valid=1 mask=0 forward_active=0
$T,0,0,0,,,,1628,533,961,1194,0*73
[CTRL] depth_valid=1 depth=0.014 vz=-0.006 az=-0.015 target_valid=0 target=0.000 pid=0.000 pid_base=0.000 buoyancy_pwm=0 mask_valid=1 mask=0 forward_active=0
[CTRL] depth_valid=1 depth=-0.000 vz=-0.033 az=-0.033 target_valid=0 target=0.000 pid=0.000 pid_base=0.000 buoyancy_pwm=0 mask_valid=1 mask=0 forward_active=0
[CTRL] depth_valid=1 depth=0.002 vz=-0.015 az=-0.010 target_valid=0 target=0.000 pid=0.000 pid_base=0.000 buoyancy_pwm=0 mask_valid=1 mask=0 forward_active=0
[CTRL] depth_valid=1 depth=0.033 vz=0.066 az=0.069 target_valid=0 target=0.000 pid=0.000 pid_base=0.000 buoyancy_pwm=0 mask_valid=1 mask=0 forward_active=0
$T,0,0,0,,,,1629,534,961,1194,0*75
[CTRL] depth_valid=1 depth=0.010 vz=-0.006 az=-0.011 target_valid=0 target=0.000 pid=0.000 pid_base=0.000 buoyancy_pwm=0 mask_valid=1 mask=0 forward_active=0
[OK]hb
[CTRL] depth_valid=1 depth=0.043 vz=0.038 az=0.013 target_valid=0 target=0.000 pid=0.000 pid_base=0.000 buoyancy_pwm=0 mask_valid=1 mask=0 forward_active=0
[CTRL] depth_valid=1 depth=-0.001 vz=-0.057 az=-0.062 target_valid=0 target=0.000 pid=0.000 pid_base=0.000 buoyancy_pwm=0 mask_valid=1 mask=0 forward_active=0
[CTRL] depth_valid=1 depth=0.001 vz=-0.032 az=-0.025 target_valid=0 target=0.000 pid=0.000 pid_base=0.000 buoyancy_pwm=0 mask_valid=1 mask=0 forward_active=0
$T,0,0,0,,,,1628,533,961,1195,0*72
[CTRL] depth_valid=1 depth=0.023 vz=0.026 az=0.032 target_valid=0 target=0.000 pid=0.000 pid_base=0.000 buoyancy_pwm=0 mask_valid=1 mask=0 forward_active=0
[CTRL] depth_valid=1 depth=0.001 vz=-0.022 az=-0.016 target_valid=0 target=0.000 pid=0.000 pid_base=0.000 buoyancy_pwm=0 mask_valid=1 mask=0 forward_active=0
[CTRL] depth_valid=1 depth=0.001 vz=-0.006 az=0.004 target_valid=0 target=0.000 pid=0.000 pid_base=0.000 buoyancy_pwm=0 mask_valid=1 mask=0 forward_active=0
[CTRL] depth_valid=1 depth=0.005 vz=0.003 az=0.008 target_valid=0 target=0.000 pid=0.000 pid_base=0.000 buoyancy_pwm=0 mask_valid=1 mask=0 forward_active=0
$T,0,0,0,,,,1628,533,961,1195,0*72
[CTRL] depth_valid=1 depth=0.001 vz=-0.004 az=-0.001 target_valid=0 target=0.000 pid=0.000 pid_base=0.000 buoyancy_pwm=0 mask_valid=1 mask=0 forward_active=0
[CTRL] depth_valid=1 depth=0.004 vz=0.004 az=0.004 target_valid=0 target=0.000 pid=0.000 pid_base=0.000 buoyancy_pwm=0 mask_valid=1 mask=0 forward_active=0
[CTRL] depth_valid=1 depth=0.006 vz=0.004 az=0.002 target_valid=0 target=0.000 pid=0.000 pid_base=0.000 buoyancy_pwm=0 mask_valid=1 mask=0 forward_active=0
[OK]hb
[CTRL] depth_valid=1 depth=0.009 vz=0.008 az=0.006 target_valid=0 target=0.000 pid=0.000 pid_base=0.000 buoyancy_pwm=0 mask_valid=1 mask=0 forward_active=0
$T,0,0,0,,,,1628,533,961,1195,0*72
[CTRL] depth_valid=1 depth=0.001 vz=-0.010 az=-0.011 target_valid=0 target=0.000 pid=0.000 pid_base=0.000 buoyancy_pwm=0 mask_valid=1 mask=0 forward_active=0
[CTRL] depth_valid=1 depth=0.012 vz=-0.000 az=-0.012 target_valid=0 target=0.000 pid=0.000 pid_base=0.000 buoyancy_pwm=0 mask_valid=1 mask=0 forward_active=0
[CTRL] depth_valid=1 depth=0.004 vz=-0.017 az=-0.021 target_valid=0 target=0.000 pid=0.000 pid_base=0.000 buoyancy_pwm=0 mask_valid=1 mask=0 forward_active=0
[CTRL] depth_valid=1 depth=0.001 vz=-0.017 az=-0.016 target_valid=0 target=0.000 pid=0.000 pid_base=0.000 buoyancy_pwm=0 mask_valid=1 mask=0 forward_active=0
$T,0,0,0,,,,1629,534,962,1195,0*77
[CTRL] depth_valid=1 depth=-0.001 vz=-0.015 az=-0.009 target_valid=0 target=0.000 pid=0.000 pid_base=0.000 buoyancy_pwm=0 mask_valid=1 mask=0 forward_active=0
[CTRL] depth_valid=1 depth=0.001 vz=-0.007 az=-0.004 target_valid=0 target=0.000 pid=0.000 pid_base=0.000 buoyancy_pwm=0 mask_valid=1 mask=0 forward_active=0
[CTRL] depth_valid=1 depth=-0.001 vz=-0.004 az=0.001 target_valid=0 target=0.000 pid=0.000 pid_base=0.000 buoyancy_pwm=0 mask_valid=1 mask=0 forward_active=0
[CTRL] depth_valid=1 depth=-0.000 vz=0.001 az=0.005 target_valid=0 target=0.000 pid=0.000 pid_base=0.000 buoyancy_pwm=0 mask_valid=1 mask=0 forward_active=0
$T,0,0,0,,,,551,831,636,1195,0*4C
[CTRL] depth_valid=1 depth=0.000 vz=0.001 az=0.003 target_valid=0 target=0.000 pid=0.000 pid_base=0.000 buoyancy_pwm=0 mask_valid=1 mask=0 forward_active=0
[OK]hb
[CTRL] depth_valid=1 depth=0.000 vz=0.001 az=0.001 target_valid=0 target=0.000 pid=0.000 pid_base=0.000 buoyancy_pwm=0 mask_valid=1 mask=0 forward_active=0
[CTRL] depth_valid=1 depth=0.000 vz=0.000 az=0.000 target_valid=0 target=0.000 pid=0.000 pid_base=0.000 buoyancy_pwm=0 mask_valid=1 mask=0 forward_active=0
[CTRL] depth_valid=1 depth=0.000 vz=0.000 az=0.000 target_valid=0 target=0.000 pid=0.000 pid_base=0.000 buoyancy_pwm=0 mask_valid=1 mask=0 forward_active=0
$T,0,0,0,,,,1634,329,-1617,1195,0*60
[CTRL] depth_valid=1 depth=5.618 vz=10.788 az=9.018 target_valid=0 target=0.000 pid=0.000 pid_base=0.000 buoyancy_pwm=0 mask_valid=1 mask=0 forward_active=0
[CTRL] depth_valid=1 depth=10.920 vz=12.046 az=5.628 target_valid=0 target=0.000 pid=0.000 pid_base=0.000 buoyancy_pwm=0 mask_valid=1 mask=0 forward_active=0
[CTRL] depth_valid=1 depth=10.007 vz=0.315 az=-6.546 target_valid=0 target=0.000 pid=0.000 pid_base=0.000 buoyancy_pwm=0 mask_valid=1 mask=0 forward_active=0
[CTRL] depth_valid=1 depth=10.693 vz=0.153 az=-3.580 target_valid=0 target=0.000 pid=0.000 pid_base=0.000 buoyancy_pwm=0 mask_valid=1 mask=0 forward_active=0
$T,109,5,-29,229,25,74,912,-756,-782,1194,0*60
[CTRL] depth_valid=1 depth=12.042 vz=1.498 az=-1.044 target_valid=0 target=0.000 pid=0.000 pid_base=0.000 buoyancy_pwm=0 mask_valid=1 mask=0 forward_active=0
[CTRL] depth_valid=1 depth=12.712 vz=0.825 az=-1.348 target_valid=0 target=0.000 pid=0.000 pid_base=0.000 buoyancy_pwm=0 mask_valid=1 mask=0 forward_active=0
[CTRL] depth_valid=1 depth=11.292 vz=-3.108 az=-4.145 target_valid=0 target=0.000 pid=0.000 pid_base=0.000 buoyancy_pwm=0 mask_valid=1 mask=0 forward_active=0
[OK]hb
[CTRL] depth_valid=1 depth=9.952 vz=-3.485 az=-2.517 target_valid=0 target=0.000 pid=0.000 pid_base=0.000 buoyancy_pwm=0 mask_valid=1 mask=0 forward_active=0
$T,98,-30,-18,228,27,76,1504,-881,-1422,1195,0*47
[CTRL] depth_valid=1 depth=10.067 vz=-0.619 az=0.939 target_valid=0 target=0.000 pid=0.000 pid_base=0.000 buoyancy_pwm=0 mask_valid=1 mask=0 forward_active=0
[CTRL] depth_valid=1 depth=11.426 vz=2.755 az=3.337 target_valid=0 target=0.000 pid=0.000 pid_base=0.000 buoyancy_pwm=0 mask_valid=1 mask=0 forward_active=0
[CTRL] depth_valid=1 depth=12.572 vz=2.859 az=1.791 target_valid=0 target=0.000 pid=0.000 pid_base=0.000 buoyancy_pwm=0 mask_valid=1 mask=0 forward_active=0
[CTRL] depth_valid=1 depth=12.284 vz=-0.024 az=-1.434 target_valid=0 target=0.000 pid=0.000 pid_base=0.000 buoyancy_pwm=0 mask_valid=1 mask=0 forward_active=0
$T,121,-4,-17,228,27,72,902,-788,-843,1195,0*4F
[CTRL] depth_valid=1 depth=11.245 vz=-2.377 az=-2.828 target_valid=0 target=0.000 pid=0.000 pid_base=0.000 buoyancy_pwm=0 mask_valid=1 mask=0 forward_active=0
[CTRL] depth_valid=1 depth=10.218 vz=-2.684 az=-1.813 target_valid=0 target=0.000 pid=0.000 pid_base=0.000 buoyancy_pwm=0 mask_valid=1 mask=0 forward_active=0
[CTRL] depth_valid=1 depth=10.443 vz=-0.119 az=1.138 target_valid=0 target=0.000 pid=0.000 pid_base=0.000 buoyancy_pwm=0 mask_valid=1 mask=0 forward_active=0
[CTRL] depth_valid=1 depth=11.510 vz=2.109 az=2.379 target_valid=0 target=0.000 pid=0.000 pid_base=0.000 buoyancy_pwm=0 mask_valid=1 mask=0 forward_active=0
$T,116,22,22,227,28,71,891,-781,-836,1195,0*7A
[CTRL] depth_valid=1 depth=12.292 vz=2.069 az=1.241 target_valid=0 target=0.000 pid=0.000 pid_base=0.000 buoyancy_pwm=0 mask_valid=1 mask=0 forward_active=0
[CTRL] depth_valid=1 depth=12.261 vz=0.223 az=-0.929 target_valid=0 target=0.000 pid=0.000 pid_base=0.000 buoyancy_pwm=0 mask_valid=1 mask=0 forward_active=0
[OK]hb
[CTRL] depth_valid=1 depth=11.298 vz=-2.010 az=-2.377 target_valid=0 target=0.000 pid=0.000 pid_base=0.000 buoyancy_pwm=0 mask_valid=1 mask=0 forward_active=0
[CTRL] depth_valid=1 depth=10.642 vz=-1.868 az=-1.194 target_valid=0 target=0.000 pid=0.000 pid_base=0.000 buoyancy_pwm=0 mask_valid=1 mask=0 forward_active=0
$T,105,-17,-9,226,29,70,948,-870,-890,1195,0*4E
[CTRL] depth_valid=1 depth=10.630 vz=-0.359 az=0.618 target_valid=0 target=0.000 pid=0.000 pid_base=0.000 buoyancy_pwm=0 mask_valid=1 mask=0 forward_active=0
[CTRL] depth_valid=1 depth=11.519 vz=1.760 az=2.020 target_valid=0 target=0.000 pid=0.000 pid_base=0.000 buoyancy_pwm=0 mask_valid=1 mask=0 forward_active=0
[CTRL] depth_valid=1 depth=12.066 vz=1.487 az=0.825 target_valid=0 target=0.000 pid=0.000 pid_base=0.000 buoyancy_pwm=0 mask_valid=1 mask=0 forward_active=0
[CTRL] depth_valid=1 depth=11.957 vz=0.043 az=-0.771 target_valid=0 target=0.000 pid=0.000 pid_base=0.000 buoyancy_pwm=0 mask_valid=1 mask=0 forward_active=0
$T,119,0,-7,226,30,70,878,-804,-818,1195,0*5F
[CTRL] depth_valid=1 depth=11.308 vz=-1.460 az=-1.733 target_valid=0 target=0.000 pid=0.000 pid_base=0.000 buoyancy_pwm=0 mask_valid=1 mask=0 forward_active=0
[CTRL] depth_valid=1 depth=10.699 vz=-1.637 az=-1.116 target_valid=0 target=0.000 pid=0.000 pid_base=0.000 buoyancy_pwm=0 mask_valid=1 mask=0 forward_active=0
[CTRL] depth_valid=1 depth=10.796 vz=-0.164 az=0.612 target_valid=0 target=0.000 pid=0.000 pid_base=0.000 buoyancy_pwm=0 mask_valid=1 mask=0 forward_active=0
[Cvz=1.055 az=1 target_valid=0 target=0.000 pid=0.000 pid_base=0.000 buoyancy_pwm=0 mask_valid=1 mask=0 forward_active=0
$T,113,10,13,225,30,69,869,-805,-804,1195,0*7B
[CTRL] depth_valid=1 depth=11.912 vz=1.408 az=0.975 target_valid=0 target=0.000 pid=0.000 pid_base=0.000 buoyancy_pwm=0 mask_valid=1 mask=0 forward_active=0
[CTRL] depth_valid=1 depth=11.849 vz=0.078 az=-0.638 target_valid=0 target=0.000 pid=0.000 pid_base=0.000 buoyancy_pwm=0 mask_valid=1 mask=0 forward_active=0
[CTRL] depth_valid=1 depth=11.292 vz=-1.245 az=-1.498 target_valid=0 target=0.000 pid=0.000 pid_base=0.000 buoyancy_pwm=0 mask_valid=1 mask=0 forward_active=0
[CTRL] depth_valid=1 depth=10.893 vz=-1.210 az=-0.840 target_valid=0 target=0.000 pid=0.000 pid_base=0.000 buoyancy_pwm=0 mask_valid=1 mask=0 forward_active=0
$T,108,-11,-7,223,31,68,901,-849,-834,1196,0*44
[CTRL] depth_valid=1 depth=10.852 vz=-0.341 az=0.249 target_valid=0 target=0.000 pid=0.000 pid_base=0.000 buoyancy_pwm=0 mask_valid=1 mask=0 forward_active=0
[CTRL] depth_valid=1 depth=11.373 vz=0.983 az=1.212 target_valid=0 target=0.000 pid=0.000 pid_base=0.000 buoyancy_pwm=0 mask_valid=1 mask=0 forward_active=0
[CTRL] depth_valid=1 depth=11.850 vz=1.165 az=0.779 target_valid=0 target=0.000 pid=0.000 pid_base=0.000 buoyancy_pwm=0 mask_valid=1 mask=0 forward_active=0
[CTRL] depth_valid=1 depth=11.805 vz=0.085 az=-0.519 target_valid=0 target=0.000 pid=0.000 pid_base=0.000 buoyancy_pwm=0 mask_valid=1 mask=0 forward_active=0
$T,117,-1,-7,223,32,68,893,-814,-825,1196,0*7A
[CTRL] depth_valid=1 depth=11.369 vz=-1.031 az=-1.288 target_valid=0 target=0.000 pid=0.000 pid_base=0.000 buoyancy_pwm=0 mask_valid=1 mask=0 forward_active=0
[OK]hb
[CTRL] depth_valid=1 depth=10.926 vz=-1.187 az=-0.852 target_valid=0 target=0.000 pid=0.000 pid_base=0.000 buoyancy_pwm=0 mask_valid=1 mask=0 forward_active=0
[CTRL] depth_valid=1 depth=11.019 vz=-0.114 az=0.391 target_valid=0 target=0.000 pid=0.000 pid_base=0.000 buoyancy_pwm=0 mask_valid=1 mask=0 forward_active=0
[CTRL] depth_valid=1 depth=11.449 vz=0.870 az=1.022 target_valid=0 target=0.000 pid=0.000 pid_base=0.000 buoyancy_pwm=0 mask_valid=1 mask=0 forward_active=0
$T,115,9,9,222,32,67,863,-813,-794,1195,0*7E
[CTRL] depth_valid=1 depth=11.828 vz=0.911 az=0.540 target_valid=0 target=0.000 pid=0.000 pid_base=0.000 buoyancy_pwm=0 mask_valid=1 mask=0 forward_active=0
[CTRL] depth_valid=1 depth=11.784 vz=0.013 az=-0.501 target_valid=0 target=0.000 pid=0.000 pid_base=0.000 buoyancy_pwm=0 mask_valid=1 mask=0 forward_active=0
[CTRL] depth_valid=1 depth=11.338 vz=-0.962 az=-1.096 target_valid=0 target=0.000 pid=0.000 pid_base=0.000 buoyancy_pwm=0 mask_valid=1 mask=0 forward_active=0
[CTRL] depth_valid=1 depth=10.991 vz=-0.977 az=-0.639 target_valid=0 target=0.000 pid=0.000 pid_base=0.000 buoyancy_pwm=0 mask_valid=1 mask=0 forward_active=0
$T,109,-9,-6,221,33,66,908,-839,-837,1198,0*70
[CTRL] depth_valid=1 depth=11.125 vz=0.006 az=0.425 target_valid=0 target=0.000 pid=0.000 pid_base=0.000 buoyancy_pwm=0 mask_valid=1 mask=0 forward_active=0
[CTRL] depth_valid=1 depth=11.550 vz=0.807 az=0.837 target_valid=0 target=0.000 pid=0.000 pid_base=0.000 buoyancy_pwm=0 mask_valid=1 mask=0 forward_active=0
[CTRL] depth_valid=1 depth=11.785 vz=0.655 az=0.323 target_valid=0 target=0.000 pid=0.000 pid_base=0.000 buoyancy_pwm=0 mask_valid=1 mask=0 forward_active=0
