record_index,elapsed_s,depth_age_ms,depth_sequence,depth_valid,depth_fresh,depth_cm,raw_depth_cm,depth_speed_cm_s,depth_accel_cm_s2,target_valid,target_depth_cm,proposal_desired_accel_cm_s2,proposal_bias_cm_s2,requested_duty,battery_window_v,pwm_commanded,direction_commanded,valve_mask_estimated,forward_active,balance_active,output_saturated
0,0.006621,302,1,1,1,0.10648659616708755,0.07160240411758423,-0.05629449337720871,-0.054860007017850876,0,,0.0,0.0,0.0,11.99787712097168,0,0,0,0,0,0
1,0.05158,347,1,1,0,0.10648659616708755,0.07160240411758423,-0.05629449337720871,-0.054860007017850876,0,,0.0,0.0,0.0,11.99787712097168,0,0,0,0,0,0
2,0.101581,34,2,1,1,0.115432508289814,0.13296698033809662,-0.017205219715833664,-0.0070745982229709625,0,,0.0,0.0,0.0,11.99787712097168,0,0,0,0,0,0
3,0.151621,2,3,1,1,0.10855638980865479,0.10231590270996094,-0.030180878937244415,-0.01894286274909973,0,,0.0,0.0,0.0,11.99787712097168,0,0,0,0,0,0
4,0.20158,52,3,1,0,0.10855638980865479,0.10231590270996094,-0.030180878937244415,-0.01894286274909973,0,,0.0,0.0,0.0,11.99787712097168,0,0,0,0,0,0
5,0.251587,21,4,1,1,0.13064511120319366,0.16368047893047333,0.024437598884105682,0.03530777245759964,1,30.0,0.0,0.0,0.0,11.99787712097168,0,0,0,0,0,0
6,0.301642,71,4,1,0,0.13064511120319366,0.16368047893047333,0.024437598884105682,0.03530777245759964,1,30.0,0.0,0.0,0.0,11.985315322875977,0,0,0,0,0,0
7,0.351583,121,4,1,0,0.13064511120319366,0.16368047893047333,0.024437598884105682,0.03530777245759964,1,30.0,0.0,0.0,0.0,11.985315322875977,0,0,0,0,0,0
8,0.40158,171,4,1,0,0.13064511120319366,0.16368047893047333,0.024437598884105682,0.03530777245759964,1,30.0,0.0,0.0,0.0,11.985315322875977,0,0,0,0,0,0
9,0.45158,221,4,1,0,0.13064511120319366,0.16368047893047333,0.024437598884105682,0.03530777245759964,1,30.0,0.0,0.0,0.0,11.985315322875977,0,0,0,0,0,0
10,0.501581,271,4,1,0,0.13064511120319366,0.16368047893047333,0.024437598884105682,0.03530777245759964,1,30.0,0.0,0.0,0.0,11.985315322875977,0,0,0,0,0,0
11,0.551594,321,4,1,0,0.13064511120319366,0.16368047893047333,0.024437598884105682,0.03530777245759964,1,30.0,0.0,0.0,0.0,11.985315322875977,0,0,0,0,0,0
12,0.601581,38,5,1,1,0.14005863666534424,0.14320480823516846,0.04048188775777817,0.04388400912284851,1,30.0,2.6631057262420654,-0.09579813480377197,1.0,11.985315322875977,255,1,0,0,0,1
13,0.651581,7,6,1,1,0.13383878767490387,0.12272914499044418,0.022064222022891045,0.022840073332190514,1,30.0,2.6747162342071533,-0.0959848165512085,1.0,11.985315322875977,255,1,0,0,0,1
14,0.70158,57,6,1,0,0.13383878767490387,0.12272914499044418,0.022064222022891045,0.022840073332190514,1,30.0,2.6747162342071533,-0.0959848165512085,1.0,11.985315322875977,255,1,0,0,0,1
15,0.751581,26,7,1,1,0.12583377957344055,0.11255373805761337,0.0013716556131839752,0.0010531526058912277,1,30.0,2.687852144241333,-0.09622490406036377,1.0,11.985315322875977,255,1,0,0,0,1
16,0.801583,76,7,1,0,0.12583377957344055,0.11255373805761337,0.0013716556131839752,0.0010531526058912277,1,30.0,2.687852144241333,-0.09622490406036377,1.0,11.985315322875977,255,1,0,0,0,1
17,0.85158,126,7,1,0,0.12583377957344055,0.11255373805761337,0.0013716556131839752,0.0010531526058912277,1,30.0,2.687852144241333,-0.09622490406036377,1.0,11.985315322875977,255,1,0,0,0,1
18,0.90158,176,7,1,0,0.12583377957344055,0.11255373805761337,0.0013716556131839752,0.0010531526058912277,1,30.0,2.687852144241333,-0.09622490406036377,1.0,11.985315322875977,255,1,0,0,0,1
19,0.951584,226,7,1,0,0.12583377957344055,0.11255373805761337,0.0013716556131839752,0.0010531526058912277,1,30.0,2.687852144241333,-0.09622490406036377,1.0,11.985315322875977,255,1,0,0,0,1
20,1.00158,276,7,1,0,0.12583377957344055,0.11255373805761337,0.0013716556131839752,0.0010531526058912277,1,30.0,2.687852144241333,-0.09622490406036377,1.0,11.985315322875977,255,1,0,0,0,1
21,1.051663,326,7,1,0,0.12583377957344055,0.11255373805761337,0.0013716556131839752,0.0010531526058912277,1,30.0,2.687852144241333,-0.09622490406036377,1.0,11.985315322875977,255,1,0,0,0,1
22,1.101581,13,8,1,1,0.15233051776885986,0.17391830682754517,0.06324225664138794,0.05994398891925812,1,30.0,2.6483449935913086,-0.09543001651763916,1.0,11.985315322875977,255,1,0,0,0,1
23,1.151584,63,8,1,0,0.15233051776885986,0.17391830682754517,0.06324225664138794,0.05994398891925812,1,30.0,2.6483449935913086,-0.09543001651763916,1.0,11.985315322875977,255,1,0,0,0,1
24,1.201586,32,9,1,1,0.15093742311000824,0.14320480823516846,0.05279342085123062,0.04528103768825531,1,30.0,2.6547396183013916,-0.09547185897827148,1.0,11.985315322875977,255,1,0,0,0,1
25,1.25158,82,9,1,0,0.15093742311000824,0.14320480823516846,0.05279342085123062,0.04528103768825531,1,30.0,2.6547396183013916,-0.09547185897827148,1.0,11.985315322875977,255,1,0,0,0,1
26,1.301646,48,10,1,1,0.1458357274532318,0.13296698033809662,0.034392423927783966,0.023814795538783073,1,30.0,2.6662395000457764,-0.09562492370605469,1.0,11.993690490722656,255,1,0,0,0,1
27,1.351597,98,10,1,0,0.1458357274532318,0.13296698033809662,0.034392423927783966,0.023814795538783073,1,30.0,2.6662395000457764,-0.09562492370605469,1.0,11.993690490722656,255,1,0,0,0,1
28,1.401625,148,10,1,0,0.1458357274532318,0.13296698033809662,0.034392423927783966,0.023814795538783073,1,30.0,2.6662395000457764,-0.09562492370605469,1.0,11.993690490722656,255,1,0,0,0,1
29,1.45158,198,10,1,0,0.1458357274532318,0.13296698033809662,0.034392423927783966,0.023814795538783073,1,30.0,2.6662395000457764,-0.09562492370605469,1.0,11.993690490722656,255,1,0,0,0,1
30,1.501613,248,10,1,0,0.1458357274532318,0.13296698033809662,0.034392423927783966,0.023814795538783073,1,30.0,2.6662395000457764,-0.09562492370605469,1.0,11.993690490722656,255,1,0,0,0,1
31,1.551594,298,10,1,0,0.1458357274532318,0.13296698033809662,0.034392423927783966,0.023814795538783073,1,30.0,2.6662395000457764,-0.09562492370605469,1.0,11.993690490722656,255,1,0,0,0,1
32,1.601602,13,11,1,1,0.14206720888614655,0.13296698033809662,0.013015387579798698,-0.0011451561003923416,1,30.0,2.6794049739837646,-0.09573793411254883,1.0,11.993690490722656,255,1,0,0,0,1
33,1.65158,63,11,1,0,0.14206720888614655,0.13296698033809662,0.013015387579798698,-0.0011451561003923416,1,30.0,2.6794049739837646,-0.09573793411254883,1.0,11.993690490722656,255,1,0,0,0,1
34,1.701581,31,12,1,1,0.1431652307510376,0.14320480823516846,0.013000277802348137,-0.0010696884710341692,1,30.0,2.6793150901794434,-0.09570503234863281,1.0,11.993690490722656,255,1,0,0,0,1
35,1.75158,81,12,1,0,0.1431652307510376,0.14320480823516846,0.013000277802348137,-0.0010696884710341692,1,30.0,2.6793150901794434,-0.09570503234863281,1.0,11.993690490722656,255,1,0,0,0,1
36,1.801595,48,13,1,1,0.1437959372997284,0.14320480823516846,0.011895382776856422,-0.0020517301745712757,1,30.0,2.6799211502075195,-0.09568607807159424,1.0,11.993690490722656,255,1,0,0,0,1
37,1.85158,98,13,1,0,0.1437959372997284,0.14320480823516846,0.011895382776856422,-0.0020517301745712757,1,30.0,2.6799211502075195,-0.09568607807159424,1.0,11.993690490722656,255,1,0,0,0,1
38,1.90158,148,13,1,0,0.1437959372997284,0.14320480823516846,0.011895382776856422,-0.0020517301745712757,1,30.0,2.6799211502075195,-0.09568607807159424,1.0,11.993690490722656,255,1,0,0,0,1
39,1.95158,198,13,1,0,0.1437959372997284,0.14320480823516846,0.011895382776856422,-0.0020517301745712757,1,30.0,2.6799211502075195,-0.09568607807159424,1.0,11.993690490722656,255,1,0,0,0,1
40,2.00158,248,13,1,0,0.1437959372997284,0.14320480823516846,0.011895382776856422,-0.0020517301745712757,1,30.0,2.6799211502075195,-0.09568607807159424,1.0,11.993690490722656,255,1,0,0,0,1
41,2.051585,16,14,1,1,0.15577639639377594,0.16368047893047333,0.03413205221295357,0.019570013508200645,1,30.0,2.6655008792877197,-0.09532666206359863,1.0,11.993690490722656,255,1,0,0,0,1
42,2.10158,66,14,1,0,0.15577639639377594,0.16368047893047333,0.03413205221295357,0.019570013508200645,1,30.0,2.6655008792877197,-0.09532666206359863,1.0,11.993690490722656,255,1,0,0,0,1
43,2.151587,34,15,1,1,0.1371561586856842,0.11255373805761337,-0.013175833970308304,-0.02726871706545353,1,30.0,2.695561647415161,-0.0958852767944336,1.0,11.993690490722656,255,1,0,0,0,1
44,2.201623,4,16,1,1,0.10422937572002411,0.06136457249522209,-0.08784154057502747,-0.09730643779039383,1,30.0,2.7433242797851562,-0.09687304496765137,1.0,11.993690490722656,255,1,0,0,0,1
45,2.25158,54,16,1,0,0.10422937572002411,0.06136457249522209,-0.08784154057502747,-0.09730643779039383,1,30.0,2.7433242797851562,-0.09687304496765137,1.0,11.993690490722656,255,1,0,0,0,1
46,2.301638,104,16,1,0,0.10422937572002411,0.06136457249522209,-0.08784154057502747,-0.09730643779039383,1,30.0,2.7433242797851562,-0.09687304496765137,1.0,11.993690490722656,255,1,0,0,0,1
47,2.35158,154,16,1,0,0.10422937572002411,0.06136457249522209,-0.08784154057502747,-0.09730643779039383,1,30.0,2.7433242797851562,-0.09687304496765137,1.0,11.993690490722656,255,1,0,0,0,1
48,2.40158,204,16,1,0,0.10422937572002411,0.06136457249522209,-0.08784154057502747,-0.09730643779039383,1,30.0,2.7433242797851562,-0.09687304496765137,1.0,11.993690490722656,255,1,0,0,0,1
49,2.45158,254,16,1,0,0.10422937572002411,0.06136457249522209,-0.08784154057502747,-0.09730643779039383,1,30.0,2.7433242797851562,-0.09687304496765137,1.0,11.993690490722656,255,1,0,0,0,1
50,2.50158,304,16,1,0,0.10422937572002411,0.06136457249522209,-0.08784154057502747,-0.09730643779039383,1,30.0,2.7433242797851562,-0.09687304496765137,1.0,11.993690490722656,255,1,0,0,0,1
51,2.551583,354,16,1,0,0.10422937572002411,0.06136457249522209,-0.08784154057502747,-0.09730643779039383,1,30.0,2.7433242797851562,-0.09687304496765137,1.0,11.993690490722656,255,1,0,0,0,1
52,2.60158,404,16,1,0,0.10422937572002411,0.06136457249522209,-0.08784154057502747,-0.09730643779039383,1,30.0,2.7433242797851562,-0.09687304496765137,1.0,11.993690490722656,255,1,0,0,0,1
53,2.651581,42,17,1,1,0.12797190248966217,0.16368047893047333,-0.0055486708879470825,-0.00014092028141021729,1,30.0,2.691812038421631,-0.09616076946258545,1.0,11.993690490722656,255,1,0,0,0,1
54,2.701583,8,18,1,1,0.120510034263134,0.11255373805761337,-0.021517423912882805,-0.015420760028064251,1,30.0,2.7020645141601562,-0.09638464450836182,1.0,11.993690490722656,255,1,0,0,0,1
55,2.751583,58,18,1,0,0.120510034263134,0.11255373805761337,-0.021517423912882805,-0.015420760028064251,1,30.0,2.7020645141601562,-0.09638464450836182,1.0,11.993690490722656,255,1,0,0,0,1
56,2.801583,25,19,1,1,0.12481904774904251,0.13296698033809662,-0.008740580640733242,-0.001842200756072998,1,30.0,2.6940107345581055,-0.09625530242919922,1.0,12.064881324768066,255,1,0,0,0,1
57,2.85158,75,19,1,0,0.12481904774904251,0.13296698033809662,-0.008740580640733242,-0.001842200756072998,1,30.0,2.6940107345581055,-0.09625530242919922,1.0,12.064881324768066,255,1,0,0,0,1
58,2.90158,125,19,1,0,0.12481904774904251,0.13296698033809662,-0.008740580640733242,-0.001842200756072998,1,30.0,2.6940107345581055,-0.09625530242919922,1.0,12.064881324768066,255,1,0,0,0,1
59,2.95158,175,19,1,0,0.12481904774904251,0.13296698033809662,-0.008740580640733242,-0.001842200756072998,1,30.0,2.6940107345581055,-0.09625530242919922,1.0,12.064881324768066,255,1,0,0,0,1
60,3.001581,225,19,1,0,0.12481904774904251,0.13296698033809662,-0.008740580640733242,-0.001842200756072998,1,30.0,2.6940107345581055,-0.09625530242919922,1.0,12.064881324768066,255,1,0,0,0,1
61,3.05159,275,19,1,0,0.12481904774904251,0.13296698033809662,-0.008740580640733242,-0.001842200756072998,1,30.0,2.6940107345581055,-0.09625530242919922,1.0,12.064881324768066,255,1,0,0,0,1
62,3.101597,45,20,1,1,0.10601173341274261,0.0920780673623085,-0.04906753450632095,-0.03997192531824112,1,30.0,2.7198996543884277,-0.09681963920593262,1.0,12.064881324768066,255,1,0,0,0,1
63,3.151581,13,21,1,1,0.11636106669902802,0.13296698033809662,-0.019336342811584473,-0.00837605819106102,1,30.0,2.70112943649292,-0.09650909900665283,1.0,12.064881324768066,255,1,0,0,0,1
64,3.20158,63,21,1,0,0.11636106669902802,0.13296698033809662,-0.019336342811584473,-0.00837605819106102,1,30.0,2.70112943649292,-0.09650909900665283,1.0,12.064881324768066,255,1,0,0,0,1
65,3.251581,32,22,1,1,0.12253689020872116,0.13296698033809662,-0.0022944174706935883,0.008740393444895744,1,30.0,2.6903483867645264,-0.09632384777069092,1.0,12.064881324768066,255,1,0,0,0,1
66,3.301693,82,22,1,0,0.12253689020872116,0.13296698033809662,-0.0022944174706935883,0.008740393444895744,1,30.0,2.6903483867645264,-0.09632384777069092,1.0,12.064881324768066,255,1,0,0,0,1
67,3.351583,132,22,1,0,0.12253689020872116,0.13296698033809662,-0.0022944174706935883,0.008740393444895744,1,30.0,2.6903483867645264,-0.09632384777069092,1.0,12.064881324768066,255,1,0,0,0,1
68,3.40158,182,22,1,0,0.12253689020872116,0.13296698033809662,-0.0022944174706935883,0.008740393444895744,1,30.0,2.6903483867645264,-0.09632384777069092,1.0,12.064881324768066,255,1,0,0,0,1
69,3.451583,232,22,1,0,0.12253689020872116,0.13296698033809662,-0.0022944174706935883,0.008740393444895744,1,30.0,2.6903483867645264,-0.09632384777069092,1.0,12.064881324768066,255,1,0,0,0,1
70,3.501599,282,22,1,0,0.12253689020872116,0.13296698033809662,-0.0022944174706935883,0.008740393444895744,1,30.0,2.6903483867645264,-0.09632384777069092,1.0,12.064881324768066,255,1,0,0,0,1
71,3.551594,16,23,1,1,0.13373978435993195,0.14320480823516846,0.026452090591192245,0.034512653946876526,1,30.0,2.6720921993255615,-0.09598779678344727,1.0,12.064881324768066,255,1,0,0,0,1
72,3.60158,66,23,1,0,0.13373978435993195,0.14320480823516846,0.026452090591192245,0.034512653946876526,1,30.0,2.6720921993255615,-0.09598779678344727,1.0,12.064881324768066,255,1,0,0,0,1
73,3.651674,35,24,1,1,0.1155925765633583,0.0920780673623085,-0.01722455397248268,-0.0099870003759861,1,30.0,2.6999313831329346,-0.09653210639953613,1.0,12.064881324768066,255,1,0,0,0,1
74,3.701631,3,25,1,1,0.1309388130903244,0.1534426361322403,0.02033352479338646,0.02709313854575157,1,30.0,2.6760153770446777,-0.09607172012329102,1.0,12.064881324768066,255,1,0,0,0,1
75,3.751583,53,25,1,0,0.1309388130903244,0.1534426361322403,0.02033352479338646,0.02709313854575157,1,30.0,2.6760153770446777,-0.09607172012329102,1.0,12.064881324768066,255,1,0,0,0,1
76,3.801584,103,25,1,0,0.1309388130903244,0.1534426361322403,0.02033352479338646,0.02709313854575157,1,30.0,2.6760153770446777,-0.09607172012329102,1.0,12.064881324768066,255,1,0,0,0,1
77,3.85158,153,25,1,0,0.1309388130903244,0.1534426361322403,0.02033352479338646,0.02709313854575157,1,30.0,2.6760153770446777,-0.09607172012329102,1.0,12.064881324768066,255,1,0,0,0,1
78,3.901581,203,25,1,0,0.1309388130903244,0.1534426361322403,0.02033352479338646,0.02709313854575157,1,30.0,2.6760153770446777,-0.09607172012329102,1.0,12.064881324768066,255,1,0,0,0,1
79,3.95158,253,25,1,0,0.1309388130903244,0.1534426361322403,0.02033352479338646,0.02709313854575157,1,30.0,2.6760153770446777,-0.09607172012329102,1.0,12.064881324768066,255,1,0,0,0,1
80,4.001581,303,25,1,0,0.1309388130903244,0.1534426361322403,0.02033352479338646,0.02709313854575157,1,30.0,2.6760153770446777,-0.09607172012329102,1.0,12.064881324768066,255,1,0,0,0,1
81,4.051588,353,25,1,0,0.1309388130903244,0.1534426361322403,0.02033352479338646,0.02709313854575157,1,30.0,2.6760153770446777,-0.09607172012329102,1.0,12.064881324768066,255,1,0,0,0,1
82,4.10158,38,26,1,1,0.13413144648075104,0.13296698033809662,0.02242245525121689,0.023914489895105362,1,30.0,2.6744747161865234,-0.09597599506378174,1.0,12.064881324768066,255,1,0,0,0,1
83,4.151581,6,27,1,1,0.12984348833560944,0.12272914499044418,0.01023801602423191,0.010369306430220604,1,30.0,2.68217134475708,-0.09610462188720703,1.0,12.064881324768066,255,1,0,0,0,1
84,4.20158,56,27,1,0,0.12984348833560944,0.12272914499044418,0.01023801602423191,0.010369306430220604,1,30.0,2.68217134475708,-0.09610462188720703,1.0,12.064881324768066,255,1,0,0,0,1
85,4.251581,24,28,1,1,0.11856205016374588,0.10231590270996094,-0.016689546406269073,-0.01647097058594227,1,30.0,2.699343204498291,-0.09644317626953125,1.0,12.064881324768066,255,1,0,0,0,1
86,4.301642,74,28,1,0,0.11856205016374588,0.10231590270996094,-0.016689546406269073,-0.01647097058594227,1,30.0,2.699343204498291,-0.09644317626953125,1.0,12.064881324768066,255,1,0,0,0,1
87,4.35158,124,28,1,0,0.11856205016374588,0.10231590270996094,-0.016689546406269073,-0.01647097058594227,1,30.0,2.699343204498291,-0.09644317626953125,1.0,12.064881324768066,255,1,0,0,0,1
88,4.40158,174,28,1,0,0.11856205016374588,0.10231590270996094,-0.016689546406269073,-0.01647097058594227,1,30.0,2.699343204498291,-0.09644317626953125,1.0,12.064881324768066,255,1,0,0,0,1
89,4.45158,224,28,1,0,0.11856205016374588,0.10231590270996094,-0.016689546406269073,-0.01647097058594227,1,30.0,2.699343204498291,-0.09644317626953125,1.0,12.064881324768066,255,1,0,0,0,1
90,4.50158,274,28,1,0,0.11856205016374588,0.10231590270996094,-0.016689546406269073,-0.01647097058594227,1,30.0,2.699343204498291,-0.09644317626953125,1.0,12.064881324768066,255,1,0,0,0,1
91,4.551593,324,28,1,0,0.11856205016374588,0.10231590270996094,-0.016689546406269073,-0.01647097058594227,1,30.0,2.699343204498291,-0.09644317626953125,1.0,12.064881324768066,255,1,0,0,0,1
92,4.601583,12,29,1,1,0.11360954493284225,0.11255373805761337,-0.02300461195409298,-0.019355200231075287,1,30.0,2.703577995300293,-0.09659171104431152,1.0,12.064881324768066,255,1,0,0,0,1
93,4.65158,62,29,1,0,0.11360954493284225,0.11255373805761337,-0.02300461195409298,-0.019355200231075287,1,30.0,2.703577995300293,-0.09659171104431152,1.0,12.064881324768066,255,1,0,0,0,1
94,4.70158,27,30,1,1,0.1360393762588501,0.16368047893047333,0.03110223077237606,0.03402416780591011,1,30.0,2.669095277786255,-0.09591877460479736,1.0,12.064881324768066,255,1,0,0,0,1
95,4.75158,77,30,1,0,0.1360393762588501,0.16368047893047333,0.03110223077237606,0.03402416780591011,1,30.0,2.669095277786255,-0.09591877460479736,1.0,12.064881324768066,255,1,0,0,0,1
96,4.801603,45,31,1,1,0.09670931845903397,0.040951330214738846,-0.06197183579206467,-0.05857515707612038,1,30.0,2.7284791469573975,-0.09709858894348145,1.0,12.064881324768066,255,1,0,0,0,1
97,4.851585,95,31,1,0,0.09670931845903397,0.040951330214738846,-0.06197183579206467,-0.05857515707612038,1,30.0,2.7284791469573975,-0.09709858894348145,1.0,12.064881324768066,255,1,0,0,0,1
98,4.901589,145,31,1,0,0.09670931845903397,0.040951330214738846,-0.06197183579206467,-0.05857515707612038,1,30.0,2.7284791469573975,-0.09709858894348145,1.0,12.064881324768066,255,1,0,0,0,1
99,4.95158,195,31,1,0,0.09670931845903397,0.040951330214738846,-0.06197183579206467,-0.05857515707612038,1,30.0,2.7284791469573975,-0.09709858894348145,1.0,12.064881324768066,255,1,0,0,0,1
100,5.001603,245,31,1,0,0.09670931845903397,0.040951330214738846,-0.06197183579206467,-0.05857515707612038,1,30.0,2.7284791469573975,-0.09709858894348145,1.0,12.064881324768066,255,1,0,0,0,1
101,5.051592,14,32,1,1,0.12739694118499756,0.16368047893047333,0.03016895055770874,0.040545690804719925,1,30.0,2.6704328060150146,-0.09617805480957031,1.0,12.064881324768066,255,1,0,0,0,1
102,5.10158,64,32,1,0,0.12739694118499756,0.16368047893047333,0.03016895055770874,0.040545690804719925,1,30.0,2.6704328060150146,-0.09617805480957031,1.0,12.064881324768066,255,1,0,0,0,1
103,5.151581,33,33,1,1,0.14088577032089233,0.1534426361322403,0.05827416107058525,0.06430943310260773,1,30.0,2.652355670928955,-0.09577345848083496,1.0,12.064881324768066,255,1,0,0,0,1
104,5.201589,83,33,1,0,0.14088577032089233,0.1534426361322403,0.05827416107058525,0.06430943310260773,1,30.0,2.652355670928955,-0.09577345848083496,1.0,12.064881324768066,255,1,0,0,0,1
105,5.251581,51,34,1,1,0.13163654506206512,0.11255373805761337,0.03103005886077881,0.032895151525735855,1,30.0,2.669534683227539,-0.09605085849761963,1.0,12.064881324768066,255,1,0,0,0,1
106,5.301636,101,34,1,0,0.13163654506206512,0.11255373805761337,0.03103005886077881,0.032895151525735855,1,30.0,2.669534683227539,-0.09605085849761963,1.0,12.064881324768066,255,1,0,0,0,1
107,5.351635,151,34,1,0,0.13163654506206512,0.11255373805761337,0.03103005886077881,0.032895151525735855,1,30.0,2.669534683227539,-0.09605085849761963,1.0,12.064881324768066,255,1,0,0,0,1
108,5.40158,201,34,1,0,0.13163654506206512,0.11255373805761337,0.03103005886077881,0.032895151525735855,1,30.0,2.669534683227539,-0.09605085849761963,1.0,12.064881324768066,255,1,0,0,0,1
109,5.451654,251,34,1,0,0.13163654506206512,0.11255373805761337,0.03103005886077881,0.032895151525735855,1,30.0,2.669534683227539,-0.09605085849761963,1.0,12.064881324768066,255,1,0,0,0,1
110,5.501587,301,34,1,0,0.13163654506206512,0.11255373805761337,0.03103005886077881,0.032895151525735855,1,30.0,2.669534683227539,-0.09605085849761963,1.0,12.064881324768066,255,1,0,0,0,1
111,5.551645,351,34,1,0,0.13163654506206512,0.11255373805761337,0.03103005886077881,0.032895151525735855,1,30.0,2.669534683227539,-0.09605085849761963,1.0,12.064881324768066,255,1,0,0,0,1
112,5.601589,35,35,1,1,0.14669761061668396,0.1534426361322403,0.056875407695770264,0.051283761858940125,1,30.0,2.652672052383423,-0.09559905529022217,1.0,12.064881324768066,255,1,0,0,0,1
113,5.651635,4,36,1,1,0.109598308801651,0.06136457249522209,-0.03433870151638985,-0.04002092033624649,1,30.0,2.7107393741607666,-0.09671199321746826,1.0,12.064881324768066,255,1,0,0,0,1
114,5.70161,54,36,1,0,0.109598308801651,0.06136457249522209,-0.03433870151638985,-0.04002092033624649,1,30.0,2.7107393741607666,-0.09671199321746826,1.0,12.064881324768066,255,1,0,0,0,1
115,5.751581,23,37,1,1,0.10482295602560043,0.10231590270996094,-0.04183386638760567,-0.0441301055252552,1,30.0,2.7156662940979004,-0.0968552827835083,1.0,12.064881324768066,255,1,0,0,0,1
116,5.801634,73,37,1,0,0.10482295602560043,0.10231590270996094,-0.04183386638760567,-0.0441301055252552,1,30.0,2.7156662940979004,-0.0968552827835083,1.0,12.023003578186035,255,1,0,0,0,1
117,5.85158,123,37,1,0,0.10482295602560043,0.10231590270996094,-0.04183386638760567,-0.0441301055252552,1,30.0,2.7156662940979004,-0.0968552827835083,1.0,12.023003578186035,255,1,0,0,0,1
118,5.90158,173,37,1,0,0.10482295602560043,0.10231590270996094,-0.04183386638760567,-0.0441301055252552,1,30.0,2.7156662940979004,-0.0968552827835083,1.0,12.023003578186035,255,1,0,0,0,1
119,5.95158,223,37,1,0,0.10482295602560043,0.10231590270996094,-0.04183386638760567,-0.0441301055252552,1,30.0,2.7156662940979004,-0.0968552827835083,1.0,12.023003578186035,255,1,0,0,0,1
120,6.00159,273,37,1,0,0.10482295602560043,0.10231590270996094,-0.04183386638760567,-0.0441301055252552,1,30.0,2.7156662940979004,-0.0968552827835083,1.0,12.023003578186035,255,1,0,0,0,1
121,6.051584,11,38,1,1,0.1160716637969017,0.13296698033809662,-0.002436727285385132,0.0019093602895736694,1,30.0,2.6910157203674316,-0.09651780128479004,1.0,12.023003578186035,255,1,0,0,0,1
122,6.101582,61,38,1,0,0.1160716637969017,0.13296698033809662,-0.002436727285385132,0.0019093602895736694,1,30.0,2.6910157203674316,-0.09651780128479004,1.0,12.023003578186035,255,1,0,0,0,1
123,6.15158,27,39,1,1,0.13345682621002197,0.1534426361322403,0.03783086687326431,0.04031115770339966,1,30.0,2.665290355682373,-0.09599626064300537,1.0,12.023003578186035,255,1,0,0,0,1
124,6.20158,77,39,1,0,0.13345682621002197,0.1534426361322403,0.03783086687326431,0.04031115770339966,1,30.0,2.665290355682373,-0.09599626064300537,1.0,12.023003578186035,255,1,0,0,0,1
125,6.25159,46,40,1,1,0.12634146213531494,0.11255373805761337,0.01755044050514698,0.01756446622312069,1,30.0,2.6780991554260254,-0.09620964527130127,1.0,12.023003578186035,255,1,0,0,0,1
126,6.301638,96,40,1,0,0.12634146213531494,0.11255373805761337,0.01755044050514698,0.01756446622312069,1,30.0,2.6780991554260254,-0.09620964527130127,1.0,12.023003578186035,255,1,0,0,0,1
127,6.351581,146,40,1,0,0.12634146213531494,0.11255373805761337,0.01755044050514698,0.01756446622312069,1,30.0,2.6780991554260254,-0.09620964527130127,1.0,12.023003578186035,255,1,0,0,0,1
128,6.40158,196,40,1,0,0.12634146213531494,0.11255373805761337,0.01755044050514698,0.01756446622312069,1,30.0,2.6780991554260254,-0.09620964527130127,1.0,12.023003578186035,255,1,0,0,0,1
129,6.451586,246,40,1,0,0.12634146213531494,0.11255373805761337,0.01755044050514698,0.01756446622312069,1,30.0,2.6780991554260254,-0.09620964527130127,1.0,12.023003578186035,255,1,0,0,0,1
130,6.50158,296,40,1,0,0.12634146213531494,0.11255373805761337,0.01755044050514698,0.01756446622312069,1,30.0,2.6780991554260254,-0.09620964527130127,1.0,12.023003578186035,255,1,0,0,0,1
131,6.551589,346,40,1,0,0.12634146213531494,0.11255373805761337,0.01755044050514698,0.01756446622312069,1,30.0,2.6780991554260254,-0.09620964527130127,1.0,12.023003578186035,255,1,0,0,0,1
132,6.60158,396,40,1,0,0.12634146213531494,0.11255373805761337,0.01755044050514698,0.01756446622312069,1,30.0,2.6780991554260254,-0.09620964527130127,1.0,12.023003578186035,255,1,0,0,0,1
133,6.651581,34,41,1,1,0.12051653861999512,0.11255373805761337,-0.0016991887241601944,-0.004168480634689331,1,30.0,2.6901731491088867,-0.09638440608978271,1.0,12.023003578186035,255,1,0,0,0,1
134,6.701611,84,41,1,0,0.12051653861999512,0.11255373805761337,-0.0016991887241601944,-0.004168480634689331,1,30.0,2.6901731491088867,-0.09638440608978271,1.0,12.023003578186035,255,1,0,0,0,1
135,6.75158,53,42,1,1,0.09294174611568451,0.06136457249522209,-0.06448805332183838,-0.06398490071296692,1,30.0,2.73032808303833,-0.09721171855926514,1.0,12.023003578186035,255,1,0,0,0,1
136,6.80158,103,42,1,0,0.09294174611568451,0.06136457249522209,-0.06448805332183838,-0.06398490071296692,1,30.0,2.73032808303833,-0.09721171855926514,1.0,12.023003578186035,255,1,0,0,0,1
137,6.85158,153,42,1,0,0.09294174611568451,0.06136457249522209,-0.06448805332183838,-0.06398490071296692,1,30.0,2.73032808303833,-0.09721171855926514,1.0,12.023003578186035,255,1,0,0,0,1
138,6.90158,203,42,1,0,0.09294174611568451,0.06136457249522209,-0.06448805332183838,-0.06398490071296692,1,30.0,2.73032808303833,-0.09721171855926514,1.0,12.023003578186035,255,1,0,0,0,1
139,6.95158,253,42,1,0,0.09294174611568451,0.06136457249522209,-0.06448805332183838,-0.06398490071296692,1,30.0,2.73032808303833,-0.09721171855926514,1.0,12.023003578186035,255,1,0,0,0,1
140,7.001589,303,42,1,0,0.09294174611568451,0.06136457249522209,-0.06448805332183838,-0.06398490071296692,1,30.0,2.73032808303833,-0.09721171855926514,1.0,12.023003578186035,255,1,0,0,0,1
141,7.051591,353,42,1,0,0.09294174611568451,0.06136457249522209,-0.06448805332183838,-0.06398490071296692,1,30.0,2.73032808303833,-0.09721171855926514,1.0,12.023003578186035,255,1,0,0,0,1
142,7.101581,37,43,1,1,0.109273262321949,0.13296698033809662,-0.0074438899755477905,0.0021388232707977295,1,30.0,2.694631814956665,-0.09672176837921143,1.0,12.023003578186035,255,1,0,0,0,1
143,7.15158,6,44,1,1,0.11049302667379379,0.11255373805761337,-0.0032295831479132175,0.005982097238302231,1,30.0,2.6919937133789062,-0.09668517112731934,1.0,12.023003578186035,255,1,0,0,0,1
144,7.20158,56,44,1,0,0.11049302667379379,0.11255373805761337,-0.0032295831479132175,0.005982097238302231,1,30.0,2.6919937133789062,-0.09668517112731934,1.0,12.023003578186035,255,1,0,0,0,1
145,7.251581,25,45,1,1,0.11556975543498993,0.12272914499044418,0.009179712273180485,0.017438501119613647,1,30.0,2.6840908527374268,-0.09653282165527344,1.0,12.023003578186035,255,1,0,0,0,1
146,7.301629,75,45,1,0,0.11556975543498993,0.12272914499044418,0.009179712273180485,0.017438501119613647,1,30.0,2.6840908527374268,-0.09653282165527344,1.0,12.023003578186035,255,1,0,0,0,1
147,7.35158,125,45,1,0,0.11556975543498993,0.12272914499044418,0.009179712273180485,0.017438501119613647,1,30.0,2.6840908527374268,-0.09653282165527344,1.0,12.023003578186035,255,1,0,0,0,1
148,7.401587,175,45,1,0,0.11556975543498993,0.12272914499044418,0.009179712273180485,0.017438501119613647,1,30.0,2.6840908527374268,-0.09653282165527344,1.0,12.023003578186035,255,1,0,0,0,1
149,7.45158,225,45,1,0,0.11556975543498993,0.12272914499044418,0.009179712273180485,0.017438501119613647,1,30.0,2.6840908527374268,-0.09653282165527344,1.0,12.023003578186035,255,1,0,0,0,1
150,7.501591,275,45,1,0,0.11556975543498993,0.12272914499044418,0.009179712273180485,0.017438501119613647,1,30.0,2.6840908527374268,-0.09653282165527344,1.0,12.023003578186035,255,1,0,0,0,1
151,7.55158,12,46,1,1,0.09258969128131866,0.07160240411758423,-0.046023737639188766,-0.0383167490363121,1,30.0,2.7192814350128174,-0.0972222089767456,1.0,12.023003578186035,255,1,0,0,0,1
152,7.601591,62,46,1,0,0.09258969128131866,0.07160240411758423,-0.046023737639188766,-0.0383167490363121,1,30.0,2.7192814350128174,-0.0972222089767456,1.0,12.023003578186035,255,1,0,0,0,1
153,7.651584,28,47,1,1,0.09021499752998352,0.0920780673623085,-0.04555670917034149,-0.03480714559555054,1,30.0,2.719214677810669,-0.09729349613189697,1.0,12.023003578186035,255,1,0,0,0,1
154,7.70158,78,47,1,0,0.09021499752998352,0.0920780673623085,-0.04555670917034149,-0.03480714559555054,1,30.0,2.719214677810669,-0.09729349613189697,1.0,12.023003578186035,255,1,0,0,0,1
155,7.751582,47,48,1,1,0.049559418112039566,0.0,-0.1320783495903015,-0.1151706650853157,1,30.0,2.7747867107391357,-0.09851312637329102,1.0,12.023003578186035,255,1,0,0,0,1
156,7.801596,97,48,1,0,0.049559418112039566,0.0,-0.1320783495903015,-0.1151706650853157,1,30.0,2.7747867107391357,-0.09851312637329102,1.0,12.023003578186035,255,1,0,0,0,1
157,7.851622,147,48,1,0,0.049559418112039566,0.0,-0.1320783495903015,-0.1151706650853157,1,30.0,2.7747867107391357,-0.09851312637329102,1.0,12.023003578186035,255,1,0,0,0,1
158,7.90158,197,48,1,0,0.049559418112039566,0.0,-0.1320783495903015,-0.1151706650853157,1,30.0,2.7747867107391357,-0.09851312637329102,1.0,12.023003578186035,255,1,0,0,0,1
159,7.951612,247,48,1,0,0.049559418112039566,0.0,-0.1320783495903015,-0.1151706650853157,1,30.0,2.7747867107391357,-0.09851312637329102,1.0,12.023003578186035,255,1,0,0,0,1
160,8.001581,297,48,1,0,0.049559418112039566,0.0,-0.1320783495903015,-0.1151706650853157,1,30.0,2.7747867107391357,-0.09851312637329102,1.0,12.023003578186035,255,1,0,0,0,1
161,8.051588,347,48,1,0,0.049559418112039566,0.0,-0.1320783495903015,-0.1151706650853157,1,30.0,2.7747867107391357,-0.09851312637329102,1.0,12.023003578186035,255,1,0,0,0,1
162,8.101581,35,49,1,1,0.08218652009963989,0.13296698033809662,-0.011448666453361511,0.021168790757656097,1,30.0,2.699472665786743,-0.09753429889678955,1.0,12.023003578186035,255,1,0,0,0,1
163,8.151628,4,50,1,1,0.09581013768911362,0.11255373805761337,0.02313350886106491,0.05247082561254501,1,30.0,2.677497148513794,-0.09712564945220947,1.0,12.023003578186035,255,1,0,0,0,1
164,8.20158,54,50,1,0,0.09581013768911362,0.11255373805761337,0.02313350886106491,0.05247082561254501,1,30.0,2.677497148513794,-0.09712564945220947,1.0,12.023003578186035,255,1,0,0,0,1
165,8.251581,23,51,1,1,0.09539740532636642,0.0920780673623085,0.021787388250231743,0.04708990827202797,1,30.0,2.678341865539551,-0.09713804721832275,1.0,12.023003578186035,255,1,0,0,0,1
166,8.301673,73,51,1,0,0.09539740532636642,0.0920780673623085,0.021787388250231743,0.04708990827202797,1,30.0,2.678341865539551,-0.09713804721832275,1.0,11.99787712097168,255,1,0,0,0,1
167,8.351583,123,51,1,0,0.09539740532636642,0.0920780673623085,0.021787388250231743,0.04708990827202797,1,30.0,2.678341865539551,-0.09713804721832275,1.0,11.99787712097168,255,1,0,0,0,1
168,8.401584,173,51,1,0,0.09539740532636642,0.0920780673623085,0.021787388250231743,0.04708990827202797,1,30.0,2.678341865539551,-0.09713804721832275,1.0,11.99787712097168,255,1,0,0,0,1
169,8.45158,223,51,1,0,0.09539740532636642,0.0920780673623085,0.021787388250231743,0.04708990827202797,1,30.0,2.678341865539551,-0.09713804721832275,1.0,11.99787712097168,255,1,0,0,0,1
170,8.50158,273,51,1,0,0.09539740532636642,0.0920780673623085,0.021787388250231743,0.04708990827202797,1,30.0,2.678341865539551,-0.09713804721832275,1.0,11.99787712097168,255,1,0,0,0,1
171,8.551585,323,51,1,0,0.09539740532636642,0.0920780673623085,0.021787388250231743,0.04708990827202797,1,30.0,2.678341865539551,-0.09713804721832275,1.0,11.99787712097168,255,1,0,0,0,1
172,8.601583,7,52,1,1,0.11835308372974396,0.13296698033809662,0.07264851033687592,0.08653387427330017,1,30.0,2.645759344100952,-0.09644925594329834,1.0,11.99787712097168,255,1,0,0,0,1
173,8.65158,57,52,1,0,0.11835308372974396,0.13296698033809662,0.07264851033687592,0.08653387427330017,1,30.0,2.645759344100952,-0.09644925594329834,1.0,11.99787712097168,255,1,0,0,0,1
174,8.701581,24,53,1,1,0.09515929967164993,0.06136457249522209,0.012643210589885712,0.022355392575263977,1,30.0,2.683849811553955,-0.0971451997756958,1.0,11.99787712097168,255,1,0,0,0,1
175,8.75158,74,53,1,0,0.09515929967164993,0.06136457249522209,0.012643210589885712,0.022355392575263977,1,30.0,2.683849811553955,-0.0971451997756958,1.0,11.99787712097168,255,1,0,0,0,1
176,8.801595,41,54,1,1,0.10326670110225677,0.11255373805761337,0.03043539822101593,0.03772389888763428,1,30.0,2.672445058822632,-0.09690189361572266,1.0,11.99787712097168,255,1,0,0,0,1
177,8.851584,91,54,1,0,0.10326670110225677,0.11255373805761337,0.03043539822101593,0.03772389888763428,1,30.0,2.672445058822632,-0.09690189361572266,1.0,11.99787712097168,255,1,0,0,0,1
178,8.90158,141,54,1,0,0.10326670110225677,0.11255373805761337,0.03043539822101593,0.03772389888763428,1,30.0,2.672445058822632,-0.09690189361572266,1.0,11.99787712097168,255,1,0,0,0,1
179,8.95158,191,54,1,0,0.10326670110225677,0.11255373805761337,0.03043539822101593,0.03772389888763428,1,30.0,2.672445058822632,-0.09690189361572266,1.0,11.99787712097168,255,1,0,0,0,1
180,9.00158,241,54,1,0,0.10326670110225677,0.11255373805761337,0.03043539822101593,0.03772389888763428,1,30.0,2.672445058822632,-0.09690189361572266,1.0,11.99787712097168,255,1,0,0,0,1
181,9.051626,7,55,1,1,0.12828482687473297,0.14320480823516846,0.08062946796417236,0.07839878648519516,1,30.0,2.6400766372680664,-0.09615147113800049,1.0,12.006253242492676,255,1,0,0,0,1
182,9.101582,57,55,1,0,0.12828482687473297,0.14320480823516846,0.08062946796417236,0.07839878648519516,1,30.0,2.6400766372680664,-0.09615147113800049,1.0,12.006253242492676,255,1,0,0,0,1
183,9.151581,22,56,1,1,0.12946432828903198,0.12272914499044418,0.07373297959566116,0.06542569398880005,1,30.0,2.644108533859253,-0.0961160659790039,1.0,12.006253242492676,255,1,0,0,0,1
184,9.20158,72,56,1,0,0.12946432828903198,0.12272914499044418,0.07373297959566116,0.06542569398880005,1,30.0,2.644108533859253,-0.0961160659790039,1.0,12.006253242492676,255,1,0,0,0,1
185,9.251581,38,57,1,1,0.12581531703472137,0.11255373805761337,0.0562337189912796,0.0432269349694252,1,30.0,2.6549365520477295,-0.09622550010681152,1.0,12.006253242492676,255,1,0,0,0,1
186,9.301671,6,58,1,1,0.11892632395029068,0.10231590270996094,0.032716862857341766,0.016885507851839066,1,30.0,2.6696665287017822,-0.09643208980560303,1.0,12.006253242492676,255,1,0,0,0,1
187,9.351581,56,58,1,0,0.11892632395029068,0.10231590270996094,0.032716862857341766,0.016885507851839066,1,30.0,2.6696665287017822,-0.09643208980560303,1.0,12.006253242492676,255,1,0,0,0,1
188,9.401581,106,58,1,0,0.11892632395029068,0.10231590270996094,0.032716862857341766,0.016885507851839066,1,30.0,2.6696665287017822,-0.09643208980560303,1.0,12.006253242492676,255,1,0,0,0,1
189,9.451584,156,58,1,0,0.11892632395029068,0.10231590270996094,0.032716862857341766,0.016885507851839066,1,30.0,2.6696665287017822,-0.09643208980560303,1.0,12.006253242492676,255,1,0,0,0,1
190,9.50158,206,58,1,0,0.11892632395029068,0.10231590270996094,0.032716862857341766,0.016885507851839066,1,30.0,2.6696665287017822,-0.09643208980560303,1.0,12.006253242492676,255,1,0,0,0,1
191,9.551632,256,58,1,0,0.11892632395029068,0.10231590270996094,0.032716862857341766,0.016885507851839066,1,30.0,2.6696665287017822,-0.09643208980560303,1.0,12.006253242492676,255,1,0,0,0,1
192,9.601581,18,59,1,1,0.11858081817626953,0.11255373805761337,0.018776683136820793,0.0002788584679365158,1,30.0,2.6780619621276855,-0.0964425802230835,1.0,12.006253242492676,255,1,0,0,0,1
193,9.65165,68,59,1,0,0.11858081817626953,0.11255373805761337,0.018776683136820793,0.0002788584679365158,1,30.0,2.6780619621276855,-0.0964425802230835,1.0,12.006253242492676,255,1,0,0,0,1
194,9.701581,36,60,1,1,0.09273827075958252,0.06136457249522209,-0.04455440491437912,-0.06063365936279297,1,30.0,2.718386173248291,-0.09721779823303223,1.0,12.006253242492676,255,1,0,0,0,1
195,9.751581,6,61,1,1,0.07284560054540634,0.05118916556239128,-0.08665153384208679,-0.09677572548389435,1,30.0,2.7454349994659424,-0.09781455993652344,1.0,12.006253242492676,255,1,0,0,0,1
196,9.801589,56,61,1,0,0.07284560054540634,0.05118916556239128,-0.08665153384208679,-0.09677572548389435,1,30.0,2.7454349994659424,-0.09781455993652344,1.0,12.006253242492676,255,1,0,0,0,1
197,9.85158,106,61,1,0,0.07284560054540634,0.05118916556239128,-0.08665153384208679,-0.09677572548389435,1,30.0,2.7454349994659424,-0.09781455993652344,1.0,12.006253242492676,255,1,0,0,0,1
198,9.901593,156,61,1,0,0.07284560054540634,0.05118916556239128,-0.08665153384208679,-0.09677572548389435,1,30.0,2.7454349994659424,-0.09781455993652344,1.0,12.006253242492676,255,1,0,0,0,1
199,9.951592,206,61,1,0,0.07284560054540634,0.05118916556239128,-0.08665153384208679,-0.09677572548389435,1,30.0,2.7454349994659424,-0.09781455993652344,1.0,12.006253242492676,255,1,0,0,0,1
200,10.001618,256,61,1,0,0.07284560054540634,0.05118916556239128,-0.08665153384208679,-0.09677572548389435,1,30.0,2.7454349994659424,-0.09781455993652344,1.0,12.006253242492676,255,1,0,0,0,1
201,10.051585,306,61,1,0,0.07284560054540634,0.05118916556239128,-0.08665153384208679,-0.09677572548389435,1,30.0,2.7454349994659424,-0.09781455993652344,1.0,12.006253242492676,255,1,0,0,0,1
202,10.101621,21,62,1,1,0.08603467047214508,0.11255373805761337,-0.029224470257759094,-0.023096531629562378,1,30.0,2.709791660308838,-0.0974189043045044,1.0,12.006253242492676,255,1,0,0,0,1
203,10.15158,71,62,1,0,0.08603467047214508,0.11255373805761337,-0.029224470257759094,-0.023096531629562378,1,30.0,2.709791660308838,-0.0974189043045044,1.0,12.006253242492676,255,1,0,0,0,1
204,10.20158,37,63,1,1,0.0731087177991867,0.06136457249522209,-0.054975565522909164,-0.046020008623600006,1,30.0,2.7264058589935303,-0.09780669212341309,1.0,12.006253242492676,255,1,0,0,0,1
205,10.251581,6,64,1,1,0.07422468811273575,0.08184023946523666,-0.04558756202459335,-0.03327564150094986,1,30.0,2.720672369003296,-0.09777319431304932,1.0,12.006253242492676,255,1,0,0,0,1
206,10.301647,56,64,1,0,0.07422468811273575,0.08184023946523666,-0.04558756202459335,-0.03327564150094986,1,30.0,2.720672369003296,-0.09777319431304932,1.0,12.035567283630371,255,1,0,0,0,1
207,10.351581,106,64,1,0,0.07422468811273575,0.08184023946523666,-0.04558756202459335,-0.03327564150094986,1,30.0,2.720672369003296,-0.09777319431304932,1.0,12.035567283630371,255,1,0,0,0,1
208,10.401583,156,64,1,0,0.07422468811273575,0.08184023946523666,-0.04558756202459335,-0.03327564150094986,1,30.0,2.720672369003296,-0.09777319431304932,1.0,12.035567283630371,255,1,0,0,0,1
209,10.45159,206,64,1,0,0.07422468811273575,0.08184023946523666,-0.04558756202459335,-0.03327564150094986,1,30.0,2.720672369003296,-0.09777319431304932,1.0,12.035567283630371,255,1,0,0,0,1
210,10.501586,256,64,1,0,0.07422468811273575,0.08184023946523666,-0.04558756202459335,-0.03327564150094986,1,30.0,2.720672369003296,-0.09777319431304932,1.0,12.035567283630371,255,1,0,0,0,1
211,10.551584,306,64,1,0,0.07422468811273575,0.08184023946523666,-0.04558756202459335,-0.03327564150094986,1,30.0,2.720672369003296,-0.09777319431304932,1.0,12.035567283630371,255,1,0,0,0,1
212,10.601581,25,65,1,1,0.0796475037932396,0.0920780673623085,-0.016397874802350998,0.0011215843260288239,1,30.0,2.7026705741882324,-0.09761059284210205,1.0,12.035567283630371,255,1,0,0,0,1
213,10.651585,75,65,1,0,0.0796475037932396,0.0920780673623085,-0.016397874802350998,0.0011215843260288239,1,30.0,2.7026705741882324,-0.09761059284210205,1.0,12.035567283630371,255,1,0,0,0,1
214,10.701588,44,66,1,1,0.09426260739564896,0.11255373805761337,0.020101256668567657,0.036152780055999756,1,30.0,2.6794557571411133,-0.09717214107513428,1.0,12.035567283630371,255,1,0,0,0,1
215,10.751581,13,67,1,1,0.08121734857559204,0.06136457249522209,-0.010846193879842758,0.0032797567546367645,1,30.0,2.6991982460021973,-0.09756338596343994,1.0,12.035567283630371,255,1,0,0,0,1
216,10.801585,63,67,1,0,0.08121734857559204,0.06136457249522209,-0.010846193879842758,0.0032797567546367645,1,30.0,2.6991982460021973,-0.09756338596343994,1.0,12.035567283630371,255,1,0,0,0,1
217,10.85158,113,67,1,0,0.08121734857559204,0.06136457249522209,-0.010846193879842758,0.0032797567546367645,1,30.0,2.6991982460021973,-0.09756338596343994,1.0,12.035567283630371,255,1,0,0,0,1
218,10.901582,163,67,1,0,0.08121734857559204,0.06136457249522209,-0.010846193879842758,0.0032797567546367645,1,30.0,2.6991982460021973,-0.09756338596343994,1.0,12.035567283630371,255,1,0,0,0,1
219,10.95158,213,67,1,0,0.08121734857559204,0.06136457249522209,-0.010846193879842758,0.0032797567546367645,1,30.0,2.6991982460021973,-0.09756338596343994,1.0,12.035567283630371,255,1,0,0,0,1
220,11.001581,263,67,1,0,0.08121734857559204,0.06136457249522209,-0.010846193879842758,0.0032797567546367645,1,30.0,2.6991982460021973,-0.09756338596343994,1.0,12.035567283630371,255,1,0,0,0,1
221,11.051585,313,67,1,0,0.08121734857559204,0.06136457249522209,-0.010846193879842758,0.0032797567546367645,1,30.0,2.6991982460021973,-0.09756338596343994,1.0,12.035567283630371,255,1,0,0,0,1
222,11.101581,31,68,1,1,0.08061090856790543,0.08184023946523666,-0.006660615559667349,0.006659174337983131,1,30.0,2.6967415809631348,-0.09758162498474121,1.0,12.035567283630371,255,1,0,0,0,1
223,11.15158,81,68,1,0,0.08061090856790543,0.08184023946523666,-0.006660615559667349,0.006659174337983131,1,30.0,2.6967415809631348,-0.09758162498474121,1.0,12.035567283630371,255,1,0,0,0,1
224,11.201581,48,69,1,1,0.08090339601039886,0.08184023946523666,-0.004229002166539431,0.008462341502308846,1,30.0,2.695256233215332,-0.097572922706604,1.0,12.035567283630371,255,1,0,0,0,1
225,11.25158,17,70,1,1,0.07674450427293777,0.07160240411758423,-0.012337291613221169,-4.827417433261871e-05,1,30.0,2.700495481491089,-0.09769761562347412,1.0,12.035567283630371,255,1,0,0,0,1
226,11.301657,67,70,1,0,0.07674450427293777,0.07160240411758423,-0.012337291613221169,-4.827417433261871e-05,1,30.0,2.700495481491089,-0.09769761562347412,1.0,12.035567283630371,255,1,0,0,0,1
227,11.351587,117,70,1,0,0.07674450427293777,0.07160240411758423,-0.012337291613221169,-4.827417433261871e-05,1,30.0,2.700495481491089,-0.09769761562347412,1.0,12.035567283630371,255,1,0,0,0,1
228,11.401583,167,70,1,0,0.07674450427293777,0.07160240411758423,-0.012337291613221169,-4.827417433261871e-05,1,30.0,2.700495481491089,-0.09769761562347412,1.0,12.035567283630371,255,1,0,0,0,1
229,11.45158,217,70,1,0,0.07674450427293777,0.07160240411758423,-0.012337291613221169,-4.827417433261871e-05,1,30.0,2.700495481491089,-0.09769761562347412,1.0,12.035567283630371,255,1,0,0,0,1
230,11.501581,267,70,1,0,0.07674450427293777,0.07160240411758423,-0.012337291613221169,-4.827417433261871e-05,1,30.0,2.700495481491089,-0.09769761562347412,1.0,12.035567283630371,255,1,0,0,0,1
231,11.551627,5,71,1,1,0.10088399797677994,0.12272914499044418,0.0502634197473526,0.059779465198516846,1,30.0,2.6607625484466553,-0.09697341918945312,1.0,12.035567283630371,255,1,0,0,0,1
232,11.601583,55,71,1,0,0.10088399797677994,0.12272914499044418,0.0502634197473526,0.059779465198516846,1,30.0,2.6607625484466553,-0.09697341918945312,1.0,12.035567283630371,255,1,0,0,0,1
233,11.651581,18,72,1,1,0.09432709217071533,0.08184023946523666,0.02999786287546158,0.035388097167015076,1,30.0,2.6735119819641113,-0.09717011451721191,1.0,12.035567283630371,255,1,0,0,0,1
234,11.701588,68,72,1,0,0.09432709217071533,0.08184023946523666,0.02999786287546158,0.035388097167015076,1,30.0,2.6735119819641113,-0.09717011451721191,1.0,12.035567283630371,255,1,0,0,0,1
235,11.751581,37,73,1,1,0.086014524102211,0.07160240411758423,0.008088935166597366,0.011454533785581589,1,30.0,2.687405586242676,-0.09741950035095215,1.0,12.035567283630371,255,1,0,0,0,1
236,11.801583,87,73,1,0,0.086014524102211,0.07160240411758423,0.008088935166597366,0.011454533785581589,1,30.0,2.687405586242676,-0.09741950035095215,1.0,12.035567283630371,255,1,0,0,0,1
237,11.851592,137,73,1,0,0.086014524102211,0.07160240411758423,0.008088935166597366,0.011454533785581589,1,30.0,2.687405586242676,-0.09741950035095215,1.0,12.035567283630371,255,1,0,0,0,1
238,11.901594,187,73,1,0,0.086014524102211,0.07160240411758423,0.008088935166597366,0.011454533785581589,1,30.0,2.687405586242676,-0.09741950035095215,1.0,12.035567283630371,255,1,0,0,0,1
239,11.951582,237,73,1,0,0.086014524102211,0.07160240411758423,0.008088935166597366,0.011454533785581589,1,30.0,2.687405586242676,-0.09741950035095215,1.0,12.035567283630371,255,1,0,0,0,1
240,12.001583,287,73,1,0,0.086014524102211,0.07160240411758423,0.008088935166597366,0.011454533785581589,1,30.0,2.687405586242676,-0.09741950035095215,1.0,12.035567283630371,255,1,0,0,0,1
241,12.051598,337,73,1,0,0.086014524102211,0.07160240411758423,0.008088935166597366,0.011454533785581589,1,30.0,2.687405586242676,-0.09741950035095215,1.0,12.035567283630371,255,1,0,0,0,1
242,12.101581,25,74,1,1,0.22504732012748718,0.33753636479377747,0.3322781026363373,0.31868335604667664,1,30.0,2.4803788661956787,-0.09324848651885986,1.0,12.035567283630371,255,1,0,0,0,1
243,12.151625,75,74,1,0,0.22504732012748718,0.33753636479377747,0.3322781026363373,0.31868335604667664,1,30.0,2.4803788661956787,-0.09324848651885986,1.0,12.035567283630371,255,1,0,0,0,1
244,12.201597,44,75,1,1,0.22572669386863708,0.19433154165744781,0.29604458808898926,0.2592804431915283,1,30.0,2.5020577907562256,-0.09322810173034668,1.0,12.035567283630371,255,1,0,0,0,1
245,12.251606,13,76,1,1,0.22222571074962616,0.18409371376037598,0.252414345741272,0.19684338569641113,1,30.0,2.5285511016845703,-0.09333324432373047,1.0,12.035567283630371,255,1,0,0,0,1
246,12.30164,63,76,1,0,0.22222571074962616,0.18409371376037598,0.252414345741272,0.19684338569641113,1,30.0,2.5285511016845703,-0.09333324432373047,1.0,12.035567283630371,255,1,0,0,0,1
247,12.35158,113,76,1,0,0.22222571074962616,0.18409371376037598,0.252414345741272,0.19684338569641113,1,30.0,2.5285511016845703,-0.09333324432373047,1.0,12.035567283630371,255,1,0,0,0,1
248,12.401583,163,76,1,0,0.22222571074962616,0.18409371376037598,0.252414345741272,0.19684338569641113,1,30.0,2.5285511016845703,-0.09333324432373047,1.0,12.035567283630371,255,1,0,0,0,1
249,12.45158,213,76,1,0,0.22222571074962616,0.18409371376037598,0.252414345741272,0.19684338569641113,1,30.0,2.5285511016845703,-0.09333324432373047,1.0,12.035567283630371,255,1,0,0,0,1
250,12.50158,263,76,1,0,0.22222571074962616,0.18409371376037598,0.252414345741272,0.19684338569641113,1,30.0,2.5285511016845703,-0.09333324432373047,1.0,12.035567283630371,255,1,0,0,0,1
251,12.551587,313,76,1,0,0.22222571074962616,0.18409371376037598,0.252414345741272,0.19684338569641113,1,30.0,2.5285511016845703,-0.09333324432373047,1.0,12.035567283630371,255,1,0,0,0,1
252,12.60158,28,77,1,1,0.2595539391040802,0.24545828998088837,0.2515905797481537,0.1584787666797638,1,30.0,2.525686025619507,-0.09221327304840088,1.0,12.035567283630371,255,1,0,0,0,1
253,12.65158,78,77,1,0,0.2595539391040802,0.24545828998088837,0.2515905797481537,0.1584787666797638,1,30.0,2.525686025619507,-0.09221327304840088,1.0,12.035567283630371,255,1,0,0,0,1
254,12.70159,46,78,1,1,0.26429852843284607,0.24545828998088837,0.2271641194820404,0.1226523295044899,1,30.0,2.539914846420288,-0.0920710563659668,1.0,12.035567283630371,255,1,0,0,0,1
255,12.751581,14,79,1,1,0.2627769410610199,0.23528288304805756,0.19023002684116364,0.07726068794727325,1,30.0,2.5622119903564453,-0.09211671352386475,1.0,12.035567283630371,255,1,0,0,0,1
256,12.801586,64,79,1,0,0.2627769410610199,0.23528288304805756,0.19023002684116364,0.07726068794727325,1,30.0,2.5622119903564453,-0.09211671352386475,1.0,12.035567283630371,255,1,0,0,0,1
257,12.85158,114,79,1,0,0.2627769410610199,0.23528288304805756,0.19023002684116364,0.07726068794727325,1,30.0,2.5622119903564453,-0.09211671352386475,1.0,12.035567283630371,255,1,0,0,0,1
258,12.9016,164,79,1,0,0.2627769410610199,0.23528288304805756,0.19023002684116364,0.07726068794727325,1,30.0,2.5622119903564453,-0.09211671352386475,1.0,12.035567283630371,255,1,0,0,0,1
259,12.95158,214,79,1,0,0.2627769410610199,0.23528288304805756,0.19023002684116364,0.07726068794727325,1,30.0,2.5622119903564453,-0.09211671352386475,1.0,12.035567283630371,255,1,0,0,0,1
260,13.00158,264,79,1,0,0.2627769410610199,0.23528288304805756,0.19023002684116364,0.07726068794727325,1,30.0,2.5622119903564453,-0.09211671352386475,1.0,12.035567283630371,255,1,0,0,0,1
261,13.051584,33,80,1,1,0.5574705600738525,0.7670883536338806,0.8053137063980103,0.649577260017395,1,30.0,2.166639566421509,-0.08327579498291016,1.0,12.035567283630371,255,1,0,0,0,1
262,13.101589,83,80,1,0,0.5574705600738525,0.7670883536338806,0.8053137063980103,0.649577260017395,1,30.0,2.166639566421509,-0.08327579498291016,1.0,12.035567283630371,255,1,0,0,0,1
263,13.15158,52,81,1,1,0.5816166400909424,0.5318679213523865,0.7595073580741882,0.5553373694419861,1,30.0,2.1919500827789307,-0.08255147933959961,1.0,12.035567283630371,255,1,0,0,0,1
264,13.20158,17,82,1,1,0.6068931221961975,0.5523435473442078,0.7121933698654175,0.4640147089958191,1,30.0,2.2180638313293457,-0.08179318904876709,1.0,12.035567283630371,255,1,0,0,0,1
265,13.25158,67,82,1,0,0.6068931221961975,0.5523435473442078,0.7121933698654175,0.4640147089958191,1,30.0,2.2180638313293457,-0.08179318904876709,1.0,12.035567283630371,255,1,0,0,0,1
266,13.301656,36,83,1,1,0.6109577417373657,0.5318679213523865,0.6214091777801514,0.3389800786972046,1,30.0,2.2721681594848633,-0.08167123794555664,1.0,12.010440826416016,255,1,0,0,0,1
267,13.35158,86,83,1,0,0.6109577417373657,0.5318679213523865,0.6214091777801514,0.3389800786972046,1,30.0,2.2721681594848633,-0.08167123794555664,1.0,12.010440826416016,255,1,0,0,0,1
268,13.401587,136,83,1,0,0.6109577417373657,0.5318679213523865,0.6214091777801514,0.3389800786972046,1,30.0,2.2721681594848633,-0.08167123794555664,1.0,12.010440826416016,255,1,0,0,0,1
269,13.45158,186,83,1,0,0.6109577417373657,0.5318679213523865,0.6214091777801514,0.3389800786972046,1,30.0,2.2721681594848633,-0.08167123794555664,1.0,12.010440826416016,255,1,0,0,0,1
270,13.50158,236,83,1,0,0.6109577417373657,0.5318679213523865,0.6214091777801514,0.3389800786972046,1,30.0,2.2721681594848633,-0.08167123794555664,1.0,12.010440826416016,255,1,0,0,0,1
271,13.551619,5,84,1,1,0.6386451125144958,0.5523435473442078,0.44101426005363464,0.10082630813121796,1,30.0,2.377913475036621,-0.0808405876159668,1.0,12.010440826416016,255,1,0,0,0,1
272,13.60158,55,84,1,0,0.6386451125144958,0.5523435473442078,0.44101426005363464,0.10082630813121796,1,30.0,2.377913475036621,-0.0808405876159668,1.0,12.010440826416016,255,1,0,0,0,1
273,13.651581,24,85,1,1,0.636820912361145,0.5932324528694153,0.36142852902412415,0.0163915753364563,1,30.0,2.4258289337158203,-0.0808953046798706,1.0,12.010440826416016,255,1,0,0,0,1
274,13.70158,74,85,1,0,0.636820912361145,0.5932324528694153,0.36142852902412415,0.0163915753364563,1,30.0,2.4258289337158203,-0.0808953046798706,1.0,12.010440826416016,255,1,0,0,0,1
275,13.751584,43,86,1,1,0.6087207794189453,0.5318679213523865,0.2298908829689026,-0.11264605820178986,1,30.0,2.5072808265686035,-0.08173835277557373,1.0,12.010440826416016,255,1,0,0,0,1
276,13.80159,93,86,1,0,0.6087207794189453,0.5318679213523865,0.2298908829689026,-0.11264605820178986,1,30.0,2.5072808265686035,-0.08173835277557373,1.0,12.010440826416016,255,1,0,0,0,1
277,13.851586,143,86,1,0,0.6087207794189453,0.5318679213523865,0.2298908829689026,-0.11264605820178986,1,30.0,2.5072808265686035,-0.08173835277557373,1.0,12.010440826416016,255,1,0,0,0,1
278,13.901584,193,86,1,0,0.6087207794189453,0.5318679213523865,0.2298908829689026,-0.11264605820178986,1,30.0,2.5072808265686035,-0.08173835277557373,1.0,12.010440826416016,255,1,0,0,0,1
279,13.951581,243,86,1,0,0.6087207794189453,0.5318679213523865,0.2298908829689026,-0.11264605820178986,1,30.0,2.5072808265686035,-0.08173835277557373,1.0,12.010440826416016,255,1,0,0,0,1
280,14.001583,293,86,1,0,0.6087207794189453,0.5318679213523865,0.2298908829689026,-0.11264605820178986,1,30.0,2.5072808265686035,-0.08173835277557373,1.0,12.010440826416016,255,1,0,0,0,1
281,14.051591,343,86,1,0,0.6087207794189453,0.5318679213523865,0.2298908829689026,-0.11264605820178986,1,30.0,2.5072808265686035,-0.08173835277557373,1.0,12.010440826416016,255,1,0,0,0,1
282,14.10159,31,87,1,1,0.5521959662437439,0.4705033302307129,-0.02996702492237091,-0.3405497670173645,1,30.0,2.6682825088500977,-0.0834341049194336,1.0,12.010440826416016,255,1,0,0,0,1
283,14.15158,81,87,1,0,0.5521959662437439,0.4705033302307129,-0.02996702492237091,-0.3405497670173645,1,30.0,2.6682825088500977,-0.0834341049194336,1.0,12.010440826416016,255,1,0,0,0,1
284,14.201591,47,88,1,1,0.5454843640327454,0.5421057343482971,-0.06543586403131485,-0.34716156125068665,1,30.0,2.6901681423187256,-0.08363544940948486,1.0,12.010440826416016,255,1,0,0,0,1
285,14.251581,16,89,1,1,0.5359652638435364,0.5318679213523865,-0.10062117874622345,-0.35403209924697876,1,30.0,2.7121357917785645,-0.08392095565795898,1.0,12.010440826416016,255,1,0,0,0,1
286,14.301648,66,89,1,0,0.5359652638435364,0.5318679213523865,-0.10062117874622345,-0.35403209924697876,1,30.0,2.7121357917785645,-0.08392095565795898,1.0,12.010440826416016,255,1,0,0,0,1
287,14.351581,116,89,1,0,0.5359652638435364,0.5318679213523865,-0.10062117874622345,-0.35403209924697876,1,30.0,2.7121357917785645,-0.08392095565795898,1.0,12.010440826416016,255,1,0,0,0,1
288,14.401616,166,89,1,0,0.5359652638435364,0.5318679213523865,-0.10062117874622345,-0.35403209924697876,1,30.0,2.7121357917785645,-0.08392095565795898,1.0,12.010440826416016,255,1,0,0,0,1
289,14.451586,216,89,1,0,0.5359652638435364,0.5318679213523865,-0.10062117874622345,-0.35403209924697876,1,30.0,2.7121357917785645,-0.08392095565795898,1.0,12.010440826416016,255,1,0,0,0,1
290,14.50158,266,89,1,0,0.5359652638435364,0.5318679213523865,-0.10062117874622345,-0.35403209924697876,1,30.0,2.7121357917785645,-0.08392095565795898,1.0,12.010440826416016,255,1,0,0,0,1
291,14.551591,316,89,1,0,0.5359652638435364,0.5318679213523865,-0.10062117874622345,-0.35403209924697876,1,30.0,2.7121357917785645,-0.08392095565795898,1.0,12.010440826416016,255,1,0,0,0,1
292,14.601581,366,89,1,0,0.5359652638435364,0.5318679213523865,-0.10062117874622345,-0.35403209924697876,1,30.0,2.7121357917785645,-0.08392095565795898,1.0,12.010440826416016,255,1,0,0,0,1
293,14.651581,416,89,1,0,0.5359652638435364,0.5318679213523865,-0.10062117874622345,-0.35403209924697876,1,30.0,2.7121357917785645,-0.08392095565795898,1.0,12.010440826416016,255,1,0,0,0,1
294,14.701586,466,89,1,0,0.5359652638435364,0.5318679213523865,-0.10062117874622345,-0.35403209924697876,1,30.0,2.7121357917785645,-0.08392095565795898,1.0,12.010440826416016,255,1,0,0,0,1
295,14.751581,516,89,1,0,0.5359652638435364,0.5318679213523865,-0.10062117874622345,-0.35403209924697876,1,30.0,2.7121357917785645,-0.08392095565795898,1.0,12.010440826416016,255,1,0,0,0,1
296,14.801588,566,89,1,0,0.5359652638435364,0.5318679213523865,-0.10062117874622345,-0.35403209924697876,1,30.0,2.7121357917785645,-0.08392095565795898,1.0,12.010440826416016,255,1,0,0,0,1
297,14.85158,616,89,1,0,0.5359652638435364,0.5318679213523865,-0.10062117874622345,-0.35403209924697876,1,30.0,2.7121357917785645,-0.08392095565795898,1.0,12.010440826416016,255,1,0,0,0,1
298,14.90158,666,89,1,0,0.5359652638435364,0.5318679213523865,-0.10062117874622345,-0.35403209924697876,1,30.0,2.7121357917785645,-0.08392095565795898,1.0,12.010440826416016,255,1,0,0,0,1
299,14.951581,716,89,1,0,0.5359652638435364,0.5318679213523865,-0.10062117874622345,-0.35403209924697876,1,30.0,2.7121357917785645,-0.08392095565795898,1.0,12.010440826416016,255,1,0,0,0,1
300,15.00158,766,89,1,0,0.5359652638435364,0.5318679213523865,-0.10062117874622345,-0.35403209924697876,1,30.0,2.7121357917785645,-0.08392095565795898,1.0,12.010440826416016,255,1,0,0,0,1
301,15.051585,33,90,1,1,0.5833941698074341,0.6443592309951782,0.004564687609672546,-0.185039684176445,1,30.0,2.6447558403015137,-0.08249819278717041,1.0,12.010440826416016,255,1,0,0,0,1
302,15.101582,83,90,1,0,0.5833941698074341,0.6443592309951782,0.004564687609672546,-0.185039684176445,1,30.0,2.6447558403015137,-0.08249819278717041,1.0,12.010440826416016,255,1,0,0,0,1
303,15.15158,133,90,1,0,0.5833941698074341,0.6443592309951782,0.004564687609672546,-0.185039684176445,1,30.0,2.6447558403015137,-0.08249819278717041,1.0,12.010440826416016,255,1,0,0,0,1
304,15.201581,20,91,1,1,0.5595521330833435,0.5421057343482971,-0.07578370720148087,-0.23259468376636505,1,30.0,2.69511079788208,-0.0832134485244751,1.0,12.010440826416016,255,1,0,0,0,1
305,15.25158,70,91,1,0,0.5595521330833435,0.5421057343482971,-0.07578370720148087,-0.23259468376636505,1,30.0,2.69511079788208,-0.0832134485244751,1.0,12.010440826416016,255,1,0,0,0,1
306,15.301607,36,92,1,1,0.5667480826377869,0.5829946398735046,-0.06344826519489288,-0.20222356915473938,1,30.0,2.6870617866516113,-0.08299744129180908,1.0,12.010440826416016,255,1,0,0,0,1
307,15.35158,86,92,1,0,0.5667480826377869,0.5829946398735046,-0.06344826519489288,-0.20222356915473938,1,30.0,2.6870617866516113,-0.08299744129180908,1.0,12.010440826416016,255,1,0,0,0,1
308,15.401583,136,92,1,0,0.5667480826377869,0.5829946398735046,-0.06344826519489288,-0.20222356915473938,1,30.0,2.6870617866516113,-0.08299744129180908,1.0,12.010440826416016,255,1,0,0,0,1
309,15.45158,186,92,1,0,0.5667480826377869,0.5829946398735046,-0.06344826519489288,-0.20222356915473938,1,30.0,2.6870617866516113,-0.08299744129180908,1.0,12.010440826416016,255,1,0,0,0,1
310,15.501581,236,92,1,0,0.5667480826377869,0.5829946398735046,-0.06344826519489288,-0.20222356915473938,1,30.0,2.6870617866516113,-0.08299744129180908,1.0,12.010440826416016,255,1,0,0,0,1
311,15.551635,5,93,1,1,0.5685079097747803,0.5829946398735046,-0.06214927136898041,-0.16284804046154022,1,30.0,2.686124086380005,-0.08294475078582764,1.0,12.010440826416016,255,1,0,0,0,1
312,15.60158,55,93,1,0,0.5685079097747803,0.5829946398735046,-0.06214927136898041,-0.16284804046154022,1,30.0,2.686124086380005,-0.08294475078582764,1.0,12.010440826416016,255,1,0,0,0,1
313,15.65158,105,93,1,0,0.5685079097747803,0.5829946398735046,-0.06214927136898041,-0.16284804046154022,1,30.0,2.686124086380005,-0.08294475078582764,1.0,12.010440826416016,255,1,0,0,0,1
314,15.701581,18,94,1,1,0.5768346786499023,0.5932324528694153,-0.043815046548843384,-0.12469924986362457,1,30.0,2.6743738651275635,-0.0826948881149292,1.0,12.010440826416016,255,1,0,0,0,1
315,15.75158,68,94,1,0,0.5768346786499023,0.5932324528694153,-0.043815046548843384,-0.12469924986362457,1,30.0,2.6743738651275635,-0.0826948881149292,1.0,12.010440826416016,255,1,0,0,0,1
316,15.801583,36,95,1,1,0.5450013279914856,0.5113922357559204,-0.11490150541067123,-0.18216975033283234,1,30.0,2.719890832901001,-0.08364987373352051,1.0,12.010440826416016,255,1,0,0,0,1
317,15.85158,86,95,1,0,0.5450013279914856,0.5113922357559204,-0.11490150541067123,-0.18216975033283234,1,30.0,2.719890832901001,-0.08364987373352051,1.0,12.010440826416016,255,1,0,0,0,1
318,15.901586,136,95,1,0,0.5450013279914856,0.5113922357559204,-0.11490150541067123,-0.18216975033283234,1,30.0,2.719890832901001,-0.08364987373352051,1.0,12.010440826416016,255,1,0,0,0,1
319,15.95158,186,95,1,0,0.5450013279914856,0.5113922357559204,-0.11490150541067123,-0.18216975033283234,1,30.0,2.719890832901001,-0.08364987373352051,1.0,12.010440826416016,255,1,0,0,0,1
320,16.001588,236,95,1,0,0.5450013279914856,0.5113922357559204,-0.11490150541067123,-0.18216975033283234,1,30.0,2.719890832901001,-0.08364987373352051,1.0,12.010440826416016,255,1,0,0,0,1
321,16.051581,6,96,1,1,0.5540302991867065,0.5829946398735046,-0.07082310318946838,-0.10698243975639343,1,30.0,2.692631244659424,-0.08337903022766113,1.0,12.010440826416016,255,1,0,0,0,1
322,16.101586,56,96,1,0,0.5540302991867065,0.5829946398735046,-0.07082310318946838,-0.10698243975639343,1,30.0,2.692631244659424,-0.08337903022766113,1.0,12.010440826416016,255,1,0,0,0,1
323,16.151581,25,97,1,1,0.6020400524139404,0.6648348569869995,0.03965601325035095,0.004640199244022369,1,30.0,2.622022867202759,-0.0819387435913086,1.0,12.010440826416016,255,1,0,0,0,1
324,16.20158,75,97,1,0,0.6020400524139404,0.6648348569869995,0.03965601325035095,0.004640199244022369,1,30.0,2.622022867202759,-0.0819387435913086,1.0,12.010440826416016,255,1,0,0,0,1
325,16.251587,44,98,1,1,0.6001793742179871,0.5932324528694153,0.028726141899824142,-0.006044222041964531,1,30.0,2.6287481784820557,-0.08199465274810791,1.0,12.010440826416016,255,1,0,0,0,1
326,16.301654,11,99,1,1,0.6153879165649414,0.6341213583946228,0.05753682181239128,0.02188156172633171,1,30.0,2.610093116760254,-0.08153831958770752,1.0,12.043943405151367,255,1,0,0,0,1
327,16.351596,61,99,1,0,0.6153879165649414,0.6341213583946228,0.05753682181239128,0.02188156172633171,1,30.0,2.610093116760254,-0.08153831958770752,1.0,12.043943405151367,255,1,0,0,0,1
328,16.401581,28,100,1,1,0.9210407733917236,1.3705586194992065,0.7653281092643738,0.6987331509590149,1,30.0,2.157909631729126,-0.07236874103546143,1.0,12.043943405151367,255,1,0,0,0,1
329,16.451632,78,100,1,0,0.9210407733917236,1.3705586194992065,0.7653281092643738,0.6987331509590149,1,30.0,2.157909631729126,-0.07236874103546143,1.0,12.043943405151367,255,1,0,0,0,1
330,16.501585,46,101,1,1,1.3557713031768799,1.9126019477844238,1.7104344367980957,1.5546680688858032,1,30.0,1.5517197847366333,-0.059326887130737305,1.0,12.043943405151367,255,1,0,0,0,1
331,16.551604,15,102,1,1,1.9984660148620605,2.7512927055358887,3.0566468238830566,2.7379770278930664,1,30.0,0.6861498355865479,-0.040045976638793945,0.9682610034942627,12.043943405151367,247,1,0,0,0,0
332,16.60158,65,102,1,0,1.9984660148620605,2.7512927055358887,3.0566468238830566,2.7379770278930664,1,30.0,0.6861498355865479,-0.040045976638793945,0.9682610034942627,12.043943405151367,247,1,0,0,0,0
333,16.651581,34,103,1,1,2.6457371711730957,3.231971502304077,4.2475972175598145,3.683934211730957,1,30.0,-0.08667469024658203,-0.04442916065454483,0.0,12.043943405151367,0,0,0,0,0,0
334,16.7017,3,104,1,1,3.4477274417877197,4.111551284790039,5.664435386657715,4.783600330352783,1,30.0,-1.0089566707611084,-0.0422527976334095,-0.21482306718826294,12.043943405151367,80,2,384,0,0,0
335,16.75158,53,104,1,0,3.4477274417877197,4.111551284790039,5.664435386657715,4.783600330352783,1,30.0,-1.0089566707611084,-0.0422527976334095,-0.21482306718826294,12.043943405151367,80,2,384,0,0,0
336,16.801584,21,105,1,1,4.325551986694336,4.909352779388428,7.062703609466553,5.780588150024414,1,30.0,-1.9269218444824219,-0.03715985268354416,-0.4199471175670624,12.043943405151367,107,2,384,0,0,0
337,16.85158,71,105,1,0,4.325551986694336,4.909352779388428,7.062703609466553,5.780588150024414,1,30.0,-1.9269218444824219,-0.03715985268354416,-0.4199471175670624,12.043943405151367,107,2,384,0,0,0
338,16.90158,38,106,1,1,5.332102298736572,5.911661624908447,8.564148902893066,6.8013434410095215,1,30.0,-2.9183788299560547,-0.028786711394786835,-0.6421315670013428,12.043943405151367,164,2,384,0,0,0
339,16.951687,5,107,1,1,6.45696496963501,7.016348838806152,10.130375862121582,7.810202598571777,1,30.0,-3.9593522548675537,-0.014775142073631287,-0.8765727281570435,12.043943405151367,224,2,384,0,0,0
340,17.00158,55,107,1,0,6.45696496963501,7.016348838806152,10.130375862121582,7.810202598571777,1,30.0,-3.9593522548675537,-0.014775142073631287,-0.8765727281570435,12.043943405151367,224,2,384,0,0,0
341,17.051582,24,108,1,1,7.7102155685424805,8.294829368591309,11.809946060180664,8.872698783874512,1,30.0,-5.079887390136719,0.0028108209371566772,-1.0,12.043943405151367,255,2,384,0,0,1
342,17.10158,74,108,1,0,7.7102155685424805,8.294829368591309,11.809946060180664,8.872698783874512,1,30.0,-5.079887390136719,0.0028108209371566772,-1.0,12.043943405151367,255,2,384,0,0,1
343,17.151585,43,109,1,1,9.085433959960938,9.64484977722168,13.534524917602539,9.900749206542969,1,30.0,-6.238404273986816,0.044067367911338806,-1.0,12.043943405151367,255,2,384,0,0,1
344,17.201582,12,110,1,1,10.471976280212402,10.841552734375,15.005084991455078,10.588252067565918,1,30.0,-7.245529651641846,0.08566366136074066,-1.0,12.043943405151367,255,2,384,0,0,1
345,17.25158,62,110,1,0,10.471976280212402,10.841552734375,15.005084991455078,10.588252067565918,1,30.0,-7.245529651641846,0.08566366136074066,-1.0,12.043943405151367,255,2,384,0,0,1
346,17.301657,27,111,1,1,11.520150184631348,11.148313522338867,15.212051391601562,9.872264862060547,1,30.0,-7.46404504776001,0.11710880696773529,-1.0,12.043943405151367,255,2,384,0,0,1
347,17.351581,77,111,1,0,11.520150184631348,11.148313522338867,15.212051391601562,9.872264862060547,1,30.0,-7.46404504776001,0.11710880696773529,-1.0,12.043943405151367,255,2,384,0,0,1
348,17.401589,46,112,1,1,11.868125915527344,10.575618743896484,13.618793487548828,7.390724182128906,1,30.0,-6.539407253265381,0.12754808366298676,-1.0,12.043943405151367,255,2,384,0,0,1
349,17.451581,15,113,1,1,12.19660472869873,11.066534996032715,12.128002166748047,5.216943740844727,1,30.0,-5.674496173858643,0.1374025195837021,-1.0,12.043943405151367,255,2,384,0,0,1
350,17.50158,65,113,1,0,12.19660472869873,11.066534996032715,12.128002166748047,5.216943740844727,1,30.0,-5.674496173858643,0.1374025195837021,-1.0,12.043943405151367,255,2,384,0,0,1
351,17.551586,34,114,1,1,12.322993278503418,11.087011337280273,10.261723518371582,2.829819440841675,1,30.0,-4.566103935241699,0.141194149851799,-1.0,12.043943405151367,255,2,384,0,0,1
352,17.601702,3,115,1,1,12.290888786315918,11.056297302246094,8.198305130004883,0.434495210647583,1,30.0,-3.3251633644104004,0.14023099839687347,-0.7700875997543335,12.043943405151367,196,2,384,0,0,0
353,17.65158,53,115,1,0,12.290888786315918,11.056297302246094,8.198305130004883,0.434495210647583,1,30.0,-3.3251633644104004,0.14023099839687347,-0.7700875997543335,12.043943405151367,196,2,384,0,0,0
354,17.701581,21,116,1,1,12.260672569274902,11.271042823791504,6.379954814910889,-1.5046632289886475,1,30.0,-2.231433629989624,0.12515723705291748,-0.5236868262290955,12.043943405151367,134,2,384,0,0,0
355,17.75158,71,116,1,0,12.260672569274902,11.271042823791504,6.379954814910889,-1.5046632289886475,1,30.0,-2.231433629989624,0.12515723705291748,-0.5236868262290955,12.043943405151367,134,2,384,0,0,0
356,17.801583,38,117,1,1,12.113846778869629,11.17902660369873,4.484532833099365,-3.357511043548584,1,30.0,-1.0809658765792847,0.10567396879196167,-0.2636977434158325,12.043943405151367,80,2,384,0,0,0
357,17.851581,6,118,1,1,11.943512916564941,11.20974063873291,2.820202350616455,-4.811629295349121,1,30.0,-0.06703746318817139,0.08625507354736328,-0.03406500816345215,12.043943405151367,80,2,384,0,0,0
358,17.901583,56,118,1,0,11.943512916564941,11.20974063873291,2.820202350616455,-4.811629295349121,1,30.0,-0.06703746318817139,0.08625507354736328,-0.03406500816345215,12.043943405151367,80,2,384,0,0,0
359,17.951581,25,119,1,1,11.838624954223633,11.393896102905273,1.59373939037323,-5.687950134277344,1,30.0,0.6782801747322083,0.06866323947906494,0.8128225803375244,12.043943405151367,207,1,0,0,0,0
360,18.00158,75,119,1,0,11.838624954223633,11.393896102905273,1.59373939037323,-5.687950134277344,1,30.0,0.6782801747322083,0.06866323947906494,0.8128225803375244,12.043943405151367,207,1,0,0,0,0
361,18.051629,44,120,1,1,11.709667205810547,11.373420715332031,0.5020185112953186,-6.349075794219971,1,30.0,1.3449188470840454,0.04935736954212189,1.0,12.043943405151367,255,1,0,0,0,1
362,18.101583,8,121,1,1,11.518730163574219,11.230216026306152,-0.6009185910224915,-6.932363510131836,1,30.0,2.0238654613494873,0.0436292439699173,1.0,12.043943405151367,255,1,0,0,0,1
363,18.151588,58,121,1,0,11.518730163574219,11.230216026306152,-0.6009185910224915,-6.932363510131836,1,30.0,2.0238654613494873,0.0436292439699173,1.0,12.043943405151367,255,1,0,0,0,1
364,18.201581,27,122,1,1,11.343527793884277,11.199501991271973,-1.4359033107757568,-7.218765735626221,1,30.0,2.5406246185302734,0.0383731871843338,1.0,12.043943405151367,255,1,0,0,0,1
365,18.251583,77,122,1,0,11.343527793884277,11.199501991271973,-1.4359033107757568,-7.218765735626221,1,30.0,2.5406246185302734,0.0383731871843338,1.0,12.043943405151367,255,1,0,0,0,1
366,18.30166,46,123,1,1,11.193318367004395,11.17902660369873,-2.047532558441162,-7.246955871582031,1,30.0,2.921121120452881,0.03386683762073517,1.0,12.043943405151367,255,1,0,0,0,1
367,18.351581,14,124,1,1,11.024107933044434,11.056297302246094,-2.5810372829437256,-7.183310508728027,1,30.0,3.256452798843384,0.028790608048439026,1.0,12.043943405151367,255,1,0,0,0,1
368,18.401593,64,124,1,0,11.024107933044434,11.056297302246094,-2.5810372829437256,-7.183310508728027,1,30.0,3.256452798843384,0.028790608048439026,1.0,12.043943405151367,255,1,0,0,0,1
369,18.451581,33,125,1,1,10.829366683959961,10.8825044631958,-3.0630407333374023,-7.078690052032471,1,30.0,3.5631814002990723,0.022948339581489563,1.0,12.043943405151367,255,1,0,0,0,1
370,18.501654,3,126,1,1,10.694637298583984,10.8825044631958,-3.2789366245269775,-6.711459636688232,1,30.0,3.7048447132110596,0.018906429409980774,1.0,12.043943405151367,255,1,0,0,0,1
371,18.551583,53,126,1,0,10.694637298583984,10.8825044631958,-3.2789366245269775,-6.711459636688232,1,30.0,3.7048447132110596,0.018906429409980774,1.0,12.043943405151367,255,1,0,0,0,1
372,18.601618,22,127,1,1,10.578790664672852,10.821077346801758,-3.3692262172698975,-6.236318588256836,1,30.0,3.7694449424743652,0.015431061387062073,1.0,12.043943405151367,255,1,0,0,0,1
373,18.65158,72,127,1,0,10.578790664672852,10.821077346801758,-3.3692262172698975,-6.236318588256836,1,30.0,3.7694449424743652,0.015431061387062073,1.0,12.043943405151367,255,1,0,0,0,1
374,18.701638,38,128,1,1,10.408832550048828,10.596094131469727,-3.535759925842285,-5.8619818687438965,1,30.0,3.8846611976623535,0.010332301259040833,1.0,12.043943405151367,255,1,0,0,0,1
375,18.751581,7,129,1,1,10.266263008117676,10.493841171264648,-3.5800819396972656,-5.411046981811523,1,30.0,3.924085855484009,0.006055191159248352,1.0,12.043943405151367,255,1,0,0,0,1
376,18.801591,57,129,1,0,10.266263008117676,10.493841171264648,-3.5800819396972656,-5.411046981811523,1,30.0,3.924085855484009,0.006055191159248352,1.0,12.043943405151367,255,1,0,0,0,1
377,18.851584,26,130,1,1,10.0919771194458,10.278971672058105,-3.666257381439209,-5.0421624183654785,1,30.0,3.991476535797119,0.000826612114906311,1.0,12.043943405151367,255,1,0,0,0,1
378,18.90158,76,130,1,0,10.0919771194458,10.278971672058105,-3.666257381439209,-5.0421624183654785,1,30.0,3.991476535797119,0.000826612114906311,1.0,12.043943405151367,255,1,0,0,0,1
379,18.951595,45,131,1,1,10.046210289001465,10.422176361083984,-3.368150234222412,-4.301843166351318,1,30.0,3.8167314529418945,-0.0005463212728500366,1.0,12.043943405151367,255,1,0,0,0,1
380,19.00158,13,132,1,1,10.123064041137695,10.636920928955078,-2.7502379417419434,-3.284672260284424,1,30.0,3.4390671253204346,0.0017592459917068481,1.0,12.043943405151367,255,1,0,0,0,1
381,19.051584,63,132,1,0,10.123064041137695,10.636920928955078,-2.7502379417419434,-3.284672260284424,1,30.0,3.4390671253204346,0.0017592459917068481,1.0,12.043943405151367,255,1,0,0,0,1
382,19.101581,32,133,1,1,10.170865058898926,10.565381050109863,-2.2735023498535156,-2.506192922592163,1,30.0,3.148723602294922,0.003193274140357971,1.0,12.043943405151367,255,1,0,0,0,1
383,19.15158,82,133,1,0,10.170865058898926,10.565381050109863,-2.2735023498535156,-2.506192922592163,1,30.0,3.148723602294922,0.003193274140357971,1.0,12.043943405151367,255,1,0,0,0,1
384,19.201581,48,134,1,1,10.310667037963867,10.780125617980957,-1.5859479904174805,-1.5651817321777344,1,30.0,2.72360897064209,0.0073873549699783325,1.0,12.043943405151367,255,1,0,0,0,1
385,19.25158,17,135,1,1,10.497369766235352,10.943806648254395,-0.8676117062568665,-0.6796311736106873,1,30.0,2.275803804397583,0.01298840343952179,1.0,12.043943405151367,255,1,0,0,0,1
386,19.301682,67,135,1,0,10.497369766235352,10.943806648254395,-0.8676117062568665,-0.6796311736106873,1,30.0,2.275803804397583,0.01298840343952179,1.0,12.027192115783691,255,1,0,0,0,1
387,19.351581,35,136,1,1,10.701006889343262,11.087011337280273,-0.1922820806503296,0.08648985624313354,1,30.0,1.8522785902023315,0.01909758150577545,1.0,12.027192115783691,255,1,0,0,0,1
388,19.401619,4,137,1,1,10.959436416625977,11.342707633972168,0.5365542769432068,0.8430768847465515,1,30.0,1.3917182683944702,0.026850417256355286,1.0,12.027192115783691,255,1,0,0,0,1
389,19.451586,54,137,1,0,10.959436416625977,11.342707633972168,0.5365542769432068,0.8430768847465515,1,30.0,1.3917182683944702,0.026850417256355286,1.0,12.027192115783691,255,1,0,0,0,1
390,19.501581,23,138,1,1,11.17562484741211,11.414247512817383,1.0531768798828125,1.3130807876586914,1,30.0,1.06228768825531,0.033336058259010315,1.0,12.027192115783691,255,1,0,0,0,1
391,19.551593,73,138,1,0,11.17562484741211,11.414247512817383,1.0531768798828125,1.3130807876586914,1,30.0,1.06228768825531,0.033336058259010315,1.0,12.027192115783691,255,1,0,0,0,1
392,19.601581,41,139,1,1,11.289680480957031,11.32223129272461,1.2223231792449951,1.3775243759155273,1,30.0,0.9505349397659302,0.03675772249698639,1.0,12.027192115783691,255,1,0,0,0,1
393,19.651583,8,140,1,1,11.309342384338379,11.189264297485352,1.107985019683838,1.1378682851791382,1,30.0,1.0173683166503906,0.037347570061683655,1.0,12.027192115783691,255,1,0,0,0,1
394,19.70158,58,140,1,0,11.309342384338379,11.189264297485352,1.107985019683838,1.1378682851791382,1,30.0,1.0173683166503906,0.037347570061683655,1.0,12.027192115783691,255,1,0,0,0,1
395,19.751581,27,141,1,1,11.31799030303955,11.199501991271973,0.9763245582580566,0.9032996892929077,1,30.0,1.0955862998962402,0.03760702908039093,1.0,12.027192115783691,255,1,0,0,0,1
396,19.801586,77,141,1,0,11.31799030303955,11.199501991271973,0.9763245582580566,0.9032996892929077,1,30.0,1.0955862998962402,0.03760702908039093,1.0,12.027192115783691,255,1,0,0,0,1
397,19.851594,46,142,1,1,11.342123031616211,11.260929107666016,0.8967236280441284,0.7431823015213013,1,30.0,1.1411747932434082,0.0383310467004776,1.0,12.027192115783691,255,1,0,0,0,1
398,19.901581,15,143,1,1,11.3649320602417,11.291518211364746,0.8190109729766846,0.5986202955245972,1,30.0,1.1857495307922363,0.039015308022499084,1.0,12.027192115783691,255,1,0,0,0,1
399,19.95158,65,143,1,0,11.3649320602417,11.291518211364746,0.8190109729766846,0.5986202955245972,1,30.0,1.1857495307922363,0.039015308022499084,1.0,12.027192115783691,255,1,0,0,0,1
400,20.001581,34,144,1,1,11.289327621459961,11.087011337280273,0.48757070302963257,0.20033609867095947,1,30.0,1.3914180994033813,0.036747172474861145,1.0,12.027192115783691,255,1,0,0,0,1
401,20.051581,84,144,1,0,11.289327621459961,11.087011337280273,0.48757070302963257,0.20033609867095947,1,30.0,1.3914180994033813,0.036747172474861145,1.0,12.027192115783691,255,1,0,0,0,1
402,20.101592,48,145,1,1,11.042975425720215,10.6471586227417,-0.26044583320617676,-0.6013807058334351,1,30.0,1.862399697303772,0.029356613755226135,1.0,12.027192115783691,255,1,0,0,0,1
403,20.151581,14,146,1,1,10.866094589233398,10.65739631652832,-0.7147743701934814,-1.024200439453125,1,30.0,2.15091609954834,0.024050191044807434,1.0,12.027192115783691,255,1,0,0,0,1
404,20.20164,64,146,1,0,10.866094589233398,10.65739631652832,-0.7147743701934814,-1.024200439453125,1,30.0,2.15091609954834,0.024050191044807434,1.0,12.027192115783691,255,1,0,0,0,1
405,20.251581,30,147,1,1,10.641593933105469,10.422176361083984,-1.2247462272644043,-1.4679681062698364,0,,0.0,0.0,0.0,12.027192115783691,0,3,256,0,1,0
406,20.301619,80,147,1,0,10.641593933105469,10.422176361083984,-1.2247462272644043,-1.4679681062698364,0,,0.0,0.0,0.0,12.027192115783691,0,3,256,0,1,0
407,20.351589,45,148,1,1,10.550609588623047,10.575618743896484,-1.3010274171829224,-1.41721773147583,0,,0.0,0.0,0.0,12.027192115783691,0,3,256,0,1,0
408,20.401584,12,149,1,1,10.517539024353027,10.626808166503906,-1.2090967893600464,-1.197922706604004,0,,0.0,0.0,0.0,12.027192115783691,0,3,256,0,1,0
409,20.451584,62,149,1,0,10.517539024353027,10.626808166503906,-1.2090967893600464,-1.197922706604004,0,,0.0,0.0,0.0,12.027192115783691,0,3,256,0,1,0
410,20.501579,28,150,1,1,10.550008773803711,10.739299774169922,-0.9466999769210815,-0.8180723786354065,0,,0.0,0.0,0.0,12.027192115783691,0,3,128,0,1,0
411,20.551585,78,150,1,0,10.550008773803711,10.739299774169922,-0.9466999769210815,-0.8180723786354065,0,,0.0,0.0,0.0,12.027192115783691,0,3,128,0,1,0
412,20.601585,46,151,1,1,10.617077827453613,10.821077346801758,-0.6271053552627563,-0.4134718179702759,0,,0.0,0.0,0.0,12.027192115783691,0,3,128,0,1,0
413,20.651606,15,152,1,1,10.731423377990723,10.964282035827637,-0.2240135669708252,0.04339343309402466,0,,0.0,0.0,0.0,12.027192115783691,0,3,128,0,1,0
414,20.701579,65,152,1,0,10.731423377990723,10.964282035827637,-0.2240135669708252,0.04339343309402466,0,,0.0,0.0,0.0,12.027192115783691,0,3,128,0,1,0
415,20.751614,34,153,1,1,10.877199172973633,11.107486724853516,0.2094961553812027,0.49336668848991394,0,,0.0,0.0,0.0,12.027192115783691,0,3,128,0,1,0
416,20.801579,84,153,1,0,10.877199172973633,11.107486724853516,0.2094961553812027,0.49336668848991394,0,,0.0,0.0,0.0,12.027192115783691,0,3,128,0,1,0
417,20.851585,49,154,1,1,10.942357063293457,11.005233764648438,0.3714960813522339,0.6189258098602295,0,,0.0,0.0,0.0,12.027192115783691,0,3,128,0,1,0
418,20.901579,15,155,1,1,11.074366569519043,11.20974063873291,0.6831760406494141,0.8903003931045532,0,,0.0,0.0,0.0,12.027192115783691,0,3,128,0,1,0
419,20.951579,65,155,1,0,11.074366569519043,11.20974063873291,0.6831760406494141,0.8903003931045532,0,,0.0,0.0,0.0,12.027192115783691,0,3,128,0,1,0
420,21.001587,34,156,1,1,11.194788932800293,11.281280517578125,0.9185643792152405,1.0609008073806763,0,,0.0,0.0,0.0,12.027192115783691,0,3,256,0,1,0
421,21.05158,84,156,1,0,11.194788932800293,11.281280517578125,0.9185643792152405,1.0609008073806763,0,,0.0,0.0,0.0,12.027192115783691,0,3,256,0,1,0
422,21.101585,48,157,1,1,11.223005294799805,11.148313522338867,0.8657969236373901,0.910498857498169,0,,0.0,0.0,0.0,12.027192115783691,0,3,256,0,1,0
423,21.151579,14,158,1,1,11.252591133117676,11.189264297485352,0.8204757571220398,0.7833253145217896,0,,0.0,0.0,0.0,12.027192115783691,0,3,256,0,1,0
424,21.201579,64,158,1,0,11.252591133117676,11.189264297485352,0.8204757571220398,0.7833253145217896,0,,0.0,0.0,0.0,12.027192115783691,0,3,256,0,1,0
425,21.251579,33,159,1,1,11.197710990905762,11.02558422088623,0.5591917037963867,0.4441738426685333,0,,0.0,0.0,0.0,12.027192115783691,0,3,256,0,1,0
426,21.301639,83,159,1,0,11.197710990905762,11.02558422088623,0.5591917037963867,0.4441738426685333,0,,0.0,0.0,0.0,12.027192115783691,0,3,256,0,1,0
427,21.351589,46,160,1,1,11.123377799987793,10.954044342041016,0.27010267972946167,0.10198545455932617,0,,0.0,0.0,0.0,12.027192115783691,0,3,256,0,1,0
428,21.401579,13,161,1,1,11.073748588562012,10.974519729614258,0.08872741460800171,-0.09620776772499084,0,,0.0,0.0,0.0,12.027192115783691,0,3,256,0,1,0
429,21.451579,63,161,1,0,11.073748588562012,10.974519729614258,0.08872741460800171,-0.09620776772499084,0,,0.0,0.0,0.0,12.027192115783691,0,3,256,0,1,0
430,21.501579,31,162,1,1,10.984724998474121,10.851790428161621,-0.17052355408668518,-0.3586946725845337,0,,0.0,0.0,0.0,12.027192115783691,0,3,128,0,1,0
431,21.55159,81,162,1,0,10.984724998474121,10.851790428161621,-0.17052355408668518,-0.3586946725845337,0,,0.0,0.0,0.0,12.027192115783691,0,3,128,0,1,0
432,21.601587,46,163,1,1,10.833224296569824,10.6471586227417,-0.5571343898773193,-0.7305341958999634,0,,0.0,0.0,0.0,12.027192115783691,0,3,128,0,1,0
433,21.651579,15,164,1,1,10.706440925598145,10.596094131469727,-0.823894739151001,-0.947316586971283,0,,0.0,0.0,0.0,12.027192115783691,0,3,128,0,1,0
434,21.701579,65,164,1,0,10.706440925598145,10.596094131469727,-0.823894739151001,-0.947316586971283,0,,0.0,0.0,0.0,12.027192115783691,0,3,128,0,1,0
435,21.751579,34,165,1,1,10.615488052368164,10.585856437683105,-0.9559492468833923,-1.005107045173645,0,,0.0,0.0,0.0,12.027192115783691,0,3,128,0,1,0
436,21.801582,84,165,1,0,10.615488052368164,10.585856437683105,-0.9559492468833923,-1.005107045173645,0,,0.0,0.0,0.0,12.060693740844727,0,3,128,0,1,0
437,21.851585,48,166,1,1,10.544658660888672,10.565381050109863,-1.0026624202728271,-0.9636258482933044,0,,0.0,0.0,0.0,12.060693740844727,0,3,128,0,1,0
438,21.901579,15,167,1,1,10.572096824645996,10.729061126708984,-0.7832399606704712,-0.651094913482666,0,,0.0,0.0,0.0,12.060693740844727,0,3,128,0,1,0
439,21.951579,65,167,1,0,10.572096824645996,10.729061126708984,-0.7832399606704712,-0.651094913482666,0,,0.0,0.0,0.0,12.060693740844727,0,3,128,0,1,0
440,22.001579,34,168,1,1,10.6464204788208,10.841552734375,-0.4691043496131897,-0.26805737614631653,0,,0.0,0.0,0.0,12.060693740844727,0,3,256,0,1,0
441,22.051584,84,168,1,0,10.6464204788208,10.841552734375,-0.4691043496131897,-0.26805737614631653,0,,0.0,0.0,0.0,12.060693740844727,0,3,256,0,1,0
442,22.101584,49,169,1,1,10.691999435424805,10.810839653015137,-0.2647072672843933,-0.030892714858055115,0,,0.0,0.0,0.0,12.060693740844727,0,3,256,0,1,0
443,22.151579,15,170,1,1,10.798200607299805,10.974519729614258,0.0704028308391571,0.3215874433517456,0,,0.0,0.0,0.0,12.060693740844727,0,3,256,0,1,0
444,22.201579,65,170,1,0,10.798200607299805,10.974519729614258,0.0704028308391571,0.3215874433517456,0,,0.0,0.0,0.0,12.060693740844727,0,3,256,0,1,0
445,22.251579,33,171,1,1,10.92328929901123,11.087011337280273,0.40685775876045227,0.6452988386154175,0,,0.0,0.0,0.0,12.060693740844727,0,3,256,0,1,0
446,22.301608,83,171,1,0,10.92328929901123,11.087011337280273,0.40685775876045227,0.6452988386154175,0,,0.0,0.0,0.0,12.060693740844727,0,3,256,0,1,0
447,22.351628,46,172,1,1,11.031943321228027,11.127962112426758,0.649156391620636,0.839574933052063,0,,0.0,0.0,0.0,12.060693740844727,0,3,256,0,1,0
448,22.401579,12,173,1,1,11.170646667480469,11.281280517578125,0.9326480031013489,1.0617913007736206,0,,0.0,0.0,0.0,12.060693740844727,0,3,256,0,1,0
449,22.451579,62,173,1,0,11.170646667480469,11.281280517578125,0.9326480031013489,1.0617913007736206,0,,0.0,0.0,0.0,12.060693740844727,0,3,256,0,1,0
450,22.501579,31,174,1,1,11.301488876342773,11.373420715332031,1.154183268547058,1.2032675743103027,0,,0.0,0.0,0.0,12.060693740844727,0,3,128,0,1,0
451,22.551594,81,174,1,0,11.301488876342773,11.373420715332031,1.154183268547058,1.2032675743103027,0,,0.0,0.0,0.0,12.060693740844727,0,3,128,0,1,0
452,22.601593,45,175,1,1,11.335569381713867,11.240453720092773,1.0749872922897339,1.012590765953064,0,,0.0,0.0,0.0,12.060693740844727,0,3,128,0,1,0
453,22.651579,14,176,1,1,11.267001152038574,11.046059608459473,0.7409412860870361,0.5782246589660645,0,,0.0,0.0,0.0,12.060693740844727,0,3,128,0,1,0
454,22.701585,64,176,1,0,11.267001152038574,11.046059608459473,0.7409412860870361,0.5782246589660645,0,,0.0,0.0,0.0,12.060693740844727,0,3,128,0,1,0
455,22.751579,33,177,1,1,11.219718933105469,11.066534996032715,0.5018299221992493,0.2795895040035248,0,,0.0,0.0,0.0,12.060693740844727,0,3,128,0,1,0
456,22.801597,83,177,1,0,11.219718933105469,11.066534996032715,0.5018299221992493,0.2795895040035248,0,,0.0,0.0,0.0,12.060693740844727,0,3,128,0,1,0
457,22.851583,48,178,1,1,11.103331565856934,10.8825044631958,0.10495254397392273,-0.15961116552352905,0,,0.0,0.0,0.0,12.060693740844727,0,3,128,0,1,0
458,22.901596,14,179,1,1,11.023661613464355,10.902854919433594,-0.13948571681976318,-0.4007382392883301,0,,0.0,0.0,0.0,12.060693740844727,0,3,128,0,1,0
459,22.951579,64,179,1,0,11.023661613464355,10.902854919433594,-0.13948571681976318,-0.4007382392883301,0,,0.0,0.0,0.0,12.060693740844727,0,3,128,0,1,0
460,23.001579,34,180,1,1,10.914947509765625,10.780125617980957,-0.42384451627731323,-0.6641280651092529,0,,0.0,0.0,0.0,12.060693740844727,0,3,256,0,1,0
461,23.05159,84,180,1,0,10.914947509765625,10.780125617980957,-0.42384451627731323,-0.6641280651092529,0,,0.0,0.0,0.0,12.060693740844727,0,3,256,0,1,0
462,23.10158,49,181,1,1,10.775771141052246,10.636920928955078,-0.7451572418212891,-0.9406087398529053,0,,0.0,0.0,0.0,12.060693740844727,0,3,256,0,1,0
463,23.151579,15,182,1,1,10.679123878479004,10.636920928955078,-0.9049360752105713,-1.024902105331421,0,,0.0,0.0,0.0,12.060693740844727,0,3,256,0,1,0
464,23.201579,65,182,1,0,10.679123878479004,10.636920928955078,-0.9049360752105713,-1.024902105331421,0,,0.0,0.0,0.0,12.060693740844727,0,3,256,0,1,0
465,23.251587,33,183,1,1,10.616333961486816,10.636920928955078,-0.9499927163124084,-0.9842082262039185,0,,0.0,0.0,0.0,12.060693740844727,0,3,256,0,1,0
466,23.301627,83,183,1,0,10.616333961486816,10.636920928955078,-0.9499927163124084,-0.9842082262039185,0,,0.0,0.0,0.0,12.060693740844727,0,3,256,0,1,0
467,23.351587,46,184,1,1,10.61012077331543,10.718823432922363,-0.824842095375061,-0.7642638683319092,0,,0.0,0.0,0.0,12.060693740844727,0,3,256,0,1,0
468,23.401579,12,185,1,1,10.722869873046875,10.974519729614258,-0.4045275151729584,-0.2587518095970154,0,,0.0,0.0,0.0,12.060693740844727,0,3,256,0,1,0
469,23.451579,62,185,1,0,10.722869873046875,10.974519729614258,-0.4045275151729584,-0.2587518095970154,0,,0.0,0.0,0.0,12.060693740844727,0,3,256,0,1,0
470,23.501579,32,186,1,1,10.851278305053711,11.076773643493652,-0.002719491720199585,0.18232667446136475,0,,0.0,0.0,0.0,12.060693740844727,0,3,128,0,1,0
471,23.551581,82,186,1,0,10.851278305053711,11.076773643493652,-0.002719491720199585,0.18232667446136475,0,,0.0,0.0,0.0,12.060693740844727,0,3,128,0,1,0
472,23.60158,46,187,1,1,10.942370414733887,11.066534996032715,0.25089558959007263,0.4307228922843933,0,,0.0,0.0,0.0,12.060693740844727,0,3,128,0,1,0
473,23.651579,15,188,1,1,11.032623291015625,11.127962112426758,0.46523523330688477,0.6180989742279053,0,,0.0,0.0,0.0,12.060693740844727,0,3,128,0,1,0
474,23.701579,65,188,1,0,11.032623291015625,11.127962112426758,0.46523523330688477,0.6180989742279053,0,,0.0,0.0,0.0,12.060693740844727,0,3,128,0,1,0
475,23.751579,33,189,1,1,11.121438026428223,11.189264297485352,0.6433048844337463,0.7511414289474487,0,,0.0,0.0,0.0,12.060693740844727,0,3,128,0,1,0
476,23.801581,83,189,1,0,11.121438026428223,11.189264297485352,0.6433048844337463,0.7511414289474487,0,,0.0,0.0,0.0,12.060693740844727,0,3,128,0,1,0
477,23.851587,48,190,1,1,11.196150779724121,11.219978332519531,0.7526770234107971,0.7986748218536377,0,,0.0,0.0,0.0,12.060693740844727,0,3,128,0,1,0
478,23.901579,15,191,1,1,11.321324348449707,11.404009819030762,0.976390540599823,0.9630070924758911,0,,0.0,0.0,0.0,12.060693740844727,0,3,128,0,1,0
479,23.951579,65,191,1,0,11.321324348449707,11.404009819030762,0.976390540599823,0.9630070924758911,0,,0.0,0.0,0.0,12.060693740844727,0,3,128,0,1,0
480,24.001579,34,192,1,1,11.39953327178955,11.393896102905273,1.043805718421936,0.9519515037536621,0,,0.0,0.0,0.0,12.060693740844727,0,3,256,0,1,0
481,24.051582,84,192,1,0,11.39953327178955,11.393896102905273,1.043805718421936,0.9519515037536621,0,,0.0,0.0,0.0,12.060693740844727,0,3,256,0,1,0
482,24.101587,48,193,1,1,11.356013298034668,11.16878890991211,0.7658501863479614,0.5763537883758545,0,,0.0,0.0,0.0,12.060693740844727,0,3,256,0,1,0
483,24.151579,15,194,1,1,11.237675666809082,10.984757423400879,0.3309449553489685,0.07250690460205078,0,,0.0,0.0,0.0,12.060693740844727,0,3,256,0,1,0
484,24.201579,65,194,1,0,11.237675666809082,10.984757423400879,0.3309449553489685,0.07250690460205078,0,,0.0,0.0,0.0,12.060693740844727,0,3,256,0,1,0
485,24.251579,33,195,1,1,11.126180648803711,10.933568954467773,-0.027265101671218872,-0.3076609969139099,0,,0.0,0.0,0.0,12.060693740844727,0,3,256,0,1,0
486,24.301589,83,195,1,0,11.126180648803711,10.933568954467773,-0.027265101671218872,-0.3076609969139099,0,,0.0,0.0,0.0,12.060693740844727,0,3,256,0,1,0
487,24.351589,46,196,1,1,11.025053024291992,10.892617225646973,-0.3105982840061188,-0.5754213333129883,0,,0.0,0.0,0.0,12.060693740844727,0,3,256,0,1,0
488,24.401579,13,197,1,1,10.953125,10.892617225646973,-0.4741455316543579,-0.6962523460388184,0,,0.0,0.0,0.0,12.060693740844727,0,3,256,0,1,0
489,24.451579,63,197,1,0,10.953125,10.892617225646973,-0.4741455316543579,-0.6962523460388184,0,,0.0,0.0,0.0,12.060693740844727,0,3,256,0,1,0
490,24.501617,32,198,1,1,10.878524780273438,10.831315040588379,-0.6192837953567505,-0.7889012098312378,0,,0.0,0.0,0.0,12.060693740844727,0,3,128,0,1,0
491,24.551579,82,198,1,0,10.878524780273438,10.831315040588379,-0.6192837953567505,-0.7889012098312378,0,,0.0,0.0,0.0,12.060693740844727,0,3,128,0,1,0
492,24.60161,46,199,1,1,10.813164710998535,10.800601959228516,-0.7112451791763306,-0.8140757083892822,0,,0.0,0.0,0.0,12.060693740844727,0,3,128,0,1,0
493,24.651579,14,200,1,1,10.703770637512207,10.636920928955078,-0.9046585559844971,-0.9462982416152954,0,,0.0,0.0,0.0,12.060693740844727,0,3,128,0,1,0
494,24.701596,64,200,1,0,10.703770637512207,10.636920928955078,-0.9046585559844971,-0.9462982416152954,0,,0.0,0.0,0.0,12.060693740844727,0,3,128,0,1,0
495,24.751581,33,201,1,1,10.68679141998291,10.769887924194336,-0.8257194757461548,-0.7838220596313477,0,,0.0,0.0,0.0,12.060693740844727,0,3,128,0,1,0
496,24.801591,83,201,1,0,10.68679141998291,10.769887924194336,-0.8257194757461548,-0.7838220596313477,0,,0.0,0.0,0.0,11.989501953125,0,3,128,0,1,0
497,24.851602,49,202,1,1,10.684041976928711,10.780125617980957,-0.709353506565094,-0.5935590267181396,0,,0.0,0.0,0.0,11.989501953125,0,3,128,0,1,0
498,24.901579,15,203,1,1,10.82215690612793,11.097249031066895,-0.23419588804244995,-0.04548543691635132,0,,0.0,0.0,0.0,11.989501953125,0,3,128,0,1,0
499,24.951601,65,203,1,0,10.82215690612793,11.097249031066895,-0.23419588804244995,-0.04548543691635132,0,,0.0,0.0,0.0,11.989501953125,0,3,128,0,1,0
500,25.001579,34,204,1,1,10.955785751342773,11.16878890991211,0.16276542842388153,0.37281182408332825,0,,0.0,0.0,0.0,11.989501953125,0,3,256,0,1,0
501,25.051598,84,204,1,0,10.955785751342773,11.16878890991211,0.16276542842388153,0.37281182408332825,0,,0.0,0.0,0.0,11.968563079833984,0,3,256,0,1,0
502,25.101581,48,205,1,1,11.028739929199219,11.107486724853516,0.34626972675323486,0.5308815240859985,0,,0.0,0.0,0.0,11.968563079833984,0,3,256,0,1,0
503,25.151579,14,206,1,1,11.092854499816895,11.138200759887695,0.4779341220855713,0.6217406988143921,0,,0.0,0.0,0.0,11.968563079833984,0,3,256,0,1,0
504,25.201579,64,206,1,0,11.092854499816895,11.138200759887695,0.4779341220855713,0.6217406988143921,0,,0.0,0.0,0.0,11.968563079833984,0,3,256,0,1,0
505,25.25158,32,207,1,1,11.144381523132324,11.158551216125488,0.5557713508605957,0.6497700214385986,0,,0.0,0.0,0.0,11.968563079833984,0,0,0,0,0,0
506,25.301616,82,207,1,0,11.144381523132324,11.158551216125488,0.5557713508605957,0.6497700214385986,0,,0.0,0.0,0.0,11.989501953125,0,0,0,0,0,0
507,25.35159,46,208,1,1,11.231278419494629,11.281280517578125,0.7080190181732178,0.750339925289154,0,,0.0,0.0,0.0,11.989501953125,0,0,0,0,0,0
508,25.401591,13,209,1,1,11.300787925720215,11.311993598937988,0.7916826009750366,0.7726584672927856,0,,0.0,0.0,0.0,11.989501953125,0,0,0,0,0,0
509,25.45158,63,209,1,0,11.300787925720215,11.311993598937988,0.7916826009750366,0.7726584672927856,0,,0.0,0.0,0.0,11.989501953125,0,0,0,0,0,0
510,25.501581,32,210,1,1,11.327178001403809,11.271042823791504,0.7488746643066406,0.6626191139221191,0,,0.0,0.0,0.0,11.989501953125,0,0,0,0,0,0
511,25.551579,82,210,1,0,11.327178001403809,11.271042823791504,0.7488746643066406,0.6626191139221191,0,,0.0,0.0,0.0,11.989501953125,0,0,0,0,0,0
512,25.601598,46,211,1,1,11.25143814086914,11.056297302246094,0.4313976466655731,0.27171653509140015,0,,0.0,0.0,0.0,11.989501953125,0,0,0,0,0,0
513,25.651581,13,212,1,1,11.160484313964844,10.984757423400879,0.11909833550453186,-0.07778501510620117,0,,0.0,0.0,0.0,11.989501953125,0,0,0,0,0,0
514,25.70158,63,212,1,0,11.160484313964844,10.984757423400879,0.11909833550453186,-0.07778501510620117,0,,0.0,0.0,0.0,11.989501953125,0,0,0,0,0,0
515,25.75158,32,213,1,1,11.062665939331055,10.913092613220215,-0.16796492040157318,-0.37090829014778137,0,,0.0,0.0,0.0,11.989501953125,0,0,0,0,0,0
516,25.801581,82,213,1,0,11.062665939331055,10.913092613220215,-0.16796492040157318,-0.37090829014778137,0,,0.0,0.0,0.0,12.064881324768066,0,0,0,0,0,0
517,25.851601,46,214,1,1,10.964503288269043,10.851790428161621,-0.41622215509414673,-0.5967291593551636,0,,0.0,0.0,0.0,12.064881324768066,0,0,0,0,0,0
518,25.901581,15,215,1,1,10.947943687438965,10.974519729614258,-0.41447097063064575,-0.5444485545158386,0,,0.0,0.0,0.0,12.064881324768066,0,0,0,0,0,0
519,25.95158,65,215,1,0,10.947943687438965,10.974519729614258,-0.41447097063064575,-0.5444485545158386,0,,0.0,0.0,0.0,12.064881324768066,0,0,0,0,0,0
520,26.001585,33,216,1,1,10.912529945373535,10.913092613220215,-0.45805802941322327,-0.5433441996574402,0,,0.0,0.0,0.0,12.064881324768066,0,0,0,0,0,0
521,26.051581,83,216,1,0,10.912529945373535,10.913092613220215,-0.45805802941322327,-0.5433441996574402,0,,0.0,0.0,0.0,12.064881324768066,0,0,0,0,0,0
522,26.101593,48,217,1,1,10.841729164123535,10.800601959228516,-0.5828533172607422,-0.6254018545150757,0,,0.0,0.0,0.0,12.064881324768066,0,0,0,0,0,0
523,26.151581,15,218,1,1,10.829578399658203,10.8825044631958,-0.5339797139167786,-0.520213782787323,0,,0.0,0.0,0.0,12.064881324768066,0,0,0,0,0,0
524,26.20158,65,218,1,0,10.829578399658203,10.8825044631958,-0.5339797139167786,-0.520213782787323,0,,0.0,0.0,0.0,12.064881324768066,0,0,0,0,0,0
525,26.251608,34,219,1,1,10.81692886352539,10.862028121948242,-0.49140113592147827,-0.4317665100097656,0,,0.0,0.0,0.0,12.064881324768066,0,0,0,0,0,0
526,26.301655,84,219,1,0,10.81692886352539,10.862028121948242,-0.49140113592147827,-0.4317665100097656,0,,0.0,0.0,0.0,12.064881324768066,0,0,0,0,0,0
527,26.351596,46,220,1,1,10.85368537902832,10.964282035827637,-0.3144129812717438,-0.2074175924062729,0,,0.0,0.0,0.0,12.064881324768066,0,0,0,0,0,0
528,26.401581,13,221,1,1,10.949701309204102,11.117724418640137,-0.009431988000869751,0.12876735627651215,0,,0.0,0.0,0.0,12.064881324768066,0,0,0,0,0,0
529,26.45158,63,221,1,0,10.949701309204102,11.117724418640137,-0.009431988000869751,0.12876735627651215,0,,0.0,0.0,0.0,12.064881324768066,0,0,0,0,0,0
530,26.501581,32,222,1,1,11.053982734680176,11.199501991271973,0.27485400438308716,0.4146483540534973,0,,0.0,0.0,0.0,12.064881324768066,0,0,0,0,0,0
531,26.551586,82,222,1,0,11.053982734680176,11.199501991271973,0.27485400438308716,0.4146483540534973,0,,0.0,0.0,0.0,12.064881324768066,0,0,0,0,0,0
532,26.601587,46,223,1,1,11.151625633239746,11.250691413879395,0.5007991194725037,0.6132796406745911,0,,0.0,0.0,0.0,12.064881324768066,0,0,0,0,0,0
533,26.651581,15,224,1,1,11.17500114440918,11.148313522338867,0.5001856088638306,0.5607730150222778,0,,0.0,0.0,0.0,12.064881324768066,0,0,0,0,0,0
534,26.70158,65,224,1,0,11.17500114440918,11.148313522338867,0.5001856088638306,0.5607730150222778,0,,0.0,0.0,0.0,12.064881324768066,0,0,0,0,0,0
535,26.751583,34,225,1,1,11.167364120483398,11.097249031066895,0.4146265387535095,0.42395758628845215,0,,0.0,0.0,0.0,12.064881324768066,0,0,0,0,0,0
536,26.801585,84,225,1,0,11.167364120483398,11.097249031066895,0.4146265387535095,0.42395758628845215,0,,0.0,0.0,0.0,12.064881324768066,0,0,0,0,0,0
537,26.851601,48,226,1,1,11.1851806640625,11.158551216125488,0.4000333249568939,0.37064704298973083,0,,0.0,0.0,0.0,12.064881324768066,0,0,0,0,0,0
538,26.901581,15,227,1,1,11.232714653015137,11.250691413879395,0.46508145332336426,0.4064379036426544,0,,0.0,0.0,0.0,12.064881324768066,0,0,0,0,0,0
539,26.95158,65,227,1,0,11.232714653015137,11.250691413879395,0.46508145332336426,0.4064379036426544,0,,0.0,0.0,0.0,12.064881324768066,0,0,0,0,0,0
540,27.001589,34,228,1,1,11.24583911895752,11.20974063873291,0.43014395236968994,0.3355809450149536,0,,0.0,0.0,0.0,12.064881324768066,0,0,0,0,0,0
541,27.051584,84,228,1,0,11.24583911895752,11.20974063873291,0.43014395236968994,0.3355809450149536,0,,0.0,0.0,0.0,12.064881324768066,0,0,0,0,0,0
542,27.1016,49,229,1,1,11.179288864135742,11.035821914672852,0.18444257974624634,0.049271970987319946,0,,0.0,0.0,0.0,12.064881324768066,0,0,0,0,0,0
543,27.151581,15,230,1,1,11.106328010559082,10.984757423400879,-0.04424777626991272,-0.1937672197818756,0,,0.0,0.0,0.0,12.064881324768066,0,0,0,0,0,0
544,27.201593,65,230,1,0,11.106328010559082,10.984757423400879,-0.04424777626991272,-0.1937672197818756,0,,0.0,0.0,0.0,12.064881324768066,0,0,0,0,0,0
545,27.251581,33,231,1,1,11.027106285095215,10.923330307006836,-0.25668036937713623,-0.3989619314670563,0,,0.0,0.0,0.0,12.064881324768066,0,0,0,0,0,0
546,27.301659,83,231,1,0,11.027106285095215,10.923330307006836,-0.25668036937713623,-0.3989619314670563,0,,0.0,0.0,0.0,12.064881324768066,0,0,0,0,0,0
547,27.35159,45,232,1,1,10.982141494750977,10.954044342041016,-0.34657368063926697,-0.45612984895706177,0,,0.0,0.0,0.0,12.064881324768066,0,0,0,0,0,0
548,27.401581,7,233,1,1,10.977970123291016,11.01534652709961,-0.31295087933540344,-0.37922048568725586,0,,0.0,0.0,0.0,12.064881324768066,0,0,0,0,0,0
549,27.45158,57,233,1,0,10.977970123291016,11.01534652709961,-0.31295087933540344,-0.37922048568725586,0,,0.0,0.0,0.0,12.064881324768066,0,0,0,0,0,0
550,27.501581,25,234,1,1,11.017196655273438,11.107486724853516,-0.17126618325710297,-0.19903910160064697,0,,0.0,0.0,0.0,12.064881324768066,0,0,0,0,0,0
551,27.551582,75,234,1,0,11.017196655273438,11.107486724853516,-0.17126618325710297,-0.19903910160064697,0,,0.0,0.0,0.0,12.064881324768066,0,0,0,0,0,0
552,27.601595,44,235,1,1,11.02509593963623,11.056297302246094,-0.1289018988609314,-0.1380046010017395,0,,0.0,0.0,0.0,12.064881324768066,0,0,0,0,0,0
553,27.651585,13,236,1,1,11.044471740722656,11.087011337280273,-0.061004601418972015,-0.055434465408325195,0,,0.0,0.0,0.0,12.064881324768066,0,0,0,0,0,0
554,27.70158,63,236,1,0,11.044471740722656,11.087011337280273,-0.061004601418972015,-0.055434465408325195,0,,0.0,0.0,0.0,12.064881324768066,0,0,0,0,0,0
555,27.751581,32,237,1,1,11.084535598754883,11.148313522338867,0.052835457026958466,0.06816042959690094,0,,0.0,0.0,0.0,12.064881324768066,0,0,0,0,0,0
556,27.801586,82,237,1,0,11.084535598754883,11.148313522338867,0.052835457026958466,0.06816042959690094,0,,0.0,0.0,0.0,12.064881324768066,0,0,0,0,0,0
557,27.851593,46,238,1,1,11.122764587402344,11.16878890991211,0.14667078852653503,0.1599915772676468,0,,0.0,0.0,0.0,12.064881324768066,0,0,0,0,0,0
558,27.901581,15,239,1,1,11.187705993652344,11.260929107666016,0.29754164814949036,0.30391591787338257,0,,0.0,0.0,0.0,12.064881324768066,0,0,0,0,0,0
559,27.95158,65,239,1,0,11.187705993652344,11.260929107666016,0.29754164814949036,0.30391591787338257,0,,0.0,0.0,0.0,12.064881324768066,0,0,0,0,0,0
560,28.001582,34,240,1,1,11.283893585205078,11.383658409118652,0.5087519884109497,0.4986783266067505,0,,0.0,0.0,0.0,12.064881324768066,0,0,0,0,0,0
561,28.051583,84,240,1,0,11.283893585205078,11.383658409118652,0.5087519884109497,0.4986783266067505,0,,0.0,0.0,0.0,12.064881324768066,0,0,0,0,0,0
562,28.101586,48,241,1,1,11.278997421264648,11.20974063873291,0.4186636209487915,0.3599287271499634,0,,0.0,0.0,0.0,12.064881324768066,0,0,0,0,0,0
563,28.151581,15,242,1,1,11.236282348632812,11.127962112426758,0.24169711768627167,0.14412879943847656,0,,0.0,0.0,0.0,12.064881324768066,0,0,0,0,0,0
564,28.201593,65,242,1,0,11.236282348632812,11.127962112426758,0.24169711768627167,0.14412879943847656,0,,0.0,0.0,0.0,12.064881324768066,0,0,0,0,0,0
565,28.25159,33,243,1,1,11.211223602294922,11.148313522338867,0.13447320461273193,0.019888468086719513,0,,0.0,0.0,0.0,12.064881324768066,0,0,0,0,0,0
566,28.301643,83,243,1,0,11.211223602294922,11.148313522338867,0.13447320461273193,0.019888468086719513,0,,0.0,0.0,0.0,12.064881324768066,0,0,0,0,0,0
567,28.351596,46,244,1,1,11.191306114196777,11.148313522338867,0.05284237116575241,-0.06709742546081543,0,,0.0,0.0,0.0,12.064881324768066,0,0,0,0,0,0
568,28.401581,13,245,1,1,11.218770027160645,11.250691413879395,0.10840163379907608,-0.0033047422766685486,0,,0.0,0.0,0.0,12.064881324768066,0,0,0,0,0,0
569,28.45158,63,245,1,0,11.218770027160645,11.250691413879395,0.10840163379907608,-0.0033047422766685486,0,,0.0,0.0,0.0,12.064881324768066,0,0,0,0,0,0
570,28.50158,32,246,1,1,11.198695182800293,11.158551216125488,0.03262989968061447,-0.0821465402841568,0,,0.0,0.0,0.0,12.064881324768066,0,0,0,0,0,0
571,28.551583,82,246,1,0,11.198695182800293,11.158551216125488,0.03262989968061447,-0.0821465402841568,0,,0.0,0.0,0.0,12.064881324768066,0,0,0,0,0,0
572,28.601592,46,247,1,1,11.19615650177002,11.189264297485352,0.012328548356890678,-0.09596837311983109,0,,0.0,0.0,0.0,12.064881324768066,0,0,0,0,0,0
573,28.651581,15,248,1,1,11.116670608520508,11.005233764648438,-0.20546573400497437,-0.3153207302093506,0,,0.0,0.0,0.0,12.064881324768066,0,0,0,0,0,0
574,28.70158,65,248,1,0,11.116670608520508,11.005233764648438,-0.20546573400497437,-0.3153207302093506,0,,0.0,0.0,0.0,12.064881324768066,0,0,0,0,0,0
575,28.751581,34,249,1,1,11.055705070495605,10.9949951171875,-0.34445279836654663,-0.4338544011116028,0,,0.0,0.0,0.0,12.064881324768066,0,0,0,0,0,0
576,28.801597,84,249,1,0,11.055705070495605,10.9949951171875,-0.34445279836654663,-0.4338544011116028,0,,0.0,0.0,0.0,11.985315322875977,0,0,0,0,0,0
577,28.851588,49,250,1,1,10.999397277832031,10.964282035827637,-0.4482911229133606,-0.5038024187088013,0,,0.0,0.0,0.0,11.985315322875977,0,0,0,0,0,0
578,28.901581,15,251,1,1,11.009180068969727,11.076773643493652,-0.3612182140350342,-0.3686906695365906,0,,0.0,0.0,0.0,11.985315322875977,0,0,0,0,0,0
579,28.951582,65,251,1,0,11.009180068969727,11.076773643493652,-0.3612182140350342,-0.3686906695365906,0,,0.0,0.0,0.0,11.985315322875977,0,0,0,0,0,0
580,29.001597,34,252,1,1,11.019699096679688,11.076773643493652,-0.28356629610061646,-0.25640952587127686,0,,0.0,0.0,0.0,11.985315322875977,0,0,0,0,0,0
581,29.051582,84,252,1,0,11.019699096679688,11.076773643493652,-0.28356629610061646,-0.25640952587127686,0,,0.0,0.0,0.0,11.985315322875977,0,0,0,0,0,0
582,29.101585,48,253,1,1,10.990304946899414,10.984757423400879,-0.31629428267478943,-0.2675563097000122,0,,0.0,0.0,0.0,11.985315322875977,0,0,0,0,0,0
583,29.151602,15,254,1,1,10.95068073272705,10.933568954467773,-0.3711807131767273,-0.3016701638698578,0,,0.0,0.0,0.0,11.985315322875977,0,0,0,0,0,0
584,29.20158,65,254,1,0,10.95068073272705,10.933568954467773,-0.3711807131767273,-0.3016701638698578,0,,0.0,0.0,0.0,11.985315322875977,0,0,0,0,0,0
585,29.251605,34,255,1,1,10.929726600646973,10.943806648254395,-0.36914491653442383,-0.2740270495414734,0,,0.0,0.0,0.0,11.985315322875977,0,0,0,0,0,0
586,29.301627,84,255,1,0,10.929726600646973,10.943806648254395,-0.36914491653442383,-0.2740270495414734,0,,0.0,0.0,0.0,11.993690490722656,0,0,0,0,0,0
587,29.351612,46,256,1,1,10.907716751098633,10.923330307006836,-0.3629095256328583,-0.24234765768051147,0,,0.0,0.0,0.0,11.993690490722656,0,0,0,0,0,0
588,29.401581,13,257,1,1,10.965553283691406,11.087011337280273,-0.15020118653774261,0.0006329864263534546,0,,0.0,0.0,0.0,11.993690490722656,0,0,0,0,0,0
589,29.451589,63,257,1,0,10.965553283691406,11.087011337280273,-0.15020118653774261,0.0006329864263534546,0,,0.0,0.0,0.0,11.993690490722656,0,0,0,0,0,0
590,29.50158,32,258,1,1,11.000709533691406,11.066534996032715,-0.0263197124004364,0.12991812825202942,0,,0.0,0.0,0.0,11.993690490722656,0,0,0,0,0,0
591,29.551584,82,258,1,0,11.000709533691406,11.066534996032715,-0.0263197124004364,0.12991812825202942,0,,0.0,0.0,0.0,11.993690490722656,0,0,0,0,0,0
592,29.601589,45,259,1,1,10.992914199829102,10.984757423400879,-0.0307687409222126,0.11347682774066925,0,,0.0,0.0,0.0,11.993690490722656,0,0,0,0,0,0
593,29.651581,14,260,1,1,10.996845245361328,11.005233764648438,-0.005736710503697395,0.13001224398612976,0,,0.0,0.0,0.0,11.993690490722656,0,0,0,0,0,0
594,29.70158,64,260,1,0,10.996845245361328,11.005233764648438,-0.005736710503697395,0.13001224398612976,0,,0.0,0.0,0.0,11.993690490722656,0,0,0,0,0,0
595,29.751581,34,261,1,1,10.987549781799316,10.974519729614258,-0.019546780735254288,0.10472583770751953,0,,0.0,0.0,0.0,11.993690490722656,0,0,0,0,0,0
596,29.801591,84,261,1,0,10.987549781799316,10.974519729614258,-0.019546780735254288,0.10472583770751953,0,,0.0,0.0,0.0,11.993690490722656,0,0,0,0,0,0
597,29.851589,48,262,1,1,11.011431694030762,11.046059608459473,0.055659614503383636,0.1738470196723938,0,,0.0,0.0,0.0,11.993690490722656,0,0,0,0,0,0
598,29.901581,15,263,1,1,11.076299667358398,11.158551216125488,0.22675082087516785,0.33737295866012573,0,,0.0,0.0,0.0,11.993690490722656,0,0,0,0,0,0
599,29.95158,65,263,1,0,11.076299667358398,11.158551216125488,0.22675082087516785,0.33737295866012573,0,,0.0,0.0,0.0,11.993690490722656,0,0,0,0,0,0
600,30.001581,34,264,1,1,11.113483428955078,11.138200759887695,0.3005183935165405,0.3858566880226135,0,,0.0,0.0,0.0,11.993690490722656,0,0,0,0,0,0
601,30.051593,84,264,1,0,11.113483428955078,11.138200759887695,0.3005183935165405,0.3858566880226135,0,,0.0,0.0,0.0,11.993690490722656,0,0,0,0,0,0
602,30.101595,49,265,1,1,11.100700378417969,11.046059608459473,0.22889100015163422,0.27685239911079407,0,,0.0,0.0,0.0,11.993690490722656,0,0,0,0,0,0
603,30.151581,14,266,1,1,11.085068702697754,11.035821914672852,0.15756940841674805,0.17787225544452667,0,,0.0,0.0,0.0,11.993690490722656,0,0,0,0,0,0
604,30.20158,64,266,1,0,11.085068702697754,11.035821914672852,0.15756940841674805,0.17787225544452667,0,,0.0,0.0,0.0,11.993690490722656,0,0,0,0,0,0
605,30.251581,33,267,1,1,11.093640327453613,11.087011337280273,0.15946446359157562,0.1648118644952774,0,,0.0,0.0,0.0,11.993690490722656,0,0,0,0,0,0
606,30.301666,83,267,1,0,11.093640327453613,11.087011337280273,0.15946446359157562,0.1648118644952774,0,,0.0,0.0,0.0,12.018816947937012,0,0,0,0,0,0
607,30.351603,46,268,1,1,11.094836235046387,11.076773643493652,0.13884706795215607,0.12833371758460999,0,,0.0,0.0,0.0,12.018816947937012,0,0,0,0,0,0
608,30.401583,13,269,1,1,11.107090950012207,11.107486724853516,0.15025481581687927,0.12912268936634064,0,,0.0,0.0,0.0,12.018816947937012,0,0,0,0,0,0
609,30.45158,63,269,1,0,11.107090950012207,11.107486724853516,0.15025481581687927,0.12912268936634064,0,,0.0,0.0,0.0,12.018816947937012,0,0,0,0,0,0
610,30.501581,32,270,1,1,11.14020824432373,11.16878890991211,0.21441873908042908,0.18519121408462524,0,,0.0,0.0,0.0,12.018816947937012,0,0,0,0,0,0
611,30.55159,82,270,1,0,11.14020824432373,11.16878890991211,0.21441873908042908,0.18519121408462524,0,,0.0,0.0,0.0,12.018816947937012,0,0,0,0,0,0
612,30.601593,46,271,1,1,11.154679298400879,11.148313522338867,0.21812672913074493,0.17243653535842896,0,,0.0,0.0,0.0,12.018816947937012,0,0,0,0,0,0
613,30.651581,15,272,1,1,11.102767944335938,11.005233764648438,0.04837033152580261,-0.019379034638404846,0,,0.0,0.0,0.0,12.018816947937012,0,0,0,0,0,0
614,30.70158,65,272,1,0,11.102767944335938,11.005233764648438,0.04837033152580261,-0.019379034638404846,0,,0.0,0.0,0.0,12.018816947937012,0,0,0,0,0,0
615,30.751581,34,273,1,1,11.068634033203125,11.01534652709961,-0.05273208022117615,-0.12333346158266068,0,,0.0,0.0,0.0,12.018816947937012,0,0,0,0,0,0
616,30.80159,84,273,1,0,11.068634033203125,11.01534652709961,-0.05273208022117615,-0.12333346158266068,0,,0.0,0.0,0.0,12.018816947937012,0,0,0,0,0,0
617,30.851591,48,274,1,1,11.021757125854492,10.964282035827637,-0.17351937294006348,-0.23836827278137207,0,,0.0,0.0,0.0,12.018816947937012,0,0,0,0,0,0
618,30.901582,15,275,1,1,11.049002647399902,11.107486724853516,-0.08177027106285095,-0.12195192277431488,0,,0.0,0.0,0.0,12.018816947937012,0,0,0,0,0,0
619,30.951583,65,275,1,0,11.049002647399902,11.107486724853516,-0.08177027106285095,-0.12195192277431488,0,,0.0,0.0,0.0,12.018816947937012,0,0,0,0,0,0
620,31.00158,34,276,1,1,11.082158088684082,11.138200759887695,0.013694055378437042,-0.011971764266490936,0,,0.0,0.0,0.0,12.018816947937012,0,0,0,0,0,0
621,31.051587,84,276,1,0,11.082158088684082,11.138200759887695,0.013694055378437042,-0.011971764266490936,0,,0.0,0.0,0.0,12.018816947937012,0,0,0,0,0,0
622,31.10159,49,277,1,1,11.037490844726562,10.974519729614258,-0.1076766774058342,-0.13761189579963684,0,,0.0,0.0,0.0,12.018816947937012,0,0,0,0,0,0
623,31.151597,15,278,1,1,11.070123672485352,11.127962112426758,-0.008477471768856049,-0.022008255124092102,0,,0.0,0.0,0.0,12.018816947937012,0,0,0,0,0,0
624,31.201587,65,278,1,0,11.070123672485352,11.127962112426758,-0.008477471768856049,-0.022008255124092102,0,,0.0,0.0,0.0,12.018816947937012,0,0,0,0,0,0
625,31.251581,33,279,1,1,11.072464942932129,11.076773643493652,-0.002123164013028145,-0.013490810059010983,0,,0.0,0.0,0.0,12.018816947937012,0,0,0,0,0,0
626,31.301631,83,279,1,0,11.072464942932129,11.076773643493652,-0.002123164013028145,-0.013490810059010983,0,,0.0,0.0,0.0,12.060693740844727,0,0,0,0,0,0
627,31.351601,46,280,1,1,11.069811820983887,11.066534996032715,-0.009649328887462616,-0.020120199769735336,0,,0.0,0.0,0.0,12.060693740844727,0,0,0,0,0,0
628,31.401612,13,281,1,1,11.098170280456543,11.138200759887695,0.06529499590396881,0.05983025208115578,0,,0.0,0.0,0.0,12.060693740844727,0,0,0,0,0,0
629,31.45158,63,281,1,0,11.098170280456543,11.138200759887695,0.06529499590396881,0.05983025208115578,0,,0.0,0.0,0.0,12.060693740844727,0,0,0,0,0,0
630,31.501581,31,282,1,1,11.122422218322754,11.148313522338867,0.11914648860692978,0.11092418432235718,0,,0.0,0.0,0.0,12.060693740844727,0,0,0,0,0,0
631,31.551584,81,282,1,0,11.122422218322754,11.148313522338867,0.11914648860692978,0.11092418432235718,0,,0.0,0.0,0.0,12.060693740844727,0,0,0,0,0,0
632,31.601585,46,283,1,1,11.10062313079834,11.056297302246094,0.0437796488404274,0.022409066557884216,0,,0.0,0.0,0.0,12.060693740844727,0,0,0,0,0,0
633,31.651581,15,284,1,1,11.088481903076172,11.066534996032715,0.004330269992351532,-0.020675096660852432,0,,0.0,0.0,0.0,12.060693740844727,0,0,0,0,0,0
634,31.701582,65,284,1,0,11.088481903076172,11.066534996032715,0.004330269992351532,-0.020675096660852432,0,,0.0,0.0,0.0,12.060693740844727,0,0,0,0,0,0
635,31.751581,34,285,1,1,11.05822467803955,11.01534652709961,-0.07735934853553772,-0.10424837470054626,0,,0.0,0.0,0.0,12.060693740844727,0,0,0,0,0,0
636,31.801586,84,285,1,0,11.05822467803955,11.01534652709961,-0.07735934853553772,-0.10424837470054626,0,,0.0,0.0,0.0,12.060693740844727,0,0,0,0,0,0
637,31.851595,49,286,1,1,11.079193115234375,11.117724418640137,-0.012805402278900146,-0.02758793532848358,0,,0.0,0.0,0.0,12.060693740844727,0,0,0,0,0,0
638,31.901581,15,287,1,1,11.129194259643555,11.199501991271973,0.11939620971679688,0.11282174289226532,0,,0.0,0.0,0.0,12.060693740844727,0,0,0,0,0,0
639,31.95158,65,287,1,0,11.129194259643555,11.199501991271973,0.11939620971679688,0.11282174289226532,0,,0.0,0.0,0.0,12.060693740844727,0,0,0,0,0,0
640,32.00158,34,288,1,1,11.164422035217285,11.199501991271973,0.1945933997631073,0.1817825734615326,0,,0.0,0.0,0.0,12.060693740844727,0,0,0,0,0,0
641,32.051585,84,288,1,0,11.164422035217285,11.199501991271973,0.1945933997631073,0.1817825734615326,0,,0.0,0.0,0.0,12.060693740844727,0,0,0,0,0,0
642,32.101589,48,289,1,1,11.107218742370605,11.005233764648438,0.014021322131156921,-0.02299351990222931,0,,0.0,0.0,0.0,12.060693740844727,0,0,0,0,0,0
643,32.151581,15,290,1,1,11.073469161987305,11.02558422088623,-0.0793076753616333,-0.11840181797742844,0,,0.0,0.0,0.0,12.060693740844727,0,0,0,0,0,0
644,32.20158,65,290,1,0,11.073469161987305,11.02558422088623,-0.0793076753616333,-0.11840181797742844,0,,0.0,0.0,0.0,12.060693740844727,0,0,0,0,0,0
645,32.251581,34,291,1,1,11.040999412536621,11.005233764648438,-0.1561235785484314,-0.1885889768600464,0,,0.0,0.0,0.0,12.060693740844727,0,0,0,0,0,0
646,32.301636,84,291,1,0,11.040999412536621,11.005233764648438,-0.1561235785484314,-0.1885889768600464,0,,0.0,0.0,0.0,12.069068908691406,0,0,0,0,0,0
647,32.351599,46,292,1,1,11.017481803894043,11.005233764648438,-0.1965213119983673,-0.21342992782592773,0,,0.0,0.0,0.0,12.069068908691406,0,0,0,0,0,0
648,32.401581,13,293,1,1,11.071529388427734,11.16878890991211,-0.02783602476119995,-0.01891760528087616,0,,0.0,0.0,0.0,12.069068908691406,0,0,0,0,0,0
649,32.45158,63,293,1,0,11.071529388427734,11.16878890991211,-0.02783602476119995,-0.01891760528087616,0,,0.0,0.0,0.0,12.069068908691406,0,0,0,0,0,0
650,32.501581,32,294,1,1,11.123700141906738,11.199501991271973,0.11320669203996658,0.12992867827415466,0,,0.0,0.0,0.0,12.069068908691406,0,0,0,0,0,0
651,32.551579,82,294,1,0,11.123700141906738,11.199501991271973,0.11320669203996658,0.12992867827415466,0,,0.0,0.0,0.0,12.069068908691406,0,0,0,0,0,0
652,32.601586,46,295,1,1,11.139998435974121,11.148313522338867,0.14034511148929596,0.14659367501735687,0,,0.0,0.0,0.0,12.069068908691406,0,0,0,0,0,0
653,32.651587,15,296,1,1,11.103304862976074,11.035821914672852,0.025101616978645325,0.013877123594284058,0,,0.0,0.0,0.0,12.069068908691406,0,0,0,0,0,0
654,32.70158,65,296,1,0,11.103304862976074,11.035821914672852,0.025101616978645325,0.013877123594284058,0,,0.0,0.0,0.0,12.069068908691406,0,0,0,0,0,0
655,32.751581,34,297,1,1,11.076433181762695,11.035821914672852,-0.049619704484939575,-0.06533826142549515,0,,0.0,0.0,0.0,12.069068908691406,0,0,0,0,0,0
656,32.801579,84,297,1,0,11.076433181762695,11.035821914672852,-0.049619704484939575,-0.06533826142549515,0,,0.0,0.0,0.0,12.069068908691406,0,0,0,0,0,0
657,32.851592,48,298,1,1,11.061020851135254,11.046059608459473,-0.0839160680770874,-0.09527906775474548,0,,0.0,0.0,0.0,12.069068908691406,0,0,0,0,0,0
658,32.901581,15,299,1,1,11.13658332824707,11.250691413879395,0.12575922906398773,0.13182805478572845,0,,0.0,0.0,0.0,12.069068908691406,0,0,0,0,0,0
659,32.95158,65,299,1,0,11.13658332824707,11.250691413879395,0.12575922906398773,0.13182805478572845,0,,0.0,0.0,0.0,12.069068908691406,0,0,0,0,0,0
660,33.001583,34,300,1,1,11.203185081481934,11.281280517578125,0.2832144498825073,0.28506407141685486,0,,0.0,0.0,0.0,12.069068908691406,0,0,0,0,0,0
661,33.051583,84,300,1,0,11.203185081481934,11.281280517578125,0.2832144498825073,0.28506407141685486,0,,0.0,0.0,0.0,12.069068908691406,0,0,0,0,0,0
662,33.101583,48,301,1,1,11.173130989074707,11.097249031066895,0.16188298165798187,0.1328355073928833,0,,0.0,0.0,0.0,12.069068908691406,0,0,0,0,0,0
663,33.151583,15,302,1,1,11.153539657592773,11.107486724853516,0.08502086997032166,0.041111066937446594,0,,0.0,0.0,0.0,12.069068908691406,0,0,0,0,0,0
664,33.201582,65,302,1,0,11.153539657592773,11.107486724853516,0.08502086997032166,0.041111066937446594,0,,0.0,0.0,0.0,12.069068908691406,0,0,0,0,0,0
665,33.251581,34,303,1,1,11.142669677734375,11.117724418640137,0.04146956279873848,-0.007835611701011658,0,,0.0,0.0,0.0,12.069068908691406,0,0,0,0,0,0
666,33.301639,84,303,1,0,11.142669677734375,11.117724418640137,0.04146956279873848,-0.007835611701011658,0,,0.0,0.0,0.0,12.069068908691406,0,0,0,0,0,0
667,33.351602,45,304,1,1,11.12541389465332,11.097249031066895,-0.014272339642047882,-0.0652729719877243,0,,0.0,0.0,0.0,12.069068908691406,0,0,0,0,0,0
668,33.401581,12,305,1,1,11.155936241149902,11.199501991271973,0.06400245428085327,0.022041961550712585,0,,0.0,0.0,0.0,12.069068908691406,0,0,0,0,0,0
669,33.451607,62,305,1,0,11.155936241149902,11.199501991271973,0.06400245428085327,0.022041961550712585,0,,0.0,0.0,0.0,12.069068908691406,0,0,0,0,0,0
670,33.501581,28,306,1,1,11.177485466003418,11.199501991271973,0.10800588130950928,0.06602266430854797,0,,0.0,0.0,0.0,12.069068908691406,0,0,0,0,0,0
671,33.551602,78,306,1,0,11.177485466003418,11.199501991271973,0.10800588130950928,0.06602266430854797,0,,0.0,0.0,0.0,12.069068908691406,0,0,0,0,0,0
672,33.601587,46,307,1,1,11.13193130493164,11.056297302246094,-0.029485613107681274,-0.0831323117017746,0,,0.0,0.0,0.0,12.069068908691406,0,0,0,0,0,0
673,33.651581,15,308,1,1,11.094605445861816,11.046059608459473,-0.12690740823745728,-0.17782989144325256,0,,0.0,0.0,0.0,12.069068908691406,0,0,0,0,0,0
674,33.70158,65,308,1,0,11.094605445861816,11.046059608459473,-0.12690740823745728,-0.17782989144325256,0,,0.0,0.0,0.0,12.069068908691406,0,0,0,0,0,0
675,33.751581,34,309,1,1,11.063843727111816,11.035821914672852,-0.19345146417617798,-0.2322937548160553,0,,0.0,0.0,0.0,12.069068908691406,0,0,0,0,0,0
676,33.801586,84,309,1,0,11.063843727111816,11.035821914672852,-0.19345146417617798,-0.2322937548160553,0,,0.0,0.0,0.0,12.069068908691406,0,0,0,0,0,0
677,33.851594,49,310,1,1,11.063542366027832,11.087011337280273,-0.16852353513240814,-0.18564575910568237,0,,0.0,0.0,0.0,12.069068908691406,0,0,0,0,0,0
678,33.901581,15,311,1,1,11.090666770935059,11.148313522338867,-0.07382673025131226,-0.07053335011005402,0,,0.0,0.0,0.0,12.069068908691406,0,0,0,0,0,0
679,33.951589,65,311,1,0,11.090666770935059,11.148313522338867,-0.07382673025131226,-0.07053335011005402,0,,0.0,0.0,0.0,12.069068908691406,0,0,0,0,0,0
680,34.001581,34,312,1,1,11.132532119750977,11.199501991271973,0.046607546508312225,0.06114181876182556,0,,0.0,0.0,0.0,12.069068908691406,0,0,0,0,0,0
681,34.051598,84,312,1,0,11.132532119750977,11.199501991271973,0.046607546508312225,0.06114181876182556,0,,0.0,0.0,0.0,12.069068908691406,0,0,0,0,0,0
682,34.101591,48,313,1,1,11.076866149902344,10.9949951171875,-0.10570013523101807,-0.10328961908817291,0,,0.0,0.0,0.0,12.069068908691406,0,0,0,0,0,0
683,34.151581,15,314,1,1,11.0499849319458,11.02558422088623,-0.160872682929039,-0.15191833674907684,0,,0.0,0.0,0.0,12.069068908691406,0,0,0,0,0,0
684,34.20158,65,314,1,0,11.0499849319458,11.02558422088623,-0.160872682929039,-0.15191833674907684,0,,0.0,0.0,0.0,12.069068908691406,0,0,0,0,0,0
685,34.251581,34,315,1,1,11.014859199523926,10.984757423400879,-0.22976931929588318,-0.21100136637687683,0,,0.0,0.0,0.0,12.069068908691406,0,0,0,0,0,0
686,34.301653,84,315,1,0,11.014859199523926,10.984757423400879,-0.22976931929588318,-0.21100136637687683,0,,0.0,0.0,0.0,12.069068908691406,0,0,0,0,0,0
687,34.351594,46,316,1,1,11.01166820526123,11.035821914672852,-0.20139078795909882,-0.16200414299964905,0,,0.0,0.0,0.0,12.069068908691406,0,0,0,0,0,0
688,34.401581,13,317,1,1,11.050802230834961,11.127962112426758,-0.06693923473358154,-0.007659986615180969,0,,0.0,0.0,0.0,12.069068908691406,0,0,0,0,0,0
689,34.45158,63,317,1,0,11.050802230834961,11.127962112426758,-0.06693923473358154,-0.007659986615180969,0,,0.0,0.0,0.0,12.069068908691406,0,0,0,0,0,0
690,34.501581,32,318,1,1,11.135513305664062,11.260929107666016,0.16836118698120117,0.2386595904827118,0,,0.0,0.0,0.0,12.069068908691406,0,0,0,0,0,0
691,34.551581,82,318,1,0,11.135513305664062,11.260929107666016,0.16836118698120117,0.2386595904827118,0,,0.0,0.0,0.0,12.069068908691406,0,0,0,0,0,0
692,34.601587,45,319,1,1,11.180264472961426,11.219978332519531,0.2658160328865051,0.3187130093574524,0,,0.0,0.0,0.0,12.069068908691406,0,0,0,0,0,0
693,34.651585,14,320,1,1,11.15859317779541,11.097249031066895,0.17579396069049835,0.19778181612491608,0,,0.0,0.0,0.0,12.069068908691406,0,0,0,0,0,0
694,34.70158,64,320,1,0,11.15859317779541,11.097249031066895,0.17579396069049835,0.19778181612491608,0,,0.0,0.0,0.0,12.069068908691406,0,0,0,0,0,0
695,34.751581,33,321,1,1,11.145995140075684,11.107486724853516,0.11984686553478241,0.12261971831321716,0,,0.0,0.0,0.0,12.069068908691406,0,0,0,0,0,0
696,34.801592,83,321,1,0,11.145995140075684,11.107486724853516,0.11984686553478241,0.12261971831321716,0,,0.0,0.0,0.0,12.069068908691406,0,0,0,0,0,0
697,34.851585,48,322,1,1,11.101539611816406,11.02558422088623,-0.014465466141700745,-0.02851131558418274,0,,0.0,0.0,0.0,12.069068908691406,0,0,0,0,0,0
698,34.901581,15,323,1,1,11.14193058013916,11.199501991271973,0.09263807535171509,0.08576919883489609,0,,0.0,0.0,0.0,12.069068908691406,0,0,0,0,0,0
699,34.95158,65,323,1,0,11.14193058013916,11.199501991271973,0.09263807535171509,0.08576919883489609,0,,0.0,0.0,0.0,12.069068908691406,0,0,0,0,0,0
700,35.00158,34,324,1,1,11.157672882080078,11.16878890991211,0.1204545795917511,0.10755904018878937,0,,0.0,0.0,0.0,12.069068908691406,0,0,0,0,0,0
701,35.051585,84,324,1,0,11.157672882080078,11.16878890991211,0.1204545795917511,0.10755904018878937,0,,0.0,0.0,0.0,12.069068908691406,0,0,0,0,0,0
702,35.101604,49,325,1,1,11.121162414550781,11.056297302246094,0.0056577399373054504,-0.021824240684509277,0,,0.0,0.0,0.0,12.069068908691406,0,0,0,0,0,0
703,35.151632,15,326,1,1,11.098362922668457,11.066534996032715,-0.057131558656692505,-0.085442453622818,0,,0.0,0.0,0.0,12.069068908691406,0,0,0,0,0,0
704,35.20158,65,326,1,0,11.098362922668457,11.066534996032715,-0.057131558656692505,-0.085442453622818,0,,0.0,0.0,0.0,12.069068908691406,0,0,0,0,0,0
705,35.251637,33,327,1,1,11.08212947845459,11.066534996032715,-0.09367721527814865,-0.11627671867609024,0,,0.0,0.0,0.0,12.069068908691406,0,0,0,0,0,0
706,35.301654,83,327,1,0,11.08212947845459,11.066534996032715,-0.09367721527814865,-0.11627671867609024,0,,0.0,0.0,0.0,11.99787712097168,0,0,0,0,0,0
707,35.351595,46,328,1,1,11.044546127319336,11.005233764648438,-0.18001937866210938,-0.19581857323646545,0,,0.0,0.0,0.0,11.99787712097168,0,0,0,0,0,0
708,35.40158,13,329,1,1,11.092278480529785,11.17902660369873,-0.030217915773391724,-0.022544994950294495,0,,0.0,0.0,0.0,11.99787712097168,0,0,0,0,0,0
709,35.451593,63,329,1,0,11.092278480529785,11.17902660369873,-0.030217915773391724,-0.022544994950294495,0,,0.0,0.0,0.0,11.99787712097168,0,0,0,0,0,0
710,35.501594,32,330,1,1,11.144197463989258,11.219978332519531,0.11040817946195602,0.12617357075214386,0,,0.0,0.0,0.0,11.99787712097168,0,0,0,0,0,0
711,35.551594,82,330,1,0,11.144197463989258,11.219978332519531,0.11040817946195602,0.12617357075214386,0,,0.0,0.0,0.0,11.972750663757324,0,0,0,0,0,0
712,35.601614,46,331,1,1,11.121474266052246,11.076773643493652,0.03545502573251724,0.03660263121128082,0,,0.0,0.0,0.0,11.972750663757324,0,0,0,0,0,0
713,35.651581,15,332,1,1,11.108797073364258,11.087011337280273,-0.0026164278388023376,-0.006242517381906509,0,,0.0,0.0,0.0,11.972750663757324,0,0,0,0,0,0
714,35.701596,65,332,1,0,11.108797073364258,11.087011337280273,-0.0026164278388023376,-0.006242517381906509,0,,0.0,0.0,0.0,11.972750663757324,0,0,0,0,0,0
715,35.751581,34,333,1,1,11.108116149902344,11.107486724853516,-0.004298187792301178,-0.007470937445759773,0,,0.0,0.0,0.0,11.972750663757324,0,0,0,0,0,0
716,35.801586,84,333,1,0,11.108116149902344,11.107486724853516,-0.004298187792301178,-0.007470937445759773,0,,0.0,0.0,0.0,11.972750663757324,0,0,0,0,0,0
717,35.851591,48,334,1,1,11.086041450500488,11.056297302246094,-0.06195848435163498,-0.06700331717729568,0,,0.0,0.0,0.0,11.972750663757324,0,0,0,0,0,0
718,35.901581,14,335,1,1,11.12645149230957,11.189264297485352,0.05288344621658325,0.05872830003499985,0,,0.0,0.0,0.0,11.972750663757324,0,0,0,0,0,0
719,35.95158,64,335,1,0,11.12645149230957,11.189264297485352,0.05288344621658325,0.05872830003499985,0,,0.0,0.0,0.0,11.972750663757324,0,0,0,0,0,0
720,36.001581,33,336,1,1,11.168169975280762,11.219978332519531,0.15525202453136444,0.16062197089195251,0,,0.0,0.0,0.0,11.972750663757324,0,0,0,0,0,0
721,36.051589,83,336,1,0,11.168169975280762,11.219978332519531,0.15525202453136444,0.16062197089195251,0,,0.0,0.0,0.0,11.972750663757324,0,0,0,0,0,0
722,36.101594,49,337,1,1,11.176321983337402,11.16878890991211,0.15442010760307312,0.14566844701766968,0,,0.0,0.0,0.0,11.972750663757324,0,0,0,0,0,0
723,36.151581,15,338,1,1,11.13359260559082,11.056297302246094,0.019023701548576355,-0.008434221148490906,0,,0.0,0.0,0.0,11.972750663757324,0,0,0,0,0,0
724,36.20158,65,338,1,0,11.13359260559082,11.056297302246094,0.019023701548576355,-0.008434221148490906,0,,0.0,0.0,0.0,11.972750663757324,0,0,0,0,0,0
725,36.251581,33,339,1,1,11.127833366394043,11.117724418640137,-0.0007901117205619812,-0.02839752286672592,0,,0.0,0.0,0.0,11.972750663757324,0,0,0,0,0,0
726,36.301666,83,339,1,0,11.127833366394043,11.117724418640137,-0.0007901117205619812,-0.02839752286672592,0,,0.0,0.0,0.0,11.972750663757324,0,0,0,0,0,0
727,36.351602,45,340,1,1,11.110356330871582,11.087011337280273,-0.0487884022295475,-0.07587329298257828,0,,0.0,0.0,0.0,11.972750663757324,0,0,0,0,0,0
728,36.401581,10,341,1,1,11.145720481872559,11.199501991271973,0.04911584034562111,0.03297002613544464,0,,0.0,0.0,0.0,11.972750663757324,0,0,0,0,0,0
729,36.45158,60,341,1,0,11.145720481872559,11.199501991271973,0.04911584034562111,0.03297002613544464,0,,0.0,0.0,0.0,11.972750663757324,0,0,0,0,0,0
730,36.501581,27,342,1,1,11.1751708984375,11.20974063873291,0.11793168634176254,0.101902537047863,0,,0.0,0.0,0.0,11.972750663757324,0,0,0,0,0,0
731,36.551579,77,342,1,0,11.1751708984375,11.20974063873291,0.11793168634176254,0.101902537047863,0,,0.0,0.0,0.0,11.972750663757324,0,0,0,0,0,0
732,36.601583,46,343,1,1,11.186816215515137,11.189264297485352,0.13077905774116516,0.10669681429862976,0,,0.0,0.0,0.0,11.972750663757324,0,0,0,0,0,0
733,36.651582,15,344,1,1,11.113452911376953,10.9949951171875,-0.08110187947750092,-0.12360017001628876,0,,0.0,0.0,0.0,11.972750663757324,0,0,0,0,0,0
734,36.70158,65,344,1,0,11.113452911376953,10.9949951171875,-0.08110187947750092,-0.12360017001628876,0,,0.0,0.0,0.0,11.972750663757324,0,0,0,0,0,0
735,36.751581,33,345,1,1,11.089804649353027,11.066534996032715,-0.13472573459148407,-0.1690243035554886,0,,0.0,0.0,0.0,11.972750663757324,0,0,0,0,0,0
736,36.801579,83,345,1,0,11.089804649353027,11.066534996032715,-0.13472573459148407,-0.1690243035554886,0,,0.0,0.0,0.0,11.972750663757324,0,0,0,0,0,0
737,36.851589,49,346,1,1,11.05168342590332,11.01534652709961,-0.21784177422523499,-0.2409863919019699,0,,0.0,0.0,0.0,11.972750663757324,0,0,0,0,0,0
738,36.901581,15,347,1,1,11.085549354553223,11.158551216125488,-0.09863778948783875,-0.09544502198696136,0,,0.0,0.0,0.0,11.972750663757324,0,0,0,0,0,0
739,36.95158,65,347,1,0,11.085549354553223,11.158551216125488,-0.09863778948783875,-0.09544502198696136,0,,0.0,0.0,0.0,11.972750663757324,0,0,0,0,0,0
740,37.001584,34,348,1,1,11.149693489074707,11.250691413879395,0.08377981185913086,0.10303191840648651,0,,0.0,0.0,0.0,11.972750663757324,0,0,0,0,0,0
741,37.051581,84,348,1,0,11.149693489074707,11.250691413879395,0.08377981185913086,0.10303191840648651,0,,0.0,0.0,0.0,11.972750663757324,0,0,0,0,0,0
742,37.101588,48,349,1,1,11.093048095703125,11.005233764648438,-0.07636875659227371,-0.07333648204803467,0,,0.0,0.0,0.0,11.972750663757324,0,0,0,0,0,0
743,37.151581,14,350,1,1,11.099617004394531,11.117724418640137,-0.047742947936058044,-0.037041231989860535,0,,0.0,0.0,0.0,11.972750663757324,0,0,0,0,0,0
744,37.20158,64,350,1,0,11.099617004394531,11.117724418640137,-0.047742947936058044,-0.037041231989860535,0,,0.0,0.0,0.0,11.972750663757324,0,0,0,0,0,0
745,37.251583,33,351,1,1,11.087738990783691,11.076773643493652,-0.07141327857971191,-0.05861758440732956,0,,0.0,0.0,0.0,11.972750663757324,0,0,0,0,0,0
746,37.301619,83,351,1,0,11.087738990783691,11.076773643493652,-0.07141327857971191,-0.05861758440732956,0,,0.0,0.0,0.0,11.972750663757324,0,0,0,0,0,0
747,37.351602,45,352,1,1,11.092392921447754,11.107486724853516,-0.047212228178977966,-0.027979116886854172,0,,0.0,0.0,0.0,11.972750663757324,0,0,0,0,0,0
748,37.401243,12,353,1,1,11.148293495178223,11.230216026306152,0.10748124122619629,0.13587313890457153,0,,0.0,0.0,0.0,11.972750663757324,0,0,0,0,0,0
749,37.45158,62,353,1,0,11.148293495178223,11.230216026306152,0.10748124122619629,0.13587313890457153,0,,0.0,0.0,0.0,11.972750663757324,0,0,0,0,0,0
750,37.50158,28,354,1,1,11.179722785949707,11.20974063873291,0.176316499710083,0.1958026885986328,0,,0.0,0.0,0.0,11.972750663757324,0,0,0,0,0,0
751,37.551584,78,354,1,0,11.179722785949707,11.20974063873291,0.176316499710083,0.1958026885986328,0,,0.0,0.0,0.0,11.976938247680664,0,0,0,0,0,0
752,37.601592,46,355,1,1,11.14533519744873,11.076773643493652,0.0628415197134018,0.0605742484331131,0,,0.0,0.0,0.0,11.976938247680664,0,0,0,0,0,0
753,37.651587,14,356,1,1,11.124083518981934,11.087011337280273,-0.0018633604049682617,-0.01218365877866745,0,,0.0,0.0,0.0,11.976938247680664,0,0,0,0,0,0
754,37.70158,64,356,1,0,11.124083518981934,11.087011337280273,-0.0018633604049682617,-0.01218365877866745,0,,0.0,0.0,0.0,11.976938247680664,0,0,0,0,0,0
755,37.751608,33,357,1,1,11.10003662109375,11.066534996032715,-0.06536056846380234,-0.07748010754585266,0,,0.0,0.0,0.0,11.976938247680664,0,0,0,0,0,0
756,37.801581,83,357,1,0,11.10003662109375,11.066534996032715,-0.06536056846380234,-0.07748010754585266,0,,0.0,0.0,0.0,11.976938247680664,0,0,0,0,0,0
757,37.85161,49,358,1,1,11.11690902709961,11.148313522338867,-0.012371867895126343,-0.015344008803367615,0,,0.0,0.0,0.0,11.976938247680664,0,0,0,0,0,0
758,37.901581,15,359,1,1,11.176847457885742,11.260929107666016,0.14684271812438965,0.15220879018306732,0,,0.0,0.0,0.0,11.976938247680664,0,0,0,0,0,0
759,37.951585,65,359,1,0,11.176847457885742,11.260929107666016,0.14684271812438965,0.15220879018306732,0,,0.0,0.0,0.0,11.976938247680664,0,0,0,0,0,0
760,38.001581,34,360,1,1,11.2191801071167,11.260929107666016,0.23774638772010803,0.23423990607261658,0,,0.0,0.0,0.0,11.976938247680664,0,0,0,0,0,0
761,38.051583,84,360,1,0,11.2191801071167,11.260929107666016,0.23774638772010803,0.23423990607261658,0,,0.0,0.0,0.0,11.976938247680664,0,0,0,0,0,0
762,38.101591,48,361,1,1,11.184309005737305,11.107486724853516,0.11005492508411407,0.07994645833969116,0,,0.0,0.0,0.0,11.976938247680664,0,0,0,0,0,0
763,38.151581,15,362,1,1,11.17033863067627,11.138200759887695,0.0553007647395134,0.015879951417446136,0,,0.0,0.0,0.0,11.976938247680664,0,0,0,0,0,0
764,38.20158,65,362,1,0,11.17033863067627,11.138200759887695,0.0553007647395134,0.015879951417446136,0,,0.0,0.0,0.0,11.976938247680664,0,0,0,0,0,0
765,38.251581,34,363,1,1,11.163776397705078,11.148313522338867,0.027508161962032318,-0.01448020152747631,0,,0.0,0.0,0.0,11.976938247680664,0,0,0,0,0,0
766,38.301588,84,363,1,0,11.163776397705078,11.148313522338867,0.027508161962032318,-0.01448020152747631,0,,0.0,0.0,0.0,11.976938247680664,0,0,0,0,0,0
767,38.351582,48,364,1,1,11.1629056930542,11.158551216125488,0.017893295735120773,-0.02321794629096985,0,,0.0,0.0,0.0,11.976938247680664,0,0,0,0,0,0
768,38.40158,12,365,1,1,11.209685325622559,11.271042823791504,0.13500267267227173,0.10107681155204773,0,,0.0,0.0,0.0,11.976938247680664,0,0,0,0,0,0
769,38.45158,62,365,1,0,11.209685325622559,11.271042823791504,0.13500267267227173,0.10107681155204773,0,,0.0,0.0,0.0,11.976938247680664,0,0,0,0,0,0
770,38.50158,28,366,1,1,11.259754180908203,11.311993598937988,0.24407215416431427,0.20602653920650482,0,,0.0,0.0,0.0,11.976938247680664,0,0,0,0,0,0
771,38.551584,78,366,1,0,11.259754180908203,11.311993598937988,0.24407215416431427,0.20602653920650482,0,,0.0,0.0,0.0,11.976938247680664,0,0,0,0,0,0
772,38.601591,46,367,1,1,11.263656616210938,11.240453720092773,0.21700811386108398,0.16014239192008972,0,,0.0,0.0,0.0,11.976938247680664,0,0,0,0,0,0
773,38.651581,14,368,1,1,11.213295936584473,11.117724418640137,0.05037440359592438,-0.027575448155403137,0,,0.0,0.0,0.0,11.976938247680664,0,0,0,0,0,0
774,38.70158,64,368,1,0,11.213295936584473,11.117724418640137,0.05037440359592438,-0.027575448155403137,0,,0.0,0.0,0.0,11.976938247680664,0,0,0,0,0,0
775,38.751581,34,369,1,1,11.175962448120117,11.117724418640137,-0.059863850474357605,-0.14044159650802612,0,,0.0,0.0,0.0,11.976938247680664,0,0,0,0,0,0
776,38.80159,84,369,1,0,11.175962448120117,11.117724418640137,-0.059863850474357605,-0.14044159650802612,0,,0.0,0.0,0.0,11.993690490722656,0,0,0,0,0,0
777,38.851589,49,370,1,1,11.13539981842041,11.087011337280273,-0.16374346613883972,-0.2364743947982788,0,,0.0,0.0,0.0,11.993690490722656,0,0,0,0,0,0
778,38.90158,15,371,1,1,11.184045791625977,11.271042823791504,-0.017316952347755432,-0.0628705620765686,0,,0.0,0.0,0.0,11.993690490722656,0,0,0,0,0,0
779,38.95158,65,371,1,0,11.184045791625977,11.271042823791504,-0.017316952347755432,-0.0628705620765686,0,,0.0,0.0,0.0,11.993690490722656,0,0,0,0,0,0
780,39.001581,33,372,1,1,11.198155403137207,11.219978332519531,0.018855052068829536,-0.019729577004909515,0,,0.0,0.0,0.0,11.993690490722656,0,0,0,0,0,0
781,39.051586,83,372,1,0,11.198155403137207,11.219978332519531,0.018855052068829536,-0.019729577004909515,0,,0.0,0.0,0.0,11.993690490722656,0,0,0,0,0,0
782,39.101592,49,373,1,1,11.169511795043945,11.127962112426758,-0.06204052269458771,-0.10243749618530273,0,,0.0,0.0,0.0,11.993690490722656,0,0,0,0,0,0
783,39.151592,15,374,1,1,11.157354354858398,11.148313522338867,-0.08793988823890686,-0.12048740684986115,0,,0.0,0.0,0.0,11.993690490722656,0,0,0,0,0,0
784,39.20158,65,374,1,0,11.157354354858398,11.148313522338867,-0.08793988823890686,-0.12048740684986115,0,,0.0,0.0,0.0,11.993690490722656,0,0,0,0,0,0
785,39.251581,33,375,1,1,11.13631820678711,11.117724418640137,-0.1330161839723587,-0.15722867846488953,0,,0.0,0.0,0.0,11.993690490722656,0,0,0,0,0,0
786,39.301594,83,375,1,0,11.13631820678711,11.117724418640137,-0.1330161839723587,-0.15722867846488953,0,,0.0,0.0,0.0,11.99787712097168,0,0,0,0,0,0
787,39.351591,48,376,1,1,11.10865306854248,11.087011337280273,-0.18785589933395386,-0.20052307844161987,0,,0.0,0.0,0.0,11.99787712097168,0,0,0,0,0,0
788,39.401581,12,377,1,1,11.150537490844727,11.230216026306152,-0.050689294934272766,-0.03939560055732727,0,,0.0,0.0,0.0,11.99787712097168,0,0,0,0,0,0
789,39.451582,62,377,1,0,11.150537490844727,11.230216026306152,-0.050689294934272766,-0.03939560055732727,0,,0.0,0.0,0.0,11.99787712097168,0,0,0,0,0,0
790,39.501583,31,378,1,1,11.202919960021973,11.281280517578125,0.09430168569087982,0.11527520418167114,0,,0.0,0.0,0.0,11.99787712097168,0,0,0,0,0,0
791,39.551944,82,378,1,0,11.202919960021973,11.281280517578125,0.09430168569087982,0.11527520418167114,0,,0.0,0.0,0.0,11.99787712097168,0,0,0,0,0,0
792,39.601594,44,379,1,1,11.171741485595703,11.117724418640137,-0.00018534809350967407,0.006205178797245026,0,,0.0,0.0,0.0,11.99787712097168,0,0,0,0,0,0
793,39.651581,14,380,1,1,11.102140426635742,11.005233764648438,-0.1816825568675995,-0.18378087878227234,0,,0.0,0.0,0.0,11.99787712097168,0,0,0,0,0,0
794,39.70158,64,380,1,0,11.102140426635742,11.005233764648438,-0.1816825568675995,-0.18378087878227234,0,,0.0,0.0,0.0,11.99787712097168,0,0,0,0,0,0
795,39.751591,33,381,1,1,11.069869041442871,11.046059608459473,-0.24093902111053467,-0.23012331128120422,0,,0.0,0.0,0.0,11.99787712097168,0,0,0,0,0,0
796,39.801613,83,381,1,0,11.069869041442871,11.046059608459473,-0.24093902111053467,-0.23012331128120422,0,,0.0,0.0,0.0,11.99787712097168,0,0,0,0,0,0
797,39.851595,48,382,1,1,11.090458869934082,11.148313522338867,-0.15039676427841187,-0.11514917761087418,0,,0.0,0.0,0.0,11.99787712097168,0,0,0,0,0,0
798,39.90162,15,383,1,1,11.158803939819336,11.271042823791504,0.05337315797805786,0.10755457729101181,0,,0.0,0.0,0.0,11.99787712097168,0,0,0,0,0,0
799,39.95158,65,383,1,0,11.158803939819336,11.271042823791504,0.05337315797805786,0.10755457729101181,0,,0.0,0.0,0.0,11.99787712097168,0,0,0,0,0,0
800,40.0016,34,384,1,1,11.24251651763916,11.352945327758789,0.2694052755832672,0.3240146338939667,0,,0.0,0.0,0.0,11.99787712097168,0,0,0,0,0,0
801,40.051581,84,384,1,0,11.24251651763916,11.352945327758789,0.2694052755832672,0.3240146338939667,0,,0.0,0.0,0.0,11.99787712097168,0,0,0,0,0,0
802,40.101591,49,385,1,1,11.212555885314941,11.138200759887695,0.15485617518424988,0.17569030821323395,0,,0.0,0.0,0.0,11.99787712097168,0,0,0,0,0,0
803,40.151581,15,386,1,1,11.193354606628418,11.148313522338867,0.08333804458379745,0.08565057814121246,0,,0.0,0.0,0.0,11.99787712097168,0,0,0,0,0,0
804,40.20158,65,386,1,0,11.193354606628418,11.148313522338867,0.08333804458379745,0.08565057814121246,0,,0.0,0.0,0.0,11.99787712097168,0,0,0,0,0,0
805,40.251581,33,387,1,1,11.170068740844727,11.127962112426758,0.010593920946121216,0.00238935649394989,0,,0.0,0.0,0.0,11.99787712097168,0,0,0,0,0,0
806,40.301584,83,387,1,0,11.170068740844727,11.127962112426758,0.010593920946121216,0.00238935649394989,0,,0.0,0.0,0.0,11.99787712097168,0,0,0,0,0,0
807,40.351595,49,388,1,1,11.148571014404297,11.117724418640137,-0.048009105026721954,-0.058996234089136124,0,,0.0,0.0,0.0,11.99787712097168,0,0,0,0,0,0
808,40.401581,12,389,1,1,11.185111045837402,11.240453720092773,0.05448738858103752,0.0533113069832325,0,,0.0,0.0,0.0,11.99787712097168,0,0,0,0,0,0
809,40.45158,62,389,1,0,11.185111045837402,11.240453720092773,0.05448738858103752,0.0533113069832325,0,,0.0,0.0,0.0,11.99787712097168,0,0,0,0,0,0
810,40.501581,26,390,1,1,11.228904724121094,11.281280517578125,0.16115963459014893,0.15979094803333282,0,,0.0,0.0,0.0,11.99787712097168,0,0,0,0,0,0
811,40.551586,76,390,1,0,11.228904724121094,11.281280517578125,0.16115963459014893,0.15979094803333282,0,,0.0,0.0,0.0,11.99787712097168,0,0,0,0,0,0
812,40.601586,45,391,1,1,11.271690368652344,11.311993598937988,0.25040948390960693,0.2394120693206787,0,,0.0,0.0,0.0,11.99787712097168,0,0,0,0,0,0
813,40.651581,14,392,1,1,11.224059104919434,11.127962112426758,0.09029527008533478,0.05198167264461517,0,,0.0,0.0,0.0,11.99787712097168,0,0,0,0,0,0
814,40.70158,64,392,1,0,11.224059104919434,11.127962112426758,0.09029527008533478,0.05198167264461517,0,,0.0,0.0,0.0,11.99787712097168,0,0,0,0,0,0
815,40.751581,33,393,1,1,11.184277534484863,11.117724418640137,-0.029222100973129272,-0.07727044820785522,0,,0.0,0.0,0.0,11.99787712097168,0,0,0,0,0,0
816,40.801606,83,393,1,0,11.184277534484863,11.117724418640137,-0.029222100973129272,-0.07727044820785522,0,,0.0,0.0,0.0,11.99787712097168,0,0,0,0,0,0
817,40.851596,48,394,1,1,11.167577743530273,11.148313522338867,-0.07242432981729507,-0.1155288815498352,0,,0.0,0.0,0.0,11.99787712097168,0,0,0,0,0,0
818,40.901581,15,395,1,1,11.181556701660156,11.20974063873291,-0.028444018214941025,-0.059605490416288376,0,,0.0,0.0,0.0,11.99787712097168,0,0,0,0,0,0
819,40.95158,65,395,1,0,11.181556701660156,11.20974063873291,-0.028444018214941025,-0.059605490416288376,0,,0.0,0.0,0.0,11.99787712097168,0,0,0,0,0,0
820,41.001581,34,396,1,1,11.204668045043945,11.240453720092773,0.03393203392624855,0.01055692508816719,0,,0.0,0.0,0.0,11.99787712097168,0,0,0,0,0,0
821,41.051585,84,396,1,0,11.204668045043945,11.240453720092773,0.03393203392624855,0.01055692508816719,0,,0.0,0.0,0.0,11.99787712097168,0,0,0,0,0,0
822,41.101593,48,397,1,1,11.143741607666016,11.056297302246094,-0.13327887654304504,-0.16489985585212708,0,,0.0,0.0,0.0,11.99787712097168,0,0,0,0,0,0
823,41.151581,14,398,1,1,11.121627807617188,11.107486724853516,-0.1742892563343048,-0.19323650002479553,0,,0.0,0.0,0.0,11.99787712097168,0,0,0,0,0,0
824,41.20158,64,398,1,0,11.121627807617188,11.107486724853516,-0.1742892563343048,-0.19323650002479553,0,,0.0,0.0,0.0,11.99787712097168,0,0,0,0,0,0
825,41.251581,31,399,1,1,11.111222267150879,11.117724418640137,-0.17793001234531403,-0.1802995502948761,0,,0.0,0.0,0.0,11.99787712097168,0,0,0,0,0,0
826,41.301582,81,399,1,0,11.111222267150879,11.117724418640137,-0.17793001234531403,-0.1802995502948761,0,,0.0,0.0,0.0,11.99787712097168,0,0,0,0,0,0
827,41.351587,45,400,1,1,11.09175968170166,11.087011337280273,-0.2026110589504242,-0.18987253308296204,0,,0.0,0.0,0.0,11.99787712097168,0,0,0,0,0,0
828,41.401588,12,401,1,1,11.148675918579102,11.250691413879395,-0.02351316809654236,0.013454630970954895,0,,0.0,0.0,0.0,11.99787712097168,0,0,0,0,0,0
829,41.45158,62,401,1,0,11.148675918579102,11.250691413879395,-0.02351316809654236,0.013454630970954895,0,,0.0,0.0,0.0,11.99787712097168,0,0,0,0,0,0
830,41.501583,28,402,1,1,11.177626609802246,11.219978332519531,0.05850549414753914,0.0978710725903511,0,,0.0,0.0,0.0,11.99787712097168,0,0,0,0,0,0
831,41.551585,78,402,1,0,11.177626609802246,11.219978332519531,0.05850549414753914,0.0978710725903511,0,,0.0,0.0,0.0,11.99787712097168,0,0,0,0,0,0
832,41.601595,44,403,1,1,11.155410766601562,11.117724418640137,-0.005250483751296997,0.022752858698368073,0,,0.0,0.0,0.0,11.99787712097168,0,0,0,0,0,0
833,41.651581,12,404,1,1,11.12653923034668,11.087011337280273,-0.07802020758390427,-0.055154524743556976,0,,0.0,0.0,0.0,11.99787712097168,0,0,0,0,0,0
834,41.701619,62,404,1,0,11.12653923034668,11.087011337280273,-0.07802020758390427,-0.055154524743556976,0,,0.0,0.0,0.0,11.99787712097168,0,0,0,0,0,0
835,41.751582,31,405,1,1,11.106282234191895,11.087011337280273,-0.11849282681941986,-0.09275074303150177,0,,0.0,0.0,0.0,11.99787712097168,0,0,0,0,0,0
836,41.801583,81,405,1,0,11.106282234191895,11.087011337280273,-0.11849282681941986,-0.09275074303150177,0,,0.0,0.0,0.0,11.99787712097168,0,0,0,0,0,0
837,41.851583,46,406,1,1,11.105059623718262,11.117724418640137,-0.1022530272603035,-0.0675671249628067,0,,0.0,0.0,0.0,11.99787712097168,0,0,0,0,0,0
838,41.901591,15,407,1,1,11.160892486572266,11.250691413879395,0.0610014945268631,0.1085730493068695,0,,0.0,0.0,0.0,11.99787712097168,0,0,0,0,0,0
839,41.951607,65,407,1,0,11.160892486572266,11.250691413879395,0.0610014945268631,0.1085730493068695,0,,0.0,0.0,0.0,11.99787712097168,0,0,0,0,0,0
840,42.001581,34,408,1,1,11.20132827758789,11.250691413879395,0.16198942065238953,0.20483936369419098,0,,0.0,0.0,0.0,11.99787712097168,0,0,0,0,0,0
841,42.051599,84,408,1,0,11.20132827758789,11.250691413879395,0.16198942065238953,0.20483936369419098,0,,0.0,0.0,0.0,11.99787712097168,0,0,0,0,0,0
842,42.101581,48,409,1,1,11.178901672363281,11.127962112426758,0.08187059313058853,0.10282609611749649,0,,0.0,0.0,0.0,11.99787712097168,0,0,0,0,0,0
843,42.151607,15,410,1,1,11.165918350219727,11.138200759887695,0.037492234259843826,0.047608207911252975,0,,0.0,0.0,0.0,11.99787712097168,0,0,0,0,0,0
844,42.20158,65,410,1,0,11.165918350219727,11.138200759887695,0.037492234259843826,0.047608207911252975,0,,0.0,0.0,0.0,11.99787712097168,0,0,0,0,0,0
845,42.251581,33,411,1,1,11.160423278808594,11.148313522338867,0.01848272606730461,0.023691141977906227,0,,0.0,0.0,0.0,11.99787712097168,0,0,0,0,0,0
846,42.301592,83,411,1,0,11.160423278808594,11.148313522338867,0.01848272606730461,0.023691141977906227,0,,0.0,0.0,0.0,12.010440826416016,0,0,0,0,0,0
847,42.351585,48,412,1,1,11.152008056640625,11.138200759887695,-0.005974922329187393,-0.003939952701330185,0,,0.0,0.0,0.0,12.010440826416016,0,0,0,0,0,0
848,42.401581,15,413,1,1,11.176002502441406,11.20974063873291,0.058011285960674286,0.06319858133792877,0,,0.0,0.0,0.0,12.010440826416016,0,0,0,0,0,0
849,42.451581,65,413,1,0,11.176002502441406,11.20974063873291,0.058011285960674286,0.06319858133792877,0,,0.0,0.0,0.0,12.010440826416016,0,0,0,0,0,0
850,42.501581,34,414,1,1,11.235640525817871,11.311993598937988,0.20658329129219055,0.2130252718925476,0,,0.0,0.0,0.0,12.010440826416016,0,0,0,0,0,0
851,42.551584,84,414,1,0,11.235640525817871,11.311993598937988,0.20658329129219055,0.2130252718925476,0,,0.0,0.0,0.0,12.010440826416016,0,0,0,0,0,0
852,42.601586,49,415,1,1,11.235350608825684,11.20974063873291,0.17575594782829285,0.1619151383638382,0,,0.0,0.0,0.0,12.010440826416016,0,0,0,0,0,0
853,42.651581,14,416,1,1,11.224820137023926,11.189264297485352,0.12104208767414093,0.09041520953178406,0,,0.0,0.0,0.0,12.010440826416016,0,0,0,0,0,0
854,42.701587,64,416,1,0,11.224820137023926,11.189264297485352,0.12104208767414093,0.09041520953178406,0,,0.0,0.0,0.0,12.010440826416016,0,0,0,0,0,0
855,42.751581,33,417,1,1,11.185850143432617,11.117724418640137,-0.0002322942018508911,-0.04389020800590515,0,,0.0,0.0,0.0,12.010440826416016,0,0,0,0,0,0
856,42.801581,83,417,1,0,11.185850143432617,11.117724418640137,-0.0002322942018508911,-0.04389020800590515,0,,0.0,0.0,0.0,12.010440826416016,0,0,0,0,0,0
857,42.851593,49,418,1,1,11.161421775817871,11.127962112426758,-0.06758717447519302,-0.11038920283317566,0,,0.0,0.0,0.0,12.010440826416016,0,0,0,0,0,0
858,42.901581,15,419,1,1,11.199817657470703,11.260929107666016,0.03988972306251526,0.011533856391906738,0,,0.0,0.0,0.0,12.010440826416016,0,0,0,0,0,0
859,42.95158,65,419,1,0,11.199817657470703,11.260929107666016,0.03988972306251526,0.011533856391906738,0,,0.0,0.0,0.0,12.010440826416016,0,0,0,0,0,0
860,43.001581,34,420,1,1,11.265694618225098,11.352945327758789,0.204934224486351,0.1829507201910019,0,,0.0,0.0,0.0,12.010440826416016,0,0,0,0,0,0
861,43.051586,84,420,1,0,11.265694618225098,11.352945327758789,0.204934224486351,0.1829507201910019,0,,0.0,0.0,0.0,12.010440826416016,0,0,0,0,0,0
862,43.101599,49,421,1,1,11.213851928710938,11.117724418640137,0.036731794476509094,-0.008951261639595032,0,,0.0,0.0,0.0,12.010440826416016,0,0,0,0,0,0
863,43.151581,15,422,1,1,11.18371868133545,11.138200759887695,-0.05118647217750549,-0.09995739161968231,0,,0.0,0.0,0.0,12.010440826416016,0,0,0,0,0,0
864,43.20158,65,422,1,0,11.18371868133545,11.138200759887695,-0.05118647217750549,-0.09995739161968231,0,,0.0,0.0,0.0,12.010440826416016,0,0,0,0,0,0
865,43.251581,34,423,1,1,11.14068603515625,11.087011337280273,-0.16034244000911713,-0.20548921823501587,0,,0.0,0.0,0.0,12.010440826416016,0,0,0,0,0,0
866,43.301588,84,423,1,0,11.14068603515625,11.087011337280273,-0.16034244000911713,-0.20548921823501587,0,,0.0,0.0,0.0,12.010440826416016,0,0,0,0,0,0
867,43.351592,49,424,1,1,11.1140718460083,11.097249031066895,-0.20997487008571625,-0.23907454311847687,0,,0.0,0.0,0.0,12.010440826416016,0,0,0,0,0,0
868,43.401582,11,425,1,1,11.161263465881348,11.250691413879395,-0.0558491051197052,-0.056322962045669556,0,,0.0,0.0,0.0,12.010440826416016,0,0,0,0,0,0
869,43.45158,61,425,1,0,11.161263465881348,11.250691413879395,-0.0558491051197052,-0.056322962045669556,0,,0.0,0.0,0.0,12.010440826416016,0,0,0,0,0,0
870,43.50158,26,426,1,1,11.192139625549316,11.240453720092773,0.033273063600063324,0.041611090302467346,0,,0.0,0.0,0.0,12.010440826416016,0,0,0,0,0,0
871,43.551585,76,426,1,0,11.192139625549316,11.240453720092773,0.033273063600063324,0.041611090302467346,0,,0.0,0.0,0.0,12.010440826416016,0,0,0,0,0,0
872,43.60159,45,427,1,1,11.141043663024902,11.066534996032715,-0.10418298840522766,-0.1053115725517273,0,,0.0,0.0,0.0,12.010440826416016,0,0,0,0,0,0
873,43.651581,14,428,1,1,11.14321517944336,11.158551216125488,-0.08409398049116135,-0.07543385773897171,0,,0.0,0.0,0.0,12.010440826416016,0,0,0,0,0,0
874,43.70158,64,428,1,0,11.14321517944336,11.158551216125488,-0.08409398049116135,-0.07543385773897171,0,,0.0,0.0,0.0,12.010440826416016,0,0,0,0,0,0
875,43.751582,33,429,1,1,11.149703979492188,11.16878890991211,-0.05474510416388512,-0.03839878365397453,0,,0.0,0.0,0.0,12.010440826416016,0,0,0,0,0,0
876,43.80159,83,429,1,0,11.149703979492188,11.16878890991211,-0.05474510416388512,-0.03839878365397453,0,,0.0,0.0,0.0,12.010440826416016,0,0,0,0,0,0
877,43.851645,48,430,1,1,11.154932975769043,11.16878890991211,-0.03166939690709114,-0.010897224768996239,0,,0.0,0.0,0.0,12.010440826416016,0,0,0,0,0,0
878,43.901583,14,431,1,1,11.232419967651367,11.342707633972168,0.17819103598594666,0.20906509459018707,0,,0.0,0.0,0.0,12.010440826416016,0,0,0,0,0,0
879,43.951581,64,431,1,0,11.232419967651367,11.342707633972168,0.17819103598594666,0.20906509459018707,0,,0.0,0.0,0.0,12.010440826416016,0,0,0,0,0,0
880,44.001593,34,432,1,1,11.253003120422363,11.260929107666016,0.20974862575531006,0.22454656660556793,0,,0.0,0.0,0.0,12.010440826416016,0,0,0,0,0,0
881,44.051599,84,432,1,0,11.253003120422363,11.260929107666016,0.20974862575531006,0.22454656660556793,0,,0.0,0.0,0.0,12.010440826416016,0,0,0,0,0,0
882,44.101611,49,433,1,1,11.17679214477539,11.046059608459473,-0.02058178186416626,-0.03575591742992401,0,,0.0,0.0,0.0,12.010440826416016,0,0,0,0,0,0
883,44.151581,15,434,1,1,11.124942779541016,11.056297302246094,-0.15498186647891998,-0.1728610247373581,0,,0.0,0.0,0.0,12.010440826416016,0,0,0,0,0,0
884,44.201602,65,434,1,0,11.124942779541016,11.056297302246094,-0.15498186647891998,-0.1728610247373581,0,,0.0,0.0,0.0,12.010440826416016,0,0,0,0,0,0
885,44.251581,33,435,1,1,11.10561466217041,11.097249031066895,-0.18500006198883057,-0.18939636647701263,0,,0.0,0.0,0.0,12.010440826416016,0,0,0,0,0,0
886,44.3016,83,435,1,0,11.10561466217041,11.097249031066895,-0.18500006198883057,-0.18939636647701263,0,,0.0,0.0,0.0,12.010440826416016,0,0,0,0,0,0
887,44.351596,48,436,1,1,11.114142417907715,11.148313522338867,-0.13558633625507355,-0.1210227757692337,0,,0.0,0.0,0.0,12.010440826416016,0,0,0,0,0,0
888,44.401581,14,437,1,1,11.164937973022461,11.250691413879395,0.01858919858932495,0.05049419403076172,0,,0.0,0.0,0.0,12.010440826416016,0,0,0,0,0,0
889,44.45158,64,437,1,0,11.164937973022461,11.250691413879395,0.01858919858932495,0.05049419403076172,0,,0.0,0.0,0.0,12.010440826416016,0,0,0,0,0,0
890,44.501581,33,438,1,1,11.214560508728027,11.281280517578125,0.14827115833759308,0.181626558303833,0,,0.0,0.0,0.0,12.010440826416016,0,0,0,0,0,0
891,44.55159,83,438,1,0,11.214560508728027,11.281280517578125,0.14827115833759308,0.181626558303833,0,,0.0,0.0,0.0,12.010440826416016,0,0,0,0,0,0
892,44.601582,49,439,1,1,11.2716703414917,11.33246898651123,0.27904683351516724,0.3022637665271759,0,,0.0,0.0,0.0,12.010440826416016,0,0,0,0,0,0
893,44.651581,14,440,1,1,11.208030700683594,11.087011337280273,0.07237404584884644,0.05965879559516907,0,,0.0,0.0,0.0,12.010440826416016,0,0,0,0,0,0
894,44.70158,64,440,1,0,11.208030700683594,11.087011337280273,0.07237404584884644,0.05965879559516907,0,,0.0,0.0,0.0,12.010440826416016,0,0,0,0,0,0
895,44.751581,33,441,1,1,11.178056716918945,11.127962112426758,-0.017215415835380554,-0.038942642509937286,0,,0.0,0.0,0.0,12.010440826416016,0,0,0,0,0,0
896,44.80159,83,441,1,0,11.178056716918945,11.127962112426758,-0.017215415835380554,-0.038942642509937286,0,,0.0,0.0,0.0,12.010440826416016,0,0,0,0,0,0
897,44.851589,48,442,1,1,11.164595603942871,11.148313522338867,-0.0516665056347847,-0.07145856320858002,0,,0.0,0.0,0.0,12.010440826416016,0,0,0,0,0,0
898,44.901581,15,443,1,1,11.211028099060059,11.281280517578125,0.07613518834114075,0.06816649436950684,0,,0.0,0.0,0.0,12.010440826416016,0,0,0,0,0,0
899,44.951584,65,443,1,0,11.211028099060059,11.281280517578125,0.07613518834114075,0.06816649436950684,0,,0.0,0.0,0.0,12.010440826416016,0,0,0,0,0,0
900,45.001581,34,444,1,1,11.218486785888672,11.219978332519531,0.08445646613836288,0.07109043747186661,0,,0.0,0.0,0.0,12.010440826416016,0,0,0,0,0,0
901,45.051581,84,444,1,0,11.218486785888672,11.219978332519531,0.08445646613836288,0.07109043747186661,0,,0.0,0.0,0.0,12.010440826416016,0,0,0,0,0,0
902,45.101585,48,445,1,1,11.175975799560547,11.107486724853516,-0.04098685085773468,-0.06626161187887192,0,,0.0,0.0,0.0,12.010440826416016,0,0,0,0,0,0
903,45.151581,15,446,1,1,11.170848846435547,11.16878890991211,-0.05041654035449028,-0.07036396861076355,0,,0.0,0.0,0.0,12.010440826416016,0,0,0,0,0,0
904,45.20158,65,446,1,0,11.170848846435547,11.16878890991211,-0.05041654035449028,-0.07036396861076355,0,,0.0,0.0,0.0,12.010440826416016,0,0,0,0,0,0
905,45.251581,34,447,1,1,11.167475700378418,11.16878890991211,-0.0536486990749836,-0.06778767704963684,0,,0.0,0.0,0.0,12.010440826416016,0,0,0,0,0,0
906,45.301584,84,447,1,0,11.167475700378418,11.16878890991211,-0.0536486990749836,-0.06778767704963684,0,,0.0,0.0,0.0,12.023003578186035,0,0,0,0,0,0
907,45.351591,48,448,1,1,11.152302742004395,11.138200759887695,-0.08657421916723251,-0.09607380628585815,0,,0.0,0.0,0.0,12.023003578186035,0,0,0,0,0,0
908,45.401581,15,449,1,1,11.20655632019043,11.291518211364746,0.06754016876220703,0.07311476767063141,0,,0.0,0.0,0.0,12.023003578186035,0,0,0,0,0,0
909,45.451585,65,449,1,0,11.20655632019043,11.291518211364746,0.06754016876220703,0.07311476767063141,0,,0.0,0.0,0.0,12.023003578186035,0,0,0,0,0,0
910,45.501581,34,450,1,1,11.245365142822266,11.291518211364746,0.16017892956733704,0.1636594980955124,0,,0.0,0.0,0.0,12.023003578186035,0,0,0,0,0,0
911,45.551586,84,450,1,0,11.245365142822266,11.291518211364746,0.16017892956733704,0.1636594980955124,0,,0.0,0.0,0.0,12.023003578186035,0,0,0,0,0,0
912,45.601585,49,451,1,1,11.208477020263672,11.138200759887695,0.03985808789730072,0.02351108193397522,0,,0.0,0.0,0.0,12.023003578186035,0,0,0,0,0,0
913,45.651584,14,452,1,1,11.176435470581055,11.127962112426758,-0.05144766345620155,-0.07387220114469528,0,,0.0,0.0,0.0,12.023003578186035,0,0,0,0,0,0
914,45.70158,64,452,1,0,11.176435470581055,11.127962112426758,-0.05144766345620155,-0.07387220114469528,0,,0.0,0.0,0.0,12.023003578186035,0,0,0,0,0,0
915,45.751581,33,453,1,1,11.153578758239746,11.127962112426758,-0.10575734078884125,-0.12432147562503815,0,,0.0,0.0,0.0,12.023003578186035,0,0,0,0,0,0
916,45.801579,83,453,1,0,11.153578758239746,11.127962112426758,-0.10575734078884125,-0.12432147562503815,0,,0.0,0.0,0.0,12.023003578186035,0,0,0,0,0,0
917,45.851593,49,454,1,1,11.115900993347168,11.076773643493652,-0.19060862064361572,-0.20200598239898682,0,,0.0,0.0,0.0,12.023003578186035,0,0,0,0,0,0
918,45.901586,15,455,1,1,11.13711166381836,11.189264297485352,-0.10799845308065414,-0.09805461019277573,0,,0.0,0.0,0.0,12.023003578186035,0,0,0,0,0,0
919,45.951582,65,455,1,0,11.13711166381836,11.189264297485352,-0.10799845308065414,-0.09805461019277573,0,,0.0,0.0,0.0,12.023003578186035,0,0,0,0,0,0
920,46.001583,34,456,1,1,11.183551788330078,11.260929107666016,0.029524527490139008,0.05383526533842087,0,,0.0,0.0,0.0,12.023003578186035,0,0,0,0,0,0
921,46.051582,84,456,1,0,11.183551788330078,11.260929107666016,0.029524527490139008,0.05383526533842087,0,,0.0,0.0,0.0,12.023003578186035,0,0,0,0,0,0
922,46.101587,48,457,1,1,11.135714530944824,11.066534996032715,-0.09878313541412354,-0.08493796736001968,0,,0.0,0.0,0.0,12.023003578186035,0,0,0,0,0,0
923,46.151585,15,458,1,1,11.140411376953125,11.158551216125488,-0.07122718542814255,-0.048818089067935944,0,,0.0,0.0,0.0,12.023003578186035,0,0,0,0,0,0
924,46.201589,65,458,1,0,11.140411376953125,11.158551216125488,-0.07122718542814255,-0.048818089067935944,0,,0.0,0.0,0.0,12.023003578186035,0,0,0,0,0,0
925,46.251615,34,459,1,1,11.148809432983398,11.16878890991211,-0.03764451667666435,-0.009626351296901703,0,,0.0,0.0,0.0,12.023003578186035,0,0,0,0,0,0
926,46.301581,84,459,1,0,11.148809432983398,11.16878890991211,-0.03764451667666435,-0.009626351296901703,0,,0.0,0.0,0.0,12.023003578186035,0,0,0,0,0,0
927,46.351629,49,460,1,1,11.12092113494873,11.087011337280273,-0.10322693735361099,-0.07724075764417648,0,,0.0,0.0,0.0,12.023003578186035,0,0,0,0,0,0
928,46.401581,15,461,1,1,11.161822319030762,11.230216026306152,0.021169990301132202,0.05937596410512924,0,,0.0,0.0,0.0,12.023003578186035,0,0,0,0,0,0
929,46.451583,65,461,1,0,11.161822319030762,11.230216026306152,0.021169990301132202,0.05937596410512924,0,,0.0,0.0,0.0,12.023003578186035,0,0,0,0,0,0
930,46.501585,34,462,1,1,11.21286392211914,11.281280517578125,0.15473054349422455,0.1937987506389618,0,,0.0,0.0,0.0,12.023003578186035,0,0,0,0,0,0
931,46.551579,84,462,1,0,11.21286392211914,11.281280517578125,0.15473054349422455,0.1937987506389618,0,,0.0,0.0,0.0,12.023003578186035,0,0,0,0,0,0
932,46.601589,48,463,1,1,11.228293418884277,11.230216026306152,0.17509345710277557,0.19765697419643402,0,,0.0,0.0,0.0,12.023003578186035,0,0,0,0,0,0
933,46.651581,15,464,1,1,11.233600616455078,11.219978332519531,0.16551029682159424,0.1705317497253418,0,,0.0,0.0,0.0,12.023003578186035,0,0,0,0,0,0
934,46.70158,65,464,1,0,11.233600616455078,11.219978332519531,0.16551029682159424,0.1705317497253418,0,,0.0,0.0,0.0,12.023003578186035,0,0,0,0,0,0
935,46.751581,34,465,1,1,11.214666366577148,11.16878890991211,0.09314124286174774,0.0805494412779808,0,,0.0,0.0,0.0,12.023003578186035,0,0,0,0,0,0
936,46.80159,84,465,1,0,11.214666366577148,11.16878890991211,0.09314124286174774,0.0805494412779808,0,,0.0,0.0,0.0,12.023003578186035,0,0,0,0,0,0
937,46.851596,49,466,1,1,11.187230110168457,11.138200759887695,0.006362095475196838,-0.017199069261550903,0,,0.0,0.0,0.0,12.023003578186035,0,0,0,0,0,0
938,46.901581,15,467,1,1,11.240097045898438,11.311993598937988,0.14248810708522797,0.12639926373958588,0,,0.0,0.0,0.0,12.023003578186035,0,0,0,0,0,0
939,46.951588,65,467,1,0,11.240097045898438,11.311993598937988,0.14248810708522797,0.12639926373958588,0,,0.0,0.0,0.0,12.023003578186035,0,0,0,0,0,0
940,47.001581,34,468,1,1,11.28138542175293,11.32223129272461,0.22958695888519287,0.20664677023887634,0,,0.0,0.0,0.0,12.023003578186035,0,0,0,0,0,0
941,47.051587,84,468,1,0,11.28138542175293,11.32223129272461,0.22958695888519287,0.20664677023887634,0,,0.0,0.0,0.0,12.023003578186035,0,0,0,0,0,0
942,47.101588,49,469,1,1,11.237070083618164,11.148313522338867,0.07751956582069397,0.029554709792137146,0,,0.0,0.0,0.0,12.023003578186035,0,0,0,0,0,0
943,47.151581,14,470,1,1,11.216385841369629,11.17902660369873,0.008112400770187378,-0.04550216346979141,0,,0.0,0.0,0.0,12.023003578186035,0,0,0,0,0,0
944,47.201586,64,470,1,0,11.216385841369629,11.17902660369873,0.008112400770187378,-0.04550216346979141,0,,0.0,0.0,0.0,12.023003578186035,0,0,0,0,0,0
945,47.251581,33,471,1,1,11.205326080322266,11.189264297485352,-0.02587059698998928,-0.07712827622890472,0,,0.0,0.0,0.0,12.023003578186035,0,0,0,0,0,0
946,47.301586,83,471,1,0,11.205326080322266,11.189264297485352,-0.02587059698998928,-0.07712827622890472,0,,0.0,0.0,0.0,12.023003578186035,0,0,0,0,0,0
947,47.35159,49,472,1,1,11.175704002380371,11.138200759887695,-0.10365460813045502,-0.15156841278076172,0,,0.0,0.0,0.0,12.023003578186035,0,0,0,0,0,0
948,47.401581,15,473,1,1,11.21049690246582,11.271042823791504,-0.0008059144020080566,-0.030919522047042847,0,,0.0,0.0,0.0,12.023003578186035,0,0,0,0,0,0
949,47.451587,65,473,1,0,11.21049690246582,11.271042823791504,-0.0008059144020080566,-0.030919522047042847,0,,0.0,0.0,0.0,12.023003578186035,0,0,0,0,0,0
950,47.501581,34,474,1,1,11.248518943786621,11.301755905151367,0.09675417840480804,0.07355855405330658,0,,0.0,0.0,0.0,12.023003578186035,0,0,0,0,0,0
951,47.551586,84,474,1,0,11.248518943786621,11.301755905151367,0.09675417840480804,0.07355855405330658,0,,0.0,0.0,0.0,12.023003578186035,0,0,0,0,0,0
952,47.601589,49,475,1,1,11.1768159866333,11.066534996032715,-0.10767338424921036,-0.1463874727487564,0,,0.0,0.0,0.0,12.023003578186035,0,0,0,0,0,0
953,47.651581,15,476,1,1,11.167901039123535,11.16878890991211,-0.11827119439840317,-0.14461442828178406,0,,0.0,0.0,0.0,12.023003578186035,0,0,0,0,0,0
954,47.70158,65,476,1,0,11.167901039123535,11.16878890991211,-0.11827119439840317,-0.14461442828178406,0,,0.0,0.0,0.0,12.023003578186035,0,0,0,0,0,0
955,47.751581,34,477,1,1,11.145355224609375,11.127962112426758,-0.1627190262079239,-0.17878852784633636,0,,0.0,0.0,0.0,12.023003578186035,0,0,0,0,0,0
956,47.80159,84,477,1,0,11.145355224609375,11.127962112426758,-0.1627190262079239,-0.17878852784633636,0,,0.0,0.0,0.0,12.023003578186035,0,0,0,0,0,0
957,47.851591,48,478,1,1,11.138140678405762,11.148313522338867,-0.1585404872894287,-0.15837818384170532,0,,0.0,0.0,0.0,12.023003578186035,0,0,0,0,0,0
958,47.901581,14,479,1,1,11.160362243652344,11.20974063873291,-0.07710596919059753,-0.059514738619327545,0,,0.0,0.0,0.0,12.023003578186035,0,0,0,0,0,0
959,47.951591,64,479,1,0,11.160362243652344,11.20974063873291,-0.07710596919059753,-0.059514738619327545,0,,0.0,0.0,0.0,12.023003578186035,0,0,0,0,0,0
960,48.001581,31,480,1,1,11.185935020446777,11.230216026306152,0.002292633056640625,0.028501339256763458,0,,0.0,0.0,0.0,12.023003578186035,0,0,0,0,0,0
961,48.051588,81,480,1,0,11.185935020446777,11.230216026306152,0.002292633056640625,0.028501339256763458,0,,0.0,0.0,0.0,12.023003578186035,0,0,0,0,0,0
962,48.101597,46,481,1,1,11.122672080993652,11.035821914672852,-0.16200518608093262,-0.14547157287597656,0,,0.0,0.0,0.0,12.023003578186035,0,0,0,0,0,0
963,48.151589,15,482,1,1,11.095559120178223,11.076773643493652,-0.2091519832611084,-0.18238437175750732,0,,0.0,0.0,0.0,12.023003578186035,0,0,0,0,0,0
964,48.20158,65,482,1,0,11.095559120178223,11.076773643493652,-0.2091519832611084,-0.18238437175750732,0,,0.0,0.0,0.0,12.023003578186035,0,0,0,0,0,0
965,48.251581,33,483,1,1,11.073095321655273,11.066534996032715,-0.23642070591449738,-0.19524134695529938,0,,0.0,0.0,0.0,12.023003578186035,0,0,0,0,0,0
966,48.301585,83,483,1,0,11.073095321655273,11.066534996032715,-0.23642070591449738,-0.19524134695529938,0,,0.0,0.0,0.0,12.081631660461426,0,0,0,0,0,0
967,48.351605,48,484,1,1,11.07983112335205,11.117724418640137,-0.18067321181297302,-0.1197197288274765,0,,0.0,0.0,0.0,12.081631660461426,0,0,0,0,0,0
968,48.401614,15,485,1,1,11.1168851852417,11.189264297485352,-0.052910491824150085,0.024003297090530396,0,,0.0,0.0,0.0,12.081631660461426,0,0,0,0,0,0
969,48.451585,65,485,1,0,11.1168851852417,11.189264297485352,-0.052910491824150085,0.024003297090530396,0,,0.0,0.0,0.0,12.081631660461426,0,0,0,0,0,0
970,48.501594,34,486,1,1,11.178762435913086,11.271042823791504,0.12226428836584091,0.20485220849514008,0,,0.0,0.0,0.0,12.081631660461426,0,0,0,0,0,0
971,48.551587,84,486,1,0,11.178762435913086,11.271042823791504,0.12226428836584091,0.20485220849514008,0,,0.0,0.0,0.0,12.081631660461426,0,0,0,0,0,0
972,48.60159,49,487,1,1,11.215481758117676,11.250691413879395,0.20692795515060425,0.2750513553619385,0,,0.0,0.0,0.0,12.081631660461426,0,0,0,0,0,0
973,48.651581,15,488,1,1,11.202098846435547,11.158551216125488,0.14666485786437988,0.18804864585399628,0,,0.0,0.0,0.0,12.081631660461426,0,0,0,0,0,0
974,48.70158,65,488,1,0,11.202098846435547,11.158551216125488,0.14666485786437988,0.18804864585399628,0,,0.0,0.0,0.0,12.081631660461426,0,0,0,0,0,0
975,48.751587,34,489,1,1,11.182662010192871,11.138200759887695,0.07819286733865738,0.10066992789506912,0,,0.0,0.0,0.0,12.081631660461426,0,0,0,0,0,0
976,48.801592,84,489,1,0,11.182662010192871,11.138200759887695,0.07819286733865738,0.10066992789506912,0,,0.0,0.0,0.0,12.081631660461426,0,0,0,0,0,0
977,48.851589,48,490,1,1,11.185224533081055,11.17902660369873,0.07493296265602112,0.08823104202747345,0,,0.0,0.0,0.0,12.081631660461426,0,0,0,0,0,0
978,48.901581,15,491,1,1,11.24669075012207,11.32223129272461,0.22640460729599,0.23868149518966675,0,,0.0,0.0,0.0,12.081631660461426,0,0,0,0,0,0
979,48.951584,65,491,1,0,11.24669075012207,11.32223129272461,0.22640460729599,0.23868149518966675,0,,0.0,0.0,0.0,12.081631660461426,0,0,0,0,0,0
980,49.001581,34,492,1,1,11.267996788024902,11.271042823791504,0.2514600455760956,0.24465632438659668,0,,0.0,0.0,0.0,12.081631660461426,0,0,0,0,0,0
981,49.051581,84,492,1,0,11.267996788024902,11.271042823791504,0.2514600455760956,0.24465632438659668,0,,0.0,0.0,0.0,12.081631660461426,0,0,0,0,0,0
982,49.101583,48,493,1,1,11.243444442749023,11.17902660369873,0.14876653254032135,0.1154790073633194,0,,0.0,0.0,0.0,12.081631660461426,0,0,0,0,0,0
983,49.151581,15,494,1,1,11.228017807006836,11.189264297485352,0.08443790674209595,0.0383208692073822,0,,0.0,0.0,0.0,12.081631660461426,0,0,0,0,0,0
984,49.20158,65,494,1,0,11.228017807006836,11.189264297485352,0.08443790674209595,0.0383208692073822,0,,0.0,0.0,0.0,12.081631660461426,0,0,0,0,0,0
985,49.251581,33,495,1,1,11.220170974731445,11.199501991271973,0.048527784645557404,-0.002454310655593872,0,,0.0,0.0,0.0,12.081631660461426,0,0,0,0,0,0
986,49.301582,83,495,1,0,11.220170974731445,11.199501991271973,0.048527784645557404,-0.002454310655593872,0,,0.0,0.0,0.0,12.081631660461426,0,0,0,0,0,0
987,49.351587,48,496,1,1,11.192254066467285,11.148313522338867,-0.035801514983177185,-0.09027449041604996,0,,0.0,0.0,0.0,12.081631660461426,0,0,0,0,0,0
988,49.401581,15,497,1,1,11.240711212158203,11.311993598937988,0.09242759644985199,0.0514068529009819,0,,0.0,0.0,0.0,12.081631660461426,0,0,0,0,0,0
989,49.45158,65,497,1,0,11.240711212158203,11.311993598937988,0.09242759644985199,0.0514068529009819,0,,0.0,0.0,0.0,12.081631660461426,0,0,0,0,0,0
990,49.501581,34,498,1,1,11.287745475769043,11.342707633972168,0.19976180791854858,0.15913954377174377,0,,0.0,0.0,0.0,12.081631660461426,0,0,0,0,0,0
991,49.551583,84,498,1,0,11.287745475769043,11.342707633972168,0.19976180791854858,0.15913954377174377,0,,0.0,0.0,0.0,12.081631660461426,0,0,0,0,0,0
992,49.601591,49,499,1,1,11.252156257629395,11.17902660369873,0.07365921139717102,0.013353437185287476,0,,0.0,0.0,0.0,12.081631660461426,0,0,0,0,0,0
993,49.651587,15,500,1,1,11.224936485290527,11.17902660369873,-0.013078905642032623,-0.07835662364959717,0,,0.0,0.0,0.0,12.081631660461426,0,0,0,0,0,0
994,49.701585,65,500,1,0,11.224936485290527,11.17902660369873,-0.013078905642032623,-0.07835662364959717,0,,0.0,0.0,0.0,12.081631660461426,0,0,0,0,0,0
995,49.751581,34,501,1,1,11.217818260192871,11.20974063873291,-0.03462923690676689,-0.09422974288463593,0,,0.0,0.0,0.0,12.081631660461426,0,0,0,0,0,0
996,49.801582,84,501,1,0,11.217818260192871,11.20974063873291,-0.03462923690676689,-0.09422974288463593,0,,0.0,0.0,0.0,12.081631660461426,0,0,0,0,0,0
997,49.85159,49,502,1,1,11.186643600463867,11.148313522338867,-0.11591126024723053,-0.1707226037979126,0,,0.0,0.0,0.0,12.081631660461426,0,0,0,0,0,0
998,49.901581,15,503,1,1,11.233519554138184,11.311993598937988,0.019980937242507935,-0.013917028903961182,0,,0.0,0.0,0.0,12.081631660461426,0,0,0,0,0,0
999,49.951582,65,503,1,0,11.233519554138184,11.311993598937988,0.019980937242507935,-0.013917028903961182,0,,0.0,0.0,0.0,12.081631660461426,0,0,0,0,0,0
1000,50.001591,33,504,1,1,11.25876235961914,11.291518211364746,0.08084344118833542,0.05080904811620712,0,,0.0,0.0,0.0,12.081631660461426,0,0,0,0,0,0
1001,50.051583,83,504,1,0,11.25876235961914,11.291518211364746,0.08084344118833542,0.05080904811620712,0,,0.0,0.0,0.0,12.081631660461426,0,0,0,0,0,0
1002,50.101621,48,505,1,1,11.229204177856445,11.17902660369873,-0.010970503091812134,-0.049534767866134644,0,,0.0,0.0,0.0,12.081631660461426,0,0,0,0,0,0
1003,50.151581,15,506,1,1,11.216082572937012,11.199501991271973,-0.04665684700012207,-0.08249257504940033,0,,0.0,0.0,0.0,12.081631660461426,0,0,0,0,0,0
1004,50.201716,65,506,1,0,11.216082572937012,11.199501991271973,-0.04665684700012207,-0.08249257504940033,0,,0.0,0.0,0.0,12.081631660461426,0,0,0,0,0,0
1005,50.251581,33,507,1,1,11.202467918395996,11.189264297485352,-0.07834616303443909,-0.10851500928401947,0,,0.0,0.0,0.0,12.081631660461426,0,0,0,0,0,0
1006,50.301579,83,507,1,0,11.202467918395996,11.189264297485352,-0.07834616303443909,-0.10851500928401947,0,,0.0,0.0,0.0,12.081631660461426,0,0,0,0,0,0
1007,50.351597,47,508,1,1,11.184107780456543,11.16878890991211,-0.11715815216302872,-0.13928452134132385,0,,0.0,0.0,0.0,12.081631660461426,0,0,0,0,0,0
1008,50.40159,11,509,1,1,11.214967727661133,11.271042823791504,-0.02030225098133087,-0.025747641921043396,0,,0.0,0.0,0.0,12.081631660461426,0,0,0,0,0,0
1009,50.451588,61,509,1,0,11.214967727661133,11.271042823791504,-0.02030225098133087,-0.025747641921043396,0,,0.0,0.0,0.0,12.081631660461426,0,0,0,0,0,0
1010,50.501581,27,510,1,1,11.250685691833496,11.301755905151367,0.07579012215137482,0.0767349898815155,0,,0.0,0.0,0.0,12.081631660461426,0,0,0,0,0,0
1011,50.551624,77,510,1,0,11.250685691833496,11.301755905151367,0.07579012215137482,0.0767349898815155,0,,0.0,0.0,0.0,12.081631660461426,0,0,0,0,0,0
1012,50.601585,45,511,1,1,11.271588325500488,11.291518211364746,0.11980445683002472,0.11609164625406265,0,,0.0,0.0,0.0,12.081631660461426,0,0,0,0,0,0
1013,50.651601,15,512,1,1,11.20921516418457,11.107486724853516,-0.05988381803035736,-0.08119582384824753,0,,0.0,0.0,0.0,12.081631660461426,0,0,0,0,0,0
1014,50.70158,65,512,1,0,11.20921516418457,11.107486724853516,-0.05988381803035736,-0.08119582384824753,0,,0.0,0.0,0.0,12.081631660461426,0,0,0,0,0,0
1015,50.751587,34,513,1,1,11.185214042663574,11.158551216125488,-0.1159234493970871,-0.13285702466964722,0,,0.0,0.0,0.0,12.081631660461426,0,0,0,0,0,0
1016,50.801579,84,513,1,0,11.185214042663574,11.158551216125488,-0.1159234493970871,-0.13285702466964722,0,,0.0,0.0,0.0,12.081631660461426,0,0,0,0,0,0
1017,50.851583,49,514,1,1,11.172325134277344,11.16878890991211,-0.13393884897232056,-0.13987596333026886,0,,0.0,0.0,0.0,12.081631660461426,0,0,0,0,0,0
1018,50.901581,15,515,1,1,11.22862720489502,11.32223129272461,0.03329691290855408,0.04690779745578766,0,,0.0,0.0,0.0,12.081631660461426,0,0,0,0,0,0
1019,50.95158,65,515,1,0,11.22862720489502,11.32223129272461,0.03329691290855408,0.04690779745578766,0,,0.0,0.0,0.0,12.081631660461426,0,0,0,0,0,0
1020,51.001581,34,516,1,1,11.256563186645508,11.291518211364746,0.10292862355709076,0.1156143769621849,0,,0.0,0.0,0.0,12.081631660461426,0,0,0,0,0,0
1021,51.051589,84,516,1,0,11.256563186645508,11.291518211364746,0.10292862355709076,0.1156143769621849,0,,0.0,0.0,0.0,12.081631660461426,0,0,0,0,0,0
1022,51.101593,49,517,1,1,11.229209899902344,11.17902660369873,0.016723856329917908,0.015398755669593811,0,,0.0,0.0,0.0,12.081631660461426,0,0,0,0,0,0
1023,51.151581,14,518,1,1,11.187230110168457,11.127962112426758,-0.09619173407554626,-0.1037750318646431,0,,0.0,0.0,0.0,12.081631660461426,0,0,0,0,0,0
1024,51.20158,64,518,1,0,11.187230110168457,11.127962112426758,-0.09619173407554626,-0.1037750318646431,0,,0.0,0.0,0.0,12.081631660461426,0,0,0,0,0,0
1025,51.251581,34,519,1,1,11.179129600524902,11.17902660369873,-0.10468664765357971,-0.10397640615701675,0,,0.0,0.0,0.0,12.081631660461426,0,0,0,0,0,0
1026,51.301592,84,519,1,0,11.179129600524902,11.17902660369873,-0.10468664765357971,-0.10397640615701675,0,,0.0,0.0,0.0,12.073256492614746,0,0,0,0,0,0
1027,51.351605,49,520,1,1,11.147913932800293,11.117724418640137,-0.17115342617034912,-0.16414399445056915,0,,0.0,0.0,0.0,12.073256492614746,0,0,0,0,0,0
1028,51.401581,15,521,1,1,11.186899185180664,11.260929107666016,-0.043300971388816833,-0.016269221901893616,0,,0.0,0.0,0.0,12.073256492614746,0,0,0,0,0,0
1029,51.45158,65,521,1,0,11.186899185180664,11.260929107666016,-0.043300971388816833,-0.016269221901893616,0,,0.0,0.0,0.0,12.073256492614746,0,0,0,0,0,0
1030,51.501581,34,522,1,1,11.237110137939453,11.311993598937988,0.09630382806062698,0.1309066116809845,0,,0.0,0.0,0.0,12.073256492614746,0,0,0,0,0,0
1031,51.551584,84,522,1,0,11.237110137939453,11.311993598937988,0.09630382806062698,0.1309066116809845,0,,0.0,0.0,0.0,12.073256492614746,0,0,0,0,0,0
1032,51.601592,48,523,1,1,11.213311195373535,11.16878890991211,0.02196355164051056,0.041525356471538544,0,,0.0,0.0,0.0,12.073256492614746,0,0,0,0,0,0
1033,51.651581,15,524,1,1,11.19139289855957,11.158551216125488,-0.03726140037178993,-0.02390941232442856,0,,0.0,0.0,0.0,12.073256492614746,0,0,0,0,0,0
1034,51.701585,65,524,1,0,11.19139289855957,11.158551216125488,-0.03726140037178993,-0.02390941232442856,0,,0.0,0.0,0.0,12.073256492614746,0,0,0,0,0,0
1035,51.751581,34,525,1,1,11.214357376098633,11.250691413879395,0.029079802334308624,0.04740165174007416,0,,0.0,0.0,0.0,12.073256492614746,0,0,0,0,0,0
1036,51.801595,84,525,1,0,11.214357376098633,11.250691413879395,0.029079802334308624,0.04740165174007416,0,,0.0,0.0,0.0,12.073256492614746,0,0,0,0,0,0
1037,51.851584,48,526,1,1,11.235569953918457,11.260929107666016,0.08187631517648697,0.0982738733291626,0,,0.0,0.0,0.0,12.073256492614746,0,0,0,0,0,0
1038,51.901581,15,527,1,1,11.263253211975098,11.291518211364746,0.14395253360271454,0.15456601977348328,0,,0.0,0.0,0.0,12.073256492614746,0,0,0,0,0,0
1039,51.95158,65,527,1,0,11.263253211975098,11.291518211364746,0.14395253360271454,0.15456601977348328,0,,0.0,0.0,0.0,12.073256492614746,0,0,0,0,0,0
1040,52.001581,34,528,1,1,11.320624351501465,11.383658409118652,0.2749055027961731,0.27824440598487854,0,,0.0,0.0,0.0,12.073256492614746,0,0,0,0,0,0
1041,52.051579,84,528,1,0,11.320624351501465,11.383658409118652,0.2749055027961731,0.27824440598487854,0,,0.0,0.0,0.0,12.073256492614746,0,0,0,0,0,0
1042,52.10159,48,529,1,1,11.279409408569336,11.189264297485352,0.12566334009170532,0.09745098650455475,0,,0.0,0.0,0.0,12.073256492614746,0,0,0,0,0,0
1043,52.151589,15,530,1,1,11.256316184997559,11.20974063873291,0.04490824043750763,0.004712365567684174,0,,0.0,0.0,0.0,12.073256492614746,0,0,0,0,0,0
1044,52.20158,65,530,1,0,11.256316184997559,11.20974063873291,0.04490824043750763,0.004712365567684174,0,,0.0,0.0,0.0,12.073256492614746,0,0,0,0,0,0
1045,52.251624,33,531,1,1,11.234665870666504,11.199501991271973,-0.021149862557649612,-0.06465641409158707,0,,0.0,0.0,0.0,12.073256492614746,0,0,0,0,0,0
1046,52.301587,83,531,1,0,11.234665870666504,11.199501991271973,-0.021149862557649612,-0.06465641409158707,0,,0.0,0.0,0.0,12.073256492614746,0,0,0,0,0,0
1047,52.351646,48,532,1,1,11.214347839355469,11.189264297485352,-0.07466749101877213,-0.1147843450307846,0,,0.0,0.0,0.0,12.073256492614746,0,0,0,0,0,0
1048,52.401582,7,533,1,1,11.230279922485352,11.260929107666016,-0.024054456502199173,-0.05112459510564804,0,,0.0,0.0,0.0,12.073256492614746,0,0,0,0,0,0
1049,52.45158,57,533,1,0,11.230279922485352,11.260929107666016,-0.024054456502199173,-0.05112459510564804,0,,0.0,0.0,0.0,12.073256492614746,0,0,0,0,0,0
1050,52.50158,25,534,1,1,11.207317352294922,11.17902660369873,-0.08265309780836105,-0.10784216225147247,0,,0.0,0.0,0.0,12.073256492614746,0,0,0,0,0,0
1051,52.551589,75,534,1,0,11.207317352294922,11.17902660369873,-0.08265309780836105,-0.10784216225147247,0,,0.0,0.0,0.0,12.073256492614746,0,0,0,0,0,0
1052,52.601612,44,535,1,1,11.195660591125488,11.189264297485352,-0.10340552031993866,-0.12037831544876099,0,,0.0,0.0,0.0,12.073256492614746,0,0,0,0,0,0
1053,52.651581,13,536,1,1,11.175100326538086,11.158551216125488,-0.1439415067434311,-0.1525147706270218,0,,0.0,0.0,0.0,12.073256492614746,0,0,0,0,0,0
1054,52.701614,63,536,1,0,11.175100326538086,11.158551216125488,-0.1439415067434311,-0.1525147706270218,0,,0.0,0.0,0.0,12.073256492614746,0,0,0,0,0,0
1055,52.751581,32,537,1,1,11.16111946105957,11.158551216125488,-0.1610601842403412,-0.1574907898902893,0,,0.0,0.0,0.0,12.073256492614746,0,0,0,0,0,0
1056,52.801613,82,537,1,0,11.16111946105957,11.158551216125488,-0.1610601842403412,-0.1574907898902893,0,,0.0,0.0,0.0,12.027192115783691,0,0,0,0,0,0
1057,52.851597,45,538,1,1,11.155913352966309,11.16878890991211,-0.15001936256885529,-0.13166972994804382,0,,0.0,0.0,0.0,12.027192115783691,0,0,0,0,0,0
1058,52.901581,14,539,1,1,11.19253158569336,11.260929107666016,-0.031612321734428406,0.0029982328414916992,0,,0.0,0.0,0.0,12.027192115783691,0,0,0,0,0,0
1059,52.95158,64,539,1,0,11.19253158569336,11.260929107666016,-0.031612321734428406,0.0029982328414916992,0,,0.0,0.0,0.0,12.027192115783691,0,0,0,0,0,0
1060,53.001581,33,540,1,1,11.236516952514648,11.301755905151367,0.09067407250404358,0.13036277890205383,0,,0.0,0.0,0.0,12.027192115783691,0,0,0,0,0,0
1061,53.051588,83,540,1,0,11.236516952514648,11.301755905151367,0.09067407250404358,0.13036277890205383,0,,0.0,0.0,0.0,12.027192115783691,0,0,0,0,0,0
1062,53.10158,49,541,1,1,11.225693702697754,11.199501991271973,0.051936205476522446,0.07850935310125351,0,,0.0,0.0,0.0,12.027192115783691,0,0,0,0,0,0
1063,53.151581,15,542,1,1,11.213054656982422,11.189264297485352,0.013093281537294388,0.031098969280719757,0,,0.0,0.0,0.0,12.027192115783691,0,0,0,0,0,0
1064,53.20158,65,542,1,0,11.213054656982422,11.189264297485352,0.013093281537294388,0.031098969280719757,0,,0.0,0.0,0.0,12.027192115783691,0,0,0,0,0,0
1065,53.251581,33,543,1,1,11.19519329071045,11.16878890991211,-0.03434431552886963,-0.021069396287202835,0,,0.0,0.0,0.0,12.027192115783691,0,0,0,0,0,0
1066,53.301588,83,543,1,0,11.19519329071045,11.16878890991211,-0.03434431552886963,-0.021069396287202835,0,,0.0,0.0,0.0,12.060693740844727,0,0,0,0,0,0
1067,53.351593,49,544,1,1,11.182374954223633,11.16878890991211,-0.06202097237110138,-0.0481104701757431,0,,0.0,0.0,0.0,12.060693740844727,0,0,0,0,0,0
1068,53.40158,14,545,1,1,11.212431907653809,11.260929107666016,0.02719910442829132,0.04927796125411987,0,,0.0,0.0,0.0,12.060693740844727,0,0,0,0,0,0
1069,53.45158,64,545,1,0,11.212431907653809,11.260929107666016,0.02719910442829132,0.04927796125411987,0,,0.0,0.0,0.0,12.060693740844727,0,0,0,0,0,0
1070,53.501581,32,546,1,1,11.272818565368652,11.352945327758789,0.18329913914203644,0.20803000032901764,0,,0.0,0.0,0.0,12.060693740844727,0,0,0,0,0,0
1071,53.551585,82,546,1,0,11.272818565368652,11.352945327758789,0.18329913914203644,0.20803000032901764,0,,0.0,0.0,0.0,12.060693740844727,0,0,0,0,0,0
1072,53.601582,48,547,1,1,11.24699592590332,11.189264297485352,0.09067185968160629,0.09305936098098755,0,,0.0,0.0,0.0,12.060693740844727,0,0,0,0,0,0
1073,53.651581,14,548,1,1,11.201428413391113,11.127962112426758,-0.04195212572813034,-0.05359475314617157,0,,0.0,0.0,0.0,12.060693740844727,0,0,0,0,0,0
1074,53.701581,64,548,1,0,11.201428413391113,11.127962112426758,-0.04195212572813034,-0.05359475314617157,0,,0.0,0.0,0.0,12.060693740844727,0,0,0,0,0,0
1075,53.751581,33,549,1,1,11.194265365600586,11.189264297485352,-0.055698491632938385,-0.06341924518346786,0,,0.0,0.0,0.0,12.060693740844727,0,0,0,0,0,0
1076,53.801581,83,549,1,0,11.194265365600586,11.189264297485352,-0.055698491632938385,-0.06341924518346786,0,,0.0,0.0,0.0,12.060693740844727,0,0,0,0,0,0
1077,53.851593,49,550,1,1,11.189321517944336,11.189264297485352,-0.061133988201618195,-0.06353235989809036,0,,0.0,0.0,0.0,12.060693740844727,0,0,0,0,0,0
1078,53.901581,15,551,1,1,11.246478080749512,11.33246898651123,0.09775335341691971,0.10798061639070511,0,,0.0,0.0,0.0,12.060693740844727,0,0,0,0,0,0
1079,53.95158,65,551,1,0,11.246478080749512,11.33246898651123,0.09775335341691971,0.10798061639070511,0,,0.0,0.0,0.0,12.060693740844727,0,0,0,0,0,0
1080,54.001581,34,552,1,1,11.282938957214355,11.32223129272461,0.1804172694683075,0.18518942594528198,0,,0.0,0.0,0.0,12.060693740844727,0,0,0,0,0,0
1081,54.051586,84,552,1,0,11.282938957214355,11.32223129272461,0.1804172694683075,0.18518942594528198,0,,0.0,0.0,0.0,12.060693740844727,0,0,0,0,0,0
1082,54.10158,48,553,1,1,11.244081497192383,11.16878890991211,0.051545917987823486,0.03399576246738434,0,,0.0,0.0,0.0,12.060693740844727,0,0,0,0,0,0
1083,54.151581,15,554,1,1,11.214922904968262,11.16878890991211,-0.033708930015563965,-0.05795355141162872,0,,0.0,0.0,0.0,12.060693740844727,0,0,0,0,0,0
1084,54.20158,65,554,1,0,11.214922904968262,11.16878890991211,-0.033708930015563965,-0.05795355141162872,0,,0.0,0.0,0.0,12.060693740844727,0,0,0,0,0,0
1085,54.251581,34,555,1,1,11.206781387329102,11.199501991271973,-0.05208711326122284,-0.07224331796169281,0,,0.0,0.0,0.0,12.060693740844727,0,0,0,0,0,0
1086,54.301598,84,555,1,0,11.206781387329102,11.199501991271973,-0.05208711326122284,-0.07224331796169281,0,,0.0,0.0,0.0,12.060693740844727,0,0,0,0,0,0
1087,54.351594,49,556,1,1,11.192380905151367,11.17902660369873,-0.08374566584825516,-0.09888853132724762,0,,0.0,0.0,0.0,12.060693740844727,0,0,0,0,0,0
1088,54.401583,11,557,1,1,11.25208854675293,11.342707633972168,0.08502180129289627,0.08627729117870331,0,,0.0,0.0,0.0,12.060693740844727,0,0,0,0,0,0
1089,54.45158,61,557,1,0,11.25208854675293,11.342707633972168,0.08502180129289627,0.08627729117870331,0,,0.0,0.0,0.0,12.060693740844727,0,0,0,0,0,0
1090,54.501582,27,558,1,1,11.268765449523926,11.281280517578125,0.11645901948213577,0.11150848120450974,0,,0.0,0.0,0.0,12.060693740844727,0,0,0,0,0,0
1091,54.551585,77,558,1,0,11.268765449523926,11.281280517578125,0.11645901948213577,0.11150848120450974,0,,0.0,0.0,0.0,12.060693740844727,0,0,0,0,0,0
1092,54.601584,46,559,1,1,11.29257869720459,11.311993598937988,0.1621066778898239,0.14971745014190674,0,,0.0,0.0,0.0,12.060693740844727,0,0,0,0,0,0
1093,54.651585,15,560,1,1,11.266033172607422,11.20974063873291,0.06922855973243713,0.04007431119680405,0,,0.0,0.0,0.0,12.060693740844727,0,0,0,0,0,0
1094,54.70158,65,560,1,0,11.266033172607422,11.20974063873291,0.06922855973243713,0.04007431119680405,0,,0.0,0.0,0.0,12.060693740844727,0,0,0,0,0,0
1095,54.751615,34,561,1,1,11.24177360534668,11.199501991271973,-0.006098464131355286,-0.042003534734249115,0,,0.0,0.0,0.0,12.060693740844727,0,0,0,0,0,0
1096,54.801581,84,561,1,0,11.24177360534668,11.199501991271973,-0.006098464131355286,-0.042003534734249115,0,,0.0,0.0,0.0,12.060693740844727,0,0,0,0,0,0
1097,54.851624,48,562,1,1,11.210654258728027,11.16878890991211,-0.08980761468410492,-0.12563404440879822,0,,0.0,0.0,0.0,12.060693740844727,0,0,0,0,0,0
1098,54.901581,15,563,1,1,11.235776901245117,11.281280517578125,-0.01350141316652298,-0.035110071301460266,0,,0.0,0.0,0.0,12.060693740844727,0,0,0,0,0,0
1099,54.951597,65,563,1,0,11.235776901245117,11.281280517578125,-0.01350141316652298,-0.035110071301460266,0,,0.0,0.0,0.0,12.060693740844727,0,0,0,0,0,0
1100,55.001582,34,564,1,1,11.271164894104004,11.32223129272461,0.07965216040611267,0.06509695202112198,0,,0.0,0.0,0.0,12.060693740844727,0,0,0,0,0,0
1101,55.051589,84,564,1,0,11.271164894104004,11.32223129272461,0.07965216040611267,0.06509695202112198,0,,0.0,0.0,0.0,12.060693740844727,0,0,0,0,0,0
1102,55.101583,49,565,1,1,11.249361038208008,11.20974063873291,0.00943850725889206,-0.01396128535270691,0,,0.0,0.0,0.0,12.060693740844727,0,0,0,0,0,0
1103,55.151581,15,566,1,1,11.202919960021973,11.138200759887695,-0.11570411920547485,-0.14332956075668335,0,,0.0,0.0,0.0,12.060693740844727,0,0,0,0,0,0
1104,55.20158,65,566,1,0,11.202919960021973,11.138200759887695,-0.11570411920547485,-0.14332956075668335,0,,0.0,0.0,0.0,12.060693740844727,0,0,0,0,0,0
1105,55.251581,33,567,1,1,11.169991493225098,11.138200759887695,-0.18767166137695312,-0.20618046820163727,0,,0.0,0.0,0.0,12.060693740844727,0,0,0,0,0,0
1106,55.301583,83,567,1,0,11.169991493225098,11.138200759887695,-0.18767166137695312,-0.20618046820163727,0,,0.0,0.0,0.0,12.060693740844727,0,0,0,0,0,0
1107,55.351588,49,568,1,1,11.147064208984375,11.138200759887695,-0.221884623169899,-0.22381635010242462,0,,0.0,0.0,0.0,12.060693740844727,0,0,0,0,0,0
1108,55.401581,15,569,1,1,11.179483413696289,11.250691413879395,-0.10456989705562592,-0.0817217081785202,0,,0.0,0.0,0.0,12.060693740844727,0,0,0,0,0,0
1109,55.45158,65,569,1,0,11.179483413696289,11.250691413879395,-0.10456989705562592,-0.0817217081785202,0,,0.0,0.0,0.0,12.060693740844727,0,0,0,0,0,0
1110,55.501581,34,570,1,1,11.255433082580566,11.373420715332031,0.11073704808950424,0.15003596246242523,0,,0.0,0.0,0.0,12.060693740844727,0,0,0,0,0,0
1111,55.551589,84,570,1,0,11.255433082580566,11.373420715332031,0.11073704808950424,0.15003596246242523,0,,0.0,0.0,0.0,12.060693740844727,0,0,0,0,0,0
1112,55.601592,49,571,1,1,11.254887580871582,11.240453720092773,0.09590459614992142,0.12122940272092819,0,,0.0,0.0,0.0,12.060693740844727,0,0,0,0,0,0
1113,55.651581,15,572,1,1,11.214858055114746,11.148313522338867,-0.02130967378616333,-0.011782042682170868,0,,0.0,0.0,0.0,12.060693740844727,0,0,0,0,0,0
1114,55.70158,65,572,1,0,11.214858055114746,11.148313522338867,-0.02130967378616333,-0.011782042682170868,0,,0.0,0.0,0.0,12.060693740844727,0,0,0,0,0,0
1115,55.751581,34,573,1,1,11.215970993041992,11.219978332519531,-0.014720839448273182,-0.00390451867133379,0,,0.0,0.0,0.0,12.060693740844727,0,0,0,0,0,0
1116,55.80159,84,573,1,0,11.215970993041992,11.219978332519531,-0.014720839448273182,-0.00390451867133379,0,,0.0,0.0,0.0,12.060693740844727,0,0,0,0,0,0
1117,55.851589,49,574,1,1,11.19105339050293,11.158551216125488,-0.07718917727470398,-0.06878878176212311,0,,0.0,0.0,0.0,12.060693740844727,0,0,0,0,0,0
1118,55.901581,15,575,1,1,11.229527473449707,11.291518211364746,0.035720065236091614,0.05511964112520218,0,,0.0,0.0,0.0,12.060693740844727,0,0,0,0,0,0
1119,55.951591,65,575,1,0,11.229527473449707,11.291518211364746,0.035720065236091614,0.05511964112520218,0,,0.0,0.0,0.0,12.060693740844727,0,0,0,0,0,0
1120,56.001581,34,576,1,1,11.2743501663208,11.33246898651123,0.14958098530769348,0.16935446858406067,0,,0.0,0.0,0.0,12.060693740844727,0,0,0,0,0,0
1121,56.051588,84,576,1,0,11.2743501663208,11.33246898651123,0.14958098530769348,0.16935446858406067,0,,0.0,0.0,0.0,12.060693740844727,0,0,0,0,0,0
1122,56.101597,49,577,1,1,11.237602233886719,11.16878890991211,0.03243820369243622,0.03201286494731903,0,,0.0,0.0,0.0,12.060693740844727,0,0,0,0,0,0
1123,56.151581,15,578,1,1,11.244762420654297,11.250691413879395,0.046477437019348145,0.043861161917448044,0,,0.0,0.0,0.0,12.060693740844727,0,0,0,0,0,0
1124,56.20158,65,578,1,0,11.244762420654297,11.250691413879395,0.046477437019348145,0.043861161917448044,0,,0.0,0.0,0.0,12.060693740844727,0,0,0,0,0,0
1125,56.251581,33,579,1,1,11.206620216369629,11.148313522338867,-0.06029262766242027,-0.0713619738817215,0,,0.0,0.0,0.0,12.060693740844727,0,0,0,0,0,0
1126,56.301588,83,579,1,0,11.206620216369629,11.148313522338867,-0.06029262766242027,-0.0713619738817215,0,,0.0,0.0,0.0,11.99787712097168,0,0,0,0,0,0
1127,56.351586,48,580,1,1,11.204824447631836,11.20974063873291,-0.056940220296382904,-0.06153075397014618,0,,0.0,0.0,0.0,11.99787712097168,0,0,0,0,0,0
1128,56.401581,14,581,1,1,11.212647438049316,11.230216026306152,-0.02846253663301468,-0.02641516551375389,0,,0.0,0.0,0.0,11.99787712097168,0,0,0,0,0,0
1129,56.451615,64,581,1,0,11.212647438049316,11.230216026306152,-0.02846253663301468,-0.02641516551375389,0,,0.0,0.0,0.0,11.99787712097168,0,0,0,0,0,0
1130,56.501581,33,582,1,1,11.239951133728027,11.281280517578125,0.04715321958065033,0.054758768528699875,0,,0.0,0.0,0.0,11.99787712097168,0,0,0,0,0,0
1131,56.551596,83,582,1,0,11.239951133728027,11.281280517578125,0.04715321958065033,0.054758768528699875,0,,0.0,0.0,0.0,11.99787712097168,0,0,0,0,0,0
1132,56.601595,46,583,1,1,11.303325653076172,11.383658409118652,0.20711466670036316,0.2167239636182785,0,,0.0,0.0,0.0,11.99787712097168,0,0,0,0,0,0
1133,56.651588,15,584,1,1,11.24852180480957,11.148313522338867,0.03536459803581238,0.01914486289024353,0,,0.0,0.0,0.0,11.99787712097168,0,0,0,0,0,0
1134,56.70158,65,584,1,0,11.24852180480957,11.148313522338867,0.03536459803581238,0.01914486289024353,0,,0.0,0.0,0.0,11.99787712097168,0,0,0,0,0,0
1135,56.751581,34,585,1,1,11.251133918762207,11.250691413879395,0.03608835116028786,0.018281364813447,0,,0.0,0.0,0.0,11.99787712097168,0,0,0,0,0,0
1136,56.80159,84,585,1,0,11.251133918762207,11.250691413879395,0.03608835116028786,0.018281364813447,0,,0.0,0.0,0.0,11.99787712097168,0,0,0,0,0,0
1137,56.851585,48,586,1,1,11.218244552612305,11.16878890991211,-0.05713452771306038,-0.08067302405834198,0,,0.0,0.0,0.0,11.99787712097168,0,0,0,0,0,0
1138,56.901619,15,587,1,1,11.254775047302246,11.311993598937988,0.04523327946662903,0.033152177929878235,0,,0.0,0.0,0.0,11.99787712097168,0,0,0,0,0,0
1139,56.95158,65,587,1,0,11.254775047302246,11.311993598937988,0.04523327946662903,0.033152177929878235,0,,0.0,0.0,0.0,11.99787712097168,0,0,0,0,0,0
1140,57.001615,33,588,1,1,11.263808250427246,11.271042823791504,0.06162062659859657,0.04741976782679558,0,,0.0,0.0,0.0,11.99787712097168,0,0,0,0,0,0
1141,57.051581,83,588,1,0,11.263808250427246,11.271042823791504,0.06162062659859657,0.04741976782679558,0,,0.0,0.0,0.0,11.99787712097168,0,0,0,0,0,0
1142,57.101608,49,589,1,1,11.244178771972656,11.20974063873291,3.807246685028076e-05,-0.02101781591773033,0,,0.0,0.0,0.0,11.99787712097168,0,0,0,0,0,0
1143,57.151581,15,590,1,1,11.229632377624512,11.20974063873291,-0.03973490744829178,-0.060685526579618454,0,,0.0,0.0,0.0,11.99787712097168,0,0,0,0,0,0
1144,57.20158,65,590,1,0,11.229632377624512,11.20974063873291,-0.03973490744829178,-0.060685526579618454,0,,0.0,0.0,0.0,11.99787712097168,0,0,0,0,0,0
1145,57.251581,33,591,1,1,11.197833061218262,11.158551216125488,-0.11901342123746872,-0.13824641704559326,0,,0.0,0.0,0.0,11.99787712097168,0,0,0,0,0,0
1146,57.301586,83,591,1,0,11.197833061218262,11.158551216125488,-0.11901342123746872,-0.13824641704559326,0,,0.0,0.0,0.0,11.99787712097168,0,0,0,0,0,0
1147,57.351585,49,592,1,1,11.19676399230957,11.20974063873291,-0.10590945929288864,-0.11244472861289978,0,,0.0,0.0,0.0,11.99787712097168,0,0,0,0,0,0
1148,57.401581,15,593,1,1,11.218415260314941,11.260929107666016,-0.034114256501197815,-0.02764517068862915,0,,0.0,0.0,0.0,11.99787712097168,0,0,0,0,0,0
1149,57.45158,65,593,1,0,11.218415260314941,11.260929107666016,-0.034114256501197815,-0.02764517068862915,0,,0.0,0.0,0.0,11.99787712097168,0,0,0,0,0,0
1150,57.501587,33,594,1,1,11.251663208007812,11.301755905151367,0.05836711451411247,0.07127072662115097,0,,0.0,0.0,0.0,11.99787712097168,0,0,0,0,0,0
1151,57.551579,83,594,1,0,11.251663208007812,11.301755905151367,0.05836711451411247,0.07127072662115097,0,,0.0,0.0,0.0,11.99787712097168,0,0,0,0,0,0
1152,57.601583,49,595,1,1,11.206942558288574,11.138200759887695,-0.06656897068023682,-0.06541431695222855,0,,0.0,0.0,0.0,11.99787712097168,0,0,0,0,0,0
1153,57.651581,15,596,1,1,11.148738861083984,11.076773643493652,-0.2095789909362793,-0.20896553993225098,0,,0.0,0.0,0.0,11.99787712097168,0,0,0,0,0,0
1154,57.70158,65,596,1,0,11.148738861083984,11.076773643493652,-0.2095789909362793,-0.20896553993225098,0,,0.0,0.0,0.0,11.99787712097168,0,0,0,0,0,0
1155,57.751581,34,597,1,1,11.142556190490723,11.158551216125488,-0.1964242309331894,-0.1775558590888977,0,,0.0,0.0,0.0,11.99787712097168,0,0,0,0,0,0
1156,57.801588,84,597,1,0,11.142556190490723,11.158551216125488,-0.1964242309331894,-0.1775558590888977,0,,0.0,0.0,0.0,11.99787712097168,0,0,0,0,0,0
1157,57.851589,49,598,1,1,11.160809516906738,11.20974063873291,-0.11801238358020782,-0.07993064820766449,0,,0.0,0.0,0.0,11.99787712097168,0,0,0,0,0,0
1158,57.901581,15,599,1,1,11.21002197265625,11.291518211364746,0.03127702325582504,0.0829136073589325,0,,0.0,0.0,0.0,11.99787712097168,0,0,0,0,0,0
1159,57.95158,65,599,1,0,11.21002197265625,11.291518211364746,0.03127702325582504,0.0829136073589325,0,,0.0,0.0,0.0,11.99787712097168,0,0,0,0,0,0
1160,58.001581,34,600,1,1,11.232934951782227,11.260929107666016,0.09068293869495392,0.1379276067018509,0,,0.0,0.0,0.0,11.99787712097168,0,0,0,0,0,0
1161,58.051579,84,600,1,0,11.232934951782227,11.260929107666016,0.09068293869495392,0.1379276067018509,0,,0.0,0.0,0.0,11.99787712097168,0,0,0,0,0,0
1162,58.101581,48,601,1,1,11.253832817077637,11.271042823791504,0.1356288194656372,0.17246362566947937,0,,0.0,0.0,0.0,11.99787712097168,0,0,0,0,0,0
1163,58.15158,15,602,1,1,11.216265678405762,11.148313522338867,0.020300284028053284,0.03714504837989807,0,,0.0,0.0,0.0,11.99787712097168,0,0,0,0,0,0
1164,58.20158,65,602,1,0,11.216265678405762,11.148313522338867,0.020300284028053284,0.03714504837989807,0,,0.0,0.0,0.0,11.99787712097168,0,0,0,0,0,0
1165,58.251581,34,603,1,1,11.19318962097168,11.158551216125488,-0.04176293686032295,-0.03079874813556671,0,,0.0,0.0,0.0,11.99787712097168,0,0,0,0,0,0
1166,58.301585,84,603,1,0,11.19318962097168,11.158551216125488,-0.04176293686032295,-0.03079874813556671,0,,0.0,0.0,0.0,11.99787712097168,0,0,0,0,0,0
1167,58.35159,48,604,1,1,11.176423072814941,11.158551216125488,-0.07873566448688507,-0.06663031876087189,0,,0.0,0.0,0.0,11.99787712097168,0,0,0,0,0,0
1168,58.401583,15,605,1,1,11.216643333435059,11.281280517578125,0.039001695811748505,0.06203502416610718,0,,0.0,0.0,0.0,11.99787712097168,0,0,0,0,0,0
1169,58.45158,65,605,1,0,11.216643333435059,11.281280517578125,0.039001695811748505,0.06203502416610718,0,,0.0,0.0,0.0,11.99787712097168,0,0,0,0,0,0
1170,58.501581,34,606,1,1,11.241318702697754,11.271042823791504,0.09985874593257904,0.12033014744520187,0,,0.0,0.0,0.0,11.99787712097168,0,0,0,0,0,0
1171,58.551585,84,606,1,0,11.241318702697754,11.271042823791504,0.09985874593257904,0.12033014744520187,0,,0.0,0.0,0.0,11.99787712097168,0,0,0,0,0,0
1172,58.60158,48,607,1,1,11.272056579589844,11.301755905151367,0.16724735498428345,0.17987316846847534,0,,0.0,0.0,0.0,11.99787712097168,0,0,0,0,0,0
1173,58.651581,15,608,1,1,11.23698616027832,11.16878890991211,0.0521160364151001,0.044123947620391846,0,,0.0,0.0,0.0,11.99787712097168,0,0,0,0,0,0
1174,58.701582,65,608,1,0,11.23698616027832,11.16878890991211,0.0521160364151001,0.044123947620391846,0,,0.0,0.0,0.0,11.99787712097168,0,0,0,0,0,0
1175,58.751581,34,609,1,1,11.215325355529785,11.17902660369873,-0.012493614107370377,-0.027064107358455658,0,,0.0,0.0,0.0,11.99787712097168,0,0,0,0,0,0
1176,58.801597,84,609,1,0,11.215325355529785,11.17902660369873,-0.012493614107370377,-0.027064107358455658,0,,0.0,0.0,0.0,11.985315322875977,0,0,0,0,0,0
1177,58.851603,49,610,1,1,11.186444282531738,11.148313522338867,-0.08761170506477356,-0.10308411717414856,0,,0.0,0.0,0.0,11.985315322875977,0,0,0,0,0,0
1178,58.901581,14,611,1,1,11.226359367370605,11.291518211364746,0.02902543544769287,0.027784019708633423,0,,0.0,0.0,0.0,11.985315322875977,0,0,0,0,0,0
1179,58.951583,64,611,1,0,11.226359367370605,11.291518211364746,0.02902543544769287,0.027784019708633423,0,,0.0,0.0,0.0,11.985315322875977,0,0,0,0,0,0
1180,59.001581,33,612,1,1,11.28077220916748,11.352945327758789,0.1674133986234665,0.16988813877105713,0,,0.0,0.0,0.0,11.985315322875977,0,0,0,0,0,0
1181,59.051627,83,612,1,0,11.28077220916748,11.352945327758789,0.1674133986234665,0.16988813877105713,0,,0.0,0.0,0.0,11.985315322875977,0,0,0,0,0,0
1182,59.101587,48,613,1,1,11.237850189208984,11.158551216125488,0.03020671010017395,0.011600300669670105,0,,0.0,0.0,0.0,11.985315322875977,0,0,0,0,0,0
1183,59.151634,15,614,1,1,11.240421295166016,11.240453720092773,0.031231582164764404,0.01166506391018629,0,,0.0,0.0,0.0,11.985315322875977,0,0,0,0,0,0
1184,59.20158,65,614,1,0,11.240421295166016,11.240453720092773,0.031231582164764404,0.01166506391018629,0,,0.0,0.0,0.0,11.985315322875977,0,0,0,0,0,0
1185,59.251581,34,615,1,1,11.224841117858887,11.199501991271973,-0.015368077903985977,-0.03797721117734909,0,,0.0,0.0,0.0,11.985315322875977,0,0,0,0,0,0
1186,59.301579,84,615,1,0,11.224841117858887,11.199501991271973,-0.015368077903985977,-0.03797721117734909,0,,0.0,0.0,0.0,11.985315322875977,0,0,0,0,0,0
1187,59.35159,49,616,1,1,11.226266860961914,11.230216026306152,-0.01105734147131443,-0.030106596648693085,0,,0.0,0.0,0.0,11.985315322875977,0,0,0,0,0,0
1188,59.401581,15,617,1,1,11.257486343383789,11.301755905151367,0.07112187892198563,0.05830845981836319,0,,0.0,0.0,0.0,11.985315322875977,0,0,0,0,0,0
1189,59.45158,65,617,1,0,11.257486343383789,11.301755905151367,0.07112187892198563,0.05830845981836319,0,,0.0,0.0,0.0,11.985315322875977,0,0,0,0,0,0
1190,59.501581,34,618,1,1,11.29656982421875,11.342707633972168,0.16267409920692444,0.14895814657211304,0,,0.0,0.0,0.0,11.985315322875977,0,0,0,0,0,0
1191,59.551581,84,618,1,0,11.29656982421875,11.342707633972168,0.16267409920692444,0.14895814657211304,0,,0.0,0.0,0.0,11.985315322875977,0,0,0,0,0,0
1192,59.601593,48,619,1,1,11.285587310791016,11.250691413879395,0.10839945077896118,0.07893650233745575,0,,0.0,0.0,0.0,11.985315322875977,0,0,0,0,0,0
1193,59.651581,15,620,1,1,11.254708290100098,11.199501991271973,0.009622134268283844,-0.030993454158306122,0,,0.0,0.0,0.0,11.985315322875977,0,0,0,0,0,0
1194,59.70158,65,620,1,0,11.254708290100098,11.199501991271973,0.009622134268283844,-0.030993454158306122,0,,0.0,0.0,0.0,11.985315322875977,0,0,0,0,0,0
1195,59.751587,34,621,1,1,11.236322402954102,11.20974063873291,-0.04282509908080101,-0.08313041180372238,0,,0.0,0.0,0.0,11.985315322875977,0,0,0,0,0,0
1196,59.801581,84,621,1,0,11.236322402954102,11.20974063873291,-0.04282509908080101,-0.08313041180372238,0,,0.0,0.0,0.0,11.985315322875977,0,0,0,0,0,0
1197,59.851583,49,622,1,1,11.21854019165039,11.199501991271973,-0.08624804764986038,-0.12108756601810455,0,,0.0,0.0,0.0,11.985315322875977,0,0,0,0,0,0
1198,59.901581,15,623,1,1,11.26644515991211,11.342707633972168,0.04950927942991257,0.03123486042022705,0,,0.0,0.0,0.0,11.985315322875977,0,0,0,0,0,0
1199,59.95158,65,623,1,0,11.26644515991211,11.342707633972168,0.04950927942991257,0.03123486042022705,0,,0.0,0.0,0.0,11.985315322875977,0,0,0,0,0,0
1200,60.001581,34,624,1,1,11.29643440246582,11.33246898651123,0.11984694004058838,0.10203136503696442,0,,0.0,0.0,0.0,11.985315322875977,0,0,0,0,0,0
1201,60.051582,84,624,1,0,11.29643440246582,11.33246898651123,0.11984694004058838,0.10203136503696442,0,,0.0,0.0,0.0,12.002065658569336,0,0,0,0,0,0
1202,60.101602,49,625,1,1,11.214344024658203,11.087011337280273,-0.1148441731929779,-0.15203960239887238,0,,0.0,0.0,0.0,12.002065658569336,0,0,0,0,0,0
1203,60.151581,14,626,1,1,11.184797286987305,11.158551216125488,-0.17829418182373047,-0.20477183163166046,0,,0.0,0.0,0.0,12.002065658569336,0,0,0,0,0,0
1204,60.20158,64,626,1,0,11.184797286987305,11.158551216125488,-0.17829418182373047,-0.20477183163166046,0,,0.0,0.0,0.0,12.002065658569336,0,0,0,0,0,0
1205,60.251581,33,627,1,1,11.186454772949219,11.20974063873291,-0.15095508098602295,-0.15891854465007782,0,,0.0,0.0,-1.0,12.002065658569336,255,2,384,0,0,1
1206,60.301586,83,627,1,0,11.186454772949219,11.20974063873291,-0.15095508098602295,-0.15891854465007782,0,,0.0,0.0,-1.0,12.002065658569336,255,2,384,0,0,1
1207,60.351602,48,628,1,1,11.192828178405762,11.219978332519531,-0.11254507303237915,-0.10472375154495239,0,,0.0,0.0,-1.0,12.002065658569336,255,2,384,0,0,1
1208,60.401581,15,629,1,1,11.26313591003418,11.373420715332031,0.08859319984912872,0.1143035739660263,0,,0.0,0.0,-1.0,12.002065658569336,255,2,384,0,0,1
1209,60.451579,65,629,1,0,11.26313591003418,11.373420715332031,0.08859319984912872,0.1143035739660263,0,,0.0,0.0,-1.0,12.002065658569336,255,2,384,0,0,1
1210,60.501581,33,630,1,1,11.29232120513916,11.32223129272461,0.15440979599952698,0.1732325255870819,0,,0.0,0.0,-1.0,12.002065658569336,255,2,384,0,0,1
1211,60.551581,83,630,1,0,11.29232120513916,11.32223129272461,0.15440979599952698,0.1732325255870819,0,,0.0,0.0,-1.0,12.002065658569336,255,2,384,0,0,1
1212,60.601587,48,631,1,1,11.30856704711914,11.311993598937988,0.17569009959697723,0.18007558584213257,0,,0.0,0.0,-1.0,12.002065658569336,255,2,384,0,0,1
1213,60.651623,15,632,1,1,11.262904167175293,11.17902660369873,0.03096427023410797,0.013415887951850891,0,,0.0,0.0,0.0,12.002065658569336,0,3,128,0,1,0
