record_index,elapsed_s,depth_age_ms,depth_sequence,depth_valid,depth_fresh,depth_cm,raw_depth_cm,depth_speed_cm_s,depth_accel_cm_s2,target_valid,target_depth_cm,proposal_desired_accel_cm_s2,proposal_bias_cm_s2,requested_duty,battery_window_v,pwm_commanded,direction_commanded,valve_mask_estimated,forward_active,balance_active,output_saturated
0,0.003358,13,1,1,1,11.221148490905762,11.17902660369873,-0.11277388036251068,-0.11492395401000977,0,,0.0,0.0,0.0,12.002065658569336,0,0,0,0,0,0
1,0.053312,63,1,1,0,11.221148490905762,11.17902660369873,-0.11277388036251068,-0.11492395401000977,0,,0.0,0.0,0.0,12.002065658569336,0,0,0,0,0,0
2,0.103298,28,2,1,1,11.223504066467285,11.240453720092773,-0.09009173512458801,-0.08105219900608063,0,,0.0,0.0,0.0,12.002065658569336,0,0,0,0,0,0
3,0.153286,78,2,1,0,11.223504066467285,11.240453720092773,-0.09009173512458801,-0.08105219900608063,0,,0.0,0.0,0.0,12.002065658569336,0,0,0,0,0,0
4,0.203299,45,3,1,1,11.2562255859375,11.311993598937988,0.009367205202579498,0.02977880835533142,0,,0.0,0.0,0.0,12.002065658569336,0,0,0,0,0,0
5,0.25329,14,4,1,1,11.28000259399414,11.311993598937988,0.07182957977056503,0.09247665852308273,0,,0.0,0.0,0.0,12.002065658569336,0,0,0,0,0,0
6,0.303344,64,4,1,0,11.28000259399414,11.311993598937988,0.07182957977056503,0.09247665852308273,0,,0.0,0.0,0.0,12.002065658569336,0,0,0,0,0,0
7,0.353287,28,5,1,1,11.254108428955078,11.20974063873291,-0.005414299666881561,0.0035429969429969788,0,,0.0,0.0,0.0,12.002065658569336,0,0,0,0,0,0
8,0.403286,78,5,1,0,11.254108428955078,11.20974063873291,-0.005414299666881561,0.0035429969429969788,1,40.0,0.0,0.0,0.0,12.002065658569336,0,0,0,0,0,0
9,0.453298,45,6,1,1,11.239490509033203,11.219978332519531,-0.04233335703611374,-0.035297296941280365,1,40.0,0.0,0.0,0.0,12.002065658569336,0,0,0,0,0,0
10,0.503287,14,7,1,1,11.284804344177246,11.352945327758789,0.08281992375850677,0.09835564345121384,1,40.0,2.5346755981445312,0.036611512303352356,1.0,12.002065658569336,255,1,0,0,0,1
11,0.553287,64,7,1,0,11.284804344177246,11.352945327758789,0.08281992375850677,0.09835564345121384,1,40.0,2.5346755981445312,0.036611512303352356,1.0,12.002065658569336,255,1,0,0,0,1
12,0.603288,28,8,1,1,11.274724960327148,11.250691413879395,0.04511304199695587,0.05016569420695305,1,40.0,2.5582070350646973,0.036309078335762024,1.0,12.002065658569336,255,1,0,0,0,1
13,0.65331,78,8,1,0,11.274724960327148,11.250691413879395,0.04511304199695587,0.05016569420695305,1,40.0,2.5582070350646973,0.036309078335762024,1.0,12.002065658569336,255,1,0,0,0,1
14,0.703287,41,9,1,1,11.292964935302734,11.311993598937988,0.08660663664340973,0.08889764547348022,1,40.0,2.5316691398620605,0.03685624897480011,1.0,12.002065658569336,255,1,0,0,0,1
15,0.753291,6,10,1,1,11.335957527160645,11.383658409118652,0.18670347332954407,0.1853993982076645,1,40.0,2.4677419662475586,0.03814603388309479,1.0,12.002065658569336,255,1,0,0,0,1
16,0.803292,56,10,1,0,11.335957527160645,11.383658409118652,0.18670347332954407,0.1853993982076645,1,40.0,2.4677419662475586,0.03814603388309479,1.0,12.002065658569336,255,1,0,0,0,1
17,0.853287,25,11,1,1,11.382238388061523,11.424485206604004,0.2815038561820984,0.26863378286361694,1,40.0,2.406696319580078,0.03953446447849274,1.0,12.002065658569336,255,1,0,0,0,1
18,0.903307,75,11,1,0,11.382238388061523,11.424485206604004,0.2815038561820984,0.26863378286361694,1,40.0,2.406696319580078,0.03953446447849274,1.0,12.002065658569336,255,1,0,0,0,1
19,0.953299,44,12,1,1,11.328459739685059,11.219978332519531,0.10087800025939941,0.05735555291175842,1,40.0,2.519911766052246,0.03792114555835724,1.0,12.002065658569336,255,1,0,0,0,1
20,1.003286,13,13,1,1,11.275566101074219,11.189264297485352,-0.05482503026723862,-0.11011508107185364,1,40.0,2.6180942058563232,0.036334291100502014,1.0,12.002065658569336,255,1,0,0,0,1
21,1.053294,63,13,1,0,11.275566101074219,11.189264297485352,-0.05482503026723862,-0.11011508107185364,1,40.0,2.6180942058563232,0.036334291100502014,1.0,12.002065658569336,255,1,0,0,0,1
22,1.103291,28,14,1,1,11.227819442749023,11.16878890991211,-0.17641215026378632,-0.22729042172431946,1,40.0,2.6953437328338623,0.0349019318819046,1.0,11.989501953125,255,1,0,0,0,1
23,1.153318,78,14,1,0,11.227819442749023,11.16878890991211,-0.17641215026378632,-0.22729042172431946,1,40.0,2.6953437328338623,0.0349019318819046,1.0,11.989501953125,255,1,0,0,0,1
24,1.203296,45,15,1,1,11.26279067993164,11.33246898651123,-0.06285598874092102,-0.08908042311668396,1,40.0,2.6240625381469727,0.03595103323459625,1.0,11.989501953125,255,1,0,0,0,1
25,1.253325,14,16,1,1,11.327098846435547,11.424485206604004,0.11280123889446259,0.10180589556694031,1,40.0,2.512880325317383,0.037880316376686096,1.0,11.989501953125,255,1,0,0,0,1
26,1.303286,64,16,1,0,11.327098846435547,11.424485206604004,0.11280123889446259,0.10180589556694031,1,40.0,2.512880325317383,0.037880316376686096,1.0,11.989501953125,255,1,0,0,0,1
27,1.353287,29,17,1,1,11.326507568359375,11.311993598937988,0.09371121972799301,0.0728517696261406,1,40.0,2.5243875980377197,0.03786255419254303,1.0,11.989501953125,255,1,0,0,0,1
28,1.403286,79,17,1,0,11.326507568359375,11.311993598937988,0.09371121972799301,0.0728517696261406,1,40.0,2.5243875980377197,0.03786255419254303,1.0,11.989501953125,255,1,0,0,0,1
29,1.453303,45,18,1,1,11.303560256958008,11.260929107666016,0.018153652548789978,-0.012373901903629303,1,40.0,2.5717875957489014,0.03717412054538727,1.0,11.989501953125,255,1,0,0,0,1
30,1.503287,14,19,1,1,11.376349449157715,11.475674629211426,0.20426054298877716,0.18293559551239014,1,40.0,2.4535722732543945,0.039357855916023254,1.0,11.989501953125,255,1,0,0,0,1
31,1.553287,64,19,1,0,11.376349449157715,11.475674629211426,0.20426054298877716,0.18293559551239014,1,40.0,2.4535722732543945,0.039357855916023254,1.0,11.989501953125,255,1,0,0,0,1
32,1.603287,28,20,1,1,11.372668266296387,11.342707633972168,0.16235443949699402,0.12277387082576752,1,40.0,2.4790472984313965,0.039247408509254456,1.0,11.989501953125,255,1,0,0,0,1
33,1.653299,78,20,1,0,11.372668266296387,11.342707633972168,0.16235443949699402,0.12277387082576752,1,40.0,2.4790472984313965,0.039247408509254456,1.0,11.989501953125,255,1,0,0,0,1
34,1.703303,45,21,1,1,11.424091339111328,11.475674629211426,0.2710120379924774,0.22555764019489288,1,40.0,2.40922474861145,0.040790095925331116,1.0,11.989501953125,255,1,0,0,0,1
35,1.753293,14,22,1,1,11.428915977478027,11.404009819030762,0.24247267842292786,0.1766730695962906,1,40.0,2.4259138107299805,0.040934816002845764,1.0,11.989501953125,255,1,0,0,0,1
36,1.803286,64,22,1,0,11.428915977478027,11.404009819030762,0.24247267842292786,0.1766730695962906,1,40.0,2.4259138107299805,0.040934816002845764,1.0,11.989501953125,255,1,0,0,0,1
37,1.853287,29,23,1,1,11.400611877441406,11.33246898651123,0.12731219828128815,0.04072070121765137,1,40.0,2.4975576400756836,0.04008568823337555,1.0,11.989501953125,255,1,0,0,0,1
38,1.903286,79,23,1,0,11.400611877441406,11.33246898651123,0.12731219828128815,0.04072070121765137,1,40.0,2.4975576400756836,0.04008568823337555,1.0,11.989501953125,255,1,0,0,0,1
39,1.953292,43,24,1,1,11.391127586364746,11.36318302154541,0.0767097920179367,-0.015758905559778214,1,40.0,2.5287725925445557,0.03980119526386261,1.0,11.989501953125,255,1,0,0,0,1
40,2.003288,12,25,1,1,11.335816383361816,11.250691413879395,-0.08556454628705978,-0.1838531345129013,1,40.0,2.631115436553955,0.038141801953315735,1.0,11.989501953125,255,1,0,0,0,1
41,2.05329,62,25,1,0,11.335816383361816,11.250691413879395,-0.08556454628705978,-0.1838531345129013,1,40.0,2.631115436553955,0.038141801953315735,1.0,11.989501953125,255,1,0,0,0,1
42,2.103287,25,26,1,1,11.290663719177246,11.240453720092773,-0.19876623153686523,-0.2853131592273712,1,40.0,2.7031002044677734,0.03678728640079498,1.0,11.989501953125,255,1,0,0,0,1
43,2.153286,75,26,1,0,11.290663719177246,11.240453720092773,-0.19876623153686523,-0.2853131592273712,1,40.0,2.7031002044677734,0.03678728640079498,1.0,11.989501953125,255,1,0,0,0,1
44,2.203301,45,27,1,1,11.311197280883789,11.36318302154541,-0.12389601022005081,-0.18331488966941833,1,40.0,2.656330108642578,0.03740324079990387,1.0,11.989501953125,255,1,0,0,0,1
45,2.253297,14,28,1,1,11.335124969482422,11.383658409118652,-0.04824637621641159,-0.08878471702337265,1,40.0,2.6087865829467773,0.0381210595369339,1.0,11.989501953125,255,1,0,0,0,1
46,2.303289,64,28,1,0,11.335124969482422,11.383658409118652,-0.04824637621641159,-0.08878471702337265,1,40.0,2.6087865829467773,0.0381210595369339,1.0,11.989501953125,255,1,0,0,0,1
47,2.353287,29,29,1,1,11.357251167297363,11.393896102905273,0.013979680836200714,-0.015917815268039703,1,40.0,2.5694596767425537,0.03878481686115265,1.0,11.989501953125,255,1,0,0,0,1
48,2.403286,79,29,1,0,11.357251167297363,11.393896102905273,0.013979680836200714,-0.015917815268039703,1,40.0,2.5694596767425537,0.03878481686115265,1.0,11.989501953125,255,1,0,0,0,1
49,2.453305,45,30,1,1,11.32590103149414,11.281280517578125,-0.07268436998128891,-0.10499268770217896,1,40.0,2.624279499053955,0.037844374775886536,1.0,11.989501953125,255,1,0,0,0,1
50,2.503287,13,31,1,1,11.363554000854492,11.424485206604004,0.03406582027673721,0.015430338680744171,1,40.0,2.5568408966064453,0.03897394239902496,1.0,11.989501953125,255,1,0,0,0,1
51,2.553296,63,31,1,0,11.363554000854492,11.424485206604004,0.03406582027673721,0.015430338680744171,1,40.0,2.5568408966064453,0.03897394239902496,1.0,11.989501953125,255,1,0,0,0,1
52,2.603287,28,32,1,1,11.40823745727539,11.465435981750488,0.14502963423728943,0.12987226247787476,1,40.0,2.486240863800049,0.0403144508600235,1.0,11.989501953125,255,1,0,0,0,1
53,2.653311,78,32,1,0,11.40823745727539,11.465435981750488,0.14502963423728943,0.12987226247787476,1,40.0,2.486240863800049,0.0403144508600235,1.0,11.989501953125,255,1,0,0,0,1
54,2.703299,45,33,1,1,11.478246688842773,11.557452201843262,0.3067394495010376,0.2873900532722473,1,40.0,2.3829143047332764,0.04241473972797394,1.0,11.989501953125,255,1,0,0,0,1
55,2.753291,14,34,1,1,11.53488540649414,11.577927589416504,0.4108465909957886,0.37177854776382446,1,40.0,2.315352439880371,0.044113889336586,1.0,11.989501953125,255,1,0,0,0,1
56,2.803286,64,34,1,0,11.53488540649414,11.577927589416504,0.4108465909957886,0.37177854776382446,1,40.0,2.315352439880371,0.044113889336586,1.0,11.989501953125,255,1,0,0,0,1
57,2.853287,28,35,1,1,11.56562328338623,11.557452201843262,0.42712652683258057,0.3553970158100128,1,40.0,2.3028180599212646,0.04503603279590607,1.0,11.989501953125,255,1,0,0,0,1
58,2.903286,78,35,1,0,11.56562328338623,11.557452201843262,0.42712652683258057,0.3553970158100128,1,40.0,2.3028180599212646,0.04503603279590607,1.0,11.989501953125,255,1,0,0,0,1
59,2.953297,45,36,1,1,11.544690132141113,11.465435981750488,0.3054536283016205,0.19760695099830627,1,40.0,2.3777060508728027,0.044407978653907776,1.0,11.989501953125,255,1,0,0,0,1
60,3.003289,14,37,1,1,11.530655860900879,11.475674629211426,0.21816301345825195,0.08974911272525787,1,40.0,2.4313433170318604,0.04398699104785919,1.0,11.989501953125,255,1,0,0,0,1
61,3.053302,64,37,1,0,11.530655860900879,11.475674629211426,0.21816301345825195,0.08974911272525787,1,40.0,2.4313433170318604,0.04398699104785919,1.0,11.989501953125,255,1,0,0,0,1
62,3.103288,28,38,1,1,11.527116775512695,11.496150016784668,0.16639451682567596,0.02764710783958435,1,40.0,2.4627227783203125,0.04388083517551422,1.0,11.989501953125,255,1,0,0,0,1
63,3.153286,78,38,1,0,11.527116775512695,11.496150016784668,0.16639451682567596,0.02764710783958435,1,40.0,2.4627227783203125,0.04388083517551422,1.0,11.989501953125,255,1,0,0,0,1
64,3.20331,44,39,1,1,11.56102466583252,11.588165283203125,0.22078374028205872,0.08198978006839752,1,40.0,2.4270377159118652,0.04489804804325104,1.0,11.989501953125,255,1,0,0,0,1
65,3.253306,11,40,1,1,11.596148490905762,11.618879318237305,0.27088963985443115,0.1271846890449524,1,40.0,2.393812894821167,0.04595179855823517,1.0,11.989501953125,255,1,0,0,0,1
66,3.303336,61,40,1,0,11.596148490905762,11.618879318237305,0.27088963985443115,0.1271846890449524,1,40.0,2.393812894821167,0.04595179855823517,1.0,11.989501953125,255,1,0,0,0,1
67,3.353287,26,41,1,1,11.493952751159668,11.32223129272461,-0.048029303550720215,-0.21692520380020142,1,40.0,2.5943620204925537,0.0428859144449234,1.0,11.968563079833984,255,1,0,0,0,1
68,3.403311,76,41,1,0,11.493952751159668,11.32223129272461,-0.048029303550720215,-0.21692520380020142,1,40.0,2.5943620204925537,0.0428859144449234,1.0,11.968563079833984,255,1,0,0,0,1
69,3.453298,45,42,1,1,11.423710823059082,11.33246898651123,-0.2374059408903122,-0.3962734639644623,1,40.0,2.7143099308013916,0.04077865183353424,1.0,11.968563079833984,255,1,0,0,0,1
70,3.503287,13,43,1,1,11.360685348510742,11.301755905151367,-0.38053786754608154,-0.511806070804596,1,40.0,2.805861234664917,0.0388878732919693,1.0,11.968563079833984,255,1,0,0,0,1
71,3.553287,63,43,1,0,11.360685348510742,11.301755905151367,-0.38053786754608154,-0.511806070804596,1,40.0,2.805861234664917,0.0388878732919693,1.0,11.968563079833984,255,1,0,0,0,1
72,3.603291,28,44,1,1,11.346242904663086,11.373420715332031,-0.3721452057361603,-0.45762571692466736,1,40.0,2.8021254539489746,0.038454607129096985,1.0,11.968563079833984,255,1,0,0,0,1
73,3.653305,78,44,1,0,11.346242904663086,11.373420715332031,-0.3721452057361603,-0.45762571692466736,1,40.0,2.8021254539489746,0.038454607129096985,1.0,11.968563079833984,255,1,0,0,0,1
74,3.703305,45,45,1,1,11.433391571044922,11.598402976989746,-0.09614905714988708,-0.12988954782485962,1,40.0,2.6286842823028564,0.04106910526752472,1.0,11.968563079833984,255,1,0,0,0,1
75,3.753296,14,46,1,1,11.493193626403809,11.588165283203125,0.07163539528846741,0.056269362568855286,1,40.0,2.5226314067840576,0.0428631454706192,1.0,11.968563079833984,255,1,0,0,0,1
76,3.803286,64,46,1,0,11.493193626403809,11.588165283203125,0.07163539528846741,0.056269362568855286,1,40.0,2.5226314067840576,0.0428631454706192,1.0,11.968563079833984,255,1,0,0,0,1
77,3.853292,29,47,1,1,11.519573211669922,11.54721450805664,0.129218190908432,0.11138691008090973,1,40.0,2.4857077598571777,0.04365451633930206,1.0,11.968563079833984,255,1,0,0,0,1
78,3.903286,79,47,1,0,11.519573211669922,11.54721450805664,0.129218190908432,0.11138691008090973,1,40.0,2.4857077598571777,0.04365451633930206,1.0,11.968563079833984,255,1,0,0,0,1
79,3.953305,45,48,1,1,11.490309715270996,11.434722900390625,0.0321500226855278,0.00031576305627822876,1,40.0,2.5465822219848633,0.04277665913105011,1.0,11.968563079833984,255,1,0,0,0,1
80,4.003287,14,49,1,1,11.451523780822754,11.393896102905273,-0.07632297277450562,-0.11295125633478165,1,40.0,2.615156888961792,0.04161299765110016,1.0,11.968563079833984,255,1,0,0,0,1
81,4.053287,64,49,1,0,11.451523780822754,11.393896102905273,-0.07632297277450562,-0.11295125633478165,1,40.0,2.615156888961792,0.04161299765110016,1.0,11.968563079833984,255,1,0,0,0,1
82,4.103287,28,50,1,1,11.427417755126953,11.404009819030762,-0.1310497224330902,-0.15993520617485046,1,40.0,2.6501622200012207,0.04088987410068512,1.0,11.968563079833984,255,1,0,0,0,1
83,4.153286,78,50,1,0,11.427417755126953,11.404009819030762,-0.1310497224330902,-0.15993520617485046,1,40.0,2.6501622200012207,0.04088987410068512,1.0,11.968563079833984,255,1,0,0,0,1
84,4.203299,45,51,1,1,11.540165901184082,11.710894584655762,0.18147973716259003,0.180122971534729,1,40.0,2.4524972438812256,0.04427225887775421,1.0,11.968563079833984,255,1,0,0,0,1
85,4.253286,14,52,1,1,11.590498924255371,11.639354705810547,0.28786736726760864,0.2759753465652466,1,40.0,2.3841347694396973,0.04578234255313873,1.0,11.968563079833984,255,1,0,0,0,1
86,4.303286,64,52,1,0,11.590498924255371,11.639354705810547,0.28786736726760864,0.2759753465652466,1,40.0,2.3841347694396973,0.04578234255313873,1.0,11.968563079833984,255,1,0,0,0,1
87,4.353287,28,53,1,1,11.543933868408203,11.444960594177246,0.12148511409759521,0.07749181985855103,1,40.0,2.4881551265716553,0.04438532888889313,1.0,11.968563079833984,255,1,0,0,0,1
88,4.403286,78,53,1,0,11.543933868408203,11.444960594177246,0.12148511409759521,0.07749181985855103,1,40.0,2.4881551265716553,0.04438532888889313,1.0,11.968563079833984,255,1,0,0,0,1
89,4.453296,43,54,1,1,11.534147262573242,11.506387710571289,0.07451771199703217,0.02160085365176201,1,40.0,2.517216205596924,0.04409177601337433,1.0,11.968563079833984,255,1,0,0,0,1
90,4.503287,11,55,1,1,11.513161659240723,11.475674629211426,0.005125805735588074,-0.052676353603601456,1,40.0,2.5607399940490723,0.04346217215061188,1.0,11.968563079833984,255,1,0,0,0,1
91,4.553287,61,55,1,0,11.513161659240723,11.475674629211426,0.005125805735588074,-0.052676353603601456,1,40.0,2.5607399940490723,0.04346217215061188,1.0,11.968563079833984,255,1,0,0,0,1
92,4.603287,25,56,1,1,11.432445526123047,11.32223129272461,-0.21184717118740082,-0.27437257766723633,1,40.0,2.698188304901123,0.04104067385196686,1.0,12.002065658569336,255,1,0,0,0,1
93,4.653305,75,56,1,0,11.432445526123047,11.32223129272461,-0.21184717118740082,-0.27437257766723633,1,40.0,2.698188304901123,0.04104067385196686,1.0,12.002065658569336,255,1,0,0,0,1
94,4.703287,42,57,1,1,11.543379783630371,11.721132278442383,0.10444179177284241,0.07944634556770325,1,40.0,2.4984309673309326,0.04436875879764557,1.0,12.002065658569336,255,1,0,0,0,1
95,4.753297,8,58,1,1,11.524394035339355,11.485912322998047,0.03766670823097229,0.002802543342113495,1,40.0,2.5402045249938965,0.043799176812171936,1.0,12.002065658569336,255,1,0,0,0,1
96,4.803286,58,58,1,0,11.524394035339355,11.485912322998047,0.03766670823097229,0.002802543342113495,1,40.0,2.5402045249938965,0.043799176812171936,1.0,12.002065658569336,255,1,0,0,0,1
97,4.853287,26,59,1,1,11.518649101257324,11.506387710571289,0.014752238988876343,-0.021352402865886688,1,40.0,2.5544703006744385,0.04362685978412628,1.0,12.002065658569336,255,1,0,0,0,1
98,4.903286,76,59,1,0,11.518649101257324,11.506387710571289,0.014752238988876343,-0.021352402865886688,1,40.0,2.5544703006744385,0.04362685978412628,1.0,12.002065658569336,255,1,0,0,0,1
99,4.953296,45,60,1,1,11.505672454833984,11.485912322998047,-0.0238894484937191,-0.05988895520567894,1,40.0,2.5788233280181885,0.04323752224445343,1.0,12.002065658569336,255,1,0,0,0,1
100,5.003334,14,61,1,1,11.504722595214844,11.506387710571289,-0.025642041116952896,-0.056653279811143875,1,40.0,2.5799601078033447,0.04320903122425079,1.0,12.002065658569336,255,1,0,0,0,1
101,5.053292,64,61,1,0,11.504722595214844,11.506387710571289,-0.025642041116952896,-0.056653279811143875,1,40.0,2.5799601078033447,0.04320903122425079,1.0,12.002065658569336,255,1,0,0,0,1
102,5.103342,28,62,1,1,11.448031425476074,11.373420715332031,-0.17339809238910675,-0.2057955414056778,1,40.0,2.6737160682678223,0.0415082722902298,1.0,12.014628410339355,255,1,0,0,0,1
103,5.153286,78,62,1,0,11.448031425476074,11.373420715332031,-0.17339809238910675,-0.2057955414056778,1,40.0,2.6737160682678223,0.0415082722902298,1.0,12.014628410339355,255,1,0,0,0,1
104,5.203312,45,63,1,1,11.536906242370605,11.680181503295898,0.08278000354766846,0.07933734357357025,1,40.0,2.512010335922241,0.044174566864967346,1.0,12.014628410339355,255,1,0,0,0,1
105,5.253287,13,64,1,1,11.558187484741211,11.577927589416504,0.12662187218666077,0.11830052733421326,1,40.0,2.483790159225464,0.04481293261051178,1.0,12.014628410339355,255,1,0,0,0,1
106,5.303286,63,64,1,0,11.558187484741211,11.577927589416504,0.12662187218666077,0.11830052733421326,1,40.0,2.483790159225464,0.04481293261051178,1.0,12.014628410339355,255,1,0,0,0,1
107,5.353312,28,65,1,1,11.465154647827148,11.32223129272461,-0.13725951313972473,-0.16755411028862,1,40.0,2.650491952896118,0.042021945118904114,1.0,12.014628410339355,255,1,0,0,0,1
108,5.403286,78,65,1,0,11.465154647827148,11.32223129272461,-0.13725951313972473,-0.16755411028862,1,40.0,2.650491952896118,0.042021945118904114,1.0,12.014628410339355,255,1,0,0,0,1
109,5.453326,45,66,1,1,11.458338737487793,11.465435981750488,-0.13764028251171112,-0.15343819558620453,1,40.0,2.6513335704803467,0.041817501187324524,1.0,12.014628410339355,255,1,0,0,0,1
110,5.503287,14,67,1,1,11.416097640991211,11.373420715332031,-0.23023515939712524,-0.23714053630828857,1,40.0,2.7106924057006836,0.040550246834754944,1.0,12.014628410339355,255,1,0,0,0,1
111,5.553308,64,67,1,0,11.416097640991211,11.373420715332031,-0.23023515939712524,-0.23714053630828857,1,40.0,2.7106924057006836,0.040550246834754944,1.0,12.014628410339355,255,1,0,0,0,1
112,5.603287,28,68,1,1,11.43362808227539,11.485912322998047,-0.15017753839492798,-0.13226553797721863,1,40.0,2.6610801219940186,0.04107619822025299,1.0,12.014628410339355,255,1,0,0,0,1
113,5.653301,78,68,1,0,11.43362808227539,11.485912322998047,-0.15017753839492798,-0.13226553797721863,1,40.0,2.6610801219940186,0.04107619822025299,1.0,12.014628410339355,255,1,0,0,0,1
114,5.703303,44,69,1,1,11.461114883422852,11.51662540435791,-0.05476459860801697,-0.021068856120109558,1,40.0,2.601358652114868,0.041900768876075745,1.0,12.014628410339355,255,1,0,0,0,1
115,5.753286,14,70,1,1,11.515775680541992,11.598402976989746,0.09831442683935165,0.14056167006492615,1,40.0,2.504591703414917,0.04354061186313629,1.0,12.014628410339355,255,1,0,0,0,1
116,5.803286,64,70,1,0,11.515775680541992,11.598402976989746,0.09831442683935165,0.14056167006492615,1,40.0,2.504591703414917,0.04354061186313629,1.0,12.014628410339355,255,1,0,0,0,1
117,5.853286,32,71,1,1,11.525321960449219,11.526738166809082,0.11249499768018723,0.14333514869213104,1,40.0,2.4952239990234375,0.04382701218128204,1.0,12.014628410339355,255,1,0,0,0,1
118,5.903286,82,71,1,0,11.525321960449219,11.526738166809082,0.11249499768018723,0.14333514869213104,1,40.0,2.4952239990234375,0.04382701218128204,1.0,12.014628410339355,255,1,0,0,0,1
119,5.953294,45,72,1,1,11.514599800109863,11.485912322998047,0.06953610479831696,0.08545012027025223,1,40.0,2.5219645500183105,0.043505266308784485,1.0,12.014628410339355,255,1,0,0,0,1
120,6.003295,14,73,1,1,11.544570922851562,11.577927589416504,0.13957490026950836,0.15136319398880005,1,40.0,2.477243661880493,0.04440446197986603,1.0,12.014628410339355,255,1,0,0,0,1
121,6.053287,64,73,1,0,11.544570922851562,11.577927589416504,0.13957490026950836,0.15136319398880005,1,40.0,2.477243661880493,0.04440446197986603,1.0,12.014628410339355,255,1,0,0,0,1
122,6.103287,32,74,1,1,11.497060775756836,11.414247512817383,-0.004040539264678955,-0.011616259813308716,1,40.0,2.5676889419555664,0.04297913610935211,1.0,12.014628410339355,255,1,0,0,0,1
123,6.153286,82,74,1,0,11.497060775756836,11.414247512817383,-0.004040539264678955,-0.011616259813308716,1,40.0,2.5676889419555664,0.04297913610935211,1.0,12.014628410339355,255,1,0,0,0,1
124,6.203286,46,75,1,1,11.608821868896484,11.762084007263184,0.29000017046928406,0.2964736521244049,1,40.0,2.3812060356140137,0.04633195698261261,1.0,12.014628410339355,255,1,0,0,0,1
125,6.253287,15,76,1,1,11.605825424194336,11.567689895629883,0.2419929802417755,0.2212579995393753,1,40.0,2.4102799892425537,0.04624207317829132,1.0,12.014628410339355,255,1,0,0,0,1
126,6.303286,65,76,1,0,11.605825424194336,11.567689895629883,0.2419929802417755,0.2212579995393753,1,40.0,2.4102799892425537,0.04624207317829132,1.0,12.014628410339355,255,1,0,0,0,1
127,6.353289,35,77,1,1,11.542272567749023,11.424485206604004,0.04050455987453461,-0.007774904370307922,1,40.0,2.536892890930176,0.0443354994058609,1.0,12.014628410339355,255,1,0,0,0,1
128,6.403339,4,78,1,1,11.554718971252441,11.567689895629883,0.06401523947715759,0.01746039092540741,1,40.0,2.5216662883758545,0.04470886290073395,1.0,12.014628410339355,255,1,0,0,0,1
129,6.453286,54,78,1,0,11.554718971252441,11.567689895629883,0.06401523947715759,0.01746039092540741,1,40.0,2.5216662883758545,0.04470886290073395,1.0,12.014628410339355,255,1,0,0,0,1
130,6.503287,23,79,1,1,11.512275695800781,11.444960594177246,-0.06003306061029434,-0.1137227714061737,1,40.0,2.599915027618408,0.04343558847904205,1.0,12.014628410339355,255,1,0,0,0,1
131,6.553294,73,79,1,0,11.512275695800781,11.444960594177246,-0.06003306061029434,-0.1137227714061737,1,40.0,2.599915027618408,0.04343558847904205,1.0,12.014628410339355,255,1,0,0,0,1
132,6.603287,40,80,1,1,11.468233108520508,11.414247512817383,-0.17144626379013062,-0.22033506631851196,1,40.0,2.670727014541626,0.04211433231830597,1.0,12.014628410339355,255,1,0,0,0,1
133,6.653303,7,81,1,1,11.514044761657715,11.598402976989746,-0.029356107115745544,-0.0526939332485199,1,40.0,2.5813496112823486,0.043488696217536926,1.0,12.014628410339355,255,1,0,0,0,1
134,6.703286,57,81,1,0,11.514044761657715,11.598402976989746,-0.029356107115745544,-0.0526939332485199,1,40.0,2.5813496112823486,0.043488696217536926,1.0,12.014628410339355,255,1,0,0,0,1
135,6.753287,26,82,1,1,11.522122383117676,11.53697681427002,-0.005636582151055336,-0.023432929068803787,1,40.0,2.5663912296295166,0.04373098909854889,1.0,12.014628410339355,255,1,0,0,0,1
136,6.803286,76,82,1,0,11.522122383117676,11.53697681427002,-0.005636582151055336,-0.023432929068803787,1,40.0,2.5663912296295166,0.04373098909854889,1.0,12.014628410339355,255,1,0,0,0,1
137,6.8533,45,83,1,1,11.557806015014648,11.608641624450684,0.08783464133739471,0.07631760835647583,1,40.0,2.507096767425537,0.044801488518714905,1.0,12.014628410339355,255,1,0,0,0,1
138,6.903287,14,84,1,1,11.532236099243164,11.485912322998047,0.007244043052196503,-0.014481671154499054,1,40.0,2.5577523708343506,0.0440344363451004,1.0,12.014628410339355,255,1,0,0,0,1
139,6.953287,64,84,1,0,11.532236099243164,11.485912322998047,0.007244043052196503,-0.014481671154499054,1,40.0,2.5577523708343506,0.0440344363451004,1.0,12.014628410339355,255,1,0,0,0,1
140,7.003287,33,85,1,1,11.432570457458496,11.291518211364746,-0.2581252455711365,-0.2910470962524414,1,40.0,2.7259440422058105,0.04104448854923248,1.0,12.014628410339355,255,1,0,0,0,1
141,7.053308,83,85,1,0,11.432570457458496,11.291518211364746,-0.2581252455711365,-0.2910470962524414,1,40.0,2.7259440422058105,0.04104448854923248,1.0,12.014628410339355,255,1,0,0,0,1
142,7.103286,51,86,1,1,11.446138381958008,11.496150016784668,-0.1877174973487854,-0.19233998656272888,1,40.0,2.682478189468384,0.04145146906375885,1.0,12.014628410339355,255,1,0,0,0,1
143,7.153354,18,87,1,1,11.487576484680176,11.567689895629883,-0.05130051076412201,-0.03279593586921692,1,40.0,2.5968985557556152,0.0426945835351944,1.0,12.014628410339355,255,1,0,0,0,1
144,7.203286,68,87,1,0,11.487576484680176,11.567689895629883,-0.05130051076412201,-0.03279593586921692,1,40.0,2.5968985557556152,0.0426945835351944,1.0,12.014628410339355,255,1,0,0,0,1
145,7.253286,37,88,1,1,11.531315803527832,11.598402976989746,0.07266268134117126,0.0998021811246872,1,40.0,2.5185840129852295,0.04400677978992462,1.0,12.014628410339355,255,1,0,0,0,1
146,7.303286,5,89,1,1,11.614230155944824,11.721132278442383,0.28301680088043213,0.31156405806541443,1,40.0,2.384909152984619,0.046494260430336,1.0,12.014628410339355,255,1,0,0,0,1
147,7.353303,55,89,1,0,11.614230155944824,11.721132278442383,0.28301680088043213,0.31156405806541443,1,40.0,2.384909152984619,0.046494260430336,1.0,12.014628410339355,255,1,0,0,0,1
148,7.403295,24,90,1,1,11.544921875,11.414247512817383,0.06230945885181427,0.05388069152832031,1,40.0,2.523571491241455,0.04441501200199127,1.0,12.014628410339355,255,1,0,0,0,1
149,7.453286,74,90,1,0,11.544921875,11.414247512817383,0.06230945885181427,0.05388069152832031,1,40.0,2.523571491241455,0.04441501200199127,1.0,12.014628410339355,255,1,0,0,0,1
150,7.503342,42,91,1,1,11.523387908935547,11.485912322998047,-0.0040731653571128845,-0.02031055837869644,1,40.0,2.5653390884399414,0.04376895725727081,1.0,12.014628410339355,255,1,0,0,0,1
151,7.553288,11,92,1,1,11.524551391601562,11.526738166809082,-0.0016023898497223854,-0.015996836125850677,1,40.0,2.5637519359588623,0.04380388557910919,1.0,12.014628410339355,255,1,0,0,0,1
152,7.603328,61,92,1,0,11.524551391601562,11.526738166809082,-0.0016023898497223854,-0.015996836125850677,1,40.0,2.5637519359588623,0.04380388557910919,1.0,12.014628410339355,255,1,0,0,0,1
153,7.653306,27,93,1,1,11.482440948486328,11.424485206604004,-0.11374698579311371,-0.13209611177444458,1,40.0,2.634828805923462,0.04254056513309479,1.0,12.014628410339355,255,1,0,0,0,1
154,7.703309,77,93,1,0,11.482440948486328,11.424485206604004,-0.11374698579311371,-0.13209611177444458,1,40.0,2.634828805923462,0.04254056513309479,1.0,12.014628410339355,255,1,0,0,0,1
155,7.753296,46,94,1,1,11.555140495300293,11.669943809509277,0.09275325387716293,0.09549030661582947,1,40.0,2.504385471343994,0.044721558690071106,1.0,12.014628410339355,255,1,0,0,0,1
156,7.803286,14,95,1,1,11.586385726928711,11.618879318237305,0.162094846367836,0.15994715690612793,1,40.0,2.4599685668945312,0.0456589013338089,1.0,12.014628410339355,255,1,0,0,0,1
157,7.853286,64,95,1,0,11.586385726928711,11.618879318237305,0.162094846367836,0.15994715690612793,1,40.0,2.4599685668945312,0.0456589013338089,1.0,12.014628410339355,255,1,0,0,0,1
158,7.90329,33,96,1,1,11.526907920837402,11.424485206604004,-0.017772048711776733,-0.04213602840900421,1,40.0,2.5732414722442627,0.043874576687812805,1.0,12.014628410339355,255,1,0,0,0,1
159,7.953292,83,96,1,0,11.526907920837402,11.424485206604004,-0.017772048711776733,-0.04213602840900421,1,40.0,2.5732414722442627,0.043874576687812805,1.0,12.014628410339355,255,1,0,0,0,1
160,8.003286,52,97,1,1,11.538691520690918,11.557452201843262,0.014052968472242355,-0.0052004531025886536,1,40.0,2.553086042404175,0.04422809183597565,1.0,12.014628410339355,255,1,0,0,0,1
161,8.053287,18,98,1,1,11.500045776367188,11.444960594177246,-0.0915941372513771,-0.11544471979141235,1,40.0,2.619952440261841,0.043068721890449524,1.0,12.014628410339355,255,1,0,0,0,1
162,8.103286,68,98,1,0,11.500045776367188,11.444960594177246,-0.0915941372513771,-0.11544471979141235,1,40.0,2.619952440261841,0.043068721890449524,1.0,11.985315322875977,255,1,0,0,0,1
163,8.153286,32,99,1,1,11.528285026550293,11.577927589416504,-0.004907563328742981,-0.014285162091255188,1,40.0,2.565398931503296,0.04391588270664215,1.0,11.985315322875977,255,1,0,0,0,1
164,8.203286,82,99,1,0,11.528285026550293,11.577927589416504,-0.004907563328742981,-0.014285162091255188,1,40.0,2.565398931503296,0.04391588270664215,1.0,11.985315322875977,255,1,0,0,0,1
165,8.253296,47,100,1,1,11.57956314086914,11.649592399597168,0.13032172620296478,0.12848803400993347,1,40.0,2.4796464443206787,0.04545421898365021,1.0,11.985315322875977,255,1,0,0,0,1
166,8.303289,16,101,1,1,11.649690628051758,11.731369972229004,0.29603540897369385,0.291025310754776,1,40.0,2.3739066123962402,0.047558024525642395,1.0,11.985315322875977,255,1,0,0,0,1
167,8.353286,66,101,1,0,11.649690628051758,11.731369972229004,0.29603540897369385,0.291025310754776,1,40.0,2.3739066123962402,0.047558024525642395,1.0,11.985315322875977,255,1,0,0,0,1
168,8.403287,32,102,1,1,11.56553840637207,11.414247512817383,0.031251102685928345,-0.011689215898513794,1,40.0,2.540350914001465,0.045033469796180725,1.0,11.985315322875977,255,1,0,0,0,1
169,8.453286,82,102,1,0,11.56553840637207,11.414247512817383,0.031251102685928345,-0.011689215898513794,1,40.0,2.540350914001465,0.045033469796180725,1.0,11.985315322875977,255,1,0,0,0,1
170,8.503286,47,103,1,1,11.576617240905762,11.588165283203125,0.05251700058579445,0.01159951463341713,1,40.0,2.526594400405884,0.04536588490009308,1.0,11.985315322875977,255,1,0,0,0,1
171,8.553287,14,104,1,1,11.523685455322266,11.444960594177246,-0.09702469408512115,-0.145822674036026,1,40.0,2.6210832595825195,0.04377789795398712,1.0,11.985315322875977,255,1,0,0,0,1
172,8.603289,64,104,1,0,11.523685455322266,11.444960594177246,-0.09702469408512115,-0.145822674036026,1,40.0,2.6210832595825195,0.04377789795398712,1.0,11.985315322875977,255,1,0,0,0,1
173,8.653303,27,105,1,1,11.576406478881836,11.65970516204834,0.0525207445025444,0.0237400084733963,1,40.0,2.526611089706421,0.04535950720310211,1.0,11.985315322875977,255,1,0,0,0,1
174,8.703286,77,105,1,0,11.576406478881836,11.65970516204834,0.0525207445025444,0.0237400084733963,1,40.0,2.526611089706421,0.04535950720310211,1.0,11.985315322875977,255,1,0,0,0,1
175,8.753297,46,106,1,1,11.635409355163574,11.710894584655762,0.19757457077503204,0.17331956326961517,1,40.0,2.4342684745788574,0.04712964594364166,1.0,11.985315322875977,255,1,0,0,0,1
176,8.803286,15,107,1,1,11.706380844116211,11.782434463500977,0.35401302576065063,0.3221668303012848,1,40.0,2.3340179920196533,0.04925878345966339,1.0,11.985315322875977,255,1,0,0,0,1
177,8.853286,65,107,1,0,11.706380844116211,11.782434463500977,0.35401302576065063,0.3221668303012848,1,40.0,2.3340179920196533,0.04925878345966339,1.0,11.985315322875977,255,1,0,0,0,1
178,8.903287,32,108,1,1,11.619119644165039,11.455198287963867,0.07173678278923035,-0.000802159309387207,1,40.0,2.511237144470215,0.046640947461128235,1.0,11.985315322875977,255,1,0,0,0,1
179,8.953292,82,108,1,0,11.619119644165039,11.455198287963867,0.07173678278923035,-0.000802159309387207,1,40.0,2.511237144470215,0.046640947461128235,1.0,11.985315322875977,255,1,0,0,0,1
180,9.003286,48,109,1,1,11.622511863708496,11.618879318237305,0.06475360691547394,-0.008026659488677979,1,40.0,2.5151216983795166,0.04674269258975983,1.0,11.985315322875977,255,1,0,0,0,1
181,9.053287,16,110,1,1,11.576972961425781,11.506387710571289,-0.06935830414295197,-0.14739979803562164,1,40.0,2.5996875762939453,0.0453764945268631,1.0,11.985315322875977,255,1,0,0,0,1
182,9.103286,66,110,1,0,11.576972961425781,11.506387710571289,-0.06935830414295197,-0.14739979803562164,1,40.0,2.5996875762939453,0.0453764945268631,1.0,11.985315322875977,255,1,0,0,0,1
183,9.153287,32,111,1,1,11.59521484375,11.629117012023926,-0.017109312117099762,-0.07992369681596756,1,40.0,2.5666964054107666,0.045923784375190735,1.0,11.985315322875977,255,1,0,0,0,1
184,9.203288,82,111,1,0,11.59521484375,11.629117012023926,-0.017109312117099762,-0.07992369681596756,1,40.0,2.5666964054107666,0.045923784375190735,1.0,11.985315322875977,255,1,0,0,0,1
185,9.25329,48,112,1,1,11.569683074951172,11.53697681427002,-0.08639971911907196,-0.14523622393608093,1,40.0,2.6105685234069824,0.04515780508518219,1.0,11.985315322875977,255,1,0,0,0,1
186,9.303362,15,113,1,1,11.646137237548828,11.762084007263184,0.12236334383487701,0.08522641658782959,1,40.0,2.4784297943115234,0.047451451420784,1.0,11.985315322875977,255,1,0,0,0,1
187,9.353286,65,113,1,0,11.646137237548828,11.762084007263184,0.12236334383487701,0.08522641658782959,1,40.0,2.4784297943115234,0.047451451420784,1.0,12.05650520324707,255,1,0,0,0,1
188,9.403294,32,114,1,1,11.584909439086914,11.485912322998047,-0.058635368943214417,-0.11108508706092834,1,40.0,2.5925395488739014,0.045614615082740784,1.0,12.05650520324707,255,1,0,0,0,1
189,9.453287,82,114,1,0,11.584909439086914,11.485912322998047,-0.058635368943214417,-0.11108508706092834,1,40.0,2.5925395488739014,0.045614615082740784,1.0,12.05650520324707,255,1,0,0,0,1
190,9.503309,47,115,1,1,11.596141815185547,11.618879318237305,-0.024433627724647522,-0.06553401798009872,1,40.0,2.571007490158081,0.04595156013965607,1.0,12.05650520324707,255,1,0,0,0,1
191,9.55329,14,116,1,1,11.544134140014648,11.475674629211426,-0.1603512018918991,-0.20172065496444702,1,40.0,2.657238721847534,0.04439134895801544,1.0,12.05650520324707,255,1,0,0,0,1
192,9.603286,64,116,1,0,11.544134140014648,11.475674629211426,-0.1603512018918991,-0.20172065496444702,1,40.0,2.657238721847534,0.04439134895801544,1.0,12.05650520324707,255,1,0,0,0,1
193,9.653338,28,117,1,1,11.498058319091797,11.455198287963867,-0.260500967502594,-0.2881251275539398,1,40.0,2.72147536277771,0.04300905764102936,1.0,12.05650520324707,255,1,0,0,0,1
194,9.703286,78,117,1,0,11.498058319091797,11.455198287963867,-0.260500967502594,-0.2881251275539398,1,40.0,2.72147536277771,0.04300905764102936,1.0,12.05650520324707,255,1,0,0,0,1
195,9.753359,46,118,1,1,11.540210723876953,11.629117012023926,-0.11530397832393646,-0.11193065345287323,1,40.0,2.630563497543335,0.044273629784584045,1.0,12.05650520324707,255,1,0,0,0,1
196,9.803287,15,119,1,1,11.597213745117188,11.69041919708252,0.050178416073322296,0.07032638788223267,1,40.0,2.526143789291382,0.04598374664783478,1.0,12.05650520324707,255,1,0,0,0,1
197,9.853286,65,119,1,0,11.597213745117188,11.69041919708252,0.050178416073322296,0.07032638788223267,1,40.0,2.526143789291382,0.04598374664783478,1.0,12.05650520324707,255,1,0,0,0,1
198,9.903286,32,120,1,1,11.557525634765625,11.496150016784668,-0.05963170528411865,-0.05045013874769211,1,40.0,2.595601797103882,0.044793084263801575,1.0,12.05650520324707,255,1,0,0,0,1
199,9.953286,82,120,1,0,11.557525634765625,11.496150016784668,-0.05963170528411865,-0.05045013874769211,1,40.0,2.595601797103882,0.044793084263801575,1.0,12.05650520324707,255,1,0,0,0,1
200,10.003286,48,121,1,1,11.545886993408203,11.53697681427002,-0.08081898093223572,-0.06814760714769363,1,40.0,2.6093616485595703,0.044443920254707336,1.0,12.05650520324707,255,1,0,0,0,1
201,10.053287,17,122,1,1,11.51691722869873,11.485912322998047,-0.14457806944847107,-0.1289614588022232,1,40.0,2.650224447250366,0.04357488453388214,1.0,12.05650520324707,255,1,0,0,0,1
202,10.103286,67,122,1,0,11.51691722869873,11.485912322998047,-0.14457806944847107,-0.1289614588022232,1,40.0,2.650224447250366,0.04357488453388214,1.0,12.05650520324707,255,1,0,0,0,1
203,10.153295,32,123,1,1,11.462007522583008,11.404009819030762,-0.26640158891677856,-0.2446959912776947,1,40.0,2.7282605171203613,0.041927531361579895,1.0,12.05650520324707,255,1,0,0,0,1
204,10.203286,82,123,1,0,11.462007522583008,11.404009819030762,-0.26640158891677856,-0.2446959912776947,1,40.0,2.7282605171203613,0.041927531361579895,1.0,12.05650520324707,255,1,0,0,0,1
205,10.253286,48,124,1,1,11.5147066116333,11.618879318237305,-0.08738574385643005,-0.03641092777252197,1,40.0,2.616107940673828,0.043508484959602356,1.0,12.05650520324707,255,1,0,0,0,1
206,10.303287,17,125,1,1,11.562630653381348,11.639354705810547,0.05418772995471954,0.11446337401866913,1,40.0,2.526850700378418,0.04494620859622955,1.0,12.05650520324707,255,1,0,0,0,1
207,10.353286,67,125,1,0,11.562630653381348,11.639354705810547,0.05418772995471954,0.11446337401866913,1,40.0,2.526850700378418,0.04494620859622955,1.0,12.05650520324707,255,1,0,0,0,1
208,10.403286,32,126,1,1,11.597856521606445,11.639354705810547,0.1432911902666092,0.19732534885406494,1,40.0,2.4702184200286865,0.04600299894809723,1.0,12.05650520324707,255,1,0,0,0,1
209,10.453286,82,126,1,0,11.597856521606445,11.639354705810547,0.1432911902666092,0.19732534885406494,1,40.0,2.4702184200286865,0.04600299894809723,1.0,12.05650520324707,255,1,0,0,0,1
210,10.503305,47,127,1,1,11.56660270690918,11.506387710571289,0.04407964646816254,0.07627331465482712,1,40.0,2.5325582027435303,0.045065417885780334,1.0,12.05650520324707,255,1,0,0,0,1
211,10.553287,14,128,1,1,11.526251792907715,11.465435981750488,-0.06567768007516861,-0.04489336162805557,1,40.0,2.602043867111206,0.043854907155036926,1.0,12.05650520324707,255,1,0,0,0,1
212,10.603286,64,128,1,0,11.526251792907715,11.465435981750488,-0.06567768007516861,-0.04489336162805557,1,40.0,2.602043867111206,0.043854907155036926,1.0,12.05650520324707,255,1,0,0,0,1
213,10.653307,28,129,1,1,11.501452445983887,11.475674629211426,-0.11936396360397339,-0.09688863158226013,1,40.0,2.6364877223968506,0.0431109219789505,1.0,12.05650520324707,255,1,0,0,0,1
214,10.703286,78,129,1,0,11.501452445983887,11.475674629211426,-0.11936396360397339,-0.09688863158226013,1,40.0,2.6364877223968506,0.0431109219789505,1.0,12.05650520324707,255,1,0,0,0,1
215,10.753292,47,130,1,1,11.561988830566406,11.65970516204834,0.05728176236152649,0.09569767117500305,1,40.0,2.525052070617676,0.04492701590061188,1.0,12.05650520324707,255,1,0,0,0,1
216,10.803287,16,131,1,1,11.605578422546387,11.65970516204834,0.1661382019519806,0.2012932002544403,1,40.0,2.455814838409424,0.04623468220233917,1.0,12.05650520324707,255,1,0,0,0,1
217,10.853288,66,131,1,0,11.605578422546387,11.65970516204834,0.1661382019519806,0.2012932002544403,1,40.0,2.455814838409424,0.04623468220233917,1.0,12.05650520324707,255,1,0,0,0,1
218,10.903287,32,132,1,1,11.636780738830566,11.65970516204834,0.22645655274391174,0.24663123488426208,1,40.0,2.416815996170044,0.04717071354389191,1.0,12.05650520324707,255,1,0,0,0,1
219,10.953286,82,132,1,0,11.636780738830566,11.65970516204834,0.22645655274391174,0.24663123488426208,1,40.0,2.416815996170044,0.04717071354389191,1.0,12.05650520324707,255,1,0,0,0,1
220,11.003286,48,133,1,1,11.610638618469238,11.54721450805664,0.12622296810150146,0.12034815549850464,1,40.0,2.47930908203125,0.04638643562793732,1.0,12.05650520324707,255,1,0,0,0,1
221,11.053289,16,134,1,1,11.633203506469727,11.649592399597168,0.1670845001935959,0.15270556509494781,1,40.0,2.452761173248291,0.047063425183296204,1.0,12.05650520324707,255,1,0,0,0,1
222,11.103294,66,134,1,0,11.633203506469727,11.649592399597168,0.1670845001935959,0.15270556509494781,1,40.0,2.452761173248291,0.047063425183296204,1.0,12.05650520324707,255,1,0,0,0,1
223,11.153288,32,135,1,1,11.592638969421387,11.51662540435791,0.03506280481815338,0.0015001744031906128,1,40.0,2.5356249809265137,0.04584653675556183,1.0,12.05650520324707,255,1,0,0,0,1
224,11.203286,82,135,1,0,11.592638969421387,11.51662540435791,0.03506280481815338,0.0015001744031906128,1,40.0,2.5356249809265137,0.04584653675556183,1.0,12.05650520324707,255,1,0,0,0,1
225,11.253286,48,136,1,1,11.661418914794922,11.751846313476562,0.20809942483901978,0.18196621537208557,1,40.0,2.4256129264831543,0.047909870743751526,1.0,12.05650520324707,255,1,0,0,0,1
226,11.303287,17,137,1,1,11.68797492980957,11.70065689086914,0.24670153856277466,0.20687858760356903,1,40.0,2.4000613689422607,0.04870660603046417,1.0,12.05650520324707,255,1,0,0,0,1
227,11.353286,67,137,1,0,11.68797492980957,11.70065689086914,0.24670153856277466,0.20687858760356903,1,40.0,2.4000613689422607,0.04870660603046417,1.0,12.05650520324707,255,1,0,0,0,1
228,11.403287,32,138,1,1,11.692952156066895,11.669943809509277,0.2203003168106079,0.16095992922782898,1,40.0,2.415454387664795,0.04885585606098175,1.0,12.05650520324707,255,1,0,0,0,1
229,11.453297,82,138,1,0,11.692952156066895,11.669943809509277,0.2203003168106079,0.16095992922782898,1,40.0,2.415454387664795,0.04885585606098175,1.0,12.05650520324707,255,1,0,0,0,1
230,11.503286,48,139,1,1,11.65548038482666,11.577927589416504,0.08532543480396271,0.00596165657043457,1,40.0,2.4998116493225098,0.04773171246051788,1.0,12.05650520324707,255,1,0,0,0,1
231,11.553326,17,140,1,1,11.661280632019043,11.65970516204834,0.08284325897693634,0.0028657650109380484,1,40.0,2.5007786750793457,0.047905758023262024,1.0,12.05650520324707,255,1,0,0,0,1
232,11.60329,67,140,1,0,11.661280632019043,11.65970516204834,0.08284325897693634,0.0028657650109380484,1,40.0,2.5007786750793457,0.047905758023262024,1.0,12.05650520324707,255,1,0,0,0,1
233,11.653328,29,141,1,1,11.599640846252441,11.506387710571289,-0.0982479602098465,-0.18639664351940155,1,40.0,2.614981174468994,0.04605652391910553,1.0,12.05650520324707,255,1,0,0,0,1
234,11.703291,79,141,1,0,11.599640846252441,11.506387710571289,-0.0982479602098465,-0.18639664351940155,1,40.0,2.614981174468994,0.04605652391910553,1.0,12.05650520324707,255,1,0,0,0,1
235,11.753292,46,142,1,1,11.663171768188477,11.762084007263184,0.0758911520242691,0.011464744806289673,1,40.0,2.5047800540924072,0.047962501645088196,1.0,12.05650520324707,255,1,0,0,0,1
236,11.803326,15,143,1,1,11.703856468200684,11.751846313476562,0.1670834869146347,0.10569748282432556,1,40.0,2.4464030265808105,0.04918302595615387,1.0,12.05650520324707,255,1,0,0,0,1
237,11.853286,65,143,1,0,11.703856468200684,11.751846313476562,0.1670834869146347,0.10569748282432556,1,40.0,2.4464030265808105,0.04918302595615387,1.0,12.05650520324707,255,1,0,0,0,1
238,11.903324,32,144,1,1,11.706506729125977,11.69041919708252,0.14549806714057922,0.07399538159370422,1,40.0,2.459115743637085,0.04926253855228424,1.0,12.05650520324707,255,1,0,0,0,1
239,11.953286,82,144,1,0,11.706506729125977,11.69041919708252,0.14549806714057922,0.07399538159370422,1,40.0,2.459115743637085,0.04926253855228424,1.0,12.05650520324707,255,1,0,0,0,1
240,12.003286,48,145,1,1,11.646809577941895,11.54721450805664,-0.03777170181274414,-0.12385578453540802,1,40.0,2.5744504928588867,0.04747159779071808,1.0,12.05650520324707,255,1,0,0,0,1
241,12.053292,17,146,1,1,11.658716201782227,11.680181503295898,-0.007501468062400818,-0.08176840096712112,1,40.0,2.5552165508270264,0.047828808426856995,1.0,12.05650520324707,255,1,0,0,0,1
242,12.103286,67,146,1,0,11.658716201782227,11.680181503295898,-0.007501468062400818,-0.08176840096712112,1,40.0,2.5552165508270264,0.047828808426856995,1.0,12.05650520324707,255,1,0,0,0,1
243,12.153286,32,147,1,1,11.602629661560059,11.526738166809082,-0.15943659842014313,-0.2331375777721405,1,40.0,2.6514251232147217,0.04614622890949249,1.0,12.05650520324707,255,1,0,0,0,1
244,12.203286,82,147,1,0,11.602629661560059,11.526738166809082,-0.15943659842014313,-0.2331375777721405,1,40.0,2.6514251232147217,0.04614622890949249,1.0,12.05650520324707,255,1,0,0,0,1
245,12.25329,47,148,1,1,11.696328163146973,11.84386157989502,0.10486043989658356,0.06335574388504028,1,40.0,2.4844143390655518,0.04895712435245514,1.0,12.05650520324707,255,1,0,0,0,1
246,12.303287,16,149,1,1,11.681818962097168,11.649592399597168,0.04916863888502121,-0.00012949109077453613,1,40.0,2.519134998321533,0.04852195084095001,1.0,12.05650520324707,255,1,0,0,0,1
247,12.353286,66,149,1,0,11.681818962097168,11.649592399597168,0.04916863888502121,-0.00012949109077453613,1,40.0,2.519134998321533,0.04852195084095001,1.0,12.039754867553711,255,1,0,0,0,1
248,12.403291,32,150,1,1,11.636253356933594,11.567689895629883,-0.08127259463071823,-0.13628226518630981,1,40.0,2.6015007495880127,0.04715491831302643,1.0,12.039754867553711,255,1,0,0,0,1
249,12.453286,82,150,1,0,11.636253356933594,11.567689895629883,-0.08127259463071823,-0.13628226518630981,1,40.0,2.6015007495880127,0.04715491831302643,1.0,12.039754867553711,255,1,0,0,0,1
250,12.50329,47,151,1,1,11.603017807006836,11.567689895629883,-0.1607109159231186,-0.20709937810897827,1,40.0,2.6521549224853516,0.046157851815223694,1.0,12.039754867553711,255,1,0,0,0,1
251,12.553287,14,152,1,1,11.648911476135254,11.731369972229004,-0.020704850554466248,-0.043040260672569275,1,40.0,2.564020872116089,0.04753465950489044,1.0,12.039754867553711,255,1,0,0,0,1
252,12.603287,64,152,1,0,11.648911476135254,11.731369972229004,-0.020704850554466248,-0.043040260672569275,1,40.0,2.564020872116089,0.04753465950489044,1.0,12.039754867553711,255,1,0,0,0,1
253,12.653316,27,153,1,1,11.574114799499512,11.475674629211426,-0.21570876240730286,-0.2425721138715744,1,40.0,2.6877548694610596,0.045290783047676086,1.0,12.039754867553711,255,1,0,0,0,1
254,12.703286,77,153,1,0,11.574114799499512,11.475674629211426,-0.21570876240730286,-0.2425721138715744,1,40.0,2.6877548694610596,0.045290783047676086,1.0,12.039754867553711,255,1,0,0,0,1
255,12.753309,45,154,1,1,11.685598373413086,11.864336967468262,0.10455192625522614,0.11232639849185944,1,40.0,2.485564947128296,0.04863525927066803,1.0,12.039754867553711,255,1,0,0,0,1
256,12.803287,14,155,1,1,11.69703197479248,11.70065689086914,0.12044092267751694,0.11941500008106232,1,40.0,2.4750025272369385,0.04897834360599518,1.0,12.039754867553711,255,1,0,0,0,1
257,12.853286,64,155,1,0,11.69703197479248,11.70065689086914,0.12044092267751694,0.11941500008106232,1,40.0,2.4750025272369385,0.04897834360599518,1.0,12.039754867553711,255,1,0,0,0,1
258,12.903287,31,156,1,1,11.713165283203125,11.721132278442383,0.14535795152187347,0.13508279621601105,1,40.0,2.4586005210876465,0.049462273716926575,1.0,12.039754867553711,255,1,0,0,0,1
259,12.953286,81,156,1,0,11.713165283203125,11.721132278442383,0.14535795152187347,0.13508279621601105,1,40.0,2.4586005210876465,0.049462273716926575,1.0,12.039754867553711,255,1,0,0,0,1
260,13.003286,47,157,1,1,11.633683204650879,11.506387710571289,-0.08527739346027374,-0.11753104627132416,1,40.0,2.604135274887085,0.04707778990268707,1.0,12.039754867553711,255,1,0,0,0,1
261,13.053287,14,158,1,1,11.670343399047852,11.731369972229004,0.020835041999816895,0.003405250608921051,1,40.0,2.537168264389038,0.04817761480808258,1.0,12.039754867553711,255,1,0,0,0,1
262,13.103289,64,158,1,0,11.670343399047852,11.731369972229004,0.020835041999816895,0.003405250608921051,1,40.0,2.537168264389038,0.04817761480808258,1.0,12.039754867553711,255,1,0,0,0,1
263,13.153287,31,159,1,1,11.641167640686035,11.598402976989746,-0.06002655625343323,-0.08128223568201065,1,40.0,2.588311195373535,0.04730232059955597,1.0,12.039754867553711,255,1,0,0,0,1
264,13.203286,81,159,1,0,11.641167640686035,11.598402976989746,-0.06002655625343323,-0.08128223568201065,1,40.0,2.588311195373535,0.04730232059955597,1.0,12.039754867553711,255,1,0,0,0,1
265,13.253286,47,160,1,1,11.731992721557617,11.864336967468262,0.18564322590827942,0.18220549821853638,1,40.0,2.432734966278076,0.050027087330818176,1.0,12.039754867553711,255,1,0,0,0,1
266,13.303287,16,161,1,1,11.75366497039795,11.762084007263184,0.21622681617736816,0.19872355461120605,1,40.0,2.4124341011047363,0.05067731440067291,1.0,12.039754867553711,255,1,0,0,0,1
267,13.353286,66,161,1,0,11.75366497039795,11.762084007263184,0.21622681617736816,0.19872355461120605,1,40.0,2.4124341011047363,0.05067731440067291,1.0,12.039754867553711,255,1,0,0,0,1
268,13.403287,31,162,1,1,11.729475021362305,11.669943809509277,0.11936324834823608,0.07999289035797119,1,40.0,2.472729444503784,0.049951568245887756,1.0,12.039754867553711,255,1,0,0,0,1
269,13.453286,81,162,1,0,11.729475021362305,11.669943809509277,0.11936324834823608,0.07999289035797119,1,40.0,2.472729444503784,0.049951568245887756,1.0,12.039754867553711,255,1,0,0,0,1
270,13.503286,47,163,1,1,11.706022262573242,11.65970516204834,0.037410616874694824,-0.012544319033622742,1,40.0,2.5240116119384766,0.049247995018959045,1.0,12.039754867553711,255,1,0,0,0,1
271,13.553287,14,164,1,1,11.718457221984863,11.731369972229004,0.06095670908689499,0.013116775080561638,1,40.0,2.5087649822235107,0.04962100088596344,1.0,12.039754867553711,255,1,0,0,0,1
272,13.603356,64,164,1,0,11.718457221984863,11.731369972229004,0.06095670908689499,0.013116775080561638,1,40.0,2.5087649822235107,0.04962100088596344,1.0,12.039754867553711,255,1,0,0,0,1
273,13.653304,28,165,1,1,11.674965858459473,11.608641624450684,-0.06603021919727325,-0.12056523561477661,1,40.0,2.588871479034424,0.04831625521183014,1.0,12.039754867553711,255,1,0,0,0,1
274,13.703286,78,165,1,0,11.674965858459473,11.608641624450684,-0.06603021919727325,-0.12056523561477661,1,40.0,2.588871479034424,0.04831625521183014,1.0,12.039754867553711,255,1,0,0,0,1
275,13.753286,47,166,1,1,11.811004638671875,12.00754165649414,0.2953470051288605,0.26682162284851074,1,40.0,2.3598015308380127,0.05239744484424591,1.0,12.039754867553711,255,1,0,0,0,1
276,13.803301,16,167,1,1,11.830631256103516,11.823386192321777,0.30341973900794983,0.25268128514289856,1,40.0,2.353191375732422,0.052986279129981995,1.0,12.039754867553711,255,1,0,0,0,1
277,13.853295,66,167,1,0,11.830631256103516,11.823386192321777,0.30341973900794983,0.25268128514289856,1,40.0,2.353191375732422,0.052986279129981995,1.0,12.039754867553711,255,1,0,0,0,1
278,13.903287,31,168,1,1,11.825848579406738,11.782434463500977,0.2421742081642151,0.16629496216773987,1,40.0,2.390369415283203,0.052842751145362854,1.0,12.039754867553711,255,1,0,0,0,1
279,13.953323,81,168,1,0,11.825848579406738,11.782434463500977,0.2421742081642151,0.16629496216773987,1,40.0,2.390369415283203,0.052842751145362854,1.0,12.039754867553711,255,1,0,0,0,1
280,14.003288,47,169,1,1,11.802472114562988,11.741608619689941,0.13974863290786743,0.04478257894515991,1,40.0,2.4539284706115723,0.05214144289493561,1.0,12.039754867553711,255,1,0,0,0,1
281,14.053305,14,170,1,1,11.865371704101562,11.935876846313477,0.27768951654434204,0.1848953366279602,1,40.0,2.3655028343200684,0.0540284663438797,1.0,12.039754867553711,255,1,0,0,0,1
282,14.103286,64,170,1,0,11.865371704101562,11.935876846313477,0.27768951654434204,0.1848953366279602,1,40.0,2.3655028343200684,0.0540284663438797,1.0,12.039754867553711,255,1,0,0,0,1
283,14.153287,31,171,1,1,11.80134391784668,11.680181503295898,0.06291455030441284,-0.05533188581466675,1,40.0,2.5001304149627686,0.05210764706134796,1.0,12.039754867553711,255,1,0,0,0,1
284,14.203286,81,171,1,0,11.80134391784668,11.680181503295898,0.06291455030441284,-0.05533188581466675,1,40.0,2.5001304149627686,0.05210764706134796,1.0,12.039754867553711,255,1,0,0,0,1
285,14.253286,47,172,1,1,11.925512313842773,12.089320182800293,0.3708444833755493,0.2709539234638214,1,40.0,2.304197311401367,0.055832698941230774,1.0,12.039754867553711,255,1,0,0,0,1
286,14.303294,16,173,1,1,11.960679054260254,11.966590881347656,0.40390217304229736,0.2825548052787781,1,40.0,2.2811977863311768,0.05688770115375519,1.0,12.039754867553711,255,1,0,0,0,1
287,14.353286,66,173,1,0,11.960679054260254,11.966590881347656,0.40390217304229736,0.2825548052787781,1,40.0,2.2811977863311768,0.05688770115375519,1.0,12.039754867553711,255,1,0,0,0,1
288,14.403287,31,174,1,1,11.962084770202637,11.915401458740234,0.3387258052825928,0.18943291902542114,1,40.0,2.3201770782470703,0.056929901242256165,1.0,12.039754867553711,255,1,0,0,0,1
289,14.453286,81,174,1,0,11.962084770202637,11.915401458740234,0.3387258052825928,0.18943291902542114,1,40.0,2.3201770782470703,0.056929901242256165,1.0,12.039754867553711,255,1,0,0,0,1
290,14.50329,47,175,1,1,11.898924827575684,11.772321701049805,0.11228261888027191,-0.06354284286499023,1,40.0,2.4617273807525635,0.05503512918949127,1.0,12.039754867553711,255,1,0,0,0,1
291,14.553287,14,176,1,1,11.898262977600098,11.88481330871582,0.08139996975660324,-0.0902736559510231,1,40.0,2.480316400527954,0.055015161633491516,1.0,12.039754867553711,255,1,0,0,0,1
292,14.603286,64,176,1,0,11.898262977600098,11.88481330871582,0.08139996975660324,-0.0902736559510231,1,40.0,2.480316400527954,0.055015161633491516,1.0,12.014628410339355,255,1,0,0,0,1
293,14.653307,27,177,1,1,11.870308876037598,11.823386192321777,-0.017609767615795135,-0.18538349866867065,1,40.0,2.542238235473633,0.054176583886146545,1.0,12.014628410339355,255,1,0,0,0,1
294,14.703286,77,177,1,0,11.870308876037598,11.823386192321777,-0.017609767615795135,-0.18538349866867065,1,40.0,2.542238235473633,0.054176583886146545,1.0,12.014628410339355,255,1,0,0,0,1
295,14.753303,46,178,1,1,11.991135597229004,12.160984992980957,0.2888772785663605,0.150132417678833,1,40.0,2.3474717140197754,0.05780138075351715,1.0,12.014628410339355,255,1,0,0,0,1
296,14.803287,15,179,1,1,11.999106407165527,11.976828575134277,0.25938138365745544,0.1066361665725708,1,40.0,2.3644514083862305,0.05804057419300079,1.0,12.014628410339355,255,1,0,0,0,1
297,14.853286,65,179,1,0,11.999106407165527,11.976828575134277,0.25938138365745544,0.1066361665725708,1,40.0,2.3644514083862305,0.05804057419300079,1.0,12.014628410339355,255,1,0,0,0,1
298,14.903287,31,180,1,1,11.946905136108398,11.84386157989502,0.07317167520523071,-0.09716540575027466,1,40.0,2.4808754920959473,0.056474462151527405,1.0,12.014628410339355,255,1,0,0,0,1
299,14.953286,81,180,1,0,11.946905136108398,11.84386157989502,0.07317167520523071,-0.09716540575027466,1,40.0,2.4808754920959473,0.056474462151527405,1.0,12.014628410339355,255,1,0,0,0,1
300,15.003287,47,181,1,1,11.894010543823242,11.813148498535156,-0.08917150646448135,-0.2581276595592499,1,40.0,2.5830419063568115,0.054887667298316956,1.0,12.014628410339355,255,1,0,0,0,1
301,15.053287,14,182,1,1,11.911091804504395,11.946115493774414,-0.04399992525577545,-0.18861238658428192,1,40.0,2.5544018745422363,0.05540002882480621,1.0,12.014628410339355,255,1,0,0,0,1
302,15.103286,64,182,1,0,11.911091804504395,11.946115493774414,-0.04399992525577545,-0.18861238658428192,1,40.0,2.5544018745422363,0.05540002882480621,1.0,12.014628410339355,255,1,0,0,0,1
303,15.153287,31,183,1,1,11.914702415466309,11.925639152526855,-0.03889060020446777,-0.16693845391273499,1,40.0,2.551011085510254,0.05550844967365265,1.0,12.014628410339355,255,1,0,0,0,1
304,15.203286,81,183,1,0,11.914702415466309,11.925639152526855,-0.03889060020446777,-0.16693845391273499,1,40.0,2.551011085510254,0.05550844967365265,1.0,12.014628410339355,255,1,0,0,0,1
305,15.253293,47,184,1,1,12.046236991882324,12.232524871826172,0.3025762140750885,0.20409327745437622,1,40.0,2.3342928886413574,0.059454455971717834,1.0,12.014628410339355,255,1,0,0,0,1
306,15.303289,15,185,1,1,12.087677955627441,12.109795570373535,0.3611273467540741,0.2477434277534485,1,40.0,2.2954328060150146,0.06069763004779816,1.0,12.014628410339355,255,1,0,0,0,1
307,15.353286,65,185,1,0,12.087677955627441,12.109795570373535,0.3611273467540741,0.2477434277534485,1,40.0,2.2954328060150146,0.06069763004779816,1.0,12.014628410339355,255,1,0,0,0,1
308,15.403287,31,186,1,1,11.990350723266602,11.813148498535156,0.044450730085372925,-0.10455730557441711,1,40.0,2.4941980838775635,0.05777783691883087,1.0,12.014628410339355,255,1,0,0,0,1
309,15.453286,81,186,1,0,11.990350723266602,11.813148498535156,0.044450730085372925,-0.10455730557441711,1,40.0,2.4941980838775635,0.05777783691883087,1.0,12.014628410339355,255,1,0,0,0,1
310,15.503286,46,187,1,1,11.921768188476562,11.823386192321777,-0.15353265404701233,-0.30190759897232056,1,40.0,2.6191606521606445,0.05572040379047394,1.0,12.014628410339355,255,1,0,0,0,1
311,15.553287,14,188,1,1,11.96271800994873,12.038130760192871,-0.03529013693332672,-0.1526469886302948,1,40.0,2.544529676437378,0.056948915123939514,1.0,12.014628410339355,255,1,0,0,0,1
312,15.603294,64,188,1,0,11.96271800994873,12.038130760192871,-0.03529013693332672,-0.1526469886302948,1,40.0,2.544529676437378,0.056948915123939514,1.0,12.014628410339355,255,1,0,0,0,1
313,15.653358,28,189,1,1,11.944945335388184,11.925639152526855,-0.0856362134218216,-0.19148755073547363,1,40.0,2.5763368606567383,0.05641569197177887,1.0,12.014628410339355,255,1,0,0,0,1
314,15.703286,78,189,1,0,11.944945335388184,11.925639152526855,-0.0856362134218216,-0.19148755073547363,1,40.0,2.5763368606567383,0.05641569197177887,1.0,12.014628410339355,255,1,0,0,0,1
315,15.753288,46,190,1,1,12.065619468688965,12.242762565612793,0.2348349541425705,0.15937888622283936,1,40.0,2.3731932640075684,0.060035958886146545,1.0,12.014628410339355,255,1,0,0,0,1
316,15.803287,15,191,1,1,12.099706649780273,12.120033264160156,0.2858150899410248,0.19913120567798615,1,40.0,2.3395373821258545,0.06105853617191315,1.0,12.014628410339355,255,1,0,0,0,1
317,15.853286,65,191,1,0,12.099706649780273,12.120033264160156,0.2858150899410248,0.19913120567798615,1,40.0,2.3395373821258545,0.06105853617191315,1.0,12.014628410339355,255,1,0,0,0,1
318,15.903287,31,192,1,1,12.058233261108398,11.966590881347656,0.12880337238311768,0.017707958817481995,1,40.0,2.4374771118164062,0.05981434881687164,1.0,12.014628410339355,255,1,0,0,0,1
319,15.953315,81,192,1,0,12.058233261108398,11.966590881347656,0.12880337238311768,0.017707958817481995,1,40.0,2.4374771118164062,0.05981434881687164,1.0,12.014628410339355,255,1,0,0,0,1
320,16.003288,47,193,1,1,11.991579055786133,11.88481330871582,-0.07338538765907288,-0.19492673873901367,1,40.0,2.564789056777954,0.05781467258930206,1.0,12.014628410339355,255,1,0,0,0,1
321,16.053287,16,194,1,1,12.011459350585938,12.048368453979492,-0.019777603447437286,-0.12246735394001007,1,40.0,2.5308353900909424,0.0584111362695694,1.0,12.014628410339355,255,1,0,0,0,1
322,16.103329,66,194,1,0,12.011459350585938,12.048368453979492,-0.019777603447437286,-0.12246735394001007,1,40.0,2.5308353900909424,0.0584111362695694,1.0,12.014628410339355,255,1,0,0,0,1
323,16.153287,31,195,1,1,12.03007984161377,12.058606147766113,0.0243435837328434,-0.06553973257541656,1,40.0,2.5026867389678955,0.05896969139575958,1.0,12.014628410339355,255,1,0,0,0,1
324,16.203327,81,195,1,0,12.03007984161377,12.058606147766113,0.0243435837328434,-0.06553973257541656,1,40.0,2.5026867389678955,0.05896969139575958,1.0,12.014628410339355,255,1,0,0,0,1
325,16.253292,47,196,1,1,12.129439353942871,12.263237953186035,0.27508968114852905,0.20191232860088348,1,40.0,2.343296527862549,0.06195051968097687,1.0,12.014628410339355,255,1,0,0,0,1
326,16.303286,14,197,1,1,12.130502700805664,12.099557876586914,0.23290733993053436,0.14039364457130432,1,40.0,2.3685102462768555,0.0619824081659317,1.0,12.014628410339355,255,1,0,0,0,1
327,16.353286,64,197,1,0,12.130502700805664,12.099557876586914,0.23290733993053436,0.14039364457130432,1,40.0,2.3685102462768555,0.0619824081659317,1.0,12.014628410339355,255,1,0,0,0,1
328,16.403286,30,198,1,1,12.10319709777832,12.038130760192871,0.1204080730676651,0.010663092136383057,1,40.0,2.438467502593994,0.06116326153278351,1.0,12.014628410339355,255,1,0,0,0,1
329,16.453286,80,198,1,0,12.10319709777832,12.038130760192871,0.1204080730676651,0.010663092136383057,1,40.0,2.438467502593994,0.06116326153278351,1.0,12.014628410339355,255,1,0,0,0,1
330,16.503286,47,199,1,1,12.038681030273438,11.935876846313477,-0.07419039309024811,-0.1933956891298294,1,40.0,2.561033010482788,0.059227779507637024,1.0,12.014628410339355,255,1,0,0,0,1
331,16.553287,16,200,1,1,12.043124198913574,12.058606147766113,-0.060813724994659424,-0.16306805610656738,1,40.0,2.5526070594787598,0.0593610554933548,1.0,12.014628410339355,255,1,0,0,0,1
332,16.603286,66,200,1,0,12.043124198913574,12.058606147766113,-0.060813724994659424,-0.16306805610656738,1,40.0,2.5526070594787598,0.0593610554933548,1.0,12.014628410339355,255,1,0,0,0,1
333,16.653313,27,201,1,1,12.08984661102295,12.160984992980957,0.06358733773231506,-0.018095314502716064,1,40.0,2.4737613201141357,0.06076277792453766,1.0,12.014628410339355,255,1,0,0,0,1
334,16.703286,77,201,1,0,12.08984661102295,12.160984992980957,0.06358733773231506,-0.018095314502716064,1,40.0,2.4737613201141357,0.06076277792453766,1.0,12.014628410339355,255,1,0,0,0,1
335,16.753298,46,202,1,1,12.182832717895508,12.304064750671387,0.29231011867523193,0.22213055193424225,1,40.0,2.3281588554382324,0.06355233490467072,1.0,12.014628410339355,255,1,0,0,0,1
336,16.803286,14,203,1,1,12.217999458312988,12.232524871826172,0.3378894329071045,0.2506987750530243,1,40.0,2.2976465225219727,0.06460727751255035,1.0,12.014628410339355,255,1,0,0,0,1
337,16.853286,64,203,1,0,12.217999458312988,12.232524871826172,0.3378894329071045,0.2506987750530243,1,40.0,2.2976465225219727,0.06460727751255035,1.0,12.014628410339355,255,1,0,0,0,1
338,16.903291,31,204,1,1,12.133810997009277,11.976828575134277,0.062118709087371826,-0.05897718667984009,1,40.0,2.4706857204437256,0.0620817095041275,1.0,12.014628410339355,255,1,0,0,0,1
339,16.953286,81,204,1,0,12.133810997009277,11.976828575134277,0.062118709087371826,-0.05897718667984009,1,40.0,2.4706857204437256,0.0620817095041275,1.0,12.014628410339355,255,1,0,0,0,1
340,17.003296,47,205,1,1,12.12231731414795,12.099557876586914,0.01383129507303238,-0.10421788692474365,1,40.0,2.50069260597229,0.06173689663410187,1.0,12.014628410339355,255,1,0,0,0,1
341,17.053295,13,206,1,1,12.121814727783203,12.120033264160156,0.0016731489449739456,-0.10777070373296738,1,40.0,2.50803279876709,0.06172175705432892,1.0,12.014628410339355,255,1,0,0,0,1
342,17.103286,63,206,1,0,12.121814727783203,12.120033264160156,0.0016731489449739456,-0.10777070373296738,1,40.0,2.50803279876709,0.06172175705432892,1.0,12.014628410339355,255,1,0,0,0,1
343,17.153287,31,207,1,1,12.138099670410156,12.160984992980957,0.036128174513578415,-0.0625806525349617,1,40.0,2.485894203186035,0.062210336327552795,1.0,12.014628410339355,255,1,0,0,0,1
344,17.203286,81,207,1,0,12.138099670410156,12.160984992980957,0.036128174513578415,-0.0625806525349617,1,40.0,2.485894203186035,0.062210336327552795,1.0,12.014628410339355,255,1,0,0,0,1
345,17.253294,46,208,1,1,12.26582145690918,12.437031745910645,0.358784943819046,0.27971765398979187,1,40.0,2.2808051109313965,0.066041961312294,1.0,12.014628410339355,255,1,0,0,0,1
346,17.303287,15,209,1,1,12.307815551757812,12.324540138244629,0.4129294455051422,0.31258726119995117,1,40.0,2.2445390224456787,0.06730182468891144,1.0,12.014628410339355,255,1,0,0,0,1
347,17.353286,65,209,1,0,12.307815551757812,12.324540138244629,0.4129294455051422,0.31258726119995117,1,40.0,2.2445390224456787,0.06730182468891144,1.0,12.014628410339355,255,1,0,0,0,1
348,17.403287,28,210,1,1,12.245280265808105,12.109795570373535,0.1781664490699768,0.03922376036643982,1,40.0,2.3910248279571533,0.06542576849460602,1.0,12.014628410339355,255,1,0,0,0,1
349,17.453286,78,210,1,0,12.245280265808105,12.109795570373535,0.1781664490699768,0.03922376036643982,1,40.0,2.3910248279571533,0.06542576849460602,1.0,12.014628410339355,255,1,0,0,0,1
350,17.50329,46,211,1,1,12.218382835388184,12.160984992980957,0.07225506007671356,-0.07465682178735733,1,40.0,2.4569923877716064,0.06461884081363678,1.0,12.014628410339355,255,1,0,0,0,1
351,17.553295,13,212,1,1,12.249139785766602,12.283714294433594,0.13163071870803833,-0.006215207278728485,1,40.0,2.4185988903045654,0.06554152071475983,1.0,12.014628410339355,255,1,0,0,0,1
352,17.603287,63,212,1,0,12.249139785766602,12.283714294433594,0.13163071870803833,-0.006215207278728485,1,40.0,2.4185988903045654,0.06554152071475983,1.0,12.014628410339355,255,1,0,0,0,1
353,17.653303,28,213,1,1,12.248579978942871,12.232524871826172,0.10032886266708374,-0.038331519812345505,1,40.0,2.4374303817749023,0.06552477180957794,1.0,12.014628410339355,255,1,0,0,0,1
354,17.703286,78,213,1,0,12.248579978942871,12.232524871826172,0.10032886266708374,-0.038331519812345505,1,40.0,2.4374303817749023,0.06552477180957794,1.0,12.014628410339355,255,1,0,0,0,1
355,17.753294,46,214,1,1,12.366683959960938,12.51893424987793,0.38539984822273254,0.2624933421611786,1,40.0,2.255758762359619,0.06906785070896149,1.0,12.014628410339355,255,1,0,0,0,1
356,17.803354,15,215,1,1,12.414711952209473,12.437031745910645,0.44843390583992004,0.30611008405685425,1,40.0,2.213615655899048,0.070508673787117,1.0,12.014628410339355,255,1,0,0,0,1
357,17.853288,65,215,1,0,12.414711952209473,12.437031745910645,0.44843390583992004,0.30611008405685425,1,40.0,2.213615655899048,0.070508673787117,1.0,11.993690490722656,255,1,0,0,0,1
358,17.903294,28,216,1,1,12.33053970336914,12.160984992980957,0.1480443775653839,-0.035213083028793335,1,40.0,2.4014248847961426,0.06798352301120758,1.0,11.993690490722656,255,1,0,0,0,1
359,17.953292,78,216,1,0,12.33053970336914,12.160984992980957,0.1480443775653839,-0.035213083028793335,1,40.0,2.4014248847961426,0.06798352301120758,1.0,11.993690490722656,255,1,0,0,0,1
360,18.003286,47,217,1,1,12.317829132080078,12.283714294433594,0.08074486255645752,-0.10248038172721863,1,40.0,2.442948579788208,0.0676022320985794,1.0,11.993690490722656,255,1,0,0,0,1
361,18.053292,16,218,1,1,12.31145191192627,12.293827056884766,0.03947257623076439,-0.13690799474716187,1,40.0,2.4682860374450684,0.06741084158420563,1.0,11.993690490722656,255,1,0,0,0,1
362,18.103308,66,218,1,0,12.31145191192627,12.293827056884766,0.03947257623076439,-0.13690799474716187,1,40.0,2.4682860374450684,0.06741084158420563,1.0,11.993690490722656,255,1,0,0,0,1
363,18.15329,28,219,1,1,12.353450775146484,12.406442642211914,0.13024628162384033,-0.029602110385894775,1,40.0,2.4100418090820312,0.06867082417011261,1.0,11.993690490722656,255,1,0,0,0,1
364,18.203286,78,219,1,0,12.353450775146484,12.406442642211914,0.13024628162384033,-0.029602110385894775,1,40.0,2.4100418090820312,0.06867082417011261,1.0,11.993690490722656,255,1,0,0,0,1
365,18.253314,46,220,1,1,12.416291236877441,12.488221168518066,0.26488417387008667,0.11342558264732361,1,40.0,2.323603391647339,0.07055605947971344,1.0,11.993690490722656,255,1,0,0,0,1
366,18.30333,15,221,1,1,12.459036827087402,12.488221168518066,0.32886141538619995,0.1706239879131317,1,40.0,2.281369924545288,0.07183845341205597,1.0,11.993690490722656,255,1,0,0,0,1
367,18.353289,65,221,1,0,12.459036827087402,12.488221168518066,0.32886141538619995,0.1706239879131317,1,40.0,2.281369924545288,0.07183845341205597,1.0,11.993690490722656,255,1,0,0,0,1
368,18.403287,28,222,1,1,12.384321212768555,12.242762565612793,0.07036060094833374,-0.11466419696807861,1,40.0,2.44319486618042,0.06959696114063263,1.0,11.993690490722656,255,1,0,0,0,1
369,18.453286,78,222,1,0,12.384321212768555,12.242762565612793,0.07036060094833374,-0.11466419696807861,1,40.0,2.44319486618042,0.06959696114063263,1.0,11.993690490722656,255,1,0,0,0,1
370,18.503294,47,223,1,1,12.379524230957031,12.36549186706543,0.03455698862671852,-0.14234276115894318,1,40.0,2.465108633041382,0.06945307552814484,1.0,11.993690490722656,255,1,0,0,0,1
371,18.553294,13,224,1,1,12.3406400680542,12.283714294433594,-0.08572705835103989,-0.25543126463890076,1,40.0,2.540778636932373,0.06828655302524567,1.0,11.993690490722656,255,1,0,0,0,1
372,18.603287,63,224,1,0,12.3406400680542,12.283714294433594,-0.08572705835103989,-0.25543126463890076,1,40.0,2.540778636932373,0.06828655302524567,1.0,11.993690490722656,255,1,0,0,0,1
373,18.653306,28,225,1,1,12.372293472290039,12.426794052124023,-0.002764694392681122,-0.14618068933486938,1,40.0,2.488152503967285,0.06923611462116241,1.0,11.993690490722656,255,1,0,0,0,1
374,18.703286,78,225,1,0,12.372293472290039,12.426794052124023,-0.002764694392681122,-0.14618068933486938,1,40.0,2.488152503967285,0.06923611462116241,1.0,11.993690490722656,255,1,0,0,0,1
375,18.753297,45,226,1,1,12.463713645935059,12.590474128723145,0.2267071157693863,0.10597985982894897,1,40.0,2.3422415256500244,0.07197876274585724,1.0,11.993690490722656,255,1,0,0,0,1
376,18.803287,14,227,1,1,12.557464599609375,12.662138938903809,0.4317709803581238,0.311117559671402,1,40.0,2.210765838623047,0.07479126751422882,1.0,11.993690490722656,255,1,0,0,0,1
377,18.853286,64,227,1,0,12.557464599609375,12.662138938903809,0.4317709803581238,0.311117559671402,1,40.0,2.210765838623047,0.07479126751422882,1.0,11.993690490722656,255,1,0,0,0,1
378,18.903287,28,228,1,1,12.511507987976074,12.396204948425293,0.23721817135810852,0.08010576665401459,1,40.0,2.3316333293914795,0.07341261208057404,1.0,11.993690490722656,255,1,0,0,0,1
379,18.953286,78,228,1,0,12.511507987976074,12.396204948425293,0.23721817135810852,0.08010576665401459,1,40.0,2.3316333293914795,0.07341261208057404,1.0,11.993690490722656,255,1,0,0,0,1
380,19.003296,45,229,1,1,12.461617469787598,12.36549186706543,0.06063222885131836,-0.11113356053829193,1,40.0,2.442075252532959,0.07191582024097443,1.0,11.993690490722656,255,1,0,0,0,1
381,19.053296,13,230,1,1,12.466856002807617,12.467744827270508,0.05319824069738388,-0.10938096791505814,1,40.0,2.446063995361328,0.07207299768924713,1.0,11.993690490722656,255,1,0,0,0,1
382,19.103287,63,230,1,0,12.466856002807617,12.467744827270508,0.05319824069738388,-0.10938096791505814,1,40.0,2.446063995361328,0.07207299768924713,1.0,11.993690490722656,255,1,0,0,0,1
383,19.153287,28,231,1,1,12.521358489990234,12.590474128723145,0.1761665791273117,0.028663866221904755,1,40.0,2.367377758026123,0.07370807230472565,1.0,11.993690490722656,255,1,0,0,0,1
384,19.203286,78,231,1,0,12.521358489990234,12.590474128723145,0.1761665791273117,0.028663866221904755,1,40.0,2.367377758026123,0.07370807230472565,1.0,11.993690490722656,255,1,0,0,0,1
385,19.25329,47,232,1,1,12.584282875061035,12.651901245117188,0.3057228922843933,0.16148272156715393,1,40.0,2.2839808464050293,0.07559581100940704,1.0,11.993690490722656,255,1,0,0,0,1
386,19.303289,16,233,1,1,12.66120719909668,12.733678817749023,0.45414555072784424,0.30282169580459595,1,40.0,2.1880040168762207,0.07790352404117584,1.0,11.993690490722656,255,1,0,0,0,1
387,19.353286,66,233,1,0,12.66120719909668,12.733678817749023,0.45414555072784424,0.30282169580459595,1,40.0,2.1880040168762207,0.07790352404117584,1.0,11.993690490722656,255,1,0,0,0,1
388,19.403287,35,234,1,1,12.59874153137207,12.457507133483887,0.21554020047187805,0.027934670448303223,1,40.0,2.336789131164551,0.07602955400943756,1.0,11.993690490722656,255,1,0,0,0,1
389,19.453327,3,235,1,1,12.567391395568848,12.498458862304688,0.08863620460033417,-0.10704731941223145,1,40.0,2.4157533645629883,0.07508905231952667,1.0,11.993690490722656,255,1,0,0,0,1
390,19.503286,53,235,1,0,12.567391395568848,12.498458862304688,0.08863620460033417,-0.10704731941223145,1,40.0,2.4157533645629883,0.07508905231952667,1.0,11.993690490722656,255,1,0,0,0,1
391,19.553287,22,236,1,1,12.61074447631836,12.662138938903809,0.17608067393302917,-0.006610654294490814,1,40.0,2.359384536743164,0.07638968527317047,1.0,11.993690490722656,255,1,0,0,0,1
392,19.603287,72,236,1,0,12.61074447631836,12.662138938903809,0.17608067393302917,-0.006610654294490814,1,40.0,2.359384536743164,0.07638968527317047,1.0,11.993690490722656,255,1,0,0,0,1
393,19.65331,37,237,1,1,12.585122108459473,12.52917194366455,0.06848070025444031,-0.11843066662549973,1,40.0,2.42625093460083,0.07562096416950226,1.0,11.993690490722656,255,1,0,0,0,1
394,19.703287,7,238,1,1,12.705353736877441,12.866645812988281,0.36185213923454285,0.19802838563919067,1,40.0,2.2394070625305176,0.07922793924808502,1.0,11.993690490722656,255,1,0,0,0,1
395,19.753308,57,238,1,0,12.705353736877441,12.866645812988281,0.36185213923454285,0.19802838563919067,1,40.0,2.2394070625305176,0.07922793924808502,1.0,11.993690490722656,255,1,0,0,0,1
396,19.803286,25,239,1,1,12.70075511932373,12.651901245117188,0.2861095666885376,0.1018739864230156,1,40.0,2.285266399383545,0.07909001410007477,1.0,11.993690490722656,255,1,0,0,0,1
397,19.853286,75,239,1,0,12.70075511932373,12.651901245117188,0.2861095666885376,0.1018739864230156,1,40.0,2.285266399383545,0.07909001410007477,1.0,11.993690490722656,255,1,0,0,0,1
398,19.903294,43,240,1,1,12.707006454467773,12.682490348815918,0.24822638928890228,0.0535232312977314,1,40.0,2.307433605194092,0.07927753031253815,1.0,11.993690490722656,255,1,0,0,0,1
399,19.953287,12,241,1,1,12.751250267028809,12.784868240356445,0.31566616892814636,0.11954009532928467,1,40.0,2.2629878520965576,0.08060486614704132,1.0,11.993690490722656,255,1,0,0,0,1
400,20.003286,62,241,1,0,12.751250267028809,12.784868240356445,0.31566616892814636,0.11954009532928467,1,40.0,2.2629878520965576,0.08060486614704132,1.0,11.993690490722656,255,1,0,0,0,1
401,20.053292,28,242,1,1,12.73804759979248,12.682490348815918,0.2197866439819336,0.008725367486476898,1,40.0,2.3217036724090576,0.08020879328250885,1.0,11.993690490722656,255,1,0,0,0,1
402,20.103288,78,242,1,0,12.73804759979248,12.682490348815918,0.2197866439819336,0.008725367486476898,1,40.0,2.3217036724090576,0.08020879328250885,1.0,11.993690490722656,255,1,0,0,0,1
403,20.153294,47,243,1,1,12.797839164733887,12.85640811920166,0.3310149312019348,0.12438130378723145,1,40.0,2.2495856285095215,0.08200253546237946,1.0,11.993690490722656,255,1,0,0,0,1
404,20.203291,15,244,1,1,12.812751770019531,12.795105934143066,0.3078859746456146,0.08949512243270874,1,40.0,2.2621209621429443,0.08244986832141876,1.0,11.993690490722656,255,1,0,0,0,1
405,20.253303,65,244,1,0,12.812751770019531,12.795105934143066,0.3078859746456146,0.08949512243270874,1,40.0,2.2621209621429443,0.08244986832141876,1.0,11.993690490722656,255,1,0,0,0,1
406,20.303327,34,245,1,1,12.875490188598633,12.928072929382324,0.41393792629241943,0.1929492950439453,1,40.0,2.192843198776245,0.08433206379413605,1.0,11.993690490722656,255,1,0,0,0,1
407,20.353342,3,246,1,1,12.879005432128906,12.835932731628418,0.34879329800605774,0.10834819078445435,1,40.0,2.2316136360168457,0.08443750441074371,1.0,11.989501953125,255,1,0,0,0,1
408,20.403337,53,246,1,0,12.879005432128906,12.835932731628418,0.34879329800605774,0.10834819078445435,0,,0.0,0.0,0.0,11.989501953125,0,3,256,0,1,0
409,20.453285,22,247,1,1,12.831094741821289,12.723441123962402,0.15575340390205383,-0.1030767410993576,0,,0.0,0.0,0.0,11.989501953125,0,3,256,0,1,0
410,20.503303,72,247,1,0,12.831094741821289,12.723441123962402,0.15575340390205383,-0.1030767410993576,0,,0.0,0.0,0.0,11.989501953125,0,3,256,0,1,0
411,20.553287,38,248,1,1,12.9048433303833,12.989375114440918,0.30840831995010376,0.06587554514408112,0,,0.0,0.0,0.0,11.989501953125,0,3,256,0,1,0
412,20.603303,4,249,1,1,12.9598970413208,12.999612808227539,0.39032912254333496,0.145847350358963,0,,0.0,0.0,0.0,11.989501953125,0,3,256,0,1,0
413,20.653306,54,249,1,0,12.9598970413208,12.999612808227539,0.39032912254333496,0.145847350358963,0,,0.0,0.0,0.0,11.989501953125,0,3,256,0,1,0
414,20.703285,23,250,1,1,13.01659870147705,13.050802230834961,0.46696025133132935,0.2137126624584198,0,,0.0,0.0,0.0,11.989501953125,0,3,256,0,1,0
415,20.753285,73,250,1,0,13.01659870147705,13.050802230834961,0.46696025133132935,0.2137126624584198,0,,0.0,0.0,0.0,11.989501953125,0,3,128,0,1,0
416,20.803285,42,251,1,1,13.014923095703125,12.958662033081055,0.37843507528305054,0.10286180675029755,0,,0.0,0.0,0.0,11.989501953125,0,3,128,0,1,0
417,20.853285,8,252,1,1,13.009964942932129,12.958662033081055,0.2891744077205658,0.00033020228147506714,0,,0.0,0.0,0.0,11.989501953125,0,3,128,0,1,0
418,20.903285,58,252,1,0,13.009964942932129,12.958662033081055,0.2891744077205658,0.00033020228147506714,0,,0.0,0.0,0.0,11.989501953125,0,3,128,0,1,0
419,20.953285,27,253,1,1,12.955221176147461,12.846170425415039,0.08332867920398712,-0.21529173851013184,0,,0.0,0.0,0.0,11.989501953125,0,3,128,0,1,0
420,21.003285,77,253,1,0,12.955221176147461,12.846170425415039,0.08332867920398712,-0.21529173851013184,0,,0.0,0.0,0.0,11.989501953125,0,3,128,0,1,0
421,21.053291,46,254,1,1,12.913350105285645,12.846170425415039,-0.06029759347438812,-0.34747904539108276,0,,0.0,0.0,0.0,11.989501953125,0,3,128,0,1,0
422,21.103288,15,255,1,1,12.907439231872559,12.907597541809082,-0.08814668655395508,-0.3471681773662567,0,,0.0,0.0,0.0,12.060693740844727,0,3,128,0,1,0
423,21.153285,65,255,1,0,12.907439231872559,12.907597541809082,-0.08814668655395508,-0.3471681773662567,0,,0.0,0.0,0.0,12.060693740844727,0,3,128,0,1,0
424,21.203292,34,256,1,1,12.974869728088379,13.081391334533691,0.08341103792190552,-0.137955904006958,0,,0.0,0.0,0.0,12.060693740844727,0,3,128,0,1,0
425,21.253303,3,257,1,1,13.001591682434082,13.030326843261719,0.12612783908843994,-0.0814908817410469,0,,0.0,0.0,0.0,12.060693740844727,0,3,256,0,1,0
426,21.303285,53,257,1,0,13.001591682434082,13.030326843261719,0.12612783908843994,-0.0814908817410469,0,,0.0,0.0,0.0,12.060693740844727,0,3,256,0,1,0
427,21.353285,19,258,1,1,12.93382453918457,12.825695037841797,-0.08719778060913086,-0.29774975776672363,0,,0.0,0.0,0.0,12.060693740844727,0,3,256,0,1,0
428,21.403285,69,258,1,0,12.93382453918457,12.825695037841797,-0.08719778060913086,-0.29774975776672363,0,,0.0,0.0,0.0,12.060693740844727,0,3,256,0,1,0
429,21.453285,35,259,1,1,12.904985427856445,12.876883506774902,-0.16629266738891602,-0.35436803102493286,0,,0.0,0.0,0.0,12.060693740844727,0,3,256,0,1,0
430,21.5033,4,260,1,1,12.88043212890625,12.866645812988281,-0.22113533318042755,-0.38173389434814453,0,,0.0,0.0,0.0,12.060693740844727,0,3,256,0,1,0
431,21.553291,54,260,1,0,12.88043212890625,12.866645812988281,-0.22113533318042755,-0.38173389434814453,0,,0.0,0.0,0.0,12.060693740844727,0,3,256,0,1,0
432,21.603287,16,261,1,1,12.836383819580078,12.805218696594238,-0.3157748579978943,-0.4456096589565277,0,,0.0,0.0,0.0,12.060693740844727,0,3,256,0,1,0
433,21.653297,66,261,1,0,12.836383819580078,12.805218696594238,-0.3157748579978943,-0.4456096589565277,0,,0.0,0.0,0.0,12.060693740844727,0,3,256,0,1,0
434,21.703285,33,262,1,1,12.837516784667969,12.876883506774902,-0.27680864930152893,-0.36615481972694397,0,,0.0,0.0,0.0,12.060693740844727,0,3,256,0,1,0
435,21.753298,83,262,1,0,12.837516784667969,12.876883506774902,-0.27680864930152893,-0.36615481972694397,0,,0.0,0.0,0.0,12.060693740844727,0,3,128,0,1,0
436,21.803287,52,263,1,1,12.827415466308594,12.846170425415039,-0.2709968090057373,-0.3290339708328247,0,,0.0,0.0,0.0,12.060693740844727,0,3,128,0,1,0
437,21.853285,15,264,1,1,12.71258544921875,12.590474128723145,-0.5364769697189331,-0.5768244862556458,0,,0.0,0.0,0.0,12.060693740844727,0,3,128,0,1,0
438,21.903286,65,264,1,0,12.71258544921875,12.590474128723145,-0.5364769697189331,-0.5768244862556458,0,,0.0,0.0,0.0,12.060693740844727,0,3,128,0,1,0
439,21.953285,34,265,1,1,12.63503360748291,12.590474128723145,-0.6676498651504517,-0.6651721000671387,0,,0.0,0.0,0.0,12.060693740844727,0,3,128,0,1,0
440,22.003315,3,266,1,1,12.545289039611816,12.498458862304688,-0.8093191385269165,-0.7570334672927856,0,,0.0,0.0,0.0,12.060693740844727,0,3,128,0,1,0
441,22.053288,53,266,1,0,12.545289039611816,12.498458862304688,-0.8093191385269165,-0.7570334672927856,0,,0.0,0.0,0.0,12.060693740844727,0,3,128,0,1,0
442,22.103342,19,267,1,1,12.441739082336426,12.396204948425293,-0.9594075083732605,-0.8475154638290405,0,,0.0,0.0,0.0,12.060693740844727,0,3,128,0,1,0
443,22.153285,69,267,1,0,12.441739082336426,12.396204948425293,-0.9594075083732605,-0.8475154638290405,0,,0.0,0.0,0.0,12.060693740844727,0,3,128,0,1,0
444,22.203285,35,268,1,1,12.382791519165039,12.416681289672852,-0.9657961130142212,-0.7797674536705017,0,,0.0,0.0,0.0,12.060693740844727,0,3,128,0,1,0
445,22.253292,4,269,1,1,12.328531265258789,12.36549186706543,-0.9593073129653931,-0.7069633603096008,0,,0.0,0.0,0.0,12.060693740844727,0,3,256,0,1,0
446,22.303285,54,269,1,0,12.328531265258789,12.36549186706543,-0.9593073129653931,-0.7069633603096008,0,,0.0,0.0,0.0,12.060693740844727,0,3,256,0,1,0
447,22.353289,19,270,1,1,12.157524108886719,12.038130760192871,-1.2480885982513428,-0.9459066987037659,0,,0.0,0.0,0.0,12.060693740844727,0,3,256,0,1,0
448,22.403293,69,270,1,0,12.157524108886719,12.038130760192871,-1.2480885982513428,-0.9459066987037659,0,,0.0,0.0,0.0,12.060693740844727,0,3,256,0,1,0
449,22.453315,35,271,1,1,12.023073196411133,11.987066268920898,-1.3966195583343506,-1.018047571182251,0,,0.0,0.0,0.0,12.060693740844727,0,3,256,0,1,0
450,22.503302,4,272,1,1,11.918848991394043,11.935876846313477,-1.4469763040542603,-0.9845130443572998,0,,0.0,0.0,0.0,12.060693740844727,0,3,256,0,1,0
451,22.553306,54,272,1,0,11.918848991394043,11.935876846313477,-1.4469763040542603,-0.9845130443572998,0,,0.0,0.0,0.0,12.060693740844727,0,3,256,0,1,0
452,22.603287,16,273,1,1,11.802876472473145,11.823386192321777,-1.4936805963516235,-0.942825436592102,0,,0.0,0.0,0.0,12.060693740844727,0,3,256,0,1,0
453,22.653306,66,273,1,0,11.802876472473145,11.823386192321777,-1.4936805963516235,-0.942825436592102,0,,0.0,0.0,0.0,12.060693740844727,0,3,256,0,1,0
454,22.703285,32,274,1,1,11.754709243774414,11.864336967468262,-1.3613358736038208,-0.7220630645751953,0,,0.0,0.0,0.0,12.060693740844727,0,3,256,0,1,0
455,22.753285,82,274,1,0,11.754709243774414,11.864336967468262,-1.3613358736038208,-0.7220630645751953,0,,0.0,0.0,0.0,12.060693740844727,0,3,128,0,1,0
456,22.803291,46,275,1,1,11.73689079284668,11.8745756149292,-1.156173586845398,-0.44323691725730896,0,,0.0,0.0,0.0,12.060693740844727,0,3,128,0,1,0
457,22.853287,13,276,1,1,11.734383583068848,11.864336967468262,-0.944567084312439,-0.18406960368156433,0,,0.0,0.0,0.0,12.060693740844727,0,3,128,0,1,0
458,22.903285,63,276,1,0,11.734383583068848,11.864336967468262,-0.944567084312439,-0.18406960368156433,0,,0.0,0.0,0.0,12.060693740844727,0,3,128,0,1,0
459,22.953285,32,277,1,1,11.688241958618164,11.731369972229004,-0.8785831928253174,-0.09962725639343262,0,,0.0,0.0,0.0,12.060693740844727,0,3,128,0,1,0
460,23.003285,82,277,1,0,11.688241958618164,11.731369972229004,-0.8785831928253174,-0.09962725639343262,0,,0.0,0.0,0.0,12.060693740844727,0,3,128,0,1,0
461,23.053289,48,278,1,1,11.693317413330078,11.802910804748535,-0.6794225573539734,0.11702241003513336,0,,0.0,0.0,0.0,12.060693740844727,0,3,128,0,1,0
462,23.103285,16,279,1,1,11.677035331726074,11.731369972229004,-0.5675638914108276,0.22377684712409973,0,,0.0,0.0,0.0,12.060693740844727,0,3,128,0,1,0
463,23.153285,66,279,1,0,11.677035331726074,11.731369972229004,-0.5675638914108276,0.22377684712409973,0,,0.0,0.0,0.0,12.060693740844727,0,3,128,0,1,0
464,23.203285,34,280,1,1,11.732799530029297,11.8745756149292,-0.2829526662826538,0.5017292499542236,0,,0.0,0.0,0.0,12.060693740844727,0,3,128,0,1,0
465,23.253287,3,281,1,1,11.775062561035156,11.864336967468262,-0.07564800977706909,0.6757289171218872,0,,0.0,0.0,0.0,12.060693740844727,0,3,256,0,1,0
466,23.303285,53,281,1,0,11.775062561035156,11.864336967468262,-0.07564800977706909,0.6757289171218872,0,,0.0,0.0,0.0,12.060693740844727,0,3,256,0,1,0
467,23.353285,19,282,1,1,11.78442096710205,11.802910804748535,0.016171403229236603,0.7123218774795532,0,,0.0,0.0,0.0,12.060693740844727,0,3,256,0,1,0
468,23.403285,69,282,1,0,11.78442096710205,11.802910804748535,0.016171403229236603,0.7123218774795532,0,,0.0,0.0,0.0,12.060693740844727,0,3,256,0,1,0
469,23.453287,35,283,1,1,11.815973281860352,11.85409927368164,0.14883476495742798,0.7883139848709106,0,,0.0,0.0,0.0,12.060693740844727,0,3,256,0,1,0
470,23.5033,3,284,1,1,11.802026748657227,11.762084007263184,0.13783282041549683,0.709377110004425,0,,0.0,0.0,0.0,12.060693740844727,0,3,256,0,1,0
471,23.553289,53,284,1,0,11.802026748657227,11.762084007263184,0.13783282041549683,0.709377110004425,0,,0.0,0.0,0.0,12.060693740844727,0,3,256,0,1,0
472,23.603285,16,285,1,1,11.789176940917969,11.751846313476562,0.12710845470428467,0.6338062286376953,0,,0.0,0.0,0.0,12.060693740844727,0,3,256,0,1,0
473,23.653288,66,285,1,0,11.789176940917969,11.751846313476562,0.12710845470428467,0.6338062286376953,0,,0.0,0.0,0.0,12.060693740844727,0,3,256,0,1,0
474,23.703289,33,286,1,1,11.81961727142334,11.84386157989502,0.22616714239120483,0.6822700500488281,0,,0.0,0.0,0.0,12.060693740844727,0,3,256,0,1,0
475,23.753291,83,286,1,0,11.81961727142334,11.84386157989502,0.22616714239120483,0.6822700500488281,0,,0.0,0.0,0.0,12.060693740844727,0,3,128,0,1,0
476,23.803285,52,287,1,1,11.8502779006958,11.864336967468262,0.3078814446926117,0.7098829746246338,0,,0.0,0.0,0.0,12.060693740844727,0,3,128,0,1,0
477,23.853285,19,288,1,1,11.765403747558594,11.608641624450684,0.07080385088920593,0.4007353186607361,0,,0.0,0.0,0.0,12.060693740844727,0,3,128,0,1,0
478,23.903285,69,288,1,0,11.765403747558594,11.608641624450684,0.07080385088920593,0.4007353186607361,0,,0.0,0.0,0.0,12.060693740844727,0,3,128,0,1,0
479,23.953285,35,289,1,1,11.725249290466309,11.65970516204834,-0.02032087743282318,0.27040064334869385,0,,0.0,0.0,0.0,12.060693740844727,0,3,128,0,1,0
480,24.003297,4,290,1,1,11.6974515914917,11.65970516204834,-0.06933607161045074,0.19631287455558777,0,,0.0,0.0,0.0,12.060693740844727,0,3,128,0,1,0
481,24.053287,54,290,1,0,11.6974515914917,11.65970516204834,-0.06933607161045074,0.19631287455558777,0,,0.0,0.0,0.0,12.060693740844727,0,3,128,0,1,0
482,24.103287,18,291,1,1,11.704423904418945,11.721132278442383,-0.020329803228378296,0.2298615723848343,0,,0.0,0.0,0.0,12.035567283630371,0,3,128,0,1,0
483,24.153285,68,291,1,0,11.704423904418945,11.721132278442383,-0.020329803228378296,0.2298615723848343,0,,0.0,0.0,0.0,12.035567283630371,0,3,128,0,1,0
484,24.203285,35,292,1,1,11.779853820800781,11.88481330871582,0.19917358458042145,0.4391382932662964,0,,0.0,0.0,0.0,12.035567283630371,0,3,128,0,1,0
485,24.253299,4,293,1,1,11.902251243591309,12.048368453979492,0.5095365643501282,0.7261478900909424,0,,0.0,0.0,0.0,12.035567283630371,0,3,256,0,1,0
486,24.303285,54,293,1,0,11.902251243591309,12.048368453979492,0.5095365643501282,0.7261478900909424,0,,0.0,0.0,0.0,12.035567283630371,0,3,256,0,1,0
487,24.353285,19,294,1,1,11.960246086120605,11.976828575134277,0.6029582619667053,0.7592530846595764,0,,0.0,0.0,0.0,12.035567283630371,0,3,256,0,1,0
488,24.403287,69,294,1,0,11.960246086120605,11.976828575134277,0.6029582619667053,0.7592530846595764,0,,0.0,0.0,0.0,12.035567283630371,0,3,256,0,1,0
489,24.453285,35,295,1,1,12.07141399383545,12.150747299194336,0.8186728954315186,0.917894184589386,0,,0.0,0.0,0.0,12.035567283630371,0,3,256,0,1,0
490,24.503307,4,296,1,1,12.153429985046387,12.171097755432129,0.9262922406196594,0.9526402354240417,0,,0.0,0.0,0.0,12.035567283630371,0,3,256,0,1,0
491,24.553296,54,296,1,0,12.153429985046387,12.171097755432129,0.9262922406196594,0.9526402354240417,0,,0.0,0.0,0.0,12.035567283630371,0,3,256,0,1,0
492,24.603315,16,297,1,1,12.188217163085938,12.120033264160156,0.8774864077568054,0.8141876459121704,0,,0.0,0.0,0.0,12.018816947937012,0,3,256,0,1,0
493,24.653298,66,297,1,0,12.188217163085938,12.120033264160156,0.8774864077568054,0.8141876459121704,0,,0.0,0.0,0.0,12.018816947937012,0,3,256,0,1,0
494,24.703312,32,298,1,1,12.316136360168457,12.385967254638672,1.080544352531433,0.9547103047370911,0,,0.0,0.0,0.0,12.018816947937012,0,3,256,0,1,0
495,24.753297,82,298,1,0,12.316136360168457,12.385967254638672,1.080544352531433,0.9547103047370911,0,,0.0,0.0,0.0,12.018816947937012,0,3,128,0,1,0
496,24.803285,51,299,1,1,12.389491081237793,12.36549186706543,1.112619161605835,0.9074686169624329,0,,0.0,0.0,0.0,12.018816947937012,0,3,128,0,1,0
497,24.853285,16,300,1,1,12.444615364074707,12.385967254638672,1.0777196884155273,0.7905170321464539,0,,0.0,0.0,0.0,12.018816947937012,0,3,128,0,1,0
498,24.903285,66,300,1,0,12.444615364074707,12.385967254638672,1.0777196884155273,0.7905170321464539,0,,0.0,0.0,0.0,12.018816947937012,0,3,128,0,1,0
499,24.953285,35,301,1,1,12.421165466308594,12.263237953186035,0.8450403809547424,0.4807159900665283,0,,0.0,0.0,0.0,12.018816947937012,0,3,128,0,1,0
500,25.003305,3,302,1,1,12.396612167358398,12.263237953186035,0.6342183947563171,0.21938177943229675,0,,0.0,0.0,0.0,12.018816947937012,0,3,128,0,1,0
501,25.053289,53,302,1,0,12.396612167358398,12.263237953186035,0.6342183947563171,0.21938177943229675,0,,0.0,0.0,0.0,12.018816947937012,0,3,128,0,1,0
502,25.103289,19,303,1,1,12.337675094604492,12.18133544921875,0.3557984530925751,-0.09056606888771057,0,,0.0,0.0,0.0,12.018816947937012,0,3,128,0,1,0
503,25.153285,69,303,1,0,12.337675094604492,12.18133544921875,0.3557984530925751,-0.09056606888771057,0,,0.0,0.0,0.0,12.018816947937012,0,3,128,0,1,0
504,25.203285,34,304,1,1,12.349417686462402,12.324540138244629,0.3003171682357788,-0.14043405652046204,0,,0.0,0.0,0.0,12.018816947937012,0,3,128,0,1,0
505,25.25329,84,304,1,0,12.349417686462402,12.324540138244629,0.3003171682357788,-0.14043405652046204,0,,0.0,0.0,0.0,12.018816947937012,0,3,256,0,1,0
506,25.303288,51,305,1,1,12.357409477233887,12.33477783203125,0.24548611044883728,-0.1854853332042694,0,,0.0,0.0,0.0,12.018816947937012,0,3,256,0,1,0
507,25.353285,16,306,1,1,12.29896354675293,12.191573143005371,0.02326430380344391,-0.4008744955062866,0,,0.0,0.0,0.0,12.018816947937012,0,3,256,0,1,0
508,25.403286,66,306,1,0,12.29896354675293,12.191573143005371,0.02326430380344391,-0.4008744955062866,0,,0.0,0.0,0.0,12.018816947937012,0,0,0,0,0,0
509,25.453287,35,307,1,1,12.245779991149902,12.171097755432129,-0.1499488204717636,-0.547755241394043,0,,0.0,0.0,0.0,12.018816947937012,0,0,0,0,0,0
510,25.503307,3,308,1,1,12.232010841369629,12.232524871826172,-0.19389955699443817,-0.5467475056648254,0,,0.0,0.0,0.0,12.018816947937012,0,0,0,0,0,0
511,25.553288,53,308,1,0,12.232010841369629,12.232524871826172,-0.19389955699443817,-0.5467475056648254,0,,0.0,0.0,0.0,12.018816947937012,0,0,0,0,0,0
512,25.603287,15,309,1,1,12.125625610351562,12.00754165649414,-0.4714477062225342,-0.7861684560775757,0,,0.0,0.0,0.0,12.018816947937012,0,0,0,0,0,0
513,25.653301,65,309,1,0,12.125625610351562,12.00754165649414,-0.4714477062225342,-0.7861684560775757,0,,0.0,0.0,0.0,12.018816947937012,0,0,0,0,0,0
514,25.703287,32,310,1,1,12.137948036193848,12.21204948425293,-0.39468491077423096,-0.638002872467041,0,,0.0,0.0,0.0,12.018816947937012,0,0,0,0,0,0
515,25.753286,82,310,1,0,12.137948036193848,12.21204948425293,-0.39468491077423096,-0.638002872467041,0,,0.0,0.0,0.0,12.018816947937012,0,0,0,0,0,0
516,25.803286,48,311,1,1,12.131475448608398,12.171097755432129,-0.37246134877204895,-0.5589014887809753,0,,0.0,0.0,0.0,12.018816947937012,0,0,0,0,0,0
517,25.853287,16,312,1,1,12.086387634277344,12.068843841552734,-0.45144546031951904,-0.5935023427009583,0,,0.0,0.0,0.0,12.018816947937012,0,0,0,0,0,0
518,25.903286,66,312,1,0,12.086387634277344,12.068843841552734,-0.45144546031951904,-0.5935023427009583,0,,0.0,0.0,0.0,12.018816947937012,0,0,0,0,0,0
519,25.95329,34,313,1,1,12.005061149597168,11.946115493774414,-0.610913872718811,-0.7091767191886902,0,,0.0,0.0,0.0,12.018816947937012,0,0,0,0,0,0
520,26.003304,4,314,1,1,11.942192077636719,11.925639152526855,-0.6983579993247986,-0.741252064704895,0,,0.0,0.0,0.0,12.018816947937012,0,0,0,0,0,0
521,26.053295,54,314,1,0,11.942192077636719,11.925639152526855,-0.6983579993247986,-0.741252064704895,0,,0.0,0.0,0.0,12.018816947937012,0,0,0,0,0,0
522,26.10329,19,315,1,1,11.894939422607422,11.915401458740234,-0.7224701046943665,-0.7006370425224304,0,,0.0,0.0,0.0,12.018816947937012,0,0,0,0,0,0
523,26.153286,69,315,1,0,11.894939422607422,11.915401458740234,-0.7224701046943665,-0.7006370425224304,0,,0.0,0.0,0.0,12.018816947937012,0,0,0,0,0,0
524,26.203286,35,316,1,1,11.914386749267578,12.0280179977417,-0.5640390515327454,-0.4738340973854065,0,,0.0,0.0,0.0,12.018816947937012,0,0,0,0,0,0
525,26.253308,3,317,1,1,11.929925918579102,12.017780303955078,-0.4364651143550873,-0.3001154959201813,0,,0.0,0.0,0.0,12.018816947937012,0,0,0,0,0,0
526,26.303287,53,317,1,0,11.929925918579102,12.017780303955078,-0.4364651143550873,-0.3001154959201813,0,,0.0,0.0,0.0,12.018816947937012,0,0,0,0,0,0
527,26.353287,19,318,1,1,11.846034049987793,11.782434463500977,-0.5829933881759644,-0.4267480969429016,0,,0.0,0.0,0.0,12.018816947937012,0,0,0,0,0,0
528,26.40329,69,318,1,0,11.846034049987793,11.782434463500977,-0.5829933881759644,-0.4267480969429016,0,,0.0,0.0,0.0,12.018816947937012,0,0,0,0,0,0
529,26.453287,35,319,1,1,11.746936798095703,11.680181503295898,-0.7465615272521973,-0.5600590109825134,0,,0.0,0.0,0.0,12.018816947937012,0,0,0,0,0,0
530,26.503317,4,320,1,1,11.644311904907227,11.588165283203125,-0.8976148366928101,-0.6704158186912537,0,,0.0,0.0,0.0,12.018816947937012,0,0,0,0,0,0
531,26.553293,54,320,1,0,11.644311904907227,11.588165283203125,-0.8976148366928101,-0.6704158186912537,0,,0.0,0.0,0.0,12.018816947937012,0,0,0,0,0,0
532,26.603287,16,321,1,1,11.56918716430664,11.577927589416504,-0.9396100640296936,-0.6526700854301453,0,,0.0,0.0,0.0,12.018816947937012,0,0,0,0,0,0
533,26.653307,66,321,1,0,11.56918716430664,11.577927589416504,-0.9396100640296936,-0.6526700854301453,0,,0.0,0.0,0.0,12.018816947937012,0,0,0,0,0,0
534,26.703302,33,322,1,1,11.569726943969727,11.680181503295898,-0.7819645404815674,-0.4316001832485199,0,,0.0,0.0,0.0,12.018816947937012,0,0,0,0,0,0
535,26.753335,83,322,1,0,11.569726943969727,11.680181503295898,-0.7819645404815674,-0.4316001832485199,0,,0.0,0.0,0.0,12.018816947937012,0,0,0,0,0,0
536,26.803286,52,323,1,1,11.599668502807617,11.731369972229004,-0.5691072344779968,-0.17283573746681213,0,,0.0,0.0,0.0,12.018816947937012,0,0,0,0,0,0
537,26.853315,16,324,1,1,11.57914924621582,11.618879318237305,-0.507669985294342,-0.09317126125097275,0,,0.0,0.0,0.0,12.018816947937012,0,0,0,0,0,0
538,26.903293,66,324,1,0,11.57914924621582,11.618879318237305,-0.507669985294342,-0.09317126125097275,0,,0.0,0.0,0.0,12.018816947937012,0,0,0,0,0,0
539,26.953287,34,325,1,1,11.46846866607666,11.373420715332031,-0.6954238414764404,-0.2812310457229614,0,,0.0,0.0,0.0,12.018816947937012,0,0,0,0,0,0
540,27.003311,4,326,1,1,11.485177993774414,11.588165283203125,-0.5261899828910828,-0.08095234632492065,0,,0.0,0.0,0.0,12.018816947937012,0,0,0,0,0,0
541,27.053289,54,326,1,0,11.485177993774414,11.588165283203125,-0.5261899828910828,-0.08095234632492065,0,,0.0,0.0,0.0,12.018816947937012,0,0,0,0,0,0
542,27.103289,18,327,1,1,11.493566513061523,11.567689895629883,-0.3913039565086365,0.06717418134212494,0,,0.0,0.0,0.0,11.993690490722656,0,0,0,0,0,0
543,27.153286,68,327,1,0,11.493566513061523,11.567689895629883,-0.3913039565086365,0.06717418134212494,0,,0.0,0.0,0.0,11.993690490722656,0,0,0,0,0,0
544,27.203287,35,328,1,1,11.55765151977539,11.69041919708252,-0.13273215293884277,0.33128923177719116,0,,0.0,0.0,0.0,11.993690490722656,0,0,0,0,0,0
545,27.253354,4,329,1,1,11.628816604614258,11.741608619689941,0.10605897009372711,0.5525996088981628,0,,0.0,0.0,0.0,11.993690490722656,0,0,0,0,0,0
546,27.303286,54,329,1,0,11.628816604614258,11.741608619689941,0.10605897009372711,0.5525996088981628,0,,0.0,0.0,0.0,11.993690490722656,0,0,0,0,0,0
547,27.353287,19,330,1,1,11.60945987701416,11.567689895629883,0.07319699972867966,0.46925657987594604,0,,0.0,0.0,0.0,11.993690490722656,0,0,0,0,0,0
548,27.403286,69,330,1,0,11.60945987701416,11.567689895629883,0.07319699972867966,0.46925657987594604,0,,0.0,0.0,0.0,11.993690490722656,0,0,0,0,0,0
549,27.453287,34,331,1,1,11.62667179107666,11.639354705810547,0.13751311600208282,0.49475088715553284,0,,0.0,0.0,0.0,11.993690490722656,0,0,0,0,0,0
550,27.503306,3,332,1,1,11.669355392456055,11.710894584655762,0.25599604845046997,0.5765971541404724,0,,0.0,0.0,0.0,11.993690490722656,0,0,0,0,0,0
551,27.553288,53,332,1,0,11.669355392456055,11.710894584655762,0.25599604845046997,0.5765971541404724,0,,0.0,0.0,0.0,11.993690490722656,0,0,0,0,0,0
552,27.603287,16,333,1,1,11.692371368408203,11.69041919708252,0.302381306886673,0.5726537704467773,0,,0.0,0.0,0.0,11.993690490722656,0,0,0,0,0,0
553,27.653306,66,333,1,0,11.692371368408203,11.69041919708252,0.302381306886673,0.5726537704467773,0,,0.0,0.0,0.0,11.993690490722656,0,0,0,0,0,0
554,27.703287,31,334,1,1,11.790027618408203,11.88481330871582,0.5344030857086182,0.7639322280883789,0,,0.0,0.0,0.0,11.993690490722656,0,0,0,0,0,0
555,27.753286,81,334,1,0,11.790027618408203,11.88481330871582,0.5344030857086182,0.7639322280883789,0,,0.0,0.0,0.0,11.993690490722656,0,0,0,0,0,0
556,27.803291,48,335,1,1,11.852858543395996,11.8745756149292,0.6392820477485657,0.8072038888931274,0,,0.0,0.0,0.0,11.993690490722656,0,0,0,0,0,0
557,27.853295,16,336,1,1,11.829678535461426,11.721132278442383,0.5006463527679443,0.5934115648269653,0,,0.0,0.0,0.0,11.968563079833984,0,0,0,0,0,0
558,27.903286,66,336,1,0,11.829678535461426,11.721132278442383,0.5006463527679443,0.5934115648269653,0,,0.0,0.0,0.0,11.968563079833984,0,0,0,0,0,0
559,27.953287,35,337,1,1,11.839067459106445,11.792672157287598,0.4620892405509949,0.5029553174972534,0,,0.0,0.0,0.0,11.968563079833984,0,0,0,0,0,0
560,28.003301,4,338,1,1,11.829960823059082,11.762084007263184,0.37655162811279297,0.3710479438304901,0,,0.0,0.0,0.0,11.968563079833984,0,0,0,0,0,0
561,28.053287,54,338,1,0,11.829960823059082,11.762084007263184,0.37655162811279297,0.3710479438304901,0,,0.0,0.0,0.0,11.968563079833984,0,0,0,0,0,0
562,28.103293,18,339,1,1,11.82523250579834,11.772321701049805,0.3071626126766205,0.26528486609458923,0,,0.0,0.0,0.0,11.968563079833984,0,0,0,0,0,0
563,28.153286,68,339,1,0,11.82523250579834,11.772321701049805,0.3071626126766205,0.26528486609458923,0,,0.0,0.0,0.0,11.968563079833984,0,0,0,0,0,0
564,28.203287,35,340,1,1,11.856979370117188,11.864336967468262,0.3432118594646454,0.279928058385849,0,,0.0,0.0,0.0,11.968563079833984,0,0,0,0,0,0
565,28.253313,4,341,1,1,11.919472694396973,11.966590881347656,0.454488605260849,0.3724154829978943,0,,0.0,0.0,0.0,11.968563079833984,0,0,0,0,0,0
566,28.303286,54,341,1,0,11.919472694396973,11.966590881347656,0.454488605260849,0.3724154829978943,0,,0.0,0.0,0.0,11.968563079833984,0,0,0,0,0,0
567,28.353287,19,342,1,1,11.910782814025879,11.84386157989502,0.3581784963607788,0.23885148763656616,0,,0.0,0.0,0.0,11.968563079833984,0,0,0,0,0,0
568,28.403286,69,342,1,0,11.910782814025879,11.84386157989502,0.3581784963607788,0.23885148763656616,0,,0.0,0.0,0.0,11.968563079833984,0,0,0,0,0,0
569,28.453288,35,343,1,1,11.913403511047363,11.8745756149292,0.303857684135437,0.16122305393218994,0,,0.0,0.0,0.0,11.968563079833984,0,0,0,0,0,0
570,28.503303,4,344,1,1,11.941710472106934,11.946115493774414,0.32521381974220276,0.16988520324230194,0,,0.0,0.0,0.0,11.968563079833984,0,0,0,0,0,0
571,28.553335,54,344,1,0,11.941710472106934,11.946115493774414,0.32521381974220276,0.16988520324230194,0,,0.0,0.0,0.0,11.968563079833984,0,0,0,0,0,0
572,28.603287,16,345,1,1,11.973470687866211,11.976828575134277,0.34669676423072815,0.1767033338546753,0,,0.0,0.0,0.0,11.968563079833984,0,0,0,0,0,0
573,28.653296,66,345,1,0,11.973470687866211,11.976828575134277,0.34669676423072815,0.1767033338546753,0,,0.0,0.0,0.0,11.968563079833984,0,0,0,0,0,0
574,28.703289,32,346,1,1,12.044036865234375,12.099557876586914,0.4686134159564972,0.2884270250797272,0,,0.0,0.0,0.0,11.968563079833984,0,0,0,0,0,0
575,28.753288,82,346,1,0,12.044036865234375,12.099557876586914,0.4686134159564972,0.2884270250797272,0,,0.0,0.0,0.0,11.968563079833984,0,0,0,0,0,0
576,28.803294,52,347,1,1,12.098146438598633,12.120033264160156,0.5327259302139282,0.33127260208129883,0,,0.0,0.0,0.0,11.968563079833984,0,0,0,0,0,0
577,28.853286,16,348,1,1,12.134570121765137,12.120033264160156,0.5333532691001892,0.30218300223350525,0,,0.0,0.0,0.0,11.976938247680664,0,0,0,0,0,0
578,28.903311,66,348,1,0,12.134570121765137,12.120033264160156,0.5333532691001892,0.30218300223350525,0,,0.0,0.0,0.0,11.976938247680664,0,0,0,0,0,0
579,28.953287,33,349,1,1,12.090141296386719,11.966590881347656,0.3231998085975647,0.056603386998176575,0,,0.0,0.0,0.0,11.976938247680664,0,0,0,0,0,0
580,29.003323,3,350,1,1,12.024154663085938,11.895051002502441,0.0869004875421524,-0.19491173326969147,0,,0.0,0.0,0.0,11.976938247680664,0,0,0,0,0,0
581,29.053294,53,350,1,0,12.024154663085938,11.895051002502441,0.0869004875421524,-0.19491173326969147,0,,0.0,0.0,0.0,11.976938247680664,0,0,0,0,0,0
582,29.103289,19,351,1,1,11.965341567993164,11.8745756149292,-0.10126608610153198,-0.37432727217674255,0,,0.0,0.0,0.0,11.98112678527832,0,0,0,0,0,0
583,29.153286,69,351,1,0,11.965341567993164,11.8745756149292,-0.10126608610153198,-0.37432727217674255,0,,0.0,0.0,0.0,11.98112678527832,0,0,0,0,0,0
584,29.203287,35,352,1,1,11.960171699523926,11.966590881347656,-0.1204686090350151,-0.36154741048812866,0,,0.0,0.0,0.0,11.98112678527832,0,0,0,0,0,0
585,29.253301,4,353,1,1,11.943653106689453,11.935876846313477,-0.164377361536026,-0.3768157362937927,0,,0.0,0.0,0.0,11.98112678527832,0,0,0,0,0,0
586,29.303286,54,353,1,0,11.943653106689453,11.935876846313477,-0.164377361536026,-0.3768157362937927,0,,0.0,0.0,0.0,11.98112678527832,0,0,0,0,0,0
587,29.353287,18,354,1,1,11.849353790283203,11.741608619689941,-0.40400394797325134,-0.5931017398834229,0,,0.0,0.0,0.0,11.98112678527832,0,0,0,0,0,0
588,29.403286,68,354,1,0,11.849353790283203,11.741608619689941,-0.40400394797325134,-0.5931017398834229,0,,0.0,0.0,0.0,11.98112678527832,0,0,0,0,0,0
589,29.453287,35,355,1,1,11.774768829345703,11.721132278442383,-0.5556468963623047,-0.6999834775924683,0,,0.0,0.0,0.0,11.98112678527832,0,0,0,0,0,0
590,29.503313,4,356,1,1,11.690659523010254,11.639354705810547,-0.7088044285774231,-0.8006869554519653,0,,0.0,0.0,0.0,11.98112678527832,0,0,0,0,0,0
591,29.553289,54,356,1,0,11.690659523010254,11.639354705810547,-0.7088044285774231,-0.8006869554519653,0,,0.0,0.0,0.0,11.98112678527832,0,0,0,0,0,0
592,29.603287,16,357,1,1,11.62685489654541,11.629117012023926,-0.7748682498931885,-0.7960986495018005,0,,0.0,0.0,0.0,11.993690490722656,0,0,0,0,0,0
593,29.653312,66,357,1,0,11.62685489654541,11.629117012023926,-0.7748682498931885,-0.7960986495018005,0,,0.0,0.0,0.0,11.993690490722656,0,0,0,0,0,0
594,29.703286,33,358,1,1,11.636580467224121,11.741608619689941,-0.6396139860153198,-0.5860158205032349,0,,0.0,0.0,0.0,11.993690490722656,0,0,0,0,0,0
595,29.753297,83,358,1,0,11.636580467224121,11.741608619689941,-0.6396139860153198,-0.5860158205032349,0,,0.0,0.0,0.0,11.993690490722656,0,0,0,0,0,0
596,29.803286,52,359,1,1,11.653528213500977,11.751846313476562,-0.5021284222602844,-0.39293205738067627,0,,0.0,0.0,0.0,11.993690490722656,0,0,0,0,0,0
597,29.853287,16,360,1,1,11.591485977172852,11.567689895629883,-0.5816124677658081,-0.44062888622283936,0,,0.0,0.0,0.0,11.993690490722656,0,0,0,0,0,0
598,29.903286,66,360,1,0,11.591485977172852,11.567689895629883,-0.5816124677658081,-0.44062888622283936,0,,0.0,0.0,0.0,11.993690490722656,0,0,0,0,0,0
599,29.953286,34,361,1,1,11.5443696975708,11.54721450805664,-0.6123541593551636,-0.4350022077560425,0,,0.0,0.0,0.0,11.993690490722656,0,0,0,0,0,0
600,30.003309,84,361,1,0,11.5443696975708,11.54721450805664,-0.6123541593551636,-0.4350022077560425,0,,0.0,0.0,0.0,11.993690490722656,0,0,0,0,0,0
601,30.053289,52,362,1,1,11.506929397583008,11.526738166809082,-0.6107234358787537,-0.3960537612438202,0,,0.0,0.0,0.0,11.993690490722656,0,0,0,0,0,0
602,30.10329,16,363,1,1,11.466872215270996,11.485912322998047,-0.6081792116165161,-0.3578457534313202,0,,0.0,0.0,0.0,11.993690490722656,0,0,0,0,0,0
603,30.153286,66,363,1,0,11.466872215270996,11.485912322998047,-0.6081792116165161,-0.3578457534313202,0,,0.0,0.0,0.0,11.993690490722656,0,0,0,0,0,0
604,30.203287,35,364,1,1,11.509727478027344,11.639354705810547,-0.3927100896835327,-0.10267046093940735,0,,0.0,0.0,0.0,11.993690490722656,0,0,0,0,0,0
605,30.253309,4,365,1,1,11.553400039672852,11.65970516204834,-0.20233024656772614,0.10481347143650055,0,,0.0,0.0,0.0,11.993690490722656,0,0,0,0,0,0
606,30.303286,54,365,1,0,11.553400039672852,11.65970516204834,-0.20233024656772614,0.10481347143650055,0,,0.0,0.0,0.0,11.993690490722656,0,0,0,0,0,0
607,30.353292,18,366,1,1,11.528054237365723,11.51662540435791,-0.21523398160934448,0.08193352818489075,0,,0.0,0.0,0.0,11.993690490722656,0,0,0,0,0,0
608,30.403286,68,366,1,0,11.528054237365723,11.51662540435791,-0.21523398160934448,0.08193352818489075,0,,0.0,0.0,0.0,11.993690490722656,0,0,0,0,0,0
609,30.453287,35,367,1,1,11.530237197875977,11.557452201843262,-0.15652583539485931,0.13610871136188507,0,,0.0,0.0,0.0,11.993690490722656,0,0,0,0,0,0
610,30.503294,3,368,1,1,11.465937614440918,11.393896102905273,-0.281563937664032,-0.006063908338546753,0,,0.0,0.0,0.0,11.993690490722656,0,0,0,0,0,0
611,30.553298,53,368,1,0,11.465937614440918,11.393896102905273,-0.281563937664032,-0.006063908338546753,0,,0.0,0.0,0.0,11.993690490722656,0,0,0,0,0,0
612,30.603325,16,369,1,1,11.4733247756958,11.51662540435791,-0.1981871873140335,0.081488698720932,0,,0.0,0.0,0.0,11.993690490722656,0,0,0,0,0,0
613,30.653309,66,369,1,0,11.4733247756958,11.51662540435791,-0.1981871873140335,0.081488698720932,0,,0.0,0.0,0.0,11.993690490722656,0,0,0,0,0,0
614,30.703287,33,370,1,1,11.495156288146973,11.54721450805664,-0.09178146719932556,0.18545731902122498,0,,0.0,0.0,0.0,11.993690490722656,0,0,0,0,0,0
615,30.753302,83,370,1,0,11.495156288146973,11.54721450805664,-0.09178146719932556,0.18545731902122498,0,,0.0,0.0,0.0,11.993690490722656,0,0,0,0,0,0
616,30.803286,52,371,1,1,11.547185897827148,11.629117012023926,0.07727742195129395,0.34625932574272156,0,,0.0,0.0,0.0,11.993690490722656,0,0,0,0,0,0
617,30.853287,16,372,1,1,11.57772159576416,11.608641624450684,0.16641926765441895,0.40822532773017883,0,,0.0,0.0,0.0,11.993690490722656,0,0,0,0,0,0
618,30.903286,66,372,1,0,11.57772159576416,11.608641624450684,0.16641926765441895,0.40822532773017883,0,,0.0,0.0,0.0,11.993690490722656,0,0,0,0,0,0
619,30.953318,35,373,1,1,11.565011024475098,11.526738166809082,0.12737968564033508,0.33294379711151123,0,,0.0,0.0,0.0,11.993690490722656,0,0,0,0,0,0
620,31.003306,4,374,1,1,11.525967597961426,11.455198287963867,0.022152066230773926,0.1948697566986084,0,,0.0,0.0,0.0,11.993690490722656,0,0,0,0,0,0
621,31.053329,54,374,1,0,11.525967597961426,11.455198287963867,0.022152066230773926,0.1948697566986084,0,,0.0,0.0,0.0,11.993690490722656,0,0,0,0,0,0
622,31.10329,19,375,1,1,11.527791023254395,11.526738166809082,0.036709461361169815,0.19277440011501312,0,,0.0,0.0,0.0,11.993690490722656,0,0,0,0,0,0
623,31.153309,69,375,1,0,11.527791023254395,11.526738166809082,0.036709461361169815,0.19277440011501312,0,,0.0,0.0,0.0,11.993690490722656,0,0,0,0,0,0
624,31.203287,35,376,1,1,11.607110977172852,11.710894584655762,0.25150245428085327,0.400093674659729,0,,0.0,0.0,0.0,11.993690490722656,0,0,0,0,0,0
625,31.253299,4,377,1,1,11.701563835144043,11.802910804748535,0.47476276755332947,0.5993582606315613,0,,0.0,0.0,0.0,11.993690490722656,0,0,0,0,0,0
626,31.303287,54,377,1,0,11.701563835144043,11.802910804748535,0.47476276755332947,0.5993582606315613,0,,0.0,0.0,0.0,11.993690490722656,0,0,0,0,0,0
627,31.353287,19,378,1,1,11.708541870117188,11.65970516204834,0.4322858154773712,0.5018280744552612,0,,0.0,0.0,0.0,11.993690490722656,0,0,0,0,0,0
628,31.403286,69,378,1,0,11.708541870117188,11.65970516204834,0.4322858154773712,0.5018280744552612,0,,0.0,0.0,0.0,11.993690490722656,0,0,0,0,0,0
629,31.453287,35,379,1,1,11.718603134155273,11.680181503295898,0.40083616971969604,0.4250010848045349,0,,0.0,0.0,0.0,11.993690490722656,0,0,0,0,0,0
630,31.503303,4,380,1,1,11.752206802368164,11.751846313476562,0.43458303809165955,0.4242929220199585,0,,0.0,0.0,0.0,11.993690490722656,0,0,0,0,0,0
631,31.553289,54,380,1,0,11.752206802368164,11.751846313476562,0.43458303809165955,0.4242929220199585,0,,0.0,0.0,0.0,11.993690490722656,0,0,0,0,0,0
632,31.603287,16,381,1,1,11.76192855834961,11.721132278442383,0.392569899559021,0.34147459268569946,0,,0.0,0.0,0.0,12.023003578186035,0,0,0,0,0,0
633,31.653302,66,381,1,0,11.76192855834961,11.721132278442383,0.392569899559021,0.34147459268569946,0,,0.0,0.0,0.0,12.023003578186035,0,0,0,0,0,0
634,31.703287,33,382,1,1,11.833333969116211,11.88481330871582,0.5196089744567871,0.44447076320648193,0,,0.0,0.0,0.0,12.023003578186035,0,0,0,0,0,0
635,31.753293,83,382,1,0,11.833333969116211,11.88481330871582,0.5196089744567871,0.44447076320648193,0,,0.0,0.0,0.0,12.023003578186035,0,0,0,0,0,0
636,31.803287,52,383,1,1,11.875916481018066,11.8745756149292,0.5530887246131897,0.44183725118637085,0,,0.0,0.0,0.0,12.023003578186035,0,0,0,0,0,0
637,31.853287,16,384,1,1,11.830294609069824,11.70065689086914,0.3421937823295593,0.18201375007629395,0,,0.0,0.0,0.0,12.023003578186035,0,0,0,0,0,0
638,31.903286,66,384,1,0,11.830294609069824,11.70065689086914,0.3421937823295593,0.18201375007629395,0,,0.0,0.0,0.0,12.023003578186035,0,0,0,0,0,0
639,31.953287,35,385,1,1,11.813941955566406,11.751846313476562,0.23997318744659424,0.05989447981119156,0,,0.0,0.0,0.0,12.023003578186035,0,0,0,0,0,0
640,32.003307,4,386,1,1,11.786778450012207,11.721132278442383,0.12222954630851746,-0.06815022975206375,0,,0.0,0.0,0.0,12.023003578186035,0,0,0,0,0,0
641,32.053288,54,386,1,0,11.786778450012207,11.721132278442383,0.12222954630851746,-0.06815022975206375,0,,0.0,0.0,0.0,12.023003578186035,0,0,0,0,0,0
642,32.103289,19,387,1,1,11.773675918579102,11.741608619689941,0.05532551184296608,-0.13196299970149994,0,,0.0,0.0,0.0,12.023003578186035,0,0,0,0,0,0
643,32.153286,69,387,1,0,11.773675918579102,11.741608619689941,0.05532551184296608,-0.13196299970149994,0,,0.0,0.0,0.0,12.023003578186035,0,0,0,0,0,0
644,32.203287,35,388,1,1,11.831541061401367,11.905288696289062,0.1853322982788086,0.015309154987335205,0,,0.0,0.0,0.0,12.023003578186035,0,0,0,0,0,0
645,32.253314,85,388,1,0,11.831541061401367,11.905288696289062,0.1853322982788086,0.015309154987335205,0,,0.0,0.0,0.0,12.023003578186035,0,0,0,0,0,0
646,32.303286,52,389,1,1,11.841361999511719,11.833623886108398,0.17186537384986877,-7.219426333904266e-05,0,,0.0,0.0,0.0,12.023003578186035,0,0,0,0,0,0
647,32.353287,16,390,1,1,11.759925842285156,11.629117012023926,-0.08094958961009979,-0.263835072517395,0,,0.0,0.0,0.0,12.023003578186035,0,0,0,0,0,0
648,32.403286,66,390,1,0,11.759925842285156,11.629117012023926,-0.08094958961009979,-0.263835072517395,0,,0.0,0.0,0.0,12.023003578186035,0,0,0,0,0,0
649,32.453287,35,391,1,1,11.709370613098145,11.649592399597168,-0.21526268124580383,-0.3817012310028076,0,,0.0,0.0,0.0,12.023003578186035,0,0,0,0,0,0
650,32.503301,4,392,1,1,11.665037155151367,11.629117012023926,-0.3133332133293152,-0.45182111859321594,0,,0.0,0.0,0.0,12.023003578186035,0,0,0,0,0,0
651,32.553289,54,392,1,0,11.665037155151367,11.629117012023926,-0.3133332133293152,-0.45182111859321594,0,,0.0,0.0,0.0,12.023003578186035,0,0,0,0,0,0
652,32.603301,16,393,1,1,11.611198425292969,11.577927589416504,-0.4175977408885956,-0.5191458463668823,0,,0.0,0.0,0.0,12.023003578186035,0,0,0,0,0,0
653,32.653331,66,393,1,0,11.611198425292969,11.577927589416504,-0.4175977408885956,-0.5191458463668823,0,,0.0,0.0,0.0,12.023003578186035,0,0,0,0,0,0
654,32.703287,31,394,1,1,11.640714645385742,11.731369972229004,-0.28612321615219116,-0.33595719933509827,0,,0.0,0.0,0.0,12.023003578186035,0,0,0,0,0,0
655,32.753289,81,394,1,0,11.640714645385742,11.731369972229004,-0.28612321615219116,-0.33595719933509827,0,,0.0,0.0,0.0,12.023003578186035,0,0,0,0,0,0
656,32.803286,48,395,1,1,11.634331703186035,11.65970516204834,-0.26550742983818054,-0.28536006808280945,0,,0.0,0.0,0.0,12.023003578186035,0,0,0,0,0,0
657,32.853287,16,396,1,1,11.648933410644531,11.70065689086914,-0.19125151634216309,-0.18344511091709137,0,,0.0,0.0,0.0,12.023003578186035,0,0,0,0,0,0
658,32.903286,66,396,1,0,11.648933410644531,11.70065689086914,-0.19125151634216309,-0.18344511091709137,0,,0.0,0.0,0.0,12.023003578186035,0,0,0,0,0,0
659,32.953291,35,397,1,1,11.554587364196777,11.444960594177246,-0.4108487367630005,-0.3972166180610657,0,,0.0,0.0,0.0,12.023003578186035,0,0,0,0,0,0
660,33.00331,4,398,1,1,11.514351844787598,11.506387710571289,-0.4578411877155304,-0.4126940369606018,0,,0.0,0.0,0.0,12.023003578186035,0,0,0,0,0,0
661,33.053289,54,398,1,0,11.514351844787598,11.506387710571289,-0.4578411877155304,-0.4126940369606018,0,,0.0,0.0,0.0,12.023003578186035,0,0,0,0,0,0
662,33.103305,19,399,1,1,11.461776733398438,11.444960594177246,-0.5249321460723877,-0.4461202025413513,0,,0.0,0.0,0.0,12.023003578186035,0,0,0,0,0,0
663,33.153286,69,399,1,0,11.461776733398438,11.444960594177246,-0.5249321460723877,-0.4461202025413513,0,,0.0,0.0,0.0,12.023003578186035,0,0,0,0,0,0
664,33.203311,35,400,1,1,11.484253883361816,11.577927589416504,-0.38317373394966125,-0.25905364751815796,0,,0.0,0.0,0.0,12.023003578186035,0,0,0,0,0,0
665,33.253299,4,401,1,1,11.496281623840332,11.557452201843262,-0.28892385959625244,-0.13876865804195404,0,,0.0,0.0,0.0,12.023003578186035,0,0,0,0,0,0
666,33.303321,54,401,1,0,11.496281623840332,11.557452201843262,-0.28892385959625244,-0.13876865804195404,0,,0.0,0.0,0.0,12.023003578186035,0,0,0,0,0,0
667,33.353287,19,402,1,1,11.455846786499023,11.434722900390625,-0.34114575386047363,-0.18096411228179932,0,,0.0,0.0,0.0,12.023003578186035,0,0,0,0,0,0
668,33.403286,69,402,1,0,11.455846786499023,11.434722900390625,-0.34114575386047363,-0.18096411228179932,0,,0.0,0.0,0.0,12.023003578186035,0,0,0,0,0,0
669,33.453287,35,403,1,1,11.434316635131836,11.444960594177246,-0.33594927191734314,-0.15967637300491333,0,,0.0,0.0,0.0,12.023003578186035,0,0,0,0,0,0
670,33.503301,4,404,1,1,11.349908828735352,11.271042823791504,-0.49743232131004333,-0.31477057933807373,0,,0.0,0.0,0.0,12.023003578186035,0,0,0,0,0,0
671,33.553296,54,404,1,0,11.349908828735352,11.271042823791504,-0.49743232131004333,-0.31477057933807373,0,,0.0,0.0,0.0,12.023003578186035,0,0,0,0,0,0
672,33.603287,16,405,1,1,11.24704647064209,11.16878890991211,-0.6773733496665955,-0.4736652970314026,0,,0.0,0.0,0.0,12.023003578186035,0,0,0,0,0,0
673,33.653302,66,405,1,0,11.24704647064209,11.16878890991211,-0.6773733496665955,-0.4736652970314026,0,,0.0,0.0,0.0,12.023003578186035,0,0,0,0,0,0
674,33.703287,33,406,1,1,10.917033195495605,10.544905662536621,-1.4302306175231934,-1.2183411121368408,0,,0.0,0.0,0.0,12.023003578186035,0,0,0,0,0,0
675,33.75331,83,406,1,0,10.917033195495605,10.544905662536621,-1.4302306175231934,-1.2183411121368408,0,,0.0,0.0,0.0,12.023003578186035,0,0,0,0,0,0
676,33.803286,52,407,1,1,10.507742881774902,10.105177879333496,-2.2862601280212402,-2.009115219116211,0,,0.0,0.0,0.0,12.023003578186035,0,0,0,0,0,0
677,33.853287,15,408,1,1,9.802063941955566,9.123220443725586,-3.771963596343994,-3.377586841583252,0,,0.0,0.0,0.0,12.023003578186035,0,0,0,0,0,0
678,33.903289,65,408,1,0,9.802063941955566,9.123220443725586,-3.771963596343994,-3.377586841583252,0,,0.0,0.0,0.0,12.023003578186035,0,0,0,0,0,0
679,33.953287,33,409,1,1,9.008427619934082,8.356131553649902,-5.2877116203308105,-4.670758247375488,0,,0.0,0.0,0.0,12.023003578186035,0,0,0,0,0,0
680,34.003301,83,409,1,0,9.008427619934082,8.356131553649902,-5.2877116203308105,-4.670758247375488,0,,0.0,0.0,0.0,12.023003578186035,0,0,0,0,0,0
681,34.053289,52,410,1,1,8.298587799072266,7.926641941070557,-6.362820625305176,-5.398379325866699,0,,0.0,0.0,0.0,12.023003578186035,0,0,0,0,0,0
682,34.10329,16,411,1,1,7.511674404144287,7.210618019104004,-7.404370307922363,-6.001037120819092,0,,0.0,0.0,0.0,12.023003578186035,0,0,0,0,0,0
683,34.153289,66,411,1,0,7.511674404144287,7.210618019104004,-7.404370307922363,-6.001037120819092,0,,0.0,0.0,0.0,12.023003578186035,0,0,0,0,0,0
684,34.203287,35,412,1,1,6.867125034332275,6.832192897796631,-7.9562578201293945,-6.069732666015625,0,,0.0,0.0,0.0,12.023003578186035,0,0,0,0,0,0
685,34.253309,4,413,1,1,6.16251277923584,6.106055736541748,-8.553398132324219,-6.179891109466553,0,,0.0,0.0,0.0,12.023003578186035,0,0,0,0,0,0
686,34.303286,54,413,1,0,6.16251277923584,6.106055736541748,-8.553398132324219,-6.179891109466553,0,,0.0,0.0,0.0,12.023003578186035,0,0,0,0,0,0
687,34.353287,19,414,1,1,5.343295574188232,5.246951580047607,-9.262401580810547,-6.371686935424805,0,,0.0,0.0,0.0,12.023003578186035,0,0,0,0,0,0
688,34.403286,69,414,1,0,5.343295574188232,5.246951580047607,-9.262401580810547,-6.371686935424805,0,,0.0,0.0,0.0,12.023003578186035,0,0,0,0,0,0
689,34.453287,35,415,1,1,4.572290897369385,4.61283016204834,-9.720027923583984,-6.290704727172852,0,,0.0,0.0,0.0,12.023003578186035,0,0,0,0,0,0
690,34.503315,3,416,1,1,3.9039559364318848,4.111551284790039,-9.842620849609375,-5.880259037017822,0,,0.0,0.0,0.0,12.023003578186035,0,0,0,0,0,0
691,34.553295,53,416,1,0,3.9039559364318848,4.111551284790039,-9.842620849609375,-5.880259037017822,0,,0.0,0.0,0.0,12.023003578186035,0,0,0,0,0,0
692,34.603287,16,417,1,1,3.4821388721466064,4.101438045501709,-9.153038024902344,-4.626993179321289,0,,0.0,0.0,0.0,11.993690490722656,0,0,0,0,0,0
693,34.653305,66,417,1,0,3.4821388721466064,4.101438045501709,-9.153038024902344,-4.626993179321289,0,,0.0,0.0,0.0,11.993690490722656,0,0,0,0,0,0
694,34.703287,32,418,1,1,3.3954625129699707,4.346896648406982,-7.709521293640137,-2.7156150341033936,0,,0.0,0.0,0.0,11.993690490722656,0,0,0,0,0,0
695,34.753286,82,418,1,0,3.3954625129699707,4.346896648406982,-7.709521293640137,-2.7156150341033936,0,,0.0,0.0,0.0,11.993690490722656,0,0,0,0,0,0
696,34.803288,48,419,1,1,3.5779733657836914,4.7253217697143555,-5.737846374511719,-0.42050981521606445,0,,0.0,0.0,0.0,11.993690490722656,0,0,0,0,0,0
697,34.853298,16,420,1,1,4.090073585510254,5.451458930969238,-3.198125123977661,2.2662744522094727,0,,0.0,0.0,0.0,11.993690490722656,0,0,0,0,0,0
698,34.903291,66,420,1,0,4.090073585510254,5.451458930969238,-3.198125123977661,2.2662744522094727,0,,0.0,0.0,0.0,11.993690490722656,0,0,0,0,0,0
699,34.953287,35,421,1,1,4.706587791442871,5.921899795532227,-0.7433769702911377,4.6380205154418945,0,,0.0,0.0,0.0,11.993690490722656,0,0,0,0,0,0
700,35.003302,4,422,1,1,5.461064338684082,6.586734294891357,1.727200984954834,6.826546669006348,0,,0.0,0.0,0.0,11.993690490722656,0,0,0,0,0,0
701,35.053294,54,422,1,0,5.461064338684082,6.586734294891357,1.727200984954834,6.826546669006348,0,,0.0,0.0,0.0,11.993690490722656,0,0,0,0,0,0
702,35.10329,19,423,1,1,6.316568851470947,7.261806964874268,4.106941223144531,8.705862998962402,0,,0.0,0.0,0.0,12.023003578186035,0,0,0,0,0,0
703,35.153289,69,423,1,0,6.316568851470947,7.261806964874268,4.106941223144531,8.705862998962402,0,,0.0,0.0,0.0,12.023003578186035,0,0,0,0,0,0
704,35.203287,35,424,1,1,7.298224449157715,8.131149291992188,6.431949615478516,10.369502067565918,0,,0.0,0.0,0.0,12.023003578186035,0,0,0,0,0,0
705,35.253326,3,425,1,1,7.883937835693359,7.9164042472839355,7.3437628746032715,10.43371295928955,0,,0.0,0.0,0.0,12.023003578186035,0,0,0,0,0,0
706,35.303286,53,425,1,0,7.883937835693359,7.9164042472839355,7.3437628746032715,10.43371295928955,0,,0.0,0.0,0.0,12.023003578186035,0,0,0,0,0,0
707,35.353317,19,426,1,1,7.992364406585693,7.241331577301025,6.787657737731934,8.938423156738281,0,,0.0,0.0,0.0,12.023003578186035,0,0,0,0,0,0
708,35.403286,69,426,1,0,7.992364406585693,7.241331577301025,6.787657737731934,8.938423156738281,0,,0.0,0.0,0.0,12.023003578186035,0,0,0,0,0,0
709,35.453322,34,427,1,1,7.659180641174316,6.371989727020264,5.070931434631348,6.353957653045654,0,,0.0,0.0,0.0,12.023003578186035,0,0,0,0,0,0
710,35.503303,3,428,1,1,6.866102695465088,5.165049076080322,2.3765265941619873,3.0038795471191406,0,,0.0,0.0,0.0,12.023003578186035,0,0,0,0,0,0
711,35.553289,53,428,1,0,6.866102695465088,5.165049076080322,2.3765265941619873,3.0038795471191406,0,,0.0,0.0,0.0,12.023003578186035,0,0,0,0,0,0
712,35.603287,16,429,1,1,5.962549686431885,4.4389119148254395,-0.3102703094482422,-0.0731360912322998,0,,0.0,0.0,0.0,12.023003578186035,0,0,0,0,0,0
713,35.653295,66,429,1,0,5.962549686431885,4.4389119148254395,-0.3102703094482422,-0.0731360912322998,0,,0.0,0.0,0.0,12.023003578186035,0,0,0,0,0,0
714,35.703292,33,430,1,1,4.976944446563721,3.661585807800293,-2.8319308757781982,-2.6986160278320312,0,,0.0,0.0,0.0,12.023003578186035,0,0,0,0,0,0
715,35.753295,83,430,1,0,4.976944446563721,3.661585807800293,-2.8319308757781982,-2.6986160278320312,0,,0.0,0.0,0.0,12.023003578186035,0,0,0,0,0,0
716,35.803286,52,431,1,1,4.305628299713135,3.7025372982025146,-4.183926105499268,-3.8820579051971436,0,,0.0,0.0,0.0,12.023003578186035,0,0,0,0,0,0
717,35.853287,16,432,1,1,4.266724586486816,4.7253217697143555,-3.637430429458618,-2.9629733562469482,0,,0.0,0.0,0.0,12.023003578186035,0,0,0,0,0,0
718,35.903286,66,432,1,0,4.266724586486816,4.7253217697143555,-3.637430429458618,-2.9629733562469482,0,,0.0,0.0,0.0,12.023003578186035,0,0,0,0,0,0
719,35.953287,35,433,1,1,5.227148056030273,6.985635280609131,-0.5644476413726807,0.4962117671966553,0,,0.0,0.0,0.0,12.023003578186035,0,0,0,0,0,0
720,36.003309,3,434,1,1,7.468159198760986,10.65739631652832,5.4685282707214355,6.754330635070801,0,,0.0,0.0,0.0,12.023003578186035,0,0,0,0,0,0
721,36.053294,53,434,1,0,7.468159198760986,10.65739631652832,5.4685282707214355,6.754330635070801,0,,0.0,0.0,0.0,12.023003578186035,0,0,0,0,0,0
722,36.103288,19,435,1,1,9.546341896057129,11.751846313476562,10.226289749145508,11.130001068115234,0,,0.0,0.0,0.0,12.052318572998047,0,0,0,0,0,0
723,36.153286,69,435,1,0,9.546341896057129,11.751846313476562,10.226289749145508,11.130001068115234,0,,0.0,0.0,0.0,12.052318572998047,0,0,0,0,0,0
724,36.203287,35,436,1,1,11.330653190612793,12.54952335357666,13.489608764648438,13.560624122619629,0,,0.0,0.0,0.0,12.052318572998047,0,0,0,0,0,0
725,36.253307,4,437,1,1,12.523321151733398,12.600711822509766,14.733642578125,13.712663650512695,0,,0.0,0.0,0.0,12.052318572998047,0,0,0,0,0,0
726,36.303286,54,437,1,0,12.523321151733398,12.600711822509766,14.733642578125,13.712663650512695,0,,0.0,0.0,0.0,12.052318572998047,0,0,0,0,0,0
727,36.353287,19,438,1,1,13.210494041442871,12.36549186706543,14.283241271972656,12.025696754455566,0,,0.0,0.0,0.0,12.052318572998047,0,0,0,0,0,0
728,36.403288,69,438,1,0,13.210494041442871,12.36549186706543,14.283241271972656,12.025696754455566,0,,0.0,0.0,0.0,12.052318572998047,0,0,0,0,0,0
729,36.453287,35,439,1,1,13.477669715881348,12.140508651733398,12.73197078704834,9.352235794067383,0,,0.0,0.0,0.0,12.052318572998047,0,0,0,0,0,0
730,36.503313,4,440,1,1,13.314249992370605,11.608641624450684,10.277578353881836,5.998779296875,0,,0.0,0.0,0.0,12.052318572998047,0,0,0,0,0,0
731,36.553291,54,440,1,0,13.314249992370605,11.608641624450684,10.277578353881836,5.998779296875,0,,0.0,0.0,0.0,12.052318572998047,0,0,0,0,0,0
732,36.603287,15,441,1,1,12.567136764526367,10.299447059631348,6.375417709350586,1.3698225021362305,0,,0.0,0.0,0.0,12.052318572998047,0,0,0,0,0,0
733,36.653299,65,441,1,0,12.567136764526367,10.299447059631348,6.375417709350586,1.3698225021362305,0,,0.0,0.0,0.0,12.052318572998047,0,0,0,0,0,0
734,36.703287,32,442,1,1,11.392230987548828,9.061918258666992,2.010885715484619,-3.302426338195801,0,,0.0,0.0,0.0,12.052318572998047,0,0,0,0,0,0
735,36.753286,82,442,1,0,11.392230987548828,9.061918258666992,2.010885715484619,-3.302426338195801,0,,0.0,0.0,0.0,12.052318572998047,0,0,0,0,0,0
736,36.803288,48,443,1,1,9.855159759521484,7.5379791259765625,-2.7032785415649414,-7.931972026824951,0,,0.0,0.0,0.0,12.052318572998047,0,0,0,0,0,0
737,36.853312,16,444,1,1,8.185750007629395,6.2185468673706055,-7.070502281188965,-11.81159782409668,0,,0.0,0.0,0.0,12.052318572998047,0,0,0,0,0,0
738,36.903286,66,444,1,0,8.185750007629395,6.2185468673706055,-7.070502281188965,-11.81159782409668,0,,0.0,0.0,0.0,12.052318572998047,0,0,0,0,0,0
739,36.953291,35,445,1,1,6.3064470291137695,4.530927658081055,-11.343901634216309,-15.275125503540039,0,,0.0,0.0,0.0,12.052318572998047,0,0,0,0,0,0
740,37.003309,4,446,1,1,4.369790077209473,3.006988763809204,-15.116799354553223,-17.923898696899414,0,,0.0,0.0,0.0,12.052318572998047,0,0,0,0,0,0
741,37.053294,54,446,1,0,4.369790077209473,3.006988763809204,-15.116799354553223,-17.923898696899414,0,,0.0,0.0,0.0,12.052318572998047,0,0,0,0,0,0
742,37.103289,19,447,1,1,2.4735851287841797,1.7182704210281372,-18.078052520751953,-19.425235748291016,0,,0.0,0.0,0.0,12.052318572998047,0,0,0,0,0,0
743,37.153348,69,447,1,0,2.4735851287841797,1.7182704210281372,-18.078052520751953,-19.425235748291016,0,,0.0,0.0,0.0,12.052318572998047,0,0,0,0,0,0
744,37.203287,34,448,1,1,0.8203445076942444,0.75685054063797,-19.851369857788086,-19.552732467651367,0,,0.0,0.0,0.0,12.052318572998047,0,0,0,0,0,0
745,37.253311,4,449,1,1,-0.2149820327758789,0.6443592309951782,-19.802371978759766,-17.86890983581543,0,,0.0,0.0,0.0,12.052318572998047,0,0,0,0,0,0
746,37.303289,54,449,1,0,-0.2149820327758789,0.6443592309951782,-19.802371978759766,-17.86890983581543,0,,0.0,0.0,0.0,12.052318572998047,0,0,0,0,0,0
747,37.353294,19,450,1,1,-0.912866473197937,0.5318679213523865,-18.56158447265625,-14.988571166992188,0,,0.0,0.0,0.0,12.052318572998047,0,0,0,0,0,0
748,37.403315,69,450,1,0,-0.912866473197937,0.5318679213523865,-18.56158447265625,-14.988571166992188,0,,0.0,0.0,0.0,12.052318572998047,0,0,0,0,0,0
749,37.453287,35,451,1,1,-1.2147631645202637,0.5829946398735046,-16.378681182861328,-11.396526336669922,0,,0.0,0.0,0.0,12.052318572998047,0,0,0,0,0,0
750,37.503352,4,452,1,1,-1.3084404468536377,0.46026548743247986,-13.971641540527344,-7.91988468170166,0,,0.0,0.0,0.0,12.052318572998047,0,0,0,0,0,0
751,37.553289,54,452,1,0,-1.3084404468536377,0.46026548743247986,-13.971641540527344,-7.91988468170166,0,,0.0,0.0,0.0,12.052318572998047,0,0,0,0,0,0
752,37.603287,16,453,1,1,-1.3463382720947266,0.3068852722644806,-11.45284652709961,-4.563922882080078,0,,0.0,0.0,0.0,12.052318572998047,0,0,0,0,0,0
753,37.65331,66,453,1,0,-1.3463382720947266,0.3068852722644806,-11.45284652709961,-4.563922882080078,0,,0.0,0.0,0.0,12.052318572998047,0,0,0,0,0,0
754,37.703287,33,454,1,1,-1.1716115474700928,0.38866308331489563,-8.839947700500488,-1.4420154094696045,0,,0.0,0.0,0.0,12.052318572998047,0,0,0,0,0,0
755,37.753291,83,454,1,0,-1.1716115474700928,0.38866308331489563,-8.839947700500488,-1.4420154094696045,0,,0.0,0.0,0.0,12.052318572998047,0,0,0,0,0,0
756,37.803286,52,455,1,1,-0.9254613518714905,0.41937658190727234,-6.42671012878418,1.19944167137146,0,,0.0,0.0,0.0,12.052318572998047,0,0,0,0,0,0
757,37.853287,15,456,1,1,-0.584195077419281,0.6341213583946228,-3.9696898460388184,3.655212163925171,0,,0.0,0.0,0.0,12.052318572998047,0,0,0,0,0,0
758,37.903286,65,456,1,0,-0.584195077419281,0.6341213583946228,-3.9696898460388184,3.655212163925171,0,,0.0,0.0,0.0,12.052318572998047,0,0,0,0,0,0
759,37.953297,34,457,1,1,-0.24491995573043823,0.6545970439910889,-1.975117802619934,5.428399085998535,0,,0.0,0.0,0.0,12.052318572998047,0,0,0,0,0,0
760,38.003302,3,458,1,1,0.008436262607574463,0.5625814199447632,-0.4998328685760498,6.5099663734436035,0,,0.0,0.0,0.0,12.052318572998047,0,0,0,0,0,0
761,38.053287,53,458,1,0,0.008436262607574463,0.5625814199447632,-0.4998328685760498,6.5099663734436035,0,,0.0,0.0,0.0,12.052318572998047,0,0,0,0,0,0
762,38.103292,19,459,1,1,0.18674123287200928,0.46026548743247986,0.5652086734771729,7.051150321960449,0,,0.0,0.0,0.0,12.052318572998047,0,0,0,0,0,0
763,38.153286,69,459,1,0,0.18674123287200928,0.46026548743247986,0.5652086734771729,7.051150321960449,0,,0.0,0.0,0.0,12.052318572998047,0,0,0,0,0,0
764,38.203287,35,460,1,1,0.3824387192726135,0.5523435473442078,1.4816499948501587,7.389557361602783,0,,0.0,0.0,0.0,12.052318572998047,0,0,0,0,0,0
765,38.25331,4,461,1,1,0.5331295132637024,0.5421057343482971,2.0970864295959473,7.40718412399292,0,,0.0,0.0,0.0,12.052318572998047,0,0,0,0,0,0
766,38.303288,54,461,1,0,0.5331295132637024,0.5421057343482971,2.0970864295959473,7.40718412399292,0,,0.0,0.0,0.0,12.052318572998047,0,0,0,0,0,0
767,38.353287,19,462,1,1,0.6383546590805054,0.5011544227600098,2.4643287658691406,7.133301258087158,0,,0.0,0.0,0.0,12.052318572998047,0,0,0,0,0,0
768,38.403286,69,462,1,0,0.6383546590805054,0.5011544227600098,2.4643287658691406,7.133301258087158,0,,0.0,0.0,0.0,12.052318572998047,0,0,0,0,0,0
769,38.453287,35,463,1,1,0.7018433213233948,0.4705033302307129,2.620333194732666,6.670759201049805,0,,0.0,0.0,0.0,12.052318572998047,0,0,0,0,0,0
770,38.5033,4,464,1,1,0.7370874285697937,0.46026548743247986,2.6393024921417236,6.126470565795898,0,,0.0,0.0,0.0,12.052318572998047,0,0,0,0,0,0
771,38.553297,54,464,1,0,0.7370874285697937,0.46026548743247986,2.6393024921417236,6.126470565795898,0,,0.0,0.0,0.0,12.052318572998047,0,0,0,0,0,0
772,38.603287,16,465,1,1,0.9622324109077454,0.9205309748649597,3.097308874130249,6.04181432723999,0,,0.0,0.0,0.0,12.052318572998047,0,0,0,0,0,0
773,38.653301,66,465,1,0,0.9622324109077454,0.9205309748649597,3.097308874130249,6.04181432723999,0,,0.0,0.0,0.0,12.052318572998047,0,0,0,0,0,0
774,38.703287,32,466,1,1,1.2887864112854004,1.3500829935073853,3.723022222518921,6.165134906768799,0,,0.0,0.0,0.0,12.052318572998047,0,0,0,0,0,0
775,38.753286,82,466,1,0,1.2887864112854004,1.3500829935073853,3.723022222518921,6.165134906768799,0,,0.0,0.0,0.0,12.052318572998047,0,0,0,0,0,0
776,38.803286,48,467,1,1,1.6548020839691162,1.697857141494751,4.323482036590576,6.251306533813477,0,,0.0,0.0,0.0,12.052318572998047,0,0,0,0,0,0
777,38.853287,15,468,1,1,1.9965171813964844,1.9433155059814453,4.7411603927612305,6.145712852478027,0,,0.0,0.0,0.0,12.052318572998047,0,0,0,0,0,0
778,38.903286,65,468,1,0,1.9965171813964844,1.9433155059814453,4.7411603927612305,6.145712852478027,0,,0.0,0.0,0.0,12.052318572998047,0,0,0,0,0,0
779,38.953287,35,469,1,1,2.1775460243225098,1.8717130422592163,4.663272857666016,5.55098295211792,0,,0.0,0.0,0.0,12.052318572998047,0,0,0,0,0,0
780,39.0033,3,470,1,1,2.3482699394226074,2.025155782699585,4.514857769012451,4.920492649078369,0,,0.0,0.0,0.0,12.052318572998047,0,0,0,0,0,0
781,39.053287,53,470,1,0,2.3482699394226074,2.025155782699585,4.514857769012451,4.920492649078369,0,,0.0,0.0,0.0,12.052318572998047,0,0,0,0,0,0
782,39.103287,19,471,1,1,2.5804250240325928,2.3523917198181152,4.495960712432861,4.4691267013549805,0,,0.0,0.0,0.0,12.023003578186035,0,0,0,0,0,0
783,39.153286,69,471,1,0,2.5804250240325928,2.3523917198181152,4.495960712432861,4.4691267013549805,0,,0.0,0.0,0.0,12.023003578186035,0,0,0,0,0,0
784,39.203287,35,472,1,1,2.7167487144470215,2.3626296520233154,4.195326805114746,3.763446092605591,0,,0.0,0.0,0.0,12.023003578186035,0,0,0,0,0,0
785,39.253306,4,473,1,1,2.825199842453003,2.485358715057373,3.8606209754943848,3.0958240032196045,0,,0.0,0.0,0.0,12.023003578186035,0,0,0,0,0,0
786,39.303302,54,473,1,0,2.825199842453003,2.485358715057373,3.8606209754943848,3.0958240032196045,0,,0.0,0.0,0.0,12.023003578186035,0,0,0,0,0,0
787,39.353287,19,474,1,1,2.7880890369415283,2.2706139087677,3.133784770965576,2.0625529289245605,0,,0.0,0.0,0.0,12.023003578186035,0,0,0,0,0,0
788,39.403286,69,474,1,0,2.7880890369415283,2.2706139087677,3.133784770965576,2.0625529289245605,0,,0.0,0.0,0.0,12.023003578186035,0,0,0,0,0,0
789,39.453291,34,475,1,1,2.6882386207580566,2.1785359382629395,2.3267946243286133,1.0376006364822388,0,,0.0,0.0,0.0,12.023003578186035,0,0,0,0,0,0
790,39.503298,84,475,1,0,2.6882386207580566,2.1785359382629395,2.3267946243286133,1.0376006364822388,0,,0.0,0.0,0.0,12.023003578186035,0,0,0,0,0,0
791,39.553314,51,476,1,1,2.5528550148010254,2.0967581272125244,1.5418331623077393,0.12864017486572266,0,,0.0,0.0,0.0,12.023003578186035,0,0,0,0,0,0
792,39.603287,16,477,1,1,2.4099044799804688,2.0353310108184814,0.8325892090797424,-0.6228635907173157,0,,0.0,0.0,0.0,12.023003578186035,0,0,0,0,0,0
793,39.653323,66,477,1,0,2.4099044799804688,2.0353310108184814,0.8325892090797424,-0.6228635907173157,0,,0.0,0.0,0.0,12.023003578186035,0,0,0,0,0,0
794,39.703287,33,478,1,1,2.2478702068328857,1.9330775737762451,0.18096023797988892,-1.2489993572235107,0,,0.0,0.0,0.0,12.023003578186035,0,0,0,0,0,0
795,39.753298,83,478,1,0,2.2478702068328857,1.9330775737762451,0.18096023797988892,-1.2489993572235107,0,,0.0,0.0,0.0,12.023003578186035,0,0,0,0,0,0
796,39.803286,52,479,1,1,2.0371532440185547,1.7285082340240479,-0.4992597699165344,-1.8536394834518433,0,,0.0,0.0,0.0,12.023003578186035,0,0,0,0,0,0
797,39.853287,16,480,1,1,1.7442553043365479,1.411447525024414,-1.2971150875091553,-2.5201895236968994,0,,0.0,0.0,0.0,12.023003578186035,0,0,0,0,0,0
798,39.903286,66,480,1,0,1.7442553043365479,1.411447525024414,-1.2971150875091553,-2.5201895236968994,0,,0.0,0.0,0.0,12.023003578186035,0,0,0,0,0,0
799,39.953287,35,481,1,1,1.5006375312805176,1.3194319009780884,-1.8425865173339844,-2.8765883445739746,0,,0.0,0.0,0.0,12.023003578186035,0,0,0,0,0,0
800,40.003308,4,482,1,1,1.3027801513671875,1.247829556465149,-2.178250551223755,-2.983814001083374,0,,0.0,0.0,0.0,12.023003578186035,0,0,0,0,0,0
801,40.053287,54,482,1,0,1.3027801513671875,1.247829556465149,-2.178250551223755,-2.983814001083374,0,,0.0,0.0,0.0,12.023003578186035,0,0,0,0,0,0
802,40.10329,19,483,1,1,1.10591459274292,1.1046247482299805,-2.4343340396881104,-2.986382007598877,0,,0.0,0.0,0.0,12.023003578186035,0,0,0,0,0,0
803,40.153286,69,483,1,0,1.10591459274292,1.1046247482299805,-2.4343340396881104,-2.986382007598877,0,,0.0,0.0,0.0,12.023003578186035,0,0,0,0,0,0
804,40.203289,35,484,1,1,0.9680296182632446,1.0739736557006836,-2.4824187755584717,-2.774721622467041,0,,0.0,0.0,0.0,12.023003578186035,0,0,0,0,0,0
805,40.253297,4,485,1,1,0.8344016671180725,0.9410066604614258,-2.50639009475708,-2.5651040077209473,0,,0.0,0.0,0.0,12.023003578186035,0,0,0,0,0,0
806,40.303301,54,485,1,0,0.8344016671180725,0.9410066604614258,-2.50639009475708,-2.5651040077209473,0,,0.0,0.0,0.0,12.023003578186035,0,0,0,0,0,0
807,40.353287,18,486,1,1,0.6500788331031799,0.705723762512207,-2.619924545288086,-2.453352212905884,0,,0.0,0.0,0.0,12.023003578186035,0,0,0,0,0,0
808,40.403286,68,486,1,0,0.6500788331031799,0.705723762512207,-2.619924545288086,-2.453352212905884,0,,0.0,0.0,0.0,12.023003578186035,0,0,0,0,0,0
809,40.453287,35,487,1,1,0.5255222916603088,0.6648348569869995,-2.5575613975524902,-2.1757302284240723,0,,0.0,0.0,0.0,12.023003578186035,0,0,0,0,0,0
810,40.503298,4,488,1,1,0.4119442105293274,0.5523435473442078,-2.469883441925049,-1.9001638889312744,0,,0.0,0.0,0.0,12.023003578186035,0,0,0,0,0,0
811,40.553289,54,488,1,0,0.4119442105293274,0.5523435473442078,-2.469883441925049,-1.9001638889312744,0,,0.0,0.0,0.0,12.023003578186035,0,0,0,0,0,0
812,40.603287,16,489,1,1,0.35538792610168457,0.5829946398735046,-2.1947555541992188,-1.438472032546997,0,,0.0,0.0,0.0,12.023003578186035,0,0,0,0,0,0
813,40.653297,66,489,1,0,0.35538792610168457,0.5829946398735046,-2.1947555541992188,-1.438472032546997,0,,0.0,0.0,0.0,12.023003578186035,0,0,0,0,0,0
814,40.703286,33,490,1,1,0.31317031383514404,0.5113922357559204,-1.9342224597930908,-1.041982650756836,0,,0.0,0.0,0.0,12.023003578186035,0,0,0,0,0,0
815,40.753292,83,490,1,0,0.31317031383514404,0.5113922357559204,-1.9342224597930908,-1.041982650756836,0,,0.0,0.0,0.0,12.023003578186035,0,0,0,0,0,0
816,40.803296,51,491,1,1,0.29792100191116333,0.5011544227600098,-1.6351757049560547,-0.640609085559845,0,,0.0,0.0,0.0,12.023003578186035,0,0,0,0,0,0
817,40.853287,16,492,1,1,0.2803838551044464,0.4500276744365692,-1.3649842739105225,-0.3017207384109497,0,,0.0,0.0,0.0,12.023003578186035,0,0,0,0,0,0
818,40.903286,66,492,1,0,0.2803838551044464,0.4500276744365692,-1.3649842739105225,-0.3017207384109497,0,,0.0,0.0,0.0,12.023003578186035,0,0,0,0,0,0
819,40.953287,35,493,1,1,0.3120255768299103,0.5113922357559204,-1.0145251750946045,0.08971616625785828,0,,0.0,0.0,0.0,12.023003578186035,0,0,0,0,0,0
820,41.003303,4,494,1,1,0.30034562945365906,0.39890092611312866,-0.8233398199081421,0.2818175256252289,0,,0.0,0.0,0.0,12.023003578186035,0,0,0,0,0,0
821,41.053287,54,494,1,0,0.30034562945365906,0.39890092611312866,-0.8233398199081421,0.2818175256252289,0,,0.0,0.0,0.0,12.023003578186035,0,0,0,0,0,0
822,41.103287,104,494,1,0,0.30034562945365906,0.39890092611312866,-0.8233398199081421,0.2818175256252289,0,,0.0,0.0,0.0,11.98112678527832,0,0,0,0,0,0
823,41.153291,154,494,1,0,0.30034562945365906,0.39890092611312866,-0.8233398199081421,0.2818175256252289,0,,0.0,0.0,0.0,11.98112678527832,0,0,0,0,0,0
824,41.203286,204,494,1,0,0.30034562945365906,0.39890092611312866,-0.8233398199081421,0.2818175256252289,0,,0.0,0.0,0.0,11.98112678527832,0,0,0,0,0,0
825,41.253376,254,494,1,0,0.30034562945365906,0.39890092611312866,-0.8233398199081421,0.2818175256252289,0,,0.0,0.0,0.0,11.98112678527832,0,0,0,0,0,0
826,41.303297,304,494,1,0,0.30034562945365906,0.39890092611312866,-0.8233398199081421,0.2818175256252289,0,,0.0,0.0,0.0,11.98112678527832,0,0,0,0,0,0
827,41.353287,36,495,1,1,0.2706577479839325,0.3682498633861542,-0.4349881410598755,0.6179261207580566,0,,0.0,0.0,0.0,11.98112678527832,0,0,0,0,0,0
828,41.403301,5,496,1,1,0.27574220299720764,0.3170606791973114,-0.2911694049835205,0.7128399610519409,0,,0.0,0.0,0.0,11.98112678527832,0,0,0,0,0,0
829,41.453294,55,496,1,0,0.27574220299720764,0.3170606791973114,-0.2911694049835205,0.7128399610519409,0,,0.0,0.0,0.0,11.98112678527832,0,0,0,0,0,0
830,41.503288,24,497,1,1,0.2550238370895386,0.2556961178779602,-0.23214983940124512,0.7141454219818115,0,,0.0,0.0,0.0,11.98112678527832,0,0,0,0,0,0
831,41.553286,74,497,1,0,0.2550238370895386,0.2556961178779602,-0.23214983940124512,0.7141454219818115,0,,0.0,0.0,0.0,11.98112678527832,0,0,0,0,0,0
832,41.603296,124,497,1,0,0.2550238370895386,0.2556961178779602,-0.23214983940124512,0.7141454219818115,0,,0.0,0.0,0.0,11.98112678527832,0,0,0,0,0,0
833,41.653314,174,497,1,0,0.2550238370895386,0.2556961178779602,-0.23214983940124512,0.7141454219818115,0,,0.0,0.0,0.0,11.98112678527832,0,0,0,0,0,0
834,41.703314,224,497,1,0,0.2550238370895386,0.2556961178779602,-0.23214983940124512,0.7141454219818115,0,,0.0,0.0,0.0,11.98112678527832,0,0,0,0,0,0
835,41.753286,274,497,1,0,0.2550238370895386,0.2556961178779602,-0.23214983940124512,0.7141454219818115,0,,0.0,0.0,0.0,11.98112678527832,0,0,0,0,0,0
836,41.803318,324,497,1,0,0.2550238370895386,0.2556961178779602,-0.23214983940124512,0.7141454219818115,0,,0.0,0.0,0.0,11.98112678527832,0,0,0,0,0,0
837,41.85329,12,498,1,1,0.24145308136940002,0.2556961178779602,-0.04404318705201149,0.7593823671340942,0,,0.0,0.0,0.0,11.98112678527832,0,0,0,0,0,0
838,41.903286,62,498,1,0,0.24145308136940002,0.2556961178779602,-0.04404318705201149,0.7593823671340942,0,,0.0,0.0,0.0,11.98112678527832,0,0,0,0,0,0
839,41.953287,28,499,1,1,0.23306839168071747,0.22504504024982452,0.00240480899810791,0.7420752048492432,0,,0.0,0.0,0.0,11.98112678527832,0,0,0,0,0,0
840,42.003286,78,499,1,0,0.23306839168071747,0.22504504024982452,0.00240480899810791,0.7420752048492432,0,,0.0,0.0,0.0,11.98112678527832,0,0,0,0,0,0
841,42.053288,47,500,1,1,0.2043306529521942,0.16368047893047333,-0.011213503777980804,0.6681089401245117,0,,0.0,0.0,0.0,11.98112678527832,0,0,0,0,0,0
842,42.103291,97,500,1,0,0.2043306529521942,0.16368047893047333,-0.011213503777980804,0.6681089401245117,0,,0.0,0.0,0.0,12.010440826416016,0,0,0,0,0,0
843,42.153286,147,500,1,0,0.2043306529521942,0.16368047893047333,-0.011213503777980804,0.6681089401245117,0,,0.0,0.0,0.0,12.010440826416016,0,0,0,0,0,0
844,42.203286,197,500,1,0,0.2043306529521942,0.16368047893047333,-0.011213503777980804,0.6681089401245117,0,,0.0,0.0,0.0,12.010440826416016,0,0,0,0,0,0
845,42.253286,247,500,1,0,0.2043306529521942,0.16368047893047333,-0.011213503777980804,0.6681089401245117,0,,0.0,0.0,0.0,12.010440826416016,0,0,0,0,0,0
846,42.30329,297,500,1,0,0.2043306529521942,0.16368047893047333,-0.011213503777980804,0.6681089401245117,0,,0.0,0.0,0.0,12.010440826416016,0,0,0,0,0,0
847,42.353287,35,501,1,1,0.1865401715040207,0.16368047893047333,0.05313652753829956,0.6002498865127563,0,,0.0,0.0,0.0,12.010440826416016,0,0,0,0,0,0
848,42.403304,3,502,1,1,0.17429964244365692,0.1534426361322403,0.05920911207795143,0.5580506324768066,0,,0.0,0.0,0.0,12.010440826416016,0,0,0,0,0,0
849,42.453288,53,502,1,0,0.17429964244365692,0.1534426361322403,0.05920911207795143,0.5580506324768066,0,,0.0,0.0,0.0,12.010440826416016,0,0,0,0,0,0
850,42.503287,21,503,1,1,0.20004913210868835,0.22504504024982452,0.1490776538848877,0.6013886332511902,0,,0.0,0.0,0.0,12.010440826416016,0,0,0,0,0,0
851,42.553289,71,503,1,0,0.20004913210868835,0.22504504024982452,0.1490776538848877,0.6013886332511902,0,,0.0,0.0,0.0,12.010440826416016,0,0,0,0,0,0
852,42.603287,121,503,1,0,0.20004913210868835,0.22504504024982452,0.1490776538848877,0.6013886332511902,0,,0.0,0.0,0.0,12.010440826416016,0,0,0,0,0,0
853,42.653301,171,503,1,0,0.20004913210868835,0.22504504024982452,0.1490776538848877,0.6013886332511902,0,,0.0,0.0,0.0,12.010440826416016,0,0,0,0,0,0
854,42.703287,221,503,1,0,0.20004913210868835,0.22504504024982452,0.1490776538848877,0.6013886332511902,0,,0.0,0.0,0.0,12.010440826416016,0,0,0,0,0,0
855,42.753286,271,503,1,0,0.20004913210868835,0.22504504024982452,0.1490776538848877,0.6013886332511902,0,,0.0,0.0,0.0,12.010440826416016,0,0,0,0,0,0
856,42.803287,321,503,1,0,0.20004913210868835,0.22504504024982452,0.1490776538848877,0.6013886332511902,0,,0.0,0.0,0.0,12.010440826416016,0,0,0,0,0,0
857,42.853289,7,504,1,1,0.2722143828868866,0.29664745926856995,0.34122589230537415,0.670585036277771,0,,0.0,0.0,0.0,12.010440826416016,0,0,0,0,0,0
858,42.903286,57,504,1,0,0.2722143828868866,0.29664745926856995,0.34122589230537415,0.670585036277771,0,,0.0,0.0,0.0,12.010440826416016,0,0,0,0,0,0
859,42.953287,26,505,1,1,0.31385692954063416,0.32729852199554443,0.4226101040840149,0.6966621279716492,0,,0.0,0.0,0.0,12.010440826416016,0,0,0,0,0,0
860,43.003286,76,505,1,0,0.31385692954063416,0.32729852199554443,0.4226101040840149,0.6966621279716492,0,,0.0,0.0,0.0,12.010440826416016,0,0,0,0,0,0
861,43.053296,45,506,1,1,0.327371209859848,0.29664745926856995,0.4262295067310333,0.6454219818115234,0,,0.0,0.0,0.0,12.010440826416016,0,0,0,0,0,0
862,43.103287,95,506,1,0,0.327371209859848,0.29664745926856995,0.4262295067310333,0.6454219818115234,0,,0.0,0.0,0.0,12.010440826416016,0,0,0,0,0,0
863,43.153287,145,506,1,0,0.327371209859848,0.29664745926856995,0.4262295067310333,0.6454219818115234,0,,0.0,0.0,0.0,12.010440826416016,0,0,0,0,0,0
864,43.203286,195,506,1,0,0.327371209859848,0.29664745926856995,0.4262295067310333,0.6454219818115234,0,,0.0,0.0,0.0,12.010440826416016,0,0,0,0,0,0
865,43.253286,245,506,1,0,0.327371209859848,0.29664745926856995,0.4262295067310333,0.6454219818115234,0,,0.0,0.0,0.0,12.010440826416016,0,0,0,0,0,0
866,43.303287,295,506,1,0,0.327371209859848,0.29664745926856995,0.4262295067310333,0.6454219818115234,0,,0.0,0.0,0.0,12.010440826416016,0,0,0,0,0,0
867,43.353298,345,506,1,0,0.327371209859848,0.29664745926856995,0.4262295067310333,0.6454219818115234,0,,0.0,0.0,0.0,12.010440826416016,0,0,0,0,0,0
868,43.403351,51,507,1,1,0.3827630877494812,0.3477741777896881,0.4544893503189087,0.5490236282348633,0,,0.0,0.0,0.0,12.010440826416016,0,0,0,0,0,0
869,43.453287,17,508,1,1,0.40203115344047546,0.378425270318985,0.45298245549201965,0.5033890008926392,0,,0.0,0.0,0.0,12.010440826416016,0,0,0,0,0,0
870,43.503295,67,508,1,0,0.40203115344047546,0.378425270318985,0.45298245549201965,0.5033890008926392,0,,0.0,0.0,0.0,12.010440826416016,0,0,0,0,0,0
871,43.553289,35,509,1,1,0.36572298407554626,0.26593396067619324,0.3223896026611328,0.3373018503189087,0,,0.0,0.0,0.0,12.010440826416016,0,0,0,0,0,0
872,43.603324,3,510,1,1,0.3493335545063019,0.2864096164703369,0.24761968851089478,0.23752371966838837,0,,0.0,0.0,0.0,12.010440826416016,0,0,0,0,0,0
873,43.653303,53,510,1,0,0.3493335545063019,0.2864096164703369,0.24761968851089478,0.23752371966838837,0,,0.0,0.0,0.0,12.010440826416016,0,0,0,0,0,0
874,43.703287,22,511,1,1,0.34468820691108704,0.3068852722644806,0.20613232254981995,0.17801886796951294,0,,0.0,0.0,0.0,12.010440826416016,0,0,0,0,0,0
875,43.753318,72,511,1,0,0.34468820691108704,0.3068852722644806,0.20613232254981995,0.17801886796951294,0,,0.0,0.0,0.0,12.010440826416016,0,0,0,0,0,0
876,43.803286,38,512,1,1,0.3648989796638489,0.3682498633861542,0.22662027180194855,0.1834646761417389,0,,0.0,0.0,0.0,12.010440826416016,0,0,0,0,0,0
877,43.853317,6,513,1,1,0.3653057813644409,0.33753636479377747,0.19508479535579681,0.13746307790279388,0,,0.0,0.0,0.0,12.010440826416016,0,0,0,0,0,0
878,43.903286,56,513,1,0,0.3653057813644409,0.33753636479377747,0.19508479535579681,0.13746307790279388,0,,0.0,0.0,0.0,12.010440826416016,0,0,0,0,0,0
879,43.953314,24,514,1,1,0.3804127275943756,0.378425270318985,0.20296518504619598,0.134100079536438,0,,0.0,0.0,0.0,12.010440826416016,0,0,0,0,0,0
880,44.003293,74,514,1,0,0.3804127275943756,0.378425270318985,0.20296518504619598,0.134100079536438,0,,0.0,0.0,0.0,12.010440826416016,0,0,0,0,0,0
881,44.053291,43,515,1,1,0.37722182273864746,0.3477741777896881,0.16306611895561218,0.08352730423212051,0,,0.0,0.0,0.0,12.010440826416016,0,0,0,0,0,0
882,44.103287,11,516,1,1,0.33578819036483765,0.2556961178779602,0.029531404376029968,-0.05709349364042282,0,,0.0,0.0,0.0,12.010440826416016,0,0,0,0,0,0
883,44.153286,61,516,1,0,0.33578819036483765,0.2556961178779602,0.029531404376029968,-0.05709349364042282,0,,0.0,0.0,0.0,12.010440826416016,0,0,0,0,0,0
884,44.203287,111,516,1,0,0.33578819036483765,0.2556961178779602,0.029531404376029968,-0.05709349364042282,0,,0.0,0.0,0.0,12.010440826416016,0,0,0,0,0,0
885,44.253286,161,516,1,0,0.33578819036483765,0.2556961178779602,0.029531404376029968,-0.05709349364042282,0,,0.0,0.0,0.0,12.010440826416016,0,0,0,0,0,0
886,44.303294,46,517,1,1,0.370303750038147,0.39890092611312866,0.09819820523262024,0.020568765699863434,0,,0.0,0.0,0.0,12.010440826416016,0,0,0,0,0,0
887,44.353291,15,518,1,1,0.36431917548179626,0.3477741777896881,0.06527924537658691,-0.013983447104692459,0,,0.0,0.0,0.0,12.010440826416016,0,0,0,0,0,0
888,44.403286,65,518,1,0,0.36431917548179626,0.3477741777896881,0.06527924537658691,-0.013983447104692459,0,,0.0,0.0,0.0,12.010440826416016,0,0,0,0,0,0
889,44.453287,34,519,1,1,0.316190242767334,0.24545828998088837,-0.06655006855726242,-0.14587828516960144,0,,0.0,0.0,0.0,12.010440826416016,0,0,0,0,0,0
890,44.503308,3,520,1,1,0.30037206411361694,0.2864096164703369,-0.1029205173254013,-0.17088517546653748,0,,0.0,0.0,0.0,12.010440826416016,0,0,0,0,0,0
891,44.553287,53,520,1,0,0.30037206411361694,0.2864096164703369,-0.1029205173254013,-0.17088517546653748,0,,0.0,0.0,0.0,12.010440826416016,0,0,0,0,0,0
892,44.603287,16,521,1,1,0.30174046754837036,0.3170606791973114,-0.09023797512054443,-0.14267058670520782,0,,0.0,0.0,0.0,12.010440826416016,0,0,0,0,0,0
893,44.653291,66,521,1,0,0.30174046754837036,0.3170606791973114,-0.09023797512054443,-0.14267058670520782,0,,0.0,0.0,0.0,12.010440826416016,0,0,0,0,0,0
894,44.703287,33,522,1,1,0.31614309549331665,0.3477741777896881,-0.045321956276893616,-0.08439186215400696,0,,0.0,0.0,0.0,12.010440826416016,0,0,0,0,0,0
895,44.753287,83,522,1,0,0.31614309549331665,0.3477741777896881,-0.045321956276893616,-0.08439186215400696,0,,0.0,0.0,0.0,12.010440826416016,0,0,0,0,0,0
896,44.803286,51,523,1,1,0.3437127470970154,0.38866308331489563,0.028446722775697708,-0.0014421790838241577,0,,0.0,0.0,0.0,12.010440826416016,0,0,0,0,0,0
897,44.853286,16,524,1,1,0.33403220772743225,0.3170606791973114,-0.0028492677956819534,-0.033493392169475555,0,,0.0,0.0,0.0,12.010440826416016,0,0,0,0,0,0
898,44.903286,66,524,1,0,0.33403220772743225,0.3170606791973114,-0.0028492677956819534,-0.033493392169475555,0,,0.0,0.0,0.0,12.010440826416016,0,0,0,0,0,0
899,44.953291,35,525,1,1,0.30990591645240784,0.2761717736721039,-0.06699902564287186,-0.0966813713312149,0,,0.0,0.0,0.0,12.010440826416016,0,0,0,0,0,0
900,45.00331,4,526,1,1,0.2926175892353058,0.2761717736721039,-0.1047404557466507,-0.12746849656105042,0,,0.0,0.0,0.0,12.010440826416016,0,0,0,0,0,0
901,45.053287,54,526,1,0,0.2926175892353058,0.2761717736721039,-0.1047404557466507,-0.12746849656105042,0,,0.0,0.0,0.0,12.010440826416016,0,0,0,0,0,0
902,45.103287,18,527,1,1,0.25882628560066223,0.22504504024982452,-0.17905747890472412,-0.19271937012672424,0,,0.0,0.0,0.0,12.002065658569336,0,0,0,0,0,0
903,45.153332,68,527,1,0,0.25882628560066223,0.22504504024982452,-0.17905747890472412,-0.19271937012672424,0,,0.0,0.0,0.0,12.002065658569336,0,0,0,0,0,0
904,45.203325,34,528,1,1,0.2784211337566376,0.32729852199554443,-0.10321235656738281,-0.09784071147441864,0,,0.0,0.0,0.0,12.002065658569336,0,0,0,0,0,0
905,45.253325,3,529,1,1,0.3022144138813019,0.3477741777896881,-0.026638992130756378,-0.010575830936431885,0,,0.0,0.0,0.0,12.002065658569336,0,0,0,0,0,0
906,45.303285,53,529,1,0,0.3022144138813019,0.3477741777896881,-0.026638992130756378,-0.010575830936431885,0,,0.0,0.0,0.0,12.002065658569336,0,0,0,0,0,0
907,45.353287,19,530,1,1,0.27715349197387695,0.24545828998088837,-0.08697494864463806,-0.07208251953125,0,,0.0,0.0,0.0,12.002065658569336,0,0,0,0,0,0
908,45.403286,69,530,1,0,0.27715349197387695,0.24545828998088837,-0.08697494864463806,-0.07208251953125,0,,0.0,0.0,0.0,12.002065658569336,0,0,0,0,0,0
909,45.45329,35,531,1,1,0.268058180809021,0.26593396067619324,-0.09703968465328217,-0.07623805105686188,0,,0.0,0.0,0.0,12.002065658569336,0,0,0,0,0,0
910,45.503304,4,532,1,1,0.2667042315006256,0.2761717736721039,-0.08558408170938492,-0.05793273448944092,0,,0.0,0.0,0.0,12.002065658569336,0,0,0,0,0,0
911,45.553327,54,532,1,0,0.2667042315006256,0.2761717736721039,-0.08558408170938492,-0.05793273448944092,0,,0.0,0.0,0.0,12.002065658569336,0,0,0,0,0,0
912,45.603289,16,533,1,1,0.26190900802612305,0.26593396067619324,-0.08292022347450256,-0.04986581951379776,0,,0.0,0.0,0.0,12.002065658569336,0,0,0,0,0,0
913,45.653303,66,533,1,0,0.26190900802612305,0.26593396067619324,-0.08292022347450256,-0.04986581951379776,0,,0.0,0.0,0.0,12.002065658569336,0,0,0,0,0,0
914,45.703289,116,533,1,0,0.26190900802612305,0.26593396067619324,-0.08292022347450256,-0.04986581951379776,0,,0.0,0.0,0.0,12.002065658569336,0,0,0,0,0,0
915,45.753314,166,533,1,0,0.26190900802612305,0.26593396067619324,-0.08292022347450256,-0.04986581951379776,0,,0.0,0.0,0.0,12.002065658569336,0,0,0,0,0,0
916,45.803286,52,534,1,1,0.25728121399879456,0.26593396067619324,-0.06601500511169434,-0.024238822981715202,0,,0.0,0.0,0.0,12.002065658569336,0,0,0,0,0,0
917,45.853287,16,535,1,1,0.2534838616847992,0.2556961178779602,-0.06317469477653503,-0.01921064592897892,0,,0.0,0.0,0.0,12.002065658569336,0,0,0,0,0,0
918,45.903304,66,535,1,0,0.2534838616847992,0.2556961178779602,-0.06317469477653503,-0.01921064592897892,0,,0.0,0.0,0.0,12.002065658569336,0,0,0,0,0,0
919,45.953287,35,536,1,1,0.24706007540225983,0.24545828998088837,-0.0678035244345665,-0.022365324199199677,0,,0.0,0.0,0.0,12.002065658569336,0,0,0,0,0,0
920,46.003337,4,537,1,1,0.22166943550109863,0.19433154165744781,-0.1188838928937912,-0.07321320474147797,0,,0.0,0.0,0.0,12.002065658569336,0,0,0,0,0,0
921,46.053287,54,537,1,0,0.22166943550109863,0.19433154165744781,-0.1188838928937912,-0.07321320474147797,0,,0.0,0.0,0.0,12.002065658569336,0,0,0,0,0,0
922,46.103301,18,538,1,1,0.22127322852611542,0.23528288304805756,-0.09969227015972137,-0.04685597121715546,0,,0.0,0.0,0.0,12.069068908691406,0,0,0,0,0,0
923,46.153286,68,538,1,0,0.22127322852611542,0.23528288304805756,-0.09969227015972137,-0.04685597121715546,0,,0.0,0.0,0.0,12.069068908691406,0,0,0,0,0,0
924,46.203287,118,538,1,0,0.22127322852611542,0.23528288304805756,-0.09969227015972137,-0.04685597121715546,0,,0.0,0.0,0.0,12.069068908691406,0,0,0,0,0,0
925,46.253307,4,539,1,1,0.19381123781204224,0.18409371376037598,-0.1341715306043625,-0.07404198497533798,0,,0.0,0.0,0.0,12.069068908691406,0,0,0,0,0,0
926,46.303286,54,539,1,0,0.19381123781204224,0.18409371376037598,-0.1341715306043625,-0.07404198497533798,0,,0.0,0.0,0.0,12.069068908691406,0,0,0,0,0,0
927,46.353287,19,540,1,1,0.19256143271923065,0.20456938445568085,-0.11474181711673737,-0.04802391678094864,0,,0.0,0.0,0.0,12.069068908691406,0,0,0,0,0,0
928,46.403286,69,540,1,0,0.19256143271923065,0.20456938445568085,-0.11474181711673737,-0.04802391678094864,0,,0.0,0.0,0.0,12.069068908691406,0,0,0,0,0,0
929,46.453287,34,541,1,1,0.21910138428211212,0.26593396067619324,-0.029467448592185974,0.042572878301143646,0,,0.0,0.0,0.0,12.069068908691406,0,0,0,0,0,0
930,46.5033,84,541,1,0,0.21910138428211212,0.26593396067619324,-0.029467448592185974,0.042572878301143646,0,,0.0,0.0,0.0,12.069068908691406,0,0,0,0,0,0
931,46.553289,50,542,1,1,0.22461287677288055,0.23528288304805756,-0.00657445564866066,0.06221100687980652,0,,0.0,0.0,0.0,12.069068908691406,0,0,0,0,0,0
932,46.603287,16,543,1,1,0.22032952308654785,0.21480721235275269,-0.011195546016097069,0.05218631029129028,0,,0.0,0.0,0.0,12.069068908691406,0,0,0,0,0,0
933,46.653308,66,543,1,0,0.22032952308654785,0.21480721235275269,-0.011195546016097069,0.05218631029129028,0,,0.0,0.0,0.0,12.069068908691406,0,0,0,0,0,0
934,46.703286,116,543,1,0,0.22032952308654785,0.21480721235275269,-0.011195546016097069,0.05218631029129028,0,,0.0,0.0,0.0,12.069068908691406,0,0,0,0,0,0
935,46.753297,166,543,1,0,0.22032952308654785,0.21480721235275269,-0.011195546016097069,0.05218631029129028,0,,0.0,0.0,0.0,12.069068908691406,0,0,0,0,0,0
936,46.803286,51,544,1,1,0.2433529645204544,0.26593396067619324,0.058552347123622894,0.11338552832603455,0,,0.0,0.0,0.0,12.069068908691406,0,0,0,0,0,0
937,46.853293,16,545,1,1,0.22356203198432922,0.19433154165744781,0.0066339969635009766,0.05185514688491821,0,,0.0,0.0,0.0,12.069068908691406,0,0,0,0,0,0
938,46.903286,66,545,1,0,0.22356203198432922,0.19433154165744781,0.0066339969635009766,0.05185514688491821,0,,0.0,0.0,0.0,12.069068908691406,0,0,0,0,0,0
939,46.953287,35,546,1,1,0.21577470004558563,0.20456938445568085,-0.009765872731804848,0.031170280650258064,0,,0.0,0.0,0.0,12.069068908691406,0,0,0,0,0,0
940,47.003293,3,547,1,1,0.24055209755897522,0.2761717736721039,0.055107083171606064,0.09404982626438141,0,,0.0,0.0,0.0,12.069068908691406,0,0,0,0,0,0
941,47.053287,53,547,1,0,0.24055209755897522,0.2761717736721039,0.055107083171606064,0.09404982626438141,0,,0.0,0.0,0.0,12.069068908691406,0,0,0,0,0,0
942,47.103292,19,548,1,1,0.2117028534412384,0.16368047893047333,-0.020959943532943726,0.009061053395271301,0,,0.0,0.0,0.0,12.069068908691406,0,0,0,0,0,0
943,47.153286,69,548,1,0,0.2117028534412384,0.16368047893047333,-0.020959943532943726,0.009061053395271301,0,,0.0,0.0,0.0,12.069068908691406,0,0,0,0,0,0
944,47.203286,35,549,1,1,0.23305945098400116,0.26593396067619324,0.037872057408094406,0.06793008744716644,0,,0.0,0.0,0.0,12.069068908691406,0,0,0,0,0,0
945,47.2533,4,550,1,1,0.26524150371551514,0.3068852722644806,0.11661192774772644,0.14226561784744263,0,,0.0,0.0,0.0,12.069068908691406,0,0,0,0,0,0
946,47.303286,54,550,1,0,0.26524150371551514,0.3068852722644806,0.11661192774772644,0.14226561784744263,0,,0.0,0.0,0.0,12.069068908691406,0,0,0,0,0,0
947,47.353292,18,551,1,1,0.24198931455612183,0.19433154165744781,0.042256176471710205,0.054297447204589844,0,,0.0,0.0,0.0,12.069068908691406,0,0,0,0,0,0
948,47.403286,68,551,1,0,0.24198931455612183,0.19433154165744781,0.042256176471710205,0.054297447204589844,0,,0.0,0.0,0.0,12.069068908691406,0,0,0,0,0,0
949,47.453289,35,552,1,1,0.232875794172287,0.21480721235275269,0.013857968151569366,0.020821519196033478,0,,0.0,0.0,0.0,12.069068908691406,0,0,0,0,0,0
950,47.503308,4,553,1,1,0.21345224976539612,0.18409371376037598,-0.037508610635995865,-0.03327865153551102,0,,0.0,0.0,0.0,12.069068908691406,0,0,0,0,0,0
951,47.553287,54,553,1,0,0.21345224976539612,0.18409371376037598,-0.037508610635995865,-0.03327865153551102,0,,0.0,0.0,0.0,12.069068908691406,0,0,0,0,0,0
952,47.603333,16,554,1,1,0.19912326335906982,0.18409371376037598,-0.0686795562505722,-0.0621437206864357,0,,0.0,0.0,0.0,12.069068908691406,0,0,0,0,0,0
953,47.653293,66,554,1,0,0.19912326335906982,0.18409371376037598,-0.0686795562505722,-0.0621437206864357,0,,0.0,0.0,0.0,12.069068908691406,0,0,0,0,0,0
954,47.703329,116,554,1,0,0.19912326335906982,0.18409371376037598,-0.0686795562505722,-0.0621437206864357,0,,0.0,0.0,0.0,12.069068908691406,0,0,0,0,0,0
955,47.753287,166,554,1,0,0.19912326335906982,0.18409371376037598,-0.0686795562505722,-0.0621437206864357,0,,0.0,0.0,0.0,12.069068908691406,0,0,0,0,0,0
956,47.803324,216,554,1,0,0.19912326335906982,0.18409371376037598,-0.0686795562505722,-0.0621437206864357,0,,0.0,0.0,0.0,12.069068908691406,0,0,0,0,0,0
957,47.853287,33,555,1,1,0.20158138871192932,0.21480721235275269,-0.03697875514626503,-0.018144819885492325,0,,0.0,0.0,0.0,12.069068908691406,0,0,0,0,0,0
958,47.90331,83,555,1,0,0.20158138871192932,0.21480721235275269,-0.03697875514626503,-0.018144819885492325,0,,0.0,0.0,0.0,12.069068908691406,0,0,0,0,0,0
959,47.95329,52,556,1,1,0.21613848209381104,0.23528288304805756,0.004130598157644272,0.02442052960395813,0,,0.0,0.0,0.0,12.069068908691406,0,0,0,0,0,0
960,48.003287,18,557,1,1,0.22031205892562866,0.22504504024982452,0.015161316841840744,0.03349098190665245,0,,0.0,0.0,0.0,12.069068908691406,0,0,0,0,0,0
961,48.053314,68,557,1,0,0.22031205892562866,0.22504504024982452,0.015161316841840744,0.03349098190665245,0,,0.0,0.0,0.0,12.069068908691406,0,0,0,0,0,0
962,48.103288,118,557,1,0,0.22031205892562866,0.22504504024982452,0.015161316841840744,0.03349098190665245,0,,0.0,0.0,0.0,12.069068908691406,0,0,0,0,0,0
963,48.153303,168,557,1,0,0.22031205892562866,0.22504504024982452,0.015161316841840744,0.03349098190665245,0,,0.0,0.0,0.0,12.069068908691406,0,0,0,0,0,0
964,48.203298,218,557,1,0,0.22031205892562866,0.22504504024982452,0.015161316841840744,0.03349098190665245,0,,0.0,0.0,0.0,12.069068908691406,0,0,0,0,0,0
965,48.253286,268,557,1,0,0.22031205892562866,0.22504504024982452,0.015161316841840744,0.03349098190665245,0,,0.0,0.0,0.0,12.069068908691406,0,0,0,0,0,0
966,48.303287,24,558,1,1,0.2592444121837616,0.2864096164703369,0.10705659538507462,0.11809422075748444,0,,0.0,0.0,0.0,12.069068908691406,0,0,0,0,0,0
967,48.353286,74,558,1,0,0.2592444121837616,0.2864096164703369,0.10705659538507462,0.11809422075748444,0,,0.0,0.0,0.0,12.069068908691406,0,0,0,0,0,0
968,48.403289,43,559,1,1,0.24780678749084473,0.22504504024982452,0.06870242953300476,0.07047827541828156,0,,0.0,0.0,0.0,12.069068908691406,0,0,0,0,0,0
969,48.453286,10,560,1,1,0.2501432001590729,0.24545828998088837,0.06609733402729034,0.06202555447816849,0,,0.0,0.0,0.0,12.069068908691406,0,0,0,0,0,0
970,48.503286,60,560,1,0,0.2501432001590729,0.24545828998088837,0.06609733402729034,0.06202555447816849,0,,0.0,0.0,0.0,12.069068908691406,0,0,0,0,0,0
971,48.553287,26,561,1,1,0.2001766562461853,0.12272914499044418,-0.06171666085720062,-0.07150758057832718,0,,0.0,0.0,0.0,12.069068908691406,0,0,0,0,0,0
972,48.603286,76,561,1,0,0.2001766562461853,0.12272914499044418,-0.06171666085720062,-0.07150758057832718,0,,0.0,0.0,0.0,12.069068908691406,0,0,0,0,0,0
973,48.653318,44,562,1,1,0.11506566405296326,0.0,-0.26177892088890076,-0.2666732668876648,0,,0.0,0.0,0.0,12.069068908691406,0,0,0,0,0,0
974,48.703287,14,563,1,1,0.06384492665529251,0.020475665107369423,-0.3558975160121918,-0.3397970497608185,0,,0.0,0.0,0.0,12.069068908691406,0,0,0,0,0,0
975,48.753286,64,563,1,0,0.06384492665529251,0.020475665107369423,-0.3558975160121918,-0.3397970497608185,0,,0.0,0.0,0.0,12.069068908691406,0,0,0,0,0,0
976,48.803287,33,564,1,1,0.02847769483923912,0.020475665107369423,-0.3970431983470917,-0.3534732758998871,0,,0.0,0.0,0.0,12.069068908691406,0,0,0,0,0,0
977,48.853301,83,564,1,0,0.02847769483923912,0.020475665107369423,-0.3970431983470917,-0.3534732758998871,0,,0.0,0.0,0.0,12.069068908691406,0,0,0,0,0,0
978,48.903286,50,565,1,1,0.029982032254338264,0.08184023946523666,-0.33571088314056396,-0.2624641954898834,0,,0.0,0.0,0.0,12.069068908691406,0,0,0,0,0,0
979,48.953287,17,566,1,1,0.013318737037479877,0.03071349859237671,-0.3265242278575897,-0.2313464879989624,0,,0.0,0.0,0.0,12.069068908691406,0,0,0,0,0,0
980,49.003286,67,566,1,0,0.013318737037479877,0.03071349859237671,-0.3265242278575897,-0.2313464879989624,0,,0.0,0.0,0.0,12.069068908691406,0,0,0,0,0,0
981,49.053287,36,567,1,1,0.016951492056250572,0.06136457249522209,-0.2661430239677429,-0.15164396166801453,0,,0.0,0.0,0.0,12.069068908691406,0,0,0,0,0,0
982,49.103315,5,568,1,1,0.013771099969744682,0.040951330214738846,-0.22985175251960754,-0.10252050310373306,0,,0.0,0.0,0.0,12.014628410339355,0,0,0,0,0,0
983,49.153286,55,568,1,0,0.013771099969744682,0.040951330214738846,-0.22985175251960754,-0.10252050310373306,0,,0.0,0.0,0.0,12.014628410339355,0,0,0,0,0,0
984,49.203287,24,569,1,1,0.013738845475018024,0.040951330214738846,-0.18929904699325562,-0.05288025364279747,0,,0.0,0.0,0.0,12.014628410339355,0,0,0,0,0,0
985,49.253286,74,569,1,0,0.013738845475018024,0.040951330214738846,-0.18929904699325562,-0.05288025364279747,0,,0.0,0.0,0.0,12.014628410339355,0,0,0,0,0,0
986,49.303291,43,570,1,1,0.03676915541291237,0.0920780673623085,-0.09375058859586716,0.049056101590394974,0,,0.0,0.0,0.0,12.014628410339355,0,0,0,0,0,0
987,49.353287,12,571,1,1,0.02990262396633625,0.03071349859237671,-0.08830522000789642,0.05056628957390785,0,,0.0,0.0,0.0,12.014628410339355,0,0,0,0,0,0
988,49.403286,62,571,1,0,0.02990262396633625,0.03071349859237671,-0.08830522000789642,0.05056628957390785,0,,0.0,0.0,0.0,12.014628410339355,0,0,0,0,0,0
989,49.453287,28,572,1,1,0.026009242981672287,0.03071349859237671,-0.0753217488527298,0.05956827849149704,0,,0.0,0.0,0.0,12.014628410339355,0,0,0,0,0,0
990,49.503286,78,572,1,0,0.026009242981672287,0.03071349859237671,-0.0753217488527298,0.05956827849149704,0,,0.0,0.0,0.0,12.014628410339355,0,0,0,0,0,0
991,49.5533,47,573,1,1,0.016014764085412025,0.010237832553684711,-0.08117462694644928,0.04852265119552612,0,,0.0,0.0,0.0,12.014628410339355,0,0,0,0,0,0
992,49.603292,12,574,1,1,0.013977130874991417,0.020475665107369423,-0.06476549059152603,0.06126991659402847,0,,0.0,0.0,0.0,12.014628410339355,0,0,0,0,0,0
993,49.653302,62,574,1,0,0.013977130874991417,0.020475665107369423,-0.06476549059152603,0.06126991659402847,0,,0.0,0.0,0.0,12.014628410339355,0,0,0,0,0,0
994,49.703294,112,574,1,0,0.013977130874991417,0.020475665107369423,-0.06476549059152603,0.06126991659402847,0,,0.0,0.0,0.0,12.014628410339355,0,0,0,0,0,0
995,49.753288,162,574,1,0,0.013977130874991417,0.020475665107369423,-0.06476549059152603,0.06126991659402847,0,,0.0,0.0,0.0,12.014628410339355,0,0,0,0,0,0
996,49.803287,212,574,1,0,0.013977130874991417,0.020475665107369423,-0.06476549059152603,0.06126991659402847,0,,0.0,0.0,0.0,12.014628410339355,0,0,0,0,0,0
997,49.85335,262,574,1,0,0.013977130874991417,0.020475665107369423,-0.06476549059152603,0.06126991659402847,0,,0.0,0.0,0.0,12.014628410339355,0,0,0,0,0,0
998,49.903286,47,575,1,1,0.036002498120069504,0.06136457249522209,0.03385064750909805,0.14850997924804688,0,,0.0,0.0,0.0,12.014628410339355,0,0,0,0,0,0
999,49.953291,16,576,1,1,0.06465676426887512,0.0920780673623085,0.10797756910324097,0.21132546663284302,0,,0.0,0.0,0.0,12.014628410339355,0,0,0,0,0,0
1000,50.003286,66,576,1,0,0.06465676426887512,0.0920780673623085,0.10797756910324097,0.21132546663284302,0,,0.0,0.0,0.0,12.014628410339355,0,0,0,0,0,0
1001,50.053303,35,577,1,1,0.0775013118982315,0.08184023946523666,0.13333377242088318,0.21973688900470734,0,,0.0,0.0,0.0,12.014628410339355,0,0,0,0,0,0
1002,50.103305,3,578,1,1,5.720124244689941,13.459815979003906,13.927783966064453,14.393072128295898,0,,0.0,0.0,0.0,12.010440826416016,0,0,0,0,0,0
1003,50.153286,53,578,1,0,5.720124244689941,13.459815979003906,13.927783966064453,14.393072128295898,0,,0.0,0.0,0.0,12.010440826416016,0,0,0,0,0,0
1004,50.203321,103,578,1,0,5.720124244689941,13.459815979003906,13.927783966064453,14.393072128295898,0,,0.0,0.0,0.0,12.010440826416016,0,0,0,0,0,0
1005,50.253287,153,578,1,0,5.720124244689941,13.459815979003906,13.927783966064453,14.393072128295898,0,,0.0,0.0,0.0,12.010440826416016,0,0,0,0,0,0
1006,50.303318,203,578,1,0,5.720124244689941,13.459815979003906,13.927783966064453,14.393072128295898,0,,0.0,0.0,0.0,12.010440826416016,0,0,0,0,0,0
1007,50.353287,253,578,1,0,5.720124244689941,13.459815979003906,13.927783966064453,14.393072128295898,0,,0.0,0.0,0.0,12.010440826416016,0,0,0,0,0,0
1008,50.403286,303,578,1,0,5.720124244689941,13.459815979003906,13.927783966064453,14.393072128295898,0,,0.0,0.0,0.0,12.010440826416016,0,0,0,0,0,0
1009,50.453297,46,579,1,1,3.9421300888061523,0.13296698033809662,4.782271385192871,2.3434972763061523,0,,0.0,0.0,0.0,12.010440826416016,0,0,0,0,0,0
1010,50.503287,14,580,1,1,2.302816867828369,0.05118916556239128,0.11041927337646484,-2.519033432006836,0,,0.0,0.0,0.0,12.010440826416016,0,0,0,0,0,0
1011,50.553286,64,580,1,0,2.302816867828369,0.05118916556239128,0.11041927337646484,-2.519033432006836,0,,0.0,0.0,0.0,12.010440826416016,0,0,0,0,0,0
1012,50.603287,32,581,1,1,1.3120759725570679,0.03071349859237671,-2.450808048248291,-4.882895469665527,0,,0.0,0.0,0.0,12.010440826416016,0,0,0,0,0,0
1013,50.653307,82,581,1,0,1.3120759725570679,0.03071349859237671,-2.450808048248291,-4.882895469665527,0,,0.0,0.0,0.0,12.010440826416016,0,0,0,0,0,0
1014,50.703286,132,581,1,0,1.3120759725570679,0.03071349859237671,-2.450808048248291,-4.882895469665527,0,,0.0,0.0,0.0,12.010440826416016,0,0,0,0,0,0
1015,50.753286,182,581,1,0,1.3120759725570679,0.03071349859237671,-2.450808048248291,-4.882895469665527,0,,0.0,0.0,0.0,12.010440826416016,0,0,0,0,0,0
1016,50.803287,232,581,1,0,1.3120759725570679,0.03071349859237671,-2.450808048248291,-4.882895469665527,0,,0.0,0.0,0.0,12.010440826416016,0,0,0,0,0,0
1017,50.853286,282,581,1,0,1.3120759725570679,0.03071349859237671,-2.450808048248291,-4.882895469665527,0,,0.0,0.0,0.0,12.010440826416016,0,0,0,0,0,0
1018,50.903286,47,582,1,1,0.375820517539978,0.10231590270996094,-4.265231609344482,-5.704176902770996,0,,0.0,0.0,0.0,12.010440826416016,0,0,0,0,0,0
1019,50.953287,16,583,1,1,0.07848574221134186,0.1534426361322403,-4.571967124938965,-5.552062511444092,0,,0.0,0.0,0.0,12.010440826416016,0,0,0,0,0,0
1020,51.003286,66,583,1,0,0.07848574221134186,0.1534426361322403,-4.571967124938965,-5.552062511444092,0,,0.0,0.0,0.0,12.010440826416016,0,0,0,0,0,0
1021,51.053287,34,584,1,1,-0.13910554349422455,0.0920780673623085,-4.618298053741455,-5.149288654327393,0,,0.0,0.0,0.0,12.010440826416016,0,0,0,0,0,0
1022,51.103289,84,584,1,0,-0.13910554349422455,0.0920780673623085,-4.618298053741455,-5.149288654327393,0,,0.0,0.0,0.0,12.010440826416016,0,0,0,0,0,0
1023,51.153286,134,584,1,0,-0.13910554349422455,0.0920780673623085,-4.618298053741455,-5.149288654327393,0,,0.0,0.0,0.0,12.010440826416016,0,0,0,0,0,0
1024,51.203286,184,584,1,0,-0.13910554349422455,0.0920780673623085,-4.618298053741455,-5.149288654327393,0,,0.0,0.0,0.0,12.010440826416016,0,0,0,0,0,0
1025,51.253287,234,584,1,0,-0.13910554349422455,0.0920780673623085,-4.618298053741455,-5.149288654327393,0,,0.0,0.0,0.0,12.010440826416016,0,0,0,0,0,0
1026,51.303287,15,585,1,1,-0.47425341606140137,0.08184023946523666,-4.006227493286133,-3.563417911529541,0,,0.0,0.0,0.0,12.010440826416016,0,0,0,0,0,0
1027,51.353286,65,585,1,0,-0.47425341606140137,0.08184023946523666,-4.006227493286133,-3.563417911529541,0,,0.0,0.0,0.0,12.010440826416016,0,0,0,0,0,0
1028,51.403287,33,586,1,1,-0.3797798454761505,0.11255373805761337,-3.2989306449890137,-2.5974857807159424,0,,0.0,0.0,0.0,12.010440826416016,0,0,0,0,0,0
1029,51.453306,83,586,1,0,-0.3797798454761505,0.11255373805761337,-3.2989306449890137,-2.5974857807159424,0,,0.0,0.0,0.0,12.010440826416016,0,0,0,0,0,0
1030,51.503291,52,587,1,1,-0.34356775879859924,0.07160240411758423,-2.791990280151367,-1.899421215057373,0,,0.0,0.0,0.0,12.010440826416016,0,0,0,0,0,0
1031,51.553287,18,588,1,1,-0.27509111166000366,0.16368047893047333,-2.224691390991211,-1.187561273574829,0,,0.0,0.0,0.0,12.010440826416016,0,0,0,0,0,0
1032,51.603287,68,588,1,0,-0.27509111166000366,0.16368047893047333,-2.224691390991211,-1.187561273574829,0,,0.0,0.0,0.0,11.972750663757324,0,0,0,0,0,0
1033,51.653312,35,589,1,1,-0.2210569828748703,0.13296698033809662,-1.7409203052520752,-0.6147904992103577,0,,0.0,0.0,0.0,11.972750663757324,0,0,0,0,0,0
1034,51.703287,85,589,1,0,-0.2210569828748703,0.13296698033809662,-1.7409203052520752,-0.6147904992103577,0,,0.0,0.0,0.0,11.972750663757324,0,0,0,0,0,0
1035,51.753287,135,589,1,0,-0.2210569828748703,0.13296698033809662,-1.7409203052520752,-0.6147904992103577,0,,0.0,0.0,0.0,11.972750663757324,0,0,0,0,0,0
1036,51.803287,185,589,1,0,-0.2210569828748703,0.13296698033809662,-1.7409203052520752,-0.6147904992103577,0,,0.0,0.0,0.0,11.972750663757324,0,0,0,0,0,0
1037,51.853285,235,589,1,0,-0.2210569828748703,0.13296698033809662,-1.7409203052520752,-0.6147904992103577,0,,0.0,0.0,0.0,11.972750663757324,0,0,0,0,0,0
1038,51.903356,285,589,1,0,-0.2210569828748703,0.13296698033809662,-1.7409203052520752,-0.6147904992103577,0,,0.0,0.0,0.0,11.972750663757324,0,0,0,0,0,0
1039,51.953319,51,590,1,1,-0.17285698652267456,0.16368047893047333,-0.8655600547790527,0.34783780574798584,0,,0.0,0.0,0.0,11.972750663757324,0,0,0,0,0,0
1040,52.003293,18,591,1,1,-0.07612104713916779,0.11255373805761337,-0.44370055198669434,0.727664589881897,0,,0.0,0.0,0.0,11.972750663757324,0,0,0,0,0,0
1041,52.053287,68,591,1,0,-0.07612104713916779,0.11255373805761337,-0.44370055198669434,0.727664589881897,0,,0.0,0.0,0.0,11.972750663757324,0,0,0,0,0,0
1042,52.103286,118,591,1,0,-0.07612104713916779,0.11255373805761337,-0.44370055198669434,0.727664589881897,0,,0.0,0.0,0.0,11.972750663757324,0,0,0,0,0,0
1043,52.153287,168,591,1,0,-0.07612104713916779,0.11255373805761337,-0.44370055198669434,0.727664589881897,0,,0.0,0.0,0.0,11.972750663757324,0,0,0,0,0,0
1044,52.203302,218,591,1,0,-0.07612104713916779,0.11255373805761337,-0.44370055198669434,0.727664589881897,0,,0.0,0.0,0.0,11.972750663757324,0,0,0,0,0,0
1045,52.253292,268,591,1,0,-0.07612104713916779,0.11255373805761337,-0.44370055198669434,0.727664589881897,0,,0.0,0.0,0.0,11.972750663757324,0,0,0,0,0,0
1046,52.303287,318,591,1,0,-0.07612104713916779,0.11255373805761337,-0.44370055198669434,0.727664589881897,0,,0.0,0.0,0.0,11.972750663757324,0,0,0,0,0,0
1047,52.353324,368,591,1,0,-0.07612104713916779,0.11255373805761337,-0.44370055198669434,0.727664589881897,0,,0.0,0.0,0.0,11.972750663757324,0,0,0,0,0,0
1048,52.403286,418,591,1,0,-0.07612104713916779,0.11255373805761337,-0.44370055198669434,0.727664589881897,0,,0.0,0.0,0.0,11.972750663757324,0,0,0,0,0,0
1049,52.453314,33,592,1,1,0.016997963190078735,0.14320480823516846,0.08998942375183105,1.0986175537109375,0,,0.0,0.0,0.0,11.972750663757324,0,0,0,0,0,0
1050,52.503294,83,592,1,0,0.016997963190078735,0.14320480823516846,0.08998942375183105,1.0986175537109375,0,,0.0,0.0,0.0,11.972750663757324,0,0,0,0,0,0
1051,52.553293,52,593,1,1,0.06304551661014557,0.10231590270996094,0.2580605745315552,1.1746368408203125,0,,0.0,0.0,0.0,11.972750663757324,0,0,0,0,0,0
1052,52.603289,14,594,1,1,0.1000208631157875,0.11255373805761337,0.38351303339004517,1.1961097717285156,0,,0.0,0.0,0.0,12.039754867553711,0,0,0,0,0,0
1053,52.653311,64,594,1,0,0.1000208631157875,0.11255373805761337,0.38351303339004517,1.1961097717285156,0,,0.0,0.0,0.0,12.039754867553711,0,0,0,0,0,0
1054,52.703287,28,595,1,1,0.1355583667755127,0.13296698033809662,0.4820381700992584,1.1918541193008423,0,,0.0,0.0,0.0,12.039754867553711,0,0,0,0,0,0
1055,52.753286,78,595,1,0,0.1355583667755127,0.13296698033809662,0.4820381700992584,1.1918541193008423,0,,0.0,0.0,0.0,12.039754867553711,0,0,0,0,0,0
1056,52.803285,128,595,1,0,0.1355583667755127,0.13296698033809662,0.4820381700992584,1.1918541193008423,0,,0.0,0.0,0.0,12.039754867553711,0,0,0,0,0,0
1057,52.853286,178,595,1,0,0.1355583667755127,0.13296698033809662,0.4820381700992584,1.1918541193008423,0,,0.0,0.0,0.0,12.039754867553711,0,0,0,0,0,0
1058,52.903289,228,595,1,0,0.1355583667755127,0.13296698033809662,0.4820381700992584,1.1918541193008423,0,,0.0,0.0,0.0,12.039754867553711,0,0,0,0,0,0
1059,52.953286,7,596,1,1,0.16600696742534637,0.0920780673623085,0.505728006362915,0.9851686954498291,0,,0.0,0.0,0.0,12.039754867553711,0,0,0,0,0,0
1060,53.003286,57,596,1,0,0.16600696742534637,0.0920780673623085,0.505728006362915,0.9851686954498291,0,,0.0,0.0,0.0,12.039754867553711,0,0,0,0,0,0
1061,53.053287,26,597,1,1,0.14083580672740936,0.06136457249522209,0.4253288507461548,0.8307641744613647,0,,0.0,0.0,0.0,12.039754867553711,0,0,0,0,0,0
1062,53.103289,76,597,1,0,0.14083580672740936,0.06136457249522209,0.4253288507461548,0.8307641744613647,0,,0.0,0.0,0.0,12.039754867553711,0,0,0,0,0,0
1063,53.153298,45,598,1,1,0.13247229158878326,0.07160240411758423,0.3875049948692322,0.7286757230758667,0,,0.0,0.0,0.0,12.039754867553711,0,0,0,0,0,0
1064,53.203287,14,599,1,1,0.16099798679351807,0.1534426361322403,0.4341983199119568,0.7166121006011963,0,,0.0,0.0,0.0,12.039754867553711,0,0,0,0,0,0
1065,53.253286,64,599,1,0,0.16099798679351807,0.1534426361322403,0.4341983199119568,0.7166121006011963,0,,0.0,0.0,0.0,12.039754867553711,0,0,0,0,0,0
1066,53.303287,33,600,1,1,0.14329198002815247,0.06136457249522209,0.35973989963531494,0.5862472057342529,0,,0.0,0.0,0.0,12.039754867553711,0,0,0,0,0,0
1067,53.353307,83,600,1,0,0.14329198002815247,0.06136457249522209,0.35973989963531494,0.5862472057342529,0,,0.0,0.0,0.0,12.039754867553711,0,0,0,0,0,0
1068,53.403286,52,601,1,1,0.14139078557491302,0.0920780673623085,0.3265101909637451,0.5065107345581055,0,,0.0,0.0,0.0,12.039754867553711,0,0,0,0,0,0
1069,53.453286,17,602,1,1,0.16385556757450104,0.1534426361322403,0.3517951965332031,0.48889943957328796,0,,0.0,0.0,0.0,12.039754867553711,0,0,0,0,0,0
1070,53.503295,67,602,1,0,0.16385556757450104,0.1534426361322403,0.3517951965332031,0.48889943957328796,0,,0.0,0.0,0.0,12.039754867553711,0,0,0,0,0,0
1071,53.553288,35,603,1,1,0.16938303411006927,0.13296698033809662,0.32899385690689087,0.42633599042892456,0,,0.0,0.0,0.0,12.039754867553711,0,0,0,0,0,0
1072,53.603313,3,604,1,1,0.16717875003814697,0.12272914499044418,0.28625473380088806,0.3486948013305664,0,,0.0,0.0,0.0,12.039754867553711,0,0,0,0,0,0
1073,53.653293,53,604,1,0,0.16717875003814697,0.12272914499044418,0.28625473380088806,0.3486948013305664,0,,0.0,0.0,0.0,12.039754867553711,0,0,0,0,0,0
1074,53.703287,23,605,1,1,0.13840268552303314,0.06136457249522209,0.1795436441898346,0.21347592771053314,0,,0.0,0.0,0.0,12.039754867553711,0,0,0,0,0,0
1075,53.753286,73,605,1,0,0.13840268552303314,0.06136457249522209,0.1795436441898346,0.21347592771053314,0,,0.0,0.0,0.0,12.039754867553711,0,0,0,0,0,0
1076,53.803287,38,606,1,1,0.1582503765821457,0.16368047893047333,0.20749886333942413,0.22338467836380005,0,,0.0,0.0,0.0,12.039754867553711,0,0,0,0,0,0
1077,53.853291,4,607,1,1,0.13292723894119263,0.07160240411758423,0.11394470185041428,0.1093195453286171,0,,0.0,0.0,0.0,12.039754867553711,0,0,0,0,0,0
1078,53.903286,54,607,1,0,0.13292723894119263,0.07160240411758423,0.11394470185041428,0.1093195453286171,0,,0.0,0.0,0.0,12.039754867553711,0,0,0,0,0,0
1079,53.953286,23,608,1,1,0.14702890813350677,0.1534426361322403,0.13445018231868744,0.12121657282114029,0,,0.0,0.0,0.0,12.039754867553711,0,0,0,0,0,0
1080,54.003286,73,608,1,0,0.14702890813350677,0.1534426361322403,0.13445018231868744,0.12121657282114029,0,,0.0,0.0,0.0,12.039754867553711,0,0,0,0,0,0
1081,54.053296,42,609,1,1,0.12258090078830719,0.07160240411758423,0.05176020413637161,0.026248231530189514,0,,0.0,0.0,0.0,12.039754867553711,0,0,0,0,0,0
1082,54.103292,92,609,1,0,0.12258090078830719,0.07160240411758423,0.05176020413637161,0.026248231530189514,0,,0.0,0.0,0.0,12.039754867553711,0,0,0,0,0,0
1083,54.153293,142,609,1,0,0.12258090078830719,0.07160240411758423,0.05176020413637161,0.026248231530189514,0,,0.0,0.0,0.0,12.039754867553711,0,0,0,0,0,0
1084,54.203289,192,609,1,0,0.12258090078830719,0.07160240411758423,0.05176020413637161,0.026248231530189514,0,,0.0,0.0,0.0,12.039754867553711,0,0,0,0,0,0
1085,54.253287,242,609,1,0,0.12258090078830719,0.07160240411758423,0.05176020413637161,0.026248231530189514,0,,0.0,0.0,0.0,12.039754867553711,0,0,0,0,0,0
1086,54.303291,5,610,1,1,0.12738993763923645,0.12272914499044418,0.04153433442115784,0.010710344649851322,0,,0.0,0.0,0.0,12.039754867553711,0,0,0,0,0,0
1087,54.353302,55,610,1,0,0.12738993763923645,0.12272914499044418,0.04153433442115784,0.010710344649851322,0,,0.0,0.0,0.0,12.039754867553711,0,0,0,0,0,0
1088,54.403294,24,611,1,1,0.13183167576789856,0.13296698033809662,0.044941067695617676,0.013266220688819885,0,,0.0,0.0,0.0,12.039754867553711,0,0,0,0,0,0
1089,54.453285,74,611,1,0,0.13183167576789856,0.13296698033809662,0.044941067695617676,0.013266220688819885,0,,0.0,0.0,0.0,12.039754867553711,0,0,0,0,0,0
1090,54.50332,42,612,1,1,0.12544900178909302,0.11255373805761337,0.02160300873219967,-0.011569609865546227,0,,0.0,0.0,0.0,12.039754867553711,0,0,0,0,0,0
1091,54.553287,10,613,1,1,0.09089034795761108,0.040951330214738846,-0.06794198602437973,-0.10241421312093735,0,,0.0,0.0,0.0,12.039754867553711,0,0,0,0,0,0
1092,54.603308,60,613,1,0,0.09089034795761108,0.040951330214738846,-0.06794198602437973,-0.10241421312093735,0,,0.0,0.0,0.0,12.039754867553711,0,0,0,0,0,0
1093,54.65331,25,614,1,1,0.09632395207881927,0.11255373805761337,-0.047839269042015076,-0.07276096940040588,0,,0.0,0.0,0.0,12.039754867553711,0,0,0,0,0,0
1094,54.70329,75,614,1,0,0.09632395207881927,0.11255373805761337,-0.047839269042015076,-0.07276096940040588,0,,0.0,0.0,0.0,12.039754867553711,0,0,0,0,0,0
1095,54.753293,125,614,1,0,0.09632395207881927,0.11255373805761337,-0.047839269042015076,-0.07276096940040588,0,,0.0,0.0,0.0,12.039754867553711,0,0,0,0,0,0
1096,54.803287,13,615,1,1,0.10041172802448273,0.11255373805761337,-0.027113333344459534,-0.03986481577157974,0,,0.0,0.0,0.0,12.039754867553711,0,0,0,0,0,0
1097,54.853286,63,615,1,0,0.10041172802448273,0.11255373805761337,-0.027113333344459534,-0.03986481577157974,0,,0.0,0.0,0.0,12.039754867553711,0,0,0,0,0,0
1098,54.903287,32,616,1,1,0.09534136950969696,0.0920780673623085,-0.037086065858602524,-0.04666978493332863,0,,0.0,0.0,0.0,12.039754867553711,0,0,0,0,0,0
1099,54.953286,82,616,1,0,0.09534136950969696,0.0920780673623085,-0.037086065858602524,-0.04666978493332863,0,,0.0,0.0,0.0,12.039754867553711,0,0,0,0,0,0
1100,55.003286,48,617,1,1,0.08764035999774933,0.08184023946523666,-0.051828838884830475,-0.057613566517829895,0,,0.0,0.0,0.0,12.039754867553711,0,0,0,0,0,0
1101,55.053287,17,618,1,1,0.09120644629001617,0.10231590270996094,-0.03691050410270691,-0.037759676575660706,0,,0.0,0.0,0.0,12.039754867553711,0,0,0,0,0,0
1102,55.103286,67,618,1,0,0.09120644629001617,0.10231590270996094,-0.03691050410270691,-0.037759676575660706,0,,0.0,0.0,0.0,12.039754867553711,0,0,0,0,0,0
1103,55.153287,35,619,1,1,0.08970902860164642,0.0920780673623085,-0.03587700426578522,-0.0335669219493866,0,,0.0,0.0,0.0,12.039754867553711,0,0,0,0,0,0
1104,55.203311,4,620,1,1,0.10977208614349365,0.14320480823516846,0.019602704793214798,0.025559797883033752,0,,0.0,0.0,0.0,12.039754867553711,0,0,0,0,0,0
1105,55.253286,54,620,1,0,0.10977208614349365,0.14320480823516846,0.019602704793214798,0.025559797883033752,0,,0.0,0.0,0.0,12.039754867553711,0,0,0,0,0,0
1106,55.303287,23,621,1,1,0.10772160440683365,0.10231590270996094,0.012195170857012272,0.015925992280244827,0,,0.0,0.0,0.0,12.039754867553711,0,0,0,0,0,0
1107,55.353286,73,621,1,0,0.10772160440683365,0.10231590270996094,0.012195170857012272,0.015925992280244827,0,,0.0,0.0,0.0,12.039754867553711,0,0,0,0,0,0
1108,55.403286,42,622,1,1,0.13951753079891205,0.18409371376037598,0.09238962084054947,0.09619376063346863,0,,0.0,0.0,0.0,12.039754867553711,0,0,0,0,0,0
1109,55.453286,8,623,1,1,0.1373412162065506,0.12272914499044418,0.07391488552093506,0.06914882361888885,0,,0.0,0.0,0.0,12.039754867553711,0,0,0,0,0,0
1110,55.503286,58,623,1,0,0.1373412162065506,0.12272914499044418,0.07391488552093506,0.06914882361888885,0,,0.0,0.0,0.0,12.039754867553711,0,0,0,0,0,0
1111,55.553287,26,624,1,1,0.1054254025220871,0.05118916556239128,-0.019343644380569458,-0.03180430829524994,0,,0.0,0.0,0.0,12.039754867553711,0,0,0,0,0,0
1112,55.603286,76,624,1,0,0.1054254025220871,0.05118916556239128,-0.019343644380569458,-0.03180430829524994,0,,0.0,0.0,0.0,12.023003578186035,0,0,0,0,0,0
1113,55.653318,126,624,1,0,0.1054254025220871,0.05118916556239128,-0.019343644380569458,-0.03180430829524994,0,,0.0,0.0,0.0,12.023003578186035,0,0,0,0,0,0
1114,55.703287,176,624,1,0,0.1054254025220871,0.05118916556239128,-0.019343644380569458,-0.03180430829524994,0,,0.0,0.0,0.0,12.023003578186035,0,0,0,0,0,0
1115,55.753287,226,624,1,0,0.1054254025220871,0.05118916556239128,-0.019343644380569458,-0.03180430829524994,0,,0.0,0.0,0.0,12.023003578186035,0,0,0,0,0,0
1116,55.803286,276,624,1,0,0.1054254025220871,0.05118916556239128,-0.019343644380569458,-0.03180430829524994,0,,0.0,0.0,0.0,12.023003578186035,0,0,0,0,0,0
1117,55.853287,42,625,1,1,0.15954998135566711,0.20456938445568085,0.12329146265983582,0.11660559475421906,0,,0.0,0.0,0.0,12.023003578186035,0,0,0,0,0,0
1118,55.903287,8,626,1,1,0.10797225683927536,0.040951330214738846,-0.018183454871177673,-0.03444163501262665,0,,0.0,0.0,0.0,12.023003578186035,0,0,0,0,0,0
1119,55.953285,58,626,1,0,0.10797225683927536,0.040951330214738846,-0.018183454871177673,-0.03444163501262665,0,,0.0,0.0,0.0,12.023003578186035,0,0,0,0,0,0
1120,56.003312,27,627,1,1,0.07313600182533264,0.03071349859237671,-0.10079218447208405,-0.11499316990375519,0,,0.0,0.0,0.0,12.023003578186035,0,0,0,0,0,0
1121,56.053286,77,627,1,0,0.07313600182533264,0.03071349859237671,-0.10079218447208405,-0.11499316990375519,0,,0.0,0.0,0.0,12.023003578186035,0,0,0,0,0,0
1122,56.103289,45,628,1,1,0.09326314181089401,0.13296698033809662,-0.04037711024284363,-0.04383084177970886,0,,0.0,0.0,0.0,12.006253242492676,0,0,0,0,0,0
1123,56.153289,95,628,1,0,0.09326314181089401,0.13296698033809662,-0.04037711024284363,-0.04383084177970886,0,,0.0,0.0,0.0,12.006253242492676,0,0,0,0,0,0
1124,56.203289,145,628,1,0,0.09326314181089401,0.13296698033809662,-0.04037711024284363,-0.04383084177970886,0,,0.0,0.0,0.0,12.006253242492676,0,0,0,0,0,0
1125,56.253286,195,628,1,0,0.09326314181089401,0.13296698033809662,-0.04037711024284363,-0.04383084177970886,0,,0.0,0.0,0.0,12.006253242492676,0,0,0,0,0,0
1126,56.303289,245,628,1,0,0.09326314181089401,0.13296698033809662,-0.04037711024284363,-0.04383084177970886,0,,0.0,0.0,0.0,12.006253242492676,0,0,0,0,0,0
1127,56.353286,14,629,1,1,0.13999225199222565,0.18409371376037598,0.0881153866648674,0.09296190738677979,0,,0.0,0.0,0.0,12.006253242492676,0,0,0,0,0,0
1128,56.403286,64,629,1,0,0.13999225199222565,0.18409371376037598,0.0881153866648674,0.09296190738677979,0,,0.0,0.0,0.0,12.006253242492676,0,0,0,0,0,0
1129,56.453288,33,630,1,1,0.16476409137248993,0.18409371376037598,0.13678447902202606,0.13392406702041626,0,,0.0,0.0,0.0,12.006253242492676,0,0,0,0,0,0
1130,56.503311,83,630,1,0,0.16476409137248993,0.18409371376037598,0.13678447902202606,0.13392406702041626,0,,0.0,0.0,0.0,12.006253242492676,0,0,0,0,0,0
1131,56.553313,52,631,1,1,0.18854422867298126,0.20456938445568085,0.17664462327957153,0.16297028958797455,0,,0.0,0.0,0.0,12.006253242492676,0,0,0,0,0,0
1132,56.603287,102,631,1,0,0.18854422867298126,0.20456938445568085,0.17664462327957153,0.16297028958797455,0,,0.0,0.0,0.0,12.006253242492676,0,0,0,0,0,0
1133,56.653329,152,631,1,0,0.18854422867298126,0.20456938445568085,0.17664462327957153,0.16297028958797455,0,,0.0,0.0,0.0,12.006253242492676,0,0,0,0,0,0
1134,56.703286,202,631,1,0,0.18854422867298126,0.20456938445568085,0.17664462327957153,0.16297028958797455,0,,0.0,0.0,0.0,12.006253242492676,0,0,0,0,0,0
1135,56.753294,252,631,1,0,0.18854422867298126,0.20456938445568085,0.17664462327957153,0.16297028958797455,0,,0.0,0.0,0.0,12.006253242492676,0,0,0,0,0,0
1136,56.803287,302,631,1,0,0.18854422867298126,0.20456938445568085,0.17664462327957153,0.16297028958797455,0,,0.0,0.0,0.0,12.006253242492676,0,0,0,0,0,0
1137,56.853286,352,631,1,0,0.18854422867298126,0.20456938445568085,0.17664462327957153,0.16297028958797455,0,,0.0,0.0,0.0,12.006253242492676,0,0,0,0,0,0
1138,56.903287,31,632,1,1,0.2545171082019806,0.2761717736721039,0.2750529646873474,0.22742614150047302,0,,0.0,0.0,0.0,12.006253242492676,0,0,0,0,0,0
1139,56.953286,81,632,1,0,0.2545171082019806,0.2761717736721039,0.2750529646873474,0.22742614150047302,0,,0.0,0.0,0.0,12.006253242492676,0,0,0,0,0,0
1140,57.003286,47,633,1,1,0.23369696736335754,0.18409371376037598,0.19023120403289795,0.12572813034057617,0,,0.0,0.0,0.0,12.006253242492676,0,0,0,0,0,0
1141,57.053287,15,634,1,1,0.2124267965555191,0.16368047893047333,0.11396696418523788,0.0405302494764328,0,,0.0,0.0,0.0,12.006253242492676,0,0,0,0,0,0
1142,57.103286,65,634,1,0,0.2124267965555191,0.16368047893047333,0.11396696418523788,0.0405302494764328,0,,0.0,0.0,0.0,12.023003578186035,0,0,0,0,0,0
1143,57.153286,115,634,1,0,0.2124267965555191,0.16368047893047333,0.11396696418523788,0.0405302494764328,0,,0.0,0.0,0.0,12.023003578186035,0,0,0,0,0,0
1144,57.203286,165,634,1,0,0.2124267965555191,0.16368047893047333,0.11396696418523788,0.0405302494764328,0,,0.0,0.0,0.0,12.023003578186035,0,0,0,0,0,0
1145,57.253287,215,634,1,0,0.2124267965555191,0.16368047893047333,0.11396696418523788,0.0405302494764328,0,,0.0,0.0,0.0,12.023003578186035,0,0,0,0,0,0
1146,57.303286,265,634,1,0,0.2124267965555191,0.16368047893047333,0.11396696418523788,0.0405302494764328,0,,0.0,0.0,0.0,12.023003578186035,0,0,0,0,0,0
1147,57.353286,33,635,1,1,0.2696467339992523,0.29664745926856995,0.20177529752254486,0.11747828125953674,0,,0.0,0.0,0.0,12.023003578186035,0,0,0,0,0,0
1148,57.403305,83,635,1,0,0.2696467339992523,0.29664745926856995,0.20177529752254486,0.11747828125953674,0,,0.0,0.0,0.0,12.023003578186035,0,0,0,0,0,0
1149,57.453286,52,636,1,1,0.2720200717449188,0.2556961178779602,0.17835049331188202,0.08565026521682739,0,,0.0,0.0,0.0,12.023003578186035,0,0,0,0,0,0
1150,57.503287,18,637,1,1,0.25600165128707886,0.21480721235275269,0.113480344414711,0.015538051724433899,0,,0.0,0.0,0.0,12.023003578186035,0,0,0,0,0,0
1151,57.553286,68,637,1,0,0.25600165128707886,0.21480721235275269,0.113480344414711,0.015538051724433899,0,,0.0,0.0,0.0,12.023003578186035,0,0,0,0,0,0
1152,57.603286,118,637,1,0,0.25600165128707886,0.21480721235275269,0.113480344414711,0.015538051724433899,0,,0.0,0.0,0.0,12.023003578186035,0,0,0,0,0,0
1153,57.653299,168,637,1,0,0.25600165128707886,0.21480721235275269,0.113480344414711,0.015538051724433899,0,,0.0,0.0,0.0,12.023003578186035,0,0,0,0,0,0
1154,57.703286,218,637,1,0,0.25600165128707886,0.21480721235275269,0.113480344414711,0.015538051724433899,0,,0.0,0.0,0.0,12.023003578186035,0,0,0,0,0,0
1155,57.753287,268,637,1,0,0.25600165128707886,0.21480721235275269,0.113480344414711,0.015538051724433899,0,,0.0,0.0,0.0,12.023003578186035,0,0,0,0,0,0
1156,57.80331,5,638,1,1,0.2830939292907715,0.2864096164703369,0.12621505558490753,0.024756070226430893,0,,0.0,0.0,0.0,12.023003578186035,0,0,0,0,0,0
1157,57.853286,55,638,1,0,0.2830939292907715,0.2864096164703369,0.12621505558490753,0.024756070226430893,0,,0.0,0.0,0.0,12.023003578186035,0,0,0,0,0,0
1158,57.903287,21,639,1,1,0.2903195917606354,0.2864096164703369,0.12038571387529373,0.017169445753097534,0,,0.0,0.0,0.0,12.023003578186035,0,0,0,0,0,0
1159,57.953286,71,639,1,0,0.2903195917606354,0.2864096164703369,0.12038571387529373,0.017169445753097534,0,,0.0,0.0,0.0,12.023003578186035,0,0,0,0,0,0
1160,58.003287,38,640,1,1,0.32962745428085327,0.3682498633861542,0.1887384057044983,0.08189035207033157,0,,0.0,0.0,0.0,12.023003578186035,0,0,0,0,0,0
1161,58.053292,6,641,1,1,0.3000192940235138,0.23528288304805756,0.08980421721935272,-0.02105420082807541,0,,0.0,0.0,0.0,12.023003578186035,0,0,0,0,0,0
1162,58.103287,56,641,1,0,0.3000192940235138,0.23528288304805756,0.08980421721935272,-0.02105420082807541,0,,0.0,0.0,0.0,12.023003578186035,0,0,0,0,0,0
1163,58.153287,106,641,1,0,0.3000192940235138,0.23528288304805756,0.08980421721935272,-0.02105420082807541,0,,0.0,0.0,0.0,12.023003578186035,0,0,0,0,0,0
1164,58.203286,156,641,1,0,0.3000192940235138,0.23528288304805756,0.08980421721935272,-0.02105420082807541,0,,0.0,0.0,0.0,12.023003578186035,0,0,0,0,0,0
1165,58.253287,206,641,1,0,0.3000192940235138,0.23528288304805756,0.08980421721935272,-0.02105420082807541,0,,0.0,0.0,0.0,12.023003578186035,0,0,0,0,0,0
1166,58.303286,256,641,1,0,0.3000192940235138,0.23528288304805756,0.08980421721935272,-0.02105420082807541,0,,0.0,0.0,0.0,12.023003578186035,0,0,0,0,0,0
1167,58.353342,26,642,1,1,0.2838057577610016,0.2556961178779602,0.004598557949066162,-0.0987396314740181,0,,0.0,0.0,0.0,12.023003578186035,0,0,0,0,0,0
1168,58.403286,76,642,1,0,0.2838057577610016,0.2556961178779602,0.004598557949066162,-0.0987396314740181,0,,0.0,0.0,0.0,12.023003578186035,0,0,0,0,0,0
1169,58.453326,45,643,1,1,0.2850429117679596,0.2864096164703369,-0.0006471846718341112,-0.09609312564134598,0,,0.0,0.0,0.0,12.023003578186035,0,0,0,0,0,0
1170,58.503289,14,644,1,1,0.2810381054878235,0.2761717736721039,-0.016840647906064987,-0.10425493866205215,0,,0.0,0.0,0.0,12.023003578186035,0,0,0,0,0,0
1171,58.553286,64,644,1,0,0.2810381054878235,0.2761717736721039,-0.016840647906064987,-0.10425493866205215,0,,0.0,0.0,0.0,12.023003578186035,0,0,0,0,0,0
1172,58.603286,114,644,1,0,0.2810381054878235,0.2761717736721039,-0.016840647906064987,-0.10425493866205215,0,,0.0,0.0,0.0,12.023003578186035,0,0,0,0,0,0
1173,58.653311,164,644,1,0,0.2810381054878235,0.2761717736721039,-0.016840647906064987,-0.10425493866205215,0,,0.0,0.0,0.0,12.023003578186035,0,0,0,0,0,0
1174,58.703299,214,644,1,0,0.2810381054878235,0.2761717736721039,-0.016840647906064987,-0.10425493866205215,0,,0.0,0.0,0.0,12.023003578186035,0,0,0,0,0,0
1175,58.753288,264,644,1,0,0.2810381054878235,0.2761717736721039,-0.016840647906064987,-0.10425493866205215,0,,0.0,0.0,0.0,12.023003578186035,0,0,0,0,0,0
1176,58.803303,314,644,1,0,0.2810381054878235,0.2761717736721039,-0.016840647906064987,-0.10425493866205215,0,,0.0,0.0,0.0,12.023003578186035,0,0,0,0,0,0
1177,58.853287,364,644,1,0,0.2810381054878235,0.2761717736721039,-0.016840647906064987,-0.10425493866205215,0,,0.0,0.0,0.0,12.023003578186035,0,0,0,0,0,0
1178,58.903315,414,644,1,0,0.2810381054878235,0.2761717736721039,-0.016840647906064987,-0.10425493866205215,0,,0.0,0.0,0.0,12.023003578186035,0,0,0,0,0,0
1179,58.953286,52,645,1,1,0.29843392968177795,0.3170606791973114,0.016374867409467697,-0.05237200856208801,0,,0.0,0.0,0.0,12.023003578186035,0,0,0,0,0,0
1180,59.003287,18,646,1,1,0.31262171268463135,0.32729852199554443,0.04176393896341324,-0.023691451177001,0,,0.0,0.0,0.0,12.023003578186035,0,0,0,0,0,0
1181,59.053286,68,646,1,0,0.31262171268463135,0.32729852199554443,0.04176393896341324,-0.023691451177001,0,,0.0,0.0,0.0,12.023003578186035,0,0,0,0,0,0
1182,59.103287,118,646,1,0,0.31262171268463135,0.32729852199554443,0.04176393896341324,-0.023691451177001,0,,0.0,0.0,0.0,12.023003578186035,0,0,0,0,0,0
1183,59.153286,168,646,1,0,0.31262171268463135,0.32729852199554443,0.04176393896341324,-0.023691451177001,0,,0.0,0.0,0.0,12.023003578186035,0,0,0,0,0,0
1184,59.203286,218,646,1,0,0.31262171268463135,0.32729852199554443,0.04176393896341324,-0.023691451177001,0,,0.0,0.0,0.0,12.023003578186035,0,0,0,0,0,0
1185,59.253286,268,646,1,0,0.31262171268463135,0.32729852199554443,0.04176393896341324,-0.023691451177001,0,,0.0,0.0,0.0,12.023003578186035,0,0,0,0,0,0
1186,59.303287,318,646,1,0,0.31262171268463135,0.32729852199554443,0.04176393896341324,-0.023691451177001,0,,0.0,0.0,0.0,12.023003578186035,0,0,0,0,0,0
1187,59.353318,5,647,1,1,0.3590816557407379,0.38866308331489563,0.12552610039710999,0.0605032816529274,0,,0.0,0.0,0.0,12.023003578186035,0,0,0,0,0,0
1188,59.403286,55,647,1,0,0.3590816557407379,0.38866308331489563,0.12552610039710999,0.0605032816529274,0,,0.0,0.0,0.0,12.023003578186035,0,0,0,0,0,0
1189,59.453287,24,648,1,1,0.35445404052734375,0.33753636479377747,0.0969901978969574,0.028553009033203125,0,,0.0,0.0,0.0,12.023003578186035,0,0,0,0,0,0
1190,59.503286,74,648,1,0,0.35445404052734375,0.33753636479377747,0.0969901978969574,0.028553009033203125,0,,0.0,0.0,0.0,12.023003578186035,0,0,0,0,0,0
1191,59.553302,43,649,1,1,0.3474101424217224,0.32729852199554443,0.06561523675918579,-0.003957774490118027,0,,0.0,0.0,0.0,12.023003578186035,0,0,0,0,0,0
1192,59.603286,9,650,1,1,0.32557401061058044,0.2864096164703369,0.0021866559982299805,-0.0653330534696579,0,,0.0,0.0,0.0,12.027192115783691,0,0,0,0,0,0
1193,59.653305,59,650,1,0,0.32557401061058044,0.2864096164703369,0.0021866559982299805,-0.0653330534696579,0,,0.0,0.0,0.0,12.027192115783691,0,0,0,0,0,0
1194,59.703289,109,650,1,0,0.32557401061058044,0.2864096164703369,0.0021866559982299805,-0.0653330534696579,0,,0.0,0.0,0.0,12.027192115783691,0,0,0,0,0,0
1195,59.753287,159,650,1,0,0.32557401061058044,0.2864096164703369,0.0021866559982299805,-0.0653330534696579,0,,0.0,0.0,0.0,12.027192115783691,0,0,0,0,0,0
1196,59.803286,209,650,1,0,0.32557401061058044,0.2864096164703369,0.0021866559982299805,-0.0653330534696579,0,,0.0,0.0,0.0,12.027192115783691,0,0,0,0,0,0
1197,59.853287,26,651,1,1,0.29831331968307495,0.2761717736721039,-0.07398732751607895,-0.12568359076976776,0,,0.0,0.0,0.0,12.027192115783691,0,0,0,0,0,0
1198,59.903286,76,651,1,0,0.29831331968307495,0.2761717736721039,-0.07398732751607895,-0.12568359076976776,0,,0.0,0.0,0.0,12.027192115783691,0,0,0,0,0,0
1199,59.953293,44,652,1,1,0.3226175308227539,0.35801202058792114,-0.013179145753383636,-0.057557664811611176,0,,0.0,0.0,0.0,12.027192115783691,0,0,0,0,0,0
1200,60.003287,12,653,1,1,0.29759180545806885,0.26593396067619324,-0.07269325852394104,-0.11049264669418335,0,,0.0,0.0,0.0,12.027192115783691,0,0,0,0,0,0
1201,60.053286,62,653,1,0,0.29759180545806885,0.26593396067619324,-0.07269325852394104,-0.11049264669418335,0,,0.0,0.0,0.0,12.027192115783691,0,0,0,0,0,0
1202,60.103287,112,653,1,0,0.29759180545806885,0.26593396067619324,-0.07269325852394104,-0.11049264669418335,0,,0.0,0.0,0.0,12.027192115783691,0,0,0,0,0,0
1203,60.153286,162,653,1,0,0.29759180545806885,0.26593396067619324,-0.07269325852394104,-0.11049264669418335,0,,0.0,0.0,0.0,12.027192115783691,0,0,0,0,0,0
1204,60.203286,212,653,1,0,0.29759180545806885,0.26593396067619324,-0.07269325852394104,-0.11049264669418335,0,,0.0,0.0,0.0,12.027192115783691,0,0,0,0,0,0
1205,60.253286,262,653,1,0,0.29759180545806885,0.26593396067619324,-0.07269325852394104,-0.11049264669418335,0,,0.0,0.0,0.0,12.027192115783691,0,0,0,0,0,0
1206,60.303286,312,653,1,0,0.29759180545806885,0.26593396067619324,-0.07269325852394104,-0.11049264669418335,0,,0.0,0.0,0.0,12.027192115783691,0,0,0,0,0,0
1207,60.353286,362,653,1,0,0.29759180545806885,0.26593396067619324,-0.07269325852394104,-0.11049264669418335,0,,0.0,0.0,0.0,12.027192115783691,0,0,0,0,0,0
1208,60.403286,48,654,1,1,0.32897529006004333,0.3682498633861542,0.018721632659435272,-0.0020743831992149353,0,,0.0,0.0,0.0,12.027192115783691,0,0,0,0,0,0
1209,60.453285,98,654,1,0,0.32897529006004333,0.3682498633861542,0.018721632659435272,-0.0020743831992149353,0,,0.0,0.0,-1.0,12.027192115783691,255,2,384,0,0,1
1210,60.503288,148,654,1,0,0.32897529006004333,0.3682498633861542,0.018721632659435272,-0.0020743831992149353,0,,0.0,0.0,-1.0,12.027192115783691,255,2,384,0,0,1
1211,60.553292,198,654,1,0,0.32897529006004333,0.3682498633861542,0.018721632659435272,-0.0020743831992149353,0,,0.0,0.0,-1.0,12.027192115783691,255,2,384,0,0,1
1212,60.603323,248,654,1,0,0.32897529006004333,0.3682498633861542,0.018721632659435272,-0.0020743831992149353,0,,0.0,0.0,-1.0,12.027192115783691,255,2,384,0,0,1
1213,60.653293,298,654,1,0,0.32897529006004333,0.3682498633861542,0.018721632659435272,-0.0020743831992149353,0,,0.0,0.0,-1.0,12.027192115783691,255,2,384,0,0,1
1214,60.703285,348,654,1,0,0.32897529006004333,0.3682498633861542,0.018721632659435272,-0.0020743831992149353,0,,0.0,0.0,-1.0,12.027192115783691,255,2,384,0,0,1
1215,60.753287,398,654,1,0,0.32897529006004333,0.3682498633861542,0.018721632659435272,-0.0020743831992149353,0,,0.0,0.0,-1.0,12.027192115783691,255,2,384,0,0,1
1216,60.803289,448,654,1,0,0.32897529006004333,0.3682498633861542,0.018721632659435272,-0.0020743831992149353,0,,0.0,0.0,-1.0,12.027192115783691,255,2,384,0,0,1
