record_index,elapsed_s,depth_age_ms,depth_sequence,depth_valid,depth_fresh,depth_cm,raw_depth_cm,depth_speed_cm_s,depth_accel_cm_s2,target_valid,target_depth_cm,proposal_desired_accel_cm_s2,proposal_bias_cm_s2,requested_duty,battery_window_v,pwm_commanded,direction_commanded,valve_mask_estimated,forward_active,balance_active,output_saturated
0,0.003298,33,1,1,1,11.470974922180176,11.526801109313965,-0.10093073546886444,-0.08892011642456055,0,,0.0,0.0,0.0,12.014628410339355,0,0,0,0,0,0
1,0.053186,83,1,1,0,11.470974922180176,11.526801109313965,-0.10093073546886444,-0.08892011642456055,0,,0.0,0.0,0.0,12.006253242492676,0,0,0,0,0,0
2,0.10323,48,2,1,1,11.502286911010742,11.557514190673828,-0.0028978437185287476,0.021306313574314117,0,,0.0,0.0,0.0,12.006253242492676,0,0,0,0,0,0
3,0.153187,12,3,1,1,11.503902435302734,11.506325721740723,0.003624873235821724,0.026200393214821815,0,,0.0,0.0,0.0,12.006253242492676,0,0,0,0,0,0
4,0.203185,62,3,1,0,11.503902435302734,11.506325721740723,0.003624873235821724,0.026200393214821815,0,,0.0,0.0,0.0,12.006253242492676,0,0,0,0,0,0
5,0.253187,31,4,1,1,11.487967491149902,11.465373992919922,-0.036956604570150375,-0.018366483971476555,0,,0.0,0.0,0.0,12.006253242492676,0,0,0,0,0,0
6,0.303155,81,4,1,0,11.487967491149902,11.465373992919922,-0.036956604570150375,-0.018366483971476555,0,,0.0,0.0,0.0,12.006253242492676,0,0,0,0,0,0
7,0.353193,44,5,1,1,11.472146987915039,11.4551362991333,-0.07146167755126953,-0.05270005017518997,0,,0.0,0.0,0.0,12.006253242492676,0,0,0,0,0,0
8,0.403187,10,6,1,1,11.46571159362793,11.465373992919922,-0.07653646171092987,-0.0533759668469429,0,,0.0,0.0,0.0,12.006253242492676,0,0,0,0,0,0
9,0.453197,60,6,1,0,11.46571159362793,11.465373992919922,-0.07653646171092987,-0.0533759668469429,0,,0.0,0.0,0.0,12.006253242492676,0,0,0,0,0,0
10,0.503185,27,7,1,1,11.530706405639648,11.629054069519043,0.10618314146995544,0.14186355471611023,0,,0.0,0.0,0.0,12.006253242492676,0,0,0,0,0,0
11,0.553194,77,7,1,0,11.530706405639648,11.629054069519043,0.10618314146995544,0.14186355471611023,0,,0.0,0.0,0.0,12.006253242492676,0,0,0,0,0,0
12,0.603203,45,8,1,1,11.551504135131836,11.567627906799316,0.14819027483463287,0.17355965077877045,0,,0.0,0.0,0.0,12.006253242492676,0,0,0,0,0,0
13,0.653187,13,9,1,1,11.55288314819336,11.537038803100586,0.13269107043743134,0.14252738654613495,0,,0.0,0.0,0.0,12.006253242492676,0,0,0,0,0,0
14,0.703185,63,9,1,0,11.55288314819336,11.537038803100586,0.13269107043743134,0.14252738654613495,0,,0.0,0.0,0.0,12.006253242492676,0,0,0,0,0,0
15,0.753189,32,10,1,1,11.497570037841797,11.404071807861328,-0.0300750732421875,-0.03945520520210266,0,,0.0,0.0,0.0,12.006253242492676,0,0,0,0,0,0
16,0.803187,82,10,1,0,11.497570037841797,11.404071807861328,-0.0300750732421875,-0.03945520520210266,0,,0.0,0.0,0.0,12.006253242492676,0,0,0,0,0,0
17,0.853196,49,11,1,1,11.478321075439453,11.4551362991333,-0.07699979096651077,-0.08502350747585297,0,,0.0,0.0,0.0,12.006253242492676,0,0,0,0,0,0
18,0.903187,14,12,1,1,11.447397232055664,11.41430950164795,-0.14757543802261353,-0.15112601220607758,0,,0.0,0.0,0.0,12.006253242492676,0,0,0,0,0,0
19,0.953187,64,12,1,0,11.447397232055664,11.41430950164795,-0.14757543802261353,-0.15112601220607758,0,,0.0,0.0,0.0,12.006253242492676,0,0,0,0,0,0
20,1.003187,32,13,1,1,11.511937141418457,11.618816375732422,0.042640239000320435,0.06027720868587494,0,,0.0,0.0,0.0,12.006253242492676,0,0,0,0,0,0
21,1.0532,82,13,1,0,11.511937141418457,11.618816375732422,0.042640239000320435,0.06027720868587494,0,,0.0,0.0,0.0,12.006253242492676,0,0,0,0,0,0
22,1.103186,48,14,1,1,11.550483703613281,11.59834098815918,0.1390165239572525,0.15555569529533386,0,,0.0,0.0,0.0,12.006253242492676,0,0,0,0,0,0
23,1.153189,15,15,1,1,11.547534942626953,11.526801109313965,0.11248548328876495,0.11439433693885803,0,,0.0,0.0,0.0,12.006253242492676,0,0,0,0,0,0
24,1.203193,65,15,1,0,11.547534942626953,11.526801109313965,0.11248548328876495,0.11439433693885803,0,,0.0,0.0,0.0,12.006253242492676,0,0,0,0,0,0
25,1.253191,33,16,1,1,11.523017883300781,11.475611686706543,0.032342731952667236,0.0209338515996933,0,,0.0,0.0,0.0,12.006253242492676,0,0,0,0,0,0
26,1.303196,83,16,1,0,11.523017883300781,11.475611686706543,0.032342731952667236,0.0209338515996933,0,,0.0,0.0,0.0,12.006253242492676,0,0,0,0,0,0
27,1.353225,49,17,1,1,11.49610710144043,11.4551362991333,-0.04392099007964134,-0.06053312122821808,0,,0.0,0.0,0.0,12.006253242492676,0,0,0,0,0,0
28,1.403201,14,18,1,1,11.489490509033203,11.485849380493164,-0.05606842413544655,-0.06784335523843765,0,,0.0,0.0,0.0,12.006253242492676,0,0,0,0,0,0
29,1.453211,64,18,1,0,11.489490509033203,11.485849380493164,-0.05606842413544655,-0.06784335523843765,0,,0.0,0.0,0.0,12.006253242492676,0,0,0,0,0,0
30,1.503187,33,19,1,1,11.532276153564453,11.59834098815918,0.06306996196508408,0.06231478601694107,0,,0.0,0.0,0.0,12.006253242492676,0,0,0,0,0,0
31,1.553186,83,19,1,0,11.532276153564453,11.59834098815918,0.06306996196508408,0.06231478601694107,0,,0.0,0.0,0.0,12.006253242492676,0,0,0,0,0,0
32,1.603194,48,20,1,1,11.52457046508789,11.506325721740723,0.03345328941941261,0.025853458791971207,0,,0.0,0.0,0.0,12.006253242492676,0,0,0,0,0,0
33,1.653188,15,21,1,1,11.527169227600098,11.526801109313965,0.03489823266863823,0.02512149140238762,0,,0.0,0.0,0.0,12.006253242492676,0,0,0,0,0,0
34,1.703245,65,21,1,0,11.527169227600098,11.526801109313965,0.03489823266863823,0.02512149140238762,0,,0.0,0.0,0.0,12.006253242492676,0,0,0,0,0,0
35,1.753187,33,22,1,1,11.485915184020996,11.42454719543457,-0.07895267009735107,-0.09595087170600891,0,,0.0,0.0,0.0,12.006253242492676,0,0,0,0,0,0
36,1.803196,83,22,1,0,11.485915184020996,11.42454719543457,-0.07895267009735107,-0.09595087170600891,0,,0.0,0.0,0.0,11.989501953125,0,0,0,0,0,0
37,1.853199,48,23,1,1,11.499070167541504,11.526801109313965,-0.03400344029068947,-0.04049104452133179,0,,0.0,0.0,0.0,11.989501953125,0,0,0,0,0,0
38,1.903187,14,24,1,1,11.474482536315918,11.44489860534668,-0.09408655017614365,-0.09967131912708282,0,,0.0,0.0,0.0,11.989501953125,0,0,0,0,0,0
39,1.953186,64,24,1,0,11.474482536315918,11.44489860534668,-0.09408655017614365,-0.09967131912708282,0,,0.0,0.0,0.0,11.989501953125,0,0,0,0,0,0
40,2.003188,34,25,1,1,11.487448692321777,11.516563415527344,-0.04756081849336624,-0.0427502878010273,0,,0.0,0.0,0.0,11.989501953125,0,0,0,0,0,0
41,2.053186,84,25,1,0,11.487448692321777,11.516563415527344,-0.04756081849336624,-0.0427502878010273,0,,0.0,0.0,0.0,11.989501953125,0,0,0,0,0,0
42,2.103197,48,26,1,1,11.501592636108398,11.526801109313965,-0.0028904415667057037,0.007734186947345734,0,,0.0,0.0,0.0,11.989501953125,0,0,0,0,0,0
43,2.153187,14,27,1,1,11.54662036895752,11.6085786819458,0.11656581610441208,0.13175371289253235,0,,0.0,0.0,0.0,11.989501953125,0,0,0,0,0,0
44,2.203186,64,27,1,0,11.54662036895752,11.6085786819458,0.11656581610441208,0.13175371289253235,0,,0.0,0.0,0.0,11.989501953125,0,0,0,0,0,0
45,2.253187,33,28,1,1,11.501312255859375,11.42454719543457,-0.017336443066596985,-0.01919586956501007,0,,0.0,0.0,0.0,11.989501953125,0,0,0,0,0,0
46,2.303194,83,28,1,0,11.501312255859375,11.42454719543457,-0.017336443066596985,-0.01919586956501007,0,,0.0,0.0,0.0,11.989501953125,0,0,0,0,0,0
47,2.353188,48,29,1,1,11.480966567993164,11.4551362991333,-0.06834658980369568,-0.07074687629938126,0,,0.0,0.0,0.0,11.989501953125,0,0,0,0,0,0
48,2.403192,14,30,1,1,11.479560852050781,11.485849380493164,-0.062253188341856,-0.05818380415439606,0,,0.0,0.0,0.0,11.989501953125,0,0,0,0,0,0
49,2.453191,64,30,1,0,11.479560852050781,11.485849380493164,-0.062253188341856,-0.05818380415439606,0,,0.0,0.0,0.0,11.989501953125,0,0,0,0,0,0
50,2.503187,33,31,1,1,11.496261596679688,11.526801109313965,-0.009505834430456161,0.0018067732453346252,0,,0.0,0.0,0.0,11.989501953125,0,0,0,0,0,0
51,2.553195,83,31,1,0,11.496261596679688,11.526801109313965,-0.009505834430456161,0.0018067732453346252,0,,0.0,0.0,0.0,11.989501953125,0,0,0,0,0,0
52,2.603194,49,32,1,1,11.504326820373535,11.516563415527344,0.013894408009946346,0.0260800588876009,0,,0.0,0.0,0.0,11.989501953125,0,0,0,0,0,0
53,2.653187,15,33,1,1,11.540322303771973,11.588103294372559,0.10730624943971634,0.12130620330572128,0,,0.0,0.0,0.0,11.989501953125,0,0,0,0,0,0
54,2.703186,65,33,1,0,11.540322303771973,11.588103294372559,0.10730624943971634,0.12130620330572128,0,,0.0,0.0,0.0,11.989501953125,0,0,0,0,0,0
55,2.753187,34,34,1,1,11.514309883117676,11.465373992919922,0.025114476680755615,0.025228358805179596,0,,0.0,0.0,0.0,11.989501953125,0,0,0,0,0,0
56,2.80319,84,34,1,0,11.514309883117676,11.465373992919922,0.025114476680755615,0.025228358805179596,0,,0.0,0.0,0.0,11.989501953125,0,0,0,0,0,0
57,2.852853,48,35,1,1,11.481972694396973,11.434660911560059,-0.06366018950939178,-0.06970430910587311,0,,0.0,0.0,0.0,11.989501953125,0,0,0,0,0,0
58,2.903187,14,36,1,1,11.463085174560547,11.44489860534668,-0.10441966354846954,-0.10613007098436356,0,,0.0,0.0,0.0,11.989501953125,0,0,0,0,0,0
59,2.953189,64,36,1,0,11.463085174560547,11.44489860534668,-0.10441966354846954,-0.10613007098436356,0,,0.0,0.0,0.0,11.989501953125,0,0,0,0,0,0
60,3.003187,33,37,1,1,11.467485427856445,11.485849380493164,-0.0784250944852829,-0.07002005726099014,0,,0.0,0.0,0.0,11.989501953125,0,0,0,0,0,0
61,3.053196,83,37,1,0,11.467485427856445,11.485849380493164,-0.0784250944852829,-0.07002005726099014,0,,0.0,0.0,0.0,11.989501953125,0,0,0,0,0,0
62,3.103192,48,38,1,1,11.49709701538086,11.547276496887207,0.011532165110111237,0.030099906027317047,0,,0.0,0.0,0.0,11.989501953125,0,0,0,0,0,0
63,3.153187,15,39,1,1,11.527362823486328,11.567627906799316,0.09063778072595596,0.11006969958543777,0,,0.0,0.0,0.0,11.989501953125,0,0,0,0,0,0
64,3.203191,65,39,1,0,11.527362823486328,11.567627906799316,0.09063778072595596,0.11006969958543777,0,,0.0,0.0,0.0,11.989501953125,0,0,0,0,0,0
65,3.253187,34,40,1,1,11.493165016174316,11.434660911560059,-0.010234355926513672,-0.004573740065097809,0,,0.0,0.0,0.0,11.989501953125,0,0,0,0,0,0
66,3.303212,84,40,1,0,11.493165016174316,11.434660911560059,-0.010234355926513672,-0.004573740065097809,0,,0.0,0.0,0.0,11.989501953125,0,0,0,0,0,0
67,3.353206,46,41,1,1,11.459148406982422,11.41430950164795,-0.09772295504808426,-0.09546352922916412,0,,0.0,0.0,0.0,11.989501953125,0,0,0,0,0,0
68,3.403194,12,42,1,1,11.443851470947266,11.434660911560059,-0.12345560640096664,-0.11394407600164413,0,,0.0,0.0,0.0,11.989501953125,0,0,0,0,0,0
69,3.453186,62,42,1,0,11.443851470947266,11.434660911560059,-0.12345560640096664,-0.11394407600164413,0,,0.0,0.0,0.0,11.989501953125,0,0,0,0,0,0
70,3.50322,32,43,1,1,11.493847846984863,11.577865600585938,0.02493688464164734,0.05045811086893082,0,,0.0,0.0,0.0,11.989501953125,0,0,0,0,0,0
71,3.553198,82,43,1,0,11.493847846984863,11.577865600585938,0.02493688464164734,0.05045811086893082,0,,0.0,0.0,0.0,11.989501953125,0,0,0,0,0,0
72,3.603224,47,44,1,1,11.513355255126953,11.537038803100586,0.07436103373765945,0.0975729376077652,0,,0.0,0.0,0.0,11.989501953125,0,0,0,0,0,0
73,3.653185,13,45,1,1,11.544349670410156,11.577865600585938,0.1465819627046585,0.1643943041563034,0,,0.0,0.0,0.0,11.989501953125,0,0,0,0,0,0
74,3.703186,63,45,1,0,11.544349670410156,11.577865600585938,0.1465819627046585,0.1643943041563034,0,,0.0,0.0,0.0,11.989501953125,0,0,0,0,0,0
75,3.753185,32,46,1,1,11.544244766235352,11.526801109313965,0.12711529433727264,0.13017240166664124,0,,0.0,0.0,0.0,11.989501953125,0,0,0,0,0,0
76,3.803189,82,46,1,0,11.544244766235352,11.526801109313965,0.12711529433727264,0.13017240166664124,0,,0.0,0.0,0.0,11.989501953125,0,0,0,0,0,0
77,3.853208,47,47,1,1,11.52187728881836,11.475611686706543,0.04983656108379364,0.037963271141052246,0,,0.0,0.0,0.0,12.010440826416016,0,0,0,0,0,0
78,3.903192,12,48,1,1,11.517826080322266,11.506325721740723,0.03093917854130268,0.014879781752824783,0,,0.0,0.0,0.0,12.010440826416016,0,0,0,0,0,0
79,3.953186,62,48,1,0,11.517826080322266,11.506325721740723,0.03093917854130268,0.014879781752824783,0,,0.0,0.0,0.0,12.010440826416016,0,0,0,0,0,0
80,4.003187,31,49,1,1,11.510211944580078,11.496087074279785,0.0055142901837825775,-0.012910239398479462,0,,0.0,0.0,0.0,12.010440826416016,0,0,0,0,0,0
81,4.053195,81,49,1,0,11.510211944580078,11.496087074279785,0.0055142901837825775,-0.012910239398479462,0,,0.0,0.0,0.0,12.010440826416016,0,0,0,0,0,0
82,4.103199,46,50,1,1,11.538965225219727,11.577865600585938,0.07877245545387268,0.06468050926923752,0,,0.0,0.0,0.0,12.010440826416016,0,0,0,0,0,0
83,4.153187,13,51,1,1,11.533466339111328,11.516563415527344,0.051993388682603836,0.031134501099586487,0,,0.0,0.0,0.0,12.010440826416016,0,0,0,0,0,0
84,4.203186,63,51,1,0,11.533466339111328,11.516563415527344,0.051993388682603836,0.031134501099586487,0,,0.0,0.0,0.0,12.010440826416016,0,0,0,0,0,0
85,4.253188,32,52,1,1,11.494750022888184,11.434660911560059,-0.058187272399663925,-0.0865112692117691,0,,0.0,0.0,0.0,12.010440826416016,0,0,0,0,0,0
86,4.303194,82,52,1,0,11.494750022888184,11.434660911560059,-0.058187272399663925,-0.0865112692117691,0,,0.0,0.0,0.0,12.010440826416016,0,0,0,0,0,0
87,4.353203,46,53,1,1,11.483595848083496,11.475611686706543,-0.08095010370016098,-0.10250276327133179,0,,0.0,0.0,0.0,12.010440826416016,0,0,0,0,0,0
88,4.40319,12,54,1,1,11.471765518188477,11.465373992919922,-0.10181565582752228,-0.11528957635164261,0,,0.0,0.0,0.0,12.010440826416016,0,0,0,0,0,0
89,4.453186,62,54,1,0,11.471765518188477,11.465373992919922,-0.10181565582752228,-0.11528957635164261,0,,0.0,0.0,0.0,12.010440826416016,0,0,0,0,0,0
90,4.50319,32,55,1,1,11.51530647277832,11.588103294372559,0.0252152681350708,0.026932917535305023,0,,0.0,0.0,0.0,12.010440826416016,0,0,0,0,0,0
91,4.553186,82,55,1,0,11.51530647277832,11.588103294372559,0.0252152681350708,0.026932917535305023,0,,0.0,0.0,0.0,12.010440826416016,0,0,0,0,0,0
92,4.603203,46,56,1,1,11.538688659667969,11.567627906799316,0.0830056443810463,0.0848313421010971,0,,0.0,0.0,0.0,12.010440826416016,0,0,0,0,0,0
93,4.653187,12,57,1,1,11.533555030822754,11.516563415527344,0.05757031962275505,0.05085446313023567,0,,0.0,0.0,0.0,12.010440826416016,0,0,0,0,0,0
94,4.703186,62,57,1,0,11.533555030822754,11.516563415527344,0.05757031962275505,0.05085446313023567,0,,0.0,0.0,0.0,12.010440826416016,0,0,0,0,0,0
95,4.753187,32,58,1,1,11.503644943237305,11.4551362991333,-0.02913755178451538,-0.04390867426991463,1,35.0,0.0,0.0,0.0,12.010440826416016,0,0,0,0,0,0
96,4.803191,82,58,1,0,11.503644943237305,11.4551362991333,-0.02913755178451538,-0.04390867426991463,1,35.0,0.0,0.0,0.0,12.010440826416016,0,0,0,0,0,0
97,4.853211,47,59,1,1,11.49032974243164,11.475611686706543,-0.06092146039009094,-0.07319306582212448,1,35.0,0.0,0.0,0.0,12.035567283630371,0,0,0,0,0,0
98,4.903187,12,60,1,1,11.511253356933594,11.547276496887207,0.002127043902873993,-0.0009025037288665771,1,35.0,2.112710952758789,0.2680552005767822,1.0,12.035567283630371,255,1,0,0,0,1
99,4.953187,62,60,1,0,11.511253356933594,11.547276496887207,0.002127043902873993,-0.0009025037288665771,1,35.0,2.112710952758789,0.2680552005767822,1.0,12.035567283630371,255,1,0,0,0,1
100,5.003187,30,61,1,1,11.53931713104248,11.577865600585938,0.0751650407910347,0.07540387660264969,1,35.0,2.0663623809814453,0.2688971161842346,1.0,12.035567283630371,255,1,0,0,0,1
101,5.053192,80,61,1,0,11.53931713104248,11.577865600585938,0.0751650407910347,0.07540387660264969,1,35.0,2.0663623809814453,0.2688971161842346,1.0,12.035567283630371,255,1,0,0,0,1
102,5.10321,46,62,1,1,11.537861824035645,11.526801109313965,0.06041746959090233,0.053400203585624695,1,35.0,2.0753419399261475,0.26885342597961426,1.0,12.035567283630371,255,1,0,0,0,1
103,5.153193,13,63,1,1,11.540531158447266,11.537038803100586,0.05821637809276581,0.04647626355290413,1,35.0,2.0764224529266357,0.2689335346221924,1.0,12.035567283630371,255,1,0,0,0,1
104,5.203186,63,63,1,0,11.540531158447266,11.537038803100586,0.05821637809276581,0.04647626355290413,1,35.0,2.0764224529266357,0.2689335346221924,1.0,12.035567283630371,255,1,0,0,0,1
105,5.253187,30,64,1,1,11.503292083740234,11.44489860534668,-0.04868330806493759,-0.06914396584033966,1,35.0,2.143913984298706,0.26781636476516724,1.0,12.035567283630371,255,1,0,0,0,1
106,5.303198,80,64,1,0,11.503292083740234,11.44489860534668,-0.04868330806493759,-0.06914396584033966,1,35.0,2.143913984298706,0.26781636476516724,1.0,12.035567283630371,255,1,0,0,0,1
107,5.353201,47,65,1,1,11.459183692932129,11.404071807861328,-0.15890714526176453,-0.17822322249412537,1,35.0,2.214017868041992,0.2664930820465088,1.0,12.035567283630371,255,1,0,0,0,1
108,5.403187,12,66,1,1,11.462258338928223,11.485849380493164,-0.12881389260292053,-0.13100266456604004,1,35.0,2.195685386657715,0.2665852904319763,1.0,12.035567283630371,255,1,0,0,0,1
109,5.453188,62,66,1,0,11.462258338928223,11.485849380493164,-0.12881389260292053,-0.13100266456604004,1,35.0,2.195685386657715,0.2665852904319763,1.0,12.035567283630371,255,1,0,0,0,1
110,5.503216,31,67,1,1,11.500004768371582,11.567627906799316,-0.012049958109855652,0.0019672811031341553,1,35.0,2.122229814529419,0.26771771907806396,1.0,12.035567283630371,255,1,0,0,0,1
111,5.553229,81,67,1,0,11.500004768371582,11.567627906799316,-0.012049958109855652,0.0019672811031341553,1,35.0,2.122229814529419,0.26771771907806396,1.0,12.035567283630371,255,1,0,0,0,1
112,5.603196,46,68,1,1,11.51501750946045,11.537038803100586,0.030217597261071205,0.04591285437345505,1,35.0,2.095517873764038,0.2681681513786316,1.0,12.035567283630371,255,1,0,0,0,1
113,5.653213,13,69,1,1,11.555896759033203,11.6085786819458,0.13428786396980286,0.15056124329566956,1,40.0,2.0293965339660645,0.2693944573402405,1.0,12.035567283630371,255,1,0,0,0,1
114,5.703242,63,69,1,0,11.555896759033203,11.6085786819458,0.13428786396980286,0.15056124329566956,1,40.0,2.0293965339660645,0.2693944573402405,1.0,12.035567283630371,255,1,0,0,0,1
115,5.753215,31,70,1,1,11.576075553894043,11.588103294372559,0.16934005916118622,0.17426596581935883,1,40.0,2.4565491676330566,0.2699998617172241,1.0,12.035567283630371,255,1,0,0,0,1
116,5.803195,81,70,1,0,11.576075553894043,11.588103294372559,0.16934005916118622,0.17426596581935883,1,40.0,2.4565491676330566,0.2699998617172241,1.0,12.035567283630371,255,1,0,0,0,1
117,5.853202,46,71,1,1,11.555364608764648,11.506325721740723,0.09028603136539459,0.07628468424081802,1,40.0,2.505845785140991,0.26937854290008545,1.0,12.035567283630371,255,1,0,0,0,1
118,5.903187,12,72,1,1,11.556492805480957,11.547276496887207,0.07904314994812012,0.057863540947437286,1,40.0,2.5124897956848145,0.2694123387336731,1.0,12.035567283630371,255,1,0,0,0,1
119,5.953268,62,72,1,0,11.556492805480957,11.547276496887207,0.07904314994812012,0.057863540947437286,1,40.0,2.5124897956848145,0.2694123387336731,1.0,12.035567283630371,255,1,0,0,0,1
120,6.003189,31,73,1,1,11.6376953125,11.741545677185059,0.27916738390922546,0.2618902623653412,1,40.0,2.3851070404052734,0.2718484401702881,1.0,12.035567283630371,255,1,0,0,0,1
121,6.053194,81,73,1,0,11.6376953125,11.741545677185059,0.27916738390922546,0.2618902623653412,1,40.0,2.3851070404052734,0.2718484401702881,1.0,12.035567283630371,255,1,0,0,0,1
122,6.103197,46,74,1,1,11.695717811584473,11.741545677185059,0.3889957070350647,0.3533027768135071,1,40.0,2.313988208770752,0.2735890746116638,1.0,12.035567283630371,255,1,0,0,0,1
123,6.153187,13,75,1,1,11.7645263671875,11.813210487365723,0.510947048664093,0.44999292492866516,1,40.0,2.2346246242523193,0.2756533622741699,1.0,12.035567283630371,255,1,0,0,0,1
124,6.203186,63,75,1,0,11.7645263671875,11.813210487365723,0.510947048664093,0.44999292492866516,1,40.0,2.2346246242523193,0.2756533622741699,1.0,12.035567283630371,255,1,0,0,0,1
125,6.253187,32,76,1,1,11.758549690246582,11.690356254577637,0.4194096326828003,0.31635087728500366,1,40.0,2.2900848388671875,0.27547401189804077,1.0,12.035567283630371,255,1,0,0,0,1
126,6.303186,82,76,1,0,11.758549690246582,11.690356254577637,0.4194096326828003,0.31635087728500366,1,40.0,2.2900848388671875,0.27547401189804077,1.0,12.035567283630371,255,1,0,0,0,1
127,6.353194,46,77,1,1,11.734049797058105,11.649530410766602,0.2842974066734314,0.1469019502401352,1,40.0,2.373357057571411,0.2747390866279602,1.0,12.035567283630371,255,1,0,0,0,1
128,6.403187,11,78,1,1,11.73412036895752,11.700594902038574,0.23209571838378906,0.07939985394477844,1,40.0,2.4046719074249268,0.27474117279052734,1.0,12.035567283630371,255,1,0,0,0,1
129,6.453186,61,78,1,0,11.73412036895752,11.700594902038574,0.23209571838378906,0.07939985394477844,1,40.0,2.4046719074249268,0.27474117279052734,1.0,12.035567283630371,255,1,0,0,0,1
130,6.503187,26,79,1,1,11.770503997802734,11.79273509979248,0.2817870080471039,0.12419721484184265,1,40.0,2.371582508087158,0.2758327126502991,1.0,12.035567283630371,255,1,0,0,0,1
131,6.553196,76,79,1,0,11.770503997802734,11.79273509979248,0.2817870080471039,0.12419721484184265,1,40.0,2.371582508087158,0.2758327126502991,1.0,12.035567283630371,255,1,0,0,0,1
132,6.6032,44,80,1,1,11.784876823425293,11.772259712219238,0.268026202917099,0.09921207278966904,1,40.0,2.3785452842712402,0.27626389265060425,1.0,12.110946655273438,255,1,0,0,0,1
133,6.653194,13,81,1,1,11.783917427062988,11.75178337097168,0.2159229815006256,0.03642648458480835,1,40.0,2.409893751144409,0.27623504400253296,1.0,12.110946655273438,255,1,0,0,0,1
134,6.703187,63,81,1,0,11.783917427062988,11.75178337097168,0.2159229815006256,0.03642648458480835,1,40.0,2.409893751144409,0.27623504400253296,1.0,12.110946655273438,255,1,0,0,0,1
135,6.753187,32,82,1,1,11.712857246398926,11.588103294372559,-0.013358905911445618,-0.20613768696784973,1,40.0,2.553858518600464,0.2741032838821411,1.0,12.110946655273438,255,1,0,0,0,1
136,6.803192,82,82,1,0,11.712857246398926,11.588103294372559,-0.013358905911445618,-0.20613768696784973,1,40.0,2.553858518600464,0.2741032838821411,1.0,12.110946655273438,255,1,0,0,0,1
137,6.853206,46,83,1,1,11.693703651428223,11.670005798339844,-0.0764475017786026,-0.25349852442741394,1,40.0,2.593435287475586,0.2735286355018616,1.0,12.110946655273438,255,1,0,0,0,1
138,6.903189,12,84,1,1,11.662205696105957,11.629054069519043,-0.1612941324710846,-0.3198227882385254,1,40.0,2.6471781730651855,0.2725837230682373,1.0,12.110946655273438,255,1,0,0,0,1
139,6.953186,62,84,1,0,11.662205696105957,11.629054069519043,-0.1612941324710846,-0.3198227882385254,1,40.0,2.6471781730651855,0.2725837230682373,1.0,12.110946655273438,255,1,0,0,0,1
140,7.003186,31,85,1,1,11.678607940673828,11.721070289611816,-0.10719780623912811,-0.23631958663463593,1,40.0,2.61324405670166,0.27307581901550293,1.0,12.110946655273438,255,1,0,0,0,1
141,7.053229,81,85,1,0,11.678607940673828,11.721070289611816,-0.10719780623912811,-0.23631958663463593,1,40.0,2.61324405670166,0.27307581901550293,1.0,12.110946655273438,255,1,0,0,0,1
142,7.103201,46,86,1,1,11.707982063293457,11.7620210647583,-0.023929916322231293,-0.1284496784210205,1,40.0,2.5606398582458496,0.2739570140838623,1.0,12.110946655273438,255,1,0,0,0,1
143,7.153187,13,87,1,1,11.69491195678711,11.680243492126465,-0.06251778453588486,-0.15759605169296265,1,40.0,2.5849685668945312,0.2735649347305298,1.0,12.110946655273438,255,1,0,0,0,1
144,7.203186,63,87,1,0,11.69491195678711,11.680243492126465,-0.06251778453588486,-0.15759605169296265,1,40.0,2.5849685668945312,0.2735649347305298,1.0,12.110946655273438,255,1,0,0,0,1
145,7.25319,31,88,1,1,11.6854829788208,11.680243492126465,-0.08533451706171036,-0.16792474687099457,1,40.0,2.5995073318481445,0.2732820510864258,1.0,12.110946655273438,255,1,0,0,0,1
146,7.303193,81,88,1,0,11.6854829788208,11.680243492126465,-0.08533451706171036,-0.16792474687099457,1,40.0,2.5995073318481445,0.2732820510864258,1.0,12.110946655273438,255,1,0,0,0,1
147,7.353203,46,89,1,1,11.670096397399902,11.659768104553223,-0.11938177049160004,-0.18856601417064667,1,40.0,2.6213204860687256,0.27282047271728516,1.0,12.110946655273438,255,1,0,0,0,1
148,7.403187,12,90,1,1,11.659557342529297,11.659768104553223,-0.13481681048870087,-0.18814381957054138,1,40.0,2.6315300464630127,0.2725042700767517,1.0,12.110946655273438,255,1,0,0,0,1
149,7.453186,62,90,1,0,11.659557342529297,11.659768104553223,-0.13481681048870087,-0.18814381957054138,1,40.0,2.6315300464630127,0.2725042700767517,1.0,12.110946655273438,255,1,0,0,0,1
150,7.503187,32,91,1,1,11.631668090820312,11.6085786819458,-0.19307762384414673,-0.23326358199119568,1,40.0,2.668996572494507,0.27166759967803955,1.0,12.110946655273438,255,1,0,0,0,1
151,7.553192,82,91,1,0,11.631668090820312,11.6085786819458,-0.19307762384414673,-0.23326358199119568,1,40.0,2.668996572494507,0.27166759967803955,1.0,12.110946655273438,255,1,0,0,0,1
152,7.603207,47,92,1,1,11.620570182800293,11.629054069519043,-0.19673016667366028,-0.21637316048145294,1,40.0,2.672186851501465,0.271334707736969,1.0,12.110946655273438,255,1,0,0,0,1
153,7.653187,12,93,1,1,11.614049911499023,11.629054069519043,-0.18625879287719727,-0.1862434595823288,1,40.0,2.6664910316467285,0.27113908529281616,1.0,12.110946655273438,255,1,0,0,0,1
154,7.703221,62,93,1,0,11.614049911499023,11.629054069519043,-0.18625879287719727,-0.1862434595823288,1,40.0,2.6664910316467285,0.27113908529281616,1.0,12.110946655273438,255,1,0,0,0,1
155,7.753204,30,94,1,1,11.555299758911133,11.496087074279785,-0.31387874484062195,-0.303528368473053,1,40.0,2.7483503818511963,0.26937657594680786,1.0,12.110946655273438,255,1,0,0,0,1
156,7.803223,80,94,1,0,11.555299758911133,11.496087074279785,-0.31387874484062195,-0.303528368473053,1,40.0,2.7483503818511963,0.26937657594680786,1.0,12.110946655273438,255,1,0,0,0,1
157,7.8532,46,95,1,1,11.518798828125,11.506325721740723,-0.36315786838531494,-0.32835671305656433,1,40.0,2.781203031539917,0.2682815194129944,1.0,12.110946655273438,255,1,0,0,0,1
158,7.903211,12,96,1,1,11.490907669067383,11.496087074279785,-0.38084083795547485,-0.3180234730243683,1,40.0,2.7943227291107178,0.26744478940963745,1.0,12.110946655273438,255,1,0,0,0,1
159,7.953191,62,96,1,0,11.490907669067383,11.496087074279785,-0.38084083795547485,-0.3180234730243683,1,40.0,2.7943227291107178,0.26744478940963745,1.0,12.110946655273438,255,1,0,0,0,1
160,8.003187,32,97,1,1,11.564151763916016,11.710832595825195,-0.13209566473960876,-0.0316942036151886,1,40.0,2.638484001159668,0.2696421146392822,1.0,12.110946655273438,255,1,0,0,0,1
161,8.053191,82,97,1,0,11.564151763916016,11.710832595825195,-0.13209566473960876,-0.0316942036151886,1,40.0,2.638484001159668,0.2696421146392822,1.0,12.110946655273438,255,1,0,0,0,1
162,8.103201,46,98,1,1,11.640951156616211,11.7620210647583,0.09721362590789795,0.2105695605278015,1,40.0,2.4939863681793213,0.27194613218307495,1.0,12.110946655273438,255,1,0,0,0,1
163,8.153187,12,99,1,1,11.697187423706055,11.7620210647583,0.23918133974075317,0.34028714895248413,1,40.0,2.4037442207336426,0.2736331820487976,1.0,12.110946655273438,255,1,0,0,0,1
164,8.203188,62,99,1,0,11.697187423706055,11.7620210647583,0.23918133974075317,0.34028714895248413,1,40.0,2.4037442207336426,0.2736331820487976,1.0,12.110946655273438,255,1,0,0,0,1
165,8.253187,32,100,1,1,11.723204612731934,11.731307983398438,0.28157585859298706,0.35612791776657104,1,40.0,2.3759660720825195,0.2744137644767761,1.0,12.110946655273438,255,1,0,0,0,1
166,8.3032,82,100,1,0,11.723204612731934,11.731307983398438,0.28157585859298706,0.35612791776657104,1,40.0,2.3759660720825195,0.2744137644767761,1.0,12.110946655273438,255,1,0,0,0,1
167,8.353221,46,101,1,1,11.750021934509277,11.75178337097168,0.3155803382396698,0.3596537709236145,1,40.0,2.353149890899658,0.27521824836730957,1.0,12.110946655273438,255,1,0,0,0,1
168,8.403189,12,102,1,1,11.797011375427246,11.823323249816895,0.39623787999153137,0.41230279207229614,1,40.0,2.3005263805389404,0.27662795782089233,1.0,12.110946655273438,255,1,0,0,0,1
169,8.453186,62,102,1,0,11.797011375427246,11.823323249816895,0.39623787999153137,0.41230279207229614,1,40.0,2.3005263805389404,0.27662795782089233,1.0,12.110946655273438,255,1,0,0,0,1
170,8.503187,32,103,1,1,11.89120864868164,11.976766586303711,0.5894052982330322,0.5795446634292603,1,40.0,2.1761481761932373,0.2794538140296936,1.0,12.110946655273438,255,1,0,0,0,1
171,8.553192,82,103,1,0,11.89120864868164,11.976766586303711,0.5894052982330322,0.5795446634292603,1,40.0,2.1761481761932373,0.2794538140296936,1.0,12.110946655273438,255,1,0,0,0,1
172,8.6032,46,104,1,1,11.97512149810791,12.017717361450195,0.7209300994873047,0.6648169159889221,1,40.0,2.0896811485290527,0.2819712162017822,1.0,12.110946655273438,255,1,0,0,0,1
173,8.653189,11,105,1,1,12.081829071044922,12.140446662902832,0.8904540538787842,0.7827515602111816,1,40.0,1.978363037109375,0.2851724624633789,1.0,12.110946655273438,255,1,0,0,0,1
174,8.703279,61,105,1,0,12.081829071044922,12.140446662902832,0.8904540538787842,0.7827515602111816,1,40.0,1.978363037109375,0.2851724624633789,1.0,12.110946655273438,255,1,0,0,0,1
175,8.753187,26,106,1,1,12.16493034362793,12.171159744262695,0.9690165519714355,0.795300304889679,1,40.0,1.9237463474273682,0.2876654863357544,1.0,12.110946655273438,255,1,0,0,0,1
176,8.803197,76,106,1,0,12.16493034362793,12.171159744262695,0.9690165519714355,0.795300304889679,1,40.0,1.9237463474273682,0.2876654863357544,1.0,12.110946655273438,255,1,0,0,0,1
177,8.853208,43,107,1,1,12.250138282775879,12.252938270568848,1.0403696298599243,0.8008750081062317,1,40.0,1.8732659816741943,0.2902216911315918,1.0,12.110946655273438,255,1,0,0,0,1
178,8.903192,11,108,1,1,12.332468032836914,12.324603080749512,1.0912024974822998,0.7853876948356628,1,40.0,1.8353564739227295,0.2926916480064392,1.0,12.110946655273438,255,1,0,0,0,1
179,8.953186,61,108,1,0,12.332468032836914,12.324603080749512,1.0912024974822998,0.7853876948356628,1,40.0,1.8353564739227295,0.2926916480064392,1.0,12.110946655273438,255,1,0,0,0,1
180,9.003186,29,109,1,1,12.48962688446045,12.580299377441406,1.3258862495422363,0.9631673097610474,1,40.0,1.6804018020629883,0.2974064350128174,1.0,12.110946655273438,255,1,0,0,0,1
181,9.053186,79,109,1,0,12.48962688446045,12.580299377441406,1.3258862495422363,0.9631673097610474,1,40.0,1.6804018020629883,0.2974064350128174,1.0,12.110946655273438,255,1,0,0,0,1
182,9.103204,43,110,1,1,12.660584449768066,12.733616828918457,1.548900842666626,1.1094695329666138,1,40.0,1.5312070846557617,0.3025350570678711,1.0,12.110946655273438,255,1,0,0,0,1
183,9.153187,12,111,1,1,12.83041763305664,12.887059211730957,1.7454842329025269,1.2208465337753296,1,40.0,1.3979718685150146,0.30763012170791626,1.0,12.110946655273438,255,1,0,0,0,1
184,9.203186,62,111,1,0,12.83041763305664,12.887059211730957,1.7454842329025269,1.2208465337753296,1,40.0,1.3979718685150146,0.30763012170791626,1.0,12.110946655273438,255,1,0,0,0,1
185,9.253191,31,112,1,1,12.930349349975586,12.866583824157715,1.725253701210022,1.096486210823059,1,40.0,1.4011162519454956,0.3106280565261841,1.0,12.110946655273438,255,1,0,0,0,1
186,9.303185,81,112,1,0,12.930349349975586,12.866583824157715,1.725253701210022,1.096486210823059,1,40.0,1.4011162519454956,0.3106280565261841,1.0,12.110946655273438,255,1,0,0,0,1
187,9.353207,47,113,1,1,13.092925071716309,13.112042427062988,1.8535888195037842,1.1343079805374146,1,40.0,1.309483528137207,0.31550538539886475,1.0,12.110946655273438,255,1,0,0,0,1
188,9.403191,12,114,1,1,13.26349925994873,13.27572250366211,1.9734708070755005,1.1587947607040405,1,40.0,1.2222025394439697,0.3206225633621216,1.0,12.110946655273438,255,1,0,0,0,1
189,9.453186,62,114,1,0,13.26349925994873,13.27572250366211,1.9734708070755005,1.1587947607040405,1,40.0,1.2222025394439697,0.3206225633621216,1.0,12.110946655273438,255,1,0,0,0,1
190,9.503187,32,115,1,1,13.477965354919434,13.551894187927246,2.2048096656799316,1.3035024404525757,1,40.0,1.064097285270691,0.3270565867424011,0.9827209711074829,12.110946655273438,251,1,0,0,0,0
191,9.5532,82,115,1,0,13.477965354919434,13.551894187927246,2.2048096656799316,1.3035024404525757,1,40.0,1.064097285270691,0.3270565867424011,0.9827209711074829,12.110946655273438,251,1,0,0,0,0
192,9.603206,46,116,1,1,13.70352840423584,13.746163368225098,2.398787021636963,1.3889554738998413,1,40.0,0.9274102449417114,0.3126058280467987,0.8197391629219055,12.106758117675781,209,1,0,0,0,0
193,9.653187,13,117,1,1,13.964400291442871,14.042810440063477,2.6636905670166016,1.5451116561889648,1,40.0,0.7449896335601807,0.29676514863967896,0.597632646560669,12.106758117675781,152,1,0,0,0,0
194,9.703186,63,117,1,0,13.964400291442871,14.042810440063477,2.6636905670166016,1.5451116561889648,1,40.0,0.7449896335601807,0.29676514863967896,0.597632646560669,12.106758117675781,152,1,0,0,0,0
195,9.753195,32,118,1,1,14.194108963012695,14.206491470336914,2.8121213912963867,1.5694161653518677,1,40.0,0.635257363319397,0.2828279137611389,0.46990594267845154,12.106758117675781,120,1,0,0,0,0
196,9.803194,82,118,1,0,14.194108963012695,14.206491470336914,2.8121213912963867,1.5694161653518677,1,40.0,0.635257363319397,0.2828279137611389,0.46990594267845154,12.106758117675781,120,1,0,0,0,0
197,9.853223,46,119,1,1,14.454707145690918,14.47242546081543,2.981144905090332,1.6049705743789673,1,40.0,0.5103893280029297,0.27000120282173157,0.32051751017570496,12.106758117675781,82,1,0,0,0,0
198,9.903187,12,120,1,1,14.70945930480957,14.707645416259766,3.1124813556671143,1.6013365983963013,1,40.0,0.4086599349975586,0.2546529471874237,0.20534265041351318,12.106758117675781,80,1,0,0,0,0
199,9.953214,62,120,1,0,14.70945930480957,14.707645416259766,3.1124813556671143,1.6013365983963013,1,40.0,0.4086599349975586,0.2546529471874237,0.20534265041351318,12.106758117675781,80,1,0,0,0,0
200,10.003187,31,121,1,1,15.068050384521484,15.208800315856934,3.5073633193969727,1.8782490491867065,1,40.0,0.13945746421813965,0.2451782524585724,0.0,12.106758117675781,0,0,0,0,0,0
201,10.053192,81,121,1,0,15.068050384521484,15.208800315856934,3.5073633193969727,1.8782490491867065,1,40.0,0.13945746421813965,0.2451782524585724,0.0,12.106758117675781,0,0,0,0,0,0
202,10.103211,46,122,1,1,15.39858627319336,15.433782577514648,3.7343032360076904,1.9485163688659668,1,40.0,-0.026454687118530273,0.23514875769615173,-0.05813409760594368,12.106758117675781,80,2,384,0,0,0
203,10.153187,13,123,1,1,15.760313987731934,15.8224458694458,4.01427698135376,2.0719926357269287,1,40.0,-0.22699451446533203,0.22385933995246887,-0.10018974542617798,12.106758117675781,80,2,384,0,0,0
204,10.203186,63,123,1,0,15.760313987731934,15.8224458694458,4.01427698135376,2.0719926357269287,1,40.0,-0.22699451446533203,0.22385933995246887,-0.10018974542617798,12.106758117675781,80,2,384,0,0,0
205,10.253187,32,124,1,1,16.056514739990234,16.006601333618164,4.0884108543396,1.9741235971450806,1,40.0,-0.29813289642333984,0.21335363388061523,-0.1136636734008789,12.106758117675781,80,2,384,0,0,0
206,10.303196,82,124,1,0,16.056514739990234,16.006601333618164,4.0884108543396,1.9741235971450806,1,40.0,-0.29813289642333984,0.21335363388061523,-0.1136636734008789,12.106758117675781,80,2,384,0,0,0
207,10.353193,46,125,1,1,16.428466796875,16.44632911682129,4.292497158050537,2.0099520683288574,1,40.0,-0.45406031608581543,0.2053573578596115,-0.14653725922107697,12.106758117675781,80,2,384,0,0,0
208,10.403187,12,126,1,1,16.84279441833496,16.906658172607422,4.583882808685303,2.137875556945801,1,40.0,-0.6661810874938965,0.19657282531261444,-0.19172309339046478,12.106758117675781,80,2,384,0,0,0
209,10.453186,62,126,1,0,16.84279441833496,16.906658172607422,4.583882808685303,2.137875556945801,1,40.0,-0.6661810874938965,0.19657282531261444,-0.19172309339046478,12.106758117675781,80,2,384,0,0,0
210,10.503186,31,127,1,1,17.307767868041992,17.428287506103516,4.984094619750977,2.3749282360076904,1,40.0,-0.9481558799743652,0.1919962614774704,-0.2533671259880066,12.106758117675781,80,2,384,0,0,0
211,10.553217,81,127,1,0,17.307767868041992,17.428287506103516,4.984094619750977,2.3749282360076904,1,40.0,-0.9481558799743652,0.1919962614774704,-0.2533671259880066,12.106758117675781,0,0,0,0,0,0
212,10.6032,47,128,1,1,17.74781036376953,17.76576042175293,5.21770715713501,2.410552740097046,1,40.0,-1.127927303314209,0.18704372644424438,-0.2922157645225525,12.106758117675781,0,0,0,0,0,0
213,10.653189,13,129,1,1,18.2034969329834,18.215726852416992,5.443545818328857,2.434931755065918,1,40.0,-1.304442286491394,0.18068736791610718,-0.33002880215644836,12.106758117675781,84,2,384,0,0,0
214,10.703186,63,129,1,0,18.2034969329834,18.215726852416992,5.443545818328857,2.434931755065918,1,40.0,-1.304442286491394,0.18068736791610718,-0.33002880215644836,12.106758117675781,84,2,384,0,0,0
215,10.753187,32,130,1,1,18.60247039794922,18.53285026550293,5.50986909866333,2.2982406616210938,1,40.0,-1.3801437616348267,0.17521938681602478,-0.345636248588562,12.106758117675781,88,2,384,0,0,0
216,10.803195,82,130,1,0,18.60247039794922,18.53285026550293,5.50986909866333,2.2982406616210938,1,40.0,-1.3801437616348267,0.17521938681602478,-0.345636248588562,12.106758117675781,88,2,384,0,0,0
217,10.853207,46,131,1,1,19.059032440185547,19.023765563964844,5.639730453491211,2.2274773120880127,1,40.0,-1.4991512298583984,0.17072832584381104,-0.3710843324661255,12.106758117675781,95,2,384,0,0,0
218,10.903194,11,132,1,1,19.53299903869629,19.51468276977539,5.793715476989746,2.1905899047851562,1,40.0,-1.6341992616653442,0.16714748740196228,-0.4002992510795593,12.106758117675781,102,2,384,0,0,0
219,10.953186,61,132,1,0,19.53299903869629,19.51468276977539,5.793715476989746,2.1905899047851562,1,40.0,-1.6341992616653442,0.16714748740196228,-0.4002992510795593,12.106758117675781,102,2,384,0,0,0
220,11.003187,27,133,1,1,20.091716766357422,20.17951774597168,6.146359920501709,2.366532802581787,1,40.0,-1.8960705995559692,0.16651207208633423,-0.458351731300354,12.106758117675781,117,2,384,0,0,0
221,11.053188,77,133,1,0,20.091716766357422,20.17951774597168,6.146359920501709,2.366532802581787,1,40.0,-1.8960705995559692,0.16651207208633423,-0.458351731300354,12.106758117675781,117,2,384,0,0,0
222,11.103204,43,134,1,1,20.604660034179688,20.588655471801758,6.314500331878662,2.3345561027526855,1,40.0,-2.0431196689605713,0.1659737527370453,-0.4909096658229828,12.106758117675781,125,2,384,0,0,0
223,11.153187,12,135,1,1,21.06682777404785,20.98755645751953,6.354639053344727,2.1790740489959717,1,40.0,-2.108798027038574,0.16335275769233704,-0.5049223899841309,12.106758117675781,129,2,384,0,0,0
224,11.203186,62,135,1,0,21.06682777404785,20.98755645751953,6.354639053344727,2.1790740489959717,1,40.0,-2.108798027038574,0.16335275769233704,-0.5049223899841309,12.106758117675781,129,2,384,0,0,0
225,11.253187,31,136,1,1,21.44075584411621,21.233015060424805,6.143913745880127,1.7746917009353638,1,40.0,-2.0160164833068848,0.1594240665435791,-0.48343122005462646,12.106758117675781,123,2,384,0,0,0
226,11.303192,81,136,1,0,21.44075584411621,21.233015060424805,6.143913745880127,1.7746917009353638,1,40.0,-2.0160164833068848,0.1594240665435791,-0.48343122005462646,12.106758117675781,123,2,384,0,0,0
227,11.353207,46,137,1,1,21.814733505249023,21.60120391845703,5.888381481170654,1.3503916263580322,1,40.0,-1.8963550329208374,0.1548680067062378,-0.45582735538482666,12.106758117675781,116,2,384,0,0,0
228,11.403187,12,138,1,1,22.212005615234375,22.071643829345703,5.733520984649658,1.070378303527832,1,40.0,-1.8391932249069214,0.1513286828994751,-0.44233816862106323,12.106758117675781,113,2,384,0,0,0
229,11.453186,62,138,1,0,22.212005615234375,22.071643829345703,5.733520984649658,1.070378303527832,1,40.0,-1.8391932249069214,0.1513286828994751,-0.44233816862106323,12.106758117675781,113,2,384,0,0,0
230,11.503186,31,139,1,1,22.639448165893555,22.583036422729492,5.714075088500977,0.9595829248428345,1,40.0,-1.8659954071044922,0.14992156624794006,-0.4479815661907196,12.106758117675781,114,2,384,0,0,0
231,11.553189,81,139,1,0,22.639448165893555,22.583036422729492,5.714075088500977,0.9595829248428345,1,40.0,-1.8659954071044922,0.14992156624794006,-0.4479815661907196,12.106758117675781,114,2,384,0,0,0
232,11.603204,47,140,1,1,23.1023006439209,23.07395362854004,5.740793704986572,0.9033371806144714,1,40.0,-1.9236834049224854,0.14905071258544922,-0.4606076180934906,12.106758117675781,117,2,384,0,0,0
233,11.653187,13,141,1,1,23.517860412597656,23.421789169311523,5.633153438568115,0.7118078470230103,1,40.0,-1.896499514579773,0.14715445041656494,-0.45414531230926514,12.106758117675781,116,2,384,0,0,0
234,11.703193,63,141,1,0,23.517860412597656,23.421789169311523,5.633153438568115,0.7118078470230103,1,40.0,-1.896499514579773,0.14715445041656494,-0.45414531230926514,12.106758117675781,116,2,384,0,0,0
235,11.753187,31,142,1,1,23.841632843017578,23.646772384643555,5.3228302001953125,0.3269650638103485,1,40.0,-1.7394450902938843,0.14368188381195068,-0.41847264766693115,12.106758117675781,107,2,384,0,0,0
236,11.803192,81,142,1,0,23.841632843017578,23.646772384643555,5.3228302001953125,0.3269650638103485,1,40.0,-1.7394450902938843,0.14368188381195068,-0.41847264766693115,12.106758117675781,107,2,384,0,0,0
237,11.853204,46,143,1,1,24.15117835998535,23.953657150268555,4.972084045410156,-0.0681290328502655,1,40.0,-1.556856632232666,0.1400415301322937,-0.3770884573459625,12.106758117675781,96,2,384,0,0,0
238,11.903201,12,144,1,1,24.412689208984375,24.199115753173828,4.557099342346191,-0.4952550232410431,1,40.0,-1.3314015865325928,0.1336229145526886,-0.325560986995697,12.106758117675781,83,2,384,0,0,0
239,11.953186,62,144,1,0,24.412689208984375,24.199115753173828,4.557099342346191,-0.4952550232410431,1,40.0,-1.3314015865325928,0.1336229145526886,-0.325560986995697,12.106758117675781,83,2,384,0,0,0
240,12.003222,32,145,1,1,24.714365005493164,24.628604888916016,4.356970310211182,-0.6628544926643372,1,40.0,-1.2384750843048096,0.13020330667495728,-0.3041507303714752,12.106758117675781,80,2,384,0,0,0
241,12.053187,82,145,1,0,24.714365005493164,24.628604888916016,4.356970310211182,-0.6628544926643372,1,40.0,-1.2384750843048096,0.13020330667495728,-0.3041507303714752,12.106758117675781,80,2,384,0,0,0
242,12.103245,46,146,1,1,25.005590438842773,24.89453887939453,4.087032794952393,-0.885178804397583,1,40.0,-1.1027227640151978,0.12671154737472534,-0.2732076048851013,12.094195365905762,80,2,384,0,0,0
243,12.153187,12,147,1,1,25.319372177124023,25.283203125,3.94334077835083,-0.957558274269104,1,40.0,-1.0447479486465454,0.12263000011444092,-0.259417325258255,12.094195365905762,80,2,384,0,0,0
244,12.203186,62,147,1,0,25.319372177124023,25.283203125,3.94334077835083,-0.957558274269104,1,40.0,-1.0447479486465454,0.12263000011444092,-0.259417325258255,12.094195365905762,80,2,384,0,0,0
245,12.253203,31,148,1,1,25.556703567504883,25.446882247924805,3.658982038497925,-1.1734877824783325,1,40.0,-0.8954925537109375,0.11800545454025269,-0.22522181272506714,12.094195365905762,80,2,384,0,0,0
246,12.303196,81,148,1,0,25.556703567504883,25.446882247924805,3.658982038497925,-1.1734877824783325,1,40.0,-0.8954925537109375,0.11800545454025269,-0.22522181272506714,12.094195365905762,80,2,384,0,0,0
247,12.3532,46,149,1,1,25.795700073242188,25.702579498291016,3.3812415599823,-1.3593312501907349,1,40.0,-0.7503578662872314,0.11362075805664062,-0.19199523329734802,12.010440826416016,80,2,384,0,0,0
248,12.403193,11,150,1,1,26.010154724121094,25.91732406616211,3.0870132446289062,-1.5458334684371948,1,40.0,-0.5931218862533569,0.10727041959762573,-0.15564273297786713,12.010440826416016,80,2,384,0,0,0
249,12.453202,61,150,1,0,26.010154724121094,25.91732406616211,3.0870132446289062,-1.5458334684371948,1,40.0,-0.5931218862533569,0.10727041959762573,-0.15564273297786713,12.010440826416016,80,2,384,0,0,0
250,12.503187,31,151,1,1,26.270360946655273,26.29574966430664,3.0109574794769287,-1.4961234331130981,1,40.0,-0.5709069967269897,0.103884756565094,-0.1499537229537964,12.010440826416016,80,2,384,0,0,0
251,12.553186,81,151,1,0,26.270360946655273,26.29574966430664,3.0109574794769287,-1.4961234331130981,1,40.0,-0.5709069967269897,0.103884756565094,-0.1499537229537964,12.010440826416016,80,2,384,0,0,0
252,12.603201,46,152,1,1,26.525129318237305,26.530969619750977,2.894926071166992,-1.4844934940338135,1,40.0,-0.5242173671722412,0.09985768795013428,-0.13868334889411926,12.027192115783691,80,2,384,0,0,0
253,12.653187,12,153,1,1,26.760120391845703,26.75607681274414,2.7624969482421875,-1.492564082145691,1,40.0,-0.4659090042114258,0.09545373916625977,-0.12474727630615234,12.027192115783691,80,2,384,0,0,0
254,12.703186,62,153,1,0,26.760120391845703,26.75607681274414,2.7624969482421875,-1.492564082145691,1,40.0,-0.4659090042114258,0.09545373916625977,-0.12474727630615234,12.027192115783691,80,2,384,0,0,0
255,12.753187,32,154,1,1,26.952716827392578,26.919631958007812,2.5812151432037354,-1.5571742057800293,1,40.0,-0.3744736909866333,0.09063982963562012,-0.10335855185985565,12.027192115783691,80,2,384,0,0,0
256,12.803202,82,154,1,0,26.952716827392578,26.919631958007812,2.5812151432037354,-1.5571742057800293,1,40.0,-0.3744736909866333,0.09063982963562012,-0.10335855185985565,12.027192115783691,80,2,384,0,0,0
257,12.853208,46,155,1,1,27.12851333618164,27.073074340820312,2.341010570526123,-1.6681333780288696,1,40.0,-0.24617254734039307,0.0854758620262146,-0.07369964569807053,12.027192115783691,80,2,384,0,0,0
258,12.903196,12,156,1,1,27.28013038635254,27.226516723632812,2.0980937480926514,-1.7754130363464355,1,40.0,-0.11406803131103516,0.07844001054763794,-0.04277956485748291,12.027192115783691,80,2,384,0,0,0
259,12.953186,62,156,1,0,27.28013038635254,27.226516723632812,2.0980937480926514,-1.7754130363464355,1,40.0,-0.11406803131103516,0.07844001054763794,-0.04277956485748291,12.027192115783691,0,0,0,0,0,0
260,13.003217,30,157,1,1,27.504201889038086,27.5844669342041,2.1045403480529785,-1.6167285442352295,1,40.0,-0.13810241222381592,0.0749862790107727,-0.04735304415225983,12.027192115783691,80,2,384,0,0,0
261,13.053251,80,157,1,0,27.504201889038086,27.5844669342041,2.1045403480529785,-1.6167285442352295,1,40.0,-0.13810241222381592,0.0749862790107727,-0.04735304415225983,12.027192115783691,80,2,384,0,0,0
262,13.103187,41,158,1,1,27.712026596069336,27.74814796447754,2.0314528942108154,-1.542876124382019,1,40.0,-0.11295413970947266,0.07059955596923828,-0.040789708495140076,12.027192115783691,80,2,384,0,0,0
263,13.1532,5,159,1,1,27.88981056213379,27.90159034729004,1.921791434288025,-1.5188714265823364,1,40.0,-0.06315779685974121,0.06487387418746948,-0.028451479971408844,12.027192115783691,0,0,0,0,0,0
264,13.203237,55,159,1,0,27.88981056213379,27.90159034729004,1.921791434288025,-1.5188714265823364,1,40.0,-0.06315779685974121,0.06487387418746948,-0.028451479971408844,12.027192115783691,0,0,0,0,0,0
265,13.25322,22,160,1,1,28.031391143798828,28.014081954956055,1.7625659704208374,-1.5534452199935913,1,40.0,0.01963520050048828,0.059433162212371826,-0.008843991905450821,12.027192115783691,0,0,0,0,0,0
266,13.303195,72,160,1,0,28.031391143798828,28.014081954956055,1.7625659704208374,-1.5534452199935913,1,40.0,0.01963520050048828,0.059433162212371826,-0.008843991905450821,12.027192115783691,0,0,0,0,0,0
267,13.353187,40,161,1,1,28.182201385498047,28.19811248779297,1.6651949882507324,-1.5221376419067383,1,40.0,0.06448495388031006,0.05378413200378418,0.0,12.027192115783691,0,0,0,0,0,0
268,13.403205,5,162,1,1,28.345233917236328,28.38226890563965,1.606430172920227,-1.448469877243042,1,40.0,0.08507084846496582,0.04862987995147705,0.0,12.027192115783691,0,0,0,0,0,0
269,13.453217,55,162,1,0,28.345233917236328,28.38226890563965,1.606430172920227,-1.448469877243042,1,40.0,0.08507084846496582,0.04862987995147705,0.0,12.027192115783691,0,0,0,0,0,0
270,13.503186,23,163,1,1,28.5201358795166,28.586776733398438,1.6132732629776,-1.3174203634262085,1,40.0,0.06522387266159058,0.04455322027206421,0.0,12.027192115783691,0,0,0,0,0,0
271,13.553201,73,163,1,0,28.5201358795166,28.586776733398438,1.6132732629776,-1.3174203634262085,1,40.0,0.06522387266159058,0.04455322027206421,0.0,12.027192115783691,0,0,0,0,0,0
272,13.603198,41,164,1,1,28.695056915283203,28.76069450378418,1.628395438194275,-1.188934087753296,1,40.0,0.040407657623291016,0.040042877197265625,0.0,12.027192115783691,0,0,0,0,0,0
273,13.653215,9,165,1,1,28.82350730895996,28.821996688842773,1.5280728340148926,-1.1918867826461792,1,40.0,0.08904069662094116,0.034852445125579834,0.07225099951028824,12.027192115783691,0,0,0,0,0,0
274,13.703186,59,165,1,0,28.82350730895996,28.821996688842773,1.5280728340148926,-1.1918867826461792,1,40.0,0.08904069662094116,0.034852445125579834,0.07225099951028824,12.027192115783691,0,0,0,0,0,0
275,13.753201,25,166,1,1,28.985071182250977,29.036865234375,1.5261945724487305,-1.0894161462783813,1,40.0,0.07562685012817383,0.030199289321899414,0.06057007610797882,12.027192115783691,0,0,0,0,0,0
276,13.803204,75,166,1,0,28.985071182250977,29.036865234375,1.5261945724487305,-1.0894161462783813,1,40.0,0.07562685012817383,0.030199289321899414,0.06057007610797882,12.027192115783691,0,0,0,0,0,0
277,13.853234,42,167,1,1,29.091041564941406,29.06757926940918,1.3912659883499146,-1.1358305215835571,1,40.0,0.14704662561416626,0.024566471576690674,0.16330689191818237,12.027192115783691,0,0,0,0,0,0
278,13.903194,10,168,1,1,29.192426681518555,29.180070877075195,1.2748267650604248,-1.1601332426071167,1,40.0,0.20778554677963257,0.018335402011871338,0.25260019302368164,12.027192115783691,0,0,0,0,0,0
279,13.953186,60,168,1,0,29.192426681518555,29.180070877075195,1.2748267650604248,-1.1601332426071167,1,40.0,0.20778554677963257,0.018335402011871338,0.25260019302368164,12.027192115783691,0,0,0,0,0,0
280,14.003186,25,169,1,1,29.372440338134766,29.476593017578125,1.3755477666854858,-0.9522513747215271,1,40.0,0.13115167617797852,0.014549434185028076,0.15546965599060059,12.027192115783691,80,1,0,0,0,0
281,14.053209,75,169,1,0,29.372440338134766,29.476593017578125,1.3755477666854858,-0.9522513747215271,1,40.0,0.13115167617797852,0.014549434185028076,0.15546965599060059,12.027192115783691,80,1,0,0,0,0
282,14.103233,42,170,1,1,29.527799606323242,29.58908462524414,1.413221836090088,-0.8305226564407349,1,40.0,0.09456497430801392,0.010708153247833252,0.11180910468101501,12.027192115783691,80,1,0,0,0,0
283,14.153213,11,171,1,1,29.703899383544922,29.793716430664062,1.5145900249481201,-0.6545373201370239,1,40.0,0.017895042896270752,0.007089793682098389,0.014406997710466385,12.027192115783691,80,1,0,0,0,0
284,14.203186,61,171,1,0,29.703899383544922,29.793716430664062,1.5145900249481201,-0.6545373201370239,1,40.0,0.017895042896270752,0.007089793682098389,0.014406997710466385,12.027192115783691,80,1,0,0,0,0
285,14.253227,25,172,1,1,29.802717208862305,29.763002395629883,1.3820221424102783,-0.7341381907463074,1,40.0,0.0885421633720398,0.0013026595115661621,0.11631932854652405,12.027192115783691,80,1,0,0,0,0
286,14.303229,75,172,1,0,29.802717208862305,29.763002395629883,1.3820221424102783,-0.7341381907463074,1,40.0,0.0885421633720398,0.0013026595115661621,0.11631932854652405,12.027192115783691,80,1,0,0,0,0
287,14.353217,43,173,1,1,29.936260223388672,29.967634201049805,1.3813270330429077,-0.6720287203788757,1,40.0,0.07694035768508911,-0.0028488636016845703,0.10638561844825745,12.027192115783691,80,1,0,0,0,0
288,14.403237,11,174,1,1,30.108057022094727,30.192617416381836,1.4856358766555786,-0.5055666565895081,1,40.0,-0.0011066794395446777,-0.006249129772186279,0.006856599822640419,12.027192115783691,80,1,0,0,0,0
289,14.453194,61,174,1,0,30.108057022094727,30.192617416381836,1.4856358766555786,-0.5055666565895081,1,40.0,-0.0011066794395446777,-0.006249129772186279,0.006856599822640419,12.027192115783691,80,1,0,0,0,0
290,14.503218,29,175,1,1,30.345684051513672,30.509614944458008,1.7525310516357422,-0.18346866965293884,1,40.0,-0.18263018131256104,-0.007033884525299072,0.0,12.027192115783691,0,0,0,0,0,0
291,14.553195,79,175,1,0,30.345684051513672,30.509614944458008,1.7525310516357422,-0.18346866965293884,1,40.0,-0.18263018131256104,-0.007033884525299072,0.0,12.027192115783691,0,0,0,0,0,0
292,14.603202,43,176,1,1,30.622556686401367,30.7960262298584,2.0705230236053467,0.1650846004486084,1,40.0,-0.39834392070770264,-0.006933927536010742,-0.08698000013828278,12.043943405151367,80,2,384,0,0,0
293,14.653187,11,177,1,1,30.90155792236328,31.051721572875977,2.3692986965179443,0.4629552960395813,1,40.0,-0.6027194261550903,-0.006534695625305176,-0.132485494017601,12.043943405151367,80,2,384,0,0,0
294,14.703224,61,177,1,0,30.90155792236328,31.051721572875977,2.3692986965179443,0.4629552960395813,1,40.0,-0.6027194261550903,-0.006534695625305176,-0.132485494017601,12.043943405151367,80,2,384,0,0,0
295,14.753193,29,178,1,1,31.168132781982422,31.26646614074707,2.5928635597229004,0.6568273305892944,1,40.0,-0.7608501315116882,-0.005816161632537842,-0.16778534650802612,12.043943405151367,80,2,384,0,0,0
296,14.803196,79,178,1,0,31.168132781982422,31.26646614074707,2.5928635597229004,0.6568273305892944,1,40.0,-0.7608501315116882,-0.005816161632537842,-0.16778534650802612,12.043943405151367,0,0,0,0,0,0
297,14.853209,43,179,1,1,31.45224952697754,31.532400131225586,2.8037474155426025,0.8180605173110962,1,40.0,-0.912950873374939,-0.004799783229827881,-0.20181135833263397,12.043943405151367,0,0,0,0,0,0
298,14.903225,11,180,1,1,31.754043579101562,31.849523544311523,3.052206516265869,1.0074743032455444,1,40.0,-1.0891878604888916,-0.0030115842819213867,-0.2413725107908249,12.043943405151367,0,0,0,0,0,0
299,14.953189,61,180,1,0,31.754043579101562,31.849523544311523,3.052206516265869,1.0074743032455444,1,40.0,-1.0891878604888916,-0.0030115842819213867,-0.2413725107908249,12.043943405151367,0,0,0,0,0,0
300,15.003187,29,181,1,1,32.13407897949219,32.30972671508789,3.466230630874634,1.3536598682403564,1,40.0,-1.3718054294586182,0.0017927289009094238,-0.3052440285682678,12.043943405151367,80,2,384,0,0,0
301,15.053217,79,181,1,0,32.13407897949219,32.30972671508789,3.466230630874634,1.3536598682403564,1,40.0,-1.3718054294586182,0.0017927289009094238,-0.3052440285682678,12.043943405151367,80,2,384,0,0,0
302,15.103197,42,182,1,1,32.54132080078125,32.677913665771484,3.848498821258545,1.6298339366912842,1,40.0,-1.6378183364868164,0.0073239803314208984,-0.36558714509010315,12.043943405151367,93,2,384,0,0,0
303,15.153233,10,183,1,1,32.948265075683594,33.06657791137695,4.207330226898193,1.864945411682129,1,40.0,-1.889742136001587,0.013192415237426758,-0.4228743314743042,12.043943405151367,108,2,384,0,0,0
304,15.203186,60,183,1,0,32.948265075683594,33.06657791137695,4.207330226898193,1.864945411682129,1,40.0,-1.889742136001587,0.013192415237426758,-0.4228743314743042,12.043943405151367,108,2,384,0,0,0
305,15.253187,24,184,1,1,33.375579833984375,33.455238342285156,4.521524429321289,2.025491237640381,1,40.0,-2.1167168617248535,0.02001786231994629,-0.47482994198799133,12.043943405151367,121,2,384,0,0,0
306,15.303203,74,184,1,0,33.375579833984375,33.455238342285156,4.521524429321289,2.025491237640381,1,40.0,-2.1167168617248535,0.02001786231994629,-0.47482994198799133,12.043943405151367,121,2,384,0,0,0
307,15.353222,42,185,1,1,33.761226654052734,33.772361755371094,4.708754539489746,2.047558546066284,1,40.0,-2.263763189315796,0.02595663070678711,-0.5088266134262085,12.043943405151367,130,2,384,0,0,0
308,15.403324,6,186,1,1,34.164024353027344,34.150787353515625,4.859330177307129,2.020930767059326,1,40.0,-2.3903603553771973,0.032737553119659424,-0.538466215133667,12.043943405151367,137,2,384,0,0,0
309,15.453186,56,186,1,0,34.164024353027344,34.150787353515625,4.859330177307129,2.020930767059326,1,40.0,-2.3903603553771973,0.032737553119659424,-0.538466215133667,12.043943405151367,137,2,384,0,0,0
310,15.503187,23,187,1,1,34.607025146484375,34.65194320678711,5.112730979919434,2.110323429107666,1,40.0,-2.582270860671997,0.04106700420379639,-0.5829639434814453,12.043943405151367,149,2,384,0,0,0
311,15.553218,73,187,1,0,34.607025146484375,34.65194320678711,5.112730979919434,2.110323429107666,1,40.0,-2.582270860671997,0.04106700420379639,-0.5829639434814453,12.043943405151367,149,2,384,0,0,0
312,15.603197,41,188,1,1,35.1049690246582,35.20428466796875,5.473140716552734,2.305879831314087,1,40.0,-2.843331813812256,0.05169099569320679,-0.6433384418487549,12.043943405151367,164,2,384,0,0,0
313,15.653207,9,189,1,1,35.591697692871094,35.6337776184082,5.741253852844238,2.388383150100708,1,40.0,-3.0480051040649414,0.06237685680389404,-0.691196084022522,12.043943405151367,176,2,384,0,0,0
314,15.703186,59,189,1,0,35.591697692871094,35.6337776184082,5.741253852844238,2.388383150100708,1,40.0,-3.0480051040649414,0.06237685680389404,-0.691196084022522,12.043943405151367,176,2,384,0,0,0
315,15.753221,24,190,1,1,35.9874382019043,35.8486442565918,5.67933988571167,2.111898899078369,1,40.0,-3.046473503112793,0.07050204277038574,-0.6926612257957458,12.043943405151367,177,2,384,0,0,0
316,15.803205,74,190,1,0,35.9874382019043,35.8486442565918,5.67933988571167,2.111898899078369,1,40.0,-3.046473503112793,0.07050204277038574,-0.6926612257957458,12.043943405151367,177,2,384,0,0,0
317,15.853208,42,191,1,1,36.35826873779297,36.21683120727539,5.585115909576416,1.8328615427017212,1,40.0,-3.0233137607574463,0.0782163143157959,-0.689228892326355,12.043943405151367,176,2,384,0,0,0
318,15.903197,10,192,1,1,36.73604965209961,36.6157341003418,5.508935451507568,1.5965027809143066,1,40.0,-3.011605978012085,0.08663636445999146,-0.6884982585906982,12.043943405151367,176,2,384,0,0,0
319,15.953216,60,192,1,0,36.73604965209961,36.6157341003418,5.508935451507568,1.5965027809143066,1,40.0,-3.011605978012085,0.08663636445999146,-0.6884982585906982,12.043943405151367,176,2,384,0,0,0
320,16.003194,25,193,1,1,37.132022857666016,37.024749755859375,5.439511775970459,1.3824729919433594,1,40.0,-3.005589246749878,0.09574121236801147,-0.6891845464706421,12.043943405151367,176,2,384,0,0,0
321,16.053192,75,193,1,0,37.132022857666016,37.024749755859375,5.439511775970459,1.3824729919433594,1,40.0,-3.005589246749878,0.09574121236801147,-0.6891845464706421,12.043943405151367,176,2,384,0,0,0
322,16.103203,42,194,1,1,37.57495880126953,37.556617736816406,5.51933479309082,1.3460381031036377,1,40.0,-3.0933473110198975,0.10673487186431885,-0.7111294269561768,12.043943405151367,181,2,384,0,0,0
323,16.153239,10,195,1,1,37.96578598022461,37.87373733520508,5.4558796882629395,1.1646335124969482,1,40.0,-3.0904486179351807,0.1163983941078186,-0.7126326560974121,12.043943405151367,182,2,384,0,0,0
324,16.203186,60,195,1,0,37.96578598022461,37.87373733520508,5.4558796882629395,1.1646335124969482,1,40.0,-3.0904486179351807,0.1163983941078186,-0.7126326560974121,12.043943405151367,182,2,384,0,0,0
325,16.253187,25,196,1,1,38.322669982910156,38.17026138305664,5.2630839347839355,0.8601404428482056,1,40.0,-3.0068907737731934,0.1253758668899536,-0.6960592865943909,12.043943405151367,177,2,384,0,0,0
326,16.303225,75,196,1,0,38.322669982910156,38.17026138305664,5.2630839347839355,0.8601404428482056,1,40.0,-3.0068907737731934,0.1253758668899536,-0.6960592865943909,12.043943405151367,177,2,384,0,0,0
327,16.353206,43,197,1,1,38.639739990234375,38.47714614868164,5.025745391845703,0.5388064384460449,1,40.0,-2.89302396774292,0.13354605436325073,-0.6725711226463318,12.043943405151367,172,2,384,0,0,0
328,16.403205,12,198,1,1,38.93406677246094,38.77379608154297,4.769200325012207,0.22533950209617615,1,40.0,-2.7655863761901855,0.14121967554092407,-0.6459568738937378,12.043943405151367,165,2,384,0,0,0
329,16.453186,62,198,1,0,38.93406677246094,38.77379608154297,4.769200325012207,0.22533950209617615,1,40.0,-2.7655863761901855,0.14121967554092407,-0.6459568738937378,12.043943405151367,165,2,384,0,0,0
330,16.503187,32,199,1,1,39.316097259521484,39.31577682495117,4.786634922027588,0.22472035884857178,1,40.0,-2.810429811477661,0.15182781219482422,-0.6582794785499573,12.043943405151367,168,2,384,0,0,0
331,16.553195,82,199,1,0,39.316097259521484,39.31577682495117,4.786634922027588,0.22472035884857178,1,40.0,-2.810429811477661,0.15182781219482422,-0.6582794785499573,12.043943405151367,168,2,384,0,0,0
332,16.603199,46,200,1,1,39.653926849365234,39.55112075805664,4.609229564666748,0.019213318824768066,1,40.0,-2.734391212463379,0.16141563653945923,-0.6435125470161438,12.157011985778809,164,2,384,0,0,0
333,16.653187,12,201,1,1,39.95524597167969,39.837406158447266,4.384645462036133,-0.21698828041553497,1,40.0,-2.6267595291137695,0.170143723487854,-0.6215340495109558,12.157011985778809,158,2,384,0,0,0
334,16.703186,62,201,1,0,39.95524597167969,39.837406158447266,4.384645462036133,-0.21698828041553497,1,40.0,-2.6267595291137695,0.170143723487854,-0.6215340495109558,12.157011985778809,158,2,384,0,0,0
335,16.753198,31,202,1,1,40.1977424621582,40.04203796386719,4.073173999786377,-0.5239529013633728,1,40.0,-2.4617011547088623,0.1773829460144043,-0.5864631533622742,12.157011985778809,150,2,384,0,0,0
336,16.803187,81,202,1,0,40.1977424621582,40.04203796386719,4.073173999786377,-0.5239529013633728,1,40.0,-2.4617011547088623,0.1773829460144043,-0.5864631533622742,12.157011985778809,150,2,384,0,0,0
337,16.853205,47,203,1,1,40.48003005981445,40.399986267089844,3.876654863357544,-0.6832632422447205,1,40.0,-2.3691956996917725,0.18600976467132568,-0.5678234100341797,12.157011985778809,145,2,384,0,0,0
338,16.903191,12,204,1,1,40.80794143676758,40.80912399291992,3.820849895477295,-0.6808899641036987,1,40.0,-2.365224838256836,0.19627904891967773,-0.5692231059074402,12.157011985778809,145,2,384,0,0,0
339,16.953193,62,204,1,0,40.80794143676758,40.80912399291992,3.820849895477295,-0.6808899641036987,1,40.0,-2.365224838256836,0.19627904891967773,-0.5692231059074402,12.157011985778809,145,2,384,0,0,0
340,17.003187,32,205,1,1,41.13037872314453,41.156837463378906,3.816051721572876,-0.6289883255958557,1,40.0,-2.3913652896881104,0.20659852027893066,-0.5773252844810486,12.157011985778809,147,2,384,0,0,0
341,17.053195,82,205,1,0,41.13037872314453,41.156837463378906,3.816051721572876,-0.6289883255958557,1,40.0,-2.3913652896881104,0.20659852027893066,-0.5773252844810486,12.157011985778809,147,2,384,0,0,0
342,17.103204,46,206,1,1,41.429141998291016,41.392059326171875,3.6906986236572266,-0.7034387588500977,1,40.0,-2.3430421352386475,0.21646571159362793,-0.5687795281410217,12.157011985778809,145,2,384,0,0,0
343,17.153187,12,207,1,1,41.72074508666992,41.698944091796875,3.589749336242676,-0.7471631765365601,1,40.0,-2.3087167739868164,0.22650015354156494,-0.5633814930915833,12.157011985778809,144,2,384,0,0,0
344,17.203186,62,207,1,0,41.72074508666992,41.698944091796875,3.589749336242676,-0.7471631765365601,1,40.0,-2.3087167739868164,0.22650015354156494,-0.5633814930915833,12.157011985778809,144,2,384,0,0,0
345,17.253198,31,208,1,1,41.90924835205078,41.77048110961914,3.2676212787628174,-1.020491600036621,1,40.0,-2.1324052810668945,0.23353177309036255,-0.525763750076294,12.157011985778809,134,2,384,0,0,0
346,17.303197,81,208,1,0,41.90924835205078,41.77048110961914,3.2676212787628174,-1.020491600036621,1,40.0,-2.1324052810668945,0.23353177309036255,-0.525763750076294,12.157011985778809,134,2,384,0,0,0
347,17.353204,47,209,1,1,42.17991638183594,42.179622650146484,3.181344509124756,-1.0210720300674438,1,40.0,-2.104999303817749,0.24327468872070312,-0.5218386650085449,12.157011985778809,133,2,384,0,0,0
348,17.403187,12,210,1,1,42.390018463134766,42.31258773803711,2.9457483291625977,-1.17649507522583,1,40.0,-1.9825507402420044,0.2514306902885437,-0.4964402914047241,12.157011985778809,127,2,384,0,0,0
349,17.453186,62,210,1,0,42.390018463134766,42.31258773803711,2.9457483291625977,-1.17649507522583,1,40.0,-1.9825507402420044,0.2514306902885437,-0.4964402914047241,12.157011985778809,127,2,384,0,0,0
350,17.503187,31,211,1,1,42.67390823364258,42.74220275878906,2.979269027709961,-1.0419360399246216,1,40.0,-2.0282132625579834,0.26185935735702515,-0.5089050531387329,12.157011985778809,130,2,384,0,0,0
351,17.553201,81,211,1,0,42.67390823364258,42.74220275878906,2.979269027709961,-1.0419360399246216,1,40.0,-2.0282132625579834,0.26185935735702515,-0.5089050531387329,12.157011985778809,130,2,384,0,0,0
352,17.603203,46,212,1,1,42.9763069152832,43.0489616394043,3.0297348499298096,-0.8967351317405701,1,40.0,-2.0857086181640625,0.27307045459747314,-0.5241730809211731,12.157011985778809,134,2,384,0,0,0
353,17.653187,12,213,1,1,43.29035568237305,43.37632369995117,3.1190624237060547,-0.7248223423957825,1,40.0,-2.167569637298584,0.28517061471939087,-0.5450533628463745,12.157011985778809,139,2,384,0,0,0
354,17.703186,62,213,1,0,43.29035568237305,43.37632369995117,3.1190624237060547,-0.7248223423957825,1,40.0,-2.167569637298584,0.28517061471939087,-0.5450533628463745,12.157011985778809,139,2,384,0,0,0
355,17.753187,31,214,1,1,43.54887390136719,43.56035614013672,3.081968069076538,-0.7022489309310913,1,40.0,-2.168579578399658,0.2955583930015564,-0.54758620262146,12.157011985778809,140,2,384,0,0,0
356,17.803192,81,214,1,0,43.54887390136719,43.56035614013672,3.081968069076538,-0.7022489309310913,1,40.0,-2.168579578399658,0.2955583930015564,-0.54758620262146,12.157011985778809,140,2,384,0,0,0
357,17.853206,44,215,1,1,43.74142074584961,43.64225769042969,2.8291573524475098,-0.9023698568344116,1,40.0,-2.034222364425659,0.3043513298034668,-0.5196830630302429,12.157011985778809,133,2,384,0,0,0
358,17.903197,12,216,1,1,43.952789306640625,43.92854309082031,2.7090630531311035,-0.9504874348640442,1,40.0,-1.9811888933181763,0.31387263536453247,-0.5100136995315552,12.157011985778809,130,2,384,0,0,0
359,17.953186,62,216,1,0,43.952789306640625,43.92854309082031,2.7090630531311035,-0.9504874348640442,1,40.0,-1.9811888933181763,0.31387263536453247,-0.5100136995315552,12.157011985778809,130,2,384,0,0,0
360,18.003187,31,217,1,1,44.192508697509766,44.225189208984375,2.693352460861206,-0.8865032196044922,1,40.0,-1.9933372735977173,0.324226438999176,-0.5150141716003418,12.157011985778809,131,2,384,0,0,0
361,18.053198,81,217,1,0,44.192508697509766,44.225189208984375,2.693352460861206,-0.8865032196044922,1,40.0,-1.9933372735977173,0.324226438999176,-0.5150141716003418,12.157011985778809,131,2,384,0,0,0
362,18.103207,46,218,1,1,44.362857818603516,44.286617279052734,2.4725418090820312,-1.0383665561676025,1,40.0,-1.8761823177337646,0.332690954208374,-0.4908607602119446,12.157011985778809,125,2,384,0,0,0
363,18.153199,13,219,1,1,44.55517578125,44.54231262207031,2.361891269683838,-1.0639065504074097,1,40.0,-1.8271006345748901,0.34238696098327637,-0.48210829496383667,12.157011985778809,123,2,384,0,0,0
364,18.203186,63,219,1,0,44.55517578125,44.54231262207031,2.361891269683838,-1.0639065504074097,1,40.0,-1.8271006345748901,0.34238696098327637,-0.48210829496383667,12.157011985778809,123,2,384,0,0,0
365,18.253192,31,220,1,1,44.694557189941406,44.62409210205078,2.1416280269622803,-1.2027835845947266,1,40.0,-1.7074869871139526,0.35021257400512695,-0.457266628742218,12.157011985778809,117,2,384,0,0,0
366,18.303191,81,220,1,0,44.694557189941406,44.62409210205078,2.1416280269622803,-1.2027835845947266,1,40.0,-1.7074869871139526,0.35021257400512695,-0.457266628742218,12.157011985778809,117,2,384,0,0,0
367,18.353232,47,221,1,1,44.861331939697266,44.84907531738281,2.0172650814056396,-1.227137804031372,1,40.0,-1.6478790044784546,0.3589714765548706,-0.44596680998802185,12.157011985778809,114,2,384,0,0,0
368,18.403187,12,222,1,1,45.05199432373047,45.084293365478516,1.9750436544418335,-1.1623436212539673,1,40.0,-1.639705777168274,0.36906659603118896,-0.44639384746551514,12.157011985778809,114,2,384,0,0,0
369,18.453229,62,222,1,0,45.05199432373047,45.084293365478516,1.9750436544418335,-1.1623436212539673,1,40.0,-1.639705777168274,0.36906659603118896,-0.44639384746551514,12.157011985778809,114,2,384,0,0,0
370,18.503192,30,223,1,1,45.2431526184082,45.28892517089844,1.9665443897247314,-1.0717341899871826,1,40.0,-1.6518104076385498,0.3788430094718933,-0.45125633478164673,12.157011985778809,115,2,384,0,0,0
371,18.553213,80,223,1,0,45.2431526184082,45.28892517089844,1.9665443897247314,-1.0717341899871826,1,40.0,-1.6518104076385498,0.3788430094718933,-0.45125633478164673,12.157011985778809,115,2,384,0,0,0
372,18.60321,46,224,1,1,45.351593017578125,45.278690338134766,1.7375383377075195,-1.2168017625808716,1,40.0,-1.5241663455963135,0.38655292987823486,-0.42460429668426514,12.157011985778809,108,2,384,0,0,0
373,18.653187,13,225,1,1,45.44512176513672,45.380943298339844,1.5146019458770752,-1.34409499168396,1,40.0,-1.3988221883773804,0.3939076066017151,-0.3983844518661499,12.157011985778809,102,2,384,0,0,0
374,18.703205,63,225,1,0,45.44512176513672,45.380943298339844,1.5146019458770752,-1.34409499168396,1,40.0,-1.3988221883773804,0.3939076066017151,-0.3983844518661499,12.157011985778809,102,2,384,0,0,0
375,18.753191,16,226,1,1,45.5318717956543,45.46271896362305,1.242274522781372,-1.4919824600219727,1,40.0,-1.2432332038879395,0.40086615085601807,-0.36535540223121643,12.157011985778809,93,2,384,0,0,0
376,18.803193,66,226,1,0,45.5318717956543,45.46271896362305,1.242274522781372,-1.4919824600219727,1,40.0,-1.2432332038879395,0.40086615085601807,-0.36535540223121643,12.157011985778809,93,2,384,0,0,0
377,18.853187,34,227,1,1,45.601531982421875,45.56509780883789,1.0490119457244873,-1.5658457279205322,1,40.0,-1.1335450410842896,0.40821129083633423,-0.34261253476142883,12.157011985778809,87,2,384,0,0,0
378,18.903293,2,228,1,1,45.70614242553711,45.7388916015625,0.9826661944389343,-1.501166820526123,1,40.0,-1.1031525135040283,0.4161108732223511,-0.3376140892505646,12.157011985778809,86,2,384,0,0,0
379,18.953186,52,228,1,0,45.70614242553711,45.7388916015625,0.9826661944389343,-1.501166820526123,1,40.0,-1.1031525135040283,0.4161108732223511,-0.3376140892505646,12.157011985778809,86,2,384,0,0,0
380,19.003187,22,229,1,1,45.8862419128418,46.03553771972656,1.139001488685608,-1.2127623558044434,1,40.0,-1.2131626605987549,0.4260786771774292,-0.36427584290504456,12.157011985778809,93,2,384,0,0,0
381,19.053185,72,229,1,0,45.8862419128418,46.03553771972656,1.139001488685608,-1.2127623558044434,1,40.0,-1.2131626605987549,0.4260786771774292,-0.36427584290504456,12.157011985778809,93,2,384,0,0,0
382,19.103187,40,230,1,1,46.042991638183594,46.13779067993164,1.215630292892456,-1.028978705406189,1,40.0,-1.273247480392456,0.4354902505874634,-0.37971949577331543,12.157011985778809,97,2,384,0,0,0
383,19.153192,7,231,1,1,46.130741119384766,46.11731719970703,1.1050522327423096,-1.0552480220794678,1,40.0,-1.2147979736328125,0.44325923919677734,-0.36845719814300537,12.157011985778809,94,2,384,0,0,0
384,19.203186,57,231,1,0,46.130741119384766,46.11731719970703,1.1050522327423096,-1.0552480220794678,1,40.0,-1.2147979736328125,0.44325923919677734,-0.36845719814300537,12.157011985778809,94,2,384,0,0,0
385,19.253187,26,232,1,1,46.21794509887695,46.21957015991211,1.022607445716858,-1.052086353302002,1,40.0,-1.1731796264648438,0.45077991485595703,-0.36087989807128906,12.157011985778809,92,2,384,0,0,0
386,19.303198,76,232,1,0,46.21794509887695,46.21957015991211,1.022607445716858,-1.052086353302002,1,40.0,-1.1731796264648438,0.45077991485595703,-0.36087989807128906,12.157011985778809,92,2,384,0,0,0
387,19.353201,43,233,1,1,46.29159927368164,46.28099822998047,0.91531902551651,-1.0729111433029175,1,40.0,-1.1154353618621826,0.4579639434814453,-0.3496443033218384,12.157011985778809,89,2,384,0,0,0
388,19.403188,11,234,1,1,46.36293411254883,46.36277389526367,0.8270391225814819,-1.0732252597808838,1,40.0,-1.0688875913619995,0.46545183658599854,-0.34096431732177734,12.157011985778809,87,2,384,0,0,0
389,19.45319,61,234,1,0,46.36293411254883,46.36277389526367,0.8270391225814819,-1.0732252597808838,1,40.0,-1.0688875913619995,0.46545183658599854,-0.34096431732177734,12.157011985778809,87,2,384,0,0,0
390,19.503187,31,235,1,1,46.488685607910156,46.57764434814453,0.9066551923751831,-0.90058833360672,1,40.0,-1.1279748678207397,0.47431468963623047,-0.3560643494129181,12.157011985778809,91,2,384,0,0,0
391,19.553209,81,235,1,0,46.488685607910156,46.57764434814453,0.9066551923751831,-0.90058833360672,1,40.0,-1.1279748678207397,0.47431468963623047,-0.3560643494129181,12.157011985778809,91,2,384,0,0,0
392,19.603203,47,236,1,1,46.5084342956543,46.43444061279297,0.6908085942268372,-1.046871304512024,1,40.0,-1.0002442598342896,0.4804224967956543,-0.329037070274353,12.073256492614746,84,2,384,0,0,0
393,19.653189,13,237,1,1,46.58189010620117,46.60823440551758,0.6532276272773743,-0.9943295121192932,1,40.0,-0.9843067526817322,0.48815834522247314,-0.32721441984176636,12.073256492614746,83,2,384,0,0,0
394,19.703186,63,237,1,0,46.58189010620117,46.60823440551758,0.6532276272773743,-0.9943295121192932,1,40.0,-0.9843067526817322,0.48815834522247314,-0.32721441984176636,12.073256492614746,83,2,384,0,0,0
395,19.753187,32,238,1,1,46.66029357910156,46.700374603271484,0.648242175579071,-0.9154556393623352,1,40.0,-0.988371729850769,0.4957759976387024,-0.32981064915657043,12.073256492614746,84,2,384,0,0,0
396,19.803199,82,238,1,0,46.66029357910156,46.700374603271484,0.648242175579071,-0.9154556393623352,1,40.0,-0.988371729850769,0.4957759976387024,-0.32981064915657043,12.073256492614746,84,2,384,0,0,0
397,19.853201,46,239,1,1,46.750675201416016,46.80262756347656,0.6696389317512512,-0.8109189867973328,1,40.0,-1.009344220161438,0.5038155913352966,-0.3362577557563782,12.073256492614746,86,2,384,0,0,0
398,19.903187,12,240,1,1,46.794803619384766,46.78215026855469,0.5771771669387817,-0.836338996887207,1,40.0,-0.9578386545181274,0.5112150311470032,-0.3264564275741577,12.073256492614746,83,2,384,0,0,0
399,19.953186,62,240,1,0,46.794803619384766,46.78215026855469,0.5771771669387817,-0.836338996887207,1,40.0,-0.9578386545181274,0.5112150311470032,-0.3264564275741577,12.073256492614746,83,2,384,0,0,0
400,20.003186,32,241,1,1,46.900211334228516,46.98666000366211,0.672504186630249,-0.6668132543563843,1,40.0,-1.0245215892791748,0.5198131799697876,-0.34318551421165466,12.073256492614746,88,2,384,0,0,0
401,20.05319,82,241,1,0,46.900211334228516,46.98666000366211,0.672504186630249,-0.6668132543563843,1,40.0,-1.0245215892791748,0.5198131799697876,-0.34318551421165466,12.073256492614746,88,2,384,0,0,0
402,20.103199,46,242,1,1,46.95146560668945,46.945831298828125,0.6043341159820557,-0.6781253814697266,1,40.0,-0.9882323741912842,0.5268709063529968,-0.3366895914077759,12.073256492614746,86,2,384,0,0,0
403,20.153186,12,243,1,1,46.968387603759766,46.925357818603516,0.46475672721862793,-0.7644543647766113,1,40.0,-0.9060089588165283,0.5336349606513977,-0.3199208676815033,12.073256492614746,82,2,384,0,0,0
404,20.203186,62,243,1,0,46.968387603759766,46.925357818603516,0.46475672721862793,-0.7644543647766113,1,40.0,-0.9060089588165283,0.5336349606513977,-0.3199208676815033,12.073256492614746,82,2,384,0,0,0
405,20.253187,31,244,1,1,46.97510528564453,46.93559265136719,0.3283412456512451,-0.8423206210136414,1,40.0,-0.8247642517089844,0.5394112467765808,-0.30315011739730835,12.073256492614746,80,2,384,0,0,0
406,20.303188,81,244,1,0,46.97510528564453,46.93559265136719,0.3283412456512451,-0.8423206210136414,1,40.0,-0.8247642517089844,0.5394112467765808,-0.30315011739730835,12.073256492614746,80,2,384,0,0,0
407,20.353196,46,245,1,1,46.994361877441406,46.98666000366211,0.2420073002576828,-0.8577224016189575,1,40.0,-0.774696946144104,0.5459177494049072,-0.29346993565559387,12.073256492614746,80,2,384,0,0,0
408,20.403205,12,246,1,1,47.01407241821289,47.017372131347656,0.17628061771392822,-0.8511171340942383,1,40.0,-0.7370349168777466,0.5524542331695557,-0.28655314445495605,12.073256492614746,80,2,384,0,0,0
409,20.453186,62,246,1,0,47.01407241821289,47.017372131347656,0.17628061771392822,-0.8511171340942383,1,40.0,-0.7370349168777466,0.5524542331695557,-0.28655314445495605,12.073256492614746,80,2,384,0,0,0
410,20.503227,32,247,1,1,47.05622482299805,47.099273681640625,0.18880531191825867,-0.7668715119361877,1,40.0,-0.7483434677124023,0.5593300461769104,-0.29059410095214844,12.073256492614746,80,2,384,0,0,0
411,20.553194,82,247,1,0,47.05622482299805,47.099273681640625,0.18880531191825867,-0.7668715119361877,1,40.0,-0.7483434677124023,0.5593300461769104,-0.29059410095214844,12.073256492614746,80,2,384,0,0,0
412,20.603238,47,248,1,1,47.06910705566406,47.06856155395508,0.12257958948612213,-0.7679598331451416,1,40.0,-0.7097674608230591,0.565361499786377,-0.2833620011806488,12.073256492614746,80,2,384,0,0,0
413,20.653187,12,249,1,1,47.034339904785156,46.97642135620117,-0.05419684201478958,-0.884395956993103,1,40.0,-0.6005725264549255,0.5706806778907776,-0.26027849316596985,12.073256492614746,80,2,384,0,0,0
414,20.703226,62,249,1,0,47.034339904785156,46.97642135620117,-0.05419684201478958,-0.884395956993103,1,40.0,-0.6005725264549255,0.5706806778907776,-0.26027849316596985,12.073256492614746,80,2,384,0,0,0
415,20.753199,32,250,1,1,46.95054626464844,46.84357833862305,-0.32571497559547424,-1.0940847396850586,1,40.0,-0.43012019991874695,0.5737943649291992,-0.22309213876724243,12.073256492614746,80,2,384,0,0,0
416,20.803193,82,250,1,0,46.95054626464844,46.84357833862305,-0.32571497559547424,-1.0940847396850586,1,40.0,-0.43012019991874695,0.5737943649291992,-0.22309213876724243,12.073256492614746,80,2,384,0,0,0
417,20.853205,46,251,1,1,46.90410232543945,46.88440704345703,-0.45762720704078674,-1.1335759162902832,1,40.0,-0.34679290652275085,0.5779615044593811,-0.205500990152359,12.043943405151367,80,2,384,0,0,0
418,20.903193,12,252,1,1,46.91443634033203,46.98666000366211,-0.4142801761627197,-0.9889349937438965,1,40.0,-0.37373119592666626,0.5844852328300476,-0.21293696761131287,12.043943405151367,80,2,384,0,0,0
419,20.953186,62,252,1,0,46.91443634033203,46.98666000366211,-0.4142801761627197,-0.9889349937438965,1,40.0,-0.37373119592666626,0.5844852328300476,-0.21293696761131287,12.043943405151367,80,2,384,0,0,0
420,21.003192,32,253,1,1,46.92338562011719,46.98666000366211,-0.37489569187164307,-0.8651977777481079,1,40.0,-0.39816731214523315,0.5902852416038513,-0.21965612471103668,12.043943405151367,80,2,384,0,0,0
421,21.053193,82,253,1,0,46.92338562011719,46.98666000366211,-0.37489569187164307,-0.8651977777481079,1,40.0,-0.39816731214523315,0.5902852416038513,-0.21965612471103668,12.043943405151367,80,2,384,0,0,0
422,21.103197,46,254,1,1,46.88213348388672,46.874168395996094,-0.46457573771476746,-0.8811432719230652,1,40.0,-0.3406465947628021,0.5945863127708435,-0.2078295350074768,12.043943405151367,80,2,384,0,0,0
423,21.153187,13,255,1,1,46.768638610839844,46.66965866088867,-0.7263897061347961,-1.078102469444275,1,40.0,-0.17334362864494324,0.5973755121231079,-0.1712709218263626,12.043943405151367,80,2,384,0,0,0
424,21.203205,63,255,1,0,46.768638610839844,46.66965866088867,-0.7263897061347961,-1.078102469444275,1,40.0,-0.17334362864494324,0.5973755121231079,-0.1712709218263626,12.043943405151367,0,0,0,0,0,0
425,21.253187,32,256,1,1,46.66105651855469,46.59799575805664,-0.9321739673614502,-1.2017945051193237,1,40.0,-0.040190696716308594,0.5995628833770752,-0.14216746389865875,12.043943405151367,80,2,384,0,0,0
426,21.303196,82,256,1,0,46.66105651855469,46.59799575805664,-0.9321739673614502,-1.2017945051193237,1,40.0,-0.040190696716308594,0.5995628833770752,-0.14216746389865875,12.043943405151367,80,2,384,0,0,0
427,21.35321,47,257,1,1,46.62921142578125,46.700374603271484,-0.8984013795852661,-1.0598785877227783,1,40.0,-0.057588160037994385,0.6039363741874695,-0.14700545370578766,12.043943405151367,80,2,384,0,0,0
428,21.403193,12,258,1,1,46.60868835449219,46.69013595581055,-0.8317044377326965,-0.8962419033050537,1,40.0,-0.0957593023777008,0.609286904335022,-0.15667693316936493,12.043943405151367,80,2,384,0,0,0
429,21.453186,62,258,1,0,46.60868835449219,46.69013595581055,-0.8317044377326965,-0.8962419033050537,1,40.0,-0.0957593023777008,0.609286904335022,-0.15667693316936493,12.043943405151367,80,2,384,0,0,0
430,21.503187,32,259,1,1,46.56378936767578,46.59799575805664,-0.8392348885536194,-0.8292477130889893,1,40.0,-0.0872001051902771,0.6132269501686096,-0.15565045177936554,12.043943405151367,80,2,384,0,0,0
431,21.553187,82,259,1,0,46.56378936767578,46.59799575805664,-0.8392348885536194,-0.8292477130889893,1,40.0,-0.0872001051902771,0.6132269501686096,-0.15565045177936554,12.043943405151367,80,2,384,0,0,0
432,21.603194,46,260,1,1,46.560672760009766,46.659423828125,-0.7210326790809631,-0.6314111948013306,1,40.0,-0.15784096717834473,0.6183843612670898,-0.17249450087547302,12.073256492614746,80,2,384,0,0,0
433,21.653187,12,261,1,1,46.471099853515625,46.43444061279297,-0.8443607687950134,-0.7047699689865112,1,40.0,-0.07578253746032715,0.6216018795967102,-0.1549743115901947,12.073256492614746,80,2,384,0,0,0
434,21.703186,62,261,1,0,46.471099853515625,46.43444061279297,-0.8443607687950134,-0.7047699689865112,1,40.0,-0.07578253746032715,0.6216018795967102,-0.1549743115901947,12.073256492614746,0,0,0,0,0,0
435,21.753187,32,262,1,1,46.38096618652344,46.3525390625,-0.9539535641670227,-0.7603276371955872,1,40.0,-0.0019148588180541992,0.6240746974945068,-0.1391087919473648,12.073256492614746,0,0,0,0,0,0
436,21.803191,82,262,1,0,46.38096618652344,46.3525390625,-0.9539535641670227,-0.7603276371955872,1,40.0,-0.0019148588180541992,0.6240746974945068,-0.1391087919473648,12.073256492614746,0,0,0,0,0,0
437,21.853198,47,263,1,1,46.29895782470703,46.30147171020508,-1.0137906074523926,-0.7553256154060364,1,40.0,0.041368186473846436,0.6267192363739014,-0.1300780177116394,12.073256492614746,0,0,0,0,0,0
438,21.903189,12,264,1,1,46.21840286254883,46.22980880737305,-1.0560613870620728,-0.7324346303939819,1,40.0,0.07398056983947754,0.6299715638160706,-0.1235535517334938,12.073256492614746,0,0,0,0,0,0
439,21.953188,62,264,1,0,46.21840286254883,46.22980880737305,-1.0560613870620728,-0.7324346303939819,1,40.0,0.07398056983947754,0.6299715638160706,-0.1235535517334938,12.073256492614746,0,0,0,0,0,0
440,22.003187,32,265,1,1,46.18965148925781,46.27075958251953,-0.9625754356384277,-0.5736553072929382,1,40.0,0.02047663927078247,0.6340838670730591,-0.1363571584224701,12.073256492614746,0,0,0,0,0,0
441,22.053198,82,265,1,0,46.18965148925781,46.27075958251953,-0.9625754356384277,-0.5736553072929382,1,40.0,0.02047663927078247,0.6340838670730591,-0.1363571584224701,12.073256492614746,0,0,0,0,0,0
442,22.103204,46,266,1,1,46.12733459472656,46.158267974853516,-0.9525541067123413,-0.5116950869560242,1,40.0,0.020072340965270996,0.6371660232543945,-0.137131929397583,12.073256492614746,0,0,0,0,0,0
443,22.153187,13,267,1,1,46.071998596191406,46.107078552246094,-0.9281466603279114,-0.44189029932022095,1,40.0,0.010408163070678711,0.6410205960273743,-0.14013609290122986,12.073256492614746,0,0,0,0,0,0
444,22.203186,63,267,1,0,46.071998596191406,46.107078552246094,-0.9281466603279114,-0.44189029932022095,1,40.0,0.010408163070678711,0.6410205960273743,-0.14013609290122986,12.073256492614746,0,0,0,0,0,0
445,22.253187,32,268,1,1,45.969444274902344,45.933284759521484,-1.031858205795288,-0.5128035545349121,1,40.0,0.08186495304107666,0.6428015232086182,-0.12465257942676544,12.073256492614746,80,2,384,0,0,0
446,22.303188,82,268,1,0,45.969444274902344,45.933284759521484,-1.031858205795288,-0.5128035545349121,1,40.0,0.08186495304107666,0.6428015232086182,-0.12465257942676544,12.073256492614746,80,2,384,0,0,0
447,22.353212,47,269,1,1,45.85070037841797,45.8105583190918,-1.1521096229553223,-0.5928407907485962,1,40.0,0.16470277309417725,0.6440147161483765,-0.10651376843452454,12.073256492614746,80,2,384,0,0,0
448,22.403189,12,270,1,1,45.806217193603516,45.88209533691406,-1.056458592414856,-0.4404240548610687,1,40.0,0.11131560802459717,0.6479458212852478,-0.11925116181373596,12.073256492614746,80,2,384,0,0,0
449,22.453186,62,270,1,0,45.806217193603516,45.88209533691406,-1.056458592414856,-0.4404240548610687,1,40.0,0.11131560802459717,0.6479458212852478,-0.11925116181373596,12.073256492614746,80,2,384,0,0,0
450,22.503187,31,271,1,1,45.8644905090332,46.066253662109375,-0.7115160226821899,-0.04311114549636841,1,40.0,-0.10089457035064697,0.6543389558792114,-0.167829692363739,12.073256492614746,80,2,384,0,0,0
451,22.553197,81,271,1,0,45.8644905090332,46.066253662109375,-0.7115160226821899,-0.04311114549636841,1,40.0,-0.10089457035064697,0.6543389558792114,-0.167829692363739,12.073256492614746,80,2,384,0,0,0
452,22.603192,46,272,1,1,45.89287185668945,46.01506423950195,-0.48148342967033386,0.20082882046699524,1,40.0,-0.2414684295654297,0.6598820686340332,-0.20030012726783752,12.073256492614746,80,2,384,0,0,0
453,22.653229,12,273,1,1,45.817909240722656,45.76960372924805,-0.5570586919784546,0.10434595495462418,1,40.0,-0.1893766224384308,0.6629367470741272,-0.1894029825925827,12.073256492614746,0,0,0,0,0,0
454,22.703186,62,273,1,0,45.817909240722656,45.76960372924805,-0.5570586919784546,0.10434595495462418,1,40.0,-0.1893766224384308,0.6629367470741272,-0.1894029825925827,12.073256492614746,0,0,0,0,0,0
455,22.753229,31,274,1,1,45.78449630737305,45.80031967163086,-0.5188443660736084,0.13541731238365173,1,40.0,-0.2092980444431305,0.6665886640548706,-0.19464150071144104,12.073256492614746,0,0,0,0,0,0
456,22.803201,81,274,1,0,45.78449630737305,45.80031967163086,-0.5188443660736084,0.13541731238365173,1,40.0,-0.2092980444431305,0.6665886640548706,-0.19464150071144104,12.073256492614746,0,0,0,0,0,0
457,22.853215,47,275,1,1,45.7446403503418,45.74913024902344,-0.49894097447395325,0.14432133734226227,1,40.0,-0.2176530659198761,0.670309841632843,-0.19732509553432465,12.073256492614746,0,0,0,0,0,0
458,22.90319,12,276,1,1,45.74394607543945,45.80031967163086,-0.37846213579177856,0.2572658360004425,1,40.0,-0.28987789154052734,0.6751719117164612,-0.2144555151462555,12.073256492614746,0,0,0,0,0,0
459,22.953186,62,276,1,0,45.74394607543945,45.80031967163086,-0.37846213579177856,0.2572658360004425,1,40.0,-0.28987789154052734,0.6751719117164612,-0.2144555151462555,12.073256492614746,0,0,0,0,0,0
460,23.003187,32,277,1,1,45.79719924926758,45.912811279296875,-0.1412760615348816,0.4834097623825073,1,40.0,-0.43698230385780334,0.6813646554946899,-0.24852153658866882,12.073256492614746,0,0,0,0,0,0
461,23.053185,82,277,1,0,45.79719924926758,45.912811279296875,-0.1412760615348816,0.4834097623825073,1,40.0,-0.43698230385780334,0.6813646554946899,-0.24852153658866882,12.073256492614746,0,0,0,0,0,0
462,23.103202,46,278,1,1,45.848628997802734,45.933284759521484,0.06270104646682739,0.6529340744018555,1,40.0,-0.563997209072113,0.6875453591346741,-0.27812057733535767,12.073256492614746,0,0,0,0,0,0
463,23.153187,13,279,1,1,45.867027282714844,45.88209533691406,0.14561840891838074,0.6829134225845337,1,40.0,-0.6154035329818726,0.6933610439300537,-0.2908365726470947,12.073256492614746,0,0,0,0,0,0
464,23.203186,63,279,1,0,45.867027282714844,45.88209533691406,0.14561840891838074,0.6829134225845337,1,40.0,-0.6154035329818726,0.6933610439300537,-0.2908365726470947,12.073256492614746,0,0,0,0,0,0
465,23.253187,32,280,1,1,45.95838928222656,46.066253662109375,0.4035515785217285,0.8944540619850159,1,40.0,-0.7783859968185425,0.7007955312728882,-0.3287070095539093,12.073256492614746,84,2,384,0,0,0
466,23.303194,82,280,1,0,45.95838928222656,46.066253662109375,0.4035515785217285,0.8944540619850159,1,40.0,-0.7783859968185425,0.7007955312728882,-0.3287070095539093,12.073256492614746,84,2,384,0,0,0
467,23.353215,46,281,1,1,46.02589416503906,46.066253662109375,0.5579978823661804,0.9753750562667847,1,40.0,-0.8771292567253113,0.7075873017311096,-0.3521592319011688,12.073256492614746,90,2,384,0,0,0
468,23.403187,12,282,1,1,46.14970397949219,46.250282287597656,0.8328784704208374,1.1767330169677734,1,40.0,-1.0532004833221436,0.7167249917984009,-0.39331677556037903,12.073256492614746,100,2,384,0,0,0
469,23.453186,62,282,1,0,46.14970397949219,46.250282287597656,0.8328784704208374,1.1767330169677734,1,40.0,-1.0532004833221436,0.7167249917984009,-0.39331677556037903,12.073256492614746,100,2,384,0,0,0
470,23.503191,32,283,1,1,46.28386688232422,46.37301254272461,1.0939351320266724,1.351000189781189,1,40.0,-1.2219091653823853,0.7256696224212646,-0.43279528617858887,12.073256492614746,110,2,384,0,0,0
471,23.553201,82,283,1,0,46.28386688232422,46.37301254272461,1.0939351320266724,1.351000189781189,1,40.0,-1.2219091653823853,0.7256696224212646,-0.43279528617858887,12.073256492614746,110,2,384,0,0,0
472,23.603208,47,284,1,1,46.429683685302734,46.49574279785156,1.3347129821777344,1.4824923276901245,1,40.0,-1.3794994354248047,0.7350711822509766,-0.4699045419692993,12.073256492614746,120,2,384,0,0,0
473,23.653187,13,285,1,1,46.55130386352539,46.55717086791992,1.4704614877700806,1.4942035675048828,1,40.0,-1.4718942642211914,0.7445065379142761,-0.49253353476524353,12.073256492614746,126,2,384,0,0,0
474,23.703186,63,285,1,0,46.55130386352539,46.55717086791992,1.4704614877700806,1.4942035675048828,1,40.0,-1.4718942642211914,0.7445065379142761,-0.49253353476524353,12.073256492614746,126,2,384,0,0,0
475,23.753187,31,286,1,1,46.725311279296875,46.792388916015625,1.7199140787124634,1.6267138719558716,1,40.0,-1.6372264623641968,0.7549677491188049,-0.5315987467765808,12.073256492614746,136,2,384,0,0,0
476,23.803185,81,286,1,0,46.725311279296875,46.792388916015625,1.7199140787124634,1.6267138719558716,1,40.0,-1.6372264623641968,0.7549677491188049,-0.5315987467765808,12.073256492614746,136,2,384,0,0,0
477,23.853204,46,287,1,1,46.854488372802734,46.82310485839844,1.7980588674545288,1.5639522075653076,1,40.0,-1.6957392692565918,0.7642233967781067,-0.5466583371162415,12.073256492614746,139,2,384,0,0,0
478,23.903188,12,288,1,1,46.983524322509766,46.945831298828125,1.8572254180908203,1.4885939359664917,1,40.0,-1.7428524494171143,0.7742633819580078,-0.559359073638916,12.073256492614746,143,2,384,0,0,0
479,23.953186,62,288,1,0,46.983524322509766,46.945831298828125,1.8572254180908203,1.4885939359664917,1,40.0,-1.7428524494171143,0.7742633819580078,-0.559359073638916,12.073256492614746,143,2,384,0,0,0
480,24.003187,31,289,1,1,47.186405181884766,47.252593994140625,2.1023542881011963,1.6186245679855347,1,40.0,-1.908189058303833,0.785936713218689,-0.5986945629119873,12.073256492614746,153,2,384,0,0,0
481,24.053189,81,289,1,0,47.186405181884766,47.252593994140625,2.1023542881011963,1.6186245679855347,1,40.0,-1.908189058303833,0.785936713218689,-0.5986945629119873,12.073256492614746,153,2,384,0,0,0
482,24.103212,46,290,1,1,47.402976989746094,47.44698715209961,2.3240156173706055,1.7063965797424316,1,40.0,-2.0606772899627686,0.7985422611236572,-0.6353821158409119,12.073256492614746,162,2,384,0,0,0
483,24.153187,12,291,1,1,47.61983108520508,47.64125442504883,2.5083396434783936,1.749175786972046,1,40.0,-2.190788745880127,0.8113403916358948,-0.6671397686004639,12.073256492614746,170,2,384,0,0,0
484,24.203186,62,291,1,0,47.61983108520508,47.64125442504883,2.5083396434783936,1.749175786972046,1,40.0,-2.190788745880127,0.8113403916358948,-0.6671397686004639,12.073256492614746,170,2,384,0,0,0
485,24.253187,32,292,1,1,47.77040481567383,47.69244384765625,2.5024728775024414,1.5969425439834595,1,40.0,-2.200820207595825,0.8219534754753113,-0.6717274188995361,12.073256492614746,171,2,384,0,0,0
486,24.303191,82,292,1,0,47.77040481567383,47.69244384765625,2.5024728775024414,1.5969425439834595,1,40.0,-2.200820207595825,0.8219534754753113,-0.6717274188995361,12.073256492614746,171,2,384,0,0,0
487,24.353194,46,293,1,1,47.921470642089844,47.82541275024414,2.45569109916687,1.4047366380691528,1,40.0,-2.186347007751465,0.8327017426490784,-0.6708996295928955,12.073256492614746,171,2,384,0,0,0
488,24.403187,12,294,1,1,47.946929931640625,47.69244384765625,2.0859007835388184,0.895671546459198,1,40.0,-1.966764211654663,0.8405948877334595,-0.6238576173782349,12.073256492614746,159,2,384,0,0,0
489,24.45319,62,294,1,0,47.946929931640625,47.69244384765625,2.0859007835388184,0.895671546459198,1,40.0,-1.966764211654663,0.8405948877334595,-0.6238576173782349,12.073256492614746,159,2,384,0,0,0
490,24.503187,30,295,1,1,48.05278015136719,47.958377838134766,1.9805834293365479,0.7090896368026733,1,40.0,-1.913100242614746,0.8501278758049011,-0.6140506863594055,12.073256492614746,157,2,384,0,0,0
491,24.553191,80,295,1,0,48.05278015136719,47.958377838134766,1.9805834293365479,0.7090896368026733,1,40.0,-1.913100242614746,0.8501278758049011,-0.6140506863594055,12.073256492614746,157,2,384,0,0,0
492,24.603195,47,296,1,1,48.23440933227539,48.25490188598633,2.0782511234283447,0.749607264995575,1,40.0,-1.9880475997924805,0.8624216914176941,-0.6334376335144043,12.052318572998047,162,2,384,0,0,0
493,24.653189,12,297,1,1,48.3510627746582,48.265140533447266,1.9772869348526,0.5777266621589661,1,40.0,-1.9379677772521973,0.8729205131530762,-0.6246418356895447,12.052318572998047,159,2,384,0,0,0
494,24.703187,62,297,1,0,48.3510627746582,48.265140533447266,1.9772869348526,0.5777266621589661,1,40.0,-1.9379677772521973,0.8729205131530762,-0.6246418356895447,12.052318572998047,159,2,384,0,0,0
495,24.753187,32,298,1,1,48.44270706176758,48.347042083740234,1.8443984985351562,0.3907278776168823,1,40.0,-1.8664827346801758,0.8823506832122803,-0.6108518838882446,12.052318572998047,156,2,384,0,0,0
496,24.80321,82,298,1,0,48.44270706176758,48.347042083740234,1.8443984985351562,0.3907278776168823,1,40.0,-1.8664827346801758,0.8823506832122803,-0.6108518838882446,12.052318572998047,156,2,384,0,0,0
497,24.853208,46,299,1,1,48.53370666503906,48.439056396484375,1.6964659690856934,0.20122657716274261,1,40.0,-1.7859132289886475,0.8918347358703613,-0.595055103302002,12.052318572998047,152,2,384,0,0,0
498,24.903212,12,300,1,1,48.498809814453125,48.25490188598633,1.2457133531570435,-0.2868235111236572,1,40.0,-1.5123209953308105,0.8984681367874146,-0.5357308983802795,12.052318572998047,137,2,384,0,0,0
499,24.953186,62,300,1,0,48.498809814453125,48.25490188598633,1.2457133531570435,-0.2868235111236572,1,40.0,-1.5123209953308105,0.8984681367874146,-0.5357308983802795,12.052318572998047,137,2,384,0,0,0
500,25.003187,31,301,1,1,48.56189727783203,48.510597229003906,1.1258829832077026,-0.38766151666641235,1,40.0,-1.4461007118225098,0.9071599245071411,-0.5229467749595642,12.052318572998047,133,2,384,0,0,0
501,25.053192,81,301,1,0,48.56189727783203,48.510597229003906,1.1258829832077026,-0.38766151666641235,1,40.0,-1.4461007118225098,0.9071599245071411,-0.5229467749595642,12.052318572998047,133,2,384,0,0,0
502,25.103201,46,302,1,1,48.61211395263672,48.55154800415039,0.977173924446106,-0.5084969997406006,1,40.0,-1.3613946437835693,0.91594398021698,-0.5060752034187317,12.052318572998047,129,2,384,0,0,0
503,25.153199,12,303,1,1,48.64164352416992,48.572025299072266,0.8012340664863586,-0.6475452780723572,1,40.0,-1.258488416671753,0.9241502285003662,-0.48503077030181885,12.052318572998047,124,2,384,0,0,0
504,25.203186,62,303,1,0,48.64164352416992,48.572025299072266,0.8012340664863586,-0.6475452780723572,1,40.0,-1.258488416671753,0.9241502285003662,-0.48503077030181885,12.052318572998047,124,2,384,0,0,0
505,25.253187,25,304,1,1,48.58967971801758,48.4288215637207,0.4317396879196167,-0.9742209911346436,1,40.0,-1.0321149826049805,0.9299367070198059,-0.4360114634037018,12.052318572998047,111,2,384,0,0,0
506,25.303204,75,304,1,0,48.58967971801758,48.4288215637207,0.4317396879196167,-0.9742209911346436,1,40.0,-1.0321149826049805,0.9299367070198059,-0.4360114634037018,12.052318572998047,111,2,384,0,0,0
507,25.353201,43,305,1,1,48.52756881713867,48.39810562133789,0.1052573174238205,-1.2314825057983398,1,40.0,-0.8306356072425842,0.9353745579719543,-0.39244669675827026,12.052318572998047,100,2,384,0,0,0
508,25.403187,11,306,1,1,48.5230712890625,48.510597229003906,-0.019237719476222992,-1.2560230493545532,1,40.0,-0.7555338144302368,0.9420616626739502,-0.37724342942237854,12.052318572998047,96,2,384,0,0,0
509,25.453187,61,306,1,0,48.5230712890625,48.510597229003906,-0.019237719476222992,-1.2560230493545532,1,40.0,-0.7555338144302368,0.9420616626739502,-0.37724342942237854,12.052318572998047,96,2,384,0,0,0
510,25.503186,30,307,1,1,48.518829345703125,48.520835876464844,-0.11722728610038757,-1.252109169960022,1,40.0,-0.696358323097229,0.9487528204917908,-0.3655802011489868,12.052318572998047,93,2,384,0,0,0
511,25.55319,80,307,1,0,48.518829345703125,48.520835876464844,-0.11722728610038757,-1.252109169960022,1,40.0,-0.696358323097229,0.9487528204917908,-0.3655802011489868,12.052318572998047,93,2,384,0,0,0
512,25.603205,44,308,1,1,48.52842330932617,48.56178665161133,-0.16103434562683105,-1.1854346990585327,1,40.0,-0.6709375381469727,0.9562817215919495,-0.3616042733192444,12.052318572998047,92,2,384,0,0,0
513,25.653188,13,309,1,1,48.49405288696289,48.46977233886719,-0.3027748465538025,-1.2331582307815552,1,40.0,-0.5827999114990234,0.962499737739563,-0.34339991211891174,12.052318572998047,88,2,384,0,0,0
514,25.703186,63,309,1,0,48.49405288696289,48.46977233886719,-0.3027748465538025,-1.2331582307815552,1,40.0,-0.5827999114990234,0.962499737739563,-0.34339991211891174,12.052318572998047,88,2,384,0,0,0
515,25.753192,31,310,1,1,48.39445114135742,48.29585266113281,-0.5891976356506348,-1.426609754562378,1,40.0,-0.40198200941085815,0.9663069844245911,-0.30406421422958374,12.052318572998047,80,2,384,0,0,0
516,25.803188,81,310,1,0,48.39445114135742,48.29585266113281,-0.5891976356506348,-1.426609754562378,1,40.0,-0.40198200941085815,0.9663069844245911,-0.30406421422958374,12.052318572998047,80,2,384,0,0,0
517,25.853211,46,311,1,1,48.29946517944336,48.244789123535156,-0.8149885535240173,-1.5357065200805664,1,40.0,-0.2579587399959564,0.9701729416847229,-0.27291813492774963,12.052318572998047,80,2,384,0,0,0
518,25.903188,12,312,1,1,48.203468322753906,48.17312240600586,-1.0021172761917114,-1.596360445022583,1,40.0,-0.13704180717468262,0.9747624397277832,-0.2470676302909851,12.052318572998047,80,2,384,0,0,0
519,25.953186,62,312,1,0,48.203468322753906,48.17312240600586,-1.0021172761917114,-1.596360445022583,1,40.0,-0.13704180717468262,0.9747624397277832,-0.2470676302909851,12.052318572998047,80,2,384,0,0,0
520,26.003188,32,313,1,1,48.13255310058594,48.15264892578125,-1.092195987701416,-1.557079553604126,1,40.0,-0.07661217451095581,0.9791978597640991,-0.234624445438385,12.052318572998047,80,2,384,0,0,0
521,26.053189,82,313,1,0,48.13255310058594,48.15264892578125,-1.092195987701416,-1.557079553604126,1,40.0,-0.07661217451095581,0.9791978597640991,-0.234624445438385,12.052318572998047,80,2,384,0,0,0
522,26.103199,46,314,1,1,48.053218841552734,48.08110809326172,-1.1725932359695435,-1.5012236833572388,1,40.0,-0.021233797073364258,0.983323872089386,-0.22323504090309143,12.052318572998047,80,2,384,0,0,0
523,26.153187,12,315,1,1,47.918636322021484,47.8764762878418,-1.3795632123947144,-1.5856211185455322,1,40.0,0.11506068706512451,0.9865342378616333,-0.19366079568862915,12.052318572998047,80,2,384,0,0,0
524,26.203186,62,315,1,0,47.918636322021484,47.8764762878418,-1.3795632123947144,-1.5856211185455322,1,40.0,0.11506068706512451,0.9865342378616333,-0.19366079568862915,12.052318572998047,80,2,384,0,0,0
525,26.253187,32,316,1,1,47.76128387451172,47.70268249511719,-1.6161741018295288,-1.7002309560775757,1,40.0,0.2711889147758484,0.98814857006073,-0.15932436287403107,12.052318572998047,80,2,384,0,0,0
526,26.303198,82,316,1,0,47.76128387451172,47.70268249511719,-1.6161741018295288,-1.7002309560775757,1,40.0,0.2711889147758484,0.98814857006073,-0.15932436287403107,12.052318572998047,80,2,384,0,0,0
527,26.353205,47,317,1,1,47.597557067871094,47.56971740722656,-1.8137950897216797,-1.7556830644607544,1,40.0,0.404496967792511,0.9894458651542664,-0.1299886405467987,12.052318572998047,80,2,384,0,0,0
528,26.403188,12,318,1,1,47.42826461791992,47.41627502441406,-1.9860972166061401,-1.7797666788101196,1,40.0,0.5231145620346069,0.9912048578262329,-0.10402007400989532,12.052318572998047,80,2,384,0,0,0
529,26.453187,62,318,1,0,47.42826461791992,47.41627502441406,-1.9860972166061401,-1.7797666788101196,1,40.0,0.5231145620346069,0.9912048578262329,-0.10402007400989532,12.052318572998047,80,2,384,0,0,0
530,26.503186,32,319,1,1,47.280418395996094,47.30378341674805,-2.0846450328826904,-1.7339892387390137,1,40.0,0.5955493450164795,0.9927120208740234,-0.08825837075710297,12.052318572998047,80,2,384,0,0,0
531,26.553267,82,319,1,0,47.280418395996094,47.30378341674805,-2.0846450328826904,-1.7339892387390137,1,40.0,0.5955493450164795,0.9927120208740234,-0.08825837075710297,12.052318572998047,80,2,384,0,0,0
532,26.603192,46,320,1,1,47.07936096191406,47.05832290649414,-2.274155378341675,-1.776162028312683,1,40.0,0.7273507118225098,0.9925046563148499,-0.05892310291528702,12.052318572998047,80,2,384,0,0,0
533,26.653187,13,321,1,1,46.88445281982422,46.88440704345703,-2.4216651916503906,-1.776254415512085,1,40.0,0.8333983421325684,0.9930288791656494,-0.035473451018333435,12.052318572998047,80,2,384,0,0,0
534,26.703186,63,321,1,0,46.88445281982422,46.88440704345703,-2.4216651916503906,-1.776254415512085,1,40.0,0.8333983421325684,0.9930288791656494,-0.035473451018333435,12.052318572998047,0,0,0,0,0,0
535,26.753189,32,322,1,1,46.574615478515625,46.42420196533203,-2.8481643199920654,-2.071427583694458,1,40.0,1.1171832084655762,0.9892413020133972,0.17058922350406647,12.052318572998047,80,1,0,0,0,0
536,26.803197,82,322,1,0,46.574615478515625,46.42420196533203,-2.8481643199920654,-2.071427583694458,1,40.0,1.1171832084655762,0.9892413020133972,0.17058922350406647,12.052318572998047,80,1,0,0,0,0
537,26.85321,47,323,1,1,46.24190139770508,46.12755584716797,-3.2426857948303223,-2.299553394317627,1,40.0,1.3838404417037964,0.9845196008682251,0.5324277877807617,12.052318572998047,136,1,0,0,0,0
538,26.903187,12,324,1,1,45.982112884521484,46.01506423950195,-3.374702215194702,-2.233323335647583,1,40.0,1.486431360244751,0.9823436737060547,0.6721169352531433,12.052318572998047,171,1,0,0,0,0
539,26.953238,62,324,1,0,45.982112884521484,46.01506423950195,-3.374702215194702,-2.233323335647583,1,40.0,1.486431360244751,0.9823436737060547,0.6721169352531433,12.052318572998047,171,1,0,0,0,0
540,27.003187,32,325,1,1,45.7917366027832,45.912811279296875,-3.326207399368286,-1.9961230754852295,1,40.0,1.4744682312011719,0.9814180135726929,0.6574003100395203,12.052318572998047,168,1,0,0,0,0
541,27.053217,82,325,1,0,45.7917366027832,45.912811279296875,-3.326207399368286,-1.9961230754852295,1,40.0,1.4744682312011719,0.9814180135726929,0.6574003100395203,12.052318572998047,168,1,0,0,0,0
542,27.103198,46,326,1,1,45.509212493896484,45.524147033691406,-3.4692070484161377,-1.9661939144134521,1,40.0,1.5856952667236328,0.9775757789611816,0.8108260631561279,12.052318572998047,207,1,0,0,0,0
543,27.153187,13,327,1,1,45.263004302978516,45.32975387573242,-3.5051302909851074,-1.8333362340927124,1,40.0,1.6294080018997192,0.9751477241516113,0.8723470568656921,12.052318572998047,222,1,0,0,0,0
544,27.203186,63,327,1,0,45.263004302978516,45.32975387573242,-3.5051302909851074,-1.8333362340927124,1,40.0,1.6294080018997192,0.9751477241516113,0.8723470568656921,12.052318572998047,222,1,0,0,0,0
545,27.253187,32,328,1,1,44.908470153808594,44.818359375,-3.822889566421509,-2.0100786685943604,1,40.0,1.8519715070724487,0.9687221050262451,1.0,12.052318572998047,255,1,0,0,0,1
546,27.303199,82,328,1,0,44.908470153808594,44.818359375,-3.822889566421509,-2.0100786685943604,1,40.0,1.8519715070724487,0.9687221050262451,1.0,12.052318572998047,255,1,0,0,0,1
547,27.353196,47,329,1,1,44.583465576171875,44.59337615966797,-3.9748170375823975,-1.9903146028518677,1,40.0,1.9723783731460571,0.9589719772338867,1.0,12.052318572998047,255,1,0,0,0,1
548,27.403187,12,330,1,1,44.28471755981445,44.34791946411133,-4.022343158721924,-1.8633462190628052,1,40.0,2.0277812480926514,0.9500095844268799,1.0,12.052318572998047,255,1,0,0,0,1
549,27.453186,62,330,1,0,44.28471755981445,44.34791946411133,-4.022343158721924,-1.8633462190628052,1,40.0,2.0277812480926514,0.9500095844268799,1.0,12.052318572998047,255,1,0,0,0,1
550,27.503187,32,331,1,1,44.02623748779297,44.1229362487793,-3.9900310039520264,-1.6739790439605713,1,40.0,2.0316572189331055,0.9422551393508911,1.0,12.052318572998047,255,1,0,0,0,1
551,27.553187,82,331,1,0,44.02623748779297,44.1229362487793,-3.9900310039520264,-1.6739790439605713,1,40.0,2.0316572189331055,0.9422551393508911,1.0,12.052318572998047,255,1,0,0,0,1
552,27.6032,47,332,1,1,43.75077438354492,43.846763610839844,-3.949167490005493,-1.482763648033142,1,40.0,2.031930923461914,0.9339911937713623,1.0,12.010440826416016,255,1,0,0,0,1
553,27.653187,12,333,1,1,43.4820671081543,43.58082962036133,-3.88521146774292,-1.2844734191894531,1,40.0,2.0177409648895264,0.9259300231933594,1.0,12.010440826416016,255,1,0,0,0,1
554,27.703186,62,333,1,0,43.4820671081543,43.58082962036133,-3.88521146774292,-1.2844734191894531,1,40.0,2.0177409648895264,0.9259300231933594,1.0,12.010440826416016,255,1,0,0,0,1
555,27.753187,31,334,1,1,43.183868408203125,43.212642669677734,-3.934985399246216,-1.2278228998184204,1,40.0,2.0744431018829346,0.9169840812683105,1.0,12.010440826416016,255,1,0,0,0,1
556,27.803186,81,334,1,0,43.183868408203125,43.212642669677734,-3.934985399246216,-1.2278228998184204,1,40.0,2.0744431018829346,0.9169840812683105,1.0,12.010440826416016,255,1,0,0,0,1
557,27.853206,46,335,1,1,42.913726806640625,43.00813674926758,-3.858812093734741,-1.0393691062927246,1,40.0,2.0530519485473633,0.9088797569274902,1.0,12.018816947937012,255,1,0,0,0,1
558,27.903194,12,336,1,1,42.664730072021484,42.77279281616211,-3.7393195629119873,-0.8235376477241516,1,40.0,2.0037660598754883,0.9014098644256592,1.0,12.018816947937012,255,1,0,0,0,1
559,27.953186,62,336,1,0,42.664730072021484,42.77279281616211,-3.7393195629119873,-0.8235376477241516,1,40.0,2.0037660598754883,0.9014098644256592,1.0,12.018816947937012,255,1,0,0,0,1
560,28.003187,32,337,1,1,42.48686218261719,42.660301208496094,-3.480849266052246,-0.4848825931549072,1,40.0,1.864691972732544,0.8960738182067871,1.0,12.018816947937012,255,1,0,0,0,1
561,28.053188,82,337,1,0,42.48686218261719,42.660301208496094,-3.480849266052246,-0.4848825931549072,1,40.0,1.864691972732544,0.8960738182067871,1.0,12.018816947937012,255,1,0,0,0,1
562,28.103198,46,338,1,1,42.32115173339844,42.506858825683594,-3.166642665863037,-0.1133439838886261,1,40.0,1.6910820007324219,0.8911025524139404,1.0,12.018816947937012,255,1,0,0,0,1
563,28.153187,13,339,1,1,42.19084930419922,42.3738899230957,-2.8272545337677,0.25071626901626587,1,40.0,1.4991763830184937,0.8871934413909912,0.8159772753715515,12.018816947937012,208,1,0,0,0,0
564,28.203186,63,339,1,0,42.19084930419922,42.3738899230957,-2.8272545337677,0.25071626901626587,1,40.0,1.4991763830184937,0.8871934413909912,0.8159772753715515,12.018816947937012,208,1,0,0,0,0
565,28.253187,32,340,1,1,42.057518005371094,42.18986129760742,-2.5583956241607666,0.5102173686027527,1,40.0,1.3498607873916626,0.8849462270736694,0.6198861002922058,12.018816947937012,158,1,0,0,0,0
566,28.303193,82,340,1,0,42.057518005371094,42.18986129760742,-2.5583956241607666,0.5102173686027527,1,40.0,1.3498607873916626,0.8849462270736694,0.6198861002922058,12.018816947937012,158,1,0,0,0,0
567,28.353206,46,341,1,1,41.92689514160156,42.046653747558594,-2.2844834327697754,0.7503281831741333,1,40.0,1.1972695589065552,0.8826735615730286,0.41946133971214294,12.085820198059082,107,1,0,0,0,0
568,28.403187,12,342,1,1,41.82061767578125,41.93416213989258,-2.003626823425293,0.9776409864425659,1,40.0,1.038320541381836,0.8812193870544434,0.20946818590164185,12.085820198059082,80,1,0,0,0,0
569,28.453186,62,342,1,0,41.82061767578125,41.93416213989258,-2.003626823425293,0.9776409864425659,1,40.0,1.038320541381836,0.8812193870544434,0.20946818590164185,12.085820198059082,80,1,0,0,0,0
570,28.503191,31,343,1,1,41.84831237792969,42.10808181762695,-1.4352365732192993,1.4882917404174805,1,40.0,0.6947938799858093,0.8835067749023438,0.0,12.085820198059082,0,0,0,0,0,0
571,28.553186,81,343,1,0,41.84831237792969,42.10808181762695,-1.4352365732192993,1.4882917404174805,1,40.0,0.6947938799858093,0.8835067749023438,0.0,12.085820198059082,0,0,0,0,0,0
572,28.603208,47,344,1,1,41.9119758605957,42.15914535522461,-0.8405598402023315,1.9786025285720825,1,40.0,0.33225810527801514,0.8869876861572266,-0.12327323853969574,12.085820198059082,80,2,384,0,0,0
573,28.653187,13,345,1,1,41.961952209472656,42.118194580078125,-0.37611985206604004,2.2899203300476074,1,40.0,0.04909621179103851,0.8901121616363525,-0.18689243495464325,12.085820198059082,80,2,384,0,0,0
574,28.703186,63,345,1,0,41.961952209472656,42.118194580078125,-0.37611985206604004,2.2899203300476074,1,40.0,0.04909621179103851,0.8901121616363525,-0.18689243495464325,12.085820198059082,80,2,384,0,0,0
575,28.753187,31,346,1,1,42.048274993896484,42.200096130371094,0.09869715571403503,2.5895895957946777,1,40.0,-0.24356305599212646,0.8942714333534241,-0.25285211205482483,12.085820198059082,80,2,384,0,0,0
576,28.803192,81,346,1,0,42.048274993896484,42.200096130371094,0.09869715571403503,2.5895895957946777,1,40.0,-0.24356305599212646,0.8942714333534241,-0.25285211205482483,12.085820198059082,80,2,384,0,0,0
577,28.853208,46,347,1,1,42.1096076965332,42.16938400268555,0.433305025100708,2.7091000080108643,1,40.0,-0.4498477280139923,0.8977500200271606,-0.29946616291999817,12.085820198059082,80,2,384,0,0,0
578,28.903187,12,348,1,1,42.204532623291016,42.271636962890625,0.7894042730331421,2.8432435989379883,1,40.0,-0.6720505356788635,0.9024964570999146,-0.34989938139915466,12.085820198059082,89,2,384,0,0,0
579,28.953186,62,348,1,0,42.204532623291016,42.271636962890625,0.7894042730331421,2.8432435989379883,1,40.0,-0.6720505356788635,0.9024964570999146,-0.34989938139915466,12.085820198059082,89,2,384,0,0,0
580,29.003204,32,349,1,1,42.42810821533203,42.63982391357422,1.4129899740219116,3.256828784942627,1,40.0,-1.0663237571716309,0.9109673500061035,-0.43939799070358276,12.085820198059082,112,2,384,0,0,0
581,29.053191,82,349,1,0,42.42810821533203,42.63982391357422,1.4129899740219116,3.256828784942627,1,40.0,-1.0663237571716309,0.9109673500061035,-0.43939799070358276,12.085820198059082,112,2,384,0,0,0
582,29.103232,46,350,1,1,42.64213562011719,42.75244140625,1.904526710510254,3.4775683879852295,1,40.0,-1.380508303642273,0.9193305969238281,-0.5110753178596497,12.085820198059082,130,2,384,0,0,0
583,29.153187,12,351,1,1,42.939292907714844,43.110389709472656,2.524569511413574,3.819814920425415,1,40.0,-1.7792781591415405,0.9306232929229736,-0.6022002696990967,12.085820198059082,154,2,384,0,0,0
584,29.203202,62,351,1,0,42.939292907714844,43.110389709472656,2.524569511413574,3.819814920425415,1,40.0,-1.7792781591415405,0.9306232929229736,-0.6022002696990967,12.085820198059082,154,2,384,0,0,0
585,29.253187,32,352,1,1,43.10990905761719,43.0489616394043,2.716076135635376,3.700709581375122,1,40.0,-1.9095375537872314,0.9380931854248047,-0.6328068375587463,12.085820198059082,161,2,384,0,0,0
586,29.303189,82,352,1,0,43.10990905761719,43.0489616394043,2.716076135635376,3.700709581375122,1,40.0,-1.9095375537872314,0.9380931854248047,-0.6328068375587463,12.085820198059082,161,2,384,0,0,0
587,29.353194,46,353,1,1,43.21852111816406,43.02848815917969,2.6699657440185547,3.320338249206543,1,40.0,-1.891646385192871,0.9438394904136658,-0.6301079988479614,12.085820198059082,161,2,384,0,0,0
588,29.403187,12,354,1,1,43.41719436645508,43.366085052490234,2.8509011268615723,3.2180893421173096,1,40.0,-2.0180883407592773,0.9526963829994202,-0.6601744294166565,12.085820198059082,168,2,384,0,0,0
589,29.453191,62,354,1,0,43.41719436645508,43.366085052490234,2.8509011268615723,3.2180893421173096,1,40.0,-2.0180883407592773,0.9526963829994202,-0.6601744294166565,12.085820198059082,168,2,384,0,0,0
590,29.503187,31,355,1,1,43.66032028198242,43.6626091003418,3.1158785820007324,3.2225911617279053,1,40.0,-2.19895601272583,0.962723970413208,-0.7025955319404602,12.085820198059082,179,2,384,0,0,0
591,29.553195,81,355,1,0,43.66032028198242,43.6626091003418,3.1158785820007324,3.2225911617279053,1,40.0,-2.19895601272583,0.962723970413208,-0.7025955319404602,12.085820198059082,179,2,384,0,0,0
592,29.603192,47,356,1,1,43.888431549072266,43.826290130615234,3.2684969902038574,3.099315643310547,1,40.0,-2.3110570907592773,0.9724955558776855,-0.7296783924102783,12.085820198059082,186,2,384,0,0,0
593,29.653187,12,357,1,1,44.06801986694336,43.918304443359375,3.244492292404175,2.799299478530884,1,40.0,-2.312817335128784,0.9813827872276306,-0.7320444583892822,12.085820198059082,187,2,384,0,0,0
594,29.703186,62,357,1,0,44.06801986694336,43.918304443359375,3.244492292404175,2.799299478530884,1,40.0,-2.312817335128784,0.9813827872276306,-0.7320444583892822,12.085820198059082,187,2,384,0,0,0
595,29.753187,31,358,1,1,44.1635856628418,43.918304443359375,3.0089902877807617,2.316746711730957,1,40.0,-2.180117130279541,0.9875041842460632,-0.7039158344268799,12.085820198059082,179,2,384,0,0,0
596,29.803196,81,358,1,0,44.1635856628418,43.918304443359375,3.0089902877807617,2.316746711730957,1,40.0,-2.180117130279541,0.9875041842460632,-0.7039158344268799,12.085820198059082,179,2,384,0,0,0
597,29.853202,46,359,1,1,44.23896789550781,43.979732513427734,2.7102365493774414,1.7993319034576416,1,40.0,-2.0076491832733154,0.9933046102523804,-0.6668785810470581,12.085820198059082,170,2,384,0,0,0
598,29.903187,12,360,1,1,44.28656005859375,44.030921936035156,2.3720877170562744,1.2886707782745361,1,40.0,-1.8090431690216064,0.9983355402946472,-0.6238619685173035,12.085820198059082,159,2,384,0,0,0
599,29.953186,62,360,1,0,44.28656005859375,44.030921936035156,2.3720877170562744,1.2886707782745361,1,40.0,-1.8090431690216064,0.9983355402946472,-0.6238619685173035,12.085820198059082,159,2,384,0,0,0
600,30.003187,31,361,1,1,44.49919128417969,44.5218391418457,2.519078254699707,1.3331522941589355,1,40.0,-1.9163743257522583,1.0081437826156616,-0.6498929858207703,12.085820198059082,166,2,384,0,0,0
601,30.05319,81,361,1,0,44.49919128417969,44.5218391418457,2.519078254699707,1.3331522941589355,1,40.0,-1.9163743257522583,1.0081437826156616,-0.6498929858207703,12.085820198059082,166,2,384,0,0,0
602,30.1032,46,362,1,1,44.58377456665039,44.39910888671875,2.2795820236206055,0.964849591255188,1,40.0,-1.7802889347076416,1.0145056247711182,-0.6210654377937317,12.085820198059082,158,2,384,0,0,0
603,30.153189,12,363,1,1,44.68328094482422,44.552425384521484,2.1102495193481445,0.7035281658172607,1,40.0,-1.6876450777053833,1.0213868618011475,-0.6020071506500244,12.085820198059082,154,2,384,0,0,0
604,30.203186,62,363,1,0,44.68328094482422,44.552425384521484,2.1102495193481445,0.7035281658172607,1,40.0,-1.6876450777053833,1.0213868618011475,-0.6020071506500244,12.085820198059082,154,2,384,0,0,0
605,30.253187,31,364,1,1,44.6738395690918,44.41946029663086,1.6886755228042603,0.20392605662345886,1,40.0,-1.4338510036468506,1.0248502492904663,-0.5463780164718628,12.085820198059082,139,2,384,0,0,0
606,30.303197,81,364,1,0,44.6738395690918,44.41946029663086,1.6886755228042603,0.20392605662345886,1,40.0,-1.4338510036468506,1.0248502492904663,-0.5463780164718628,12.085820198059082,139,2,384,0,0,0
607,30.353195,44,365,1,1,44.607845306396484,44.31720733642578,1.1447378396987915,-0.38224509358406067,1,40.0,-1.1015487909317017,1.0268431901931763,-0.4729759991168976,12.085820198059082,121,2,384,0,0,0
608,30.403187,12,366,1,1,44.58662033081055,44.4296989440918,0.8151305913925171,-0.693509578704834,1,40.0,-0.9018741846084595,1.030123233795166,-0.42933276295661926,12.085820198059082,109,2,384,0,0,0
609,30.453186,62,366,1,0,44.58662033081055,44.4296989440918,0.8151305913925171,-0.693509578704834,1,40.0,-0.9018741846084595,1.030123233795166,-0.42933276295661926,12.085820198059082,109,2,384,0,0,0
610,30.503187,31,367,1,1,44.57538604736328,44.47064971923828,0.5626159906387329,-0.8984937071800232,1,40.0,-0.749354362487793,1.033455491065979,-0.3961799740791321,12.085820198059082,101,2,384,0,0,0
611,30.553188,81,367,1,0,44.57538604736328,44.47064971923828,0.5626159906387329,-0.8984937071800232,1,40.0,-0.749354362487793,1.033455491065979,-0.3961799740791321,12.085820198059082,101,2,384,0,0,0
612,30.603203,47,368,1,1,44.49269104003906,44.31720733642578,0.15431222319602966,-1.2460010051727295,1,40.0,-0.4969295263290405,1.0348637104034424,-0.34039849042892456,12.085820198059082,87,2,384,0,0,0
613,30.653187,13,369,1,1,44.45397186279297,44.38887023925781,-0.07456385344266891,-1.3756654262542725,1,40.0,-0.35611915588378906,1.0375208854675293,-0.3096977770328522,12.085820198059082,80,2,384,0,0,0
614,30.703186,63,369,1,0,44.45397186279297,44.38887023925781,-0.07456385344266891,-1.3756654262542725,1,40.0,-0.35611915588378906,1.0375208854675293,-0.3096977770328522,12.085820198059082,80,2,384,0,0,0
615,30.75319,32,370,1,1,44.369384765625,44.26613998413086,-0.38011953234672546,-1.5783509016036987,1,40.0,-0.16517291963100433,1.0385464429855347,-0.26749318838119507,12.085820198059082,80,2,384,0,0,0
616,30.80319,82,370,1,0,44.369384765625,44.26613998413086,-0.38011953234672546,-1.5783509016036987,1,40.0,-0.16517291963100433,1.0385464429855347,-0.26749318838119507,12.085820198059082,80,2,384,0,0,0
617,30.853202,46,371,1,1,44.23872375488281,44.11269760131836,-0.7581417560577393,-1.83124840259552,1,40.0,0.07339990139007568,1.0381221771240234,-0.21438272297382355,12.085820198059082,80,2,384,0,0,0
618,30.903193,12,372,1,1,44.11044692993164,44.030921936035156,-1.0646202564239502,-1.9905496835708618,1,40.0,0.26883193850517273,1.0380886793136597,-0.170945942401886,12.085820198059082,80,2,384,0,0,0
619,30.953186,62,372,1,0,44.11044692993164,44.030921936035156,-1.0646202564239502,-1.9905496835708618,1,40.0,0.26883193850517273,1.0380886793136597,-0.170945942401886,12.085820198059082,80,2,384,0,0,0
620,31.003186,32,373,1,1,44.03667449951172,44.0615119934082,-1.1773408651351929,-1.9419785737991333,1,40.0,0.3431038558483124,1.0391638278961182,-0.15467998385429382,12.085820198059082,80,2,384,0,0,0
621,31.053192,82,373,1,0,44.03667449951172,44.0615119934082,-1.1773408651351929,-1.9419785737991333,1,40.0,0.3431038558483124,1.0391638278961182,-0.15467998385429382,12.085820198059082,80,2,384,0,0,0
622,31.103198,46,374,1,1,43.93268966674805,43.93878173828125,-1.3326650857925415,-1.929779052734375,1,40.0,0.44565701484680176,1.0392736196517944,-0.13191479444503784,12.085820198059082,80,2,384,0,0,0
623,31.153216,13,375,1,1,43.845848083496094,43.887718200683594,-1.4130239486694336,-1.8464642763137817,1,40.0,0.5016880035400391,1.0402077436447144,-0.1196710616350174,12.085820198059082,80,2,384,0,0,0
624,31.203186,63,375,1,0,43.845848083496094,43.887718200683594,-1.4130239486694336,-1.8464642763137817,1,40.0,0.5016880035400391,1.0402077436447144,-0.1196710616350174,12.085820198059082,80,2,384,0,0,0
625,31.253204,32,376,1,1,43.64362716674805,43.52964401245117,-1.7766807079315186,-2.0700273513793945,1,40.0,0.7380819916725159,1.0372178554534912,-0.06647463887929916,12.085820198059082,80,2,384,0,0,0
626,31.303195,82,376,1,0,43.64362716674805,43.52964401245117,-1.7766807079315186,-2.0700273513793945,1,40.0,0.7380819916725159,1.0372178554534912,-0.06647463887929916,12.085820198059082,80,2,384,0,0,0
627,31.353212,47,377,1,1,43.42209243774414,43.33537292480469,-2.1182684898376465,-2.242976188659668,1,40.0,0.9629728198051453,1.0334867238998413,-0.01566975563764572,12.194701194763184,80,2,384,0,0,0
628,31.403187,12,378,1,1,43.21627426147461,43.192169189453125,-2.3553264141082764,-2.291412591934204,1,40.0,1.1237311363220215,1.030392050743103,0.12445211410522461,12.194701194763184,80,1,0,0,0,0
629,31.453186,62,378,1,0,43.21627426147461,43.192169189453125,-2.3553264141082764,-2.291412591934204,1,40.0,1.1237311363220215,1.030392050743103,0.12445211410522461,12.194701194763184,80,1,0,0,0,0
630,31.503187,32,379,1,1,43.100704193115234,43.212642669677734,-2.32865047454834,-2.0721590518951416,1,40.0,1.1181269884109497,1.0294979810714722,0.11817201972007751,12.194701194763184,80,1,0,0,0,0
631,31.55326,82,379,1,0,43.100704193115234,43.212642669677734,-2.32865047454834,-2.0721590518951416,1,40.0,1.1181269884109497,1.0294979810714722,0.11817201972007751,12.194701194763184,80,1,0,0,0,0
632,31.603205,46,380,1,1,42.958702087402344,43.0489616394043,-2.333624839782715,-1.8913099765777588,1,40.0,1.1338918209075928,1.0277185440063477,0.14156436920166016,12.194701194763184,80,1,0,0,0,0
633,31.653188,13,381,1,1,42.738712310791016,42.711490631103516,-2.5425052642822266,-1.945488452911377,1,40.0,1.2790191173553467,1.0237815380096436,0.3403167724609375,12.194701194763184,87,1,0,0,0,0
634,31.703186,63,381,1,0,42.738712310791016,42.711490631103516,-2.5425052642822266,-1.945488452911377,1,40.0,1.2790191173553467,1.0237815380096436,0.3403167724609375,12.194701194763184,87,1,0,0,0,0
635,31.753187,32,382,1,1,42.51401138305664,42.49674606323242,-2.732515811920166,-1.979347586631775,1,40.0,1.4132485389709473,1.0192315578460693,0.5253559947013855,12.194701194763184,134,1,0,0,0,0
636,31.803202,82,382,1,0,42.51401138305664,42.49674606323242,-2.732515811920166,-1.979347586631775,1,40.0,1.4132485389709473,1.0192315578460693,0.5253559947013855,12.194701194763184,134,1,0,0,0,0
637,31.853202,46,383,1,1,42.314842224121094,42.3738899230957,-2.78932785987854,-1.8609501123428345,1,40.0,1.4652609825134277,1.0152677297592163,0.5999910235404968,12.194701194763184,153,1,0,0,0,0
638,31.903187,12,384,1,1,42.1142578125,42.16938400268555,-2.8398990631103516,-1.7505830526351929,1,40.0,1.5136563777923584,1.0113334655761719,0.6697638630867004,12.194701194763184,171,1,0,0,0,0
639,31.953186,62,384,1,0,42.1142578125,42.16938400268555,-2.8398990631103516,-1.7505830526351929,1,40.0,1.5136563777923584,1.0113334655761719,0.6697638630867004,12.194701194763184,171,1,0,0,0,0
640,32.003187,32,385,1,1,41.941810607910156,42.026180267333984,-2.821979522705078,-1.58565354347229,1,40.0,1.5184248685836792,1.0078516006469727,0.680764377117157,12.194701194763184,174,1,0,0,0,0
641,32.053191,82,385,1,0,41.941810607910156,42.026180267333984,-2.821979522705078,-1.58565354347229,1,40.0,1.5184248685836792,1.0078516006469727,0.680764377117157,12.194701194763184,174,1,0,0,0,0
642,32.103199,46,386,1,1,41.695655822753906,41.698944091796875,-2.952040910720825,-1.5790717601776123,1,40.0,1.6186156272888184,1.0020203590393066,0.822127103805542,12.194701194763184,210,1,0,0,0,0
643,32.153188,13,387,1,1,41.36689376831055,41.259090423583984,-3.288555145263672,-1.7935230731964111,1,40.0,1.850112795829773,0.9936835765838623,1.0,12.194701194763184,255,1,0,0,0,1
644,32.203186,63,387,1,0,41.36689376831055,41.259090423583984,-3.288555145263672,-1.7935230731964111,1,40.0,1.850112795829773,0.9936835765838623,1.0,12.194701194763184,255,1,0,0,0,1
645,32.253187,32,388,1,1,41.030948638916016,40.94209289550781,-3.6007044315338135,-1.9677586555480957,1,40.0,2.0676374435424805,0.9836052656173706,1.0,12.194701194763184,255,1,0,0,0,1
646,32.303187,82,388,1,0,41.030948638916016,40.94209289550781,-3.6007044315338135,-1.9677586555480957,1,40.0,2.0676374435424805,0.9836052656173706,1.0,12.194701194763184,255,1,0,0,0,1
647,32.353197,46,389,1,1,40.77140426635742,40.849952697753906,-3.6190662384033203,-1.8102750778198242,1,40.0,2.10201358795166,0.9758188724517822,1.0,12.194701194763184,255,1,0,0,0,1
648,32.403187,12,390,1,1,40.474098205566406,40.492000579833984,-3.736788272857666,-1.7744371891021729,1,40.0,2.199404239654541,0.9668997526168823,1.0,12.194701194763184,255,1,0,0,0,1
649,32.453186,62,390,1,0,40.474098205566406,40.492000579833984,-3.736788272857666,-1.7744371891021729,1,40.0,2.199404239654541,0.9668997526168823,1.0,12.194701194763184,255,1,0,0,0,1
650,32.503187,31,391,1,1,40.28076171875,40.44093704223633,-3.578887462615967,-1.4595715999603271,1,40.0,2.1220641136169434,0.9610996246337891,1.0,12.194701194763184,255,1,0,0,0,1
651,32.553196,81,391,1,0,40.28076171875,40.44093704223633,-3.578887462615967,-1.4595715999603271,1,40.0,2.1220641136169434,0.9610996246337891,1.0,12.194701194763184,255,1,0,0,0,1
652,32.603203,44,392,1,1,40.066322326660156,40.20559310913086,-3.43666934967041,-1.1786437034606934,1,40.0,2.056032657623291,0.9546664953231812,1.0,12.194701194763184,255,1,0,0,0,1
653,32.653192,13,393,1,1,39.857872009277344,39.96013259887695,-3.3389127254486084,-0.9769699573516846,1,40.0,2.016139268875122,0.9484128952026367,1.0,12.194701194763184,255,1,0,0,0,1
654,32.703186,63,393,1,0,39.857872009277344,39.96013259887695,-3.3389127254486084,-0.9769699573516846,1,40.0,2.016139268875122,0.9484128952026367,1.0,12.194701194763184,255,1,0,0,0,1
655,32.753187,32,394,1,1,39.57890701293945,39.57147216796875,-3.4319496154785156,-0.9914869070053101,1,40.0,2.0970680713653564,0.9400439262390137,1.0,12.194701194763184,255,1,0,0,0,1
656,32.803185,82,394,1,0,39.57890701293945,39.57147216796875,-3.4319496154785156,-0.9914869070053101,1,40.0,2.0970680713653564,0.9400439262390137,1.0,12.194701194763184,255,1,0,0,0,1
657,32.853201,46,395,1,1,39.377113342285156,39.510169982910156,-3.26216983795166,-0.7252280712127686,1,40.0,2.013361692428589,0.9339901208877563,1.0,12.194701194763184,255,1,0,0,0,1
658,32.903193,12,396,1,1,39.182769775390625,39.29542541503906,-3.1071224212646484,-0.49984246492385864,1,40.0,1.9378242492675781,0.9281598329544067,1.0,12.194701194763184,255,1,0,0,0,1
659,32.953186,62,396,1,0,39.182769775390625,39.29542541503906,-3.1071224212646484,-0.49984246492385864,1,40.0,1.9378242492675781,0.9281598329544067,1.0,12.194701194763184,255,1,0,0,0,1
660,33.003187,31,397,1,1,39.11669158935547,39.377201080322266,-2.657041311264038,0.012236595153808594,1,40.0,1.6737226247787476,0.9261775016784668,0.9967268109321594,12.194701194763184,254,1,0,0,0,0
661,33.05319,81,397,1,0,39.11669158935547,39.377201080322266,-2.657041311264038,0.012236595153808594,1,40.0,1.6737226247787476,0.9261775016784668,0.9967268109321594,12.194701194763184,254,1,0,0,0,0
662,33.103203,46,398,1,1,39.02679443359375,39.21352005004883,-2.2990903854370117,0.3847745656967163,1,40.0,1.4670428037643433,0.9227297902107239,0.7257506847381592,12.194701194763184,185,1,0,0,0,0
663,33.153187,13,399,1,1,39.008365631103516,39.24423599243164,-1.8183224201202393,0.8532429933547974,1,40.0,1.1802406311035156,0.9213496446609497,0.3451879918575287,12.194701194763184,88,1,0,0,0,0
664,33.203193,63,399,1,0,39.008365631103516,39.24423599243164,-1.8183224201202393,0.8532429933547974,1,40.0,1.1802406311035156,0.9213496446609497,0.3451879918575287,12.194701194763184,88,1,0,0,0,0
665,33.253192,32,400,1,1,38.9287223815918,39.01925277709961,-1.5792958736419678,1.0306496620178223,1,40.0,1.043992519378662,0.9181670546531677,0.16776730120182037,12.194701194763184,80,1,0,0,0,0
666,33.303216,82,400,1,0,38.9287223815918,39.01925277709961,-1.5792958736419678,1.0306496620178223,1,40.0,1.043992519378662,0.9181670546531677,0.16776730120182037,12.194701194763184,80,1,0,0,0,0
667,33.353207,46,401,1,1,38.946781158447266,39.152217864990234,-1.0961382389068604,1.4424787759780884,1,40.0,0.7524726390838623,0.9178518652915955,0.0,12.194701194763184,0,0,0,0,0,0
668,33.403224,12,402,1,1,39.01777648925781,39.2339973449707,-0.5601603984832764,1.875375509262085,1,40.0,0.4244963824748993,0.9190337657928467,-0.1098971962928772,12.194701194763184,80,2,384,0,0,0
669,33.453186,62,402,1,0,39.01777648925781,39.2339973449707,-0.5601603984832764,1.875375509262085,1,40.0,0.4244963824748993,0.9190337657928467,-0.1098971962928772,12.194701194763184,80,2,384,0,0,0
670,33.503227,32,403,1,1,39.14076232910156,39.36696243286133,0.013462305068969727,2.3176236152648926,1,40.0,0.06925401091575623,0.9219375848770142,-0.18948525190353394,12.194701194763184,80,2,384,0,0,0
671,33.553204,82,403,1,0,39.14076232910156,39.36696243286133,0.013462305068969727,2.3176236152648926,1,40.0,0.06925401091575623,0.9219375848770142,-0.18948525190353394,12.194701194763184,80,2,384,0,0,0
672,33.603197,47,404,1,1,39.23280715942383,39.34648895263672,0.4272270202636719,2.5439438819885254,1,40.0,-0.18728885054588318,0.9240115880966187,-0.24695566296577454,12.194701194763184,80,2,384,0,0,0
673,33.653193,13,405,1,1,39.42304229736328,39.62266159057617,1.0226857662200928,2.9424641132354736,1,40.0,-0.5616852641105652,0.9290281534194946,-0.33126962184906006,12.194701194763184,84,2,384,0,0,0
674,33.703186,63,405,1,0,39.42304229736328,39.62266159057617,1.0226857662200928,2.9424641132354736,1,40.0,-0.5616852641105652,0.9290281534194946,-0.33126962184906006,12.194701194763184,84,2,384,0,0,0
675,33.753187,31,406,1,1,39.53541946411133,39.56123352050781,1.3128178119659424,2.9934637546539307,1,40.0,-0.7458784580230713,0.9319378137588501,-0.3728480637073517,12.194701194763184,95,2,384,0,0,0
676,33.80319,81,406,1,0,39.53541946411133,39.56123352050781,1.3128178119659424,2.9934637546539307,1,40.0,-0.7458784580230713,0.9319378137588501,-0.3728480637073517,12.194701194763184,95,2,384,0,0,0
677,33.853207,47,407,1,1,39.71526336669922,39.79657745361328,1.7191845178604126,3.1551971435546875,1,40.0,-1.0058844089508057,0.9369615316390991,-0.4317435324192047,12.194701194763184,110,2,384,0,0,0
678,33.903187,12,408,1,1,39.987518310546875,40.144290924072266,2.288712739944458,3.4697158336639404,1,40.0,-1.3721044063568115,0.9448729157447815,-0.514883816242218,12.194701194763184,131,2,384,0,0,0
679,33.953186,62,408,1,0,39.987518310546875,40.144290924072266,2.288712739944458,3.4697158336639404,1,40.0,-1.3721044063568115,0.9448729157447815,-0.514883816242218,12.194701194763184,131,2,384,0,0,0
680,34.003187,32,409,1,1,40.251426696777344,40.34879684448242,2.7488009929656982,3.6602783203125,1,40.0,-1.6719090938568115,0.9527802467346191,-0.5832642912864685,12.194701194763184,149,2,384,0,0,0
681,34.053187,82,409,1,0,40.251426696777344,40.34879684448242,2.7488009929656982,3.6602783203125,1,40.0,-1.6719090938568115,0.9527802467346191,-0.5832642912864685,12.194701194763184,149,2,384,0,0,0
682,34.103198,46,410,1,1,40.50172805786133,40.50223922729492,3.0645620822906494,3.6612985134124756,1,40.0,-1.8838928937911987,0.960490345954895,-0.6320851445198059,12.194701194763184,161,2,384,0,0,0
683,34.153187,12,411,1,1,40.73590850830078,40.686397552490234,3.277191638946533,3.562229633331299,1,40.0,-2.0325467586517334,0.9679672718048096,-0.6667808294296265,12.194701194763184,170,2,384,0,0,0
684,34.203186,62,411,1,0,40.73590850830078,40.686397552490234,3.277191638946533,3.562229633331299,1,40.0,-2.0325467586517334,0.9679672718048096,-0.6667808294296265,12.194701194763184,170,2,384,0,0,0
685,34.253187,32,412,1,1,40.904605865478516,40.7579345703125,3.287623167037964,3.2755699157714844,1,40.0,-2.053988456726074,0.9736170172691345,-0.6728012561798096,12.194701194763184,172,2,384,0,0,0
686,34.303189,82,412,1,0,40.904605865478516,40.7579345703125,3.287623167037964,3.2755699157714844,1,40.0,-2.053988456726074,0.9736170172691345,-0.6728012561798096,12.194701194763184,172,2,384,0,0,0
687,34.3532,46,413,1,1,41.06065368652344,40.870426177978516,3.2046027183532715,2.8948161602020264,1,40.0,-2.0182204246520996,0.9790220260620117,-0.6660539507865906,12.090007781982422,170,2,384,0,0,0
688,34.403188,12,414,1,1,41.30156707763672,41.24885177612305,3.346729040145874,2.7893645763397217,1,40.0,-2.125178575515747,0.9872040748596191,-0.6916406154632568,12.090007781982422,176,2,384,0,0,0
689,34.453187,62,414,1,0,41.30156707763672,41.24885177612305,3.346729040145874,2.7893645763397217,1,40.0,-2.125178575515747,0.9872040748596191,-0.6916406154632568,12.090007781982422,176,2,384,0,0,0
690,34.503187,31,415,1,1,41.481101989746094,41.34099197387695,3.308898448944092,2.514005184173584,1,40.0,-2.118638277053833,0.9936313033103943,-0.6916154623031616,12.090007781982422,176,2,384,0,0,0
691,34.553191,81,415,1,0,41.481101989746094,41.34099197387695,3.308898448944092,2.514005184173584,1,40.0,-2.118638277053833,0.9936313033103943,-0.6916154623031616,12.090007781982422,176,2,384,0,0,0
692,34.603192,46,416,1,1,41.641822814941406,41.463722229003906,3.1822452545166016,2.1587305068969727,1,40.0,-2.0571112632751465,0.9996378421783447,-0.6792775988578796,12.090007781982422,173,2,384,0,0,0
693,34.653187,12,417,1,1,41.81195831298828,41.66822814941406,3.0885586738586426,1.8716999292373657,1,40.0,-2.01621150970459,1.0062196254730225,-0.6716513633728027,12.090007781982422,171,2,384,0,0,0
694,34.703186,62,417,1,0,41.81195831298828,41.66822814941406,3.0885586738586426,1.8716999292373657,1,40.0,-2.01621150970459,1.0062196254730225,-0.6716513633728027,12.090007781982422,171,2,384,0,0,0
695,34.753187,32,418,1,1,41.891151428222656,41.64775466918945,2.783066511154175,1.3964091539382935,1,40.0,-1.8400436639785767,1.0100449323654175,-0.6333529949188232,12.090007781982422,162,2,384,0,0,0
696,34.803196,82,418,1,0,41.891151428222656,41.64775466918945,2.783066511154175,1.3964091539382935,1,40.0,-1.8400436639785767,1.0100449323654175,-0.6333529949188232,12.090007781982422,162,2,384,0,0,0
697,34.853206,46,419,1,1,41.97301483154297,41.75000762939453,2.4756932258605957,0.9501805901527405,1,40.0,-1.662987232208252,1.0140137672424316,-0.5948891043663025,12.090007781982422,152,2,384,0,0,0
698,34.903187,12,420,1,1,42.03993606567383,41.84214782714844,2.1763954162597656,0.5545353889465332,1,40.0,-1.4894315004348755,1.0177971124649048,-0.5571619272232056,12.090007781982422,142,2,384,0,0,0
699,34.953186,62,420,1,0,42.03993606567383,41.84214782714844,2.1763954162597656,0.5545353889465332,1,40.0,-1.4894315004348755,1.0177971124649048,-0.5571619272232056,12.090007781982422,142,2,384,0,0,0
700,35.003187,31,421,1,1,42.154937744140625,42.06713104248047,2.0559933185577393,0.3819625973701477,1,40.0,-1.4275405406951904,1.0228791236877441,-0.5445377230644226,12.090007781982422,139,2,384,0,0,0
701,35.053193,81,421,1,0,42.154937744140625,42.06713104248047,2.0559933185577393,0.3819625973701477,1,40.0,-1.4275405406951904,1.0228791236877441,-0.5445377230644226,12.090007781982422,139,2,384,0,0,0
702,35.103198,43,422,1,1,42.192020416259766,41.99546432495117,1.7074885368347168,-0.01673644781112671,1,40.0,-1.2217750549316406,1.0258233547210693,-0.49946630001068115,12.090007781982422,127,2,384,0,0,0
703,35.153191,12,423,1,1,42.16828536987305,41.944400787353516,1.2820273637771606,-0.45929285883903503,1,40.0,-0.9643621444702148,1.0269744396209717,-0.44251927733421326,12.090007781982422,113,2,384,0,0,0
704,35.203186,62,423,1,0,42.16828536987305,41.944400787353516,1.2820273637771606,-0.45929285883903503,1,40.0,-0.9643621444702148,1.0269744396209717,-0.44251927733421326,12.090007781982422,113,2,384,0,0,0
705,35.253187,30,424,1,1,42.11781692504883,41.90345001220703,0.840964674949646,-0.8804104328155518,1,40.0,-0.6951823234558105,1.0271949768066406,-0.3827505111694336,12.090007781982422,98,2,384,0,0,0
706,35.303191,80,424,1,0,42.11781692504883,41.90345001220703,0.840964674949646,-0.8804104328155518,1,40.0,-0.6951823234558105,1.0271949768066406,-0.3827505111694336,12.090007781982422,98,2,384,0,0,0
707,35.353194,44,425,1,1,42.1319694519043,42.05689239501953,0.6210139989852905,-1.0309466123580933,1,40.0,-0.5644856691360474,1.0294197797775269,-0.35420119762420654,12.090007781982422,90,2,384,0,0,0
708,35.403187,12,426,1,1,42.09367370605469,41.97511291503906,0.3117401599884033,-1.265500783920288,1,40.0,-0.375474750995636,1.0300830602645874,-0.3123461902141571,12.090007781982422,80,2,384,0,0,0
709,35.453212,62,426,1,0,42.09367370605469,41.97511291503906,0.3117401599884033,-1.265500783920288,1,40.0,-0.375474750995636,1.0300830602645874,-0.3123461902141571,12.090007781982422,80,2,384,0,0,0
710,35.503186,31,427,1,1,42.09490966796875,42.06713104248047,0.15720996260643005,-1.319817066192627,1,40.0,-0.2828678488731384,1.0317950248718262,-0.29214730858802795,12.090007781982422,80,2,384,0,0,0
711,35.553209,81,427,1,0,42.09490966796875,42.06713104248047,0.15720996260643005,-1.319817066192627,1,40.0,-0.2828678488731384,1.0317950248718262,-0.29214730858802795,12.090007781982422,80,2,384,0,0,0
712,35.603208,47,428,1,1,42.053932189941406,41.9853515625,-0.08371508121490479,-1.455606460571289,1,40.0,-0.13462486863136292,1.032346487045288,-0.2593269646167755,12.077445030212402,80,2,384,0,0,0
713,35.653187,13,429,1,1,41.97926712036133,41.893211364746094,-0.3702133297920227,-1.6270281076431274,1,40.0,0.04399394989013672,1.0318523645401,-0.219524085521698,12.077445030212402,80,2,384,0,0,0
714,35.703186,63,429,1,0,41.97926712036133,41.893211364746094,-0.3702133297920227,-1.6270281076431274,1,40.0,0.04399394989013672,1.0318523645401,-0.219524085521698,12.077445030212402,80,2,384,0,0,0
715,35.753186,32,430,1,1,41.85867691040039,41.739768981933594,-0.7256385684013367,-1.8605031967163086,1,40.0,0.26810222864151,1.0298179388046265,-0.16927015781402588,12.077445030212402,80,2,384,0,0,0
716,35.803188,82,430,1,0,41.85867691040039,41.739768981933594,-0.7256385684013367,-1.8605031967163086,1,40.0,0.26810222864151,1.0298179388046265,-0.16927015781402588,12.077445030212402,80,2,384,0,0,0
717,35.853203,46,431,1,1,41.72524642944336,41.637516021728516,-1.054347276687622,-2.036587715148926,1,40.0,0.47733622789382935,1.0273020267486572,-0.12221462279558182,12.077445030212402,80,2,384,0,0,0
718,35.903195,12,432,1,1,41.619911193847656,41.60680389404297,-1.2505861520767212,-2.0628483295440674,1,40.0,0.6045597195625305,1.025694727897644,-0.0935855582356453,12.077445030212402,80,2,384,0,0,0
719,35.953186,62,432,1,0,41.619911193847656,41.60680389404297,-1.2505861520767212,-2.0628483295440674,1,40.0,0.6045597195625305,1.025694727897644,-0.0935855582356453,12.077445030212402,80,2,384,0,0,0
720,36.003187,32,433,1,1,41.569358825683594,41.64775466918945,-1.2687433958053589,-1.9095115661621094,1,40.0,0.6200038194656372,1.0254740715026855,-0.09010449051856995,12.077445030212402,80,2,384,0,0,0
721,36.053189,82,433,1,0,41.569358825683594,41.64775466918945,-1.2687433958053589,-1.9095115661621094,1,40.0,0.6200038194656372,1.0254740715026855,-0.09010449051856995,12.077445030212402,80,2,384,0,0,0
722,36.103203,46,434,1,1,41.487815856933594,41.53526306152344,-1.3419537544250488,-1.8145004510879517,1,40.0,0.6712688207626343,1.0242832899093628,-0.07844766229391098,12.077445030212402,80,2,384,0,0,0
723,36.153187,13,435,1,1,41.37077331542969,41.37158203125,-1.4910156726837158,-1.8128911256790161,1,40.0,0.7712398767471313,1.022110939025879,-0.05574912577867508,12.077445030212402,80,2,384,0,0,0
724,36.203187,63,435,1,0,41.37077331542969,41.37158203125,-1.4910156726837158,-1.8128911256790161,1,40.0,0.7712398767471313,1.022110939025879,-0.05574912577867508,12.077445030212402,80,2,384,0,0,0
725,36.253187,32,436,1,1,41.20336151123047,41.14659881591797,-1.7444853782653809,-1.9242416620254517,1,40.0,0.9383887648582458,1.0181852579116821,-0.01773255318403244,12.077445030212402,80,2,384,0,0,0
726,36.303197,82,436,1,0,41.20336151123047,41.14659881591797,-1.7444853782653809,-1.9242416620254517,1,40.0,0.9383887648582458,1.0181852579116821,-0.01773255318403244,12.077445030212402,80,2,384,0,0,0
727,36.353206,47,437,1,1,41.033607482910156,41.013633728027344,-1.9462010860443115,-1.9640848636627197,1,40.0,1.0746959447860718,1.0140553712844849,0.08085408806800842,12.077445030212402,80,1,0,0,0,0
728,36.403187,12,438,1,1,40.86503601074219,40.870426177978516,-2.1027679443359375,-1.9532493352890015,1,40.0,1.183807611465454,1.0099283456802368,0.23183900117874146,12.077445030212402,80,1,0,0,0,0
729,36.453186,62,438,1,0,40.86503601074219,40.870426177978516,-2.1027679443359375,-1.9532493352890015,1,40.0,1.183807611465454,1.0099283456802368,0.23183900117874146,12.077445030212402,80,1,0,0,0,0
730,36.503187,32,439,1,1,40.722957611083984,40.76817321777344,-2.174197196960449,-1.8646695613861084,1,40.0,1.2394521236419678,1.0063581466674805,0.3107919692993164,12.077445030212402,80,1,0,0,0,0
731,36.553256,82,439,1,0,40.722957611083984,40.76817321777344,-2.174197196960449,-1.8646695613861084,1,40.0,1.2394521236419678,1.0063581466674805,0.3107919692993164,12.077445030212402,80,1,0,0,0,0
732,36.6032,46,440,1,1,40.522071838378906,40.51247787475586,-2.352973222732544,-1.8838951587677002,1,40.0,1.3647974729537964,1.0009099245071411,0.48518335819244385,12.077445030212402,124,1,0,0,0,0
733,36.653188,13,441,1,1,40.29787063598633,40.26702117919922,-2.5681536197662354,-1.9452954530715942,1,40.0,1.5140838623046875,0.9946538209915161,0.6925733685493469,12.077445030212402,177,1,0,0,0,0
734,36.703186,63,441,1,0,40.29787063598633,40.26702117919922,-2.5681536197662354,-1.9452954530715942,1,40.0,1.5140838623046875,0.9946538209915161,0.6925733685493469,12.077445030212402,177,1,0,0,0,0
735,36.753187,32,442,1,1,39.98072052001953,39.837406158447266,-2.9949254989624023,-2.226407527923584,1,40.0,1.7986905574798584,0.9853775501251221,1.0,12.077445030212402,255,1,0,0,0,1
736,36.803189,82,442,1,0,39.98072052001953,39.837406158447266,-2.9949254989624023,-2.226407527923584,1,40.0,1.7986905574798584,0.9853775501251221,1.0,12.077445030212402,255,1,0,0,0,1
737,36.853202,46,443,1,1,39.71049499511719,39.704437255859375,-3.1980345249176025,-2.2385575771331787,1,40.0,1.9448761940002441,0.9772708415985107,1.0,12.077445030212402,255,1,0,0,0,1
738,36.903187,12,444,1,1,39.487701416015625,39.56123352050781,-3.245007038116455,-2.09132719039917,1,40.0,1.9931111335754395,0.9705870151519775,1.0,12.077445030212402,255,1,0,0,0,1
739,36.953189,62,444,1,0,39.487701416015625,39.56123352050781,-3.245007038116455,-2.09132719039917,1,40.0,1.9931111335754395,0.9705870151519775,1.0,12.077445030212402,255,1,0,0,0,1
740,37.003187,31,445,1,1,39.31451416015625,39.4487419128418,-3.1616249084472656,-1.8274333477020264,1,40.0,1.9586687088012695,0.9653913974761963,1.0,12.077445030212402,255,1,0,0,0,1
741,37.053196,81,445,1,0,39.31451416015625,39.4487419128418,-3.1616249084472656,-1.8274333477020264,1,40.0,1.9586687088012695,0.9653913974761963,1.0,12.077445030212402,255,1,0,0,0,1
742,37.103201,46,446,1,1,39.108306884765625,39.203285217285156,-3.1354482173919678,-1.637954831123352,1,40.0,1.9615213871002197,0.959205150604248,1.0,12.077445030212402,255,1,0,0,0,1
743,37.153187,13,447,1,1,38.85655975341797,38.87604904174805,-3.234318494796753,-1.5992486476898193,1,40.0,2.0435009002685547,0.9516527652740479,1.0,12.077445030212402,255,1,0,0,0,1
744,37.20319,63,447,1,0,38.85655975341797,38.87604904174805,-3.234318494796753,-1.5992486476898193,1,40.0,2.0435009002685547,0.9516527652740479,1.0,12.077445030212402,255,1,0,0,0,1
745,37.253187,32,448,1,1,38.542518615722656,38.47714614868164,-3.4865283966064453,-1.7273365259170532,1,40.0,2.223090410232544,0.9422315359115601,1.0,12.077445030212402,255,1,0,0,0,1
746,37.30319,82,448,1,0,38.542518615722656,38.47714614868164,-3.4865283966064453,-1.7273365259170532,1,40.0,2.223090410232544,0.9422315359115601,1.0,12.077445030212402,255,1,0,0,0,1
747,37.353198,46,449,1,1,38.204097747802734,38.1600227355957,-3.719708204269409,-1.8156790733337402,1,40.0,2.393456220626831,0.9320788383483887,1.0,12.077445030212402,255,1,0,0,0,1
748,37.403189,12,450,1,1,37.88470458984375,37.883975982666016,-3.873624801635742,-1.8171396255493164,1,40.0,2.5145514011383057,0.9224971532821655,1.0,12.077445030212402,255,1,0,0,0,1
749,37.453186,62,450,1,0,37.88470458984375,37.883975982666016,-3.873624801635742,-1.8171396255493164,1,40.0,2.5145514011383057,0.9224971532821655,1.0,12.077445030212402,255,1,0,0,0,1
750,37.503201,32,451,1,1,37.67045974731445,37.812313079833984,-3.753377914428711,-1.5398393869400024,1,40.0,2.4616854190826416,0.916069746017456,1.0,12.077445030212402,255,1,0,0,0,1
751,37.553198,82,451,1,0,37.67045974731445,37.812313079833984,-3.753377914428711,-1.5398393869400024,1,40.0,2.4616854190826416,0.916069746017456,1.0,12.077445030212402,255,1,0,0,0,1
752,37.603222,47,452,1,1,37.46464538574219,37.62828063964844,-3.5722718238830566,-1.2141212224960327,1,40.0,2.3715450763702393,0.9098953008651733,1.0,12.077445030212402,255,1,0,0,0,1
753,37.653187,13,453,1,1,37.27557373046875,37.43388748168945,-3.3715126514434814,-0.89811772108078,1,40.0,2.268105983734131,0.9042232036590576,1.0,12.077445030212402,255,1,0,0,0,1
754,37.703216,63,453,1,0,37.27557373046875,37.43388748168945,-3.3715126514434814,-0.89811772108078,1,40.0,2.268105983734131,0.9042232036590576,1.0,12.077445030212402,255,1,0,0,0,1
755,37.753187,32,454,1,1,37.03573989868164,37.08617401123047,-3.349369525909424,-0.7990473508834839,1,40.0,2.2764053344726562,0.8970282077789307,1.0,12.077445030212402,255,1,0,0,0,1
756,37.803192,82,454,1,0,37.03573989868164,37.08617401123047,-3.349369525909424,-0.7990473508834839,1,40.0,2.2764053344726562,0.8970282077789307,1.0,12.077445030212402,255,1,0,0,0,1
757,37.853198,46,455,1,1,36.86302185058594,37.024749755859375,-3.107189655303955,-0.4745243787765503,1,40.0,2.146641969680786,0.8918466567993164,1.0,12.077445030212402,255,1,0,0,0,1
758,37.903192,11,456,1,1,36.70035171508789,36.84071731567383,-2.8766353130340576,-0.19186633825302124,1,40.0,2.022949695587158,0.8869664669036865,1.0,12.077445030212402,255,1,0,0,0,1
759,37.953186,61,456,1,0,36.70035171508789,36.84071731567383,-2.8766353130340576,-0.19186633825302124,1,40.0,2.022949695587158,0.8869664669036865,1.0,12.077445030212402,255,1,0,0,0,1
760,38.003187,27,457,1,1,36.645755767822266,36.90201950073242,-2.400639295578003,0.32157063484191895,1,40.0,1.7422657012939453,0.8853286504745483,1.0,12.077445030212402,255,1,0,0,0,1
761,38.053189,77,457,1,0,36.645755767822266,36.90201950073242,-2.400639295578003,0.32157063484191895,1,40.0,1.7422657012939453,0.8853286504745483,1.0,12.077445030212402,255,1,0,0,0,1
762,38.103205,43,458,1,1,36.61655807495117,36.850955963134766,-1.9248552322387695,0.7898028492927551,1,40.0,1.4594229459762573,0.8844527006149292,0.7666270732879639,12.006253242492676,195,1,0,0,0,0
763,38.153195,12,459,1,1,36.66809844970703,36.953208923339844,-1.3251959085464478,1.3489487171173096,1,40.0,1.0949887037277222,0.883122980594635,0.2824876308441162,12.006253242492676,80,1,0,0,0,0
764,38.203186,62,459,1,0,36.66809844970703,36.953208923339844,-1.3251959085464478,1.3489487171173096,1,40.0,1.0949887037277222,0.883122980594635,0.2824876308441162,12.006253242492676,80,1,0,0,0,0
765,38.253187,31,460,1,1,36.67552947998047,36.83047866821289,-0.9271267652511597,1.6505475044250488,1,40.0,0.8554784059524536,0.8806803822517395,0.0,12.006253242492676,0,0,0,0,0,0
766,38.303197,81,460,1,0,36.67552947998047,36.83047866821289,-0.9271267652511597,1.6505475044250488,1,40.0,0.8554784059524536,0.8806803822517395,0.0,12.006253242492676,0,0,0,0,0,0
767,38.353205,47,461,1,1,36.72849655151367,36.90201950073242,-0.4601486027240753,1.993402361869812,1,40.0,0.5705244541168213,0.8794435262680054,-0.06864868104457855,12.006253242492676,80,2,384,0,0,0
768,38.403188,12,462,1,1,36.81776809692383,36.98392105102539,0.0279349684715271,2.3259756565093994,1,40.0,0.26963990926742554,0.8793408870697021,-0.1354891061782837,12.006253242492676,80,2,384,0,0,0
769,38.453186,62,462,1,0,36.81776809692383,36.98392105102539,0.0279349684715271,2.3259756565093994,1,40.0,0.26963990926742554,0.8793408870697021,-0.1354891061782837,12.006253242492676,80,2,384,0,0,0
770,38.503197,32,463,1,1,37.00354766845703,37.249855041503906,0.675627589225769,2.80784273147583,1,40.0,-0.13569587469100952,0.8823685050010681,-0.2262365221977234,12.006253242492676,80,2,384,0,0,0
771,38.553188,82,463,1,0,37.00354766845703,37.249855041503906,0.675627589225769,2.80784273147583,1,40.0,-0.13569587469100952,0.8823685050010681,-0.2262365221977234,12.006253242492676,80,2,384,0,0,0
772,38.603209,46,464,1,1,37.22039794921875,37.423648834228516,1.3072938919067383,3.215055465698242,1,40.0,-0.5342122316360474,0.8864768743515015,-0.3157086968421936,12.027192115783691,81,2,384,0,0,0
773,38.653187,13,465,1,1,37.426841735839844,37.54637908935547,1.802191138267517,3.453026533126831,1,40.0,-0.8497304320335388,0.8901686072349548,-0.38664424419403076,12.027192115783691,99,2,384,0,0,0
774,38.703186,63,465,1,0,37.426841735839844,37.54637908935547,1.802191138267517,3.453026533126831,1,40.0,-0.8497304320335388,0.8901686072349548,-0.38664424419403076,12.027192115783691,99,2,384,0,0,0
775,38.753187,31,466,1,1,37.62094497680664,37.669105529785156,2.176372766494751,3.548046350479126,1,40.0,-1.0917086601257324,0.893933117389679,-0.44125375151634216,12.027192115783691,113,2,384,0,0,0
776,38.803193,81,466,1,0,37.62094497680664,37.669105529785156,2.176372766494751,3.548046350479126,1,40.0,-1.0917086601257324,0.893933117389679,-0.44125375151634216,12.027192115783691,113,2,384,0,0,0
777,38.853203,47,467,1,1,37.76731872558594,37.69982147216797,2.345870018005371,3.4138643741607666,1,40.0,-1.2065807580947876,0.8964210748672485,-0.46733370423316956,12.027192115783691,119,2,384,0,0,0
778,38.903188,12,468,1,1,37.98640823364258,37.99646759033203,2.655381202697754,3.434042453765869,1,40.0,-1.4120055437088013,0.9009843468666077,-0.5139977931976318,12.027192115783691,131,2,384,0,0,0
779,38.953186,62,468,1,0,37.98640823364258,37.99646759033203,2.655381202697754,3.434042453765869,1,40.0,-1.4120055437088013,0.9009843468666077,-0.5139977931976318,12.027192115783691,131,2,384,0,0,0
780,39.003187,32,469,1,1,38.30426788330078,38.436195373535156,3.1774158477783203,3.6922757625579834,1,40.0,-1.7538336515426636,0.908909261226654,-0.5917206406593323,12.027192115783691,151,2,384,0,0,0
781,39.053191,82,469,1,0,38.30426788330078,38.436195373535156,3.1774158477783203,3.6922757625579834,1,40.0,-1.7538336515426636,0.908909261226654,-0.5917206406593323,12.027192115783691,151,2,384,0,0,0
782,39.103209,46,470,1,1,38.56033706665039,38.518096923828125,3.4138991832733154,3.6076512336730957,1,40.0,-1.9187699556350708,0.9152348041534424,-0.6297788619995117,12.027192115783691,161,2,384,0,0,0
783,39.153187,12,471,1,1,38.80622863769531,38.73284149169922,3.576216459274292,3.460754632949829,1,40.0,-2.038290500640869,0.9213158488273621,-0.6576902866363525,12.027192115783691,168,2,384,0,0,0
784,39.203186,62,471,1,0,38.80622863769531,38.73284149169922,3.576216459274292,3.460754632949829,1,40.0,-2.038290500640869,0.9213158488273621,-0.6576902866363525,12.027192115783691,168,2,384,0,0,0
785,39.253187,31,472,1,1,39.01055908203125,38.87604904174805,3.6032493114471436,3.196284055709839,1,40.0,-2.0729000568389893,0.9264907240867615,-0.6665313243865967,12.027192115783691,170,2,384,0,0,0
786,39.303186,81,472,1,0,39.01055908203125,38.87604904174805,3.6032493114471436,3.196284055709839,1,40.0,-2.0729000568389893,0.9264907240867615,-0.6665313243865967,12.027192115783691,170,2,384,0,0,0
787,39.3532,46,473,1,1,39.22829818725586,39.09079360961914,3.612126350402832,2.921889305114746,1,40.0,-2.097822666168213,0.9321818947792053,-0.6733343601226807,12.027192115783691,172,2,384,0,0,0
788,39.40319,12,474,1,1,39.33880615234375,39.06007766723633,3.3241591453552246,2.3650755882263184,1,40.0,-1.934988021850586,0.9348411560058594,-0.6377398371696472,12.027192115783691,163,2,384,0,0,0
789,39.453187,62,474,1,0,39.33880615234375,39.06007766723633,3.3241591453552246,2.3650755882263184,1,40.0,-1.934988021850586,0.9348411560058594,-0.6377398371696472,12.027192115783691,163,2,384,0,0,0
790,39.503187,31,475,1,1,39.54170227050781,39.43850326538086,3.3215696811676025,2.162346601486206,1,40.0,-1.9516950845718384,0.9403991103172302,-0.6426875591278076,12.027192115783691,164,2,384,0,0,0
791,39.553191,81,475,1,0,39.54170227050781,39.43850326538086,3.3215696811676025,2.162346601486206,1,40.0,-1.9516950845718384,0.9403991103172302,-0.6426875591278076,12.027192115783691,164,2,384,0,0,0
792,39.603193,47,476,1,1,39.754878997802734,39.65337371826172,3.3103644847869873,1.960990071296692,1,40.0,-1.9641579389572144,0.9464277029037476,-0.6467968225479126,12.027192115783691,165,2,384,0,0,0
793,39.653187,12,477,1,1,39.85707092285156,39.6021842956543,2.9876484870910645,1.450149416923523,1,40.0,-1.7797255516052246,0.9492729306221008,-0.6064441204071045,12.027192115783691,155,2,384,0,0,0
794,39.703186,62,477,1,0,39.85707092285156,39.6021842956543,2.9876484870910645,1.450149416923523,1,40.0,-1.7797255516052246,0.9492729306221008,-0.6064441204071045,12.027192115783691,155,2,384,0,0,0
795,39.75322,32,478,1,1,39.91841506958008,39.663612365722656,2.6261510848999023,0.9515838623046875,1,40.0,-1.5683480501174927,0.9509987831115723,-0.5598548054695129,12.027192115783691,143,2,384,0,0,0
796,39.803195,82,478,1,0,39.91841506958008,39.663612365722656,2.6261510848999023,0.9515838623046875,1,40.0,-1.5683480501174927,0.9509987831115723,-0.5598548054695129,12.027192115783691,143,2,384,0,0,0
797,39.853222,46,479,1,1,40.034095764160156,39.87835693359375,2.4091601371765137,0.6396399736404419,1,40.0,-1.4485646486282349,0.9544039964675903,-0.5339930057525635,12.027192115783691,136,2,384,0,0,0
798,39.903187,12,480,1,1,40.056419372558594,39.80681610107422,1.984237551689148,0.14010891318321228,1,40.0,-1.1956202983856201,0.9551043510437012,-0.47793880105018616,12.027192115783691,122,2,384,0,0,0
799,39.953186,62,480,1,0,40.056419372558594,39.80681610107422,1.984237551689148,0.14010891318321228,1,40.0,-1.1956202983856201,0.9551043510437012,-0.47793880105018616,12.027192115783691,122,2,384,0,0,0
800,40.003187,31,481,1,1,40.13561248779297,40.02156066894531,1.780815601348877,-0.08409219980239868,1,40.0,-1.080694556236267,0.957525372505188,-0.4529377222061157,12.027192115783691,115,2,384,0,0,0
801,40.05319,81,481,1,0,40.13561248779297,40.02156066894531,1.780815601348877,-0.08409219980239868,1,40.0,-1.080694556236267,0.957525372505188,-0.4529377222061157,12.027192115783691,115,2,384,0,0,0
802,40.103193,46,482,1,1,40.20944595336914,40.10334014892578,1.5708743333816528,-0.29578322172164917,1,40.0,-0.9613747596740723,0.9598556756973267,-0.42694008350372314,12.027192115783691,109,2,384,0,0,0
803,40.153197,11,483,1,1,40.249664306640625,40.12381362915039,1.3035303354263306,-0.5485378503799438,1,40.0,-0.8045880794525146,0.9612401723861694,-0.39240628480911255,12.027192115783691,100,2,384,0,0,0
804,40.203186,61,483,1,0,40.249664306640625,40.12381362915039,1.3035303354263306,-0.5485378503799438,1,40.0,-0.8045880794525146,0.9612401723861694,-0.39240628480911255,12.027192115783691,100,2,384,0,0,0
805,40.253187,25,484,1,1,40.19859313964844,39.98060989379883,0.8334250450134277,-0.9897089004516602,1,40.0,-0.5179284811019897,0.959920346736908,-0.3284108340740204,12.027192115783691,84,2,384,0,0,0
806,40.3032,75,484,1,0,40.19859313964844,39.98060989379883,0.8334250450134277,-0.9897089004516602,1,40.0,-0.5179284811019897,0.959920346736908,-0.3284108340740204,12.027192115783691,84,2,384,0,0,0
807,40.353198,44,485,1,1,40.165897369384766,40.03179931640625,0.49974483251571655,-1.2542294263839722,1,40.0,-0.314777672290802,0.959098219871521,-0.28308355808258057,12.027192115783691,80,2,384,0,0,0
808,40.403187,12,486,1,1,40.118412017822266,40.0010871887207,0.1764758676290512,-1.4843254089355469,1,40.0,-0.11654260754585266,0.9578146934509277,-0.23874607682228088,12.027192115783691,80,2,384,0,0,0
809,40.453186,62,486,1,0,40.118412017822266,40.0010871887207,0.1764758676290512,-1.4843254089355469,1,40.0,-0.11654260754585266,0.9578146934509277,-0.23874607682228088,12.027192115783691,80,2,384,0,0,0
810,40.503187,31,487,1,1,40.126163482666016,40.12381362915039,0.05186248570680618,-1.4889025688171387,1,40.0,-0.04247220605611801,0.9581419825553894,-0.22235870361328125,12.027192115783691,80,2,384,0,0,0
811,40.55319,81,487,1,0,40.126163482666016,40.12381362915039,0.05186248570680618,-1.4889025688171387,1,40.0,-0.04247220605611801,0.9581419825553894,-0.22235870361328125,12.027192115783691,80,2,384,0,0,0
812,40.603205,47,488,1,1,40.116085052490234,40.10334014892578,-0.0973304733633995,-1.5140938758850098,1,40.0,0.047950632870197296,0.9579468965530396,-0.20222139358520508,12.027192115783691,80,2,384,0,0,0
813,40.653187,13,489,1,1,40.1028938293457,40.10334014892578,-0.22366252541542053,-1.5132046937942505,1,40.0,0.12493707239627838,0.957649827003479,-0.18504728376865387,12.027192115783691,80,2,384,0,0,0
814,40.703186,63,489,1,0,40.1028938293457,40.10334014892578,-0.22366252541542053,-1.5132046937942505,1,40.0,0.12493707239627838,0.957649827003479,-0.18504728376865387,12.027192115783691,80,2,384,0,0,0
815,40.753186,32,490,1,1,40.004241943359375,39.89883041381836,-0.5445261001586914,-1.7202041149139404,1,40.0,0.3263339102268219,0.9547726511955261,-0.1396530419588089,12.027192115783691,80,2,384,0,0,0
816,40.80319,82,490,1,0,40.004241943359375,39.89883041381836,-0.5445261001586914,-1.7202041149139404,1,40.0,0.3263339102268219,0.9547726511955261,-0.1396530419588089,12.027192115783691,80,2,384,0,0,0
817,40.8532,46,491,1,1,39.91169738769531,39.857879638671875,-0.7959937453269958,-1.8282479047775269,1,40.0,0.48554348945617676,0.9519996643066406,-0.10365691781044006,12.027192115783691,80,2,384,0,0,0
818,40.903193,12,492,1,1,39.82072448730469,39.79657745361328,-0.9959455728530884,-1.8766387701034546,1,40.0,0.6137021780014038,0.9491909742355347,-0.07455306500196457,12.027192115783691,80,2,384,0,0,0
819,40.953186,62,492,1,0,39.82072448730469,39.79657745361328,-0.9959455728530884,-1.8766387701034546,1,40.0,0.6137021780014038,0.9491909742355347,-0.07455306500196457,12.027192115783691,80,2,384,0,0,0
820,41.003187,31,493,1,1,39.820037841796875,39.93978500366211,-0.9222664833068848,-1.6410685777664185,1,40.0,0.5695565342903137,0.9490269422531128,-0.08432676643133163,12.027192115783691,80,2,384,0,0,0
821,41.053187,81,493,1,0,39.820037841796875,39.93978500366211,-0.9222664833068848,-1.6410685777664185,1,40.0,0.5695565342903137,0.9490269422531128,-0.08432676643133163,12.027192115783691,80,2,384,0,0,0
822,41.103209,46,494,1,1,39.76136016845703,39.79657745361328,-0.9944214820861816,-1.5707768201828003,1,40.0,0.6181305050849915,0.9471136331558228,-0.07310736179351807,12.027192115783691,80,2,384,0,0,0
823,41.153187,12,495,1,1,39.67294692993164,39.673851013183594,-1.1246355772018433,-1.5689697265625,1,40.0,0.7042161822319031,0.9442583918571472,-0.05334271490573883,12.027192115783691,80,2,384,0,0,0
824,41.203186,62,495,1,0,39.67294692993164,39.673851013183594,-1.1246355772018433,-1.5689697265625,1,40.0,0.7042161822319031,0.9442583918571472,-0.05334271490573883,12.027192115783691,80,2,384,0,0,0
825,41.253187,32,496,1,1,39.48149490356445,39.34648895263672,-1.5027064085006714,-1.8327198028564453,1,40.0,0.9482893943786621,0.9382532238960266,0.0,12.027192115783691,0,0,0,0,0,0
826,41.303193,82,496,1,0,39.48149490356445,39.34648895263672,-1.5027064085006714,-1.8327198028564453,1,40.0,0.9482893943786621,0.9382532238960266,0.0,12.027192115783691,0,0,0,0,0,0
827,41.353204,47,497,1,1,39.26948547363281,39.16245651245117,-1.862507700920105,-2.045787811279297,1,40.0,1.1832510232925415,0.9314781427383423,0.3356971740722656,12.027192115783691,86,1,0,0,0,0
828,41.403188,12,498,1,1,39.09396743774414,39.0805549621582,-2.0621979236602783,-2.0727202892303467,1,40.0,1.318861722946167,0.9255551099777222,0.5244088172912598,12.027192115783691,134,1,0,0,0,0
829,41.453186,62,498,1,0,39.09396743774414,39.0805549621582,-2.0621979236602783,-2.0727202892303467,1,40.0,1.318861722946167,0.9255551099777222,0.5244088172912598,12.027192115783691,134,1,0,0,0,0
830,41.503187,31,499,1,1,38.965904235839844,39.02949142456055,-2.1101272106170654,-1.947464942932129,1,40.0,1.359144926071167,0.9209883809089661,0.5842087268829346,12.027192115783691,149,1,0,0,0,0
831,41.553254,81,499,1,0,38.965904235839844,39.02949142456055,-2.1101272106170654,-1.947464942932129,1,40.0,1.359144926071167,0.9209883809089661,0.5842087268829346,12.027192115783691,149,1,0,0,0,0
832,41.6032,46,500,1,1,38.764156341552734,38.743080139160156,-2.315985679626465,-1.9895646572113037,1,40.0,1.5008174180984497,0.9140570163726807,0.7823472023010254,12.027192115783691,199,1,0,0,0,0
833,41.653187,13,501,1,1,38.614097595214844,38.6816520690918,-2.3525142669677734,-1.8553030490875244,1,40.0,1.536239743232727,0.9085047245025635,0.8369800448417664,12.027192115783691,213,1,0,0,0,0
834,41.703187,63,501,1,0,38.614097595214844,38.6816520690918,-2.3525142669677734,-1.8553030490875244,1,40.0,1.536239743232727,0.9085047245025635,0.8369800448417664,12.027192115783691,213,1,0,0,0,0
835,41.753187,31,502,1,1,38.33823013305664,38.231689453125,-2.7058048248291016,-2.0653433799743652,1,40.0,1.7730422019958496,0.899120032787323,1.0,12.027192115783691,255,1,0,0,0,1
836,41.803218,81,502,1,0,38.33823013305664,38.231689453125,-2.7058048248291016,-2.0653433799743652,1,40.0,1.7730422019958496,0.899120032787323,1.0,12.027192115783691,255,1,0,0,0,1
837,41.8532,46,503,1,1,38.12575149536133,38.1600227355957,-2.815755605697632,-1.9968537092208862,1,40.0,1.8581358194351196,0.8927456736564636,1.0,12.035567283630371,255,1,0,0,0,1
838,41.903231,12,504,1,1,37.86134719848633,37.832786560058594,-3.038188934326172,-2.0539448261260986,1,40.0,2.0153920650482178,0.8848134875297546,1.0,12.035567283630371,255,1,0,0,0,1
839,41.953193,62,504,1,0,37.86134719848633,37.832786560058594,-3.038188934326172,-2.0539448261260986,1,40.0,2.0153920650482178,0.8848134875297546,1.0,12.035567283630371,255,1,0,0,0,1
840,42.003213,32,505,1,1,37.669776916503906,37.75101089477539,-3.0505025386810303,-1.895230770111084,1,40.0,2.0400216579437256,0.8790664076805115,1.0,12.035567283630371,255,1,0,0,0,1
841,42.053189,82,505,1,0,37.669776916503906,37.75101089477539,-3.0505025386810303,-1.895230770111084,1,40.0,2.0400216579437256,0.8790664076805115,1.0,12.035567283630371,255,1,0,0,0,1
842,42.103194,46,506,1,1,37.47494125366211,37.577091217041016,-3.017648696899414,-1.6907730102539062,1,40.0,2.037844657897949,0.8732213377952576,1.0,12.035567283630371,255,1,0,0,0,1
843,42.153186,13,507,1,1,37.27910614013672,37.36234664916992,-2.999324321746826,-1.525160312652588,1,40.0,2.0444750785827637,0.8673463463783264,1.0,12.035567283630371,255,1,0,0,0,1
844,42.203186,63,507,1,0,37.27910614013672,37.36234664916992,-2.999324321746826,-1.525160312652588,1,40.0,2.0444750785827637,0.8673463463783264,1.0,12.035567283630371,255,1,0,0,0,1
845,42.253186,32,508,1,1,37.02420425415039,37.01451110839844,-3.1410725116729736,-1.5441741943359375,1,40.0,2.1524651050567627,0.8596993088722229,1.0,12.035567283630371,255,1,0,0,0,1
846,42.303199,82,508,1,0,37.02420425415039,37.01451110839844,-3.1410725116729736,-1.5441741943359375,1,40.0,2.1524651050567627,0.8596993088722229,1.0,12.035567283630371,255,1,0,0,0,1
847,42.3532,47,509,1,1,36.75465774536133,36.75881576538086,-3.2643866539001465,-1.5358837842941284,1,40.0,2.2507128715515137,0.8516128659248352,1.0,12.035567283630371,255,1,0,0,0,1
848,42.403189,12,510,1,1,36.541175842285156,36.636085510253906,-3.212224006652832,-1.3451937437057495,1,40.0,2.238628625869751,0.8452084064483643,1.0,12.035567283630371,255,1,0,0,0,1
849,42.453186,62,510,1,0,36.541175842285156,36.636085510253906,-3.212224006652832,-1.3451937437057495,1,40.0,2.238628625869751,0.8452084064483643,1.0,12.035567283630371,255,1,0,0,0,1
850,42.503187,32,511,1,1,36.398704528808594,36.564544677734375,-3.008728504180908,-1.0203900337219238,1,40.0,2.1293537616729736,0.8409342765808105,1.0,12.035567283630371,255,1,0,0,0,1
851,42.553195,82,511,1,0,36.398704528808594,36.564544677734375,-3.008728504180908,-1.0203900337219238,1,40.0,2.1293537616729736,0.8409342765808105,1.0,12.035567283630371,255,1,0,0,0,1
852,42.603194,46,512,1,1,36.25222396850586,36.411102294921875,-2.7915639877319336,-0.7020879983901978,1,40.0,2.0122382640838623,0.8365398645401001,1.0,12.035567283630371,255,1,0,0,0,1
853,42.653187,13,513,1,1,36.106048583984375,36.22706985473633,-2.619110584259033,-0.4612525701522827,1,40.0,1.9219220876693726,0.8321545720100403,1.0,12.035567283630371,255,1,0,0,0,1
854,42.703186,63,513,1,0,36.106048583984375,36.22706985473633,-2.619110584259033,-0.4612525701522827,1,40.0,1.9219220876693726,0.8321545720100403,1.0,12.035567283630371,255,1,0,0,0,1
855,42.753186,32,514,1,1,36.015037536621094,36.186119079589844,-2.335145950317383,-0.12573501467704773,1,40.0,1.7597342729568481,0.829424262046814,1.0,12.035567283630371,255,1,0,0,0,1
856,42.803195,82,514,1,0,36.015037536621094,36.186119079589844,-2.335145950317383,-0.12573501467704773,1,40.0,1.7597342729568481,0.829424262046814,1.0,12.035567283630371,255,1,0,0,0,1
857,42.853199,47,515,1,1,35.93743133544922,36.10434341430664,-2.027078628540039,0.2070731222629547,1,40.0,1.581878423690796,0.8270960450172424,1.0,12.035567283630371,255,1,0,0,0,1
858,42.903206,11,516,1,1,35.934268951416016,36.165645599365234,-1.5613980293273926,0.6744602918624878,1,40.0,1.3027546405792236,0.8270012140274048,0.6343379020690918,12.035567283630371,162,1,0,0,0,0
859,42.953186,61,516,1,0,35.934268951416016,36.165645599365234,-1.5613980293273926,0.6744602918624878,1,40.0,1.3027546405792236,0.8270012140274048,0.6343379020690918,12.035567283630371,162,1,0,0,0,0
860,43.003186,27,517,1,1,35.97087860107422,36.19635772705078,-1.0710153579711914,1.1269817352294922,1,40.0,1.005230188369751,0.824643611907959,0.24078208208084106,12.035567283630371,80,1,0,0,0,0
861,43.053186,77,517,1,0,35.97087860107422,36.19635772705078,-1.0710153579711914,1.1269817352294922,1,40.0,1.005230188369751,0.824643611907959,0.24078208208084106,12.035567283630371,80,1,0,0,0,0
862,43.103201,43,518,1,1,36.05101776123047,36.278133392333984,-0.5411454439163208,1.5810389518737793,1,40.0,0.6800956726074219,0.8238244652748108,0.0,12.035567283630371,0,0,0,0,0,0
863,43.153195,12,519,1,1,36.14064407348633,36.319087982177734,-0.07768574357032776,1.931110143661499,1,40.0,0.39395350217819214,0.8231566548347473,-0.09537848830223083,12.035567283630371,80,2,384,0,0,0
864,43.203186,62,519,1,0,36.14064407348633,36.319087982177734,-0.07768574357032776,1.931110143661499,1,40.0,0.39395350217819214,0.8231566548347473,-0.09537848830223083,12.035567283630371,80,2,384,0,0,0
865,43.253187,31,520,1,1,36.20212173461914,36.28837203979492,0.23951004445552826,2.0990047454833984,1,40.0,0.19810302555561066,0.821913480758667,-0.13862454891204834,12.035567283630371,80,2,384,0,0,0
866,43.303194,81,520,1,0,36.20212173461914,36.28837203979492,0.23951004445552826,2.0990047454833984,1,40.0,0.19810302555561066,0.821913480758667,-0.13862454891204834,12.035567283630371,80,2,384,0,0,0
867,43.353196,47,521,1,1,36.3099250793457,36.42134094238281,0.6266381740570068,2.319139003753662,1,40.0,-0.04387614130973816,0.8219193816184998,-0.19239898025989532,12.035567283630371,80,2,384,0,0,0
868,43.403188,12,522,1,1,36.509033203125,36.697513580322266,1.1852049827575684,2.696378707885742,1,40.0,-0.39693596959114075,0.8247560858726501,-0.27148711681365967,12.035567283630371,80,2,384,0,0,0
869,43.453186,62,522,1,0,36.509033203125,36.697513580322266,1.1852049827575684,2.696378707885742,1,40.0,-0.39693596959114075,0.8247560858726501,-0.27148711681365967,12.035567283630371,80,2,384,0,0,0
870,43.503197,32,523,1,1,36.737457275390625,36.91225814819336,1.7284969091415405,3.0383331775665283,1,40.0,-0.7434692978858948,0.8288159966468811,-0.3493967354297638,12.035567283630371,89,2,384,0,0,0
871,43.55319,82,523,1,0,36.737457275390625,36.91225814819336,1.7284969091415405,3.0383331775665283,1,40.0,-0.7434692978858948,0.8288159966468811,-0.3493967354297638,12.035567283630371,89,2,384,0,0,0
872,43.603203,46,524,1,1,36.99429702758789,37.12712478637695,2.2447757720947266,3.304438352584839,1,40.0,-1.0763522386550903,0.8339111804962158,-0.424502968788147,12.106758117675781,108,2,384,0,0,0
873,43.653187,12,525,1,1,37.28691482543945,37.41341018676758,2.76503849029541,3.55765438079834,1,40.0,-1.4148454666137695,0.8399845957756042,-0.5010733604431152,12.106758117675781,128,2,384,0,0,0
874,43.703186,62,525,1,0,37.28691482543945,37.41341018676758,2.76503849029541,3.55765438079834,1,40.0,-1.4148454666137695,0.8399845957756042,-0.5010733604431152,12.106758117675781,128,2,384,0,0,0
875,43.753189,30,526,1,1,37.54720687866211,37.577091217041016,3.1133856773376465,3.6167428493499756,1,40.0,-1.6472800970077515,0.8456228375434875,-0.553978443145752,12.106758117675781,141,2,384,0,0,0
876,43.803191,80,526,1,0,37.54720687866211,37.577091217041016,3.1133856773376465,3.6167428493499756,1,40.0,-1.6472800970077515,0.8456228375434875,-0.553978443145752,12.106758117675781,141,2,384,0,0,0
877,43.853205,47,527,1,1,37.798484802246094,37.7713623046875,3.362192392349243,3.5631046295166016,1,40.0,-1.8191792964935303,0.8510763645172119,-0.593390166759491,12.106758117675781,151,2,384,0,0,0
878,43.903187,12,528,1,1,38.02010726928711,37.91456604003906,3.4627413749694824,3.3519296646118164,1,40.0,-1.8994544744491577,0.855853796005249,-0.6122906804084778,12.106758117675781,156,2,384,0,0,0
879,43.953203,62,528,1,0,38.02010726928711,37.91456604003906,3.4627413749694824,3.3519296646118164,1,40.0,-1.8994544744491577,0.855853796005249,-0.6122906804084778,12.106758117675781,156,2,384,0,0,0
880,44.003187,32,529,1,1,38.318729400634766,38.33394241333008,3.759380340576172,3.3816733360290527,1,40.0,-2.104314088821411,0.863228440284729,-0.6594539880752563,12.106758117675781,168,2,384,0,0,0
881,44.053203,82,529,1,0,38.318729400634766,38.33394241333008,3.759380340576172,3.3816733360290527,1,40.0,-2.104314088821411,0.863228440284729,-0.6594539880752563,12.106758117675781,168,2,384,0,0,0
882,44.103204,46,530,1,1,38.596981048583984,38.518096923828125,3.898895740509033,3.2236976623535156,1,40.0,-2.2130658626556396,0.870231032371521,-0.6851770877838135,12.106758117675781,175,2,384,0,0,0
883,44.15322,13,531,1,1,38.92120361328125,38.906761169433594,4.138927459716797,3.1949520111083984,1,40.0,-2.3862648010253906,0.8786949515342712,-0.7255465984344482,12.106758117675781,185,2,384,0,0,0
884,44.203186,63,531,1,0,38.92120361328125,38.906761169433594,4.138927459716797,3.1949520111083984,1,40.0,-2.3862648010253906,0.8786949515342712,-0.7255465984344482,12.106758117675781,185,2,384,0,0,0
885,44.253187,32,532,1,1,39.16779327392578,39.02949142456055,4.137871265411377,2.9236032962799072,1,40.0,-2.4078240394592285,0.8852295875549316,-0.7317897081375122,12.106758117675781,187,2,384,0,0,0
886,44.303189,82,532,1,0,39.16779327392578,39.02949142456055,4.137871265411377,2.9236032962799072,1,40.0,-2.4078240394592285,0.8852295875549316,-0.7317897081375122,12.106758117675781,187,2,384,0,0,0
887,44.353194,46,533,1,1,39.36441421508789,39.131744384765625,3.9422457218170166,2.4568638801574707,1,40.0,-2.3081448078155518,0.8904625177383423,-0.7108017206192017,12.106758117675781,181,2,384,0,0,0
888,44.403187,12,534,1,1,39.52296447753906,39.27494812011719,3.672691583633423,1.9601079225540161,1,40.0,-2.16068172454834,0.894646942615509,-0.6789619326591492,12.106758117675781,173,2,384,0,0,0
889,44.453186,62,534,1,0,39.52296447753906,39.27494812011719,3.672691583633423,1.9601079225540161,1,40.0,-2.16068172454834,0.894646942615509,-0.6789619326591492,12.106758117675781,173,2,384,0,0,0
890,44.503187,31,535,1,1,39.754302978515625,39.65337371826172,3.641341209411621,1.761614203453064,1,40.0,-2.162692070007324,0.9012054204940796,-0.6808660626411438,12.106758117675781,174,2,384,0,0,0
891,44.553191,81,535,1,0,39.754302978515625,39.65337371826172,3.641341209411621,1.761614203453064,1,40.0,-2.162692070007324,0.9012054204940796,-0.6808660626411438,12.106758117675781,174,2,384,0,0,0
892,44.603195,47,536,1,1,39.94446563720703,39.77610397338867,3.4693334102630615,1.4275037050247192,1,40.0,-2.076601982116699,0.9067137837409973,-0.6629590392112732,12.106758117675781,169,2,384,0,0,0
893,44.653187,12,537,1,1,40.13307189941406,39.98060989379883,3.2979283332824707,1.1219186782836914,1,40.0,-1.9907335042953491,0.9123220443725586,-0.6451234221458435,12.106758117675781,165,2,384,0,0,0
894,44.703191,62,537,1,0,40.13307189941406,39.98060989379883,3.2979283332824707,1.1219186782836914,1,40.0,-1.9907335042953491,0.9123220443725586,-0.6451234221458435,12.106758117675781,165,2,384,0,0,0
895,44.753187,31,538,1,1,40.20115661621094,39.919307708740234,2.8576223850250244,0.5673352479934692,1,40.0,-1.7326775789260864,0.9144710302352905,-0.5882552266120911,12.106758117675781,150,2,384,0,0,0
896,44.803192,81,538,1,0,40.20115661621094,39.919307708740234,2.8576223850250244,0.5673352479934692,1,40.0,-1.7326775789260864,0.9144710302352905,-0.5882552266120911,12.106758117675781,150,2,384,0,0,0
897,44.853199,46,539,1,1,40.27585220336914,40.04203796386719,2.458754301071167,0.10059237480163574,1,40.0,-1.5000792741775513,0.9168828129768372,-0.5371026992797852,12.106758117675781,137,2,384,0,0,0
898,44.903187,12,540,1,1,40.33137893676758,40.12381362915039,2.0699071884155273,-0.3140837848186493,1,40.0,-1.2717684507369995,0.9187831282615662,-0.4867892563343048,12.106758117675781,124,2,384,0,0,0
899,44.953186,62,540,1,0,40.33137893676758,40.12381362915039,2.0699071884155273,-0.3140837848186493,1,40.0,-1.2717684507369995,0.9187831282615662,-0.4867892563343048,12.106758117675781,124,2,384,0,0,0
900,45.003187,30,541,1,1,40.44951248168945,40.379512786865234,1.9116936922073364,-0.452354371547699,1,40.0,-1.1874724626541138,0.922592282295227,-0.4689032733440399,12.106758117675781,120,2,384,0,0,0
901,45.053195,80,541,1,0,40.44951248168945,40.379512786865234,1.9116936922073364,-0.452354371547699,1,40.0,-1.1874724626541138,0.922592282295227,-0.4689032733440399,12.106758117675781,120,2,384,0,0,0
902,45.103203,46,542,1,1,40.568119049072266,40.51247787475586,1.7677392959594727,-0.5629606246948242,1,40.0,-1.1117744445800781,0.9265325665473938,-0.45295706391334534,12.106758117675781,116,2,384,0,0,0
903,45.153187,13,543,1,1,40.63302993774414,40.5227165222168,1.511505126953125,-0.7816627621650696,1,40.0,-0.9638757705688477,0.9289627075195312,-0.4206308126449585,12.106758117675781,107,2,384,0,0,0
904,45.203186,63,543,1,0,40.63302993774414,40.5227165222168,1.511505126953125,-0.7816627621650696,1,40.0,-0.9638757705688477,0.9289627075195312,-0.4206308126449585,12.106758117675781,107,2,384,0,0,0
905,45.253187,32,544,1,1,40.580074310302734,40.338558197021484,0.9952794313430786,-1.2545850276947021,1,40.0,-0.6493743658065796,0.9278804659843445,-0.35050106048583984,12.106758117675781,89,2,384,0,0,0
906,45.303196,82,544,1,0,40.580074310302734,40.338558197021484,0.9952794313430786,-1.2545850276947021,1,40.0,-0.6493743658065796,0.9278804659843445,-0.35050106048583984,12.106758117675781,89,2,384,0,0,0
907,45.353201,47,545,1,1,40.58078384399414,40.471527099609375,0.6800702810287476,-1.4723378419876099,1,40.0,-0.46031272411346436,0.9283658266067505,-0.3085952401161194,12.106758117675781,80,2,384,0,0,0
908,45.40319,11,546,1,1,40.52164077758789,40.3692741394043,0.25847288966178894,-1.7801368236541748,1,40.0,-0.20203141868114471,0.9271142482757568,-0.25092124938964844,12.106758117675781,80,2,384,0,0,0
909,45.453186,61,546,1,0,40.52164077758789,40.3692741394043,0.25847288966178894,-1.7801368236541748,1,40.0,-0.20203141868114471,0.9271142482757568,-0.25092124938964844,12.106758117675781,80,2,384,0,0,0
910,45.503187,27,547,1,1,40.60892105102539,40.706871032714844,0.2974104881286621,-1.5835214853286743,1,40.0,-0.23324918746948242,0.9301760792732239,-0.2585389316082001,12.106758117675781,80,2,384,0,0,0
911,45.553194,77,547,1,0,40.60892105102539,40.706871032714844,0.2974104881286621,-1.5835214853286743,1,40.0,-0.23324918746948242,0.9301760792732239,-0.2585389316082001,12.106758117675781,80,2,384,0,0,0
912,45.603202,44,548,1,1,40.61387634277344,40.59425735473633,0.1285901665687561,-1.6225312948226929,1,40.0,-0.13240297138690948,0.930811882019043,-0.2362699955701828,12.106758117675781,80,2,384,0,0,0
913,45.653205,13,549,1,1,40.60865020751953,40.59425735473633,-0.02982836775481701,-1.6507097482681274,1,40.0,-0.036881498992443085,0.9311769008636475,-0.21512408554553986,12.106758117675781,80,2,384,0,0,0
914,45.703186,63,549,1,0,40.60865020751953,40.59425735473633,-0.02982836775481701,-1.6507097482681274,1,40.0,-0.036881498992443085,0.9311769008636475,-0.21512408554553986,12.106758117675781,80,2,384,0,0,0
915,45.753188,32,550,1,1,40.555580139160156,40.492000579833984,-0.28200235962867737,-1.7744390964508057,1,40.0,0.11919920146465302,0.9300716519355774,-0.18019385635852814,12.106758117675781,80,2,384,0,0,0
916,45.803194,82,550,1,0,40.555580139160156,40.492000579833984,-0.28200235962867737,-1.7744390964508057,1,40.0,0.11919920146465302,0.9300716519355774,-0.18019385635852814,12.106758117675781,80,2,384,0,0,0
917,45.8532,46,551,1,1,40.53683853149414,40.553428649902344,-0.4028436839580536,-1.7412784099578857,1,40.0,0.19339075684547424,0.929953932762146,-0.16368073225021362,12.106758117675781,80,2,384,0,0,0
918,45.903187,12,552,1,1,40.44303894042969,40.3692741394043,-0.690519392490387,-1.8888591527938843,1,40.0,0.3744381368160248,0.9276230335235596,-0.12292996048927307,12.106758117675781,80,2,384,0,0,0
919,45.953186,62,552,1,0,40.44303894042969,40.3692741394043,-0.690519392490387,-1.8888591527938843,1,40.0,0.3744381368160248,0.9276230335235596,-0.12292996048927307,12.106758117675781,80,2,384,0,0,0
920,46.003189,32,553,1,1,40.42771530151367,40.492000579833984,-0.7212200164794922,-1.7631584405899048,1,40.0,0.3942376375198364,0.9275177717208862,-0.11850669980049133,12.106758117675781,80,2,384,0,0,0
921,46.053189,82,553,1,0,40.42771530151367,40.492000579833984,-0.7212200164794922,-1.7631584405899048,1,40.0,0.3942376375198364,0.9275177717208862,-0.11850669980049133,12.106758117675781,80,2,384,0,0,0
922,46.10323,46,554,1,1,40.3720703125,40.389747619628906,-0.8389371633529663,-1.7277591228485107,1,40.0,0.4698759615421295,0.9261906743049622,-0.10140326619148254,12.106758117675781,80,2,384,0,0,0
923,46.153187,12,555,1,1,40.317996978759766,40.34879684448242,-0.9249991774559021,-1.6661170721054077,1,40.0,0.5263798236846924,0.9249033331871033,-0.08856078237295151,12.106758117675781,80,2,384,0,0,0
924,46.203207,62,555,1,0,40.317996978759766,40.34879684448242,-0.9249991774559021,-1.6661170721054077,1,40.0,0.5263798236846924,0.9249033331871033,-0.08856078237295151,12.106758117675781,80,2,384,0,0,0
925,46.25319,32,556,1,1,40.19931411743164,40.144290924072266,-1.1613277196884155,-1.7736914157867432,1,40.0,0.6788583993911743,0.9215971827507019,-0.05394195020198822,12.106758117675781,80,2,384,0,0,0
926,46.303219,82,556,1,0,40.19931411743164,40.144290924072266,-1.1613277196884155,-1.7736914157867432,1,40.0,0.6788583993911743,0.9215971827507019,-0.05394195020198822,12.106758117675781,0,0,0,0,0,0
927,46.353204,47,557,1,1,40.10234832763672,40.11357879638672,-1.2906708717346191,-1.751326560974121,1,40.0,0.7651911973953247,0.9188476800918579,-0.03414588421583176,12.106758117675781,80,2,384,0,0,0
928,46.403187,12,558,1,1,39.932029724121094,39.857879638671875,-1.5821809768676758,-1.9002189636230469,1,40.0,0.9554259777069092,0.9138302803039551,0.05546092987060547,12.106758117675781,80,1,0,0,0,0
929,46.453186,62,558,1,0,39.932029724121094,39.857879638671875,-1.5821809768676758,-1.9002189636230469,1,40.0,0.9554259777069092,0.9138302803039551,0.05546092987060547,12.106758117675781,0,0,0,0,0,0
930,46.503188,32,559,1,1,39.840877532958984,39.89883041381836,-1.6255015134811401,-1.7867226600646973,1,40.0,0.9896219968795776,0.9110413789749146,0.10477414727210999,12.106758117675781,0,0,0,0,0,0
931,46.553258,82,559,1,0,39.840877532958984,39.89883041381836,-1.6255015134811401,-1.7867226600646973,1,40.0,0.9896219968795776,0.9110413789749146,0.10477414727210999,12.106758117675781,0,0,0,0,0,0
932,46.603194,46,560,1,1,39.72892761230469,39.77610397338867,-1.6886157989501953,-1.6921921968460083,1,40.0,1.037566065788269,0.9075554609298706,0.17334747314453125,12.060693740844727,0,0,0,0,0,0
933,46.653187,12,561,1,1,39.56413269042969,39.5408821105957,-1.8753471374511719,-1.7387322187423706,1,40.0,1.1644364595413208,0.9023676514625549,0.3494250774383545,12.060693740844727,89,1,0,0,0,0
934,46.703186,62,561,1,0,39.56413269042969,39.5408821105957,-1.8753471374511719,-1.7387322187423706,1,40.0,1.1644364595413208,0.9023676514625549,0.3494250774383545,12.060693740844727,89,1,0,0,0,0
935,46.753187,32,562,1,1,39.31441879272461,39.18280792236328,-2.2608535289764404,-1.9960379600524902,1,40.0,1.4182145595550537,0.8945275545120239,0.698249340057373,12.060693740844727,178,1,0,0,0,0
936,46.803197,82,562,1,0,39.31441879272461,39.18280792236328,-2.2608535289764404,-1.9960379600524902,1,40.0,1.4182145595550537,0.8945275545120239,0.698249340057373,12.060693740844727,178,1,0,0,0,0
937,46.853214,47,563,1,1,39.10053253173828,39.0805549621582,-2.468609571456909,-2.035815477371216,1,40.0,1.5621178150177002,0.8875625729560852,0.8994069695472717,12.060693740844727,229,1,0,0,0,0
938,46.903187,12,564,1,1,38.83271789550781,38.76355743408203,-2.7746810913085938,-2.174675464630127,1,40.0,1.7698640823364258,0.8787185549736023,1.0,12.060693740844727,255,1,0,0,0,1
939,46.953186,62,564,1,0,38.83271789550781,38.76355743408203,-2.7746810913085938,-2.174675464630127,1,40.0,1.7698640823364258,0.8787185549736023,1.0,12.060693740844727,255,1,0,0,0,1
940,47.003187,32,565,1,1,38.66618347167969,38.753318786621094,-2.785243511199951,-2.004049062728882,1,40.0,1.7911896705627441,0.873722493648529,1.0,12.060693740844727,255,1,0,0,0,1
941,47.053187,82,565,1,0,38.66618347167969,38.753318786621094,-2.785243511199951,-2.004049062728882,1,40.0,1.7911896705627441,0.873722493648529,1.0,12.060693740844727,255,1,0,0,0,1
942,47.103213,46,566,1,1,38.512760162353516,38.64082717895508,-2.7118139266967773,-1.7474640607833862,1,40.0,1.7609400749206543,0.8691198229789734,1.0,12.060693740844727,255,1,0,0,0,1
943,47.153187,13,567,1,1,38.26062774658203,38.231689453125,-2.912031888961792,-1.8050616979599,1,40.0,1.903762698173523,0.8615558743476868,1.0,12.060693740844727,255,1,0,0,0,1
944,47.203186,63,567,1,0,38.26062774658203,38.231689453125,-2.912031888961792,-1.8050616979599,1,40.0,1.903762698173523,0.8615558743476868,1.0,12.060693740844727,255,1,0,0,0,1
945,47.253187,32,568,1,1,37.966796875,37.89421463012695,-3.19458270072937,-1.9474236965179443,1,40.0,2.099738121032715,0.8527409434318542,1.0,12.060693740844727,255,1,0,0,0,1
946,47.303195,82,568,1,0,37.966796875,37.89421463012695,-3.19458270072937,-1.9474236965179443,1,40.0,2.099738121032715,0.8527409434318542,1.0,12.060693740844727,255,1,0,0,0,1
947,47.353199,47,569,1,1,37.718963623046875,37.76124572753906,-3.2793569564819336,-1.8631082773208618,1,40.0,2.172907590866089,0.845305860042572,1.0,12.060693740844727,255,1,0,0,0,1
948,47.403189,12,570,1,1,37.48555374145508,37.556617736816406,-3.300934314727783,-1.7203449010849,1,40.0,2.2068607807159424,0.8383036255836487,1.0,12.060693740844727,255,1,0,0,0,1
949,47.453186,62,570,1,0,37.48555374145508,37.556617736816406,-3.300934314727783,-1.7203449010849,1,40.0,2.2068607807159424,0.8383036255836487,1.0,12.060693740844727,255,1,0,0,0,1
950,47.503187,32,571,1,1,37.388057708740234,37.62828063964844,-2.9879653453826904,-1.249908685684204,1,40.0,2.0278542041778564,0.8353787064552307,1.0,12.060693740844727,255,1,0,0,0,1
951,47.553188,82,571,1,0,37.388057708740234,37.62828063964844,-2.9879653453826904,-1.249908685684204,1,40.0,2.0278542041778564,0.8353787064552307,1.0,12.060693740844727,255,1,0,0,0,1
952,47.603194,46,572,1,1,37.247581481933594,37.41341018676758,-2.777229070663452,-0.9177123308181763,1,40.0,1.9140551090240479,0.8311644196510315,1.0,12.060693740844727,255,1,0,0,0,1
953,47.653187,13,573,1,1,37.121768951416016,37.270206451416016,-2.5704245567321777,-0.6223448514938354,1,40.0,1.8012956380844116,0.8273900151252747,1.0,12.060693740844727,255,1,0,0,0,1
954,47.703186,63,573,1,0,37.121768951416016,37.270206451416016,-2.5704245567321777,-0.6223448514938354,1,40.0,1.8012956380844116,0.8273900151252747,1.0,12.060693740844727,255,1,0,0,0,1
955,47.753187,32,574,1,1,36.967350006103516,37.045223236083984,-2.474578619003296,-0.46963387727737427,1,40.0,1.757685661315918,0.8227575421333313,1.0,12.060693740844727,255,1,0,0,0,1
956,47.803201,82,574,1,0,36.967350006103516,37.045223236083984,-2.474578619003296,-0.46963387727737427,1,40.0,1.757685661315918,0.8227575421333313,1.0,12.060693740844727,255,1,0,0,0,1
957,47.853199,47,575,1,1,36.82568359375,36.92249298095703,-2.329630136489868,-0.2766234278678894,1,40.0,1.6834666728973389,0.8185074925422668,1.0,12.060693740844727,255,1,0,0,0,1
958,47.903187,12,576,1,1,36.73443603515625,36.88154220581055,-2.070017099380493,0.018867790699005127,1,40.0,1.5359110832214355,0.8157700896263123,0.9601879715919495,12.060693740844727,245,1,0,0,0,0
959,47.953186,62,576,1,0,36.73443603515625,36.88154220581055,-2.070017099380493,0.018867790699005127,1,40.0,1.5359110832214355,0.8157700896263123,0.9601879715919495,12.060693740844727,245,1,0,0,0,0
960,48.003187,32,577,1,1,36.8018798828125,37.12712478637695,-1.458480954170227,0.6557421088218689,1,40.0,1.162919521331787,0.8151810169219971,0.46365129947662354,12.060693740844727,118,1,0,0,0,0
961,48.053193,82,577,1,0,36.8018798828125,37.12712478637695,-1.458480954170227,0.6557421088218689,1,40.0,1.162919521331787,0.8151810169219971,0.46365129947662354,12.060693740844727,118,1,0,0,0,0
962,48.103198,46,578,1,1,36.872337341308594,37.137237548828125,-0.8937710523605347,1.1863579750061035,1,40.0,0.8177522420883179,0.8147361874580383,0.004021406173706055,12.060693740844727,0,0,0,0,0,0
963,48.153197,12,579,1,1,36.91730880737305,37.07593536376953,-0.49000582098960876,1.5037379264831543,1,40.0,0.5714457035064697,0.8132703900337219,-0.05373881757259369,12.060693740844727,0,0,0,0,0,0
964,48.203186,62,579,1,0,36.91730880737305,37.07593536376953,-0.49000582098960876,1.5037379264831543,1,40.0,0.5714457035064697,0.8132703900337219,-0.05373881757259369,12.060693740844727,0,0,0,0,0,0
965,48.25322,31,580,1,1,37.01475143432617,37.198665618896484,-0.02198547124862671,1.8651641607284546,1,40.0,0.28186365962028503,0.813727617263794,-0.11819198727607727,12.060693740844727,0,0,0,0,0,0
966,48.303199,81,580,1,0,37.01475143432617,37.198665618896484,-0.02198547124862671,1.8651641607284546,1,40.0,0.28186365962028503,0.813727617263794,-0.11819198727607727,12.060693740844727,0,0,0,0,0,0
967,48.353237,47,581,1,1,37.13337326049805,37.29068374633789,0.43354159593582153,2.1771726608276367,1,40.0,-0.0021285712718963623,0.8147487640380859,-0.18152830004692078,12.060693740844727,0,0,0,0,0,0
968,48.403189,12,582,1,1,37.312034606933594,37.49531555175781,0.970415472984314,2.544372081756592,1,40.0,-0.34033238887786865,0.8176718950271606,-0.25733429193496704,12.060693740844727,0,0,0,0,0,0
969,48.453186,62,582,1,0,37.312034606933594,37.49531555175781,0.970415472984314,2.544372081756592,1,40.0,-0.34033238887786865,0.8176718950271606,-0.25733429193496704,12.060693740844727,0,0,0,0,0,0
970,48.503187,32,583,1,1,37.566410064697266,37.80207443237305,1.6154658794403076,3.005319833755493,1,40.0,-0.7502564787864685,0.8231528401374817,-0.3496464788913727,12.060693740844727,89,2,384,0,0,0
971,48.55319,82,583,1,0,37.566410064697266,37.80207443237305,1.6154658794403076,3.005319833755493,1,40.0,-0.7502564787864685,0.8231528401374817,-0.3496464788913727,12.060693740844727,89,2,384,0,0,0
972,48.603201,46,584,1,1,37.83028030395508,37.986228942871094,2.1730668544769287,3.3175830841064453,1,40.0,-1.108565330505371,0.8291220664978027,-0.430597186088562,12.035567283630371,110,2,384,0,0,0
973,48.653188,12,585,1,1,38.10331726074219,38.211212158203125,2.658601760864258,3.5334560871124268,1,40.0,-1.4244595766067505,0.8353604078292847,-0.5021822452545166,12.035567283630371,128,2,384,0,0,0
974,48.703186,62,585,1,0,38.10331726074219,38.211212158203125,2.658601760864258,3.5334560871124268,1,40.0,-1.4244595766067505,0.8353604078292847,-0.5021822452545166,12.035567283630371,128,2,384,0,0,0
975,48.753193,30,586,1,1,38.35927963256836,38.39537048339844,3.0166850090026855,3.6047847270965576,1,40.0,-1.6623461246490479,0.8415219783782959,-0.5564151406288147,12.035567283630371,142,2,384,0,0,0
976,48.803201,80,586,1,0,38.35927963256836,38.39537048339844,3.0166850090026855,3.6047847270965576,1,40.0,-1.6623461246490479,0.8415219783782959,-0.5564151406288147,12.035567283630371,142,2,384,0,0,0
977,48.853203,47,587,1,1,38.60847854614258,38.589637756347656,3.2802069187164307,3.567542791366577,1,40.0,-1.8428874015808105,0.8476033210754395,-0.5978868007659912,12.035567283630371,152,2,384,0,0,0
978,48.903187,12,588,1,1,38.868404388427734,38.824859619140625,3.5000009536743164,3.4804468154907227,1,40.0,-1.998157024383545,0.8542183637619019,-0.633861243724823,12.035567283630371,162,2,384,0,0,0
979,48.953186,62,588,1,0,38.868404388427734,38.824859619140625,3.5000009536743164,3.4804468154907227,1,40.0,-1.998157024383545,0.8542183637619019,-0.633861243724823,12.035567283630371,162,2,384,0,0,0
980,49.003188,32,589,1,1,39.220401763916016,39.305538177490234,3.9378132820129395,3.6468472480773926,1,40.0,-2.2925243377685547,0.8638730049133301,-0.7014215588569641,12.035567283630371,179,2,384,0,0,0
981,49.053191,82,589,1,0,39.220401763916016,39.305538177490234,3.9378132820129395,3.6468472480773926,1,40.0,-2.2925243377685547,0.8638730049133301,-0.7014215588569641,12.035567283630371,179,2,384,0,0,0
982,49.103207,46,590,1,1,39.593685150146484,39.62266159057617,4.3070149421691895,3.7048590183258057,1,40.0,-2.547640562057495,0.8744478225708008,-0.760464072227478,12.035567283630371,194,2,384,0,0,0
983,49.153187,12,591,1,1,39.943443298339844,39.9090690612793,4.552319526672363,3.6360819339752197,1,40.0,-2.726301908493042,0.884574830532074,-0.8024170398712158,12.035567283630371,205,2,384,0,0,0
984,49.203186,62,591,1,0,39.943443298339844,39.9090690612793,4.552319526672363,3.6360819339752197,1,40.0,-2.726301908493042,0.884574830532074,-0.8024170398712158,12.035567283630371,205,2,384,0,0,0
985,49.253187,32,592,1,1,40.21221923828125,40.0625114440918,4.562933921813965,3.3434767723083496,1,40.0,-2.7568602561950684,0.8925929069519043,-0.8109896183013916,12.035567283630371,207,2,384,0,0,0
986,49.303194,82,592,1,0,40.21221923828125,40.0625114440918,4.562933921813965,3.3434767723083496,1,40.0,-2.7568602561950684,0.8925929069519043,-0.8109896183013916,12.035567283630371,207,2,384,0,0,0
987,49.353196,46,593,1,1,40.477996826171875,40.28749465942383,4.48517370223999,2.962151050567627,1,40.0,-2.734124183654785,0.9007359743118286,-0.8077466487884521,12.035567283630371,206,2,384,0,0,0
988,49.403188,12,594,1,1,40.80697250366211,40.72722244262695,4.581116199493408,2.802603006362915,1,40.0,-2.8212974071502686,0.911035418510437,-0.829407274723053,12.035567283630371,211,2,384,0,0,0
989,49.453186,62,594,1,0,40.80697250366211,40.72722244262695,4.581116199493408,2.802603006362915,1,40.0,-2.8212974071502686,0.911035418510437,-0.829407274723053,12.035567283630371,211,2,384,0,0,0
990,49.503187,30,595,1,1,41.1343879699707,41.05458450317383,4.659816741943359,2.6448721885681152,1,40.0,-2.8979849815368652,0.921503484249115,-0.8487751483917236,12.035567283630371,216,2,384,0,0,0
991,49.553188,80,595,1,0,41.1343879699707,41.05458450317383,4.659816741943359,2.6448721885681152,1,40.0,-2.8979849815368652,0.921503484249115,-0.8487751483917236,12.035567283630371,216,2,384,0,0,0
992,49.603203,47,596,1,1,41.412254333496094,41.24885177612305,4.569884777069092,2.3218040466308594,1,40.0,-2.8690338134765625,0.930803656578064,-0.8444083333015442,12.035567283630371,215,2,384,0,0,0
993,49.653187,12,597,1,1,41.689239501953125,41.5250244140625,4.452512264251709,1.9932934045791626,1,40.0,-2.8235390186309814,0.9403136968612671,-0.836411714553833,12.035567283630371,213,2,384,0,0,0
994,49.703186,62,597,1,0,41.689239501953125,41.5250244140625,4.452512264251709,1.9932934045791626,1,40.0,-2.8235390186309814,0.9403136968612671,-0.836411714553833,12.035567283630371,213,2,384,0,0,0
995,49.753196,31,598,1,1,41.90266799926758,41.68870544433594,4.2110748291015625,1.5726690292358398,1,40.0,-2.697885036468506,0.9480679035186768,-0.8102117776870728,12.035567283630371,207,2,384,0,0,0
996,49.803191,81,598,1,0,41.90266799926758,41.68870544433594,4.2110748291015625,1.5726690292358398,1,40.0,-2.697885036468506,0.9480679035186768,-0.8102117776870728,12.035567283630371,207,2,384,0,0,0
997,49.853199,46,599,1,1,42.109134674072266,41.893211364746094,3.9320015907287598,1.1417980194091797,1,40.0,-2.549023151397705,0.9558791518211365,-0.7788671851158142,12.035567283630371,199,2,384,0,0,0
998,49.903187,12,600,1,1,42.34947204589844,42.22057342529297,3.781205177307129,0.8843115568161011,1,40.0,-2.480175733566284,0.9648820757865906,-0.7655684947967529,12.035567283630371,195,2,384,0,0,0
999,49.953185,62,600,1,0,42.34947204589844,42.22057342529297,3.781205177307129,0.8843115568161011,1,40.0,-2.480175733566284,0.9648820757865906,-0.7655684947967529,12.035567283630371,195,2,384,0,0,0
1000,50.003187,31,601,1,1,42.63371658325195,42.5989990234375,3.7875139713287354,0.816119372844696,1,40.0,-2.509542942047119,0.9752889275550842,-0.774407148361206,12.035567283630371,197,2,384,0,0,0
1001,50.053195,81,601,1,0,42.63371658325195,42.5989990234375,3.7875139713287354,0.816119372844696,1,40.0,-2.509542942047119,0.9752889275550842,-0.774407148361206,12.035567283630371,197,2,384,0,0,0
1002,50.103205,46,602,1,1,42.854530334472656,42.711490631103516,3.583566188812256,0.5308054089546204,1,40.0,-2.4070475101470947,0.9841520190238953,-0.7535998821258545,12.035567283630371,192,2,384,0,0,0
1003,50.153188,13,603,1,1,43.071048736572266,42.956947326660156,3.4105167388916016,0.30418330430984497,1,40.0,-2.322704553604126,0.9930739998817444,-0.7368396520614624,12.035567283630371,188,2,384,0,0,0
1004,50.203186,63,603,1,0,43.071048736572266,42.956947326660156,3.4105167388916016,0.30418330430984497,1,40.0,-2.322704553604126,0.9930739998817444,-0.7368396520614624,12.035567283630371,188,2,384,0,0,0
1005,50.253187,31,604,1,1,43.19504928588867,42.97742462158203,3.024630069732666,-0.12472978234291077,1,40.0,-2.102332592010498,0.9992507696151733,-0.6892406940460205,12.035567283630371,176,2,384,0,0,0
1006,50.303197,81,604,1,0,43.19504928588867,42.97742462158203,3.024630069732666,-0.12472978234291077,1,40.0,-2.102332592010498,0.9992507696151733,-0.6892406940460205,12.035567283630371,176,2,384,0,0,0
1007,50.3532,47,605,1,1,43.371002197265625,43.263832092285156,2.810180187225342,-0.337677001953125,1,40.0,-1.9894983768463135,1.0070853233337402,-0.6659075021743774,12.035567283630371,170,2,384,0,0,0
1008,50.403202,12,606,1,1,43.5536994934082,43.47857666015625,2.6371145248413086,-0.48834872245788574,1,40.0,-1.902101755142212,1.015600323677063,-0.6483781933784485,12.035567283630371,165,2,384,0,0,0
1009,50.453186,62,606,1,0,43.5536994934082,43.47857666015625,2.6371145248413086,-0.48834872245788574,1,40.0,-1.902101755142212,1.015600323677063,-0.6483781933784485,12.035567283630371,165,2,384,0,0,0
1010,50.503215,31,607,1,1,43.72684860229492,43.672847747802734,2.4957435131073,-0.5946353673934937,1,40.0,-1.8328626155853271,1.0236376523971558,-0.6347777843475342,12.035567283630371,162,2,384,0,0,0
1011,50.553193,81,607,1,0,43.72684860229492,43.672847747802734,2.4957435131073,-0.5946353673934937,1,40.0,-1.8328626155853271,1.0236376523971558,-0.6347777843475342,12.035567283630371,162,2,384,0,0,0
1012,50.603197,47,608,1,1,43.858924865722656,43.7547492980957,2.2476987838745117,-0.8014494180679321,1,40.0,-1.695922613143921,1.030767798423767,-0.6059311628341675,12.035567283630371,155,2,384,0,0,0
1013,50.653197,13,609,1,1,43.991600036621094,43.918304443359375,2.0404105186462402,-0.9475603103637695,1,40.0,-1.5834903717041016,1.0380281209945679,-0.5825597047805786,12.035567283630371,149,2,384,0,0,0
1014,50.703186,63,609,1,0,43.991600036621094,43.918304443359375,2.0404105186462402,-0.9475603103637695,1,40.0,-1.5834903717041016,1.0380281209945679,-0.5825597047805786,12.035567283630371,149,2,384,0,0,0
1015,50.753186,32,610,1,1,44.0297966003418,43.85700225830078,1.6387450695037842,-1.286824345588684,1,40.0,-1.3459287881851196,1.0423672199249268,-0.5307324528694153,12.035567283630371,135,2,384,0,0,0
1016,50.803187,82,610,1,0,44.0297966003418,43.85700225830078,1.6387450695037842,-1.286824345588684,1,40.0,-1.3459287881851196,1.0423672199249268,-0.5307324528694153,12.035567283630371,135,2,384,0,0,0
1017,50.853198,46,611,1,1,44.09596252441406,44.00020980834961,1.3440361022949219,-1.4789506196975708,1,40.0,-1.175058364868164,1.0475761890411377,-0.493918776512146,12.035567283630371,126,2,384,0,0,0
1018,50.903188,12,612,1,1,44.16091537475586,44.10246276855469,1.1076308488845825,-1.5960220098495483,1,40.0,-1.0390609502792358,1.0532110929489136,-0.4649493396282196,12.035567283630371,119,2,384,0,0,0
1019,50.953186,62,612,1,0,44.16091537475586,44.10246276855469,1.1076308488845825,-1.5960220098495483,1,40.0,-1.0390609502792358,1.0532110929489136,-0.4649493396282196,12.035567283630371,119,2,384,0,0,0
1020,51.003187,32,613,1,1,44.30466079711914,44.38887023925781,1.1376477479934692,-1.4313684701919556,1,40.0,-1.0700081586837769,1.0608521699905396,-0.4735245108604431,12.035567283630371,121,2,384,0,0,0
1021,51.053185,82,613,1,0,44.30466079711914,44.38887023925781,1.1376477479934692,-1.4313684701919556,1,40.0,-1.0700081586837769,1.0608521699905396,-0.4735245108604431,12.035567283630371,121,2,384,0,0,0
1022,51.103211,46,614,1,1,44.42387008666992,44.460411071777344,1.0846178531646729,-1.358218789100647,1,40.0,-1.0489190816879272,1.067872166633606,-0.47039806842803955,12.035567283630371,120,2,384,0,0,0
1023,51.153187,12,615,1,1,44.493499755859375,44.47064971923828,0.9267279505729675,-1.4039338827133179,1,40.0,-0.9604517221450806,1.0739425420761108,-0.4520875811576843,12.035567283630371,115,2,384,0,0,0
1024,51.203186,62,615,1,0,44.493499755859375,44.47064971923828,0.9267279505729675,-1.4039338827133179,1,40.0,-0.9604517221450806,1.0739425420761108,-0.4520875811576843,12.035567283630371,115,2,384,0,0,0
1025,51.253187,32,616,1,1,44.4904899597168,44.38887023925781,0.6242067813873291,-1.602535605430603,1,40.0,-0.7786681652069092,1.0774470567703247,-0.4124700427055359,12.035567283630371,105,2,384,0,0,0
1026,51.303195,82,616,1,0,44.4904899597168,44.38887023925781,0.6242067813873291,-1.602535605430603,1,40.0,-0.7786681652069092,1.0774470567703247,-0.4124700427055359,12.035567283630371,105,2,384,0,0,0
1027,51.353206,47,617,1,1,44.449310302734375,44.32744216918945,0.2556668519973755,-1.845109462738037,1,40.0,-0.5538380742073059,1.0798040628433228,-0.3630315661430359,12.035567283630371,93,2,384,0,0,0
1028,51.403189,12,618,1,1,44.47135543823242,44.48088836669922,0.11716589331626892,-1.8259743452072144,1,40.0,-0.47272154688835144,1.0844697952270508,-0.3460425138473511,12.035567283630371,88,2,384,0,0,0
1029,51.453186,62,618,1,0,44.47135543823242,44.48088836669922,0.11716589331626892,-1.8259743452072144,1,40.0,-0.47272154688835144,1.0844697952270508,-0.3460425138473511,12.035567283630371,88,2,384,0,0,0
1030,51.50319,32,619,1,1,44.52859878540039,44.603614807128906,0.11175905168056488,-1.6791075468063354,1,40.0,-0.47462934255599976,1.08976411819458,-0.34764301776885986,12.035567283630371,89,2,384,0,0,0
1031,51.553258,82,619,1,0,44.52859878540039,44.603614807128906,0.11175905168056488,-1.6791075468063354,1,40.0,-0.47462934255599976,1.08976411819458,-0.34764301776885986,12.035567283630371,89,2,384,0,0,0
1032,51.603203,46,620,1,1,44.514747619628906,44.49112319946289,-0.07798230648040771,-1.7264349460601807,1,40.0,-0.35953792929649353,1.0929714441299438,-0.3227798342704773,12.035567283630371,82,2,384,0,0,0
1033,51.653187,13,621,1,1,44.46745300292969,44.41946029663086,-0.31277740001678467,-1.821940541267395,1,40.0,-0.21440434455871582,1.0956158638000488,-0.2911156117916107,12.035567283630371,80,2,384,0,0,0
1034,51.703186,63,621,1,0,44.46745300292969,44.41946029663086,-0.31277740001678467,-1.821940541267395,1,40.0,-0.21440434455871582,1.0956158638000488,-0.2911156117916107,12.035567283630371,80,2,384,0,0,0
1035,51.753187,32,622,1,1,44.3993034362793,44.34791946411133,-0.5568703413009644,-1.922713041305542,1,40.0,-0.061815112829208374,1.097145438194275,-0.2575467824935913,12.035567283630371,80,2,384,0,0,0
1036,51.803199,82,622,1,0,44.3993034362793,44.34791946411133,-0.5568703413009644,-1.922713041305542,1,40.0,-0.061815112829208374,1.097145438194275,-0.2575467824935913,12.035567283630371,80,2,384,0,0,0
1037,51.85321,47,623,1,1,44.3246955871582,44.296730041503906,-0.7737085819244385,-1.9784718751907349,1,40.0,0.07500255107879639,1.0984265804290771,-0.22742755711078644,12.035567283630371,80,2,384,0,0,0
1038,51.903191,12,624,1,1,44.27078628540039,44.296730041503906,-0.891945481300354,-1.9263584613800049,1,40.0,0.1507965624332428,1.1007016897201538,-0.21109002828598022,12.035567283630371,80,2,384,0,0,0
1039,51.953186,62,624,1,0,44.27078628540039,44.296730041503906,-0.891945481300354,-1.9263584613800049,1,40.0,0.1507965624332428,1.1007016897201538,-0.21109002828598022,12.035567283630371,80,2,384,0,0,0
1040,52.003186,31,625,1,1,44.244544982910156,44.31720733642578,-0.9109022617340088,-1.7832647562026978,1,40.0,0.16453233361244202,1.1033309698104858,-0.20862191915512085,12.035567283630371,80,2,384,0,0,0
1041,52.053195,81,625,1,0,44.244544982910156,44.31720733642578,-0.9109022617340088,-1.7832647562026978,1,40.0,0.16453233361244202,1.1033309698104858,-0.20862191915512085,12.035567283630371,80,2,384,0,0,0
1042,52.103198,46,626,1,1,44.166290283203125,44.17399978637695,-1.0477360486984253,-1.7678745985031128,1,40.0,0.25367552042007446,1.1043789386749268,-0.18904520571231842,12.035567283630371,80,2,384,0,0,0
1043,52.153187,12,627,1,1,44.03742980957031,43.98997116088867,-1.28706693649292,-1.8626728057861328,1,40.0,0.40887153148651123,1.1042627096176147,-0.15453137457370758,12.035567283630371,80,2,384,0,0,0
1044,52.203186,62,627,1,0,44.03742980957031,43.98997116088867,-1.28706693649292,-1.8626728057861328,1,40.0,0.40887153148651123,1.1042627096176147,-0.15453137457370758,12.035567283630371,80,2,384,0,0,0
1045,52.253187,31,628,1,1,43.90633773803711,43.877479553222656,-1.4922279119491577,-1.919345736503601,1,40.0,0.5437663793563843,1.103559970855713,-0.12439857423305511,12.035567283630371,80,2,384,0,0,0
1046,52.303186,81,628,1,0,43.90633773803711,43.877479553222656,-1.4922279119491577,-1.919345736503601,1,40.0,0.5437663793563843,1.103559970855713,-0.12439857423305511,12.035567283630371,80,2,384,0,0,0
1047,52.353198,47,629,1,1,43.76604461669922,43.7547492980957,-1.6749064922332764,-1.9417445659637451,1,40.0,0.6659999489784241,1.1026716232299805,-0.0970381572842598,12.035567283630371,80,2,384,0,0,0
1048,52.403189,12,630,1,1,43.57992172241211,43.52964401245117,-1.9364649057388306,-2.0424768924713135,1,40.0,0.8396859765052795,1.1002891063690186,-0.05791180580854416,12.035567283630371,80,2,384,0,0,0
1049,52.453209,62,630,1,0,43.57992172241211,43.52964401245117,-1.9364649057388306,-2.0424768924713135,1,40.0,0.8396859765052795,1.1002891063690186,-0.05791180580854416,12.035567283630371,80,2,384,0,0,0
1050,52.503186,32,631,1,1,43.47764205932617,43.56035614013672,-1.9448908567428589,-1.880678653717041,1,40.0,0.8539468050003052,1.1000845432281494,-0.054697275161743164,12.035567283630371,80,2,384,0,0,0
1051,52.553236,82,631,1,0,43.47764205932617,43.56035614013672,-1.9448908567428589,-1.880678653717041,1,40.0,0.8539468050003052,1.1000845432281494,-0.054697275161743164,12.035567283630371,80,2,384,0,0,0
1052,52.6032,46,632,1,1,43.34709167480469,43.40691375732422,-1.9918667078018188,-1.7608840465545654,1,40.0,0.8938817977905273,1.0989501476287842,-0.045570746064186096,12.035567283630371,0,0,0,0,0,0
1053,52.653225,13,633,1,1,43.16109085083008,43.1409797668457,-2.176360845565796,-1.8009008169174194,1,40.0,1.0213183164596558,1.0963826179504395,-0.01668095588684082,12.035567283630371,80,2,384,0,0,0
1054,52.703211,63,633,1,0,43.16109085083008,43.1409797668457,-2.176360845565796,-1.8009008169174194,1,40.0,1.0213183164596558,1.0963826179504395,-0.01668095588684082,12.035567283630371,0,0,0,0,0,0
1055,52.753187,32,634,1,1,42.935585021972656,42.87517166137695,-2.4357197284698486,-1.9193848371505737,1,40.0,1.1972291469573975,1.0921462774276733,0.14011049270629883,12.035567283630371,0,0,0,0,0,0
1056,52.80319,82,634,1,0,42.935585021972656,42.87517166137695,-2.4357197284698486,-1.9193848371505737,1,40.0,1.1972291469573975,1.0921462774276733,0.14011049270629883,12.035567283630371,0,0,0,0,0,0
1057,52.853202,47,635,1,1,42.70442199707031,42.6807746887207,-2.6440353393554688,-1.966538906097412,1,40.0,1.3430233001708984,1.0875598192214966,0.34061798453330994,12.035567283630371,87,1,0,0,0,0
1058,52.903187,12,636,1,1,42.43950653076172,42.39436721801758,-2.898077964782715,-2.057216167449951,1,40.0,1.5192912817001343,1.082046389579773,0.58299320936203,12.035567283630371,149,1,0,0,0,0
1059,52.953186,62,636,1,0,42.43950653076172,42.39436721801758,-2.898077964782715,-2.057216167449951,1,40.0,1.5192912817001343,1.082046389579773,0.58299320936203,12.035567283630371,149,1,0,0,0,0
1060,53.003187,31,637,1,1,42.250267028808594,42.32282638549805,-2.927821636199951,-1.914320945739746,1,40.0,1.554168939590454,1.0783207416534424,0.6344642639160156,12.035567283630371,162,1,0,0,0,0
1061,53.053186,81,637,1,0,42.250267028808594,42.32282638549805,-2.927821636199951,-1.914320945739746,1,40.0,1.554168939590454,1.0783207416534424,0.6344642639160156,12.035567283630371,162,1,0,0,0,0
1062,53.103206,43,638,1,1,42.063541412353516,42.16938400268555,-2.890357494354248,-1.6994560956954956,1,40.0,1.5484957695007324,1.074631690979004,0.6318187713623047,12.035567283630371,161,1,0,0,0,0
1063,53.153186,12,639,1,1,41.87017059326172,41.93416213989258,-2.9067723751068115,-1.5729336738586426,1,40.0,1.575748085975647,1.0705846548080444,0.6735512614250183,12.035567283630371,172,1,0,0,0,0
1064,53.203186,62,639,1,0,41.87017059326172,41.93416213989258,-2.9067723751068115,-1.5729336738586426,1,40.0,1.575748085975647,1.0705846548080444,0.6735512614250183,12.035567283630371,172,1,0,0,0,0
1065,53.253187,31,640,1,1,41.590248107910156,41.53526306152344,-3.1370503902435303,-1.6803429126739502,1,40.0,1.7391079664230347,1.063683032989502,0.900566577911377,12.035567283630371,230,1,0,0,0,0
1066,53.303186,81,640,1,0,41.590248107910156,41.53526306152344,-3.1370503902435303,-1.6803429126739502,1,40.0,1.7391079664230347,1.063683032989502,0.900566577911377,12.035567283630371,230,1,0,0,0,0
1067,53.353204,43,641,1,1,41.24366760253906,41.156837463378906,-3.453219413757324,-1.8559861183166504,1,40.0,1.9600017070770264,1.0546373128890991,1.0,12.035567283630371,255,1,0,0,0,1
1068,53.403193,11,642,1,1,41.04810333251953,41.177310943603516,-3.359523057937622,-1.5994019508361816,1,40.0,1.921384572982788,1.0487704277038574,1.0,12.035567283630371,255,1,0,0,0,1
1069,53.453186,61,642,1,0,41.04810333251953,41.177310943603516,-3.359523057937622,-1.5994019508361816,1,40.0,1.921384572982788,1.0487704277038574,1.0,12.035567283630371,255,1,0,0,0,1
1070,53.503187,28,643,1,1,40.86868667602539,41.013633728027344,-3.217341184616089,-1.3124786615371704,1,40.0,1.8522229194641113,1.0433878898620605,1.0,12.035567283630371,255,1,0,0,0,1
1071,53.553186,78,643,1,0,40.86868667602539,41.013633728027344,-3.217341184616089,-1.3124786615371704,1,40.0,1.8522229194641113,1.0433878898620605,1.0,12.035567283630371,255,1,0,0,0,1
1072,53.603199,43,644,1,1,40.69140625,40.8296012878418,-3.0640878677368164,-1.0361655950546265,1,40.0,1.776226282119751,1.038069486618042,0.9842090606689453,12.035567283630371,251,1,0,0,0,0
1073,53.653187,12,645,1,1,40.48732376098633,40.553428649902344,-3.023648262023926,-0.9063698053359985,1,40.0,1.7703299522399902,1.0325347185134888,0.983726978302002,12.035567283630371,251,1,0,0,0,0
1074,53.703186,62,645,1,0,40.48732376098633,40.553428649902344,-3.023648262023926,-0.9063698053359985,1,40.0,1.7703299522399902,1.0325347185134888,0.983726978302002,12.035567283630371,251,1,0,0,0,0
1075,53.753192,30,646,1,1,40.261959075927734,40.297733306884766,-3.0308237075805664,-0.8362733125686646,1,40.0,1.7949180603027344,1.0261636972427368,1.0,12.035567283630371,255,1,0,0,0,1
1076,53.803186,80,646,1,0,40.261959075927734,40.297733306884766,-3.0308237075805664,-0.8362733125686646,1,40.0,1.7949180603027344,1.0261636972427368,1.0,12.035567283630371,255,1,0,0,0,1
1077,53.8532,42,647,1,1,40.0479850769043,40.12381362915039,-2.9571361541748047,-0.6826218962669373,1,40.0,1.769963026046753,1.0197445154190063,1.0,12.035567283630371,255,1,0,0,0,1
1078,53.903197,10,648,1,1,39.912357330322266,40.0625114440918,-2.7270328998565674,-0.38420891761779785,1,40.0,1.644107699394226,1.015675663948059,0.8379094004631042,12.035567283630371,214,1,0,0,0,0
1079,53.953186,60,648,1,0,39.912357330322266,40.0625114440918,-2.7270328998565674,-0.38420891761779785,1,40.0,1.644107699394226,1.015675663948059,0.8379094004631042,12.035567283630371,214,1,0,0,0,0
1080,54.003187,27,649,1,1,39.83049392700195,40.03179931640625,-2.3768937587738037,0.01436266303062439,1,40.0,1.4413918256759644,1.0131452083587646,0.5709955096244812,12.035567283630371,146,1,0,0,0,0
1081,54.053186,77,649,1,0,39.83049392700195,40.03179931640625,-2.3768937587738037,0.01436266303062439,1,40.0,1.4413918256759644,1.0131452083587646,0.5709955096244812,12.035567283630371,146,1,0,0,0,0
1082,54.1032,42,650,1,1,39.76850891113281,39.96013259887695,-2.0084214210510254,0.39748674631118774,1,40.0,1.2258870601654053,1.0111500024795532,0.28631606698036194,12.035567283630371,80,1,0,0,0,0
1083,54.153186,10,651,1,1,39.70686721801758,39.8476448059082,-1.7094563245773315,0.6754190921783447,1,40.0,1.052055835723877,1.0091041326522827,0.057268932461738586,12.035567283630371,80,1,0,0,0,0
1084,54.203186,60,651,1,0,39.70686721801758,39.8476448059082,-1.7094563245773315,0.6754190921783447,1,40.0,1.052055835723877,1.0091041326522827,0.057268932461738586,12.035567283630371,80,1,0,0,0,0
1085,54.253187,26,652,1,1,39.628326416015625,39.71467590332031,-1.488404393196106,0.8468782305717468,1,40.0,0.9264932870864868,1.0064985752105713,0.0,12.035567283630371,0,0,0,0,0,0
1086,54.303186,76,652,1,0,39.628326416015625,39.71467590332031,-1.488404393196106,0.8468782305717468,1,40.0,0.9264932870864868,1.0064985752105713,0.0,12.035567283630371,0,0,0,0,0,0
1087,54.353197,42,653,1,1,39.58543014526367,39.69419860839844,-1.2096927165985107,1.0634562969207764,1,40.0,0.7631269693374634,1.004914402961731,-0.05373053997755051,12.031379699707031,80,2,384,0,0,0
1088,54.403189,10,654,1,1,39.571205139160156,39.684085845947266,-0.9092575311660767,1.2859714031219482,1,40.0,0.5841460824012756,1.004135251045227,-0.09333092719316483,12.031379699707031,80,2,384,0,0,0
1089,54.453188,60,654,1,0,39.571205139160156,39.684085845947266,-0.9092575311660767,1.2859714031219482,1,40.0,0.5841460824012756,1.004135251045227,-0.09333092719316483,12.031379699707031,80,2,384,0,0,0
1090,54.503187,26,655,1,1,39.68018341064453,39.92954635620117,-0.32687196135520935,1.7809877395629883,1,40.0,0.22490668296813965,1.00704026222229,-0.17380744218826294,12.031379699707031,80,2,384,0,0,0
1091,54.553186,76,655,1,0,39.68018341064453,39.92954635620117,-0.32687196135520935,1.7809877395629883,1,40.0,0.22490668296813965,1.00704026222229,-0.17380744218826294,12.031379699707031,80,2,384,0,0,0
1092,54.603213,43,656,1,1,39.76839828491211,39.919307708740234,0.10738101601600647,2.0798890590667725,1,40.0,-0.04358445852994919,1.0094308853149414,-0.23400340974330902,12.031379699707031,80,2,384,0,0,0
1093,54.653187,11,657,1,1,39.892051696777344,40.04203796386719,0.5607028603553772,2.37502384185791,1,40.0,-0.3267063796520233,1.0129435062408447,-0.2976999878883362,12.031379699707031,80,2,384,0,0,0
1094,54.703209,61,657,1,0,39.892051696777344,40.04203796386719,0.5607028603553772,2.37502384185791,1,40.0,-0.3267063796520233,1.0129435062408447,-0.2976999878883362,12.031379699707031,80,2,384,0,0,0
1095,54.753187,31,658,1,1,39.934051513671875,39.919307708740234,0.7233025431632996,2.346409797668457,1,40.0,-0.42804616689682007,1.0141172409057617,-0.3204807639122009,12.031379699707031,82,2,384,0,0,0
1096,54.803196,81,658,1,0,39.934051513671875,39.919307708740234,0.7233025431632996,2.346409797668457,1,40.0,-0.42804616689682007,1.0141172409057617,-0.3204807639122009,12.031379699707031,82,2,384,0,0,0
1097,54.853198,42,659,1,1,40.07443618774414,40.164764404296875,1.1079826354980469,2.5299158096313477,1,40.0,-0.671488881111145,1.0182726383209229,-0.3755025565624237,12.031379699707031,96,2,384,0,0,0
1098,54.903193,10,660,1,1,40.27768325805664,40.42046356201172,1.5880484580993652,2.814347743988037,1,40.0,-0.977820634841919,1.0244332551956177,-0.4449453353881836,12.031379699707031,113,2,384,0,0,0
1099,54.953186,60,660,1,0,40.27768325805664,40.42046356201172,1.5880484580993652,2.814347743988037,1,40.0,-0.977820634841919,1.0244332551956177,-0.4449453353881836,12.031379699707031,113,2,384,0,0,0
1100,55.003187,27,661,1,1,40.54864501953125,40.72722244262695,2.161128282546997,3.1686317920684814,1,40.0,-1.346055030822754,1.032798171043396,-0.5286340713500977,12.031379699707031,135,2,384,0,0,0
1101,55.053188,77,661,1,0,40.54864501953125,40.72722244262695,2.161128282546997,3.1686317920684814,1,40.0,-1.346055030822754,1.032798171043396,-0.5286340713500977,12.031379699707031,135,2,384,0,0,0
1102,55.103194,42,662,1,1,40.780033111572266,40.8296012878418,2.525589942932129,3.267904758453369,1,40.0,-1.585556983947754,1.0401787757873535,-0.5834968090057373,12.031379699707031,149,2,384,0,0,0
1103,55.153203,11,663,1,1,41.032962799072266,41.085296630859375,2.8888461589813232,3.3707926273345947,1,40.0,-1.8262743949890137,1.0484297275543213,-0.6388231515884399,12.031379699707031,163,2,384,0,0,0
1104,55.203186,61,663,1,0,41.032962799072266,41.085296630859375,2.8888461589813232,3.3707926273345947,1,40.0,-1.8262743949890137,1.0484297275543213,-0.6388231515884399,12.031379699707031,163,2,384,0,0,0
1105,55.253187,25,664,1,1,41.20140838623047,41.07505798339844,2.9359116554260254,3.117325782775879,1,40.0,-1.8696738481521606,1.0543609857559204,-0.6497855186462402,12.031379699707031,166,2,384,0,0,0
1106,55.303186,75,664,1,0,41.20140838623047,41.07505798339844,2.9359116554260254,3.117325782775879,1,40.0,-1.8696738481521606,1.0543609857559204,-0.6497855186462402,12.031379699707031,166,2,384,0,0,0
1107,55.353205,43,665,1,1,41.38858413696289,41.30004119873047,3.023674249649048,2.9420969486236572,1,40.0,-1.93917715549469,1.0609976053237915,-0.6667054891586304,12.006253242492676,170,2,384,0,0,0
1108,55.403189,11,666,1,1,41.58280563354492,41.49431228637695,3.0982251167297363,2.768031120300293,1,40.0,-2.001387596130371,1.0679349899291992,-0.6820716857910156,12.006253242492676,174,2,384,0,0,0
1109,55.453186,61,666,1,0,41.58280563354492,41.49431228637695,3.0982251167297363,2.768031120300293,1,40.0,-2.001387596130371,1.0679349899291992,-0.6820716857910156,12.006253242492676,174,2,384,0,0,0
1110,55.503186,30,667,1,1,41.75739288330078,41.637516021728516,3.09843111038208,2.5340511798858643,1,40.0,-2.017224073410034,1.0744388103485107,-0.6870362162590027,12.006253242492676,175,2,384,0,0,0
1111,55.553186,80,667,1,0,41.75739288330078,41.637516021728516,3.09843111038208,2.5340511798858643,1,40.0,-2.017224073410034,1.0744388103485107,-0.6870362162590027,12.006253242492676,175,2,384,0,0,0
1112,55.603201,43,668,1,1,41.95433807373047,41.84214782714844,3.102475643157959,2.3081085681915283,1,40.0,-2.0373759269714355,1.081840991973877,-0.6931593418121338,12.006253242492676,177,2,384,0,0,0
1113,55.653187,12,669,1,1,42.12200927734375,41.99546432495117,3.0501701831817627,2.0583255290985107,1,40.0,-2.021083116531372,1.0885323286056519,-0.6910256147384644,12.006253242492676,176,2,384,0,0,0
1114,55.703186,62,669,1,0,42.12200927734375,41.99546432495117,3.0501701831817627,2.0583255290985107,1,40.0,-2.021083116531372,1.0885323286056519,-0.6910256147384644,12.006253242492676,176,2,384,0,0,0
1115,55.753194,31,670,1,1,42.15351104736328,41.84214782714844,2.633856773376465,1.4494242668151855,1,40.0,-1.77413010597229,1.0911750793457031,-0.6367344856262207,12.006253242492676,162,2,384,0,0,0
1116,55.803186,81,670,1,0,42.15351104736328,41.84214782714844,2.633856773376465,1.4494242668151855,1,40.0,-1.77413010597229,1.0911750793457031,-0.6367344856262207,12.006253242492676,162,2,384,0,0,0
1117,55.853202,43,671,1,1,42.262184143066406,42.08760452270508,2.422358512878418,1.0955209732055664,1,40.0,-1.6570117473602295,1.0962656736373901,-0.6118394136428833,12.006253242492676,156,2,384,0,0,0
1118,55.903201,10,672,1,1,42.33271789550781,42.14890670776367,2.160759210586548,0.7276254892349243,1,40.0,-1.506400227546692,1.1003046035766602,-0.5792677402496338,12.006253242492676,148,2,384,0,0,0
1119,55.953186,60,672,1,0,42.33271789550781,42.14890670776367,2.160759210586548,0.7276254892349243,1,40.0,-1.506400227546692,1.1003046035766602,-0.5792677402496338,12.006253242492676,148,2,384,0,0,0
1120,56.003187,27,673,1,1,42.463985443115234,42.39436721801758,2.088545799255371,0.5892143845558167,1,40.0,-1.4748862981796265,1.1062253713607788,-0.5735803842544556,12.006253242492676,146,2,384,0,0,0
1121,56.053186,77,673,1,0,42.463985443115234,42.39436721801758,2.088545799255371,0.5892143845558167,1,40.0,-1.4748862981796265,1.1062253713607788,-0.5735803842544556,12.006253242492676,146,2,384,0,0,0
1122,56.103197,42,674,1,1,42.451881408691406,42.18986129760742,1.6355085372924805,0.06408125162124634,1,40.0,-1.2019745111465454,1.1078335046768188,-0.5132906436920166,12.006253242492676,131,2,384,0,0,0
1123,56.1532,10,675,1,1,42.46278381347656,42.2921142578125,1.3175157308578491,-0.2733815312385559,1,40.0,-1.012160062789917,1.110244631767273,-0.4716454744338989,12.006253242492676,120,2,384,0,0,0
1124,56.203186,60,675,1,0,42.46278381347656,42.2921142578125,1.3175157308578491,-0.2733815312385559,1,40.0,-1.012160062789917,1.110244631767273,-0.4716454744338989,12.006253242492676,120,2,384,0,0,0
1125,56.253187,26,676,1,1,42.37712860107422,42.10808181762695,0.7822819352149963,-0.808211088180542,1,40.0,-0.6833107471466064,1.1097683906555176,-0.3984620273113251,12.006253242492676,102,2,384,0,0,0
1126,56.303186,76,676,1,0,42.37712860107422,42.10808181762695,0.7822819352149963,-0.808211088180542,1,40.0,-0.6833107471466064,1.1097683906555176,-0.3984620273113251,12.006253242492676,102,2,384,0,0,0
1127,56.353204,43,677,1,1,42.270084381103516,42.036415100097656,0.27162930369377136,-1.2713158130645752,1,40.0,-0.36728519201278687,1.1084586381912231,-0.32794302701950073,12.006253242492676,84,2,384,0,0,0
1128,56.403187,11,678,1,1,42.17423629760742,42.01594161987305,-0.1310250163078308,-1.5828994512557983,1,40.0,-0.11706626415252686,1.1075128316879272,-0.272128701210022,12.006253242492676,80,2,384,0,0,0
1129,56.453187,61,678,1,0,42.17423629760742,42.01594161987305,-0.1310250163078308,-1.5828994512557983,1,40.0,-0.11706626415252686,1.1075128316879272,-0.272128701210022,12.006253242492676,80,2,384,0,0,0
1130,56.503186,31,679,1,1,42.17162322998047,42.18986129760742,-0.223763108253479,-1.5474954843521118,1,40.0,-0.0611882358789444,1.1091738939285278,-0.2600804567337036,12.006253242492676,80,2,384,0,0,0
1131,56.553252,81,679,1,0,42.17162322998047,42.18986129760742,-0.223763108253479,-1.5474954843521118,1,40.0,-0.0611882358789444,1.1091738939285278,-0.2600804567337036,12.006253242492676,80,2,384,0,0,0
1132,56.603194,42,680,1,1,42.10790252685547,42.05689239501953,-0.46078574657440186,-1.6511338949203491,1,40.0,0.08676023781299591,1.1091080904006958,-0.22718840837478638,12.006253242492676,80,2,384,0,0,0
1133,56.653189,11,681,1,1,42.0359001159668,41.99546432495117,-0.6712852716445923,-1.7312361001968384,1,40.0,0.21954016387462616,1.1087397336959839,-0.19759990274906158,12.006253242492676,80,2,384,0,0,0
1134,56.703196,61,681,1,0,42.0359001159668,41.99546432495117,-0.6712852716445923,-1.7312361001968384,1,40.0,0.21954016387462616,1.1087397336959839,-0.19759990274906158,12.006253242492676,80,2,384,0,0,0
1135,56.753233,27,682,1,1,41.87937927246094,41.75000762939453,-1.0634772777557373,-1.9887654781341553,1,40.0,0.46894222497940063,1.1057746410369873,-0.14151830971240997,12.006253242492676,80,2,384,0,0,0
1136,56.803186,77,682,1,0,41.87937927246094,41.75000762939453,-1.0634772777557373,-1.9887654781341553,1,40.0,0.46894222497940063,1.1057746410369873,-0.14151830971240997,12.006253242492676,80,2,384,0,0,0
1137,56.853242,43,683,1,1,41.73896408081055,41.678466796875,-1.3461753129959106,-2.1094472408294678,1,40.0,0.6511984467506409,1.1030657291412354,-0.1004149541258812,12.006253242492676,80,2,384,0,0,0
1138,56.903187,11,684,1,1,41.615333557128906,41.60680389404297,-1.5352783203125,-2.1262824535369873,1,40.0,0.7757869958877563,1.1008349657058716,-0.07223287969827652,12.006253242492676,80,2,384,0,0,0
1139,56.953225,61,684,1,0,41.615333557128906,41.60680389404297,-1.5352783203125,-2.1262824535369873,1,40.0,0.7757869958877563,1.1008349657058716,-0.07223287969827652,12.006253242492676,80,2,384,0,0,0
1140,57.003187,31,685,1,1,41.54025650024414,41.61703872680664,-1.5625286102294922,-1.9770824909210205,1,40.0,0.7988941669464111,1.0998748540878296,-0.0668845996260643,12.006253242492676,80,2,384,0,0,0
1141,57.053188,81,685,1,0,41.54025650024414,41.61703872680664,-1.5625286102294922,-1.9770824909210205,1,40.0,0.7988941669464111,1.0998748540878296,-0.0668845996260643,12.006253242492676,80,2,384,0,0,0
1142,57.1032,42,686,1,1,41.38410568237305,41.37158203125,-1.7628681659698486,-2.0025298595428467,1,40.0,0.933151364326477,1.0964995622634888,-0.03629960119724274,12.006253242492676,80,2,384,0,0,0
1143,57.153187,8,687,1,1,41.25474166870117,41.28980255126953,-1.8633912801742554,-1.9319065809249878,1,40.0,1.005108118057251,1.0937950611114502,-0.019708208739757538,12.006253242492676,80,2,384,0,0,0
1144,57.203186,58,687,1,0,41.25474166870117,41.28980255126953,-1.8633912801742554,-1.9319065809249878,1,40.0,1.005108118057251,1.0937950611114502,-0.019708208739757538,12.006253242492676,80,2,384,0,0,0
1145,57.253187,27,688,1,1,41.079498291015625,41.05458450317383,-2.066905975341797,-1.9809916019439697,1,40.0,1.1429888010025024,1.089604377746582,0.07117923349142075,12.006253242492676,80,1,0,0,0,0
1146,57.303186,77,688,1,0,41.079498291015625,41.05458450317383,-2.066905975341797,-1.9809916019439697,1,40.0,1.1429888010025024,1.089604377746582,0.07117923349142075,12.006253242492676,0,0,0,0,0,0
1147,57.353196,43,689,1,1,40.90414047241211,40.911376953125,-2.2195515632629395,-1.9666298627853394,1,40.0,1.2503583431243896,1.085207223892212,0.2202014923095703,12.018816947937012,0,0,0,0,0,0
1148,57.403189,11,690,1,1,40.763267517089844,40.8296012878418,-2.2557053565979004,-1.8360005617141724,1,40.0,1.2847291231155396,1.0817495584487915,0.27063941955566406,12.018816947937012,80,1,0,0,0,0
1149,57.453186,61,690,1,0,40.763267517089844,40.8296012878418,-2.2557053565979004,-1.8360005617141724,1,40.0,1.2847291231155396,1.0817495584487915,0.27063941955566406,12.018816947937012,80,1,0,0,0,0
1150,57.503187,31,691,1,1,40.63930892944336,40.72722244262695,-2.2391881942749023,-1.6653175354003906,1,40.0,1.2859752178192139,1.078641414642334,0.27644506096839905,12.018816947937012,80,1,0,0,0,0
1151,57.553186,81,691,1,0,40.63930892944336,40.72722244262695,-2.2391881942749023,-1.6653175354003906,1,40.0,1.2859752178192139,1.078641414642334,0.27644506096839905,12.018816947937012,80,1,0,0,0,0
1152,57.603203,43,692,1,1,40.476959228515625,40.532955169677734,-2.2773571014404297,-1.5521724224090576,1,40.0,1.3234879970550537,1.0743143558502197,0.3322315216064453,12.018816947937012,85,1,0,0,0,0
1153,57.653187,12,693,1,1,40.321720123291016,40.3692741394043,-2.313032388687134,-1.4581716060638428,1,40.0,1.358864665031433,1.0700626373291016,0.385069340467453,12.018816947937012,98,1,0,0,0,0
1154,57.703186,62,693,1,0,40.321720123291016,40.3692741394043,-2.313032388687134,-1.4581716060638428,1,40.0,1.358864665031433,1.0700626373291016,0.385069340467453,12.018816947937012,98,1,0,0,0,0
1155,57.75319,31,694,1,1,40.1229133605957,40.11357879638672,-2.448632001876831,-1.476433277130127,1,40.0,1.458117127418518,1.064355731010437,0.5250151753425598,12.018816947937012,134,1,0,0,0,0
1156,57.803186,81,694,1,0,40.1229133605957,40.11357879638672,-2.448632001876831,-1.476433277130127,1,40.0,1.458117127418518,1.064355731010437,0.5250151753425598,12.018816947937012,134,1,0,0,0,0
1157,57.853195,42,695,1,1,39.833675384521484,39.74538803100586,-2.7524845600128174,-1.6563998460769653,1,40.0,1.6664600372314453,1.0557830333709717,0.8142359852790833,12.018816947937012,208,1,0,0,0,0
1158,57.903192,10,696,1,1,39.54193878173828,39.458980560302734,-3.0468525886535645,-1.8218369483947754,1,40.0,1.8693372011184692,1.0468895435333252,1.0,12.018816947937012,255,1,0,0,0,1
1159,57.953186,60,696,1,0,39.54193878173828,39.458980560302734,-3.0468525886535645,-1.8218369483947754,1,40.0,1.8693372011184692,1.0468895435333252,1.0,12.018816947937012,255,1,0,0,0,1
1160,58.003187,27,697,1,1,39.37837600708008,39.510169982910156,-2.9475460052490234,-1.5603554248809814,1,40.0,1.8244737386703491,1.041982650756836,1.0,12.018816947937012,255,1,0,0,0,1
1161,58.053186,77,697,1,0,39.37837600708008,39.510169982910156,-2.9475460052490234,-1.5603554248809814,1,40.0,1.8244737386703491,1.041982650756836,1.0,12.018816947937012,255,1,0,0,0,1
1162,58.103214,42,698,1,1,39.16509246826172,39.223758697509766,-2.967644691467285,-1.442901372909546,1,40.0,1.8557285070419312,1.0355842113494873,1.0,12.018816947937012,255,1,0,0,0,1
1163,58.153186,11,699,1,1,38.918731689453125,38.91699981689453,-3.0877816677093506,-1.4463073015213013,1,40.0,1.9499832391738892,1.0281933546066284,1.0,12.018816947937012,255,1,0,0,0,1
1164,58.203186,61,699,1,0,38.918731689453125,38.91699981689453,-3.0877816677093506,-1.4463073015213013,1,40.0,1.9499832391738892,1.0281933546066284,1.0,12.018816947937012,255,1,0,0,0,1
1165,58.253187,27,700,1,1,38.62712097167969,38.589637756347656,-3.280453681945801,-1.520632266998291,1,40.0,2.0918314456939697,1.0194450616836548,1.0,12.018816947937012,255,1,0,0,0,1
1166,58.303193,77,700,1,0,38.62712097167969,38.589637756347656,-3.280453681945801,-1.520632266998291,1,40.0,2.0918314456939697,1.0194450616836548,1.0,12.018816947937012,255,1,0,0,0,1
1167,58.353196,42,701,1,1,38.34769821166992,38.35441589355469,-3.3968164920806885,-1.507176399230957,1,40.0,2.1867971420288086,1.0110623836517334,1.0,12.018816947937012,255,1,0,0,0,1
1168,58.403192,10,702,1,1,38.11722946166992,38.190738677978516,-3.3811419010162354,-1.3618128299713135,1,40.0,2.198134660720825,1.004148244857788,1.0,12.018816947937012,255,1,0,0,0,1
1169,58.453193,60,702,1,0,38.11722946166992,38.190738677978516,-3.3811419010162354,-1.3618128299713135,1,40.0,2.198134660720825,1.004148244857788,1.0,12.018816947937012,255,1,0,0,0,1
1170,58.503197,27,703,1,1,37.909507751464844,38.016944885253906,-3.2906715869903564,-1.149383306503296,1,40.0,2.1625473499298096,0.9979166388511658,1.0,12.018816947937012,255,1,0,0,0,1
1171,58.553186,77,703,1,0,37.909507751464844,38.016944885253906,-3.2906715869903564,-1.149383306503296,1,40.0,2.1625473499298096,0.9979166388511658,1.0,12.018816947937012,255,1,0,0,0,1
1172,58.603202,43,704,1,1,37.7276611328125,37.863502502441406,-3.1283648014068604,-0.8792026042938232,1,40.0,2.081529378890991,0.9924612641334534,1.0,12.018816947937012,255,1,0,0,0,1
1173,58.653187,12,705,1,1,37.545379638671875,37.64863204956055,-3.005643367767334,-0.6767396330833435,1,40.0,2.0243020057678223,0.9869928956031799,1.0,12.018816947937012,255,1,0,0,0,1
1174,58.703199,62,705,1,0,37.545379638671875,37.64863204956055,-3.005643367767334,-0.6767396330833435,1,40.0,2.0243020057678223,0.9869928956031799,1.0,12.018816947937012,255,1,0,0,0,1
1175,58.753187,30,706,1,1,37.33680725097656,37.39293670654297,-2.9557554721832275,-0.5666996836662292,1,40.0,2.0131406784057617,0.980735719203949,1.0,12.018816947937012,255,1,0,0,0,1
1176,58.803196,80,706,1,0,37.33680725097656,37.39293670654297,-2.9557554721832275,-0.5666996836662292,1,40.0,2.0131406784057617,0.980735719203949,1.0,12.018816947937012,255,1,0,0,0,1
1177,58.853193,42,707,1,1,37.166316986083984,37.29068374633789,-2.76381778717041,-0.31436678767204285,1,40.0,1.9133222103118896,0.9756209254264832,1.0,12.018816947937012,255,1,0,0,0,1
1178,58.903203,10,708,1,1,37.07823181152344,37.270206451416016,-2.4234001636505127,0.06772243976593018,1,40.0,1.7169992923736572,0.972978413105011,0.9920278191566467,12.018816947937012,253,1,0,0,0,0
1179,58.953186,60,708,1,0,37.07823181152344,37.270206451416016,-2.4234001636505127,0.06772243976593018,1,40.0,1.7169992923736572,0.972978413105011,0.9920278191566467,12.018816947937012,253,1,0,0,0,0
1180,59.003217,27,709,1,1,37.05961227416992,37.3111572265625,-1.9398666620254517,0.5664867162704468,1,40.0,1.4285550117492676,0.9699363112449646,0.6114916205406189,12.018816947937012,156,1,0,0,0,0
1181,59.053186,77,709,1,0,37.05961227416992,37.3111572265625,-1.9398666620254517,0.5664867162704468,1,40.0,1.4285550117492676,0.9699363112449646,0.6114916205406189,12.018816947937012,156,1,0,0,0,0
1182,59.103208,42,710,1,1,37.05446243286133,37.270206451416016,-1.477840542793274,0.9984040260314941,1,40.0,1.1518027782440186,0.9674294590950012,0.24583108723163605,12.018816947937012,80,1,0,0,0,0
1183,59.153195,7,711,1,1,37.13174819946289,37.40317153930664,-0.8701176643371582,1.5439536571502686,1,40.0,0.7802133560180664,0.9672443866729736,0.0,12.018816947937012,0,0,0,0,0,0
1184,59.203186,57,711,1,0,37.13174819946289,37.40317153930664,-0.8701176643371582,1.5439536571502686,1,40.0,0.7802133560180664,0.9672443866729736,0.0,12.018816947937012,0,0,0,0,0,0
1185,59.253187,26,712,1,1,37.13032913208008,37.21914291381836,-0.5776330828666687,1.7187021970748901,1,40.0,0.6048502326011658,0.9647638201713562,-0.07998079806566238,12.018816947937012,80,2,384,0,0,0
1186,59.303186,76,712,1,0,37.13032913208008,37.21914291381836,-0.5776330828666687,1.7187021970748901,1,40.0,0.6048502326011658,0.9647638201713562,-0.07998079806566238,12.018816947937012,80,2,384,0,0,0
1187,59.35319,42,713,1,1,37.24184799194336,37.45436096191406,-0.029636085033416748,2.140047550201416,1,40.0,0.26601535081863403,0.965670108795166,-0.155478835105896,12.027192115783691,80,2,384,0,0,0
1188,59.403198,10,714,1,1,37.40202331542969,37.6180419921875,0.5530952215194702,2.5652310848236084,1,40.0,-0.09803923964500427,0.968268871307373,-0.2369573712348938,12.027192115783691,80,2,384,0,0,0
1189,59.453186,60,714,1,0,37.40202331542969,37.6180419921875,0.5530952215194702,2.5652310848236084,1,40.0,-0.09803923964500427,0.968268871307373,-0.2369573712348938,12.027192115783691,80,2,384,0,0,0
1190,59.503187,26,715,1,1,37.63667678833008,37.883975982666016,1.2388076782226562,3.056119918823242,1,40.0,-0.530585527420044,0.9731001853942871,-0.33415237069129944,12.027192115783691,85,2,384,0,0,0
1191,59.553186,76,715,1,0,37.63667678833008,37.883975982666016,1.2388076782226562,3.056119918823242,1,40.0,-0.530585527420044,0.9731001853942871,-0.33415237069129944,12.027192115783691,85,2,384,0,0,0
1192,59.603197,43,716,1,1,37.8706169128418,38.037296295166016,1.808923363685608,3.386439323425293,1,40.0,-0.8937095999717712,0.9782277345657349,-0.4159860610961914,12.039754867553711,106,2,384,0,0,0
1193,59.653187,11,717,1,1,38.13169860839844,38.272640228271484,2.3524832725524902,3.6639811992645264,1,40.0,-1.2433428764343262,0.9842502474784851,-0.49502071738243103,12.039754867553711,126,2,384,0,0,0
1194,59.703186,61,717,1,0,38.13169860839844,38.272640228271484,2.3524832725524902,3.6639811992645264,1,40.0,-1.2433428764343262,0.9842502474784851,-0.49502071738243103,12.039754867553711,126,2,384,0,0,0
1195,59.753189,30,718,1,1,38.398014068603516,38.48738479614258,2.8164446353912354,3.838550567626953,1,40.0,-1.5456881523132324,0.9907450079917908,-0.5636518001556396,12.039754867553711,144,2,384,0,0,0
1196,59.803186,80,718,1,0,38.398014068603516,38.48738479614258,2.8164446353912354,3.838550567626953,1,40.0,-1.5456881523132324,0.9907450079917908,-0.5636518001556396,12.039754867553711,144,2,384,0,0,0
1197,59.853203,42,719,1,1,38.673946380615234,38.691890716552734,3.189070224761963,3.8749022483825684,1,40.0,-1.7940974235534668,0.9976613521575928,-0.6203908324241638,12.039754867553711,158,2,384,0,0,0
1198,59.903197,10,720,1,1,38.926612854003906,38.896522521972656,3.4494376182556152,3.815033435821533,1,40.0,-1.973057746887207,1.0041141510009766,-0.6615936756134033,12.039754867553711,169,2,384,0,0,0
1199,59.953186,60,720,1,0,38.926612854003906,38.896522521972656,3.4494376182556152,3.815033435821533,1,40.0,-1.973057746887207,1.0041141510009766,-0.6615936756134033,12.039754867553711,169,2,384,0,0,0
