record_index,elapsed_s,depth_age_ms,depth_sequence,depth_valid,depth_fresh,depth_cm,raw_depth_cm,depth_speed_cm_s,depth_accel_cm_s2,target_valid,target_depth_cm,proposal_desired_accel_cm_s2,proposal_bias_cm_s2,requested_duty,battery_window_v,pwm_commanded,direction_commanded,valve_mask_estimated,forward_active,balance_active,output_saturated
0,0.006191,18,1,1,1,10.897470474243164,10.882441520690918,-0.03797110915184021,-0.017917916178703308,0,,0.0,0.0,0.0,12.018816947937012,0,0,0,0,0,0
1,0.051156,63,1,1,0,10.897470474243164,10.882441520690918,-0.03797110915184021,-0.017917916178703308,0,,0.0,0.0,0.0,12.018816947937012,0,0,0,0,0,0
2,0.101158,33,2,1,1,10.902148246765137,10.913155555725098,-0.019038233906030655,0.0033535175025463104,0,,0.0,0.0,0.0,12.018816947937012,0,0,0,0,0,0
3,0.151156,83,2,1,0,10.902148246765137,10.913155555725098,-0.019038233906030655,0.0033535175025463104,0,,0.0,0.0,0.0,12.018816947937012,0,0,0,0,0,0
4,0.20117,47,3,1,1,10.965987205505371,11.056235313415527,0.15367057919502258,0.18333883583545685,0,,0.0,0.0,0.0,12.018816947937012,0,0,0,0,0,0
5,0.251156,14,4,1,1,11.003120422363281,11.035884857177734,0.23134243488311768,0.24850556254386902,0,,0.0,0.0,0.0,12.018816947937012,0,0,0,0,0,0
6,0.302134,65,4,1,0,11.003120422363281,11.035884857177734,0.23134243488311768,0.24850556254386902,0,,0.0,0.0,0.0,12.018816947937012,0,0,0,0,0,0
7,0.351156,32,5,1,1,10.95981502532959,10.872203826904297,0.08597561717033386,0.07555484771728516,0,,0.0,0.0,0.0,12.018816947937012,0,0,0,0,0,0
8,0.401162,82,5,1,0,10.95981502532959,10.872203826904297,0.08597561717033386,0.07555484771728516,0,,0.0,0.0,0.0,12.018816947937012,0,0,0,0,0,0
9,0.451168,47,6,1,1,10.966056823730469,10.96422004699707,0.08887609839439392,0.07188034802675247,0,,0.0,0.0,0.0,12.018816947937012,0,0,0,0,0,0
10,0.501156,13,7,1,1,10.961102485656738,10.943743705749512,0.061625488102436066,0.03714770823717117,0,,0.0,0.0,0.0,12.018816947937012,0,0,0,0,0,0
11,0.551156,63,7,1,0,10.961102485656738,10.943743705749512,0.061625488102436066,0.03714770823717117,0,,0.0,0.0,0.0,12.018816947937012,0,0,0,0,0,0
12,0.601156,33,8,1,1,10.948271751403809,10.92326831817627,0.017768938094377518,-0.011742498725652695,0,,0.0,0.0,0.0,12.018816947937012,0,0,0,0,0,0
13,0.651167,83,8,1,0,10.948271751403809,10.92326831817627,0.017768938094377518,-0.011742498725652695,0,,0.0,0.0,0.0,12.018816947937012,0,0,0,0,0,0
14,0.701171,47,9,1,1,10.97745418548584,11.015408515930176,0.08957034349441528,0.06428025662899017,0,,0.0,0.0,0.0,12.018816947937012,0,0,0,0,0,0
15,0.751156,13,10,1,1,11.002273559570312,11.025646209716797,0.13979403674602509,0.11107686161994934,0,,0.0,0.0,0.0,12.018816947937012,0,0,0,0,0,0
16,0.801156,63,10,1,0,11.002273559570312,11.025646209716797,0.13979403674602509,0.11107686161994934,0,,0.0,0.0,0.0,12.018816947937012,0,0,0,0,0,0
17,0.851156,32,11,1,1,10.993157386779785,10.96422004699707,0.09428368508815765,0.05415011942386627,0,,0.0,0.0,0.0,12.018816947937012,0,0,0,0,0,0
18,0.90116,82,11,1,0,10.993157386779785,10.96422004699707,0.09428368508815765,0.05415011942386627,0,,0.0,0.0,0.0,12.018816947937012,0,0,0,0,0,0
19,0.951165,47,12,1,1,10.9727783203125,10.93350601196289,0.02379786968231201,-0.024270571768283844,0,,0.0,0.0,0.0,12.018816947937012,0,0,0,0,0,0
20,1.001156,14,13,1,1,10.944503784179688,10.902917861938477,-0.05737772583961487,-0.10694075375795364,0,,0.0,0.0,0.0,12.018816947937012,0,0,0,0,0,0
21,1.051157,64,13,1,0,10.944503784179688,10.902917861938477,-0.05737772583961487,-0.10694075375795364,0,,0.0,0.0,0.0,12.018816947937012,0,0,0,0,0,0
22,1.101156,33,14,1,1,10.93272876739502,10.92326831817627,-0.08380302041769028,-0.12549637258052826,0,,0.0,0.0,0.0,12.018816947937012,0,0,0,0,0,0
23,1.151164,83,14,1,0,10.93272876739502,10.92326831817627,-0.08380302041769028,-0.12549637258052826,0,,0.0,0.0,0.0,12.018816947937012,0,0,0,0,0,0
24,1.201174,47,15,1,1,10.963201522827148,11.015408515930176,0.005708634853363037,-0.020748384296894073,0,,0.0,0.0,0.0,12.102571487426758,0,0,0,0,0,0
25,1.251157,14,16,1,1,11.01552677154541,11.08694839477539,0.1402861326932907,0.12155985087156296,0,,0.0,0.0,0.0,12.102571487426758,0,0,0,0,0,0
26,1.301154,64,16,1,0,11.01552677154541,11.08694839477539,0.1402861326932907,0.12155985087156296,0,,0.0,0.0,0.0,12.102571487426758,0,0,0,0,0,0
27,1.351157,32,17,1,1,10.979561805725098,10.913155555725098,0.02470971643924713,-0.009535856544971466,0,,0.0,0.0,0.0,12.102571487426758,0,0,0,0,0,0
28,1.401166,82,17,1,0,10.979561805725098,10.913155555725098,0.02470971643924713,-0.009535856544971466,0,,0.0,0.0,0.0,12.102571487426758,0,0,0,0,0,0
29,1.451182,48,18,1,1,10.93991470336914,10.882441520690918,-0.0855492576956749,-0.12382980436086655,0,,0.0,0.0,0.0,12.102571487426758,0,0,0,0,0,0
30,1.501156,14,19,1,1,10.902667999267578,10.861966133117676,-0.1737397015094757,-0.2050415724515915,0,,0.0,0.0,0.0,12.102571487426758,0,0,0,0,0,0
31,1.551191,64,19,1,0,10.902667999267578,10.861966133117676,-0.1737397015094757,-0.2050415724515915,0,,0.0,0.0,0.0,12.102571487426758,0,0,0,0,0,0
32,1.601162,33,20,1,1,10.885632514953613,10.882441520690918,-0.1963501125574112,-0.21130914986133575,0,,0.0,0.0,0.0,12.102571487426758,0,0,0,0,0,0
33,1.651187,83,20,1,0,10.885632514953613,10.882441520690918,-0.1963501125574112,-0.21130914986133575,0,,0.0,0.0,0.0,12.102571487426758,0,0,0,0,0,0
34,1.701217,47,21,1,1,10.908622741699219,10.96422004699707,-0.10764677077531815,-0.09973327070474625,0,,0.0,0.0,0.0,12.102571487426758,0,0,0,0,0,0
35,1.751158,13,22,1,1,10.935321807861328,10.984695434570312,-0.021270953118801117,-0.00083952397108078,0,,0.0,0.0,0.0,12.102571487426758,0,0,0,0,0,0
36,1.801171,63,22,1,0,10.935321807861328,10.984695434570312,-0.021270953118801117,-0.00083952397108078,0,,0.0,0.0,0.0,12.102571487426758,0,0,0,0,0,0
37,1.851156,31,23,1,1,10.972208023071289,11.025646209716797,0.07989109307527542,0.10483115911483765,0,,0.0,0.0,0.0,12.102571487426758,0,0,0,0,0,0
38,1.90116,81,23,1,0,10.972208023071289,11.025646209716797,0.07989109307527542,0.10483115911483765,0,,0.0,0.0,0.0,12.102571487426758,0,0,0,0,0,0
39,1.951169,47,24,1,1,10.92993450164795,10.861966133117676,-0.040769174695014954,-0.030319899320602417,0,,0.0,0.0,0.0,12.102571487426758,0,0,0,0,0,0
40,2.001166,14,25,1,1,10.882164001464844,10.821014404296875,-0.15941289067268372,-0.1515500843524933,0,,0.0,0.0,0.0,12.102571487426758,0,0,0,0,0,0
41,2.051155,64,25,1,0,10.882164001464844,10.821014404296875,-0.15941289067268372,-0.1515500843524933,0,,0.0,0.0,0.0,12.102571487426758,0,0,0,0,0,0
42,2.101154,33,26,1,1,10.861652374267578,10.851728439331055,-0.1902959793806076,-0.1709810495376587,0,,0.0,0.0,0.0,12.102571487426758,0,0,0,0,0,0
43,2.151164,83,26,1,0,10.861652374267578,10.851728439331055,-0.1902959793806076,-0.1709810495376587,0,,0.0,0.0,0.0,12.102571487426758,0,0,0,0,0,0
44,2.201172,48,27,1,1,10.903692245483398,10.984695434570312,-0.050221964716911316,-0.009557440876960754,0,,0.0,0.0,0.0,12.102571487426758,0,0,0,0,0,0
45,2.251156,14,28,1,1,10.948317527770996,11.015408515930176,0.07737027108669281,0.12445966899394989,0,,0.0,0.0,0.0,12.102571487426758,0,0,0,0,0,0
46,2.301155,64,28,1,0,10.948317527770996,11.015408515930176,0.07737027108669281,0.12445966899394989,0,,0.0,0.0,0.0,12.102571487426758,0,0,0,0,0,0
47,2.351159,32,29,1,1,10.946035385131836,10.93350601196289,0.06385426223278046,0.09969732910394669,0,,0.0,0.0,0.0,12.102571487426758,0,0,0,0,0,0
48,2.401159,82,29,1,0,10.946035385131836,10.93350601196289,0.06385426223278046,0.09969732910394669,0,,0.0,0.0,0.0,12.102571487426758,0,0,0,0,0,0
49,2.451178,47,30,1,1,10.944096565246582,10.93350601196289,0.05203336477279663,0.07851464301347733,0,,0.0,0.0,0.0,12.102571487426758,0,0,0,0,0,0
50,2.501156,13,31,1,1,10.92076587677002,10.882441520690918,-0.01479271799325943,0.001893363893032074,0,,0.0,0.0,0.0,12.102571487426758,0,0,0,0,0,0
51,2.551155,63,31,1,0,10.92076587677002,10.882441520690918,-0.01479271799325943,0.001893363893032074,0,,0.0,0.0,0.0,12.102571487426758,0,0,0,0,0,0
52,2.601156,32,32,1,1,10.912610054016113,10.902917861938477,-0.03287811577320099,-0.01714666374027729,0,,0.0,0.0,0.0,12.102571487426758,0,0,0,0,0,0
53,2.651154,82,32,1,0,10.912610054016113,10.902917861938477,-0.03287811577320099,-0.01714666374027729,0,,0.0,0.0,0.0,12.102571487426758,0,0,0,0,0,0
54,2.701186,47,33,1,1,10.949941635131836,11.005170822143555,0.07117360830307007,0.09299586713314056,0,,0.0,0.0,0.0,12.102571487426758,0,0,0,0,0,0
55,2.751156,13,34,1,1,10.98119068145752,11.015408515930176,0.14444656670093536,0.16132022440433502,0,,0.0,0.0,0.0,12.102571487426758,0,0,0,0,0,0
56,2.801154,63,34,1,0,10.98119068145752,11.015408515930176,0.14444656670093536,0.16132022440433502,0,,0.0,0.0,0.0,12.102571487426758,0,0,0,0,0,0
57,2.851156,32,35,1,1,10.934199333190918,10.851728439331055,0.002390444278717041,-0.0006294399499893188,0,,0.0,0.0,0.0,12.102571487426758,0,0,0,0,0,0
58,2.901164,82,35,1,0,10.934199333190918,10.851728439331055,0.002390444278717041,-0.0006294399499893188,0,,0.0,0.0,0.0,12.102571487426758,0,0,0,0,0,0
59,2.951166,47,36,1,1,10.925454139709473,10.913155555725098,-0.021157652139663696,-0.025155790150165558,0,,0.0,0.0,0.0,12.102571487426758,0,0,0,0,0,0
60,3.001156,14,37,1,1,10.90200424194336,10.872203826904297,-0.0799398422241211,-0.08433488011360168,0,,0.0,0.0,0.0,12.102571487426758,0,0,0,0,0,0
61,3.05116,64,37,1,0,10.90200424194336,10.872203826904297,-0.0799398422241211,-0.08433488011360168,0,,0.0,0.0,0.0,12.102571487426758,0,0,0,0,0,0
62,3.101156,32,38,1,1,10.889840126037598,10.882441520690918,-0.10082100331783295,-0.0989149659872055,0,,0.0,0.0,0.0,12.102571487426758,0,0,0,0,0,0
63,3.151159,82,38,1,0,10.889840126037598,10.882441520690918,-0.10082100331783295,-0.0989149659872055,0,,0.0,0.0,0.0,12.102571487426758,0,0,0,0,0,0
64,3.201168,48,39,1,1,10.91168212890625,10.953981399536133,-0.02862570434808731,-0.014872126281261444,0,,0.0,0.0,0.0,12.102571487426758,0,0,0,0,0,0
65,3.251157,13,40,1,1,10.941089630126953,10.984695434570312,0.053903549909591675,0.07257868349552155,0,,0.0,0.0,0.0,12.102571487426758,0,0,0,0,0,0
66,3.301157,63,40,1,0,10.941089630126953,10.984695434570312,0.053903549909591675,0.07257868349552155,0,,0.0,0.0,0.0,12.102571487426758,0,0,0,0,0,0
67,3.351156,32,41,1,1,10.923510551452637,10.892679214477539,0.0016556791961193085,0.01190207526087761,0,,0.0,0.0,0.0,12.102571487426758,0,0,0,0,0,0
68,3.401154,82,41,1,0,10.923510551452637,10.892679214477539,0.0016556791961193085,0.01190207526087761,0,,0.0,0.0,0.0,12.102571487426758,0,0,0,0,0,0
69,3.451164,47,42,1,1,10.927828788757324,10.93350601196289,0.01352404709905386,0.0232345312833786,0,,0.0,0.0,0.0,12.102571487426758,0,0,0,0,0,0
70,3.501158,14,43,1,1,10.922356605529785,10.913155555725098,-0.002058226615190506,0.004956662654876709,0,,0.0,0.0,0.0,12.102571487426758,0,0,0,0,0,0
71,3.551154,64,43,1,0,10.922356605529785,10.913155555725098,-0.002058226615190506,0.004956662654876709,0,,0.0,0.0,0.0,12.102571487426758,0,0,0,0,0,0
72,3.601167,32,44,1,1,10.914130210876465,10.902917861938477,-0.022817404940724373,-0.017140980809926987,0,,0.0,0.0,0.0,12.102571487426758,0,0,0,0,0,0
73,3.65123,82,44,1,0,10.914130210876465,10.902917861938477,-0.022817404940724373,-0.017140980809926987,0,,0.0,0.0,0.0,12.102571487426758,0,0,0,0,0,0
74,3.701202,46,45,1,1,10.934139251708984,10.96422004699707,0.03361113741993904,0.04329527169466019,0,,0.0,0.0,0.0,12.102571487426758,0,0,0,0,0,0
75,3.751158,12,46,1,1,10.957216262817383,10.984695434570312,0.08999317139387131,0.0983356162905693,0,,0.0,0.0,0.0,12.102571487426758,0,0,0,0,0,0
76,3.801179,62,46,1,0,10.957216262817383,10.984695434570312,0.08999317139387131,0.0983356162905693,0,,0.0,0.0,0.0,12.102571487426758,0,0,0,0,0,0
77,3.85116,30,47,1,1,10.98611068725586,11.015408515930176,0.15353919565677643,0.15624336898326874,0,,0.0,0.0,0.0,12.102571487426758,0,0,0,0,0,0
78,3.901157,80,47,1,0,10.98611068725586,11.015408515930176,0.15353919565677643,0.15624336898326874,0,,0.0,0.0,0.0,12.102571487426758,0,0,0,0,0,0
79,3.951182,43,48,1,1,10.958824157714844,10.902917861938477,0.058859676122665405,0.04327581822872162,0,,0.0,0.0,0.0,12.102571487426758,0,0,0,0,0,0
80,4.001156,11,49,1,1,10.942493438720703,10.913155555725098,0.006646741181612015,-0.014906063675880432,0,,0.0,0.0,0.0,12.102571487426758,0,0,0,0,0,0
81,4.051156,61,49,1,0,10.942493438720703,10.913155555725098,0.006646741181612015,-0.014906063675880432,0,,0.0,0.0,0.0,12.102571487426758,0,0,0,0,0,0
82,4.101156,26,50,1,1,10.913100242614746,10.872203826904297,-0.0729905292391777,-0.09667199105024338,0,,0.0,0.0,0.0,12.102571487426758,0,0,0,0,0,0
83,4.151162,76,50,1,0,10.913100242614746,10.872203826904297,-0.0729905292391777,-0.09667199105024338,0,,0.0,0.0,0.0,12.102571487426758,0,0,0,0,0,0
84,4.201161,45,51,1,1,10.965106010437012,11.046122550964355,0.07148878276348114,0.06227893382310867,0,,0.0,0.0,0.0,12.014628410339355,0,0,0,0,0,0
85,4.251164,13,52,1,1,10.972546577453613,10.974457740783691,0.08017947524785995,0.06602007895708084,0,,0.0,0.0,0.0,12.014628410339355,0,0,0,0,0,0
86,4.301155,63,52,1,0,10.972546577453613,10.974457740783691,0.08017947524785995,0.06602007895708084,1,10.0,0.0,0.0,0.0,12.014628410339355,0,0,0,0,0,0
87,4.351156,31,53,1,1,10.943211555480957,10.892679214477539,-0.009161971509456635,-0.0329073965549469,1,10.0,0.0,0.0,0.0,12.014628410339355,0,0,0,0,0,0
88,4.401167,81,53,1,0,10.943211555480957,10.892679214477539,-0.009161971509456635,-0.0329073965549469,1,10.0,0.0,0.0,0.0,12.014628410339355,0,0,0,0,0,0
89,4.451174,48,54,1,1,10.981453895568848,11.035884857177734,0.09086279571056366,0.07436329871416092,1,10.0,-0.14284853637218475,0.22944360971450806,-0.08273158967494965,12.014628410339355,80,2,384,0,0,0
90,4.501156,14,55,1,1,10.978790283203125,10.96422004699707,0.06934496760368347,0.04538722336292267,1,10.0,-0.12969811260700226,0.2301979809999466,-0.07997690886259079,12.014628410339355,80,2,384,0,0,0
91,4.551155,64,55,1,0,10.978790283203125,10.96422004699707,0.06934496760368347,0.04538722336292267,1,10.0,-0.12969811260700226,0.2301979809999466,-0.07997690886259079,12.014628410339355,80,2,384,0,0,0
92,4.60116,33,56,1,1,10.946205139160156,10.892679214477539,-0.02764325588941574,-0.05968661606311798,1,10.0,-0.0685725137591362,0.2300524264574051,-0.06636109948158264,12.014628410339355,80,2,384,0,0,0
93,4.651155,83,56,1,0,10.946205139160156,10.892679214477539,-0.02764325588941574,-0.05968661606311798,1,10.0,-0.0685725137591362,0.2300524264574051,-0.06636109948158264,12.014628410339355,80,2,384,0,0,0
94,4.701166,47,57,1,1,10.982577323913574,11.035884857177734,0.06978444010019302,0.047342367470264435,1,10.0,-0.13030262291431427,0.23190057277679443,-0.08048959821462631,12.014628410339355,0,0,0,0,0,0
95,4.751156,13,58,1,1,10.99560260772705,11.005170822143555,0.09214282035827637,0.06652206182479858,1,10.0,-0.1448899358510971,0.2331264764070511,-0.08400364965200424,12.014628410339355,0,0,0,0,0,0
96,4.801217,63,58,1,0,10.99560260772705,11.005170822143555,0.09214282035827637,0.06652206182479858,1,15.0,-0.1448899358510971,0.2331264764070511,-0.08400364965200424,12.014628410339355,0,0,0,0,0,0
97,4.85116,31,59,1,1,10.948328018188477,10.872203826904297,-0.04674258828163147,-0.08413447439670563,1,15.0,0.3926960527896881,0.23255451023578644,0.2135220468044281,12.014628410339355,0,0,0,0,0,0
98,4.901156,81,59,1,0,10.948328018188477,10.872203826904297,-0.04674258828163147,-0.08413447439670563,1,15.0,0.3926960527896881,0.23255451023578644,0.2135220468044281,12.014628410339355,0,0,0,0,0,0
99,4.951169,47,60,1,1,10.987030982971191,11.046122550964355,0.058833230286836624,0.033465489745140076,1,15.0,0.32586729526519775,0.23047420382499695,0.12719078361988068,12.014628410339355,0,0,0,0,0,0
100,5.001156,13,61,1,1,10.963090896606445,10.92326831817627,-0.014462724328041077,-0.04599510133266449,1,15.0,0.37199947237968445,0.22614435851573944,0.1944734901189804,12.014628410339355,0,0,0,0,0,0
101,5.051155,63,61,1,0,10.963090896606445,10.92326831817627,-0.014462724328041077,-0.04599510133266449,1,15.0,0.37199947237968445,0.22614435851573944,0.1944734901189804,12.014628410339355,0,0,0,0,0,0
102,5.101156,32,62,1,1,10.962793350219727,10.96422004699707,-0.015505286864936352,-0.04319281503558159,1,15.0,0.3726517856121063,0.2229059487581253,0.19966112077236176,12.014628410339355,0,0,0,0,0,0
103,5.151157,82,62,1,0,10.962793350219727,10.96422004699707,-0.015505286864936352,-0.04319281503558159,1,15.0,0.3726517856121063,0.2229059487581253,0.19966112077236176,12.014628410339355,0,0,0,0,0,0
104,5.20117,47,63,1,1,11.001286506652832,11.056235313415527,0.08581344783306122,0.06645721197128296,1,15.0,0.3083961606025696,0.22083090245723724,0.11675367504358292,12.014628410339355,0,0,0,0,0,0
105,5.251156,13,64,1,1,10.99859619140625,10.984695434570312,0.06478792428970337,0.03867476433515549,1,15.0,0.32125359773635864,0.21735134720802307,0.13853633403778076,12.014628410339355,0,0,0,0,0,0
106,5.301207,63,64,1,0,10.99859619140625,10.984695434570312,0.06478792428970337,0.03867476433515549,1,20.0,0.32125359773635864,0.21735134720802307,0.13853633403778076,12.014628410339355,0,0,0,0,0,0
107,5.351156,31,65,1,1,10.957347869873047,10.892679214477539,-0.054460808634757996,-0.089158795773983,1,20.0,0.8465151786804199,0.21271270513534546,0.845069944858551,12.014628410339355,215,1,0,0,0,0
108,5.40116,81,65,1,0,10.957347869873047,10.892679214477539,-0.054460808634757996,-0.089158795773983,1,20.0,0.8465151786804199,0.21271270513534546,0.845069944858551,12.014628410339355,215,1,0,0,0,0
109,5.451167,48,66,1,1,10.996007919311523,11.056235313415527,0.0522322840988636,0.029989324510097504,1,20.0,0.7790199518203735,0.206638365983963,0.7631754875183105,12.014628410339355,195,1,0,0,0,0
110,5.501158,14,67,1,1,10.955147743225098,10.892679214477539,-0.06434985250234604,-0.09437175840139389,1,20.0,0.8526466488838196,0.19775915145874023,0.8731833100318909,12.014628410339355,223,1,0,0,0,0
111,5.55116,64,67,1,0,10.955147743225098,10.892679214477539,-0.06434985250234604,-0.09437175840139389,1,20.0,0.8526466488838196,0.19775915145874023,0.8731833100318909,12.014628410339355,223,1,0,0,0,0
112,5.601156,33,68,1,1,10.94289493560791,10.93350601196289,-0.08964044600725174,-0.11280082166194916,1,20.0,0.8689237236976624,0.18970343470573425,0.9056270718574524,12.014628410339355,231,1,0,0,0,0
113,5.651158,83,68,1,0,10.94289493560791,10.93350601196289,-0.08964044600725174,-0.11280082166194916,1,20.0,0.8689237236976624,0.18970343470573425,0.9056270718574524,12.014628410339355,231,1,0,0,0,0
114,5.701186,47,69,1,1,10.977468490600586,11.035884857177734,0.012952201068401337,0.004435770213603973,1,20.0,0.8042565584182739,0.18349500000476837,0.8276821374893188,12.006253242492676,211,1,0,0,0,0
115,5.751169,14,70,1,1,11.024191856384277,11.08694839477539,0.13310635089874268,0.12947335839271545,1,20.0,0.7279589176177979,0.17722757160663605,0.7343084812164307,12.006253242492676,187,1,0,0,0,0
116,5.801167,64,70,1,0,11.024191856384277,11.08694839477539,0.13310635089874268,0.12947335839271545,1,20.0,0.7279589176177979,0.17722757160663605,0.7343084812164307,12.006253242492676,187,1,0,0,0,0
117,5.851166,33,71,1,1,11.03132438659668,11.025646209716797,0.13291996717453003,0.11832818388938904,1,25.0,0.7274288535118103,0.16981205344200134,0.7434890866279602,12.006253242492676,190,1,0,0,0,0
118,5.901169,83,71,1,0,11.03132438659668,11.025646209716797,0.13291996717453003,0.11832818388938904,1,25.0,0.7274288535118103,0.16981205344200134,0.7434890866279602,12.006253242492676,190,1,0,0,0,0
119,5.951204,48,72,1,1,10.97542953491211,10.882441520690918,-0.03469423949718475,-0.0671798437833786,1,25.0,1.28302800655365,0.16096031665802002,1.0,12.006253242492676,255,1,0,0,0,1
120,6.001156,13,73,1,1,10.98183536529541,10.994933128356934,-0.015188086777925491,-0.04085993021726608,1,25.0,1.2707476615905762,0.1611524224281311,1.0,12.006253242492676,255,1,0,0,0,1
121,6.051155,63,73,1,0,10.98183536529541,10.994933128356934,-0.015188086777925491,-0.04085993021726608,1,25.0,1.2707476615905762,0.1611524224281311,1.0,12.006253242492676,255,1,0,0,0,1
122,6.101185,33,74,1,1,10.94383716583252,10.892679214477539,-0.1144319623708725,-0.14106979966163635,1,25.0,1.3337138891220093,0.16001248359680176,1.0,12.006253242492676,255,1,0,0,0,1
123,6.151163,83,74,1,0,10.94383716583252,10.892679214477539,-0.1144319623708725,-0.14106979966163635,1,25.0,1.3337138891220093,0.16001248359680176,1.0,12.006253242492676,255,1,0,0,0,1
124,6.201172,48,75,1,1,11.019674301147461,11.138137817382812,0.09964175522327423,0.09497365355491638,1,25.0,1.1984443664550781,0.1622876524925232,1.0,12.05650520324707,255,1,0,0,0,1
125,6.251156,14,76,1,1,11.061694145202637,11.10742473602295,0.19510072469711304,0.1862996518611908,1,25.0,1.1373871564865112,0.1635482907295227,1.0,12.05650520324707,255,1,0,0,0,1
126,6.301155,64,76,1,0,11.061694145202637,11.10742473602295,0.19510072469711304,0.1862996518611908,1,25.0,1.1373871564865112,0.1635482907295227,1.0,12.05650520324707,255,1,0,0,0,1
127,6.351156,32,77,1,1,11.069061279296875,11.056235313415527,0.18610434234142303,0.1609569787979126,1,25.0,1.1421219110488892,0.16376924514770508,1.0,12.05650520324707,255,1,0,0,0,1
128,6.40116,82,77,1,0,11.069061279296875,11.056235313415527,0.18610434234142303,0.1609569787979126,1,25.0,1.1421219110488892,0.16376924514770508,1.0,12.05650520324707,255,1,0,0,0,1
129,6.451164,47,78,1,1,11.090407371520996,11.097186088562012,0.21277369558811188,0.17451544106006622,1,25.0,1.1241991519927979,0.16440963745117188,1.0,12.05650520324707,255,1,0,0,0,1
130,6.501156,13,79,1,1,11.090995788574219,11.066473007202148,0.1804589033126831,0.1254870444536209,1,25.0,1.1435351371765137,0.1644272804260254,1.0,12.05650520324707,255,1,0,0,0,1
131,6.551156,63,79,1,0,11.090995788574219,11.066473007202148,0.1804589033126831,0.1254870444536209,1,25.0,1.1435351371765137,0.1644272804260254,1.0,12.05650520324707,255,1,0,0,0,1
132,6.601156,30,80,1,1,11.089608192443848,11.066473007202148,0.14683949947357178,0.07952512800693512,1,25.0,1.1638317108154297,0.1643856167793274,1.0,12.05650520324707,255,1,0,0,0,1
133,6.651163,80,80,1,0,11.089608192443848,11.066473007202148,0.14683949947357178,0.07952512800693512,1,25.0,1.1638317108154297,0.1643856167793274,1.0,12.05650520324707,255,1,0,0,0,1
134,6.701175,45,81,1,1,11.139060974121094,11.189202308654785,0.24984195828437805,0.179964080452919,1,25.0,1.0975793600082397,0.16586923599243164,1.0,12.05650520324707,255,1,0,0,0,1
135,6.75116,14,82,1,1,11.13365650177002,11.097186088562012,0.19575706124305725,0.10829071700572968,1,25.0,1.1305166482925415,0.1657070517539978,1.0,12.05650520324707,255,1,0,0,0,1
136,6.801155,64,82,1,0,11.13365650177002,11.097186088562012,0.19575706124305725,0.10829071700572968,1,30.0,1.1305166482925415,0.1657070517539978,1.0,12.05650520324707,255,1,0,0,0,1
137,6.851156,32,83,1,1,11.076767921447754,10.974457740783691,0.012561783194541931,-0.09227007627487183,1,30.0,1.6955538988113403,0.16400039196014404,1.0,12.05650520324707,255,1,0,0,0,1
138,6.901158,82,83,1,0,11.076767921447754,10.974457740783691,0.012561783194541931,-0.09227007627487183,1,30.0,1.6955538988113403,0.16400039196014404,1.0,12.05650520324707,255,1,0,0,0,1
139,6.95117,47,84,1,1,11.146059036254883,11.240391731262207,0.18484431505203247,0.09577012062072754,1,30.0,1.58594810962677,0.16607916355133057,1.0,12.05650520324707,255,1,0,0,0,1
140,7.001156,14,85,1,1,11.13460636138916,11.097186088562012,0.12159209698438644,0.02145438641309738,1,30.0,1.6249303817749023,0.16573560237884521,1.0,12.05650520324707,255,1,0,0,0,1
141,7.051155,64,85,1,0,11.13460636138916,11.097186088562012,0.12159209698438644,0.02145438641309738,1,30.0,1.6249303817749023,0.16573560237884521,1.0,12.05650520324707,255,1,0,0,0,1
142,7.101155,33,86,1,1,11.116226196289062,11.07671070098877,0.049142926931381226,-0.05599550902843475,1,30.0,1.6700539588928223,0.16518419981002808,1.0,12.05650520324707,255,1,0,0,0,1
143,7.151161,83,86,1,0,11.116226196289062,11.07671070098877,0.049142926931381226,-0.05599550902843475,1,30.0,1.6700539588928223,0.16518419981002808,1.0,12.05650520324707,255,1,0,0,0,1
144,7.201174,48,87,1,1,11.106205940246582,11.08694839477539,0.007598206400871277,-0.09439349174499512,1,30.0,1.6958826780319214,0.164883553981781,1.0,12.081631660461426,255,1,0,0,0,1
145,7.251156,13,88,1,1,11.106897354125977,11.10742473602295,0.0005911231273785233,-0.0933329313993454,1,30.0,1.7000246047973633,0.16490435600280762,1.0,12.081631660461426,255,1,0,0,0,1
146,7.301155,63,88,1,0,11.106897354125977,11.10742473602295,0.0005911231273785233,-0.0933329313993454,1,30.0,1.7000246047973633,0.16490435600280762,1.0,12.081631660461426,255,1,0,0,0,1
147,7.351161,32,89,1,1,11.038439750671387,10.943743705749512,-0.1856735646724701,-0.2798551619052887,1,30.0,1.8179445266723633,0.16285061836242676,1.0,12.081631660461426,255,1,0,0,0,1
148,7.401157,82,89,1,0,11.038439750671387,10.943743705749512,-0.1856735646724701,-0.2798551619052887,1,30.0,1.8179445266723633,0.16285061836242676,1.0,12.081631660461426,255,1,0,0,0,1
149,7.451166,47,90,1,1,11.01038646697998,10.994933128356934,-0.23902568221092224,-0.3107137680053711,1,30.0,1.8524806499481201,0.16200906038284302,1.0,12.081631660461426,255,1,0,0,0,1
150,7.501156,13,91,1,1,10.957134246826172,10.913155555725098,-0.34930962324142456,-0.39857587218284607,1,30.0,1.9234437942504883,0.16041141748428345,1.0,12.081631660461426,255,1,0,0,0,1
151,7.551155,63,91,1,0,10.957134246826172,10.913155555725098,-0.34930962324142456,-0.39857587218284607,1,30.0,1.9234437942504883,0.16041141748428345,1.0,12.081631660461426,255,1,0,0,0,1
152,7.601156,32,92,1,1,10.942869186401367,10.96422004699707,-0.34142783284187317,-0.3566400706768036,1,30.0,1.9199986457824707,0.15998351573944092,1.0,12.081631660461426,255,1,0,0,0,1
153,7.651159,82,92,1,0,10.942869186401367,10.96422004699707,-0.34142783284187317,-0.3566400706768036,1,30.0,1.9199986457824707,0.15998351573944092,1.0,12.081631660461426,255,1,0,0,0,1
154,7.701176,48,93,1,1,10.981696128845215,11.07671070098877,-0.19090679287910461,-0.1681913286447525,1,30.0,1.8261913061141968,0.1611483097076416,1.0,12.081631660461426,255,1,0,0,0,1
155,7.751156,12,94,1,1,11.025118827819824,11.10742473602295,-0.046461835503578186,-0.002333328127861023,1,30.0,1.7356163263320923,0.16245102882385254,1.0,12.081631660461426,255,1,0,0,0,1
156,7.801156,62,94,1,0,11.025118827819824,11.10742473602295,-0.046461835503578186,-0.002333328127861023,1,30.0,1.7356163263320923,0.16245102882385254,1.0,12.081631660461426,255,1,0,0,0,1
157,7.851156,31,95,1,1,11.001701354980469,10.974457740783691,-0.09811580181121826,-0.056055787950754166,1,30.0,1.7687164545059204,0.161748468875885,1.0,12.081631660461426,255,1,0,0,0,1
158,7.901198,81,95,1,0,11.001701354980469,10.974457740783691,-0.09811580181121826,-0.056055787950754166,1,30.0,1.7687164545059204,0.161748468875885,1.0,12.081631660461426,255,1,0,0,0,1
159,7.95215,48,96,1,1,10.925161361694336,10.831253051757812,-0.2814820408821106,-0.24256284534931183,1,30.0,1.885624885559082,0.15945225954055786,1.0,12.081631660461426,255,1,0,0,0,1
160,8.00119,12,97,1,1,10.866842269897461,10.821014404296875,-0.39009714126586914,-0.33440327644348145,1,30.0,1.9560425281524658,0.15770268440246582,1.0,12.081631660461426,255,1,0,0,0,1
161,8.051159,62,97,1,0,10.866842269897461,10.821014404296875,-0.39009714126586914,-0.33440327644348145,1,30.0,1.9560425281524658,0.15770268440246582,1.0,12.081631660461426,255,1,0,0,0,1
162,8.101162,30,98,1,1,10.811261177062988,10.78018856048584,-0.47639262676239014,-0.3958534896373749,1,30.0,2.012822151184082,0.15603524446487427,1.0,12.081631660461426,255,1,0,0,0,1
163,8.151161,80,98,1,0,10.811261177062988,10.78018856048584,-0.47639262676239014,-0.3958534896373749,1,30.0,2.012822151184082,0.15603524446487427,1.0,12.081631660461426,255,1,0,0,0,1
164,8.201163,45,99,1,1,10.834293365478516,10.92326831817627,-0.3395889699459076,-0.21796850860118866,1,30.0,1.9286670684814453,0.15672624111175537,1.0,12.081631660461426,255,1,0,0,0,1
165,8.251167,14,100,1,1,10.842284202575684,10.892679214477539,-0.2624189555644989,-0.11898543685674667,1,30.0,1.8816457986831665,0.156965970993042,1.0,12.081631660461426,255,1,0,0,0,1
166,8.301155,64,100,1,0,10.842284202575684,10.892679214477539,-0.2624189555644989,-0.11898543685674667,1,30.0,1.8816457986831665,0.156965970993042,1.0,12.081631660461426,255,1,0,0,0,1
167,8.351156,32,101,1,1,10.850544929504395,10.892679214477539,-0.19306766986846924,-0.03638517111539841,1,30.0,1.8392916917800903,0.1572137475013733,1.0,12.081631660461426,255,1,0,0,0,1
168,8.401165,82,101,1,0,10.850544929504395,10.892679214477539,-0.19306766986846924,-0.03638517111539841,1,30.0,1.8392916917800903,0.1572137475013733,1.0,12.081631660461426,255,1,0,0,0,1
169,8.451169,48,102,1,1,10.845849990844727,10.861966133117676,-0.16551677882671356,-0.004429757595062256,1,30.0,1.8231836557388306,0.15707290172576904,1.0,12.081631660461426,255,1,0,0,0,1
170,8.501156,13,103,1,1,10.840192794799805,10.851728439331055,-0.1437366008758545,0.01869386062026024,1,30.0,1.8106247186660767,0.1569032073020935,1.0,12.081631660461426,255,1,0,0,0,1
171,8.551155,63,103,1,0,10.840192794799805,10.851728439331055,-0.1437366008758545,0.01869386062026024,1,30.0,1.8106247186660767,0.1569032073020935,1.0,12.081631660461426,255,1,0,0,0,1
172,8.601156,31,104,1,1,10.88543701171875,10.96422004699707,0.007224723696708679,0.17464672029018402,1,30.0,1.7159758806228638,0.1582605242729187,1.0,12.081631660461426,255,1,0,0,0,1
173,8.651165,81,104,1,0,10.88543701171875,10.96422004699707,0.007224723696708679,0.17464672029018402,1,30.0,1.7159758806228638,0.1582605242729187,1.0,12.081631660461426,255,1,0,0,0,1
174,8.701163,47,105,1,1,10.923604011535645,10.974457740783691,0.11887037754058838,0.2758592963218689,1,30.0,1.6455535888671875,0.15940552949905396,1.0,12.081631660461426,255,1,0,0,0,1
175,8.751156,14,106,1,1,10.989898681640625,11.066473007202148,0.28730958700180054,0.4277750253677368,1,30.0,1.5385234355926514,0.16139435768127441,1.0,12.081631660461426,255,1,0,0,0,1
176,8.801155,64,106,1,0,10.989898681640625,11.066473007202148,0.28730958700180054,0.4277750253677368,1,30.0,1.5385234355926514,0.16139435768127441,1.0,12.081631660461426,255,1,0,0,0,1
177,8.851156,33,107,1,1,10.955177307128906,10.872203826904297,0.16629815101623535,0.26523470878601074,1,30.0,1.6142551898956299,0.1603527069091797,1.0,12.081631660461426,255,1,0,0,0,1
178,8.901158,83,107,1,0,10.955177307128906,10.872203826904297,0.16629815101623535,0.26523470878601074,1,30.0,1.6142551898956299,0.1603527069091797,1.0,12.081631660461426,255,1,0,0,0,1
179,8.951174,47,108,1,1,10.967825889587402,10.96422004699707,0.18218432366847992,0.25800609588623047,1,30.0,1.6035850048065186,0.1607322096824646,1.0,12.081631660461426,255,1,0,0,0,1
180,9.001156,13,109,1,1,10.984315872192383,10.984695434570312,0.2045842856168747,0.2587653398513794,1,30.0,1.5886610746383667,0.16122686862945557,1.0,12.081631660461426,255,1,0,0,0,1
181,9.051155,63,109,1,0,10.984315872192383,10.984695434570312,0.2045842856168747,0.2587653398513794,1,30.0,1.5886610746383667,0.16122686862945557,1.0,12.081631660461426,255,1,0,0,0,1
182,9.101155,32,110,1,1,11.016019821166992,11.035884857177734,0.26296690106391907,0.2978362441062927,1,30.0,1.5507781505584717,0.16217797994613647,1.0,12.081631660461426,255,1,0,0,0,1
183,9.151164,82,110,1,0,11.016019821166992,11.035884857177734,0.26296690106391907,0.2978362441062927,1,30.0,1.5507781505584717,0.16217797994613647,1.0,12.081631660461426,255,1,0,0,0,1
184,9.201167,47,111,1,1,11.115478515625,11.219915390014648,0.48794323205947876,0.5062868595123291,1,30.0,1.4068410396575928,0.16516178846359253,1.0,12.081631660461426,255,1,0,0,0,1
185,9.251164,14,112,1,1,11.192477226257324,11.240391731262207,0.621150016784668,0.6014841794967651,1,30.0,1.3199870586395264,0.1674717664718628,1.0,12.081631660461426,255,1,0,0,0,1
186,9.301155,64,112,1,0,11.192477226257324,11.240391731262207,0.621150016784668,0.6014841794967651,1,30.0,1.3199870586395264,0.1674717664718628,1.0,12.081631660461426,255,1,0,0,0,1
187,9.351156,33,113,1,1,11.255757331848145,11.27110481262207,0.6986793875694275,0.6315704584121704,1,30.0,1.2677743434906006,0.1693701148033142,1.0,12.081631660461426,255,1,0,0,0,1
188,9.401165,83,113,1,0,11.255757331848145,11.27110481262207,0.6986793875694275,0.6315704584121704,1,30.0,1.2677743434906006,0.1693701148033142,1.0,12.081631660461426,255,1,0,0,0,1
189,9.451163,48,114,1,1,11.267770767211914,11.199440002441406,0.6218701601028442,0.4953089654445648,1,30.0,1.3127785921096802,0.169730544090271,1.0,12.081631660461426,255,1,0,0,0,1
190,9.501165,14,115,1,1,11.321929931640625,11.322169303894043,0.6639344096183777,0.4957874119281769,1,30.0,1.282665729522705,0.17135530710220337,1.0,12.081631660461426,255,1,0,0,0,1
191,9.551156,64,115,1,0,11.321929931640625,11.322169303894043,0.6639344096183777,0.4957874119281769,1,30.0,1.282665729522705,0.17135530710220337,1.0,12.081631660461426,255,1,0,0,0,1
192,9.601156,33,116,1,1,11.324372291564941,11.250629425048828,0.5652641654014587,0.3508265018463135,1,30.0,1.3416481018066406,0.17142856121063232,1.0,12.081631660461426,255,1,0,0,0,1
193,9.651167,83,116,1,0,11.324372291564941,11.250629425048828,0.5652641654014587,0.3508265018463135,1,30.0,1.3416481018066406,0.17142856121063232,1.0,12.081631660461426,255,1,0,0,0,1
194,9.701164,47,117,1,1,11.360915184020996,11.342644691467285,0.5602999925613403,0.3141477108001709,1,30.0,1.3413376808166504,0.17252486944198608,1.0,12.081631660461426,255,1,0,0,0,1
195,9.751156,14,118,1,1,11.432449340820312,11.465373992919922,0.6492071747779846,0.3797341585159302,1,30.0,1.2815552949905396,0.17467087507247925,1.0,12.081631660461426,255,1,0,0,0,1
196,9.801155,64,118,1,0,11.432449340820312,11.465373992919922,0.6492071747779846,0.3797341585159302,1,30.0,1.2815552949905396,0.17467087507247925,1.0,12.081631660461426,255,1,0,0,0,1
197,9.851155,33,119,1,1,11.451944351196289,11.404071807861328,0.5900121927261353,0.28580597043037415,1,30.0,1.3153177499771118,0.17525571584701538,1.0,12.081631660461426,255,1,0,0,0,1
198,9.901165,83,119,1,0,11.451944351196289,11.404071807861328,0.5900121927261353,0.28580597043037415,1,30.0,1.3153177499771118,0.17525571584701538,1.0,12.081631660461426,255,1,0,0,0,1
199,9.951175,48,120,1,1,11.452805519104004,11.383596420288086,0.48211538791656494,0.14778251945972443,1,30.0,1.3799784183502197,0.17528152465820312,1.0,12.081631660461426,255,1,0,0,0,1
200,10.001158,14,121,1,1,11.473198890686035,11.44489860534668,0.44036799669265747,0.09124331176280975,1,30.0,1.4031914472579956,0.1758933663368225,1.0,12.081631660461426,255,1,0,0,0,1
201,10.051201,64,121,1,0,11.473198890686035,11.44489860534668,0.44036799669265747,0.09124331176280975,1,30.0,1.4031914472579956,0.1758933663368225,1.0,12.081631660461426,255,1,0,0,0,1
202,10.101163,33,122,1,1,11.460960388183594,11.393834114074707,0.321428120136261,-0.040665507316589355,1,30.0,1.4756567478179932,0.1755262017250061,1.0,12.081631660461426,255,1,0,0,0,1
203,10.15121,83,122,1,0,11.460960388183594,11.393834114074707,0.321428120136261,-0.040665507316589355,1,30.0,1.4756567478179932,0.1755262017250061,1.0,12.081631660461426,255,1,0,0,0,1
204,10.201233,47,123,1,1,11.543525695800781,11.618816375732422,0.46266937255859375,0.11042943596839905,1,30.0,1.3834811449050903,0.178003191947937,1.0,12.039754867553711,255,1,0,0,0,1
205,10.251156,13,124,1,1,11.641182899475098,11.721070289611816,0.6252347230911255,0.2704107165336609,1,30.0,1.2771527767181396,0.180932879447937,1.0,12.039754867553711,255,1,0,0,0,1
206,10.301156,63,124,1,0,11.641182899475098,11.721070289611816,0.6252347230911255,0.2704107165336609,1,30.0,1.2771527767181396,0.180932879447937,1.0,12.039754867553711,255,1,0,0,0,1
207,10.351159,31,125,1,1,11.683561325073242,11.670005798339844,0.6217342615127563,0.24361136555671692,1,30.0,1.2754390239715576,0.1822042465209961,1.0,12.039754867553711,255,1,0,0,0,1
208,10.401175,81,125,1,0,11.683561325073242,11.670005798339844,0.6217342615127563,0.24361136555671692,1,30.0,1.2754390239715576,0.1822042465209961,1.0,12.039754867553711,255,1,0,0,0,1
209,10.451173,48,126,1,1,11.721155166625977,11.700594902038574,0.6030228734016418,0.20296671986579895,1,30.0,1.2832822799682617,0.18333208560943604,1.0,12.039754867553711,255,1,0,0,0,1
210,10.501156,14,127,1,1,11.8240327835083,11.894988059997559,0.7552509903907776,0.3440864384174347,1,30.0,1.1826865673065186,0.186418354511261,1.0,12.039754867553711,255,1,0,0,0,1
211,10.551159,64,127,1,0,11.8240327835083,11.894988059997559,0.7552509903907776,0.3440864384174347,1,30.0,1.1826865673065186,0.186418354511261,1.0,12.039754867553711,255,1,0,0,0,1
212,10.601156,32,128,1,1,11.881840705871582,11.874512672424316,0.7696235775947571,0.32963433861732483,1,30.0,1.1688604354858398,0.18815261125564575,1.0,12.039754867553711,255,1,0,0,0,1
213,10.651165,82,128,1,0,11.881840705871582,11.874512672424316,0.7696235775947571,0.32963433861732483,1,30.0,1.1688604354858398,0.18815261125564575,1.0,12.039754867553711,255,1,0,0,0,1
214,10.701171,48,129,1,1,12.002866744995117,12.079019546508789,0.9422834515571594,0.48097723722457886,1,30.0,1.054371953010559,0.19178342819213867,1.0,12.039754867553711,255,1,0,0,0,1
215,10.751156,14,130,1,1,12.146366119384766,12.232461929321289,1.147193193435669,0.6526832580566406,1,30.0,0.9185112118721008,0.19608837366104126,0.9632304310798645,12.039754867553711,246,1,0,0,0,0
216,10.801155,64,130,1,0,12.146366119384766,12.232461929321289,1.147193193435669,0.6526832580566406,1,30.0,0.9185112118721008,0.19608837366104126,0.9632304310798645,12.039754867553711,246,1,0,0,0,0
217,10.851156,33,131,1,1,12.246237754821777,12.252938270568848,1.2126625776290894,0.6658398509025574,1,30.0,0.8702409267425537,0.18390899896621704,0.9151092767715454,12.039754867553711,233,1,0,0,0,0
218,10.901168,83,131,1,0,12.246237754821777,12.252938270568848,1.2126625776290894,0.6658398509025574,1,30.0,0.8702409267425537,0.18390899896621704,0.9151092767715454,12.039754867553711,233,1,0,0,0,0
219,10.951187,47,132,1,1,12.366891860961914,12.385905265808105,1.3064688444137573,0.703982949256897,1,30.0,0.8030983805656433,0.17332559823989868,0.8396970629692078,12.039754867553711,214,1,0,0,0,0
220,11.001158,13,133,1,1,12.457048416137695,12.42685604095459,1.3076698780059814,0.6435284614562988,1,30.0,0.7942636609077454,0.16104212403297424,0.84429532289505,12.039754867553711,215,1,0,0,0,0
221,11.051155,63,133,1,0,12.457048416137695,12.42685604095459,1.3076698780059814,0.6435284614562988,1,30.0,0.7942636609077454,0.16104212403297424,0.84429532289505,12.039754867553711,215,1,0,0,0,0
222,11.101157,31,134,1,1,12.615159034729004,12.682552337646484,1.488085389137268,0.7767547965049744,1,30.0,0.6717845797538757,0.15087389945983887,0.6945475935935974,12.039754867553711,177,1,0,0,0,0
223,11.151159,81,134,1,0,12.615159034729004,12.682552337646484,1.488085389137268,0.7767547965049744,1,30.0,0.6717845797538757,0.15087389945983887,0.6945475935935974,12.039754867553711,177,1,0,0,0,0
224,11.201167,48,135,1,1,12.76386547088623,12.7950439453125,1.6115974187850952,0.8383907079696655,1,30.0,0.5842936635017395,0.14142724871635437,0.5904885530471802,12.039754867553711,151,1,0,0,0,0
225,11.251156,13,136,1,1,13.02193546295166,13.183707237243652,1.9928373098373413,1.1619380712509155,1,30.0,0.3323235511779785,0.1345185786485672,0.2637399733066559,12.039754867553711,80,1,0,0,0,0
226,11.301155,63,136,1,0,13.02193546295166,13.183707237243652,1.9928373098373413,1.1619380712509155,1,30.0,0.3323235511779785,0.1345185786485672,0.2637399733066559,12.039754867553711,80,1,0,0,0,0
227,11.351156,32,137,1,1,13.142965316772461,13.081453323364258,1.9711514711380005,1.0410405397415161,1,30.0,0.33444225788116455,0.12371817231178284,0.2809654474258423,12.039754867553711,80,1,0,0,0,0
228,11.401174,82,137,1,0,13.142965316772461,13.081453323364258,1.9711514711380005,1.0410405397415161,1,30.0,0.33444225788116455,0.12371817231178284,0.2809654474258423,12.039754867553711,80,1,0,0,0,0
229,11.451177,47,138,1,1,13.293723106384277,13.265484809875488,2.0056705474853516,0.9847027659416199,1,30.0,0.30016255378723145,0.11475534737110138,0.2472096085548401,12.039754867553711,80,1,0,0,0,0
230,11.501156,13,139,1,1,13.450279235839844,13.42916488647461,2.047977924346924,0.9425308108329773,1,30.0,0.26068806648254395,0.10525161027908325,0.20724861323833466,12.039754867553711,80,1,0,0,0,0
231,11.551155,63,139,1,0,13.450279235839844,13.42916488647461,2.047977924346924,0.9425308108329773,1,30.0,0.26068806648254395,0.10525161027908325,0.20724861323833466,12.039754867553711,80,1,0,0,0,0
232,11.601156,33,140,1,1,13.607012748718262,13.592845916748047,2.0968806743621826,0.9148635268211365,1,30.0,0.21724045276641846,0.09588636457920074,0.16180545091629028,12.039754867553711,80,1,0,0,0,0
233,11.651161,83,140,1,0,13.607012748718262,13.592845916748047,2.0968806743621826,0.9148635268211365,1,30.0,0.21724045276641846,0.09588636457920074,0.16180545091629028,12.039754867553711,80,1,0,0,0,0
234,11.701176,48,141,1,1,13.822333335876465,13.868892669677734,2.2633888721466064,1.0075150728225708,1,30.0,0.09795653820037842,0.08923162519931793,0.011633217334747314,12.04813003540039,80,1,0,0,0,0
235,11.751155,13,142,1,1,14.020039558410645,14.022335052490234,2.3534419536590576,1.0121219158172607,1,30.0,0.026131272315979004,0.08060286939144135,0.0,12.04813003540039,0,0,0,0,0,0
236,11.801155,63,142,1,0,14.020039558410645,14.022335052490234,2.3534419536590576,1.0121219158172607,1,30.0,0.026131272315979004,0.08060286939144135,0.0,12.04813003540039,0,0,0,0,0,0
237,11.851156,32,143,1,1,14.223706245422363,14.237204551696777,2.4608852863311768,1.0386996269226074,1,30.0,-0.05666482448577881,0.07392886281013489,0.0,12.04813003540039,0,0,0,0,0,0
238,11.901158,82,143,1,0,14.223706245422363,14.237204551696777,2.4608852863311768,1.0386996269226074,1,30.0,-0.05666482448577881,0.07392886281013489,0.0,12.04813003540039,0,0,0,0,0,0
239,11.951169,47,144,1,1,14.421515464782715,14.400760650634766,2.509474754333496,0.9972611665725708,1,30.0,-0.10362136363983154,0.06724217534065247,0.0,12.04813003540039,0,0,0,0,0,0
240,12.001164,14,145,1,1,14.677437782287598,14.738359451293945,2.708198308944702,1.1182891130447388,1,30.0,-0.245888352394104,0.06167808175086975,-0.06834809482097626,12.04813003540039,80,2,384,0,0,0
241,12.051155,64,145,1,0,14.677437782287598,14.738359451293945,2.708198308944702,1.1182891130447388,1,30.0,-0.245888352394104,0.06167808175086975,-0.06834809482097626,12.04813003540039,80,2,384,0,0,0
242,12.101166,33,146,1,1,14.871214866638184,14.830374717712402,2.722127676010132,1.0382527112960815,1,30.0,-0.27168595790863037,0.05446726083755493,-0.07247849553823471,12.04813003540039,0,0,0,0,0,0
243,12.151177,83,146,1,0,14.871214866638184,14.830374717712402,2.722127676010132,1.0382527112960815,1,30.0,-0.27168595790863037,0.05446726083755493,-0.07247849553823471,12.04813003540039,0,0,0,0,0,0
244,12.201198,47,147,1,1,15.125289916992188,15.14737319946289,2.853823661804199,1.0825220346450806,1,30.0,-0.37357020378112793,0.04998648166656494,-0.0941237062215805,12.04813003540039,0,0,0,0,0,0
245,12.251194,14,148,1,1,15.372970581054688,15.382718086242676,2.9622652530670166,1.1019287109375,1,30.0,-0.46092653274536133,0.0447733998298645,-0.11237775534391403,12.04813003540039,80,2,384,0,0,0
246,12.301191,64,148,1,0,15.372970581054688,15.382718086242676,2.9622652530670166,1.1019287109375,1,30.0,-0.46092653274536133,0.0447733998298645,-0.11237775534391403,12.04813003540039,80,2,384,0,0,0
247,12.351166,32,149,1,1,15.576061248779297,15.515685081481934,2.9385318756103516,0.982817530632019,1,30.0,-0.4649646282196045,0.03843310475349426,-0.11186614632606506,12.04813003540039,80,2,384,0,0,0
248,12.401164,82,149,1,0,15.576061248779297,15.515685081481934,2.9385318756103516,0.982817530632019,1,30.0,-0.4649646282196045,0.03843310475349426,-0.11186614632606506,12.04813003540039,80,2,384,0,0,0
249,12.451174,47,150,1,1,15.80492877960205,15.771381378173828,2.9578378200531006,0.9157655835151672,1,30.0,-0.4971463680267334,0.03375998139381409,-0.11797918379306793,12.04813003540039,80,2,384,0,0,0
250,12.501156,13,151,1,1,16.0743350982666,16.098617553710938,3.081264019012451,0.9642994999885559,1,30.0,-0.5954486131668091,0.029066622257232666,-0.13878116011619568,12.04813003540039,80,2,384,0,0,0
251,12.551186,63,151,1,0,16.0743350982666,16.098617553710938,3.081264019012451,0.9642994999885559,1,30.0,-0.5954486131668091,0.029066622257232666,-0.13878116011619568,12.04813003540039,80,2,384,0,0,0
252,12.601216,32,152,1,1,16.308557510375977,16.282773971557617,3.1108555793762207,0.9136478900909424,1,30.0,-0.6342835426330566,0.02495276927947998,-0.1464969515800476,12.04813003540039,0,0,0,0,0,0
253,12.651158,82,152,1,0,16.308557510375977,16.282773971557617,3.1108555793762207,0.9136478900909424,1,30.0,-0.6342835426330566,0.02495276927947998,-0.1464969515800476,12.04813003540039,0,0,0,0,0,0
254,12.701174,48,153,1,1,16.66592025756836,16.794166564941406,3.431223154067993,1.1680089235305786,1,30.0,-0.8586666584014893,0.024720489978790283,-0.19630825519561768,12.04813003540039,0,0,0,0,0,0
255,12.751156,14,154,1,1,16.945159912109375,16.927133560180664,3.4949285984039307,1.1320903301239014,1,30.0,-0.9220215082168579,0.021763712167739868,-0.20973005890846252,12.04813003540039,0,0,0,0,0,0
256,12.80124,64,154,1,0,16.945159912109375,16.927133560180664,3.4949285984039307,1.1320903301239014,1,30.0,-0.9220215082168579,0.021763712167739868,-0.20973005890846252,12.04813003540039,0,0,0,0,0,0
257,12.851155,32,155,1,1,17.170570373535156,17.0804500579834,3.4173521995544434,0.9541826248168945,1,30.0,-0.8957628011703491,0.017429441213607788,-0.20293161273002625,12.04813003540039,0,0,0,0,0,0
258,12.90121,82,155,1,0,17.170570373535156,17.0804500579834,3.4173521995544434,0.9541826248168945,1,30.0,-0.8957628011703491,0.017429441213607788,-0.20293161273002625,12.04813003540039,0,0,0,0,0,0
259,12.951197,47,156,1,1,17.393152236938477,17.295320510864258,3.3110554218292236,0.7585672736167908,1,30.0,-0.8520169258117676,0.013843327760696411,-0.19241338968276978,12.04813003540039,0,0,0,0,0,0
260,13.001237,13,157,1,1,17.59617042541504,17.48958969116211,3.170602798461914,0.5454878807067871,1,30.0,-0.7860170602798462,0.008587747812271118,-0.1765788197517395,12.04813003540039,0,0,0,0,0,0
261,13.051158,63,157,1,0,17.59617042541504,17.48958969116211,3.170602798461914,0.5454878807067871,1,30.0,-0.7860170602798462,0.008587747812271118,-0.1765788197517395,12.04813003540039,0,0,0,0,0,0
262,13.101155,32,158,1,1,17.7918758392334,17.704334259033203,3.0500354766845703,0.37349823117256165,1,30.0,-0.7312902212142944,0.004535794258117676,-0.16351690888404846,12.04813003540039,0,0,0,0,0,0
263,13.151191,82,158,1,0,17.7918758392334,17.704334259033203,3.0500354766845703,0.37349823117256165,1,30.0,-0.7312902212142944,0.004535794258117676,-0.16351690888404846,12.04813003540039,0,0,0,0,0,0
264,13.201271,47,159,1,1,18.060972213745117,18.072647094726562,3.1040892601013184,0.3967836797237396,1,30.0,-0.7879409790039062,0.0028422176837921143,-0.17572957277297974,12.060693740844727,0,0,0,0,0,0
265,13.251156,13,160,1,1,18.30373764038086,18.27715301513672,3.086555242538452,0.34369683265686035,1,30.0,-0.7992695569992065,-0.0006199479103088379,-0.17747768759727478,12.060693740844727,80,2,384,0,0,0
266,13.301156,63,160,1,0,18.30373764038086,18.27715301513672,3.086555242538452,0.34369683265686035,1,30.0,-0.7992695569992065,-0.0006199479103088379,-0.17747768759727478,12.060693740844727,80,2,384,0,0,0
267,13.351155,31,161,1,1,18.474536895751953,18.358930587768555,2.896019458770752,0.1153872162103653,1,30.0,-0.7003200054168701,-0.004852980375289917,-0.15454822778701782,12.060693740844727,80,2,384,0,0,0
268,13.401197,81,161,1,0,18.474536895751953,18.358930587768555,2.896019458770752,0.1153872162103653,1,30.0,-0.7003200054168701,-0.004852980375289917,-0.15454822778701782,12.060693740844727,80,2,384,0,0,0
269,13.45118,47,162,1,1,18.63165283203125,18.512374877929688,2.678593158721924,-0.12169282138347626,1,30.0,-0.5840046405792236,-0.00935983657836914,-0.1276988387107849,12.060693740844727,80,2,384,0,0,0
270,13.501155,13,163,1,1,18.788955688476562,18.696529388427734,2.4918298721313477,-0.3059535026550293,1,30.0,-0.48610401153564453,-0.01487228274345398,-0.1047181636095047,12.060693740844727,80,2,384,0,0,0
271,13.551171,63,163,1,0,18.788955688476562,18.696529388427734,2.4918298721313477,-0.3059535026550293,1,30.0,-0.48610401153564453,-0.01487228274345398,-0.1047181636095047,12.060693740844727,80,2,384,0,0,0
272,13.60118,31,164,1,1,18.94974136352539,18.890798568725586,2.3553028106689453,-0.42228010296821594,1,30.0,-0.41865843534469604,-0.019017547369003296,-0.08880908787250519,12.060693740844727,80,2,384,0,0,0
273,13.651171,81,164,1,0,18.94974136352539,18.890798568725586,2.3553028106689453,-0.42228010296821594,1,30.0,-0.41865843534469604,-0.019017547369003296,-0.08880908787250519,12.060693740844727,80,2,384,0,0,0
274,13.701178,47,165,1,1,19.146265029907227,19.146495819091797,2.3202712535858154,-0.4218209683895111,1,30.0,-0.4153265953063965,-0.02196204662322998,-0.08741435408592224,12.060693740844727,80,2,384,0,0,0
275,13.751156,13,166,1,1,19.314315795898438,19.279462814331055,2.2182633876800537,-0.491304874420166,1,30.0,-0.3692464828491211,-0.02668893337249756,-0.07612390071153641,12.060693740844727,80,2,384,0,0,0
276,13.801184,63,166,1,0,19.314315795898438,19.279462814331055,2.2182633876800537,-0.491304874420166,1,30.0,-0.3692464828491211,-0.02668893337249756,-0.07612390071153641,12.060693740844727,80,2,384,0,0,0
277,13.851169,31,167,1,1,19.464435577392578,19.422666549682617,2.098999500274658,-0.5737429857254028,1,30.0,-0.3111989498138428,-0.030733883380889893,-0.062325574457645416,12.060693740844727,0,0,0,0,0,0
278,13.901165,81,167,1,0,19.464435577392578,19.422666549682617,2.098999500274658,-0.5737429857254028,1,30.0,-0.3111989498138428,-0.030733883380889893,-0.062325574457645416,12.060693740844727,0,0,0,0,0,0
279,13.951177,47,168,1,1,19.58657455444336,19.51468276977539,1.913922905921936,-0.7166235446929932,1,30.0,-0.21114546060562134,-0.03549814224243164,-0.03903273865580559,12.060693740844727,0,0,0,0,0,0
280,14.001176,13,169,1,1,19.695262908935547,19.627174377441406,1.7236531972885132,-0.8523794412612915,1,30.0,-0.10676556825637817,-0.04160964488983154,-0.014479095116257668,12.060693740844727,0,0,0,0,0,0
281,14.051188,63,169,1,0,19.695262908935547,19.627174377441406,1.7236531972885132,-0.8523794412612915,1,30.0,-0.10676556825637817,-0.04160964488983154,-0.014479095116257668,12.060693740844727,0,0,0,0,0,0
282,14.101155,31,170,1,1,19.781497955322266,19.709075927734375,1.5168088674545288,-0.9953319430351257,1,30.0,0.009579837322235107,-0.047266364097595215,0.07579493522644043,12.060693740844727,0,0,0,0,0,0
283,14.151166,81,170,1,0,19.781497955322266,19.709075927734375,1.5168088674545288,-0.9953319430351257,1,30.0,0.009579837322235107,-0.047266364097595215,0.07579493522644043,12.060693740844727,0,0,0,0,0,0
284,14.20119,47,171,1,1,19.921754837036133,19.944297790527344,1.4761271476745605,-0.9505236148834229,1,30.0,0.021365761756896973,-0.05123341083526611,0.09679889678955078,12.060693740844727,0,0,0,0,0,0
285,14.251188,11,172,1,1,20.041425704956055,20.036312103271484,1.384500503540039,-0.9608345627784729,1,30.0,0.0655713677406311,-0.056713759899139404,0.16304683685302734,12.060693740844727,80,1,0,0,0,0
286,14.301155,61,172,1,0,20.041425704956055,20.036312103271484,1.384500503540039,-0.9608345627784729,1,30.0,0.0655713677406311,-0.056713759899139404,0.16304683685302734,12.060693740844727,80,1,0,0,0,0
287,14.351194,25,173,1,1,20.118680953979492,20.067026138305664,1.2014662027359009,-1.0655494928359985,1,30.0,0.16843903064727783,-0.06286084651947021,0.30839982628822327,12.060693740844727,80,1,0,0,0,0
288,14.401179,75,173,1,0,20.118680953979492,20.067026138305664,1.2014662027359009,-1.0655494928359985,1,30.0,0.16843903064727783,-0.06286084651947021,0.30839982628822327,12.060693740844727,80,1,0,0,0,0
289,14.451215,42,174,1,1,20.22580337524414,20.240943908691406,1.141992211341858,-1.0353370904922485,1,30.0,0.19448238611221313,-0.06804633140563965,0.3500382900238037,12.060693740844727,89,1,0,0,0,0
290,14.501174,10,175,1,1,20.323091506958008,20.33296012878418,1.075721263885498,-1.0159014463424683,1,30.0,0.22548902034759521,-0.07294702529907227,0.39791473746299744,12.060693740844727,101,1,0,0,0,0
291,14.551155,60,175,1,0,20.323091506958008,20.33296012878418,1.075721263885498,-1.0159014463424683,1,30.0,0.22548902034759521,-0.07294702529907227,0.39791473746299744,12.060693740844727,101,1,0,0,0,0
292,14.60116,25,176,1,1,20.43407440185547,20.465927124023438,1.0501940250396729,-0.9524360299110413,1,30.0,0.23081690073013306,-0.07784295082092285,0.4115464687347412,12.060693740844727,105,1,0,0,0,0
293,14.651192,75,176,1,0,20.43407440185547,20.465927124023438,1.0501940250396729,-0.9524360299110413,1,30.0,0.23081690073013306,-0.07784295082092285,0.4115464687347412,12.060693740844727,105,1,0,0,0,0
294,14.701173,43,177,1,1,20.63272476196289,20.793163299560547,1.2749855518341064,-0.6363704800605774,1,30.0,0.0780634880065918,-0.07953619956970215,0.210132896900177,12.060693740844727,0,0,0,0,0,0
295,14.751178,5,178,1,1,20.781450271606445,20.83411407470703,1.321372389793396,-0.5296000838279724,1,30.0,0.036846041679382324,-0.08303660154342651,0.15984351933002472,12.060693740844727,0,0,0,0,0,0
296,14.801155,55,178,1,0,20.781450271606445,20.83411407470703,1.321372389793396,-0.5296000838279724,1,30.0,0.036846041679382324,-0.08303660154342651,0.15984351933002472,12.060693740844727,0,0,0,0,0,0
297,14.85119,24,179,1,1,20.868946075439453,20.84435272216797,1.2319399118423462,-0.5781263709068298,1,30.0,0.08263087272644043,-0.08824747800827026,0.22783778607845306,12.060693740844727,0,0,0,0,0,0
298,14.90117,74,179,1,0,20.868946075439453,20.84435272216797,1.2319399118423462,-0.5781263709068298,1,30.0,0.08263087272644043,-0.08824747800827026,0.22783778607845306,12.060693740844727,0,0,0,0,0,0
299,14.951177,42,180,1,1,20.946229934692383,20.915891647338867,1.127533197402954,-0.637584388256073,1,30.0,0.13831943273544312,-0.09369033575057983,0.30934634804725647,12.060693740844727,0,0,0,0,0,0
300,15.001169,10,181,1,1,21.04168128967285,21.048858642578125,1.088706612586975,-0.6235454678535461,1,30.0,0.15302473306655884,-0.09806978702545166,0.33479270339012146,12.060693740844727,85,1,0,0,0,0
301,15.051198,60,181,1,0,21.04168128967285,21.048858642578125,1.088706612586975,-0.6235454678535461,1,30.0,0.15302473306655884,-0.09806978702545166,0.33479270339012146,12.060693740844727,85,1,0,0,0,0
302,15.101188,26,182,1,1,21.156574249267578,21.19206428527832,1.1036312580108643,-0.5533320307731628,1,30.0,0.13372957706451416,-0.10223758220672607,0.3146228790283203,12.060693740844727,80,1,0,0,0,0
303,15.151165,76,182,1,0,21.156574249267578,21.19206428527832,1.1036312580108643,-0.5533320307731628,1,30.0,0.13372957706451416,-0.10223758220672607,0.3146228790283203,12.060693740844727,80,1,0,0,0,0
304,15.20119,44,183,1,1,21.376951217651367,21.560251235961914,1.4038723707199097,-0.19276490807533264,1,30.0,-0.0662490725517273,-0.10270100831985474,0.04860258102416992,12.060693740844727,0,0,0,0,0,0
305,15.251169,13,184,1,1,21.5533504486084,21.642154693603516,1.5543380975723267,-0.0194484144449234,1,30.0,-0.17240440845489502,-0.10473865270614624,0.0,12.060693740844727,0,0,0,0,0,0
306,15.301181,63,184,1,0,21.5533504486084,21.642154693603516,1.5543380975723267,-0.0194484144449234,1,30.0,-0.17240440845489502,-0.10473865270614624,0.0,12.060693740844727,0,0,0,0,0,0
307,15.351156,31,185,1,1,21.656139373779297,21.621679306030273,1.4881174564361572,-0.08690870553255081,1,30.0,-0.14192301034927368,-0.10841232538223267,0.0,12.060693740844727,0,0,0,0,0,0
308,15.401166,81,185,1,0,21.656139373779297,21.621679306030273,1.4881174564361572,-0.08690870553255081,1,30.0,-0.14192301034927368,-0.10841232538223267,0.0,12.060693740844727,0,0,0,0,0,0
309,15.451184,47,186,1,1,21.774145126342773,21.764883041381836,1.4632104635238647,-0.10528689622879028,1,30.0,-0.13759934902191162,-0.11154723167419434,0.0,12.060693740844727,0,0,0,0,0,0
310,15.501194,12,187,1,1,21.889371871948242,21.87737464904785,1.4311801195144653,-0.1293734461069107,1,30.0,-0.12875151634216309,-0.11549365520477295,0.0,12.060693740844727,0,0,0,0,0,0
311,15.551162,62,187,1,0,21.889371871948242,21.87737464904785,1.4311801195144653,-0.1293734461069107,1,30.0,-0.12875151634216309,-0.11549365520477295,0.0,12.060693740844727,0,0,0,0,0,0
312,15.601155,30,188,1,1,22.038026809692383,22.08188247680664,1.5038926601409912,-0.042402587831020355,1,30.0,-0.1857580542564392,-0.11752253770828247,0.0,12.060693740844727,0,0,0,0,0,0
313,15.651174,80,188,1,0,22.038026809692383,22.08188247680664,1.5038926601409912,-0.042402587831020355,1,30.0,-0.1857580542564392,-0.11752253770828247,0.0,12.060693740844727,0,0,0,0,0,0
314,15.701162,43,189,1,1,22.244792938232422,22.347816467285156,1.700342059135437,0.16646939516067505,1,30.0,-0.3222365975379944,-0.11808723211288452,0.0,12.060693740844727,0,0,0,0,0,0
315,15.7512,5,190,1,1,22.46253204345703,22.552448272705078,1.8922553062438965,0.351368248462677,1,30.0,-0.4569810628890991,-0.11814695596694946,-0.07529646903276443,12.060693740844727,80,2,384,0,0,0
316,15.801157,55,190,1,0,22.46253204345703,22.552448272705078,1.8922553062438965,0.351368248462677,1,30.0,-0.4569810628890991,-0.11814695596694946,-0.07529646903276443,12.060693740844727,80,2,384,0,0,0
317,15.851156,23,191,1,1,22.65993881225586,22.71600341796875,2.0283844470977783,0.4633401036262512,1,30.0,-0.5564252138137817,-0.11863166093826294,-0.09728745371103287,12.060693740844727,80,2,384,0,0,0
318,15.901171,73,191,1,0,22.65993881225586,22.71600341796875,2.0283844470977783,0.4633401036262512,1,30.0,-0.5564252138137817,-0.11863166093826294,-0.09728745371103287,12.060693740844727,80,2,384,0,0,0
319,15.951202,41,192,1,1,22.798099517822266,22.756954193115234,1.9887433052062988,0.3822845220565796,1,30.0,-0.5450749397277832,-0.12072587013244629,-0.0942997932434082,12.060693740844727,80,2,384,0,0,0
320,16.001156,9,193,1,1,22.932157516479492,22.889921188354492,1.940850019454956,0.29951420426368713,1,30.0,-0.528404176235199,-0.12246561050415039,-0.09020856767892838,12.060693740844727,0,0,0,0,0,0
321,16.05117,59,193,1,0,22.932157516479492,22.889921188354492,1.940850019454956,0.29951420426368713,1,30.0,-0.528404176235199,-0.12246561050415039,-0.09020856767892838,12.060693740844727,0,0,0,0,0,0
322,16.101188,24,194,1,1,23.079437255859375,23.05360221862793,1.9170582294464111,0.24808207154273987,1,30.0,-0.5273842811584473,-0.1240549087524414,-0.08962874114513397,12.060693740844727,0,0,0,0,0,0
323,16.151206,74,194,1,0,23.079437255859375,23.05360221862793,1.9170582294464111,0.24808207154273987,1,30.0,-0.5273842811584473,-0.1240549087524414,-0.08962874114513397,12.060693740844727,0,0,0,0,0,0
324,16.201161,42,195,1,1,23.331768035888672,23.462615966796875,2.1845383644104004,0.5061165690422058,1,30.0,-0.7105821371078491,-0.1223675012588501,-0.13071435689926147,11.99787712097168,0,0,0,0,0,0
325,16.251159,10,196,1,1,23.55582046508789,23.616058349609375,2.3393523693084717,0.6244179010391235,1,30.0,-0.8236352205276489,-0.12098044157028198,-0.15614551305770874,11.99787712097168,0,0,0,0,0,0
326,16.30116,60,196,1,0,23.55582046508789,23.616058349609375,2.3393523693084717,0.6244179010391235,1,30.0,-0.8236352205276489,-0.12098044157028198,-0.15614551305770874,11.99787712097168,0,0,0,0,0,0
327,16.351182,25,197,1,1,23.740663528442383,23.718311309814453,2.349703311920166,0.5798314213752747,1,30.0,-0.8464816808700562,-0.12091267108917236,-0.16123753786087036,11.99787712097168,0,0,0,0,0,0
328,16.40118,75,197,1,0,23.740663528442383,23.718311309814453,2.349703311920166,0.5798314213752747,1,30.0,-0.8464816808700562,-0.12091267108917236,-0.16123753786087036,11.99787712097168,0,0,0,0,0,0
329,16.451185,43,198,1,1,23.94722557067871,23.963769912719727,2.4285624027252197,0.6125046610832214,1,30.0,-0.9123877286911011,-0.11972332000732422,-0.17614763975143433,11.99787712097168,0,0,0,0,0,0
330,16.501185,11,199,1,1,24.169612884521484,24.199115753173828,2.5343616008758545,0.6705010533332825,1,30.0,-0.9958821535110474,-0.11819654703140259,-0.1950412392616272,11.99787712097168,0,0,0,0,0,0
331,16.551188,61,199,1,0,24.169612884521484,24.199115753173828,2.5343616008758545,0.6705010533332825,1,30.0,-0.9958821535110474,-0.11819654703140259,-0.1950412392616272,11.99787712097168,0,0,0,0,0,0
332,16.601174,29,200,1,1,24.35981559753418,24.332082748413086,2.5371930599212646,0.6160659193992615,1,30.0,-1.0146992206573486,-0.11715477705001831,-0.19945432245731354,11.99787712097168,0,0,0,0,0,0
333,16.651162,79,200,1,0,24.35981559753418,24.332082748413086,2.5371930599212646,0.6160659193992615,1,30.0,-1.0146992206573486,-0.11715477705001831,-0.19945432245731354,11.99787712097168,0,0,0,0,0,0
334,16.701168,42,201,1,1,24.632606506347656,24.70026969909668,2.721701145172119,0.7526544332504272,1,30.0,-1.1499552726745605,-0.1137651801109314,-0.23026445508003235,12.073256492614746,0,0,0,0,0,0
335,16.751233,5,202,1,1,24.903610229492188,24.945728302001953,2.869664430618286,0.8386581540107727,1,30.0,-1.2631237506866455,-0.11019742488861084,-0.25620585680007935,12.073256492614746,80,2,384,0,0,0
336,16.801173,55,202,1,0,24.903610229492188,24.945728302001953,2.869664430618286,0.8386581540107727,1,30.0,-1.2631237506866455,-0.11019742488861084,-0.25620585680007935,12.073256492614746,80,2,384,0,0,0
337,16.851185,22,203,1,1,25.09075927734375,25.017269134521484,2.798093795776367,0.6914390921592712,1,30.0,-1.2370246648788452,-0.10891479253768921,-0.25069108605384827,12.073256492614746,80,2,384,0,0,0
338,16.901178,72,203,1,0,25.09075927734375,25.017269134521484,2.798093795776367,0.6914390921592712,1,30.0,-1.2370246648788452,-0.10891479253768921,-0.25069108605384827,12.073256492614746,80,2,384,0,0,0
339,16.951179,40,204,1,1,25.263092041015625,25.18094825744629,2.6994314193725586,0.5293378233909607,1,30.0,-1.1933372020721436,-0.10791760683059692,-0.24120435118675232,12.073256492614746,80,2,384,0,0,0
340,17.001189,5,205,1,1,25.439891815185547,25.36510467529297,2.6014935970306396,0.38017722964286804,1,30.0,-1.1504864692687988,-0.10663998126983643,-0.23196588456630707,12.073256492614746,80,2,384,0,0,0
341,17.051155,55,205,1,0,25.439891815185547,25.36510467529297,2.6014935970306396,0.38017722964286804,1,30.0,-1.1504864692687988,-0.10663998126983643,-0.23196588456630707,12.073256492614746,80,2,384,0,0,0
342,17.101156,23,206,1,1,25.65319061279297,25.651390075683594,2.6292662620544434,0.37662646174430847,1,30.0,-1.1863470077514648,-0.10388916730880737,-0.24054616689682007,12.073256492614746,80,2,384,0,0,0
343,17.151179,73,206,1,0,25.65319061279297,25.651390075683594,2.6292662620544434,0.37662646174430847,1,30.0,-1.1863470077514648,-0.10388916730880737,-0.24054616689682007,12.073256492614746,80,2,384,0,0,0
344,17.201192,41,207,1,1,25.915468215942383,25.978750228881836,2.7790560722351074,0.5007690787315369,1,30.0,-1.29982590675354,-0.09971553087234497,-0.2666912078857422,12.073256492614746,80,2,384,0,0,0
345,17.251156,9,208,1,1,26.131135940551758,26.111717224121094,2.783681869506836,0.46272310614585876,1,30.0,-1.3220113515853882,-0.09651315212249756,-0.27233293652534485,12.073256492614746,80,2,384,0,0,0
346,17.301205,59,208,1,0,26.131135940551758,26.111717224121094,2.783681869506836,0.46272310614585876,1,30.0,-1.3220113515853882,-0.09651315212249756,-0.27233293652534485,12.073256492614746,80,2,384,0,0,0
347,17.351191,25,209,1,1,26.22101593017578,26.019577026367188,2.440063238143921,0.06344655156135559,1,30.0,-1.123929500579834,-0.09710520505905151,-0.22818318009376526,12.073256492614746,80,2,384,0,0,0
348,17.4012,75,209,1,0,26.22101593017578,26.019577026367188,2.440063238143921,0.06344655156135559,1,30.0,-1.123929500579834,-0.09710520505905151,-0.22818318009376526,12.073256492614746,80,2,384,0,0,0
349,17.451188,43,210,1,1,26.3645076751709,26.285511016845703,2.2961275577545166,-0.09222348034381866,1,30.0,-1.0504822731018066,-0.09582370519638062,-0.2121463418006897,12.073256492614746,80,2,384,0,0,0
350,17.501156,11,211,1,1,26.49651527404785,26.41847801208496,2.141615867614746,-0.24562309682369232,1,30.0,-0.9696559309959412,-0.09495359659194946,-0.1943783015012741,12.073256492614746,80,2,384,0,0,0
351,17.551181,61,211,1,0,26.49651527404785,26.41847801208496,2.141615867614746,-0.24562309682369232,1,30.0,-0.9696559309959412,-0.09495359659194946,-0.1943783015012741,12.073256492614746,80,2,384,0,0,0
352,17.601185,29,212,1,1,26.65118980407715,26.623109817504883,2.0686378479003906,-0.3007888197898865,1,30.0,-0.939789891242981,-0.0931161642074585,-0.18814972043037415,12.073256492614746,0,0,0,0,0,0
353,17.651182,79,212,1,0,26.65118980407715,26.623109817504883,2.0686378479003906,-0.3007888197898865,1,30.0,-0.939789891242981,-0.0931161642074585,-0.18814972043037415,12.073256492614746,0,0,0,0,0,0
354,17.701195,44,213,1,1,26.869699478149414,26.92987060546875,2.158271312713623,-0.1805328130722046,1,30.0,-1.0132358074188232,-0.08940726518630981,-0.20529523491859436,12.073256492614746,0,0,0,0,0,0
355,17.751174,12,214,1,1,27.044517517089844,27.042362213134766,2.1393818855285645,-0.18479841947555542,1,30.0,-1.017635703086853,-0.08682352304458618,-0.20684714615345,12.073256492614746,80,2,384,0,0,0
356,17.801155,62,214,1,0,27.044517517089844,27.042362213134766,2.1393818855285645,-0.18479841947555542,1,30.0,-1.017635703086853,-0.08682352304458618,-0.20684714615345,12.073256492614746,80,2,384,0,0,0
357,17.851178,30,215,1,1,27.243736267089844,27.277706146240234,2.188340425491333,-0.11784175038337708,1,30.0,-1.0649404525756836,-0.08321136236190796,-0.21816201508045197,12.073256492614746,80,2,384,0,0,0
358,17.901172,80,215,1,0,27.243736267089844,27.277706146240234,2.188340425491333,-0.11784175038337708,1,30.0,-1.0649404525756836,-0.08321136236190796,-0.21816201508045197,12.073256492614746,80,2,384,0,0,0
359,17.951198,44,216,1,1,27.35350227355957,27.246994018554688,1.9729138612747192,-0.33221298456192017,1,30.0,-0.945563554763794,-0.08226114511489868,-0.19184498488903046,12.073256492614746,80,2,384,0,0,0
360,18.001156,12,217,1,1,27.505043029785156,27.492450714111328,1.921731948852539,-0.35721608996391296,1,30.0,-0.928493082523346,-0.0799645185470581,-0.18856190145015717,12.073256492614746,80,2,384,0,0,0
361,18.051187,62,217,1,0,27.505043029785156,27.492450714111328,1.921731948852539,-0.35721608996391296,1,30.0,-0.928493082523346,-0.0799645185470581,-0.18856190145015717,12.073256492614746,80,2,384,0,0,0
362,18.101157,30,218,1,1,27.594993591308594,27.502689361572266,1.7181487083435059,-0.5393146872520447,1,30.0,-0.8144387006759644,-0.07926195859909058,-0.16337260603904724,12.073256492614746,80,2,384,0,0,0
363,18.151197,80,218,1,0,27.594993591308594,27.502689361572266,1.7181487083435059,-0.5393146872520447,1,30.0,-0.8144387006759644,-0.07926195859909058,-0.16337260603904724,12.073256492614746,80,2,384,0,0,0
364,18.201181,44,219,1,1,27.808761596679688,27.90159034729004,1.8506240844726562,-0.35248053073883057,1,30.0,-0.9131630063056946,-0.07489311695098877,-0.1862822026014328,12.073256492614746,80,2,384,0,0,0
365,18.251191,12,220,1,1,27.990924835205078,28.034557342529297,1.904620885848999,-0.26587817072868347,1,30.0,-0.9619557857513428,-0.07129085063934326,-0.19792552292346954,12.073256492614746,80,2,384,0,0,0
366,18.301161,62,220,1,0,27.990924835205078,28.034557342529297,1.904620885848999,-0.26587817072868347,1,30.0,-0.9619557857513428,-0.07129085063934326,-0.19792552292346954,12.073256492614746,80,2,384,0,0,0
367,18.351168,30,221,1,1,28.129425048828125,28.106098175048828,1.8387961387634277,-0.3118785619735718,1,30.0,-0.93492591381073,-0.06874310970306396,-0.19248506426811218,12.073256492614746,80,2,384,0,0,0
368,18.40117,80,221,1,0,28.129425048828125,28.106098175048828,1.8387961387634277,-0.3118785619735718,1,30.0,-0.93492591381073,-0.06874310970306396,-0.19248506426811218,12.073256492614746,80,2,384,0,0,0
369,18.451197,43,222,1,1,28.21967315673828,28.12657356262207,1.6313402652740479,-0.500214159488678,1,30.0,-0.8185747265815735,-0.06762558221817017,-0.16687756776809692,12.073256492614746,0,0,0,0,0,0
370,18.501158,11,223,1,1,28.325889587402344,28.290252685546875,1.5224806070327759,-0.5710636377334595,1,30.0,-0.762818455696106,-0.06595242023468018,-0.15485912561416626,12.073256492614746,0,0,0,0,0,0
371,18.551197,61,223,1,0,28.325889587402344,28.290252685546875,1.5224806070327759,-0.5710636377334595,1,30.0,-0.762818455696106,-0.06595242023468018,-0.15485912561416626,12.073256492614746,0,0,0,0,0,0
372,18.601156,29,224,1,1,28.41666603088379,28.372032165527344,1.3914015293121338,-0.6590682864189148,1,30.0,-0.6923409104347229,-0.06456834077835083,-0.13950501382350922,12.073256492614746,0,0,0,0,0,0
373,18.6512,79,224,1,0,28.41666603088379,28.372032165527344,1.3914015293121338,-0.6590682864189148,1,30.0,-0.6923409104347229,-0.06456834077835083,-0.13950501382350922,12.073256492614746,0,0,0,0,0,0
374,18.701167,41,225,1,1,28.59276008605957,28.668678283691406,1.4811997413635254,-0.5047839879989624,1,30.0,-0.7620682716369629,-0.060631394386291504,-0.15587486326694489,12.073256492614746,0,0,0,0,0,0
375,18.751233,4,226,1,1,28.74161720275879,28.770931243896484,1.4947816133499146,-0.4448120594024658,1,30.0,-0.7836145162582397,-0.05736184120178223,-0.16138948500156403,12.073256492614746,80,2,384,0,0,0
376,18.801181,54,226,1,0,28.74161720275879,28.770931243896484,1.4947816133499146,-0.4448120594024658,1,30.0,-0.7836145162582397,-0.05736184120178223,-0.16138948500156403,12.073256492614746,80,2,384,0,0,0
377,18.851156,22,227,1,1,28.87576675415039,28.893661499023438,1.492469072341919,-0.4091787338256836,1,30.0,-0.7943004965782166,-0.05446982383728027,-0.16440682113170624,12.073256492614746,80,2,384,0,0,0
378,18.901158,72,227,1,0,28.87576675415039,28.893661499023438,1.492469072341919,-0.4091787338256836,1,30.0,-0.7943004965782166,-0.05446982383728027,-0.16440682113170624,12.073256492614746,80,2,384,0,0,0
379,18.951164,40,228,1,1,28.98783302307129,28.975439071655273,1.4355621337890625,-0.433549165725708,1,30.0,-0.7702422738075256,-0.052007198333740234,-0.15960779786109924,12.073256492614746,80,2,384,0,0,0
380,19.001185,6,229,1,1,29.111827850341797,29.11864471435547,1.4120709896087646,-0.4200589060783386,1,30.0,-0.7673071622848511,-0.04914766550064087,-0.15959100425243378,12.073256492614746,80,2,384,0,0,0
381,19.051155,56,229,1,0,29.111827850341797,29.11864471435547,1.4120709896087646,-0.4200589060783386,1,30.0,-0.7673071622848511,-0.04914766550064087,-0.15959100425243378,12.073256492614746,80,2,384,0,0,0
382,19.101156,24,230,1,1,29.249679565429688,29.282323837280273,1.439063310623169,-0.3559432625770569,1,30.0,-0.7959091663360596,-0.04572272300720215,-0.1667080819606781,12.073256492614746,80,2,384,0,0,0
383,19.151174,74,230,1,0,29.249679565429688,29.282323837280273,1.439063310623169,-0.3559432625770569,1,30.0,-0.7959091663360596,-0.04572272300720215,-0.1667080819606781,12.073256492614746,80,2,384,0,0,0
384,19.201173,44,231,1,1,29.3978214263916,29.44600486755371,1.4999735355377197,-0.26263466477394104,1,30.0,-0.8457881212234497,-0.04191619157791138,-0.17863820493221283,12.077445030212402,80,2,384,0,0,0
385,19.251174,13,232,1,1,29.535049438476562,29.558496475219727,1.5222216844558716,-0.2171940803527832,1,30.0,-0.8714874982833862,-0.038281023502349854,-0.18515700101852417,12.077445030212402,0,0,0,0,0,0
386,19.301155,63,232,1,0,29.535049438476562,29.558496475219727,1.5222216844558716,-0.2171940803527832,1,30.0,-0.8714874982833862,-0.038281023502349854,-0.18515700101852417,12.077445030212402,0,0,0,0,0,0
387,19.351162,31,233,1,1,29.6173095703125,29.558496475219727,1.3944112062454224,-0.33204084634780884,1,30.0,-0.8022046089172363,-0.03618514537811279,-0.17022652924060822,12.077445030212402,0,0,0,0,0,0
388,19.401159,81,233,1,0,29.6173095703125,29.558496475219727,1.3944112062454224,-0.33204084634780884,1,30.0,-0.8022046089172363,-0.03618514537811279,-0.17022652924060822,12.077445030212402,0,0,0,0,0,0
389,19.451189,47,234,1,1,29.71146011352539,29.681224822998047,1.3090548515319824,-0.3920177221298218,1,30.0,-0.7594643235206604,-0.03366684913635254,-0.161288321018219,12.077445030212402,0,0,0,0,0,0
390,19.501156,13,235,1,1,29.800342559814453,29.77324104309082,1.2242456674575806,-0.44614988565444946,1,30.0,-0.7165782451629639,-0.031245648860931396,-0.15229612588882446,12.077445030212402,0,0,0,0,0,0
391,19.551155,63,235,1,0,29.800342559814453,29.77324104309082,1.2242456674575806,-0.44614988565444946,1,30.0,-0.7165782451629639,-0.031245648860931396,-0.15229612588882446,12.077445030212402,0,0,0,0,0,0
392,19.601156,32,236,1,1,29.892898559570312,29.885732650756836,1.1745922565460205,-0.4602566659450531,1,30.0,-0.6951162219047546,-0.028638601303100586,-0.1481061428785324,12.077445030212402,0,0,0,0,0,0
393,19.651176,82,236,1,0,29.892898559570312,29.885732650756836,1.1745922565460205,-0.4602566659450531,1,30.0,-0.6951162219047546,-0.028638601303100586,-0.1481061428785324,12.077445030212402,0,0,0,0,0,0
394,19.70118,48,237,1,1,30.03212547302246,30.090364456176758,1.2469013929367065,-0.3443949818611145,1,30.0,-0.7510321736335754,-0.0245475172996521,-0.16144102811813354,12.077445030212402,0,0,0,0,0,0
395,19.75116,14,238,1,1,30.138084411621094,30.141427993774414,1.2243728637695312,-0.3377110958099365,1,30.0,-0.7470512986183167,-0.021341383457183838,-0.16126888990402222,12.077445030212402,80,2,384,0,0,0
396,19.801155,64,238,1,0,30.138084411621094,30.141427993774414,1.2243728637695312,-0.3377110958099365,1,30.0,-0.7470512986183167,-0.021341383457183838,-0.16126888990402222,12.077445030212402,80,2,384,0,0,0
397,19.851156,32,239,1,1,30.274341583251953,30.325584411621094,1.2938112020492554,-0.23624253273010254,1,30.0,-0.8009775280952454,-0.01713639497756958,-0.17418691515922546,12.077445030212402,80,2,384,0,0,0
398,19.901158,82,239,1,0,30.274341583251953,30.325584411621094,1.2938112020492554,-0.23624253273010254,1,30.0,-0.8009775280952454,-0.01713639497756958,-0.17418691515922546,12.077445030212402,80,2,384,0,0,0
399,19.951196,47,240,1,1,30.359039306640625,30.325584411621094,1.2095146179199219,-0.3033329248428345,1,30.0,-0.7580223083496094,-0.014375925064086914,-0.16525477170944214,12.077445030212402,80,2,384,0,0,0
400,20.001156,13,241,1,1,30.437530517578125,30.40736198425293,1.126143455505371,-0.3638145327568054,1,30.0,-0.7150638699531555,-0.011716008186340332,-0.15629953145980835,12.077445030212402,80,2,384,0,0,0
401,20.051158,63,241,1,0,30.437530517578125,30.40736198425293,1.126143455505371,-0.3638145327568054,1,30.0,-0.7150638699531555,-0.011716008186340332,-0.15629953145980835,12.077445030212402,80,2,384,0,0,0
402,20.101156,32,242,1,1,30.511484146118164,30.489139556884766,1.0545564889907837,-0.407833456993103,1,30.0,-0.6787675023078918,-0.009125471115112305,-0.14880934357643127,12.077445030212402,80,2,384,0,0,0
403,20.151166,82,242,1,0,30.511484146118164,30.489139556884766,1.0545564889907837,-0.407833456993103,1,30.0,-0.6787675023078918,-0.009125471115112305,-0.14880934357643127,12.077445030212402,80,2,384,0,0,0
404,20.201168,48,243,1,1,30.694454193115234,30.826738357543945,1.2719635963439941,-0.14478743076324463,1,30.0,-0.8256790637969971,-0.0032271742820739746,-0.1827670931816101,12.077445030212402,80,2,384,0,0,0
405,20.251156,14,244,1,1,30.889217376708984,31.010770797729492,1.492134690284729,0.0980004370212555,1,30.0,-0.9753103852272034,0.0032059550285339355,-0.21744805574417114,12.077445030212402,80,2,384,0,0,0
406,20.301168,64,244,1,0,30.889217376708984,31.010770797729492,1.492134690284729,0.0980004370212555,1,30.0,-0.9753103852272034,0.0032059550285339355,-0.21744805574417114,12.077445030212402,0,0,0,0,0,0
407,20.351156,33,245,1,1,30.989219665527344,30.959705352783203,1.4445161819458008,0.039937615394592285,1,30.0,-0.9557395577430725,0.0069618821144104,-0.21393364667892456,12.077445030212402,0,0,0,0,0,0
408,20.401167,83,245,1,0,30.989219665527344,30.959705352783203,1.4445161819458008,0.039937615394592285,1,30.0,-0.9557395577430725,0.0069618821144104,-0.21393364667892456,12.077445030212402,0,0,0,0,0,0
409,20.451169,47,246,1,1,31.113405227661133,31.113147735595703,1.447454810142517,0.03941947966814041,1,30.0,-0.9686794281005859,0.011478781700134277,-0.2178129404783249,12.077445030212402,0,0,0,0,0,0
410,20.501163,14,247,1,1,31.204425811767578,31.164213180541992,1.3739218711853027,-0.04079531133174896,1,30.0,-0.932751476764679,0.0151558518409729,-0.21064607799053192,12.077445030212402,0,0,0,0,0,0
411,20.551155,64,247,1,0,31.204425811767578,31.164213180541992,1.3739218711853027,-0.04079531133174896,1,30.0,-0.932751476764679,0.0151558518409729,-0.21064607799053192,12.077445030212402,0,0,0,0,0,0
412,20.601166,33,248,1,1,31.350610733032227,31.399433135986328,1.4624361991882324,0.055119387805461884,1,30.0,-0.9990167021751404,0.0205652117729187,-0.22657376527786255,12.077445030212402,0,0,0,0,0,0
413,20.651163,83,248,1,0,31.350610733032227,31.399433135986328,1.4624361991882324,0.055119387805461884,1,30.0,-0.9990167021751404,0.0205652117729187,-0.22657376527786255,12.077445030212402,0,0,0,0,0,0
414,20.701202,48,249,1,1,31.56385040283203,31.685842514038086,1.7003076076507568,0.29866480827331543,1,30.0,-1.1609312295913696,0.028042852878570557,-0.26421648263931274,12.077445030212402,0,0,0,0,0,0
415,20.751167,14,250,1,1,31.745933532714844,31.7983341217041,1.8257436752319336,0.403439998626709,1,30.0,-1.2525802850723267,0.03483462333679199,-0.28609219193458557,12.077445030212402,80,2,384,0,0,0
416,20.801191,64,250,1,0,31.745933532714844,31.7983341217041,1.8257436752319336,0.403439998626709,1,30.0,-1.2525802850723267,0.03483462333679199,-0.28609219193458557,12.077445030212402,80,2,384,0,0,0
417,20.851156,32,251,1,1,31.83421516418457,31.747270584106445,1.6941747665405273,0.2315157949924469,1,30.0,-1.1815842390060425,0.038967132568359375,-0.2712336480617523,12.077445030212402,80,2,384,0,0,0
418,20.901157,82,251,1,0,31.83421516418457,31.747270584106445,1.6941747665405273,0.2315157949924469,1,30.0,-1.1815842390060425,0.038967132568359375,-0.2712336480617523,12.077445030212402,80,2,384,0,0,0
419,20.95119,47,252,1,1,31.954587936401367,31.921062469482422,1.6495943069458008,0.16442984342575073,1,30.0,-1.165669560432434,0.04404574632644653,-0.2688256502151489,12.077445030212402,80,2,384,0,0,0
420,21.001156,13,253,1,1,32.11581039428711,32.14604568481445,1.721337080001831,0.2248968482017517,1,30.0,-1.2232252359390259,0.050641536712646484,-0.2830815017223358,12.077445030212402,80,2,384,0,0,0
421,21.051155,63,253,1,0,32.11581039428711,32.14604568481445,1.721337080001831,0.2248968482017517,1,30.0,-1.2232252359390259,0.050641536712646484,-0.2830815017223358,12.077445030212402,80,2,384,0,0,0
422,21.101155,32,254,1,1,32.24425506591797,32.22794723510742,1.7088637351989746,0.19285449385643005,1,30.0,-1.2273012399673462,0.05618751049041748,-0.2852197289466858,12.077445030212402,80,2,384,0,0,0
423,21.151176,82,254,1,0,32.24425506591797,32.22794723510742,1.7088637351989746,0.19285449385643005,1,30.0,-1.2273012399673462,0.05618751049041748,-0.2852197289466858,12.077445030212402,80,2,384,0,0,0
424,21.201165,47,255,1,1,32.43818664550781,32.504119873046875,1.8512263298034668,0.32436567544937134,1,30.0,-1.3301726579666138,0.0638008713722229,-0.30977189540863037,12.077445030212402,80,2,384,0,0,0
425,21.251166,13,256,1,1,32.65576171875,32.739341735839844,2.0383799076080322,0.4912703037261963,1,30.0,-1.462046504020691,0.07240056991577148,-0.34098824858665466,12.077445030212402,87,2,384,0,0,0
426,21.301179,63,256,1,0,32.65576171875,32.739341735839844,2.0383799076080322,0.4912703037261963,1,30.0,-1.462046504020691,0.07240056991577148,-0.34098824858665466,12.077445030212402,87,2,384,0,0,0
427,21.351156,31,257,1,1,32.79312515258789,32.74958038330078,1.996280550956726,0.40527310967445374,1,30.0,-1.4491496086120605,0.07877886295318604,-0.33953964710235596,12.077445030212402,87,2,384,0,0,0
428,21.401166,81,257,1,0,32.79312515258789,32.74958038330078,1.996280550956726,0.40527310967445374,1,30.0,-1.4491496086120605,0.07877886295318604,-0.33953964710235596,12.077445030212402,87,2,384,0,0,0
429,21.451174,48,258,1,1,32.949058532714844,32.93360900878906,2.0006675720214844,0.3747361898422241,1,30.0,-1.4658159017562866,0.08569133281707764,-0.344779372215271,12.077445030212402,88,2,384,0,0,0
430,21.501156,14,259,1,1,33.10093307495117,33.07681655883789,1.9861904382705688,0.32676541805267334,1,30.0,-1.4707982540130615,0.0927543044090271,-0.3474561274051666,12.077445030212402,89,2,384,0,0,0
431,21.551156,64,259,1,0,33.10093307495117,33.07681655883789,1.9861904382705688,0.32676541805267334,1,30.0,-1.4707982540130615,0.0927543044090271,-0.3474561274051666,12.077445030212402,89,2,384,0,0,0
432,21.601161,33,260,1,1,33.215126037597656,33.14847946166992,1.8874591588974,0.19604796171188354,1,30.0,-1.4218368530273438,0.09881585836410522,-0.3379228711128235,12.077445030212402,86,2,384,0,0,0
433,21.651163,83,260,1,0,33.215126037597656,33.14847946166992,1.8874591588974,0.19604796171188354,1,30.0,-1.4218368530273438,0.09881585836410522,-0.3379228711128235,12.077445030212402,86,2,384,0,0,0
434,21.701168,47,261,1,1,33.40639114379883,33.445003509521484,1.978511929512024,0.27348870038986206,1,30.0,-1.4936823844909668,0.10712593793869019,-0.355735182762146,12.077445030212402,91,2,384,0,0,0
435,21.751156,14,262,1,1,33.53551483154297,33.48595428466797,1.9066438674926758,0.174795001745224,1,30.0,-1.4621827602386475,0.11389505863189697,-0.35023951530456543,12.077445030212402,89,2,384,0,0,0
436,21.801155,64,262,1,0,33.53551483154297,33.48595428466797,1.9066438674926758,0.174795001745224,1,30.0,-1.4621827602386475,0.11389505863189697,-0.35023951530456543,12.077445030212402,89,2,384,0,0,0
437,21.851157,33,263,1,1,33.69905090332031,33.7109375,1.9431403875350952,0.19811581075191498,1,30.0,-1.4987988471984863,0.1218063235282898,-0.360134482383728,12.077445030212402,92,2,384,0,0,0
438,21.901162,83,263,1,0,33.69905090332031,33.7109375,1.9431403875350952,0.19811581075191498,1,30.0,-1.4987988471984863,0.1218063235282898,-0.360134482383728,12.077445030212402,92,2,384,0,0,0
439,21.951176,48,264,1,1,33.80010223388672,33.7109375,1.7896521091461182,0.020301133394241333,1,30.0,-1.4158004522323608,0.12779712677001953,-0.3430216908454895,12.077445030212402,87,2,384,0,0,0
440,22.001158,14,265,1,1,33.90556335449219,33.843902587890625,1.673340916633606,-0.10288218408823013,1,30.0,-1.355505347251892,0.13419103622436523,-0.33104363083839417,12.077445030212402,84,2,384,0,0,0
441,22.051155,64,265,1,0,33.90556335449219,33.843902587890625,1.673340916633606,-0.10288218408823013,1,30.0,-1.355505347251892,0.13419103622436523,-0.33104363083839417,12.077445030212402,84,2,384,0,0,0
442,22.101155,33,266,1,1,34.02689743041992,34.00758361816406,1.6286580562591553,-0.14083383977413177,1,30.0,-1.3396155834197998,0.14115071296691895,-0.3290591835975647,12.077445030212402,84,2,384,0,0,0
443,22.151161,83,266,1,0,34.02689743041992,34.00758361816406,1.6286580562591553,-0.14083383977413177,1,30.0,-1.3396155834197998,0.14115071296691895,-0.3290591835975647,12.077445030212402,84,2,384,0,0,0
444,22.201166,47,267,1,1,34.159828186035156,34.150787353515625,1.5991684198379517,-0.1589745432138443,1,30.0,-1.333885669708252,0.14836013317108154,-0.32938796281814575,12.002065658569336,84,2,384,0,0,0
445,22.251156,14,268,1,1,34.26698303222656,34.232566833496094,1.5203107595443726,-0.22751399874687195,1,30.0,-1.2962150573730469,0.1551106572151184,-0.3225167989730835,12.002065658569336,82,2,384,0,0,0
446,22.301155,64,268,1,0,34.26698303222656,34.232566833496094,1.5203107595443726,-0.22751399874687195,1,30.0,-1.2962150573730469,0.1551106572151184,-0.3225167989730835,12.002065658569336,82,2,384,0,0,0
447,22.35116,33,269,1,1,34.319610595703125,34.222328186035156,1.3191165924072266,-0.41835445165634155,1,30.0,-1.1802349090576172,0.16031640768051147,-0.29790031909942627,12.002065658569336,80,2,384,0,0,0
448,22.401158,83,269,1,0,34.319610595703125,34.222328186035156,1.3191165924072266,-0.41835445165634155,1,30.0,-1.1802349090576172,0.16031640768051147,-0.29790031909942627,12.002065658569336,80,2,384,0,0,0
449,22.451163,48,270,1,1,34.35132598876953,34.24280548095703,1.076308012008667,-0.6347469091415405,1,30.0,-1.037404179573059,0.16472351551055908,-0.2671394944190979,12.002065658569336,80,2,384,0,0,0
450,22.501156,14,271,1,1,34.36952590942383,34.27351760864258,0.8392648100852966,-0.8265360593795776,1,30.0,-0.8968162536621094,0.16896820068359375,-0.23684099316596985,12.002065658569336,80,2,384,0,0,0
451,22.551161,64,271,1,0,34.36952590942383,34.27351760864258,0.8392648100852966,-0.8265360593795776,1,30.0,-0.8968162536621094,0.16896820068359375,-0.23684099316596985,12.002065658569336,80,2,384,0,0,0
452,22.601156,32,272,1,1,34.39332962036133,34.33481979370117,0.6607455611228943,-0.9421526789665222,1,30.0,-0.7918470501899719,0.17339634895324707,-0.21449853479862213,12.002065658569336,80,2,384,0,0,0
453,22.651158,82,272,1,0,34.39332962036133,34.33481979370117,0.6607455611228943,-0.9421526789665222,1,30.0,-0.7918470501899719,0.17339634895324707,-0.21449853479862213,12.002065658569336,80,2,384,0,0,0
454,22.701169,47,273,1,1,34.46820068359375,34.49850082397461,0.6387180089950562,-0.8815511465072632,1,30.0,-0.7853689193725586,0.17915713787078857,-0.21433912217617035,12.002065658569336,80,2,384,0,0,0
455,22.751167,14,274,1,1,34.492671966552734,34.457550048828125,0.49865883588790894,-0.9513720870018005,1,30.0,-0.703535795211792,0.18368929624557495,-0.19716113805770874,12.002065658569336,80,2,384,0,0,0
456,22.801156,64,274,1,0,34.492671966552734,34.457550048828125,0.49865883588790894,-0.9513720870018005,1,30.0,-0.703535795211792,0.18368929624557495,-0.19716113805770874,12.002065658569336,80,2,384,0,0,0
457,22.851196,33,275,1,1,34.448490142822266,34.33481979370117,0.20823414623737335,-1.1741565465927124,1,30.0,-0.5253046154975891,0.18618255853652954,-0.15810826420783997,12.002065658569336,80,2,384,0,0,0
458,22.901175,83,275,1,0,34.448490142822266,34.33481979370117,0.20823414623737335,-1.1741565465927124,1,30.0,-0.5253046154975891,0.18618255853652954,-0.15810826420783997,12.002065658569336,80,2,384,0,0,0
459,22.951199,48,276,1,1,34.378334045410156,34.26327896118164,-0.11121989041566849,-1.4034830331802368,1,30.0,-0.3273181617259979,0.18763667345046997,-0.1144343912601471,12.023003578186035,80,2,384,0,0,0
460,23.001156,14,277,1,1,34.36466979980469,34.36553192138672,-0.22746148705482483,-1.4017597436904907,1,30.0,-0.25634339451789856,0.19094842672348022,-0.0993981808423996,12.023003578186035,80,2,384,0,0,0
461,23.051157,64,277,1,0,34.36466979980469,34.36553192138672,-0.22746148705482483,-1.4017597436904907,1,30.0,-0.25634339451789856,0.19094842672348022,-0.0993981808423996,12.023003578186035,80,2,384,0,0,0
462,23.101156,33,278,1,1,34.31745147705078,34.283756256103516,-0.4044138789176941,-1.467961311340332,1,30.0,-0.14592230319976807,0.19324177503585815,-0.07536979764699936,12.023003578186035,80,2,384,0,0,0
463,23.151175,83,278,1,0,34.31745147705078,34.283756256103516,-0.4044138789176941,-1.467961311340332,1,30.0,-0.14592230319976807,0.19324177503585815,-0.07536979764699936,12.023003578186035,80,2,384,0,0,0
464,23.201168,48,279,1,1,34.32767105102539,34.39624786376953,-0.39811402559280396,-1.3311265707015991,1,30.0,-0.15062196552753448,0.1970023512840271,-0.07724984735250473,12.023003578186035,80,2,384,0,0,0
465,23.251156,13,280,1,1,34.25215530395508,34.20185470581055,-0.6080983877182007,-1.4321860074996948,1,30.0,-0.017834961414337158,0.19863176345825195,-0.04810371249914169,12.023003578186035,80,2,384,0,0,0
466,23.301155,63,280,1,0,34.25215530395508,34.20185470581055,-0.6080983877182007,-1.4321860074996948,1,30.0,-0.017834961414337158,0.19863176345825195,-0.04810371249914169,12.023003578186035,0,0,0,0,0,0
467,23.351156,32,281,1,1,34.10982131958008,33.98710632324219,-0.9555948376655579,-1.6738215684890747,1,30.0,0.20347300171852112,0.19776344299316406,0.0,12.023003578186035,0,0,0,0,0,0
468,23.401163,82,281,1,0,34.10982131958008,33.98710632324219,-0.9555948376655579,-1.6738215684890747,1,30.0,0.20347300171852112,0.19776344299316406,0.0,12.023003578186035,0,0,0,0,0,0
469,23.451166,48,282,1,1,33.98253631591797,33.925804138183594,-1.2040629386901855,-1.786429524421692,1,30.0,0.3640095293521881,0.19723284244537354,0.22236891090869904,12.023003578186035,80,1,0,0,0,0
470,23.501162,14,283,1,1,33.81459045410156,33.73141098022461,-1.5129170417785645,-1.952186942100525,1,30.0,0.5644370913505554,0.19557958841323853,0.49180999398231506,12.023003578186035,125,1,0,0,0,0
471,23.551155,64,283,1,0,33.81459045410156,33.73141098022461,-1.5129170417785645,-1.952186942100525,1,30.0,0.5644370913505554,0.19557958841323853,0.49180999398231506,12.023003578186035,125,1,0,0,0,0
472,23.601156,33,284,1,1,33.70048141479492,33.72117233276367,-1.6321520805358887,-1.9115790128707886,1,30.0,0.646247923374176,0.19539868831634521,0.601132333278656,12.023003578186035,153,1,0,0,0,0
473,23.651164,83,284,1,0,33.70048141479492,33.72117233276367,-1.6321520805358887,-1.9115790128707886,1,30.0,0.646247923374176,0.19539868831634521,0.601132333278656,12.023003578186035,153,1,0,0,0,0
474,23.701172,48,285,1,1,33.62056350708008,33.7109375,-1.6219829320907593,-1.7313294410705566,1,30.0,0.6473390460014343,0.19596153497695923,0.6018366813659668,12.023003578186035,153,1,0,0,0,0
475,23.751156,14,286,1,1,33.481475830078125,33.48595428466797,-1.758841633796692,-1.722381353378296,1,30.0,0.7419722080230713,0.19486641883850098,0.7294743061065674,12.023003578186035,186,1,0,0,0,0
476,23.801155,64,286,1,0,33.481475830078125,33.48595428466797,-1.758841633796692,-1.722381353378296,1,30.0,0.7419722080230713,0.19486641883850098,0.7294743061065674,12.023003578186035,186,1,0,0,0,0
477,23.851156,33,287,1,1,33.3287239074707,33.32227325439453,-1.9104969501495361,-1.7350581884384155,1,30.0,0.8467130064964294,0.193243145942688,0.8712931275367737,12.023003578186035,222,1,0,0,0,0
478,23.901158,83,287,1,0,33.3287239074707,33.32227325439453,-1.9104969501495361,-1.7350581884384155,1,30.0,0.8467130064964294,0.193243145942688,0.8712931275367737,12.023003578186035,222,1,0,0,0,0
479,23.95117,47,288,1,1,33.128028869628906,33.08705139160156,-2.1384851932525635,-1.8172812461853027,1,30.0,1.0015685558319092,0.18988525867462158,1.0,12.023003578186035,255,1,0,0,0,1
480,24.001156,14,289,1,1,32.90535354614258,32.85183334350586,-2.3914222717285156,-1.9238457679748535,1,30.0,1.1733715534210205,0.1832050085067749,1.0,12.023003578186035,255,1,0,0,0,1
481,24.051155,64,289,1,0,32.90535354614258,32.85183334350586,-2.3914222717285156,-1.9238457679748535,1,30.0,1.1733715534210205,0.1832050085067749,1.0,12.023003578186035,255,1,0,0,0,1
482,24.10117,33,290,1,1,32.71526336669922,32.729103088378906,-2.5212554931640625,-1.896701693534851,1,30.0,1.2683796882629395,0.17750227451324463,1.0,12.023003578186035,255,1,0,0,0,1
483,24.151164,83,290,1,0,32.71526336669922,32.729103088378906,-2.5212554931640625,-1.896701693534851,1,30.0,1.2683796882629395,0.17750227451324463,1.0,12.023003578186035,255,1,0,0,0,1
484,24.201178,48,291,1,1,32.59303283691406,32.729103088378906,-2.4226415157318115,-1.625432014465332,1,30.0,1.2202119827270508,0.1738353967666626,1.0,12.023003578186035,255,1,0,0,0,1
485,24.251156,14,292,1,1,32.490570068359375,32.637088775634766,-2.2788290977478027,-1.3328043222427368,1,30.0,1.143146276473999,0.17076146602630615,1.0,12.023003578186035,255,1,0,0,0,1
486,24.301155,64,292,1,0,32.490570068359375,32.637088775634766,-2.2788290977478027,-1.3328043222427368,1,30.0,1.143146276473999,0.17076146602630615,1.0,12.023003578186035,255,1,0,0,0,1
487,24.351156,32,293,1,1,32.33367156982422,32.38138961791992,-2.2978122234344482,-1.2385309934616089,1,30.0,1.1686569452285767,0.16605454683303833,1.0,12.023003578186035,255,1,0,0,0,1
488,24.401159,82,293,1,0,32.33367156982422,32.38138961791992,-2.2978122234344482,-1.2385309934616089,1,30.0,1.1686569452285767,0.16605454683303833,1.0,12.023003578186035,255,1,0,0,0,1
489,24.451173,47,294,1,1,32.18219757080078,32.2484245300293,-2.2762198448181152,-1.1061079502105713,1,30.0,1.1693341732025146,0.16151028871536255,1.0,12.023003578186035,255,1,0,0,0,1
490,24.501156,13,295,1,1,32.06711959838867,32.1767578125,-2.159153938293457,-0.8869696855545044,1,30.0,1.1094516515731812,0.15805798768997192,1.0,12.023003578186035,255,1,0,0,0,1
491,24.551155,63,295,1,0,32.06711959838867,32.1767578125,-2.159153938293457,-0.8869696855545044,1,30.0,1.1094516515731812,0.15805798768997192,1.0,12.023003578186035,255,1,0,0,0,1
492,24.601156,32,296,1,1,31.93683433532715,32.002967834472656,-2.1065750122070312,-0.7570797204971313,1,30.0,1.0896300077438354,0.15414941310882568,1.0,12.023003578186035,255,1,0,0,0,1
493,24.651163,82,296,1,0,31.93683433532715,32.002967834472656,-2.1065750122070312,-0.7570797204971313,1,30.0,1.0896300077438354,0.15414941310882568,1.0,12.023003578186035,255,1,0,0,0,1
494,24.701188,48,297,1,1,31.903331756591797,32.105220794677734,-1.786747932434082,-0.35678064823150635,1,30.0,0.9007489085197449,0.15314435958862305,0.9968060851097107,12.023003578186035,254,1,0,0,0,0
495,24.751156,13,298,1,1,31.869815826416016,32.03355407714844,-1.502817988395691,-0.028786838054656982,1,30.0,0.7334073781967163,0.15375661849975586,0.7728676795959473,12.023003578186035,197,1,0,0,0,0
496,24.801155,63,298,1,0,31.869815826416016,32.03355407714844,-1.502817988395691,-0.028786838054656982,1,30.0,0.7334073781967163,0.15375661849975586,0.7728676795959473,12.023003578186035,197,1,0,0,0,0
497,24.851156,31,299,1,1,31.858396530151367,32.01320266723633,-1.2118277549743652,0.277399480342865,1,30.0,0.559840977191925,0.15500342845916748,0.5397834181785583,12.023003578186035,138,1,0,0,0,0
498,24.901166,81,299,1,0,31.858396530151367,32.01320266723633,-1.2118277549743652,0.277399480342865,1,30.0,0.559840977191925,0.15500342845916748,0.5397834181785583,12.023003578186035,138,1,0,0,0,0
499,24.951165,47,300,1,1,31.88229751586914,32.05403137207031,-0.8613022565841675,0.6189372539520264,1,30.0,0.3473746180534363,0.157207190990448,0.25355657935142517,12.023003578186035,80,1,0,0,0,0
500,25.001188,14,301,1,1,31.96575927734375,32.1767578125,-0.4091397225856781,1.0372672080993652,1,30.0,0.0685655027627945,0.16131097078323364,0.0,12.023003578186035,0,0,0,0,0,0
501,25.051155,64,301,1,0,31.96575927734375,32.1767578125,-0.4091397225856781,1.0372672080993652,1,30.0,0.0685655027627945,0.16131097078323364,0.0,12.023003578186035,0,0,0,0,0,0
502,25.10118,33,302,1,1,32.053524017333984,32.21771240234375,-0.017241209745407104,1.358721375465393,1,30.0,-0.17447243630886078,0.16561490297317505,-0.07557496428489685,12.023003578186035,80,2,384,0,0,0
503,25.151161,83,302,1,0,32.053524017333984,32.21771240234375,-0.017241209745407104,1.358721375465393,1,30.0,-0.17447243630886078,0.16561490297317505,-0.07557496428489685,12.023003578186035,80,2,384,0,0,0
504,25.201166,48,303,1,1,32.18915939331055,32.37115478515625,0.4456250071525574,1.721367359161377,1,30.0,-0.46439939737319946,0.17132675647735596,-0.14127248525619507,12.023003578186035,80,2,384,0,0,0
505,25.251156,14,304,1,1,32.35139083862305,32.51435852050781,0.9020856618881226,2.046862840652466,1,30.0,-0.7528766393661499,0.17805451154708862,-0.2068735957145691,12.023003578186035,80,2,384,0,0,0
506,25.301162,64,304,1,0,32.35139083862305,32.51435852050781,0.9020856618881226,2.046862840652466,1,30.0,-0.7528766393661499,0.17805451154708862,-0.2068735957145691,12.023003578186035,80,2,384,0,0,0
507,25.351156,32,305,1,1,32.4794921875,32.54494857788086,1.1938421726226807,2.1762068271636963,1,30.0,-0.9394596219062805,0.18389618396759033,-0.24963465332984924,12.023003578186035,80,2,384,0,0,0
508,25.401162,82,305,1,0,32.4794921875,32.54494857788086,1.1938421726226807,2.1762068271636963,1,30.0,-0.9394596219062805,0.18389618396759033,-0.24963465332984924,12.023003578186035,80,2,384,0,0,0
509,25.451165,48,306,1,1,32.64702606201172,32.729103088378906,1.5330309867858887,2.3394525051116943,1,30.0,-1.1580510139465332,0.19090580940246582,-0.2997681796550751,12.023003578186035,80,2,384,0,0,0
510,25.501156,14,307,1,1,32.89445495605469,33.04610061645508,2.0193705558776855,2.6419646739959717,1,30.0,-1.472123384475708,0.20057862997055054,-0.3717115819454193,12.023003578186035,95,2,384,0,0,0
511,25.551158,64,307,1,0,32.89445495605469,33.04610061645508,2.0193705558776855,2.6419646739959717,1,30.0,-1.472123384475708,0.20057862997055054,-0.3717115819454193,12.023003578186035,95,2,384,0,0,0
512,25.601156,33,308,1,1,33.12648010253906,33.209781646728516,2.390033721923828,2.805537223815918,1,30.0,-1.7154035568237305,0.20999962091445923,-0.4278673529624939,12.023003578186035,109,2,384,0,0,0
513,25.651161,83,308,1,0,33.12648010253906,33.209781646728516,2.390033721923828,2.805537223815918,1,30.0,-1.7154035568237305,0.20999962091445923,-0.4278673529624939,12.023003578186035,109,2,384,0,0,0
514,25.701171,47,309,1,1,33.45054626464844,33.598445892333984,2.9155445098876953,3.102250099182129,1,30.0,-2.059875965118408,0.22222286462783813,-0.5071330666542053,12.023003578186035,129,2,384,0,0,0
515,25.751156,14,310,1,1,33.762447357177734,33.843902587890625,3.3284239768981934,3.2644498348236084,1,30.0,-2.33567476272583,0.23451286554336548,-0.5711528062820435,12.023003578186035,146,2,384,0,0,0
516,25.801155,64,310,1,0,33.762447357177734,33.843902587890625,3.3284239768981934,3.2644498348236084,1,30.0,-2.33567476272583,0.23451286554336548,-0.5711528062820435,12.023003578186035,146,2,384,0,0,0
517,25.851156,33,311,1,1,34.07932662963867,34.130313873291016,3.688636302947998,3.3644723892211914,1,30.0,-2.5803213119506836,0.2472173571586609,-0.6283419132232666,12.023003578186035,160,2,384,0,0,0
518,25.901166,83,311,1,0,34.07932662963867,34.130313873291016,3.688636302947998,3.3644723892211914,1,30.0,-2.5803213119506836,0.2472173571586609,-0.6283419132232666,12.023003578186035,160,2,384,0,0,0
519,25.951163,48,312,1,1,34.32379913330078,34.21208953857422,3.7612733840942383,3.141721248626709,1,30.0,-2.6459062099456787,0.2578149437904358,-0.645271360874176,11.993690490722656,165,2,384,0,0,0
520,26.00116,14,313,1,1,34.58661651611328,34.49850082397461,3.8565523624420166,2.9656972885131836,1,30.0,-2.72672700881958,0.2693747282028198,-0.6658003926277161,11.993690490722656,170,2,384,0,0,0
521,26.051158,64,313,1,0,34.58661651611328,34.49850082397461,3.8565523624420166,2.9656972885131836,1,30.0,-2.72672700881958,0.2693747282028198,-0.6658003926277161,11.993690490722656,170,2,384,0,0,0
522,26.101156,33,314,1,1,34.82273864746094,34.703006744384766,3.871445655822754,2.7304277420043945,1,30.0,-2.756913900375366,0.2803570032119751,-0.6749491095542908,11.993690490722656,172,2,384,0,0,0
523,26.151164,83,314,1,0,34.82273864746094,34.703006744384766,3.871445655822754,2.7304277420043945,1,30.0,-2.756913900375366,0.2803570032119751,-0.6749491095542908,11.993690490722656,172,2,384,0,0,0
524,26.201168,47,315,1,1,35.09992599487305,35.009891510009766,3.9331881999969482,2.5497586727142334,1,30.0,-2.818906545639038,0.2925308346748352,-0.6914305090904236,11.993690490722656,176,2,384,0,0,0
525,26.251164,14,316,1,1,35.40250778198242,35.35760498046875,4.059151649475098,2.4603424072265625,1,30.0,-2.9217166900634766,0.30594319105148315,-0.7172577381134033,11.993690490722656,183,2,384,0,0,0
526,26.301155,64,316,1,0,35.40250778198242,35.35760498046875,4.059151649475098,2.4603424072265625,1,30.0,-2.9217166900634766,0.30594319105148315,-0.7172577381134033,11.993690490722656,183,2,384,0,0,0
527,26.351156,33,317,1,1,35.584205627441406,35.36784362792969,3.8519814014434814,2.0359532833099365,1,30.0,-2.813767433166504,0.3159862756729126,-0.6955007910728455,11.993690490722656,177,2,384,0,0,0
528,26.401165,83,317,1,0,35.584205627441406,35.36784362792969,3.8519814014434814,2.0359532833099365,1,30.0,-2.813767433166504,0.3159862756729126,-0.6955007910728455,11.993690490722656,177,2,384,0,0,0
529,26.45118,48,318,1,1,35.76449203491211,35.551998138427734,3.6192479133605957,1.6122920513153076,1,30.0,-2.6903531551361084,0.3258622884750366,-0.6702700853347778,12.027192115783691,171,2,384,0,0,0
530,26.501156,14,319,1,1,35.901485443115234,35.66448974609375,3.3011903762817383,1.1389319896697998,1,30.0,-2.511847972869873,0.33487188816070557,-0.6326043605804443,12.027192115783691,161,2,384,0,0,0
531,26.551163,64,319,1,0,35.901485443115234,35.66448974609375,3.3011903762817383,1.1389319896697998,1,30.0,-2.511847972869873,0.33487188816070557,-0.6326043605804443,12.027192115783691,161,2,384,0,0,0
532,26.60116,32,320,1,1,36.043006896972656,35.85875701904297,3.045876979827881,0.7749072909355164,1,30.0,-2.371396780014038,0.34413379430770874,-0.6034512519836426,12.027192115783691,154,2,384,0,0,0
533,26.651163,82,320,1,0,36.043006896972656,35.85875701904297,3.045876979827881,0.7749072909355164,1,30.0,-2.371396780014038,0.34413379430770874,-0.6034512519836426,12.027192115783691,154,2,384,0,0,0
534,26.701173,48,321,1,1,36.21003341674805,36.083866119384766,2.8706424236297607,0.5240228772163391,1,30.0,-2.2812886238098145,0.3539789915084839,-0.5856150388717651,12.027192115783691,149,2,384,0,0,0
535,26.751156,13,322,1,1,36.33326721191406,36.165645599365234,2.5930702686309814,0.1878451108932495,1,30.0,-2.1258363723754883,0.3629544973373413,-0.5530646443367004,12.027192115783691,141,2,384,0,0,0
536,26.801155,63,322,1,0,36.33326721191406,36.165645599365234,2.5930702686309814,0.1878451108932495,1,30.0,-2.1258363723754883,0.3629544973373413,-0.5530646443367004,12.027192115783691,141,2,384,0,0,0
537,26.851167,33,323,1,1,36.35474395751953,36.0941047668457,2.1196703910827637,-0.3220844864845276,1,30.0,-1.8437292575836182,0.36898213624954224,-0.49171364307403564,12.027192115783691,125,2,384,0,0,0
538,26.901165,83,323,1,0,36.35474395751953,36.0941047668457,2.1196703910827637,-0.3220844864845276,1,30.0,-1.8437292575836182,0.36898213624954224,-0.49171364307403564,12.027192115783691,125,2,384,0,0,0
539,26.951169,47,324,1,1,36.40555191040039,36.22706985473633,1.7496352195739746,-0.6794396638870239,1,30.0,-1.6262809038162231,0.37559014558792114,-0.4448602795600891,12.027192115783691,113,2,384,0,0,0
540,27.001201,14,325,1,1,36.408897399902344,36.21683120727539,1.3271839618682861,-1.0615129470825195,1,30.0,-1.3731112480163574,0.3811352252960205,-0.38983258605003357,12.027192115783691,99,2,384,0,0,0
541,27.051159,64,325,1,0,36.408897399902344,36.21683120727539,1.3271839618682861,-1.0615129470825195,1,30.0,-1.3731112480163574,0.3811352252960205,-0.38983258605003357,12.027192115783691,99,2,384,0,0,0
542,27.101156,32,326,1,1,36.41530990600586,36.278133392333984,0.9810502529144287,-1.331986904144287,1,30.0,-1.1660081148147583,0.3867751359939575,-0.3450629413127899,12.027192115783691,88,2,384,0,0,0
543,27.151212,82,326,1,0,36.41530990600586,36.278133392333984,0.9810502529144287,-1.331986904144287,1,30.0,-1.1660081148147583,0.3867751359939575,-0.3450629413127899,12.027192115783691,88,2,384,0,0,0
544,27.201174,46,327,1,1,36.424800872802734,36.329322814941406,0.6827064752578735,-1.5238031148910522,1,30.0,-0.9878560304641724,0.39219212532043457,-0.30667737126350403,12.027192115783691,80,2,384,0,0,0
545,27.251172,13,328,1,1,36.319580078125,36.10434341430664,0.14550405740737915,-1.9524178504943848,1,30.0,-0.6560646891593933,0.3948178291320801,-0.2335294783115387,12.027192115783691,80,2,384,0,0,0
546,27.301195,63,328,1,0,36.319580078125,36.10434341430664,0.14550405740737915,-1.9524178504943848,1,30.0,-0.6560646891593933,0.3948178291320801,-0.2335294783115387,12.027192115783691,80,2,384,0,0,0
547,27.351157,31,329,1,1,36.181053161621094,35.98148727416992,-0.39153802394866943,-2.345870018005371,1,30.0,-0.32137197256088257,0.39571768045425415,-0.15935325622558594,12.027192115783691,80,2,384,0,0,0
548,27.401159,81,329,1,0,36.181053161621094,35.98148727416992,-0.39153802394866943,-2.345870018005371,1,30.0,-0.32137197256088257,0.39571768045425415,-0.15935325622558594,12.027192115783691,80,2,384,0,0,0
549,27.451172,48,330,1,1,36.08243179321289,36.0019645690918,-0.7384459972381592,-2.504762649536133,1,30.0,-0.10435128211975098,0.3977038860321045,-0.11156782507896423,12.027192115783691,80,2,384,0,0,0
550,27.501156,13,331,1,1,36.019920349121094,36.032676696777344,-0.9269154667854309,-2.4792587757110596,1,30.0,0.014356434345245361,0.400998592376709,-0.08592048287391663,12.027192115783691,80,2,384,0,0,0
551,27.551164,63,331,1,0,36.019920349121094,36.032676696777344,-0.9269154667854309,-2.4792587757110596,1,30.0,0.014356434345245361,0.400998592376709,-0.08592048287391663,12.027192115783691,80,2,384,0,0,0
552,27.601156,33,332,1,1,35.964561462402344,36.0019645690918,-1.0552449226379395,-2.40616512298584,1,30.0,0.09633642435073853,0.40445476770401,-0.06847074627876282,12.027192115783691,80,2,384,0,0,0
553,27.651157,83,332,1,0,35.964561462402344,36.0019645690918,-1.0552449226379395,-2.40616512298584,1,30.0,0.09633642435073853,0.40445476770401,-0.06847074627876282,12.027192115783691,80,2,384,0,0,0
554,27.701167,47,333,1,1,35.92272186279297,36.0019645690918,-1.1102001667022705,-2.247532606124878,1,30.0,0.13307511806488037,0.40797126293182373,-0.06108803302049637,12.027192115783691,80,2,384,0,0,0
555,27.751156,14,334,1,1,35.837947845458984,35.85875701904297,-1.2570751905441284,-2.2061305046081543,1,30.0,0.22882986068725586,0.4104623794555664,-0.04036278277635574,12.027192115783691,80,2,384,0,0,0
556,27.801162,64,334,1,0,35.837947845458984,35.85875701904297,-1.2570751905441284,-2.2061305046081543,1,30.0,0.22882986068725586,0.4104623794555664,-0.04036278277635574,12.027192115783691,80,2,384,0,0,0
557,27.851156,32,335,1,1,35.791019439697266,35.879234313964844,-1.2713027000427246,-2.0321457386016846,1,30.0,0.24158990383148193,0.4140167832374573,-0.038317084312438965,12.027192115783691,80,2,384,0,0,0
558,27.90117,82,335,1,0,35.791019439697266,35.879234313964844,-1.2713027000427246,-2.0321457386016846,1,30.0,0.24158990383148193,0.4140167832374573,-0.038317084312438965,12.027192115783691,80,2,384,0,0,0
559,27.951173,48,336,1,1,35.6287956237793,35.56223678588867,-1.5687203407287598,-2.164424419403076,1,30.0,0.43464064598083496,0.41378283500671387,0.0,12.027192115783691,0,0,0,0,0,0
560,28.001158,14,337,1,1,35.48126220703125,35.470096588134766,-1.7718663215637207,-2.186692714691162,1,30.0,0.5698062777519226,0.41414129734039307,0.20755331218242645,12.027192115783691,80,1,0,0,0,0
561,28.051171,64,337,1,0,35.48126220703125,35.470096588134766,-1.7718663215637207,-2.186692714691162,1,30.0,0.5698062777519226,0.41414129734039307,0.20755331218242645,12.027192115783691,80,1,0,0,0,0
562,28.101156,33,338,1,1,35.414527893066406,35.53152084350586,-1.7289559841156006,-1.9569599628448486,1,30.0,0.5500661134719849,0.41679835319519043,0.177690327167511,12.027192115783691,80,1,0,0,0,0
563,28.151162,83,338,1,0,35.414527893066406,35.53152084350586,-1.7289559841156006,-1.9569599628448486,1,30.0,0.5500661134719849,0.41679835319519043,0.177690327167511,12.027192115783691,0,0,0,0,0,0
564,28.201172,48,339,1,1,35.3143196105957,35.3883171081543,-1.7538840770721436,-1.8093211650848389,1,30.0,0.5740417242050171,0.418123722076416,0.20789068937301636,12.027192115783691,80,1,0,0,0,0
565,28.251156,14,340,1,1,35.19623947143555,35.245113372802734,-1.8123022317886353,-1.7116550207138062,1,30.0,0.6197198033332825,0.41909849643707275,0.2674950659275055,12.027192115783691,80,1,0,0,0,0
566,28.301209,64,340,1,0,35.19623947143555,35.245113372802734,-1.8123022317886353,-1.7116550207138062,1,30.0,0.6197198033332825,0.41909849643707275,0.2674950659275055,12.027192115783691,80,1,0,0,0,0
567,28.351156,33,341,1,1,35.008243560791016,34.958702087402344,-2.044196844100952,-1.8090200424194336,1,30.0,0.775776207447052,0.4178754687309265,0.47720101475715637,12.027192115783691,122,1,0,0,0,0
568,28.401158,83,341,1,0,35.008243560791016,34.958702087402344,-2.044196844100952,-1.8090200424194336,1,30.0,0.775776207447052,0.4178754687309265,0.47720101475715637,12.027192115783691,122,1,0,0,0,0
569,28.451171,48,342,1,1,34.8528938293457,34.88716506958008,-2.13244891166687,-1.7406184673309326,1,30.0,0.842708945274353,0.4172215461730957,0.5673165321350098,12.027192115783691,145,1,0,0,0,0
570,28.501156,13,343,1,1,34.65534973144531,34.64170455932617,-2.3066699504852295,-1.7680357694625854,1,30.0,0.965020477771759,0.41566282510757446,0.7324768900871277,12.027192115783691,187,1,0,0,0,0
571,28.551168,63,343,1,0,34.65534973144531,34.64170455932617,-2.3066699504852295,-1.7680357694625854,1,30.0,0.965020477771759,0.41566282510757446,0.7324768900871277,12.027192115783691,187,1,0,0,0,0
572,28.601156,30,344,1,1,34.47494888305664,34.49850082397461,-2.408475637435913,-1.7211302518844604,1,30.0,1.0423400402069092,0.4139750599861145,0.8378199934959412,12.027192115783691,214,1,0,0,0,0
573,28.651157,80,344,1,0,34.47494888305664,34.49850082397461,-2.408475637435913,-1.7211302518844604,1,30.0,1.0423400402069092,0.4139750599861145,0.8378199934959412,12.027192115783691,214,1,0,0,0,0
574,28.701173,45,345,1,1,34.363155364990234,34.49850082397461,-2.294705390930176,-1.4497289657592773,1,30.0,0.9841393232345581,0.41442495584487915,0.7596191167831421,12.027192115783691,194,1,0,0,0,0
575,28.751158,14,346,1,1,34.23616027832031,34.324581146240234,-2.245614767074585,-1.2759007215499878,1,30.0,0.9661145210266113,0.41432374715805054,0.7357210516929626,12.027192115783691,188,1,0,0,0,0
576,28.801155,64,346,1,0,34.23616027832031,34.324581146240234,-2.245614767074585,-1.2759007215499878,1,30.0,0.9661145210266113,0.41432374715805054,0.7357210516929626,12.027192115783691,188,1,0,0,0,0
577,28.851156,33,347,1,1,34.06216812133789,34.079124450683594,-2.317312717437744,-1.242845892906189,1,30.0,1.0247925519943237,0.4124929904937744,0.8163993954658508,12.027192115783691,208,1,0,0,0,0
578,28.901158,83,347,1,0,34.06216812133789,34.079124450683594,-2.317312717437744,-1.242845892906189,1,30.0,1.0247925519943237,0.4124929904937744,0.8163993954658508,12.027192115783691,208,1,0,0,0,0
579,28.951172,48,348,1,1,33.83218765258789,33.79283905029297,-2.497898578643799,-1.3211027383804321,1,30.0,1.1538423299789429,0.4088432788848877,0.9933320879936218,12.027192115783691,253,1,0,0,0,0
580,29.001156,14,349,1,1,33.59665298461914,33.56772994995117,-2.664179563522339,-1.3788347244262695,1,30.0,1.2748090028762817,0.4050346612930298,1.0,12.027192115783691,255,1,0,0,0,1
581,29.051163,64,349,1,0,33.59665298461914,33.56772994995117,-2.664179563522339,-1.3788347244262695,1,30.0,1.2748090028762817,0.4050346612930298,1.0,12.027192115783691,255,1,0,0,0,1
582,29.101161,33,350,1,1,33.362300872802734,33.342750549316406,-2.8126580715179443,-1.4172450304031372,1,30.0,1.3849878311157227,0.39800411462783813,1.0,12.027192115783691,255,1,0,0,0,1
583,29.151158,83,350,1,0,33.362300872802734,33.342750549316406,-2.8126580715179443,-1.4172450304031372,1,30.0,1.3849878311157227,0.39800411462783813,1.0,12.027192115783691,255,1,0,0,0,1
584,29.201182,47,351,1,1,33.211307525634766,33.342750549316406,-2.681766986846924,-1.1534318923950195,1,30.0,1.320042610168457,0.393474280834198,1.0,12.027192115783691,255,1,0,0,0,1
585,29.251156,14,352,1,1,33.062259674072266,33.16883087158203,-2.574100971221924,-0.941169023513794,1,30.0,1.2688572406768799,0.38900285959243774,1.0,12.027192115783691,255,1,0,0,0,1
586,29.301199,64,352,1,0,33.062259674072266,33.16883087158203,-2.574100971221924,-0.941169023513794,1,30.0,1.2688572406768799,0.38900285959243774,1.0,12.027192115783691,255,1,0,0,0,1
587,29.351162,33,353,1,1,32.87676239013672,32.91313552856445,-2.5819809436798096,-0.8698088526725769,1,30.0,1.2902799844741821,0.3834379315376282,1.0,12.027192115783691,255,1,0,0,0,1
588,29.401195,83,353,1,0,32.87676239013672,32.91313552856445,-2.5819809436798096,-0.8698088526725769,1,30.0,1.2902799844741821,0.3834379315376282,1.0,12.027192115783691,255,1,0,0,0,1
589,29.451172,47,354,1,1,32.701560974121094,32.77005386352539,-2.525212049484253,-0.7324697375297546,1,30.0,1.2719868421554565,0.37818193435668945,1.0,12.023003578186035,255,1,0,0,0,1
590,29.501156,14,355,1,1,32.555908203125,32.64732360839844,-2.4116458892822266,-0.5504774451255798,1,30.0,1.2169559001922607,0.37381231784820557,1.0,12.023003578186035,255,1,0,0,0,1
591,29.551161,64,355,1,0,32.555908203125,32.64732360839844,-2.4116458892822266,-0.5504774451255798,1,30.0,1.2169559001922607,0.37381231784820557,1.0,12.023003578186035,255,1,0,0,0,1
592,29.601156,33,356,1,1,32.51342010498047,32.729103088378906,-2.051069736480713,-0.12742528319358826,1,30.0,1.0044339895248413,0.37253767251968384,0.8425284028053284,12.023003578186035,215,1,0,0,0,0
593,29.65116,83,356,1,0,32.51342010498047,32.729103088378906,-2.051069736480713,-0.12742528319358826,1,30.0,1.0044339895248413,0.37253767251968384,0.8425284028053284,12.023003578186035,215,1,0,0,0,0
594,29.70117,48,357,1,1,32.56328201293945,32.87230682373047,-1.4717304706573486,0.48877039551734924,1,30.0,0.6523429155349731,0.37604421377182007,0.3683982789516449,12.023003578186035,94,1,0,0,0,0
595,29.751156,14,358,1,1,32.5885124206543,32.7904052734375,-1.0443096160888672,0.8920902013778687,1,30.0,0.3936196565628052,0.37897995114326477,0.019519606605172157,12.023003578186035,80,1,0,0,0,0
596,29.801155,64,358,1,0,32.5885124206543,32.7904052734375,-1.0443096160888672,0.8920902013778687,1,30.0,0.3936196565628052,0.37897995114326477,0.019519606605172157,12.023003578186035,80,1,0,0,0,0
597,29.851156,33,359,1,1,32.715179443359375,33.00527572631836,-0.4260985255241394,1.4621407985687256,1,30.0,0.011292979121208191,0.3849802017211914,-0.08304160088300705,12.023003578186035,0,0,0,0,0,0
598,29.901166,83,359,1,0,32.715179443359375,33.00527572631836,-0.4260985255241394,1.4621407985687256,1,30.0,0.011292979121208191,0.3849802017211914,-0.08304160088300705,12.023003578186035,0,0,0,0,0,0
599,29.951169,48,360,1,1,32.72469711303711,32.78029251098633,-0.19554981589317322,1.5730886459350586,1,30.0,-0.1278928518295288,0.3874378502368927,-0.1145179271697998,12.023003578186035,0,0,0,0,0,0
600,30.001156,14,361,1,1,32.8453483581543,33.02574920654297,0.28193920850753784,1.9335778951644897,1,30.0,-0.42524489760398865,0.39337337017059326,-0.18191519379615784,12.023003578186035,0,0,0,0,0,0
601,30.051161,64,361,1,0,32.8453483581543,33.02574920654297,0.28193920850753784,1.9335778951644897,1,30.0,-0.42524489760398865,0.39337337017059326,-0.18191519379615784,12.023003578186035,0,0,0,0,0,0
602,30.101156,33,362,1,1,32.99332809448242,33.15871810913086,0.7498357892036438,2.2585842609405518,1,30.0,-0.7193010449409485,0.40023133158683777,-0.24878495931625366,12.023003578186035,0,0,0,0,0,0
603,30.151164,83,362,1,0,32.99332809448242,33.15871810913086,0.7498357892036438,2.2585842609405518,1,30.0,-0.7193010449409485,0.40023133158683777,-0.24878495931625366,12.023003578186035,0,0,0,0,0,0
604,30.201165,47,363,1,1,33.195987701416016,33.37346267700195,1.285228967666626,2.6147117614746094,1,30.0,-1.0587763786315918,0.4087057411670685,-0.3261071443557739,12.023003578186035,83,2,384,0,0,0
605,30.251158,14,364,1,1,33.479774475097656,33.7109375,1.9432399272918701,3.075007677078247,1,30.0,-1.4791237115859985,0.4199359714984894,-0.4220132529735565,12.023003578186035,108,2,384,0,0,0
606,30.301168,64,364,1,0,33.479774475097656,33.7109375,1.9432399272918701,3.075007677078247,1,30.0,-1.4791237115859985,0.4199359714984894,-0.4220132529735565,12.023003578186035,108,2,384,0,0,0
607,30.351156,33,365,1,1,33.72938537597656,33.843902587890625,2.4074296951293945,3.299614667892456,1,30.0,-1.7801026105880737,0.43038210272789,-0.49121883511543274,12.023003578186035,125,2,384,0,0,0
608,30.401158,83,365,1,0,33.72938537597656,33.843902587890625,2.4074296951293945,3.299614667892456,1,30.0,-1.7801026105880737,0.43038210272789,-0.49121883511543274,12.023003578186035,125,2,384,0,0,0
609,30.451168,48,366,1,1,34.010623931884766,34.0995979309082,2.8577985763549805,3.4770007133483887,1,30.0,-2.0756354331970215,0.4418027698993683,-0.559430718421936,12.023003578186035,143,2,384,0,0,0
610,30.501157,14,367,1,1,34.293243408203125,34.33481979370117,3.2294178009033203,3.560037612915039,1,30.0,-2.324042797088623,0.45369043946266174,-0.6172740459442139,12.023003578186035,157,2,384,0,0,0
611,30.551155,64,367,1,0,34.293243408203125,34.33481979370117,3.2294178009033203,3.560037612915039,1,30.0,-2.324042797088623,0.45369043946266174,-0.6172740459442139,12.023003578186035,157,2,384,0,0,0
612,30.601156,33,368,1,1,34.59365463256836,34.631465911865234,3.588926076889038,3.634317398071289,1,30.0,-2.5667848587036133,0.4663519859313965,-0.6740304827690125,12.023003578186035,172,2,384,0,0,0
613,30.651166,83,368,1,0,34.59365463256836,34.631465911865234,3.588926076889038,3.634317398071289,1,30.0,-2.5667848587036133,0.4663519859313965,-0.6740304827690125,12.023003578186035,172,2,384,0,0,0
614,30.701169,47,369,1,1,34.9598388671875,35.0201301574707,4.017365455627441,3.7552833557128906,1,30.0,-2.856804847717285,0.4810124635696411,-0.7417371273040771,12.023003578186035,189,2,384,0,0,0
615,30.751156,14,370,1,1,35.349403381347656,35.40879440307617,4.442349433898926,3.8735296726226807,1,30.0,-3.1468560695648193,0.4969152510166168,-0.8097269535064697,12.023003578186035,206,2,384,0,0,0
616,30.801155,64,370,1,0,35.349403381347656,35.40879440307617,4.442349433898926,3.8735296726226807,1,30.0,-3.1468560695648193,0.4969152510166168,-0.8097269535064697,12.023003578186035,206,2,384,0,0,0
617,30.851155,33,371,1,1,35.680843353271484,35.623538970947266,4.64846134185791,3.761143684387207,1,30.0,-3.3003528118133545,0.5114054679870605,-0.8470574021339417,12.023003578186035,216,2,384,0,0,0
618,30.901174,83,371,1,0,35.680843353271484,35.623538970947266,4.64846134185791,3.761143684387207,1,30.0,-3.3003528118133545,0.5114054679870605,-0.8470574021339417,12.023003578186035,216,2,384,0,0,0
619,30.951168,48,372,1,1,35.983829498291016,35.838409423828125,4.690476894378662,3.471248149871826,1,30.0,-3.3528308868408203,0.5250396728515625,-0.8617489337921143,12.023003578186035,220,2,384,0,0,0
620,31.001156,14,373,1,1,36.25667953491211,36.07362747192383,4.631814479827881,3.1056718826293945,1,30.0,-3.3421897888183594,0.5383114814758301,-0.8623335957527161,12.023003578186035,220,2,384,0,0,0
621,31.051155,64,373,1,0,36.25667953491211,36.07362747192383,4.631814479827881,3.1056718826293945,1,30.0,-3.3421897888183594,0.5383114814758301,-0.8623335957527161,12.023003578186035,220,2,384,0,0,0
622,31.101156,33,374,1,1,36.528404235839844,36.37015151977539,4.585602283477783,2.7947919368743896,1,30.0,-3.3389177322387695,0.551781415939331,-0.8645998239517212,12.023003578186035,220,2,384,0,0,0
623,31.151158,83,374,1,0,36.528404235839844,36.37015151977539,4.585602283477783,2.7947919368743896,1,30.0,-3.3389177322387695,0.551781415939331,-0.8645998239517212,12.023003578186035,220,2,384,0,0,0
624,31.201168,47,375,1,1,36.83790588378906,36.70774841308594,4.575784206390381,2.533665418624878,1,30.0,-3.360882043838501,0.5662891864776611,-0.8727047443389893,12.023003578186035,223,2,384,0,0,0
625,31.251165,14,376,1,1,37.137203216552734,37.01451110839844,4.552026748657227,2.2893881797790527,1,30.0,-3.3735644817352295,0.5810803771018982,-0.8788099884986877,12.023003578186035,224,2,384,0,0,0
626,31.301155,64,376,1,0,37.137203216552734,37.01451110839844,4.552026748657227,2.2893881797790527,1,30.0,-3.3735644817352295,0.5810803771018982,-0.8788099884986877,12.023003578186035,224,2,384,0,0,0
627,31.351191,33,377,1,1,37.356319427490234,37.137237548828125,4.325943470001221,1.8597368001937866,1,30.0,-3.2576351165771484,0.5937204360961914,-0.8558567762374878,12.023003578186035,218,2,384,0,0,0
628,31.401168,83,377,1,0,37.356319427490234,37.137237548828125,4.325943470001221,1.8597368001937866,1,30.0,-3.2576351165771484,0.5937204360961914,-0.8558567762374878,12.023003578186035,218,2,384,0,0,0
629,31.451186,48,378,1,1,37.57997512817383,37.37258529663086,4.088016033172607,1.4463120698928833,1,30.0,-3.135007619857788,0.6063151359558105,-0.8314050436019897,12.031379699707031,212,2,384,0,0,0
630,31.501156,14,379,1,1,37.763092041015625,37.53614044189453,3.7752699851989746,0.9930684566497803,1,30.0,-2.9638402462005615,0.6182516813278198,-0.7960203289985657,12.031379699707031,203,2,384,0,0,0
631,31.551167,64,379,1,0,37.763092041015625,37.53614044189453,3.7752699851989746,0.9930684566497803,1,30.0,-2.9638402462005615,0.6182516813278198,-0.7960203289985657,12.031379699707031,203,2,384,0,0,0
632,31.60116,32,380,1,1,37.89683151245117,37.64863204956055,3.3869922161102295,0.5027401447296143,1,30.0,-2.742910146713257,0.6288623809814453,-0.7492827773094177,12.031379699707031,191,2,384,0,0,0
633,31.651158,82,380,1,0,37.89683151245117,37.64863204956055,3.3869922161102295,0.5027401447296143,1,30.0,-2.742910146713257,0.6288623809814453,-0.7492827773094177,12.031379699707031,191,2,384,0,0,0
634,31.701173,47,381,1,1,38.05891418457031,37.883975982666016,3.094600200653076,0.15294834971427917,1,30.0,-2.5820624828338623,0.6400424242019653,-0.716023325920105,12.031379699707031,183,2,384,0,0,0
635,31.751156,13,382,1,1,38.1917839050293,38.016944885253906,2.7726070880889893,-0.1964910924434662,1,30.0,-2.400825023651123,0.6508786678314209,-0.6781563758850098,12.031379699707031,173,2,384,0,0,0
636,31.801155,63,382,1,0,38.1917839050293,38.016944885253906,2.7726070880889893,-0.1964910924434662,1,30.0,-2.400825023651123,0.6508786678314209,-0.6781563758850098,12.031379699707031,173,2,384,0,0,0
637,31.851171,33,383,1,1,38.320335388183594,38.190738677978516,2.5144705772399902,-0.449585884809494,1,30.0,-2.2575125694274902,0.6616982221603394,-0.6487135291099548,12.031379699707031,165,2,384,0,0,0
638,31.901164,83,383,1,0,38.320335388183594,38.190738677978516,2.5144705772399902,-0.449585884809494,1,30.0,-2.2575125694274902,0.6616982221603394,-0.6487135291099548,12.031379699707031,165,2,384,0,0,0
639,31.951168,47,384,1,1,38.40702438354492,38.231689453125,2.1397905349731445,-0.8003537654876709,1,30.0,-2.040506601333618,0.6709551215171814,-0.6025470495223999,12.031379699707031,154,2,384,0,0,0
640,32.001208,14,385,1,1,38.49910354614258,38.3851318359375,1.8562102317810059,-1.0270072221755981,1,30.0,-1.878645420074463,0.6808633804321289,-0.568779706954956,12.031379699707031,145,2,384,0,0,0
641,32.051156,64,385,1,0,38.49910354614258,38.3851318359375,1.8562102317810059,-1.0270072221755981,1,30.0,-1.878645420074463,0.6808633804321289,-0.568779706954956,12.031379699707031,145,2,384,0,0,0
642,32.101156,32,386,1,1,38.53355407714844,38.37489318847656,1.472343921661377,-1.339821457862854,1,30.0,-1.6514263153076172,0.6891211867332458,-0.520121693611145,12.031379699707031,133,2,384,0,0,0
643,32.151202,82,386,1,0,38.53355407714844,38.37489318847656,1.472343921661377,-1.339821457862854,1,30.0,-1.6514263153076172,0.6891211867332458,-0.520121693611145,12.031379699707031,133,2,384,0,0,0
644,32.20117,47,387,1,1,38.60952377319336,38.54868698120117,1.2420086860656738,-1.4613685607910156,1,30.0,-1.5200624465942383,0.698227047920227,-0.49295318126678467,12.039754867553711,126,2,384,0,0,0
645,32.251157,14,388,1,1,38.71820068359375,38.73284149169922,1.1485881805419922,-1.4322773218154907,1,30.0,-1.4737911224365234,0.7088055610656738,-0.4850214719772339,12.039754867553711,124,2,384,0,0,0
646,32.301206,64,388,1,0,38.71820068359375,38.73284149169922,1.1485881805419922,-1.4322773218154907,1,30.0,-1.4737911224365234,0.7088055610656738,-0.4850214719772339,12.039754867553711,124,2,384,0,0,0
647,32.351156,32,389,1,1,38.71632766723633,38.589637756347656,0.7919635772705078,-1.6819589138031006,1,30.0,-1.2596477270126343,0.7161597013473511,-0.4390682876110077,12.039754867553711,112,2,384,0,0,0
648,32.401155,82,389,1,0,38.71632766723633,38.589637756347656,0.7919635772705078,-1.6819589138031006,1,30.0,-1.2596477270126343,0.7161597013473511,-0.4390682876110077,12.039754867553711,112,2,384,0,0,0
649,32.451176,48,390,1,1,38.7799072265625,38.78403091430664,0.6585277318954468,-1.6737654209136963,1,30.0,-1.1853083372116089,0.7250403165817261,-0.42452195286750793,12.039754867553711,108,2,384,0,0,0
650,32.501156,13,391,1,1,38.80183792114258,38.76355743408203,0.44271591305732727,-1.7505161762237549,1,30.0,-1.0577950477600098,0.7331610918045044,-0.39799025654792786,12.039754867553711,101,2,384,0,0,0
651,32.551158,63,391,1,0,38.80183792114258,38.76355743408203,0.44271591305732727,-1.7505161762237549,1,30.0,-1.0577950477600098,0.7331610918045044,-0.39799025654792786,12.039754867553711,101,2,384,0,0,0
652,32.601156,33,392,1,1,38.81178665161133,38.78403091430664,0.2506552040576935,-1.804823875427246,1,30.0,-0.9434539675712585,0.740941047668457,-0.3743099868297577,12.039754867553711,95,2,384,0,0,0
653,32.651157,83,392,1,0,38.81178665161133,38.78403091430664,0.2506552040576935,-1.804823875427246,1,30.0,-0.9434539675712585,0.740941047668457,-0.3743099868297577,12.039754867553711,95,2,384,0,0,0
654,32.701171,47,393,1,1,38.890655517578125,38.978302001953125,0.26358702778816223,-1.6293048858642578,1,30.0,-0.9583112597465515,0.7503565549850464,-0.37970393896102905,12.039754867553711,97,2,384,0,0,0
655,32.751156,14,394,1,1,38.95418930053711,39.01925277709961,0.2523816227912903,-1.4998526573181152,1,30.0,-0.9573060870170593,0.7598196268081665,-0.38158348202705383,12.039754867553711,97,2,384,0,0,0
656,32.801159,64,394,1,0,38.95418930053711,39.01925277709961,0.2523816227912903,-1.4998526573181152,1,30.0,-0.9573060870170593,0.7598196268081665,-0.38158348202705383,12.039754867553711,97,2,384,0,0,0
657,32.851156,32,395,1,1,38.96052169799805,38.94758605957031,0.1049603596329689,-1.5253599882125854,1,30.0,-0.8694232106208801,0.7676207423210144,-0.36378753185272217,12.039754867553711,93,2,384,0,0,0
658,32.901159,82,395,1,0,38.96052169799805,38.94758605957031,0.1049603596329689,-1.5253599882125854,1,30.0,-0.8694232106208801,0.7676207423210144,-0.36378753185272217,12.039754867553711,93,2,384,0,0,0
659,32.951173,48,396,1,1,38.94847106933594,38.9271125793457,-0.06382052600383759,-1.5677982568740845,1,30.0,-0.7670700550079346,0.774427592754364,-0.34255504608154297,12.039754867553711,87,2,384,0,0,0
660,33.001157,13,397,1,1,38.842323303222656,38.71236801147461,-0.44677168130874634,-1.8283979892730713,1,30.0,-0.5277461409568787,0.7792967557907104,-0.2904539704322815,12.039754867553711,80,2,384,0,0,0
661,33.051155,63,397,1,0,38.842323303222656,38.71236801147461,-0.44677168130874634,-1.8283979892730713,1,30.0,-0.5277461409568787,0.7792967557907104,-0.2904539704322815,12.039754867553711,80,2,384,0,0,0
662,33.101156,32,398,1,1,38.78054428100586,38.753318786621094,-0.6461946964263916,-1.8819751739501953,1,30.0,-0.402532160282135,0.7845172882080078,-0.26378875970840454,12.039754867553711,80,2,384,0,0,0
663,33.151173,82,398,1,0,38.78054428100586,38.753318786621094,-0.6461946964263916,-1.8819751739501953,1,30.0,-0.402532160282135,0.7845172882080078,-0.26378875970840454,12.039754867553711,80,2,384,0,0,0
664,33.201176,48,399,1,1,38.75952911376953,38.81462097167969,-0.6995463371276855,-1.7726317644119263,1,30.0,-0.3686298429965973,0.7909112572669983,-0.25767579674720764,12.039754867553711,80,2,384,0,0,0
665,33.251156,14,400,1,1,38.714962005615234,38.743080139160156,-0.7947636842727661,-1.71659255027771,1,30.0,-0.30748841166496277,0.7970199584960938,-0.24544629454612732,12.039754867553711,80,2,384,0,0,0
666,33.301203,64,400,1,0,38.714962005615234,38.743080139160156,-0.7947636842727661,-1.71659255027771,1,30.0,-0.30748841166496277,0.7970199584960938,-0.24544629454612732,12.039754867553711,80,2,384,0,0,0
667,33.351156,32,401,1,1,38.62123489379883,38.589637756347656,-0.9952710270881653,-1.7789679765701294,1,30.0,-0.1787484884262085,0.8016157150268555,-0.2178587168455124,12.039754867553711,80,2,384,0,0,0
668,33.401158,82,401,1,0,38.62123489379883,38.589637756347656,-0.9952710270881653,-1.7789679765701294,1,30.0,-0.1787484884262085,0.8016157150268555,-0.2178587168455124,12.039754867553711,80,2,384,0,0,0
669,33.451168,48,402,1,1,38.46126937866211,38.364654541015625,-1.3287060260772705,-1.9710605144500732,1,30.0,0.035709381103515625,0.8037137985229492,-0.1706676483154297,12.039754867553711,80,2,384,0,0,0
670,33.501176,13,403,1,1,38.2949333190918,38.231689453125,-1.6177921295166016,-2.0979158878326416,1,30.0,0.2241312861442566,0.806338906288147,-0.12937946617603302,12.039754867553711,80,2,384,0,0,0
671,33.551155,63,403,1,0,38.2949333190918,38.231689453125,-1.6177921295166016,-2.0979158878326416,1,30.0,0.2241312861442566,0.806338906288147,-0.12937946617603302,12.039754867553711,80,2,384,0,0,0
672,33.601178,32,404,1,1,38.13690185546875,38.10895919799805,-1.8403998613357544,-2.1529054641723633,1,30.0,0.3719187378883362,0.8082338571548462,-0.09695891290903091,12.039754867553711,80,2,384,0,0,0
673,33.651157,82,404,1,0,38.13690185546875,38.10895919799805,-1.8403998613357544,-2.1529054641723633,1,30.0,0.3719187378883362,0.8082338571548462,-0.09695891290903091,12.039754867553711,80,2,384,0,0,0
674,33.701174,48,405,1,1,37.98385238647461,37.99646759033203,-1.9972589015960693,-2.1278650760650635,1,30.0,0.4798086881637573,0.8101519346237183,-0.07340960949659348,12.039754867553711,80,2,384,0,0,0
675,33.751155,13,406,1,1,37.80025100708008,37.79183578491211,-2.1942832469940186,-2.1447272300720215,1,30.0,0.6145474314689636,0.8114301562309265,-0.04375171661376953,12.039754867553711,80,2,384,0,0,0
676,33.801156,63,406,1,0,37.80025100708008,37.79183578491211,-2.1942832469940186,-2.1447272300720215,1,30.0,0.6145474314689636,0.8114301562309265,-0.04375171661376953,12.039754867553711,80,2,384,0,0,0
677,33.851156,33,407,1,1,37.63495635986328,37.658870697021484,-2.321057081222534,-2.0979483127593994,1,30.0,0.7054881453514099,0.8131014704704285,-0.023914072662591934,12.039754867553711,80,2,384,0,0,0
678,33.901171,83,407,1,0,37.63495635986328,37.658870697021484,-2.321057081222534,-2.0979483127593994,1,30.0,0.7054881453514099,0.8131014704704285,-0.023914072662591934,12.039754867553711,80,2,384,0,0,0
679,33.951171,48,408,1,1,37.38005828857422,37.3111572265625,-2.6308000087738037,-2.2351536750793457,1,30.0,0.9142748713493347,0.8115625381469727,0.13694977760314941,12.039754867553711,0,0,0,0,0,0
680,34.001158,14,409,1,1,37.0677604675293,36.953208923339844,-3.0376524925231934,-2.4638540744781494,1,30.0,1.186493158340454,0.8084666728973389,0.5040352940559387,12.039754867553711,129,1,0,0,0,0
681,34.051155,64,409,1,0,37.0677604675293,36.953208923339844,-3.0376524925231934,-2.4638540744781494,1,30.0,1.186493158340454,0.8084666728973389,0.5040352940559387,12.039754867553711,129,1,0,0,0,0
682,34.101155,33,410,1,1,36.799278259277344,36.77928924560547,-3.274837017059326,-2.5031239986419678,1,30.0,1.3529672622680664,0.8064197301864624,0.7287300229072571,12.039754867553711,186,1,0,0,0,0
683,34.151161,83,410,1,0,36.799278259277344,36.77928924560547,-3.274837017059326,-2.5031239986419678,1,30.0,1.3529672622680664,0.8064197301864624,0.7287300229072571,12.039754867553711,186,1,0,0,0,0
684,34.201168,47,411,1,1,36.519134521484375,36.53383255004883,-3.461850166320801,-2.473629951477051,1,30.0,1.4903881549835205,0.8034548759460449,0.9159110188484192,12.039754867553711,234,1,0,0,0,0
685,34.251158,14,412,1,1,36.259307861328125,36.3088493347168,-3.5726332664489746,-2.3749682903289795,1,30.0,1.5802421569824219,0.801201343536377,1.0,12.039754867553711,255,1,0,0,0,1
686,34.301155,64,412,1,0,36.259307861328125,36.3088493347168,-3.5726332664489746,-2.3749682903289795,1,30.0,1.5802421569824219,0.801201343536377,1.0,12.039754867553711,255,1,0,0,0,1
687,34.351156,32,413,1,1,35.93379592895508,35.89971160888672,-3.8317837715148926,-2.442202568054199,1,30.0,1.765028715133667,0.791435956954956,1.0,12.039754867553711,255,1,0,0,0,1
688,34.401164,82,413,1,0,35.93379592895508,35.89971160888672,-3.8317837715148926,-2.442202568054199,1,30.0,1.765028715133667,0.791435956954956,1.0,12.039754867553711,255,1,0,0,0,1
689,34.451175,48,414,1,1,35.6290283203125,35.66448974609375,-3.969428777694702,-2.371732473373413,1,30.0,1.875044822692871,0.7822929620742798,1.0,12.039754867553711,255,1,0,0,0,1
690,34.501156,14,415,1,1,35.25655746459961,35.21440124511719,-4.249180316925049,-2.455791711807251,1,30.0,2.076418161392212,0.7711188197135925,1.0,12.039754867553711,255,1,0,0,0,1
691,34.551155,64,415,1,0,35.25655746459961,35.21440124511719,-4.249180316925049,-2.455791711807251,1,30.0,2.076418161392212,0.7711188197135925,1.0,12.039754867553711,255,1,0,0,0,1
692,34.601156,33,416,1,1,34.922813415527344,34.94858932495117,-4.399631023406982,-2.405183792114258,1,30.0,2.196725368499756,0.7611064910888672,1.0,12.039754867553711,255,1,0,0,0,1
693,34.651164,83,416,1,0,34.922813415527344,34.94858932495117,-4.399631023406982,-2.405183792114258,1,30.0,2.196725368499756,0.7611064910888672,1.0,12.039754867553711,255,1,0,0,0,1
694,34.701174,47,417,1,1,34.66675567626953,34.84621047973633,-4.261617660522461,-2.045189142227173,1,30.0,2.136962652206421,0.7534247636795044,1.0,12.039754867553711,255,1,0,0,0,1
695,34.751156,13,418,1,1,34.367435455322266,34.457550048828125,-4.260513782501221,-1.8647487163543701,1,30.0,2.163239002227783,0.7444452047348022,1.0,12.039754867553711,255,1,0,0,0,1
696,34.801155,63,418,1,0,34.367435455322266,34.457550048828125,-4.260513782501221,-1.8647487163543701,1,30.0,2.163239002227783,0.7444452047348022,1.0,12.039754867553711,255,1,0,0,0,1
697,34.851158,32,419,1,1,34.072505950927734,34.150787353515625,-4.264143943786621,-1.7108607292175293,1,30.0,2.1919608116149902,0.7355973124504089,1.0,12.039754867553711,255,1,0,0,0,1
698,34.901166,82,419,1,0,34.072505950927734,34.150787353515625,-4.264143943786621,-1.7108607292175293,1,30.0,2.1919608116149902,0.7355973124504089,1.0,12.039754867553711,255,1,0,0,0,1
699,34.951168,48,420,1,1,33.786739349365234,33.89509201049805,-4.201987266540527,-1.4959303140640259,1,30.0,2.1803860664367676,0.7270243167877197,1.0,12.039754867553711,255,1,0,0,0,1
700,35.001156,14,421,1,1,33.52159118652344,33.649635314941406,-4.083251953125,-1.2408134937286377,1,30.0,2.1330080032348633,0.7190698385238647,1.0,12.039754867553711,255,1,0,0,0,1
701,35.051155,64,421,1,0,33.52159118652344,33.649635314941406,-4.083251953125,-1.2408134937286377,1,30.0,2.1330080032348633,0.7190698385238647,1.0,12.039754867553711,255,1,0,0,0,1
702,35.101156,32,422,1,1,33.266845703125,33.38370132446289,-3.964076042175293,-1.0101749897003174,1,30.0,2.0844295024871826,0.7114274501800537,1.0,12.039754867553711,255,1,0,0,0,1
703,35.151167,82,422,1,0,33.266845703125,33.38370132446289,-3.964076042175293,-1.0101749897003174,1,30.0,2.0844295024871826,0.7114274501800537,1.0,12.039754867553711,255,1,0,0,0,1
704,35.201163,47,423,1,1,33.063079833984375,33.250732421875,-3.6905500888824463,-0.6350430846214294,1,30.0,1.9386529922485352,0.7053145170211792,1.0,12.039754867553711,255,1,0,0,0,1
705,35.251156,14,424,1,1,32.87294387817383,33.035987854003906,-3.4327499866485596,-0.31095486879348755,1,30.0,1.8010852336883545,0.6996104121208191,1.0,12.039754867553711,255,1,0,0,0,1
706,35.301158,64,424,1,0,32.87294387817383,33.035987854003906,-3.4327499866485596,-0.31095486879348755,1,30.0,1.8010852336883545,0.6996104121208191,1.0,12.039754867553711,255,1,0,0,0,1
707,35.351156,32,425,1,1,32.678436279296875,32.80064392089844,-3.2275116443634033,-0.07007838785648346,1,30.0,1.6954478025436401,0.6937751770019531,1.0,12.039754867553711,255,1,0,0,0,1
708,35.401166,82,425,1,0,32.678436279296875,32.80064392089844,-3.2275116443634033,-0.07007838785648346,1,30.0,1.6954478025436401,0.6937751770019531,1.0,12.039754867553711,255,1,0,0,0,1
709,35.451166,48,426,1,1,32.51229476928711,32.65743637084961,-2.9571971893310547,0.21826161444187164,1,30.0,1.5482118129730225,0.6887909770011902,1.0,12.039754867553711,255,1,0,0,0,1
710,35.501156,14,427,1,1,32.38701248168945,32.55518341064453,-2.617619037628174,0.5535768866539001,1,30.0,1.3557404279708862,0.6850324869155884,0.8942772746086121,12.039754867553711,228,1,0,0,0,0
711,35.551166,64,427,1,0,32.38701248168945,32.55518341064453,-2.617619037628174,0.5535768866539001,1,30.0,1.3557404279708862,0.6850324869155884,0.8942772746086121,12.039754867553711,228,1,0,0,0,0
712,35.601156,32,428,1,1,32.30388641357422,32.483646392822266,-2.2322497367858887,0.9084880352020264,1,30.0,1.1320000886917114,0.6845676302909851,0.5965766310691833,12.039754867553711,152,1,0,0,0,0
713,35.651206,82,428,1,0,32.30388641357422,32.483646392822266,-2.2322497367858887,0.9084880352020264,1,30.0,1.1320000886917114,0.6845676302909851,0.5965766310691833,12.039754867553711,152,1,0,0,0,0
714,35.701168,47,429,1,1,32.28914260864258,32.52459716796875,-1.7040224075317383,1.3792415857315063,1,30.0,0.8163906335830688,0.6859683990478516,0.17389631271362305,12.131885528564453,80,1,0,0,0,0
715,35.751183,13,430,1,1,32.26103591918945,32.41197967529297,-1.2990503311157227,1.6809666156768799,1,30.0,0.5759369730949402,0.6870710253715515,0.0,12.131885528564453,0,0,0,0,0,0
716,35.801155,63,430,1,0,32.26103591918945,32.41197967529297,-1.2990503311157227,1.6809666156768799,1,30.0,0.5759369730949402,0.6870710253715515,0.0,12.131885528564453,0,0,0,0,0,0
717,35.851155,32,431,1,1,32.27468490600586,32.432456970214844,-0.8660151958465576,1.9908864498138428,1,30.0,0.31488752365112305,0.6894024014472961,-0.08322552591562271,12.131885528564453,80,2,384,0,0,0
718,35.901161,82,431,1,0,32.27468490600586,32.432456970214844,-0.8660151958465576,1.9908864498138428,1,30.0,0.31488752365112305,0.6894024014472961,-0.08322552591562271,12.131885528564453,80,2,384,0,0,0
719,35.951163,48,432,1,1,32.23837661743164,32.279014587402344,-0.621587872505188,2.0714783668518066,1,30.0,0.17149882018566132,0.6901328563690186,-0.11525199562311172,12.131885528564453,80,2,384,0,0,0
720,36.001164,13,433,1,1,32.23797607421875,32.29948806762695,-0.32743972539901733,2.194716215133667,1,30.0,-0.004954010248184204,0.692023515701294,-0.15488389134407043,12.131885528564453,80,2,384,0,0,0
721,36.051155,63,433,1,0,32.23797607421875,32.29948806762695,-0.32743972539901733,2.194716215133667,1,30.0,-0.004954010248184204,0.692023515701294,-0.15488389134407043,12.131885528564453,80,2,384,0,0,0
722,36.101155,33,434,1,1,32.2866096496582,32.38138961791992,0.02571021020412445,2.3801138401031494,1,30.0,-0.22122099995613098,0.6953847408294678,-0.20369014143943787,12.131885528564453,80,2,384,0,0,0
723,36.15116,83,434,1,0,32.2866096496582,32.38138961791992,0.02571021020412445,2.3801138401031494,1,30.0,-0.22122099995613098,0.6953847408294678,-0.20369014143943787,12.131885528564453,80,2,384,0,0,0
724,36.201178,48,435,1,1,32.38435363769531,32.504119873046875,0.45646506547927856,2.61861515045166,1,30.0,-0.4884708821773529,0.7001463770866394,-0.2641371488571167,12.131885528564453,80,2,384,0,0,0
725,36.251156,14,436,1,1,32.47098159790039,32.52459716796875,0.7789843082427979,2.7256617546081543,1,30.0,-0.6897789239883423,0.704771876335144,-0.309900164604187,12.131885528564453,0,0,0,0,0,0
726,36.301155,64,436,1,0,32.47098159790039,32.52459716796875,0.7789843082427979,2.7256617546081543,1,30.0,-0.6897789239883423,0.704771876335144,-0.309900164604187,12.131885528564453,0,0,0,0,0,0
727,36.351157,33,437,1,1,32.57805633544922,32.62685012817383,1.0915851593017578,2.8215274810791016,1,30.0,-0.8869761824607849,0.7100844979286194,-0.35490238666534424,12.131885528564453,91,2,384,0,0,0
728,36.401161,83,437,1,0,32.57805633544922,32.62685012817383,1.0915851593017578,2.8215274810791016,1,30.0,-0.8869761824607849,0.7100844979286194,-0.35490238666534424,12.131885528564453,91,2,384,0,0,0
729,36.451167,47,438,1,1,32.702110290527344,32.729103088378906,1.386132836341858,2.875697612762451,1,30.0,-1.0748696327209473,0.7158685326576233,-0.3979417681694031,12.131885528564453,101,2,384,0,0,0
730,36.501156,14,439,1,1,32.88054656982422,32.95408630371094,1.76513671875,3.022153615951538,1,30.0,-1.318331241607666,0.723518431186676,-0.4537443518638611,12.131885528564453,116,2,384,0,0,0
731,36.551155,64,439,1,0,32.88054656982422,32.95408630371094,1.76513671875,3.022153615951538,1,30.0,-1.318331241607666,0.723518431186676,-0.4537443518638611,12.131885528564453,116,2,384,0,0,0
732,36.601159,33,440,1,1,33.008846282958984,32.97455978393555,1.9455134868621826,2.954895257949829,1,30.0,-1.438104271888733,0.7298158407211304,-0.48176002502441406,12.131885528564453,123,2,384,0,0,0
733,36.651157,83,440,1,0,33.008846282958984,32.97455978393555,1.9455134868621826,2.954895257949829,1,30.0,-1.438104271888733,0.7298158407211304,-0.48176002502441406,12.131885528564453,123,2,384,0,0,0
734,36.701175,48,441,1,1,33.22122573852539,33.271209716796875,2.29213809967041,3.0545594692230225,1,30.0,-1.6651932001113892,0.7385942935943604,-0.5341750383377075,12.131885528564453,136,2,384,0,0,0
735,36.751156,13,442,1,1,33.38277053833008,33.32227325439453,2.4353413581848145,2.933035373687744,1,30.0,-1.76565420627594,0.7461787462234497,-0.5581851005554199,12.131885528564453,142,2,384,0,0,0
736,36.801155,63,442,1,0,33.38277053833008,33.32227325439453,2.4353413581848145,2.933035373687744,1,30.0,-1.76565420627594,0.7461787462234497,-0.5581851005554199,12.131885528564453,142,2,384,0,0,0
737,36.851163,32,443,1,1,33.477718353271484,33.32227325439453,2.379697561264038,2.6269328594207764,1,30.0,-1.7408132553100586,0.7519024610519409,-0.5539368391036987,12.131885528564453,141,2,384,0,0,0
738,36.901168,82,443,1,0,33.477718353271484,33.32227325439453,2.379697561264038,2.6269328594207764,1,30.0,-1.7408132553100586,0.7519024610519409,-0.5539368391036987,12.131885528564453,141,2,384,0,0,0
739,36.951168,47,444,1,1,33.59507369995117,33.465476989746094,2.3551385402679443,2.368206262588501,1,30.0,-1.7366398572921753,0.7582052946090698,-0.5544100403785706,12.131885528564453,141,2,384,0,0,0
740,37.00121,14,445,1,1,33.7274169921875,33.62915802001953,2.3647255897521973,2.1730310916900635,1,30.0,-1.754302978515625,0.7652314305305481,-0.5598965287208557,12.131885528564453,143,2,384,0,0,0
741,37.051156,64,445,1,0,33.7274169921875,33.62915802001953,2.3647255897521973,2.1730310916900635,1,30.0,-1.754302978515625,0.7652314305305481,-0.5598965287208557,12.131885528564453,143,2,384,0,0,0
742,37.101155,33,446,1,1,33.866207122802734,33.78260040283203,2.383856773376465,2.00921368598938,1,30.0,-1.7782727479934692,0.7725634574890137,-0.5668524503707886,12.131885528564453,145,2,384,0,0,0
743,37.151209,83,446,1,0,33.866207122802734,33.78260040283203,2.383856773376465,2.00921368598938,1,30.0,-1.7782727479934692,0.7725634574890137,-0.5668524503707886,12.131885528564453,145,2,384,0,0,0
744,37.201177,47,447,1,1,34.074527740478516,34.068885803222656,2.545814037322998,1.997902512550354,1,30.0,-1.8941960334777832,0.781906008720398,-0.5946893692016602,12.131885528564453,152,2,384,0,0,0
745,37.251156,14,448,1,1,34.18994140625,34.04853439331055,2.441953659057617,1.7164173126220703,1,30.0,-1.8422670364379883,0.7888317704200745,-0.5846886038780212,12.131885528564453,149,2,384,0,0,0
746,37.301204,64,448,1,0,34.18994140625,34.04853439331055,2.441953659057617,1.7164173126220703,1,30.0,-1.8422670364379883,0.7888317704200745,-0.5846886038780212,12.131885528564453,149,2,384,0,0,0
747,37.351156,32,449,1,1,34.224700927734375,33.98710632324219,2.1337661743164062,1.2477638721466064,1,30.0,-1.6604828834533691,0.7934360504150391,-0.5453153252601624,12.131885528564453,139,2,384,0,0,0
748,37.401168,82,449,1,0,34.224700927734375,33.98710632324219,2.1337661743164062,1.2477638721466064,1,30.0,-1.6604828834533691,0.7934360504150391,-0.5453153252601624,12.131885528564453,139,2,384,0,0,0
749,37.45117,48,450,1,1,34.28286361694336,34.10983657836914,1.9092038869857788,0.9039207696914673,1,30.0,-1.530980110168457,0.798560619354248,-0.5176756978034973,12.131885528564453,132,2,384,0,0,0
750,37.501156,13,451,1,1,34.35722351074219,34.232566833496094,1.7465277910232544,0.6539574861526489,1,30.0,-1.440066933631897,0.8044319152832031,-0.49877750873565674,12.131885528564453,127,2,384,0,0,0
751,37.551161,63,451,1,0,34.35722351074219,34.232566833496094,1.7465277910232544,0.6539574861526489,1,30.0,-1.440066933631897,0.8044319152832031,-0.49877750873565674,12.131885528564453,127,2,384,0,0,0
752,37.601156,33,452,1,1,34.375064849853516,34.20185470581055,1.4742357730865479,0.31506475806236267,1,30.0,-1.2782974243164062,0.8086708188056946,-0.46377071738243103,12.131885528564453,118,2,384,0,0,0
753,37.651157,83,452,1,0,34.375064849853516,34.20185470581055,1.4742357730865479,0.31506475806236267,1,30.0,-1.2782974243164062,0.8086708188056946,-0.46377071738243103,12.131885528564453,118,2,384,0,0,0
754,37.701174,47,453,1,1,34.4234504699707,34.31446838378906,1.2922656536102295,0.0968296080827713,1,30.0,-1.1734700202941895,0.8136224150657654,-0.44157612323760986,12.131885528564453,113,2,384,0,0,0
755,37.751156,14,454,1,1,34.43560028076172,34.304229736328125,1.0498898029327393,-0.1645389050245285,1,30.0,-1.0291379690170288,0.8177468180656433,-0.41041886806488037,12.131885528564453,105,2,384,0,0,0
756,37.801166,64,454,1,0,34.43560028076172,34.304229736328125,1.0498898029327393,-0.1645389050245285,1,30.0,-1.0291379690170288,0.8177468180656433,-0.41041886806488037,12.131885528564453,105,2,384,0,0,0
757,37.851156,32,455,1,1,34.38741683959961,34.20185470581055,0.6858763694763184,-0.5304678082466125,1,30.0,-0.8063933849334717,0.8200715780258179,-0.361436665058136,12.131885528564453,92,2,384,0,0,0
758,37.901176,82,455,1,0,34.38741683959961,34.20185470581055,0.6858763694763184,-0.5304678082466125,1,30.0,-0.8063933849334717,0.8200715780258179,-0.361436665058136,12.131885528564453,92,2,384,0,0,0
759,37.951171,48,456,1,1,34.33742904663086,34.19161605834961,0.3637831211090088,-0.8202042579650879,1,30.0,-0.6086385250091553,0.8220818638801575,-0.31793785095214844,12.131885528564453,81,2,384,0,0,0
760,38.001159,13,457,1,1,34.279052734375,34.16102600097656,0.06730037927627563,-1.0568759441375732,1,30.0,-0.4254949986934662,0.8242342472076416,-0.27771762013435364,12.131885528564453,80,2,384,0,0,0
761,38.051155,63,457,1,0,34.279052734375,34.16102600097656,0.06730037927627563,-1.0568759441375732,1,30.0,-0.4254949986934662,0.8242342472076416,-0.27771762013435364,12.131885528564453,80,2,384,0,0,0
762,38.101156,32,458,1,1,34.1708984375,34.017822265625,-0.3068421483039856,-1.358080267906189,1,30.0,-0.19127558171749115,0.8244128823280334,-0.22570854425430298,12.131885528564453,80,2,384,0,0,0
763,38.151164,82,458,1,0,34.1708984375,34.017822265625,-0.3068421483039856,-1.358080267906189,1,30.0,-0.19127558171749115,0.8244128823280334,-0.22570854425430298,12.131885528564453,80,2,384,0,0,0
764,38.201171,48,459,1,1,34.101768493652344,34.04853439331055,-0.522124707698822,-1.4637354612350464,1,30.0,-0.055884361267089844,0.8256757259368896,-0.1959022581577301,12.131885528564453,80,2,384,0,0,0
765,38.251166,14,460,1,1,33.96050262451172,33.83366394042969,-0.8872474431991577,-1.716524600982666,1,30.0,0.17590326070785522,0.8249242305755615,-0.14422687888145447,12.131885528564453,80,2,384,0,0,0
766,38.301206,64,460,1,0,33.96050262451172,33.83366394042969,-0.8872474431991577,-1.716524600982666,1,30.0,0.17590326070785522,0.8249242305755615,-0.14422687888145447,12.131885528564453,80,2,384,0,0,0
767,38.351156,32,461,1,1,33.76318359375,33.598445892333984,-1.339496374130249,-2.0417163372039795,1,30.0,0.4650113582611084,0.8223711252212524,-0.0794132798910141,12.131885528564453,80,2,384,0,0,0
768,38.401161,82,461,1,0,33.76318359375,33.598445892333984,-1.339496374130249,-2.0417163372039795,1,30.0,0.4650113582611084,0.8223711252212524,-0.0794132798910141,12.131885528564453,80,2,384,0,0,0
769,38.451171,48,462,1,1,33.581546783447266,33.496192932128906,-1.6735508441925049,-2.2114109992980957,1,30.0,0.681791365146637,0.8199325203895569,-0.030698034912347794,12.131885528564453,80,2,384,0,0,0
770,38.50116,14,463,1,1,33.433837890625,33.43476486206055,-1.8575416803359985,-2.2095658779144287,1,30.0,0.8054796457290649,0.8185455203056335,-0.002903527580201626,12.131885528564453,80,2,384,0,0,0
771,38.551155,64,463,1,0,33.433837890625,33.43476486206055,-1.8575416803359985,-2.2095658779144287,1,30.0,0.8054796457290649,0.8185455203056335,-0.002903527580201626,12.131885528564453,80,2,384,0,0,0
772,38.601156,33,464,1,1,33.269798278808594,33.26097106933594,-2.053115129470825,-2.226896047592163,1,30.0,0.9375872611999512,0.8165431618690491,0.16139213740825653,12.131885528564453,80,1,0,0,0,0
773,38.651158,83,464,1,0,33.269798278808594,33.26097106933594,-2.053115129470825,-2.226896047592163,1,30.0,0.9375872611999512,0.8165431618690491,0.16139213740825653,12.131885528564453,80,1,0,0,0,0
774,38.701171,48,465,1,1,33.143150329589844,33.22002029418945,-2.095505952835083,-2.0735387802124023,1,30.0,0.9744200706481934,0.8153595924377441,0.21208065748214722,12.023003578186035,80,1,0,0,0,0
775,38.751157,13,466,1,1,32.95174789428711,32.94384765625,-2.2869675159454346,-2.089413642883301,1,30.0,1.1065232753753662,0.8122891783714294,0.3923121392726898,12.023003578186035,100,1,0,0,0,0
776,38.801155,63,466,1,0,32.95174789428711,32.94384765625,-2.2869675159454346,-2.089413642883301,1,30.0,1.1065232753753662,0.8122891783714294,0.3923121392726898,12.023003578186035,100,1,0,0,0,0
777,38.851157,33,467,1,1,32.709922790527344,32.637088775634766,-2.590740442276001,-2.232046127319336,1,30.0,1.3105512857437134,0.8075433969497681,0.6706771850585938,12.023003578186035,171,1,0,0,0,0
778,38.901162,83,467,1,0,32.709922790527344,32.637088775634766,-2.590740442276001,-2.232046127319336,1,30.0,1.3105512857437134,0.8075433969497681,0.6706771850585938,12.023003578186035,171,1,0,0,0,0
779,38.951173,48,468,1,1,32.43083953857422,32.36091613769531,-2.9138784408569336,-2.371335029602051,1,30.0,1.5295515060424805,0.801338791847229,0.9709503054618835,12.023003578186035,248,1,0,0,0,0
780,39.001156,14,469,1,1,32.12989807128906,32.06427001953125,-3.2385947704315186,-2.502363920211792,1,30.0,1.751466155052185,0.794376790523529,1.0,12.023003578186035,255,1,0,0,0,1
781,39.051155,64,469,1,0,32.12989807128906,32.06427001953125,-3.2385947704315186,-2.502363920211792,1,30.0,1.751466155052185,0.794376790523529,1.0,12.023003578186035,255,1,0,0,0,1
782,39.101155,33,470,1,1,31.885149002075195,31.921062469482422,-3.373718738555908,-2.4318156242370605,1,30.0,1.8545680046081543,0.7870343327522278,1.0,12.023003578186035,255,1,0,0,0,1
783,39.151161,83,470,1,0,31.885149002075195,31.921062469482422,-3.373718738555908,-2.4318156242370605,1,30.0,1.8545680046081543,0.7870343327522278,1.0,12.023003578186035,255,1,0,0,0,1
784,39.201169,47,471,1,1,31.705974578857422,31.869998931884766,-3.2675859928131104,-2.102712392807007,1,30.0,1.8070138692855835,0.7816590666770935,1.0,12.023003578186035,255,1,0,0,0,1
785,39.251156,14,472,1,1,31.48029899597168,31.552875518798828,-3.303652286529541,-1.9581944942474365,1,30.0,1.8489645719528198,0.774888813495636,1.0,12.023003578186035,255,1,0,0,0,1
786,39.301155,64,472,1,0,31.48029899597168,31.552875518798828,-3.303652286529541,-1.9581944942474365,1,30.0,1.8489645719528198,0.774888813495636,1.0,12.023003578186035,255,1,0,0,0,1
787,39.351156,33,473,1,1,31.16738510131836,31.113147735595703,-3.5641543865203857,-2.064577102661133,1,30.0,2.033428192138672,0.7655014395713806,1.0,12.023003578186035,255,1,0,0,0,1
788,39.401161,83,473,1,0,31.16738510131836,31.113147735595703,-3.5641543865203857,-2.064577102661133,1,30.0,2.033428192138672,0.7655014395713806,1.0,12.023003578186035,255,1,0,0,0,1
789,39.451173,48,474,1,1,30.865741729736328,30.877803802490234,-3.7166101932525635,-2.040529727935791,1,30.0,2.1520493030548096,0.7564521431922913,1.0,12.023003578186035,255,1,0,0,0,1
790,39.501156,14,475,1,1,30.556758880615234,30.571043014526367,-3.8606810569763184,-2.011998414993286,1,30.0,2.2663004398345947,0.7471826076507568,1.0,12.023003578186035,255,1,0,0,0,1
791,39.551158,64,475,1,0,30.556758880615234,30.571043014526367,-3.8606810569763184,-2.011998414993286,1,30.0,2.2663004398345947,0.7471826076507568,1.0,12.023003578186035,255,1,0,0,0,1
792,39.601156,33,476,1,1,30.3170223236084,30.427837371826172,-3.8151259422302246,-1.7942837476730347,1,30.0,2.2605435848236084,0.7399905323982239,1.0,12.023003578186035,255,1,0,0,0,1
793,39.651158,83,476,1,0,30.3170223236084,30.427837371826172,-3.8151259422302246,-1.7942837476730347,1,30.0,2.2605435848236084,0.7399905323982239,1.0,12.023003578186035,255,1,0,0,0,1
794,39.701168,47,477,1,1,30.140230178833008,30.356172561645508,-3.554354190826416,-1.3610117435455322,1,30.0,2.1199920177459717,0.7346867918968201,1.0,12.023003578186035,255,1,0,0,0,1
795,39.751159,14,478,1,1,29.902612686157227,29.987985610961914,-3.5044524669647217,-1.191026210784912,1,30.0,2.111436367034912,0.7275581955909729,1.0,12.023003578186035,255,1,0,0,0,1
796,39.801156,64,478,1,0,29.902612686157227,29.987985610961914,-3.5044524669647217,-1.191026210784912,1,30.0,2.111436367034912,0.7275581955909729,1.0,12.023003578186035,255,1,0,0,0,1
797,39.851181,33,479,1,1,29.685274124145508,29.783479690551758,-3.4164462089538574,-0.9984163045883179,1,30.0,2.078193187713623,0.7210380434989929,1.0,12.023003578186035,255,1,0,0,0,1
798,39.901157,83,479,1,0,29.685274124145508,29.783479690551758,-3.4164462089538574,-0.9984163045883179,1,30.0,2.078193187713623,0.7210380434989929,1.0,12.023003578186035,255,1,0,0,0,1
799,39.951201,48,480,1,1,29.397071838378906,29.405054092407227,-3.486070156097412,-0.98250412940979,1,30.0,2.1459057331085205,0.7123920321464539,1.0,12.023003578186035,255,1,0,0,0,1
800,40.001159,14,481,1,1,29.160043716430664,29.24137306213379,-3.412984609603882,-0.8200744390487671,1,30.0,2.123386859893799,0.7052811980247498,1.0,12.023003578186035,255,1,0,0,0,1
801,40.051214,64,481,1,0,29.160043716430664,29.24137306213379,-3.412984609603882,-0.8200744390487671,1,30.0,2.123386859893799,0.7052811980247498,1.0,12.023003578186035,255,1,0,0,0,1
802,40.101156,33,482,1,1,28.941810607910156,29.026628494262695,-3.319812536239624,-0.6534475088119507,1,30.0,2.0871245861053467,0.6987341642379761,1.0,12.023003578186035,255,1,0,0,0,1
803,40.151157,83,482,1,0,28.941810607910156,29.026628494262695,-3.319812536239624,-0.6534475088119507,1,30.0,2.0871245861053467,0.6987341642379761,1.0,12.023003578186035,255,1,0,0,0,1
804,40.201165,47,483,1,1,28.828645706176758,29.06757926940918,-2.916755437850952,-0.17407351732254028,1,30.0,1.8554751873016357,0.6953392624855042,1.0,12.023003578186035,255,1,0,0,0,1
805,40.251156,14,484,1,1,28.728439331054688,28.924375534057617,-2.5574259757995605,0.21603897213935852,1,30.0,1.6488960981369019,0.6923330426216125,1.0,12.023003578186035,255,1,0,0,0,1
806,40.301155,64,484,1,0,28.728439331054688,28.924375534057617,-2.5574259757995605,0.21603897213935852,1,30.0,1.6488960981369019,0.6923330426216125,1.0,12.023003578186035,255,1,0,0,0,1
807,40.351156,33,485,1,1,28.578981399536133,28.6584415435791,-2.390665292739868,0.3718770146369934,1,30.0,1.562290906906128,0.6878492832183838,1.0,12.023003578186035,255,1,0,0,0,1
808,40.401164,83,485,1,0,28.578981399536133,28.6584415435791,-2.390665292739868,0.3718770146369934,1,30.0,1.562290906906128,0.6878492832183838,1.0,12.023003578186035,255,1,0,0,0,1
809,40.451171,47,486,1,1,28.49454116821289,28.6584415435791,-2.0439231395721436,0.7004417181015015,1,30.0,1.3618451356887817,0.6853160858154297,0.9020387530326843,12.023003578186035,230,1,0,0,0,0
810,40.501156,13,487,1,1,28.418472290039062,28.545949935913086,-1.7406009435653687,0.9555850625038147,1,30.0,1.1866981983184814,0.6817543506622314,0.6732585430145264,12.023003578186035,172,1,0,0,0,0
811,40.551155,63,487,1,0,28.418472290039062,28.545949935913086,-1.7406009435653687,0.9555850625038147,1,30.0,1.1866981983184814,0.6817543506622314,0.6732585430145264,12.023003578186035,172,1,0,0,0,0
812,40.601155,33,488,1,1,28.43486213684082,28.648202896118164,-1.2648005485534668,1.3725167512893677,1,30.0,0.8997427821159363,0.6809017658233643,0.2917880117893219,12.023003578186035,80,1,0,0,0,0
813,40.651162,83,488,1,0,28.43486213684082,28.648202896118164,-1.2648005485534668,1.3725167512893677,1,30.0,0.8997427821159363,0.6809017658233643,0.2917880117893219,12.023003578186035,80,1,0,0,0,0
814,40.70117,48,489,1,1,28.538259506225586,28.821996688842773,-0.6073073744773865,1.9371534585952759,1,30.0,0.4959411025047302,0.6827515363693237,0.0,12.115133285522461,0,0,0,0,0,0
815,40.751161,14,490,1,1,28.64949607849121,28.862947463989258,-0.036492884159088135,2.3631200790405273,1,30.0,0.1434410959482193,0.6848461627960205,-0.12031224370002747,12.115133285522461,80,2,384,0,0,0
816,40.801155,64,490,1,0,28.64949607849121,28.862947463989258,-0.036492884159088135,2.3631200790405273,1,30.0,0.1434410959482193,0.6848461627960205,-0.12031224370002747,12.115133285522461,80,2,384,0,0,0
817,40.851156,33,491,1,1,28.754314422607422,28.893661499023438,0.41705322265625,2.636794328689575,1,30.0,-0.13812023401260376,0.6868427991867065,-0.18332511186599731,12.115133285522461,80,2,384,0,0,0
818,40.901165,83,491,1,0,28.754314422607422,28.893661499023438,0.41705322265625,2.636794328689575,1,30.0,-0.13812023401260376,0.6868427991867065,-0.18332511186599731,12.115133285522461,80,2,384,0,0,0
819,40.951166,47,492,1,1,28.865415573120117,28.95496368408203,0.8159358501434326,2.8164474964141846,1,30.0,-0.38744890689849854,0.6891793012619019,-0.23925071954727173,12.115133285522461,80,2,384,0,0,0
820,41.001162,13,493,1,1,29.026336669921875,29.13912010192871,1.2689191102981567,3.0422675609588623,1,30.0,-0.6737217903137207,0.693042516708374,-0.30372539162635803,12.115133285522461,80,2,384,0,0,0
821,41.051155,63,493,1,0,29.026336669921875,29.13912010192871,1.2689191102981567,3.0422675609588623,1,30.0,-0.6737217903137207,0.693042516708374,-0.30372539162635803,12.115133285522461,80,2,384,0,0,0
822,41.101156,33,494,1,1,29.20221519470215,29.29256248474121,1.6814570426940918,3.218862295150757,1,30.0,-0.9370736479759216,0.6974912881851196,-0.36323660612106323,12.115133285522461,93,2,384,0,0,0
823,41.151166,83,494,1,0,29.20221519470215,29.29256248474121,1.6814570426940918,3.218862295150757,1,30.0,-0.9370736479759216,0.6974912881851196,-0.36323660612106323,12.115133285522461,93,2,384,0,0,0
824,41.201165,48,495,1,1,29.454477310180664,29.58908462524414,2.2116506099700928,3.4867448806762695,1,30.0,-1.277893304824829,0.7044209241867065,-0.4405142664909363,12.115133285522461,112,2,384,0,0,0
825,41.251156,14,496,1,1,29.690465927124023,29.74252700805664,2.6040732860565186,3.590641975402832,1,30.0,-1.5345860719680786,0.7110369205474854,-0.4990273714065552,12.115133285522461,127,2,384,0,0,0
826,41.301155,64,496,1,0,29.690465927124023,29.74252700805664,2.6040732860565186,3.590641975402832,1,30.0,-1.5345860719680786,0.7110369205474854,-0.4990273714065552,12.115133285522461,127,2,384,0,0,0
827,41.351163,33,497,1,1,29.85470199584961,29.77324104309082,2.741675853729248,3.4306511878967285,1,30.0,-1.63192880153656,0.7157008647918701,-0.5216954350471497,12.115133285522461,133,2,384,0,0,0
828,41.40117,83,497,1,0,29.85470199584961,29.77324104309082,2.741675853729248,3.4306511878967285,1,30.0,-1.63192880153656,0.7157008647918701,-0.5216954350471497,12.115133285522461,133,2,384,0,0,0
829,41.451167,47,498,1,1,30.00267791748047,29.865257263183594,2.7725796699523926,3.1549456119537354,1,30.0,-1.663788914680481,0.7200238704681396,-0.5297362208366394,12.115133285522461,135,2,384,0,0,0
830,41.501156,14,499,1,1,30.200624465942383,30.141427993774414,2.9215049743652344,3.0370752811431885,1,30.0,-1.7709592580795288,0.7259646058082581,-0.5548719763755798,12.115133285522461,141,2,384,0,0,0
831,41.551155,64,499,1,0,30.200624465942383,30.141427993774414,2.9215049743652344,3.0370752811431885,1,30.0,-1.7709592580795288,0.7259646058082581,-0.5548719763755798,12.115133285522461,141,2,384,0,0,0
832,41.601162,33,500,1,1,30.37504768371582,30.274394989013672,2.978416681289673,2.8396522998809814,1,30.0,-1.820804476737976,0.731367826461792,-0.5671494007110596,12.115133285522461,145,2,384,0,0,0
833,41.651163,83,500,1,0,30.37504768371582,30.274394989013672,2.978416681289673,2.8396522998809814,1,30.0,-1.820804476737976,0.731367826461792,-0.5671494007110596,12.115133285522461,145,2,384,0,0,0
834,41.701169,48,501,1,1,30.588537216186523,30.519853591918945,3.0886220932006836,2.7027153968811035,1,30.0,-1.906141757965088,0.7380725145339966,-0.5876031517982483,12.115133285522461,150,2,384,0,0,0
835,41.751156,13,502,1,1,30.76422119140625,30.63234519958496,3.064558982849121,2.43784236907959,1,30.0,-1.9075154066085815,0.7438432574272156,-0.5891907811164856,12.115133285522461,150,2,384,0,0,0
836,41.801155,63,502,1,0,30.76422119140625,30.63234519958496,3.064558982849121,2.43784236907959,1,30.0,-1.9075154066085815,0.7438432574272156,-0.5891907811164856,12.115133285522461,150,2,384,0,0,0
837,41.851162,33,503,1,1,30.933429718017578,30.81650161743164,3.0402984619140625,2.20890474319458,1,30.0,-1.9081878662109375,0.7495691776275635,-0.5906126499176025,12.115133285522461,151,2,384,0,0,0
838,41.901156,83,503,1,0,30.933429718017578,30.81650161743164,3.0402984619140625,2.20890474319458,1,30.0,-1.9081878662109375,0.7495691776275635,-0.5906126499176025,12.115133285522461,151,2,384,0,0,0
839,41.951176,47,504,1,1,31.026947021484375,30.78578758239746,2.7675468921661377,1.7258872985839844,1,30.0,-1.7529534101486206,0.7531213760375977,-0.5569055080413818,12.115133285522461,142,2,384,0,0,0
840,42.0012,14,505,1,1,31.096359252929688,30.867565155029297,2.47468638420105,1.2706890106201172,1,30.0,-1.5834842920303345,0.7560766935348511,-0.5199024677276611,12.115133285522461,133,2,384,0,0,0
841,42.05116,64,505,1,0,31.096359252929688,30.867565155029297,2.47468638420105,1.2706890106201172,1,30.0,-1.5834842920303345,0.7560766935348511,-0.5199024677276611,12.115133285522461,133,2,384,0,0,0
842,42.10117,33,506,1,1,31.16703224182129,30.980180740356445,2.2267186641693115,0.9043185710906982,1,30.0,-1.4410641193389893,0.7591288089752197,-0.4889317750930786,12.115133285522461,125,2,384,0,0,0
843,42.151207,83,506,1,0,31.16703224182129,30.980180740356445,2.2267186641693115,0.9043185710906982,1,30.0,-1.4410641193389893,0.7591288089752197,-0.4889317750930786,12.115133285522461,125,2,384,0,0,0
844,42.20118,47,507,1,1,31.308677673339844,31.235877990722656,2.1646831035614014,0.7583773732185364,1,30.0,-1.416590929031372,0.7643117308616638,-0.4846450388431549,12.115133285522461,124,2,384,0,0,0
845,42.251156,14,508,1,1,31.400775909423828,31.276704788208008,1.9910084009170532,0.5114083886146545,1,30.0,-1.3206748962402344,0.7681871056556702,-0.4641915559768677,12.115133285522461,118,2,384,0,0,0
846,42.3012,64,508,1,0,31.400775909423828,31.276704788208008,1.9910084009170532,0.5114083886146545,1,30.0,-1.3206748962402344,0.7681871056556702,-0.4641915559768677,12.115133285522461,118,2,384,0,0,0
847,42.351156,32,509,1,1,31.38469696044922,31.133499145507812,1.5583562850952148,0.015970438718795776,1,30.0,-1.0596365928649902,0.7688953876495361,-0.40634045004844666,12.115133285522461,104,2,384,0,0,0
848,42.401159,82,509,1,0,31.38469696044922,31.133499145507812,1.5583562850952148,0.015970438718795776,1,30.0,-1.0596365928649902,0.7688953876495361,-0.40634045004844666,12.115133285522461,104,2,384,0,0,0
849,42.451169,48,510,1,1,31.389446258544922,31.215402603149414,1.2284276485443115,-0.3298569917678833,1,30.0,-0.8621068000793457,0.7701455950737,-0.3627227544784546,12.115133285522461,92,2,384,0,0,0
850,42.501156,13,511,1,1,31.353910446166992,31.164213180541992,0.8359482884407043,-0.710210919380188,1,30.0,-0.6234208941459656,0.7702605128288269,-0.30970698595046997,12.115133285522461,80,2,384,0,0,0
851,42.551155,63,511,1,0,31.353910446166992,31.164213180541992,0.8359482884407043,-0.710210919380188,1,30.0,-0.6234208941459656,0.7702605128288269,-0.30970698595046997,12.115133285522461,80,2,384,0,0,0
852,42.601156,33,512,1,1,31.299617767333984,31.133499145507812,0.46783438324928284,-1.0352089405059814,1,30.0,-0.3976662755012512,0.7697826027870178,-0.2594330906867981,12.115133285522461,80,2,384,0,0,0
853,42.651164,83,512,1,0,31.299617767333984,31.133499145507812,0.46783438324928284,-1.0352089405059814,1,30.0,-0.3976662755012512,0.7697826027870178,-0.2594330906867981,12.115133285522461,80,2,384,0,0,0
854,42.701171,47,513,1,1,31.298084259033203,31.24611473083496,0.27911627292633057,-1.1392712593078613,1,30.0,-0.2842973470687866,0.7707762718200684,-0.23446078598499298,12.115133285522461,80,2,384,0,0,0
855,42.751156,14,514,1,1,31.257205963134766,31.174449920654297,0.026815280318260193,-1.3039124011993408,1,30.0,-0.12923771142959595,0.7706533670425415,-0.19997578859329224,12.115133285522461,80,2,384,0,0,0
856,42.801155,64,514,1,0,31.257205963134766,31.174449920654297,0.026815280318260193,-1.3039124011993408,1,30.0,-0.12923771142959595,0.7706533670425415,-0.19997578859329224,12.115133285522461,80,2,384,0,0,0
857,42.851155,32,515,1,1,31.135629653930664,30.96994400024414,-0.39306923747062683,-1.6306273937225342,1,30.0,0.13363489508628845,0.768074631690979,-0.1409866064786911,12.115133285522461,80,2,384,0,0,0
858,42.90116,82,515,1,0,31.135629653930664,30.96994400024414,-0.39306923747062683,-1.6306273937225342,1,30.0,0.13363489508628845,0.768074631690979,-0.1409866064786911,12.115133285522461,80,2,384,0,0,0
859,42.951169,48,516,1,1,31.00478744506836,30.877803802490234,-0.771728515625,-1.8829351663589478,1,30.0,0.3726062774658203,0.7650579214096069,-0.087211474776268,12.115133285522461,80,2,384,0,0,0
860,43.001156,12,517,1,1,30.82640266418457,30.683534622192383,-1.2097129821777344,-2.1710007190704346,1,30.0,0.651451587677002,0.7606106996536255,-0.02425757795572281,12.115133285522461,80,2,384,0,0,0
861,43.051155,62,517,1,0,30.82640266418457,30.683534622192383,-1.2097129821777344,-2.1710007190704346,1,30.0,0.651451587677002,0.7606106996536255,-0.02425757795572281,12.115133285522461,80,2,384,0,0,0
862,43.101156,31,518,1,1,30.679725646972656,30.622106552124023,-1.49442458152771,-2.284618616104126,1,30.0,0.8354794979095459,0.7568714618682861,0.10481071472167969,12.115133285522461,80,1,0,0,0,0
863,43.151165,81,518,1,0,30.679725646972656,30.622106552124023,-1.49442458152771,-2.284618616104126,1,30.0,0.8354794979095459,0.7568714618682861,0.10481071472167969,12.115133285522461,80,1,0,0,0,0
864,43.201165,45,519,1,1,30.541730880737305,30.540328979492188,-1.6935975551605225,-2.2874317169189453,1,30.0,0.9674028158187866,0.753309428691864,0.2854578495025635,12.115133285522461,80,1,0,0,0,0
865,43.251159,14,520,1,1,30.405649185180664,30.417600631713867,-1.8563518524169922,-2.263917922973633,1,30.0,1.0773026943206787,0.7496874332427979,0.436820387840271,12.115133285522461,111,1,0,0,0,0
866,43.301203,64,520,1,0,30.405649185180664,30.417600631713867,-1.8563518524169922,-2.263917922973633,1,30.0,1.0773026943206787,0.7496874332427979,0.436820387840271,12.115133285522461,111,1,0,0,0,0
867,43.351156,33,521,1,1,30.190767288208008,30.110715866088867,-2.1892402172088623,-2.4200451374053955,1,30.0,1.2963751554489136,0.7435654997825623,0.7370795607566833,12.115133285522461,188,1,0,0,0,0
868,43.401169,83,521,1,0,30.190767288208008,30.110715866088867,-2.1892402172088623,-2.4200451374053955,1,30.0,1.2963751554489136,0.7435654997825623,0.7370795607566833,12.115133285522461,188,1,0,0,0,0
869,43.451168,48,522,1,1,30.031320571899414,30.08012580871582,-2.3019561767578125,-2.3229565620422363,1,30.0,1.3783549070358276,0.7389347553253174,0.8525602221488953,12.115133285522461,217,1,0,0,0,0
870,43.501158,14,523,1,1,29.767187118530273,29.681224822998047,-2.6614975929260254,-2.494565010070801,1,30.0,1.6178518533706665,0.7310373187065125,1.0,12.115133285522461,255,1,0,0,0,1
871,43.551155,64,523,1,0,29.767187118530273,29.681224822998047,-2.6614975929260254,-2.494565010070801,1,30.0,1.6178518533706665,0.7310373187065125,1.0,12.115133285522461,255,1,0,0,0,1
872,43.601158,33,524,1,1,29.57533836364746,29.61979866027832,-2.779871940612793,-2.4072017669677734,1,30.0,1.706142783164978,0.725281834602356,1.0,12.115133285522461,255,1,0,0,0,1
873,43.65116,83,524,1,0,29.57533836364746,29.61979866027832,-2.779871940612793,-2.4072017669677734,1,30.0,1.706142783164978,0.725281834602356,1.0,12.115133285522461,255,1,0,0,0,1
874,43.701167,48,525,1,1,29.417816162109375,29.538021087646484,-2.7546274662017822,-2.1672677993774414,1,30.0,1.705173134803772,0.7205561399459839,1.0,12.052318572998047,255,1,0,0,0,1
875,43.751156,13,526,1,1,29.199230194091797,29.23113441467285,-2.8773953914642334,-2.1031432151794434,1,30.0,1.7985066175460815,0.713998556137085,1.0,12.052318572998047,255,1,0,0,0,1
876,43.801155,63,526,1,0,29.199230194091797,29.23113441467285,-2.8773953914642334,-2.1031432151794434,1,30.0,1.7985066175460815,0.713998556137085,1.0,12.052318572998047,255,1,0,0,0,1
877,43.851161,32,527,1,1,29.008852005004883,29.07769203186035,-2.9178428649902344,-1.9675434827804565,1,30.0,1.8399091958999634,0.708287239074707,1.0,12.052318572998047,255,1,0,0,0,1
878,43.901161,82,527,1,0,29.008852005004883,29.07769203186035,-2.9178428649902344,-1.9675434827804565,1,30.0,1.8399091958999634,0.708287239074707,1.0,12.052318572998047,255,1,0,0,0,1
879,43.95117,48,528,1,1,28.71547508239746,28.6584415435791,-3.1915881633758545,-2.080787181854248,1,30.0,2.030560255050659,0.6994859576225281,1.0,12.052318572998047,255,1,0,0,0,1
880,44.001156,14,529,1,1,28.488948822021484,28.55618667602539,-3.2379910945892334,-1.9467626810073853,1,30.0,2.078789234161377,0.6926901340484619,1.0,12.052318572998047,255,1,0,0,0,1
881,44.051158,64,529,1,0,28.488948822021484,28.55618667602539,-3.2379910945892334,-1.9467626810073853,1,30.0,2.078789234161377,0.6926901340484619,1.0,12.052318572998047,255,1,0,0,0,1
882,44.101156,33,530,1,1,28.305055618286133,28.423219680786133,-3.173536777496338,-1.7147936820983887,1,30.0,2.0566670894622803,0.6871733665466309,1.0,12.052318572998047,255,1,0,0,0,1
883,44.151192,83,530,1,0,28.305055618286133,28.423219680786133,-3.173536777496338,-1.7147936820983887,1,30.0,2.0566670894622803,0.6871733665466309,1.0,12.052318572998047,255,1,0,0,0,1
884,44.201171,47,531,1,1,28.172016143798828,28.372032165527344,-2.9366466999053955,-1.3135215044021606,1,30.0,1.9265066385269165,0.6831821799278259,1.0,12.052318572998047,255,1,0,0,0,1
885,44.251191,14,532,1,1,28.056495666503906,28.239065170288086,-2.6973536014556885,-0.9499309659004211,1,30.0,1.7933276891708374,0.6797165870666504,1.0,12.052318572998047,255,1,0,0,0,1
886,44.301155,64,532,1,0,28.056495666503906,28.239065170288086,-2.6973536014556885,-0.9499309659004211,1,30.0,1.7933276891708374,0.6797165870666504,1.0,12.052318572998047,255,1,0,0,0,1
887,44.351156,33,533,1,1,27.892627716064453,27.97313117980957,-2.6230409145355225,-0.791991114616394,1,30.0,1.7634881734848022,0.6748005151748657,1.0,12.052318572998047,255,1,0,0,0,1
888,44.401163,83,533,1,0,27.892627716064453,27.97313117980957,-2.6230409145355225,-0.791991114616394,1,30.0,1.7634881734848022,0.6748005151748657,1.0,12.052318572998047,255,1,0,0,0,1
889,44.451163,48,534,1,1,27.705360412597656,27.758384704589844,-2.589083671569824,-0.6862490773200989,1,30.0,1.7599678039550781,0.669182538986206,1.0,12.052318572998047,255,1,0,0,0,1
890,44.501157,13,535,1,1,27.512807846069336,27.553752899169922,-2.568603992462158,-0.6039926409721375,1,30.0,1.7650097608566284,0.6634058952331543,1.0,12.052318572998047,255,1,0,0,0,1
891,44.551155,63,535,1,0,27.512807846069336,27.553752899169922,-2.568603992462158,-0.6039926409721375,1,30.0,1.7650097608566284,0.6634058952331543,1.0,12.052318572998047,255,1,0,0,0,1
892,44.601156,33,536,1,1,27.366371154785156,27.451499938964844,-2.4572501182556152,-0.43728551268577576,1,30.0,1.711376667022705,0.6590127944946289,1.0,12.052318572998047,255,1,0,0,0,1
893,44.651165,83,536,1,0,27.366371154785156,27.451499938964844,-2.4572501182556152,-0.43728551268577576,1,30.0,1.711376667022705,0.6590127944946289,1.0,12.052318572998047,255,1,0,0,0,1
894,44.701177,48,537,1,1,27.288917541503906,27.471975326538086,-2.1451475620269775,-0.07262957096099854,1,30.0,1.5310860872268677,0.6566892266273499,1.0,12.052318572998047,255,1,0,0,0,1
895,44.751156,14,538,1,1,27.257354736328125,27.46173858642578,-1.7603237628936768,0.3354341685771942,1,30.0,1.303032398223877,0.655742347240448,0.8630533814430237,12.052318572998047,220,1,0,0,0,0
896,44.801159,64,538,1,0,27.257354736328125,27.46173858642578,-1.7603237628936768,0.3354341685771942,1,30.0,1.303032398223877,0.655742347240448,0.8630533814430237,12.052318572998047,220,1,0,0,0,0
897,44.851156,33,539,1,1,27.144996643066406,27.185565948486328,-1.6568255424499512,0.415127694606781,1,30.0,1.2510457038879395,0.650040328502655,0.8013404607772827,12.052318572998047,204,1,0,0,0,0
898,44.901172,83,539,1,0,27.144996643066406,27.185565948486328,-1.6568255424499512,0.415127694606781,1,30.0,1.2510457038879395,0.650040328502655,0.8013404607772827,12.052318572998047,204,1,0,0,0,0
899,44.951167,47,540,1,1,27.12824058532715,27.298057556152344,-1.294716477394104,0.7558495998382568,1,30.0,1.0352882146835327,0.647253692150116,0.5173793435096741,12.052318572998047,132,1,0,0,0,0
900,45.001158,14,541,1,1,27.121837615966797,27.257230758666992,-0.9736820459365845,1.0254449844360352,1,30.0,0.8432438969612122,0.6446205973625183,0.2648310661315918,12.052318572998047,80,1,0,0,0,0
901,45.051155,64,541,1,0,27.121837615966797,27.257230758666992,-0.9736820459365845,1.0254449844360352,1,30.0,0.8432438969612122,0.6446205973625183,0.2648310661315918,12.052318572998047,80,1,0,0,0,0
902,45.101155,32,542,1,1,27.1469783782959,27.287818908691406,-0.623489499092102,1.3032476902008057,1,30.0,0.6308656930923462,0.6429283618927002,0.0,12.052318572998047,0,0,0,0,0,0
903,45.151172,82,542,1,0,27.1469783782959,27.287818908691406,-0.623489499092102,1.3032476902008057,1,30.0,0.6308656930923462,0.6429283618927002,0.0,12.052318572998047,0,0,0,0,0,0
904,45.20117,48,543,1,1,27.285972595214844,27.543516159057617,-0.02383720874786377,1.8149845600128174,1,30.0,0.2585648000240326,0.6448157429695129,-0.08583354204893112,12.052318572998047,80,2,384,0,0,0
905,45.251156,14,544,1,1,27.457305908203125,27.68671989440918,0.5668275952339172,2.2724010944366455,1,30.0,-0.11125408113002777,0.6476488709449768,-0.16864509880542755,12.052318572998047,80,2,384,0,0,0
906,45.301155,64,544,1,0,27.457305908203125,27.68671989440918,0.5668275952339172,2.2724010944366455,1,30.0,-0.11125408113002777,0.6476488709449768,-0.16864509880542755,12.052318572998047,80,2,384,0,0,0
907,45.351156,33,545,1,1,27.588497161865234,27.696958541870117,0.9548200368881226,2.485321044921875,1,30.0,-0.3558568060398102,0.6494233012199402,-0.22339557111263275,12.052318572998047,80,2,384,0,0,0
908,45.40116,83,545,1,0,27.588497161865234,27.696958541870117,0.9548200368881226,2.485321044921875,1,30.0,-0.3558568060398102,0.6494233012199402,-0.22339557111263275,12.052318572998047,80,2,384,0,0,0
909,45.451165,47,546,1,1,27.743206024169922,27.829925537109375,1.335197925567627,2.659266710281372,1,30.0,-0.598007321357727,0.6521353721618652,-0.2778095006942749,12.052318572998047,80,2,384,0,0,0
910,45.501156,13,547,1,1,27.945045471191406,28.054908752441406,1.7693560123443604,2.8792293071746826,1,30.0,-0.8766677379608154,0.6561594605445862,-0.3406282663345337,12.052318572998047,87,2,384,0,0,0
911,45.551156,63,547,1,0,27.945045471191406,28.054908752441406,1.7693560123443604,2.8792293071746826,1,30.0,-0.8766677379608154,0.6561594605445862,-0.3406282663345337,12.052318572998047,87,2,384,0,0,0
912,45.601156,30,548,1,1,28.133779525756836,28.177762985229492,2.0921096801757812,2.9666597843170166,1,30.0,-1.087306022644043,0.6601775288581848,-0.3883296549320221,12.052318572998047,99,2,384,0,0,0
913,45.651166,80,548,1,0,28.133779525756836,28.177762985229492,2.0921096801757812,2.9666597843170166,1,30.0,-1.087306022644043,0.6601775288581848,-0.3883296549320221,12.052318572998047,99,2,384,0,0,0
914,45.701169,45,549,1,1,28.464365005493164,28.6584415435791,2.7168750762939453,3.355459451675415,1,30.0,-1.4919179677963257,0.668508768081665,-0.4800947904586792,12.052318572998047,122,2,384,0,0,0
915,45.751169,14,550,1,1,28.722740173339844,28.76069450378418,3.0601205825805664,3.4300413131713867,1,30.0,-1.7211190462112427,0.6749547719955444,-0.5324608683586121,12.052318572998047,136,2,384,0,0,0
916,45.801156,64,550,1,0,28.722740173339844,28.76069450378418,3.0601205825805664,3.4300413131713867,1,30.0,-1.7211190462112427,0.6749547719955444,-0.5324608683586121,12.052318572998047,136,2,384,0,0,0
917,45.851156,33,551,1,1,28.99622917175293,29.016389846801758,3.375579357147217,3.469332218170166,1,30.0,-1.9350082874298096,0.6821376085281372,-0.5815880298614502,12.052318572998047,148,2,384,0,0,0
918,45.901162,83,551,1,0,28.99622917175293,29.016389846801758,3.375579357147217,3.469332218170166,1,30.0,-1.9350082874298096,0.6821376085281372,-0.5815880298614502,12.052318572998047,148,2,384,0,0,0
919,45.951174,47,552,1,1,29.21455955505371,29.098167419433594,3.4509830474853516,3.2365713119506836,1,30.0,-1.9999003410339355,0.687884509563446,-0.5972855091094971,12.052318572998047,152,2,384,0,0,0
920,46.001156,14,553,1,1,29.424091339111328,29.302799224853516,3.4884486198425293,2.9952986240386963,1,30.0,-2.0412375926971436,0.6935028433799744,-0.607720136642456,12.052318572998047,155,2,384,0,0,0
921,46.051155,64,553,1,0,29.424091339111328,29.302799224853516,3.4884486198425293,2.9952986240386963,1,30.0,-2.0412375926971436,0.6935028433799744,-0.607720136642456,12.052318572998047,155,2,384,0,0,0
922,46.101156,33,554,1,1,29.64197540283203,29.538021087646484,3.5357584953308105,2.7914063930511475,1,30.0,-2.089232921600342,0.6995498538017273,-0.6197295188903809,12.052318572998047,158,2,384,0,0,0
923,46.151158,83,554,1,0,29.64197540283203,29.538021087646484,3.5357584953308105,2.7914063930511475,1,30.0,-2.089232921600342,0.6995498538017273,-0.6197295188903809,12.052318572998047,158,2,384,0,0,0
924,46.201175,48,555,1,1,29.872787475585938,29.763002395629883,3.5632755756378174,2.5724596977233887,1,30.0,-2.126516342163086,0.7061877846717834,-0.6294897794723511,12.052318572998047,161,2,384,0,0,0
925,46.251158,14,556,1,1,30.030776977539062,29.824430465698242,3.384314775466919,2.160174608230591,1,30.0,-2.0333588123321533,0.7108193635940552,-0.609817385673523,12.052318572998047,156,2,384,0,0,0
926,46.301183,64,556,1,0,30.030776977539062,29.824430465698242,3.384314775466919,2.160174608230591,1,30.0,-2.0333588123321533,0.7108193635940552,-0.609817385673523,12.052318572998047,156,2,384,0,0,0
927,46.351159,33,557,1,1,30.14236831665039,29.906208038330078,3.114713191986084,1.6960610151290894,1,30.0,-1.8816410303115845,0.7141932249069214,-0.5768520832061768,12.052318572998047,147,2,384,0,0,0
928,46.401227,83,557,1,0,30.14236831665039,29.906208038330078,3.114713191986084,1.6960610151290894,1,30.0,-1.8816410303115845,0.7141932249069214,-0.5768520832061768,12.052318572998047,147,2,384,0,0,0
929,46.451169,47,558,1,1,30.29596519470215,30.13119125366211,2.9437551498413086,1.3653663396835327,1,30.0,-1.792889952659607,0.7189150452613831,-0.5581789016723633,12.052318572998047,142,2,384,0,0,0
930,46.501156,14,559,1,1,30.43536949157715,30.28463363647461,2.7694594860076904,1.0651594400405884,1,30.0,-1.7008590698242188,0.7233487367630005,-0.5387127995491028,12.052318572998047,137,2,384,0,0,0
931,46.551155,64,559,1,0,30.43536949157715,30.28463363647461,2.7694594860076904,1.0651594400405884,1,30.0,-1.7008590698242188,0.7233487367630005,-0.5387127995491028,12.052318572998047,137,2,384,0,0,0
932,46.601155,33,560,1,1,30.53923797607422,30.366411209106445,2.5310330390930176,0.7261122465133667,1,30.0,-1.5671513080596924,0.7268348336219788,-0.5097746849060059,12.052318572998047,130,2,384,0,0,0
933,46.65116,83,560,1,0,30.53923797607422,30.366411209106445,2.5310330390930176,0.7261122465133667,1,30.0,-1.5671513080596924,0.7268348336219788,-0.5097746849060059,12.052318572998047,130,2,384,0,0,0
934,46.701175,48,561,1,1,30.70452117919922,30.63234519958496,2.454908609390259,0.5821830034255981,1,30.0,-1.5363521575927734,0.732224702835083,-0.5041282176971436,12.031379699707031,129,2,384,0,0,0
935,46.751156,13,562,1,1,30.774057388305664,30.581279754638672,2.1333673000335693,0.1949041783809662,1,30.0,-1.3496856689453125,0.7349096536636353,-0.46324336528778076,12.031379699707031,118,2,384,0,0,0
936,46.801155,63,562,1,0,30.774057388305664,30.581279754638672,2.1333673000335693,0.1949041783809662,1,30.0,-1.3496856689453125,0.7349096536636353,-0.46324336528778076,12.031379699707031,118,2,384,0,0,0
937,46.851158,32,563,1,1,30.759897232055664,30.499378204345703,1.657712459564209,-0.31816932559013367,1,30.0,-1.0630183219909668,0.7351428270339966,-0.3995913565158844,12.031379699707031,102,2,384,0,0,0
938,46.901164,82,563,1,0,30.759897232055664,30.499378204345703,1.657712459564209,-0.31816932559013367,1,30.0,-1.0630183219909668,0.7351428270339966,-0.3995913565158844,12.031379699707031,102,2,384,0,0,0
939,46.951169,47,564,1,1,30.778364181518555,30.61186981201172,1.3122429847717285,-0.6505916118621826,1,30.0,-0.8573986291885376,0.736304759979248,-0.3541563153266907,12.031379699707031,90,2,384,0,0,0
940,47.0012,14,565,1,1,30.735795974731445,30.530092239379883,0.8667995929718018,-1.0592254400253296,1,30.0,-0.5863014459609985,0.7356893420219421,-0.2937757074832916,12.031379699707031,80,2,384,0,0,0
941,47.05116,64,565,1,0,30.735795974731445,30.530092239379883,0.8667995929718018,-1.0592254400253296,1,30.0,-0.5863014459609985,0.7356893420219421,-0.2937757074832916,12.031379699707031,80,2,384,0,0,0
942,47.101156,32,566,1,1,30.650415420532227,30.43807601928711,0.379171222448349,-1.4776694774627686,1,30.0,-0.28604012727737427,0.7337533235549927,-0.22662076354026794,12.031379699707031,80,2,384,0,0,0
943,47.151212,82,566,1,0,30.650415420532227,30.43807601928711,0.379171222448349,-1.4776694774627686,1,30.0,-0.28604012727737427,0.7337533235549927,-0.22662076354026794,12.031379699707031,80,2,384,0,0,0
944,47.201171,47,567,1,1,30.61525535583496,30.530092239379883,0.09059543907642365,-1.6477996110916138,1,30.0,-0.10973024368286133,0.7332189083099365,-0.18732205033302307,12.031379699707031,80,2,384,0,0,0
945,47.251156,14,568,1,1,30.5718994140625,30.509614944458008,-0.16475147008895874,-1.7715736627578735,1,30.0,0.047379933297634125,0.7324411869049072,-0.15223583579063416,12.031379699707031,80,2,384,0,0,0
946,47.301202,64,568,1,0,30.5718994140625,30.509614944458008,-0.16475147008895874,-1.7715736627578735,1,30.0,0.047379933297634125,0.7324411869049072,-0.15223583579063416,12.031379699707031,80,2,384,0,0,0
947,47.351157,32,569,1,1,30.483123779296875,30.386886596679688,-0.49171578884124756,-1.961258888244629,1,30.0,0.2515483498573303,0.7302640080451965,-0.10638126730918884,12.031379699707031,80,2,384,0,0,0
948,47.401167,82,569,1,0,30.483123779296875,30.386886596679688,-0.49171578884124756,-1.961258888244629,1,30.0,0.2515483498573303,0.7302640080451965,-0.10638126730918884,12.031379699707031,80,2,384,0,0,0
949,47.451173,48,570,1,1,30.380353927612305,30.30510902404785,-0.7996600866317749,-2.110750198364258,1,30.0,0.4455642104148865,0.7275674343109131,-0.06266738474369049,12.031379699707031,80,2,384,0,0,0
950,47.501156,13,571,1,1,30.20986557006836,30.08012580871582,-1.2283467054367065,-2.3709001541137695,1,30.0,0.7181201577186584,0.7227760553359985,-0.001034643966704607,12.031379699707031,80,2,384,0,0,0
951,47.551155,63,571,1,0,30.20986557006836,30.08012580871582,-1.2283467054367065,-2.3709001541137695,1,30.0,0.7181201577186584,0.7227760553359985,-0.001034643966704607,12.031379699707031,80,2,384,0,0,0
952,47.601156,33,572,1,1,30.064149856567383,30.008460998535156,-1.5223937034606934,-2.479865312576294,1,30.0,0.9076627492904663,0.7185829877853394,0.25210633873939514,12.031379699707031,80,1,0,0,0,0
953,47.651162,83,572,1,0,30.064149856567383,30.008460998535156,-1.5223937034606934,-2.479865312576294,1,30.0,0.9076627492904663,0.7185829877853394,0.25210633873939514,12.031379699707031,80,1,0,0,0,0
954,47.701168,47,573,1,1,29.989913940429688,30.08012580871582,-1.5625886917114258,-2.2992067337036133,1,30.0,0.9384609460830688,0.7164071798324585,0.2960716784000397,12.031379699707031,80,1,0,0,0,0
955,47.751156,14,574,1,1,29.887908935546875,29.936922073364258,-1.6599897146224976,-2.201688289642334,1,30.0,1.0060820579528809,0.7133384943008423,0.39032474160194397,12.031379699707031,100,1,0,0,0,0
956,47.801156,64,574,1,0,29.887908935546875,29.936922073364258,-1.6599897146224976,-2.201688289642334,1,30.0,1.0060820579528809,0.7133384943008423,0.39032474160194397,12.031379699707031,100,1,0,0,0,0
957,47.851156,32,575,1,1,29.799297332763672,29.8754940032959,-1.696587085723877,-2.051422357559204,1,30.0,1.036015510559082,0.710584819316864,0.4339075982570648,12.031379699707031,111,1,0,0,0,0
958,47.90116,82,575,1,0,29.799297332763672,29.8754940032959,-1.696587085723877,-2.051422357559204,1,30.0,1.036015510559082,0.710584819316864,0.4339075982570648,12.031379699707031,111,1,0,0,0,0
959,47.951167,48,576,1,1,29.632740020751953,29.609560012817383,-1.9130275249481201,-2.097482919692993,1,30.0,1.1808699369430542,0.7054275870323181,0.6339231133460999,12.023003578186035,162,1,0,0,0,0
960,48.001159,13,577,1,1,29.420961380004883,29.36410140991211,-2.2005627155303955,-2.211505651473999,1,30.0,1.3724511861801147,0.6987583637237549,0.8982570767402649,12.023003578186035,229,1,0,0,0,0
961,48.051155,63,577,1,0,29.420961380004883,29.36410140991211,-2.2005627155303955,-2.211505651473999,1,30.0,1.3724511861801147,0.6987583637237549,0.8982570767402649,12.023003578186035,229,1,0,0,0,0
962,48.101156,32,578,1,1,29.25078582763672,29.27208709716797,-2.3395438194274902,-2.169591188430786,1,30.0,1.4711556434631348,0.6931667327880859,1.0,12.023003578186035,255,1,0,0,0,1
963,48.151168,82,578,1,0,29.25078582763672,29.27208709716797,-2.3395438194274902,-2.169591188430786,1,30.0,1.4711556434631348,0.6931667327880859,1.0,12.023003578186035,255,1,0,0,0,1
964,48.201167,45,579,1,1,29.085803985595703,29.149356842041016,-2.405388593673706,-2.0413246154785156,1,30.0,1.5255109071731567,0.688217282295227,1.0,12.023003578186035,255,1,0,0,0,1
965,48.251158,13,580,1,1,28.93833351135254,29.016389846801758,-2.4243953227996826,-1.8864729404449463,1,30.0,1.5501872301101685,0.6837931275367737,1.0,12.023003578186035,255,1,0,0,0,1
966,48.301201,63,580,1,0,28.93833351135254,29.016389846801758,-2.4243953227996826,-1.8864729404449463,1,30.0,1.5501872301101685,0.6837931275367737,1.0,12.023003578186035,255,1,0,0,0,1
967,48.351155,32,581,1,1,28.763256072998047,28.801645278930664,-2.5052433013916016,-1.8113465309143066,1,30.0,1.6144529581069946,0.678540825843811,1.0,12.023003578186035,255,1,0,0,0,1
968,48.401159,82,581,1,0,28.763256072998047,28.801645278930664,-2.5052433013916016,-1.8113465309143066,1,30.0,1.6144529581069946,0.678540825843811,1.0,12.023003578186035,255,1,0,0,0,1
969,48.451187,48,582,1,1,28.563350677490234,28.586776733398438,-2.6129753589630127,-1.764965534210205,1,30.0,1.6970837116241455,0.6725436449050903,1.0,12.035567283630371,255,1,0,0,0,1
970,48.501156,14,583,1,1,28.360721588134766,28.392507553100586,-2.7005951404571533,-1.7016657590866089,1,30.0,1.7678922414779663,0.6664648056030273,1.0,12.035567283630371,255,1,0,0,0,1
971,48.551174,64,583,1,0,28.360721588134766,28.392507553100586,-2.7005951404571533,-1.7016657590866089,1,30.0,1.7678922414779663,0.6664648056030273,1.0,12.035567283630371,255,1,0,0,0,1
972,48.601156,33,584,1,1,28.23906707763672,28.38226890563965,-2.569221258163452,-1.4205904006958008,1,30.0,1.7000168561935425,0.6628151535987854,1.0,12.035567283630371,255,1,0,0,0,1
973,48.651162,83,584,1,0,28.23906707763672,28.38226890563965,-2.569221258163452,-1.4205904006958008,1,30.0,1.7000168561935425,0.6628151535987854,1.0,12.035567283630371,255,1,0,0,0,1
974,48.701173,48,585,1,1,28.152706146240234,28.341318130493164,-2.329475164413452,-1.0442628860473633,1,30.0,1.5639415979385376,0.6602243185043335,1.0,12.035567283630371,255,1,0,0,0,1
975,48.751156,14,586,1,1,28.0651798248291,28.21858787536621,-2.1234278678894043,-0.7376656532287598,1,30.0,1.4481905698776245,0.6575984954833984,1.0,12.035567283630371,255,1,0,0,0,1
976,48.801155,64,586,1,0,28.0651798248291,28.21858787536621,-2.1234278678894043,-0.7376656532287598,1,30.0,1.4481905698776245,0.6575984954833984,1.0,12.035567283630371,255,1,0,0,0,1
977,48.851159,33,587,1,1,27.912355422973633,27.94241714477539,-2.1265814304351807,-0.6785795092582703,1,30.0,1.463836908340454,0.6530138254165649,1.0,12.035567283630371,255,1,0,0,0,1
978,48.901166,83,587,1,0,27.912355422973633,27.94241714477539,-2.1265814304351807,-0.6785795092582703,1,30.0,1.463836908340454,0.6530138254165649,1.0,12.035567283630371,255,1,0,0,0,1
979,48.951163,48,588,1,1,27.745773315429688,27.76862335205078,-2.1405742168426514,-0.6329732537269592,1,30.0,1.4872249364852905,0.6480163335800171,1.0,12.035567283630371,255,1,0,0,0,1
980,49.001156,14,589,1,1,27.611276626586914,27.676483154296875,-2.068902015686035,-0.5026630163192749,1,30.0,1.4563263654708862,0.6439814567565918,1.0,12.035567283630371,255,1,0,0,0,1
981,49.051155,64,589,1,0,27.611276626586914,27.676483154296875,-2.068902015686035,-0.5026630163192749,1,30.0,1.4563263654708862,0.6439814567565918,1.0,12.035567283630371,255,1,0,0,0,1
982,49.101156,33,590,1,1,27.497303009033203,27.574230194091797,-1.9648263454437256,-0.3514822721481323,1,30.0,1.4041385650634766,0.6405621767044067,1.0,12.035567283630371,255,1,0,0,0,1
983,49.15117,83,590,1,0,27.497303009033203,27.574230194091797,-1.9648263454437256,-0.3514822721481323,1,30.0,1.4041385650634766,0.6405621767044067,1.0,12.035567283630371,255,1,0,0,0,1
984,49.201171,47,591,1,1,27.444438934326172,27.604942321777344,-1.6865084171295166,-0.029375433921813965,1,30.0,1.2419055700302124,0.6389763355255127,0.8039056658744812,12.039754867553711,205,1,0,0,0,0
985,49.251159,14,592,1,1,27.413673400878906,27.56399154663086,-1.402171015739441,0.26998087763786316,1,30.0,1.074072003364563,0.6358810663223267,0.5842545628547668,12.039754867553711,149,1,0,0,0,0
986,49.301155,64,592,1,0,27.413673400878906,27.56399154663086,-1.402171015739441,0.26998087763786316,1,30.0,1.074072003364563,0.6358810663223267,0.5842545628547668,12.039754867553711,149,1,0,0,0,0
987,49.351156,33,593,1,1,27.363845825195312,27.451499938964844,-1.2156364917755127,0.4419300854206085,1,30.0,0.9666358232498169,0.6321879029273987,0.4459305703639984,12.039754867553711,114,1,0,0,0,0
988,49.401158,83,593,1,0,27.363845825195312,27.451499938964844,-1.2156364917755127,0.4419300854206085,1,30.0,0.9666358232498169,0.6321879029273987,0.4459305703639984,12.039754867553711,114,1,0,0,0,0
989,49.451176,47,594,1,1,27.36301612854004,27.502689361572266,-0.9093695878982544,0.7219973802566528,1,30.0,0.7829502820968628,0.6300540566444397,0.20386163890361786,12.039754867553711,80,1,0,0,0,0
990,49.501156,13,595,1,1,27.439786911010742,27.64589500427246,-0.45339155197143555,1.1346133947372437,1,30.0,0.5024541616439819,0.6301157474517822,0.0,12.039754867553711,0,0,0,0,0,0
991,49.551155,63,595,1,0,27.439786911010742,27.64589500427246,-0.45339155197143555,1.1346133947372437,1,30.0,0.5024541616439819,0.6301157474517822,0.0,12.039754867553711,0,0,0,0,0,0
992,49.601156,33,596,1,1,27.515239715576172,27.666370391845703,-0.07968902587890625,1.4300298690795898,1,30.0,0.27144184708595276,0.630203127861023,-0.07972472906112671,12.039754867553711,80,2,384,0,0,0
993,49.651165,83,596,1,0,27.515239715576172,27.666370391845703,-0.07968902587890625,1.4300298690795898,1,30.0,0.27144184708595276,0.630203127861023,-0.07972472906112671,12.039754867553711,80,2,384,0,0,0
994,49.701175,48,597,1,1,27.681106567382812,27.911828994750977,0.48168838024139404,1.889249324798584,1,30.0,-0.08031260967254639,0.6331913471221924,-0.15855643153190613,12.039754867553711,80,2,384,0,0,0
995,49.751156,14,598,1,1,27.852989196777344,28.02431869506836,0.967978298664093,2.2312068939208984,1,30.0,-0.3875560164451599,0.6363767981529236,-0.22754062712192535,12.039754867553711,80,2,384,0,0,0
996,49.801162,64,598,1,0,27.852989196777344,28.02431869506836,0.967978298664093,2.2312068939208984,1,30.0,-0.3875560164451599,0.6363767981529236,-0.22754062712192535,12.039754867553711,80,2,384,0,0,0
997,49.851156,33,599,1,1,28.094118118286133,28.310604095458984,1.5559841394424438,2.6564292907714844,1,30.0,-0.7620611190795898,0.6417856812477112,-0.3119659423828125,12.039754867553711,80,2,384,0,0,0
998,49.90117,83,599,1,0,28.094118118286133,28.310604095458984,1.5559841394424438,2.6564292907714844,1,30.0,-0.7620611190795898,0.6417856812477112,-0.3119659423828125,12.039754867553711,80,2,384,0,0,0
999,49.951165,47,600,1,1,28.277175903320312,28.331079483032227,1.8880510330200195,2.7645809650421143,1,30.0,-0.9777764081954956,0.6457527279853821,-0.36078426241874695,12.039754867553711,92,2,384,0,0,0
1000,50.001156,13,601,1,1,28.513824462890625,28.60725212097168,2.2995471954345703,2.9516561031341553,1,30.0,-1.2459725141525269,0.6513876914978027,-0.42163559794425964,12.039754867553711,108,2,384,0,0,0
1001,50.051155,63,601,1,0,28.513824462890625,28.60725212097168,2.2995471954345703,2.9516561031341553,1,30.0,-1.2459725141525269,0.6513876914978027,-0.42163559794425964,12.039754867553711,108,2,384,0,0,0
1002,50.101156,32,602,1,1,28.782411575317383,28.8834228515625,2.7288503646850586,3.1502153873443604,1,30.0,-1.5277273654937744,0.6581821441650391,-0.4857576787471771,12.039754867553711,124,2,384,0,0,0
1003,50.151171,82,602,1,0,28.782411575317383,28.8834228515625,2.7288503646850586,3.1502153873443604,1,30.0,-1.5277273654937744,0.6581821441650391,-0.4857576787471771,12.039754867553711,124,2,384,0,0,0
1004,50.201168,48,603,1,1,29.0759220123291,29.149356842041016,3.132986545562744,3.295867919921875,1,30.0,-1.7966248989105225,0.6660133600234985,-0.5472529530525208,12.039754867553711,140,2,384,0,0,0
1005,50.251158,14,604,1,1,29.382211685180664,29.42552947998047,3.4925105571746826,3.382164239883423,1,30.0,-2.039905548095703,0.6744165420532227,-0.6031826734542847,12.039754867553711,154,2,384,0,0,0
1006,50.301155,64,604,1,0,29.382211685180664,29.42552947998047,3.4925105571746826,3.382164239883423,1,30.0,-2.039905548095703,0.6744165420532227,-0.6031826734542847,12.039754867553711,154,2,384,0,0,0
1007,50.351156,33,605,1,1,29.60565948486328,29.507307052612305,3.581601619720459,3.189148187637329,1,30.0,-2.1134703159332275,0.6805948615074158,-0.6209033727645874,12.039754867553711,158,2,384,0,0,0
1008,50.401156,83,605,1,0,29.60565948486328,29.507307052612305,3.581601619720459,3.189148187637329,1,30.0,-2.1134703159332275,0.6805948615074158,-0.6209033727645874,12.039754867553711,158,2,384,0,0,0
1009,50.45117,47,606,1,1,29.84821319580078,29.74252700805664,3.652789831161499,2.9771692752838135,1,30.0,-2.1780130863189697,0.6875560283660889,-0.6367931365966797,12.039754867553711,162,2,384,0,0,0
1010,50.501167,13,607,1,1,30.155364990234375,30.141427993774414,3.8761305809020996,2.949263334274292,1,30.0,-2.339661121368408,0.6966339945793152,-0.6747322678565979,12.039754867553711,172,2,384,0,0,0
1011,50.551155,63,607,1,0,30.155364990234375,30.141427993774414,3.8761305809020996,2.949263334274292,1,30.0,-2.339661121368408,0.6966339945793152,-0.6747322678565979,12.039754867553711,172,2,384,0,0,0
1012,50.601197,32,608,1,1,30.406267166137695,30.30510902404785,3.924516439437866,2.7504050731658936,1,30.0,-2.3912739753723145,0.7042853236198425,-0.6879020929336548,12.039754867553711,175,2,384,0,0,0
1013,50.651165,82,608,1,0,30.406267166137695,30.30510902404785,3.924516439437866,2.7504050731658936,1,30.0,-2.3912739753723145,0.7042853236198425,-0.6879020929336548,12.039754867553711,175,2,384,0,0,0
1014,50.70121,48,609,1,1,30.680904388427734,30.59151840209961,3.9857115745544434,2.5730984210968018,1,30.0,-2.4527084827423096,0.712849497795105,-0.703457236289978,12.039754867553711,179,2,384,0,0,0
1015,50.751158,14,610,1,1,30.932788848876953,30.806262969970703,3.9603521823883057,2.3210089206695557,1,30.0,-2.460162401199341,0.7209848165512085,-0.7069215178489685,12.039754867553711,180,2,384,0,0,0
1016,50.801155,64,610,1,0,30.932788848876953,30.806262969970703,3.9603521823883057,2.3210089206695557,1,30.0,-2.460162401199341,0.7209848165512085,-0.7069215178489685,12.039754867553711,180,2,384,0,0,0
1017,50.851156,33,611,1,1,31.066904067993164,30.7960262298584,3.639172315597534,1.7893714904785156,1,30.0,-2.279524803161621,0.7258011102676392,-0.6678501963615417,12.039754867553711,170,2,384,0,0,0
1018,50.90116,83,611,1,0,31.066904067993164,30.7960262298584,3.639172315597534,1.7893714904785156,1,30.0,-2.279524803161621,0.7258011102676392,-0.6678501963615417,12.039754867553711,170,2,384,0,0,0
1019,50.951176,48,612,1,1,31.187366485595703,30.91875457763672,3.2780368328094482,1.2535667419433594,1,30.0,-2.0736851692199707,0.7302684783935547,-0.6231008172035217,12.039754867553711,159,2,384,0,0,0
1020,51.001156,14,613,1,1,31.326478958129883,31.133499145507812,3.013923406600952,0.86799156665802,1,30.0,-1.9277372360229492,0.7355104684829712,-0.5918328166007996,12.039754867553711,151,2,384,0,0,0
1021,51.051155,64,613,1,0,31.326478958129883,31.133499145507812,3.013923406600952,0.86799156665802,1,30.0,-1.9277372360229492,0.7355104684829712,-0.5918328166007996,12.039754867553711,151,2,384,0,0,0
1022,51.101156,33,614,1,1,31.445131301879883,31.26646614074707,2.747943162918091,0.5169010162353516,1,30.0,-1.7788277864456177,0.7401312589645386,-0.5597686767578125,12.039754867553711,143,2,384,0,0,0
1023,51.151157,83,614,1,0,31.445131301879883,31.26646614074707,2.747943162918091,0.5169010162353516,1,30.0,-1.7788277864456177,0.7401312589645386,-0.5597686767578125,12.039754867553711,143,2,384,0,0,0
1024,51.20117,48,615,1,1,31.579410552978516,31.440383911132812,2.5261270999908447,0.23946678638458252,1,30.0,-1.6578233242034912,0.745315670967102,-0.5340309143066406,12.039754867553711,136,2,384,0,0,0
1025,51.251156,14,616,1,1,31.63536262512207,31.41990852355957,2.1337947845458984,-0.1910368800163269,1,30.0,-1.427459478378296,0.7483367919921875,-0.483510285615921,12.039754867553711,123,2,384,0,0,0
1026,51.301155,64,616,1,0,31.63536262512207,31.41990852355957,2.1337947845458984,-0.1910368800163269,1,30.0,-1.427459478378296,0.7483367919921875,-0.483510285615921,12.039754867553711,123,2,384,0,0,0
1027,51.351161,32,617,1,1,31.594797134399414,31.29718017578125,1.5547908544540405,-0.7791311740875244,1,30.0,-1.0764063596725464,0.7485098838806152,-0.405536949634552,12.039754867553711,103,2,384,0,0,0
1028,51.401161,82,617,1,0,31.594797134399414,31.29718017578125,1.5547908544540405,-0.7791311740875244,1,30.0,-1.0764063596725464,0.7485098838806152,-0.405536949634552,12.039754867553711,103,2,384,0,0,0
1029,51.451169,48,618,1,1,31.573854446411133,31.368844985961914,1.0988314151763916,-1.1868189573287964,1,30.0,-0.8009458184242249,0.7491574287414551,-0.3444673418998718,12.039754867553711,88,2,384,0,0,0
1030,51.501156,14,619,1,1,31.572933197021484,31.45062255859375,0.765440821647644,-1.430769681930542,1,30.0,-0.6008285284042358,0.7504675388336182,-0.30028802156448364,12.039754867553711,80,2,384,0,0,0
1031,51.551155,64,619,1,0,31.572933197021484,31.45062255859375,0.765440821647644,-1.430769681930542,1,30.0,-0.6008285284042358,0.7504675388336182,-0.30028802156448364,12.039754867553711,80,2,384,0,0,0
1032,51.601155,33,620,1,1,31.563749313354492,31.471097946166992,0.4753381609916687,-1.6126716136932373,1,30.0,-0.4259403645992279,0.7515290379524231,-0.2616598606109619,12.039754867553711,80,2,384,0,0,0
1033,51.651155,83,620,1,0,31.563749313354492,31.471097946166992,0.4753381609916687,-1.6126716136932373,1,30.0,-0.4259403645992279,0.7515290379524231,-0.2616598606109619,12.039754867553711,80,2,384,0,0,0
1034,51.701167,48,621,1,1,31.536134719848633,31.45062255859375,0.17488537728786469,-1.7832436561584473,1,30.0,-0.24318334460258484,0.7519515752792358,-0.22114108502864838,12.039754867553711,80,2,384,0,0,0
1035,51.751155,13,622,1,1,31.509164810180664,31.460861206054688,-0.06966909766197205,-1.880282998085022,1,30.0,-0.09402338415384293,0.7524482607841492,-0.1881048083305359,12.039754867553711,80,2,384,0,0,0
1036,51.801155,63,622,1,0,31.509164810180664,31.460861206054688,-0.06966909766197205,-1.880282998085022,1,30.0,-0.09402338415384293,0.7524482607841492,-0.1881048083305359,12.039754867553711,80,2,384,0,0,0
1037,51.851155,32,623,1,1,31.443552017211914,31.368844985961914,-0.3628966808319092,-2.027391195297241,1,30.0,0.08781832456588745,0.7517626285552979,-0.14754317700862885,12.039754867553711,80,2,384,0,0,0
1038,51.901166,82,623,1,0,31.443552017211914,31.368844985961914,-0.3628966808319092,-2.027391195297241,1,30.0,0.08781832456588745,0.7517626285552979,-0.14754317700862885,12.039754867553711,80,2,384,0,0,0
1039,51.951171,47,624,1,1,31.342519760131836,31.256229400634766,-0.7002428770065308,-2.199641466140747,1,30.0,0.29931896924972534,0.7498865127563477,-0.10012611746788025,12.039754867553711,80,2,384,0,0,0
1040,52.001208,14,625,1,1,31.27677345275879,31.276704788208008,-0.8829435110092163,-2.199777603149414,1,30.0,0.41485652327537537,0.7490552067756653,-0.07426637411117554,12.039754867553711,80,2,384,0,0,0
1041,52.05116,64,625,1,0,31.27677345275879,31.276704788208008,-0.8829435110092163,-2.199777603149414,1,30.0,0.41485652327537537,0.7490552067756653,-0.07426637411117554,12.039754867553711,80,2,384,0,0,0
1042,52.101156,32,626,1,1,31.17469024658203,31.14373779296875,-1.1217381954193115,-2.26076078414917,1,30.0,0.5673208236694336,0.747078001499176,-0.03994603827595711,12.039754867553711,80,2,384,0,0,0
1043,52.1512,82,626,1,0,31.17469024658203,31.14373779296875,-1.1217381954193115,-2.26076078414917,1,30.0,0.5673208236694336,0.747078001499176,-0.03994603827595711,12.039754867553711,80,2,384,0,0,0
1044,52.201167,47,627,1,1,31.093128204345703,31.123262405395508,-1.2562453746795654,-2.200576066970825,1,30.0,0.6553657650947571,0.7455708384513855,-0.02004557102918625,12.039754867553711,80,2,384,0,0,0
1045,52.251156,14,628,1,1,31.006595611572266,31.04148292541504,-1.3724802732467651,-2.131258010864258,1,30.0,0.7328945398330688,0.7439041137695312,-0.0024465720634907484,12.039754867553711,80,2,384,0,0,0
1046,52.301219,64,628,1,0,31.006595611572266,31.04148292541504,-1.3724802732467651,-2.131258010864258,1,30.0,0.7328945398330688,0.7439041137695312,-0.0024465720634907484,12.039754867553711,80,2,384,0,0,0
1047,52.351156,32,629,1,1,30.844560623168945,30.78578758239746,-1.658196210861206,-2.247084379196167,1,30.0,0.9189072847366333,0.7398986220359802,0.2386782020330429,12.039754867553711,80,1,0,0,0,0
1048,52.401155,82,629,1,0,30.844560623168945,30.78578758239746,-1.658196210861206,-2.247084379196167,1,30.0,0.9189072847366333,0.7398986220359802,0.2386782020330429,12.039754867553711,80,1,0,0,0,0
1049,52.451163,48,630,1,1,30.700145721435547,30.704010009765625,-1.8395990133285522,-2.2394094467163086,1,30.0,1.0407463312149048,0.7362418174743652,0.40600600838661194,12.039754867553711,104,1,0,0,0,0
1050,52.501156,13,631,1,1,30.572195053100586,30.622106552124023,-1.9340578317642212,-2.1393370628356934,1,30.0,1.10893714427948,0.7329984307289124,0.5012516379356384,12.039754867553711,128,1,0,0,0,0
1051,52.551156,63,631,1,0,30.572195053100586,30.622106552124023,-1.9340578317642212,-2.1393370628356934,1,30.0,1.10893714427948,0.7329984307289124,0.5012516379356384,12.039754867553711,128,1,0,0,0,0
1052,52.601155,33,632,1,1,30.439159393310547,30.479026794433594,-2.030487537384033,-2.061335802078247,1,30.0,1.178768277168274,0.7294937372207642,0.5990327000617981,12.039754867553711,153,1,0,0,0,0
1053,52.651161,83,632,1,0,30.439159393310547,30.479026794433594,-2.030487537384033,-2.061335802078247,1,30.0,1.178768277168274,0.7294937372207642,0.5990327000617981,12.039754867553711,153,1,0,0,0,0
1054,52.701167,47,633,1,1,30.35064125061035,30.479026794433594,-1.9614624977111816,-1.8042452335357666,1,30.0,1.1453198194503784,0.7271895408630371,0.5575070381164551,12.039754867553711,142,1,0,0,0,0
1055,52.751166,14,634,1,1,30.23358726501465,30.30510902404785,-1.9748756885528564,-1.6619462966918945,1,30.0,1.1639026403427124,0.7239759564399719,0.5865688920021057,12.039754867553711,150,1,0,0,0,0
1056,52.801155,64,634,1,0,30.23358726501465,30.30510902404785,-1.9748756885528564,-1.6619462966918945,1,30.0,1.1639026403427124,0.7239759564399719,0.5865688920021057,12.039754867553711,150,1,0,0,0,0
1057,52.851164,32,635,1,1,30.033361434936523,29.987985610961914,-2.196871757507324,-1.7514286041259766,1,30.0,1.3151205778121948,0.7181676626205444,0.7959372997283936,12.039754867553711,203,1,0,0,0,0
1058,52.901159,82,635,1,0,30.033361434936523,29.987985610961914,-2.196871757507324,-1.7514286041259766,1,30.0,1.3151205778121948,0.7181676626205444,0.7959372997283936,12.039754867553711,203,1,0,0,0,0
1059,52.951171,48,636,1,1,29.804866790771484,29.752765655517578,-2.4431588649749756,-1.8549549579620361,1,30.0,1.4834574460983276,0.7113395929336548,1.0,12.039754867553711,255,1,0,0,0,1
1060,53.001156,13,637,1,1,29.628826141357422,29.681224822998047,-2.5001556873321533,-1.7498822212219238,1,30.0,1.5334991216659546,0.7060583829879761,1.0,12.039754867553711,255,1,0,0,0,1
1061,53.051155,63,637,1,0,29.628826141357422,29.681224822998047,-2.5001556873321533,-1.7498822212219238,1,30.0,1.5334991216659546,0.7060583829879761,1.0,12.039754867553711,255,1,0,0,0,1
1062,53.101155,31,638,1,1,29.421119689941406,29.42552947998047,-2.635286569595337,-1.7411566972732544,1,30.0,1.6332712173461914,0.6998271942138672,1.0,12.039754867553711,255,1,0,0,0,1
1063,53.151166,81,638,1,0,29.421119689941406,29.42552947998047,-2.635286569595337,-1.7411566972732544,1,30.0,1.6332712173461914,0.6998271942138672,1.0,12.039754867553711,255,1,0,0,0,1
1064,53.201167,45,639,1,1,29.262571334838867,29.36410140991211,-2.5893280506134033,-1.5369367599487305,1,30.0,1.6199654340744019,0.695070743560791,1.0,12.039754867553711,255,1,0,0,0,1
1065,53.251157,14,640,1,1,29.077468872070312,29.11864471435547,-2.636131763458252,-1.4558477401733398,1,30.0,1.6647069454193115,0.689517617225647,1.0,12.039754867553711,255,1,0,0,0,1
1066,53.301211,64,640,1,0,29.077468872070312,29.11864471435547,-2.636131763458252,-1.4558477401733398,1,30.0,1.6647069454193115,0.689517617225647,1.0,12.039754867553711,255,1,0,0,0,1
1067,53.351156,33,641,1,1,28.85647964477539,28.852710723876953,-2.7610952854156494,-1.463199257850647,1,30.0,1.759574055671692,0.6828879117965698,1.0,12.039754867553711,255,1,0,0,0,1
1068,53.401155,83,641,1,0,28.85647964477539,28.852710723876953,-2.7610952854156494,-1.463199257850647,1,30.0,1.759574055671692,0.6828879117965698,1.0,12.039754867553711,255,1,0,0,0,1
1069,53.451167,48,642,1,1,28.651288986206055,28.69926643371582,-2.794049024581909,-1.3677453994750977,1,30.0,1.7978135347366333,0.6767322421073914,1.0,12.039754867553711,255,1,0,0,0,1
1070,53.50116,14,643,1,1,28.468292236328125,28.545949935913086,-2.7604174613952637,-1.2127153873443604,1,30.0,1.7941043376922607,0.671242356300354,1.0,12.039754867553711,255,1,0,0,0,1
1071,53.551155,64,643,1,0,28.468292236328125,28.545949935913086,-2.7604174613952637,-1.2127153873443604,1,30.0,1.7941043376922607,0.671242356300354,1.0,12.039754867553711,255,1,0,0,0,1
1072,53.601156,33,644,1,1,28.261417388916016,28.290252685546875,-2.8043758869171143,-1.15605628490448,1,30.0,1.8390980958938599,0.6650360822677612,1.0,12.039754867553711,255,1,0,0,0,1
1073,53.651165,83,644,1,0,28.261417388916016,28.290252685546875,-2.8043758869171143,-1.15605628490448,1,30.0,1.8390980958938599,0.6650360822677612,1.0,12.039754867553711,255,1,0,0,0,1
1074,53.701169,48,645,1,1,28.102983474731445,28.21858787536621,-2.6815905570983887,-0.9253063797950745,1,30.0,1.7796859741210938,0.660283088684082,1.0,12.043943405151367,255,1,0,0,0,1
1075,53.751156,14,646,1,1,27.9635066986084,28.085620880126953,-2.525465488433838,-0.6812381148338318,1,30.0,1.698563814163208,0.6560987234115601,1.0,12.043943405151367,255,1,0,0,0,1
1076,53.801155,64,646,1,0,27.9635066986084,28.085620880126953,-2.525465488433838,-0.6812381148338318,1,30.0,1.698563814163208,0.6560987234115601,1.0,12.043943405151367,255,1,0,0,0,1
1077,53.851158,33,647,1,1,27.855743408203125,27.993606567382812,-2.321110486984253,-0.4102802276611328,1,30.0,1.5856494903564453,0.6528658866882324,1.0,12.043943405151367,255,1,0,0,0,1
1078,53.901159,83,647,1,0,27.855743408203125,27.993606567382812,-2.321110486984253,-0.4102802276611328,1,30.0,1.5856494903564453,0.6528658866882324,1.0,12.043943405151367,255,1,0,0,0,1
1079,53.951167,48,648,1,1,27.708309173583984,27.77886199951172,-2.22111177444458,-0.2694740295410156,1,30.0,1.5389193296432495,0.6484428644180298,1.0,12.043943405151367,255,1,0,0,0,1
1080,54.001156,14,649,1,1,27.60802459716797,27.727672576904297,-2.014695644378662,-0.030378758907318115,1,30.0,1.4240952730178833,0.6454342603683472,1.0,12.043943405151367,255,1,0,0,0,1
1081,54.051155,64,649,1,0,27.60802459716797,27.727672576904297,-2.014695644378662,-0.030378758907318115,1,30.0,1.4240952730178833,0.6454342603683472,1.0,12.043943405151367,255,1,0,0,0,1
1082,54.101155,33,650,1,1,27.601472854614258,27.819686889648438,-1.6064684391021729,0.39844486117362976,1,30.0,1.17974853515625,0.6452377438545227,0.7126810550689697,12.043943405151367,182,1,0,0,0,0
1083,54.151174,83,650,1,0,27.601472854614258,27.819686889648438,-1.6064684391021729,0.39844486117362976,1,30.0,1.17974853515625,0.6452377438545227,0.7126810550689697,12.043943405151367,182,1,0,0,0,0
1084,54.201169,47,651,1,1,27.649322509765625,27.90159034729004,-1.0872751474380493,0.9046924114227295,1,30.0,0.8639260530471802,0.6447544097900391,0.2922288477420807,12.043943405151367,80,1,0,0,0,0
1085,54.251156,14,652,1,1,27.700782775878906,27.8913516998291,-0.6486270427703857,1.2841992378234863,1,30.0,0.5961058139801025,0.6443001627922058,0.0,12.043943405151367,0,0,0,0,0,0
1086,54.301155,64,652,1,0,27.700782775878906,27.8913516998291,-0.6486270427703857,1.2841992378234863,1,30.0,0.5961058139801025,0.6443001627922058,0.0,12.043943405151367,0,0,0,0,0,0
1087,54.351156,33,653,1,1,27.76078224182129,27.911828994750977,-0.26085802912712097,1.5804939270019531,1,30.0,0.35804444551467896,0.6441457867622375,-0.06357807666063309,12.043943405151367,80,2,384,0,0,0
1088,54.401163,83,653,1,0,27.76078224182129,27.911828994750977,-0.26085802912712097,1.5804939270019531,1,30.0,0.35804444551467896,0.6441457867622375,-0.06357807666063309,12.043943405151367,80,2,384,0,0,0
1089,54.45118,47,654,1,1,27.90565299987793,28.12657356262207,0.2993643879890442,2.0234572887420654,1,30.0,0.00887259840965271,0.6467005610466003,-0.14173954725265503,12.043943405151367,80,2,384,0,0,0
1090,54.501156,14,655,1,1,28.077348709106445,28.269777297973633,0.8342955112457275,2.4065284729003906,1,30.0,-0.32753872871398926,0.6500712633132935,-0.2172466665506363,12.043943405151367,80,2,384,0,0,0
1091,54.551155,64,655,1,0,28.077348709106445,28.269777297973633,0.8342955112457275,2.4065284729003906,1,30.0,-0.32753872871398926,0.6500712633132935,-0.2172466665506363,12.043943405151367,80,2,384,0,0,0
1092,54.601156,33,656,1,1,28.287063598632812,28.474285125732422,1.3809031248092651,2.773731231689453,1,30.0,-0.6743776798248291,0.6547284126281738,-0.2953568994998932,12.043943405151367,80,2,384,0,0,0
1093,54.651164,83,656,1,0,28.287063598632812,28.474285125732422,1.3809031248092651,2.773731231689453,1,30.0,-0.6743776798248291,0.6547284126281738,-0.2953568994998932,12.043943405151367,80,2,384,0,0,0
1094,54.701173,48,657,1,1,28.56020736694336,28.76069450378418,1.999537467956543,3.173457622528076,1,30.0,-1.0701411962509155,0.661552369594574,-0.3848207890987396,12.043943405151367,98,2,384,0,0,0
1095,54.751156,14,658,1,1,28.864774703979492,29.036865234375,2.595421075820923,3.5171897411346436,1,30.0,-1.4550825357437134,0.6694656014442444,-0.47212183475494385,12.043943405151367,120,2,384,0,0,0
1096,54.801163,64,658,1,0,28.864774703979492,29.036865234375,2.595421075820923,3.5171897411346436,1,30.0,-1.4550825357437134,0.6694656014442444,-0.47212183475494385,12.043943405151367,120,2,384,0,0,0
1097,54.851156,33,659,1,1,29.070058822631836,29.047103881835938,2.8371174335479736,3.4720921516418457,1,30.0,-1.6185758113861084,0.6746591329574585,-0.50960773229599,12.043943405151367,130,2,384,0,0,0
1098,54.901203,83,659,1,0,29.070058822631836,29.047103881835938,2.8371174335479736,3.4720921516418457,1,30.0,-1.6185758113861084,0.6746591329574585,-0.50960773229599,12.043943405151367,130,2,384,0,0,0
1099,54.951167,47,660,1,1,29.342609405517578,29.36410140991211,3.1770284175872803,3.515212297439575,1,30.0,-1.847051978111267,0.6820917129516602,-0.5620319843292236,12.043943405151367,143,2,384,0,0,0
1100,55.001192,14,661,1,1,29.627614974975586,29.640274047851562,3.4929399490356445,3.5404162406921387,1,30.0,-2.0622494220733643,0.6900831460952759,-0.6116294860839844,12.043943405151367,156,2,384,0,0,0
1101,55.05117,64,661,1,0,29.627614974975586,29.640274047851562,3.4929399490356445,3.5404162406921387,1,30.0,-2.0622494220733643,0.6900831460952759,-0.6116294860839844,12.043943405151367,156,2,384,0,0,0
1102,55.101156,33,662,1,1,29.898393630981445,29.865257263183594,3.7174675464630127,3.475428581237793,1,30.0,-2.2213361263275146,0.6978899240493774,-0.6487168669700623,12.043943405151367,165,2,384,0,0,0
1103,55.151163,83,662,1,0,29.898393630981445,29.865257263183594,3.7174675464630127,3.475428581237793,1,30.0,-2.2213361263275146,0.6978899240493774,-0.6487168669700623,12.043943405151367,165,2,384,0,0,0
1104,55.201167,48,663,1,1,30.216796875,30.202856063842773,3.986257791519165,3.447636365890503,1,30.0,-2.411266565322876,0.7073607444763184,-0.6930282711982727,12.043943405151367,177,2,384,0,0,0
1105,55.251158,14,664,1,1,30.54959487915039,30.530092239379883,4.23854398727417,3.4086873531341553,1,30.0,-2.592590093612671,0.7175289988517761,-0.7355820536613464,12.043943405151367,188,2,384,0,0,0
1106,55.301155,64,664,1,0,30.54959487915039,30.530092239379883,4.23854398727417,3.4086873531341553,1,30.0,-2.592590093612671,0.7175289988517761,-0.7355820536613464,12.043943405151367,188,2,384,0,0,0
1107,55.351156,33,665,1,1,30.764896392822266,30.571043014526367,4.1498870849609375,3.0278642177581787,1,30.0,-2.5587730407714844,0.7244551777839661,-0.7296062707901001,12.043943405151367,186,2,384,0,0,0
1108,55.401162,83,665,1,0,30.764896392822266,30.571043014526367,4.1498870849609375,3.0278642177581787,1,30.0,-2.5587730407714844,0.7244551777839661,-0.7296062707901001,12.043943405151367,186,2,384,0,0,0
1109,55.451165,48,666,1,1,30.95408058166504,30.71424674987793,3.94889760017395,2.5493602752685547,1,30.0,-2.4552059173583984,0.7307426333427429,-0.7079885601997375,12.043943405151367,181,2,384,0,0,0
1110,55.501156,14,667,1,1,31.080169677734375,30.78578758239746,3.5995771884918213,1.9612414836883545,1,30.0,-2.2569615840911865,0.7353362441062927,-0.6649550795555115,12.043943405151367,170,2,384,0,0,0
1111,55.551155,64,667,1,0,31.080169677734375,30.78578758239746,3.5995771884918213,1.9612414836883545,1,30.0,-2.2569615840911865,0.7353362441062927,-0.6649550795555115,12.043943405151367,170,2,384,0,0,0
1112,55.601156,33,668,1,1,31.203248977661133,30.959705352783203,3.3001315593719482,1.4827568531036377,1,30.0,-2.088371515274048,0.7399467825889587,-0.6285151839256287,12.043943405151367,160,2,384,0,0,0
1113,55.651163,83,668,1,0,31.203248977661133,30.959705352783203,3.3001315593719482,1.4827568531036377,1,30.0,-2.088371515274048,0.7399467825889587,-0.6285151839256287,12.043943405151367,160,2,384,0,0,0
1114,55.701169,47,669,1,1,31.38844108581543,31.24611473083496,3.154090642929077,1.197211503982544,1,30.0,-2.017414093017578,0.7464650869369507,-0.6141954064369202,12.043943405151367,157,2,384,0,0,0
1115,55.751156,13,670,1,1,31.54425621032715,31.389196395874023,2.957181215286255,0.8867713212966919,1,30.0,-1.9132919311523438,0.7523197531700134,-0.5923581719398499,12.043943405151367,151,2,384,0,0,0
1116,55.801155,63,670,1,0,31.54425621032715,31.389196395874023,2.957181215286255,0.8867713212966919,1,30.0,-1.9132919311523438,0.7523197531700134,-0.5923581719398499,12.043943405151367,151,2,384,0,0,0
1117,55.851155,32,671,1,1,31.67604637145996,31.52216339111328,2.7392823696136475,0.584324836730957,1,30.0,-1.794413685798645,0.7575860619544983,-0.567111074924469,12.043943405151367,145,2,384,0,0,0
1118,55.901163,82,671,1,0,31.67604637145996,31.52216339111328,2.7392823696136475,0.584324836730957,1,30.0,-1.794413685798645,0.7575860619544983,-0.567111074924469,12.043943405151367,145,2,384,0,0,0
1119,55.951164,48,672,1,1,31.673095703125,31.348369598388672,2.1715104579925537,-0.059677958488464355,1,30.0,-1.4534848928451538,0.758838415145874,-0.4916273355484009,12.043943405151367,125,2,384,0,0,0
1120,56.001162,14,673,1,1,31.69356346130371,31.471097946166992,1.74196195602417,-0.5028374195098877,1,30.0,-1.1975979804992676,0.7608745694160461,-0.43521609902381897,12.043943405151367,111,2,384,0,0,0
1121,56.051155,64,673,1,0,31.69356346130371,31.471097946166992,1.74196195602417,-0.5028374195098877,1,30.0,-1.1975979804992676,0.7608745694160461,-0.43521609902381897,12.043943405151367,111,2,384,0,0,0
1122,56.101156,33,674,1,1,31.694684982299805,31.501811981201172,1.3387320041656494,-0.8813213109970093,1,30.0,-0.9557608962059021,0.7623477578163147,-0.381801962852478,12.043943405151367,97,2,384,0,0,0
1123,56.15116,83,674,1,0,31.694684982299805,31.501811981201172,1.3387320041656494,-0.8813213109970093,1,30.0,-0.9557608962059021,0.7623477578163147,-0.381801962852478,12.043943405151367,97,2,384,0,0,0
1124,56.20117,47,675,1,1,31.759902954101562,31.696081161499023,1.140307903289795,-1.0093238353729248,1,30.0,-0.8425760269165039,0.7656600475311279,-0.3573857843875885,12.043943405151367,91,2,384,0,0,0
1125,56.251156,14,676,1,1,31.725540161132812,31.552875518798828,0.7271479964256287,-1.3530888557434082,1,30.0,-0.5915874242782593,0.7661250829696655,-0.30171388387680054,12.043943405151367,80,2,384,0,0,0
1126,56.301155,64,676,1,0,31.725540161132812,31.552875518798828,0.7271479964256287,-1.3530888557434082,1,30.0,-0.5915874242782593,0.7661250829696655,-0.30171388387680054,12.043943405151367,80,2,384,0,0,0
1127,56.351156,33,677,1,1,31.633892059326172,31.430147171020508,0.23477140069007874,-1.7527039051055908,1,30.0,-0.28791314363479614,0.7648423314094543,-0.23394566774368286,12.043943405151367,80,2,384,0,0,0
1128,56.401168,83,677,1,0,31.633892059326172,31.430147171020508,0.23477140069007874,-1.7527039051055908,1,30.0,-0.28791314363479614,0.7648423314094543,-0.23394566774368286,12.043943405151367,80,2,384,0,0,0
1129,56.451171,48,678,1,1,31.543079376220703,31.399433135986328,-0.1885441690683365,-2.039090871810913,1,30.0,-0.025750644505023956,0.7634250521659851,-0.17537237703800201,12.043943405151367,80,2,384,0,0,0
1130,56.501156,14,679,1,1,31.4735164642334,31.409671783447266,-0.48200321197509766,-2.1666085720062256,1,30.0,0.1565854549407959,0.7626497745513916,-0.13468095660209656,12.043943405151367,80,2,384,0,0,0
1131,56.551155,64,679,1,0,31.4735164642334,31.409671783447266,-0.48200321197509766,-2.1666085720062256,1,30.0,0.1565854549407959,0.7626497745513916,-0.13468095660209656,12.043943405151367,80,2,384,0,0,0
1132,56.601155,33,680,1,1,31.39862823486328,31.358606338500977,-0.7328102588653564,-2.245234489440918,1,30.0,0.3138096332550049,0.7616556286811829,-0.09952133148908615,12.043943405151367,80,2,384,0,0,0
1133,56.651158,83,680,1,0,31.39862823486328,31.358606338500977,-0.7328102588653564,-2.245234489440918,1,30.0,0.3138096332550049,0.7616556286811829,-0.09952133148908615,12.043943405151367,80,2,384,0,0,0
1134,56.701168,48,681,1,1,31.366840362548828,31.41990852355957,-0.8222305774688721,-2.139353036880493,1,30.0,0.37032273411750793,0.7618208527565002,-0.08699958026409149,12.039754867553711,80,2,384,0,0,0
1135,56.751156,13,682,1,1,31.39206886291504,31.532400131225586,-0.7339276075363159,-1.8574215173721313,1,30.0,0.31507039070129395,0.7637395262718201,-0.09970424324274063,12.039754867553711,80,2,384,0,0,0
1136,56.801155,63,682,1,0,31.39206886291504,31.532400131225586,-0.7339276075363159,-1.8574215173721313,1,30.0,0.31507039070129395,0.7637395262718201,-0.09970424324274063,12.039754867553711,80,2,384,0,0,0
1137,56.851157,32,683,1,1,31.331384658813477,31.338130950927734,-0.87165367603302,-1.8441381454467773,1,30.0,0.40316763520240784,0.7631022930145264,-0.07998547703027725,12.039754867553711,80,2,384,0,0,0
1138,56.901169,82,683,1,0,31.331384658813477,31.338130950927734,-0.87165367603302,-1.8441381454467773,1,30.0,0.40316763520240784,0.7631022930145264,-0.07998547703027725,12.039754867553711,80,2,384,0,0,0
1139,56.951172,47,684,1,1,31.196950912475586,31.123262405395508,-1.1693150997161865,-1.9912269115447998,1,30.0,0.5938635468482971,0.7601343989372253,-0.03694907948374748,12.039754867553711,80,2,384,0,0,0
1140,57.001204,14,685,1,1,31.114355087280273,31.14373779296875,-1.2786831855773926,-1.9328724145889282,1,30.0,0.6669179797172546,0.758673906326294,-0.020390205085277557,12.039754867553711,80,2,384,0,0,0
1141,57.051168,64,685,1,0,31.114355087280273,31.14373779296875,-1.2786831855773926,-1.9328724145889282,1,30.0,0.6669179797172546,0.758673906326294,-0.020390205085277557,12.039754867553711,80,2,384,0,0,0
1142,57.101158,33,686,1,1,31.019901275634766,31.04148292541504,-1.3947513103485107,-1.8905889987945557,1,30.0,0.7450597286224365,0.7567874789237976,-0.0026061669923365116,12.039754867553711,80,2,384,0,0,0
1143,57.151281,83,686,1,0,31.019901275634766,31.04148292541504,-1.3947513103485107,-1.8905889987945557,1,30.0,0.7450597286224365,0.7567874789237976,-0.0026061669923365116,12.039754867553711,80,2,384,0,0,0
1144,57.201171,46,687,1,1,30.97661781311035,31.09267234802246,-1.335158109664917,-1.6567072868347168,1,30.0,0.713199257850647,0.756304919719696,-0.009579036384820938,12.039754867553711,80,2,384,0,0,0
1145,57.251156,13,688,1,1,30.876190185546875,30.898279190063477,-1.4304404258728027,-1.6126439571380615,1,30.0,0.7794071435928345,0.7541710734367371,0.0,12.039754867553711,0,0,0,0,0,0
1146,57.301201,63,688,1,0,30.876190185546875,30.898279190063477,-1.4304404258728027,-1.6126439571380615,1,30.0,0.7794071435928345,0.7541710734367371,0.0,12.039754867553711,0,0,0,0,0,0
1147,57.351156,31,689,1,1,30.724157333374023,30.683534622192383,-1.6394729614257812,-1.6928006410598755,1,30.0,0.9185096621513367,0.7503110766410828,0.22426480054855347,12.039754867553711,80,1,0,0,0,0
1148,57.401167,81,689,1,0,30.724157333374023,30.683534622192383,-1.6394729614257812,-1.6928006410598755,1,30.0,0.9185096621513367,0.7503110766410828,0.22426480054855347,12.039754867553711,80,1,0,0,0,0
1149,57.451172,48,690,1,1,30.55180549621582,30.509614944458008,-1.8598053455352783,-1.776138424873352,1,30.0,1.066220760345459,0.7457197904586792,0.42733463644981384,12.039754867553711,109,1,0,0,0,0
1150,57.501156,13,691,1,1,30.348318099975586,30.294870376586914,-2.1131670475006104,-1.8830052614212036,1,30.0,1.2365516424179077,0.7400842308998108,0.6619565486907959,12.039754867553711,169,1,0,0,0,0
1151,57.551161,63,691,1,0,30.348318099975586,30.294870376586914,-2.1131670475006104,-1.8830052614212036,1,30.0,1.2365516424179077,0.7400842308998108,0.6619565486907959,12.039754867553711,169,1,0,0,0,0
1152,57.601155,33,692,1,1,30.164247512817383,30.15166664123535,-2.28735613822937,-1.9075907468795776,1,30.0,1.3576314449310303,0.7348581552505493,0.8303644061088562,12.039754867553711,212,1,0,0,0,0
1153,57.651157,83,692,1,0,30.164247512817383,30.15166664123535,-2.28735613822937,-1.9075907468795776,1,30.0,1.3576314449310303,0.7348581552505493,0.8303644061088562,12.039754867553711,212,1,0,0,0,0
1154,57.701173,47,693,1,1,29.98503875732422,30.018699645996094,-2.3868565559387207,-1.840209722518921,1,30.0,1.4334604740142822,0.7296133041381836,0.9384629130363464,12.002065658569336,239,1,0,0,0,0
1155,57.751156,14,694,1,1,29.811906814575195,29.855018615722656,-2.4574077129364014,-1.75443434715271,1,30.0,1.491373062133789,0.7244065999984741,1.0,12.002065658569336,255,1,0,0,0,1
1156,57.801155,64,694,1,0,29.811906814575195,29.855018615722656,-2.4574077129364014,-1.75443434715271,1,30.0,1.491373062133789,0.7244065999984741,1.0,12.002065658569336,255,1,0,0,0,1
1157,57.851156,32,695,1,1,29.589521408081055,29.56873321533203,-2.640547752380371,-1.795433759689331,1,30.0,1.6212718486785889,0.7177350521087646,1.0,12.002065658569336,255,1,0,0,0,1
1158,57.901166,82,695,1,0,29.589521408081055,29.56873321533203,-2.640547752380371,-1.795433759689331,1,30.0,1.6212718486785889,0.7177350521087646,1.0,12.002065658569336,255,1,0,0,0,1
1159,57.95117,48,696,1,1,29.29802703857422,29.21065902709961,-2.957690954208374,-1.9690608978271484,1,30.0,1.8377922773361206,0.708990216255188,1.0,12.002065658569336,255,1,0,0,0,1
1160,58.001156,13,697,1,1,29.02541732788086,29.006153106689453,-3.1620802879333496,-2.0076956748962402,1,30.0,1.984960675239563,0.7008119821548462,1.0,12.002065658569336,255,1,0,0,0,1
1161,58.051155,63,697,1,0,29.02541732788086,29.006153106689453,-3.1620802879333496,-2.0076956748962402,1,30.0,1.984960675239563,0.7008119821548462,1.0,12.002065658569336,255,1,0,0,0,1
1162,58.101156,32,698,1,1,28.73615837097168,28.69926643371582,-3.3942487239837646,-2.0802934169769287,1,30.0,2.1502950191497803,0.6921341419219971,1.0,12.002065658569336,255,1,0,0,0,1
1163,58.151167,82,698,1,0,28.73615837097168,28.69926643371582,-3.3942487239837646,-2.0802934169769287,1,30.0,2.1502950191497803,0.6921341419219971,1.0,12.002065658569336,255,1,0,0,0,1
1164,58.201167,48,699,1,1,28.512409210205078,28.60725212097168,-3.3886733055114746,-1.892038345336914,1,30.0,2.1670873165130615,0.6854217052459717,1.0,11.99787712097168,255,1,0,0,0,1
1165,58.251156,14,700,1,1,28.250207901000977,28.290252685546875,-3.4711437225341797,-1.8122210502624512,1,30.0,2.2401676177978516,0.6775556802749634,1.0,11.99787712097168,255,1,0,0,0,1
1166,58.301207,64,700,1,0,28.250207901000977,28.290252685546875,-3.4711437225341797,-1.8122210502624512,1,30.0,2.2401676177978516,0.6775556802749634,1.0,11.99787712097168,255,1,0,0,0,1
1167,58.351156,33,701,1,1,28.005725860595703,28.06514549255371,-3.5062174797058105,-1.6955705881118774,1,30.0,2.283215284347534,0.670221209526062,1.0,11.99787712097168,255,1,0,0,0,1
1168,58.401158,83,701,1,0,28.005725860595703,28.06514549255371,-3.5062174797058105,-1.6955705881118774,1,30.0,2.283215284347534,0.670221209526062,1.0,11.99787712097168,255,1,0,0,0,1
1169,58.451164,48,702,1,1,27.751304626464844,27.819686889648438,-3.519667387008667,-1.559139609336853,1,30.0,2.314182996749878,0.6625885963439941,1.0,11.993690490722656,255,1,0,0,0,1
1170,58.501156,13,703,1,1,27.535154342651367,27.656131744384766,-3.4192657470703125,-1.3160343170166016,1,30.0,2.273395538330078,0.6561040878295898,1.0,11.993690490722656,255,1,0,0,0,1
1171,58.551155,63,703,1,0,27.535154342651367,27.656131744384766,-3.4192657470703125,-1.3160343170166016,1,30.0,2.273395538330078,0.6561040878295898,1.0,11.993690490722656,255,1,0,0,0,1
1172,58.601156,30,704,1,1,27.358915328979492,27.512928009033203,-3.2345542907714844,-1.0092620849609375,1,30.0,2.1784303188323975,0.6508169174194336,1.0,11.993690490722656,255,1,0,0,0,1
1173,58.651158,80,704,1,0,27.358915328979492,27.512928009033203,-3.2345542907714844,-1.0092620849609375,1,30.0,2.1784303188323975,0.6508169174194336,1.0,11.993690490722656,255,1,0,0,0,1
1174,58.701171,45,705,1,1,27.228609085083008,27.4310245513916,-2.931344509124756,-0.6033338308334351,1,30.0,2.0082321166992188,0.6469076871871948,1.0,11.993690490722656,255,1,0,0,0,1
1175,58.751156,14,706,1,1,27.101367950439453,27.257230758666992,-2.6866471767425537,-0.2968922257423401,1,30.0,1.8728653192520142,0.6430904865264893,1.0,11.993690490722656,255,1,0,0,0,1
1176,58.801155,64,706,1,0,27.101367950439453,27.257230758666992,-2.6866471767425537,-0.2968922257423401,1,30.0,1.8728653192520142,0.6430904865264893,1.0,11.993690490722656,255,1,0,0,0,1
1177,58.851156,33,707,1,1,26.97049903869629,27.093549728393555,-2.4810004234313965,-0.05700668692588806,1,30.0,1.7612553834915161,0.6391644477844238,1.0,11.993690490722656,255,1,0,0,0,1
1178,58.901166,83,707,1,0,26.97049903869629,27.093549728393555,-2.4810004234313965,-0.05700668692588806,1,30.0,1.7612553834915161,0.6391644477844238,1.0,11.993690490722656,255,1,0,0,0,1
1179,58.95117,48,708,1,1,26.891218185424805,27.073074340820312,-2.1394577026367188,0.30469468235969543,1,30.0,1.5634651184082031,0.6367859840393066,1.0,11.993690490722656,255,1,0,0,0,1
1180,59.001157,14,709,1,1,26.842920303344727,27.022010803222656,-1.7713810205459595,0.6621927618980408,1,30.0,1.3469657897949219,0.6353369951248169,0.9488384127616882,11.993690490722656,242,1,0,0,0,0
1181,59.051155,64,709,1,0,26.842920303344727,27.022010803222656,-1.7713810205459595,0.6621927618980408,1,30.0,1.3469657897949219,0.6353369951248169,0.9488384127616882,11.993690490722656,242,1,0,0,0,0
1182,59.101207,33,710,1,1,26.89956283569336,27.175329208374023,-1.1986942291259766,1.2040760517120361,1,30.0,0.9982559680938721,0.6343528032302856,0.4852042496204376,11.993690490722656,124,1,0,0,0,0
1183,59.151157,83,710,1,0,26.89956283569336,27.175329208374023,-1.1986942291259766,1.2040760517120361,1,30.0,0.9982559680938721,0.6343528032302856,0.4852042496204376,11.993690490722656,124,1,0,0,0,0
1184,59.201192,47,711,1,1,27.03688621520996,27.35948371887207,-0.4747347831726074,1.8516063690185547,1,30.0,0.5515211224555969,0.635992169380188,0.0,12.052318572998047,0,0,0,0,0,0
1185,59.251158,14,712,1,1,27.24833869934082,27.5844669342041,0.320508748292923,2.521148681640625,1,30.0,0.055344268679618835,0.6398170590400696,-0.1298828423023224,12.052318572998047,80,2,384,0,0,0
1186,59.301171,64,712,1,0,27.24833869934082,27.5844669342041,0.320508748292923,2.521148681640625,1,30.0,0.055344268679618835,0.6398170590400696,-0.1298828423023224,12.052318572998047,80,2,384,0,0,0
1187,59.351165,33,713,1,1,27.36168098449707,27.471975326538086,0.7319903373718262,2.7375402450561523,1,30.0,-0.20174551010131836,0.640878438949585,-0.18724974989891052,12.052318572998047,80,2,384,0,0,0
1188,59.401167,83,713,1,0,27.36168098449707,27.471975326538086,0.7319903373718262,2.7375402450561523,1,30.0,-0.20174551010131836,0.640878438949585,-0.18724974989891052,12.052318572998047,80,2,384,0,0,0
1189,59.451173,48,714,1,1,27.492916107177734,27.574230194091797,1.1200006008148193,2.8996949195861816,1,30.0,-0.44636285305023193,0.6427047848701477,-0.2420150637626648,12.052318572998047,80,2,384,0,0,0
1190,59.501156,14,715,1,1,27.647903442382812,27.71743392944336,1.4966442584991455,3.0385985374450684,1,30.0,-0.6862978935241699,0.6450980305671692,-0.2958657443523407,12.052318572998047,80,2,384,0,0,0
1191,59.551155,64,715,1,0,27.647903442382812,27.71743392944336,1.4966442584991455,3.0385985374450684,1,30.0,-0.6862978935241699,0.6450980305671692,-0.2958657443523407,12.052318572998047,80,2,384,0,0,0
1192,59.601156,33,716,1,1,27.838855743408203,27.92206573486328,1.8993680477142334,3.2021079063415527,1,30.0,-0.9451178908348083,0.6489449739456177,-0.3542361855506897,12.052318572998047,90,2,384,0,0,0
1193,59.651163,83,716,1,0,27.838855743408203,27.92206573486328,1.8993680477142334,3.2021079063415527,1,30.0,-0.9451178908348083,0.6489449739456177,-0.3542361855506897,12.052318572998047,90,2,384,0,0,0
1194,59.701181,48,717,1,1,28.124805450439453,28.28001594543457,2.4682233333587646,3.5118613243103027,1,30.0,-1.312166452407837,0.6557945609092712,-0.4373246729373932,12.052318572998047,112,2,384,0,0,0
1195,59.751156,13,718,1,1,28.41832160949707,28.515235900878906,2.9533205032348633,3.7066125869750977,1,30.0,-1.6296412944793701,0.663006067276001,-0.5094771981239319,12.052318572998047,130,2,384,0,0,0
1196,59.801155,63,718,1,0,28.41832160949707,28.515235900878906,2.9533205032348633,3.7066125869750977,1,30.0,-1.6296412944793701,0.663006067276001,-0.5094771981239319,12.052318572998047,130,2,384,0,0,0
1197,59.851156,32,719,1,1,28.724943161010742,28.801645278930664,3.398257255554199,3.857677459716797,1,30.0,-1.9241993427276611,0.6708602905273438,-0.5766799449920654,12.052318572998047,147,2,384,0,0,0
1198,59.901171,82,719,1,0,28.724943161010742,28.801645278930664,3.398257255554199,3.857677459716797,1,30.0,-1.9241993427276611,0.6708602905273438,-0.5766799449920654,12.052318572998047,147,2,384,0,0,0
1199,59.951172,48,720,1,1,28.917667388916016,28.770931243896484,3.443277359008789,3.5663537979125977,1,30.0,-1.9685566425323486,0.6756220459938049,-0.5875952243804932,12.052318572998047,150,2,384,0,0,0
