record_index,elapsed_s,depth_age_ms,depth_sequence,depth_valid,depth_fresh,depth_cm,raw_depth_cm,depth_speed_cm_s,depth_accel_cm_s2,target_valid,target_depth_cm,proposal_desired_accel_cm_s2,proposal_bias_cm_s2,requested_duty,battery_window_v,pwm_commanded,direction_commanded,valve_mask_estimated,forward_active,balance_active,output_saturated
0,0.006467,61,1,1,1,11.907248497009277,11.854037284851074,-0.11195942014455795,-0.06120537221431732,0,,0.0,0.0,0.0,12.039754867553711,0,0,0,0,0,0
1,0.051419,23,2,1,1,11.892268180847168,11.884750366210938,-0.13139794766902924,-0.07618862390518188,0,,0.0,0.0,0.0,12.039754867553711,0,0,0,0,0,0
2,0.101417,73,2,1,0,11.892268180847168,11.884750366210938,-0.13139794766902924,-0.07618862390518188,0,,0.0,0.0,0.0,12.039754867553711,0,0,0,0,0,0
3,0.151418,41,3,1,1,11.86983871459961,11.854037284851074,-0.16749586164951324,-0.10734646022319794,0,,0.0,0.0,0.0,12.039754867553711,0,0,0,0,0,0
4,0.201428,7,4,1,1,11.902108192443848,11.966527938842773,-0.05398441106081009,0.0205562561750412,0,,0.0,0.0,0.0,12.039754867553711,0,0,0,0,0,0
5,0.251417,57,4,1,0,11.902108192443848,11.966527938842773,-0.05398441106081009,0.0205562561750412,0,,0.0,0.0,0.0,12.039754867553711,0,0,0,0,0,0
6,0.30149,26,5,1,1,11.905173301696777,11.915464401245117,-0.033011920750141144,0.040715645998716354,0,,0.0,0.0,0.0,12.039754867553711,0,0,0,0,0,0
7,0.351419,76,5,1,0,11.905173301696777,11.915464401245117,-0.033011920750141144,0.040715645998716354,0,,0.0,0.0,0.0,12.039754867553711,0,0,0,0,0,0
8,0.401417,41,6,1,1,11.890730857849121,11.874512672424316,-0.06050920486450195,0.008396945893764496,0,,0.0,0.0,0.0,12.039754867553711,0,0,0,0,0,0
9,0.451418,6,7,1,1,11.898236274719238,11.915464401245117,-0.026642367243766785,0.04299251735210419,0,,0.0,0.0,0.0,12.039754867553711,0,0,0,0,0,0
10,0.501445,56,7,1,0,11.898236274719238,11.915464401245117,-0.026642367243766785,0.04299251735210419,0,,0.0,0.0,0.0,12.039754867553711,0,0,0,0,0,0
11,0.551419,24,8,1,1,11.87419605255127,11.843799591064453,-0.08078351616859436,-0.017185624688863754,0,,0.0,0.0,0.0,12.039754867553711,0,0,0,0,0,0
12,0.601417,74,8,1,0,11.87419605255127,11.843799591064453,-0.08078351616859436,-0.017185624688863754,0,,0.0,0.0,0.0,12.039754867553711,0,0,0,0,0,0
13,0.651427,41,9,1,1,11.8746976852417,11.884750366210938,-0.06315860897302628,0.002698879688978195,0,,0.0,0.0,0.0,12.039754867553711,0,0,0,0,0,0
14,0.701424,7,10,1,1,11.927491188049316,12.007479667663574,0.08950772136449814,0.16180332005023956,0,,0.0,0.0,0.0,12.039754867553711,0,0,0,0,0,0
15,0.751452,57,10,1,0,11.927491188049316,12.007479667663574,0.08950772136449814,0.16180332005023956,0,,0.0,0.0,0.0,12.039754867553711,0,0,0,0,0,0
16,0.80142,26,11,1,1,11.978241920471191,12.038192749023438,0.2152106761932373,0.27935612201690674,0,,0.0,0.0,0.0,12.039754867553711,0,0,0,0,0,0
17,0.851443,76,11,1,0,11.978241920471191,12.038192749023438,0.2152106761932373,0.27935612201690674,0,,0.0,0.0,0.0,12.039754867553711,0,0,0,0,0,0
18,0.901419,41,12,1,1,11.993107795715332,11.987004280090332,0.2272992581129074,0.26718759536743164,0,,0.0,0.0,0.0,12.039754867553711,0,0,0,0,0,0
19,0.951419,8,13,1,1,12.002013206481934,11.987004280090332,0.2209145575761795,0.23737464845180511,0,,0.0,0.0,0.0,12.039754867553711,0,0,0,0,0,0
20,1.001507,58,13,1,0,12.002013206481934,11.987004280090332,0.2209145575761795,0.23737464845180511,0,,0.0,0.0,0.0,12.039754867553711,0,0,0,0,0,0
21,1.051419,26,14,1,1,11.989584922790527,11.946052551269531,0.15817219018936157,0.15154975652694702,0,,0.0,0.0,0.0,12.039754867553711,0,0,0,0,0,0
22,1.101417,76,14,1,0,11.989584922790527,11.946052551269531,0.15817219018936157,0.15154975652694702,0,,0.0,0.0,0.0,12.039754867553711,0,0,0,0,0,0
23,1.151419,42,15,1,1,11.970749855041504,11.925702095031738,0.08513179421424866,0.06200446933507919,0,,0.0,0.0,0.0,12.039754867553711,0,0,0,0,0,0
24,1.201428,7,16,1,1,12.03377628326416,12.109733581542969,0.23641593754291534,0.2144051492214203,0,,0.0,0.0,0.0,12.039754867553711,0,0,0,0,0,0
25,1.251417,57,16,1,0,12.03377628326416,12.109733581542969,0.23641593754291534,0.2144051492214203,0,,0.0,0.0,0.0,12.039754867553711,0,0,0,0,0,0
26,1.301419,27,17,1,1,12.055583953857422,12.058669090270996,0.2593533992767334,0.220445454120636,0,,0.0,0.0,0.0,12.039754867553711,0,0,0,0,0,0
27,1.351417,77,17,1,0,12.055583953857422,12.058669090270996,0.2593533992767334,0.220445454120636,0,,0.0,0.0,0.0,12.039754867553711,0,0,0,0,0,0
28,1.401419,42,18,1,1,12.08729076385498,12.099494934082031,0.30138152837753296,0.2447640746831894,0,,0.0,0.0,0.0,12.039754867553711,0,0,0,0,0,0
29,1.451419,8,19,1,1,12.025702476501465,11.90522575378418,0.09142176806926727,0.004106387495994568,0,,0.0,0.0,0.0,12.039754867553711,0,0,0,0,0,0
30,1.501425,58,19,1,0,12.025702476501465,11.90522575378418,0.09142176806926727,0.004106387495994568,0,,0.0,0.0,0.0,12.039754867553711,0,0,0,0,0,0
31,1.551419,26,20,1,1,12.009549140930176,11.976766586303711,0.029700562357902527,-0.06068959832191467,0,,0.0,0.0,0.0,12.039754867553711,0,0,0,0,0,0
32,1.601417,76,20,1,0,12.009549140930176,11.976766586303711,0.029700562357902527,-0.06068959832191467,0,,0.0,0.0,0.0,12.014628410339355,0,0,0,0,0,0
33,1.651419,41,21,1,1,11.997052192687988,11.976766586303711,-0.01433531753718853,-0.10127732902765274,0,,0.0,0.0,0.0,12.014628410339355,0,0,0,0,0,0
34,1.701419,7,22,1,1,12.022150039672852,12.058669090270996,0.04712639003992081,-0.0282415971159935,0,,0.0,0.0,0.0,12.014628410339355,0,0,0,0,0,0
35,1.751417,57,22,1,0,12.022150039672852,12.058669090270996,0.04712639003992081,-0.0282415971159935,0,,0.0,0.0,0.0,12.014628410339355,0,0,0,0,0,0
36,1.801419,26,23,1,1,12.052377700805664,12.08925724029541,0.11424930393695831,0.044232770800590515,0,,0.0,0.0,0.0,12.014628410339355,0,0,0,0,0,0
37,1.851423,76,23,1,0,12.052377700805664,12.08925724029541,0.11424930393695831,0.044232770800590515,0,,0.0,0.0,0.0,12.014628410339355,0,0,0,0,0,0
38,1.901419,42,24,1,1,12.013387680053711,11.946052551269531,-0.009959094226360321,-0.08934749662876129,0,,0.0,0.0,0.0,12.014628410339355,0,0,0,0,0,0
39,1.951419,7,25,1,1,12.010217666625977,12.007479667663574,-0.022809887304902077,-0.09483449161052704,0,,0.0,0.0,0.0,12.014628410339355,0,0,0,0,0,0
40,2.001417,57,25,1,0,12.010217666625977,12.007479667663574,-0.022809887304902077,-0.09483449161052704,0,,0.0,0.0,0.0,12.014628410339355,0,0,0,0,0,0
41,2.051419,25,26,1,1,11.977779388427734,11.93593978881836,-0.10989018529653549,-0.17762145400047302,0,,0.0,0.0,0.0,12.014628410339355,0,0,0,0,0,0
42,2.101417,75,26,1,0,11.977779388427734,11.93593978881836,-0.10989018529653549,-0.17762145400047302,0,,0.0,0.0,0.0,12.014628410339355,0,0,0,0,0,0
43,2.151419,42,27,1,1,11.988880157470703,12.017717361450195,-0.0699886903166771,-0.12057174742221832,0,,0.0,0.0,0.0,12.014628410339355,0,0,0,0,0,0
44,2.201427,6,28,1,1,12.006022453308105,12.038192749023438,-0.01832979917526245,-0.05583653599023819,0,,0.0,0.0,0.0,12.014628410339355,0,0,0,0,0,0
45,2.251417,56,28,1,0,12.006022453308105,12.038192749023438,-0.01832979917526245,-0.05583653599023819,0,,0.0,0.0,0.0,12.014628410339355,0,0,0,0,0,0
46,2.301418,24,29,1,1,12.031460762023926,12.068906784057617,0.04818655550479889,0.018362119793891907,0,,0.0,0.0,0.0,12.014628410339355,0,0,0,0,0,0
47,2.351417,74,29,1,0,12.031460762023926,12.068906784057617,0.04818655550479889,0.018362119793891907,0,,0.0,0.0,0.0,12.014628410339355,0,0,0,0,0,0
48,2.40142,42,30,1,1,12.01091194152832,11.976766586303711,-0.014658942818641663,-0.04881693422794342,0,,0.0,0.0,0.0,12.014628410339355,0,0,0,0,0,0
49,2.451417,7,31,1,1,11.995701789855957,11.976766586303711,-0.05501149594783783,-0.0866059809923172,0,,0.0,0.0,0.0,12.014628410339355,0,0,0,0,0,0
50,2.501445,57,31,1,0,11.995701789855957,11.976766586303711,-0.05501149594783783,-0.0866059809923172,0,,0.0,0.0,0.0,12.014628410339355,0,0,0,0,0,0
51,2.551462,25,32,1,1,11.942116737365723,11.874512672424316,-0.19002050161361694,-0.22012227773666382,0,,0.0,0.0,0.0,12.014628410339355,0,0,0,0,0,0
52,2.60144,75,32,1,0,11.942116737365723,11.874512672424316,-0.19002050161361694,-0.22012227773666382,0,,0.0,0.0,0.0,12.014628410339355,0,0,0,0,0,0
53,2.651418,41,33,1,1,11.925515174865723,11.925702095031738,-0.20815393328666687,-0.2197498083114624,0,,0.0,0.0,0.0,12.014628410339355,0,0,0,0,0,0
54,2.701417,7,34,1,1,11.949475288391113,12.007479667663574,-0.11578486859798431,-0.10408487915992737,0,,0.0,0.0,0.0,12.014628410339355,0,0,0,0,0,0
55,2.751417,57,34,1,0,11.949475288391113,12.007479667663574,-0.11578486859798431,-0.10408487915992737,0,,0.0,0.0,0.0,12.014628410339355,0,0,0,0,0,0
56,2.801427,25,35,1,1,11.93808364868164,11.93593978881836,-0.12837442755699158,-0.10831701755523682,0,,0.0,0.0,0.0,12.014628410339355,0,0,0,0,0,0
57,2.851417,75,35,1,0,11.93808364868164,11.93593978881836,-0.12837442755699158,-0.10831701755523682,0,,0.0,0.0,0.0,12.014628410339355,0,0,0,0,0,0
58,2.901456,41,36,1,1,11.900579452514648,11.864274978637695,-0.2066015601158142,-0.1804732382297516,0,,0.0,0.0,0.0,12.014628410339355,0,0,0,0,0,0
59,2.951419,8,37,1,1,11.883625030517578,11.884750366210938,-0.21944253146648407,-0.17824123799800873,0,,0.0,0.0,0.0,12.014628410339355,0,0,0,0,0,0
60,3.001448,58,37,1,0,11.883625030517578,11.884750366210938,-0.21944253146648407,-0.17824123799800873,0,,0.0,0.0,0.0,12.014628410339355,0,0,0,0,0,0
61,3.051486,27,38,1,1,11.894744873046875,11.93593978881836,-0.15661245584487915,-0.09756183624267578,0,,0.0,0.0,0.0,12.014628410339355,0,0,0,0,0,0
62,3.101447,77,38,1,0,11.894744873046875,11.93593978881836,-0.15661245584487915,-0.09756183624267578,0,,0.0,0.0,0.0,12.014628410339355,0,0,0,0,0,0
63,3.151424,41,39,1,1,11.912727355957031,11.956290245056152,-0.08134757727384567,-0.010233983397483826,0,,0.0,0.0,0.0,12.014628410339355,0,0,0,0,0,0
64,3.201417,7,40,1,1,11.927148818969727,11.956290245056152,-0.02629030868411064,0.04812214896082878,0,,0.0,0.0,0.0,12.014628410339355,0,0,0,0,0,0
65,3.251417,57,40,1,0,11.927148818969727,11.956290245056152,-0.02629030868411064,0.04812214896082878,0,,0.0,0.0,0.0,12.014628410339355,0,0,0,0,0,0
66,3.301418,27,41,1,1,11.959511756896973,12.007479667663574,0.06740865856409073,0.14193005859851837,0,,0.0,0.0,0.0,12.014628410339355,0,0,0,0,0,0
67,3.351431,77,41,1,0,11.959511756896973,12.007479667663574,0.06740865856409073,0.14193005859851837,0,,0.0,0.0,0.0,12.010440826416016,0,0,0,0,0,0
68,3.401419,42,42,1,1,11.966079711914062,11.966527938842773,0.0803273469209671,0.14282238483428955,1,45.0,0.0,0.0,0.0,12.010440826416016,0,0,0,0,0,0
69,3.451419,8,43,1,1,11.961835861206055,11.946052551269531,0.06213376671075821,0.11130551993846893,1,45.0,0.0,0.0,0.0,12.010440826416016,0,0,0,0,0,0
70,3.501422,58,43,1,0,11.961835861206055,11.946052551269531,0.06213376671075821,0.11130551993846893,1,45.0,0.0,0.0,0.0,12.010440826416016,0,0,0,0,0,0
71,3.551419,26,44,1,1,11.928406715393066,11.874512672424316,-0.03074876219034195,0.004800625145435333,1,45.0,2.9948928356170654,0.22322256863117218,1.0,12.010440826416016,255,1,0,0,0,1
72,3.601418,76,44,1,0,11.928406715393066,11.874512672424316,-0.03074876219034195,0.004800625145435333,1,45.0,2.9948928356170654,0.22322256863117218,1.0,12.010440826416016,255,1,0,0,0,1
73,3.651419,42,45,1,1,11.895644187927246,11.854037284851074,-0.1096244603395462,-0.07797310501337051,1,45.0,3.0451667308807373,0.22223974764347076,1.0,12.010440826416016,255,1,0,0,0,1
74,3.701418,7,46,1,1,11.911402702331543,11.946052551269531,-0.0496436208486557,-0.008445508778095245,1,45.0,3.0077598094940186,0.22271253168582916,1.0,12.010440826416016,255,1,0,0,0,1
75,3.751433,57,46,1,0,11.911402702331543,11.946052551269531,-0.0496436208486557,-0.008445508778095245,1,45.0,3.0077598094940186,0.22271253168582916,1.0,12.010440826416016,255,1,0,0,0,1
76,3.801419,26,47,1,1,11.910748481750488,11.915464401245117,-0.04143611341714859,0.000837886705994606,1,45.0,3.002894401550293,0.22269286215305328,1.0,12.010440826416016,255,1,0,0,0,1
77,3.851418,76,47,1,0,11.910748481750488,11.915464401245117,-0.04143611341714859,0.000837886705994606,1,45.0,3.002894401550293,0.22269286215305328,1.0,12.023003578186035,255,1,0,0,0,1
78,3.901418,42,48,1,1,11.88060474395752,11.843799591064453,-0.11134645342826843,-0.0722322091460228,1,45.0,3.047553777694702,0.22178854048252106,1.0,12.023003578186035,255,1,0,0,0,1
79,3.951418,7,49,1,1,11.902627944946289,11.946052551269531,-0.03409496694803238,0.014816857874393463,1,45.0,2.999220848083496,0.22244925796985626,1.0,12.023003578186035,255,1,0,0,0,1
80,4.001418,57,49,1,0,11.902627944946289,11.946052551269531,-0.03409496694803238,0.014816857874393463,1,45.0,2.999220848083496,0.22244925796985626,1.0,12.023003578186035,255,1,0,0,0,1
81,4.051419,25,50,1,1,11.884939193725586,11.864274978637695,-0.07204820215702057,-0.026071634143590927,1,45.0,3.0235843658447266,0.22191859781742096,1.0,12.023003578186035,255,1,0,0,0,1
82,4.101422,75,50,1,0,11.884939193725586,11.864274978637695,-0.07204820215702057,-0.026071634143590927,1,50.0,3.0235843658447266,0.22191859781742096,1.0,12.023003578186035,255,1,0,0,0,1
83,4.151419,40,51,1,1,11.920096397399902,11.976766586303711,0.03434841334819794,0.0872950553894043,1,50.0,3.4065821170806885,0.22297336161136627,1.0,12.023003578186035,255,1,0,0,0,1
84,4.20142,6,52,1,1,11.976099014282227,12.048431396484375,0.18020161986351013,0.23185405135154724,1,50.0,3.314030408859253,0.22465337812900543,1.0,12.023003578186035,255,1,0,0,0,1
85,4.251418,56,52,1,0,11.976099014282227,12.048431396484375,0.18020161986351013,0.23185405135154724,1,50.0,3.314030408859253,0.22465337812900543,1.0,12.023003578186035,255,1,0,0,0,1
86,4.301419,25,53,1,1,12.075150489807129,12.191636085510254,0.4180750548839569,0.4605640172958374,1,50.0,3.1623916625976562,0.22762490808963776,1.0,12.023003578186035,255,1,0,0,0,1
87,4.351418,75,53,1,0,12.075150489807129,12.191636085510254,0.4180750548839569,0.4605640172958374,1,50.0,3.1623916625976562,0.22762490808963776,1.0,12.023003578186035,255,1,0,0,0,1
88,4.401419,41,54,1,1,12.15391731262207,12.211986541748047,0.5670101046562195,0.5756575465202332,1,50.0,3.065941572189331,0.22998793423175812,1.0,12.023003578186035,255,1,0,0,0,1
89,4.451421,6,55,1,1,12.207483291625977,12.211986541748047,0.6245813369750977,0.5846748352050781,1,50.0,3.026577949523926,0.23159493505954742,1.0,12.023003578186035,255,1,0,0,0,1
90,4.501418,56,55,1,0,12.207483291625977,12.211986541748047,0.6245813369750977,0.5846748352050781,1,50.0,3.026577949523926,0.23159493505954742,1.0,12.023003578186035,255,1,0,0,0,1
91,4.551418,24,56,1,1,12.193044662475586,12.099494934082031,0.49529609084129333,0.399711012840271,1,50.0,3.1054482460021973,0.23116172850131989,1.0,12.023003578186035,255,1,0,0,0,1
92,4.601441,74,56,1,0,12.193044662475586,12.099494934082031,0.49529609084129333,0.399711012840271,1,50.0,3.1054482460021973,0.23116172850131989,1.0,12.090007781982422,255,1,0,0,0,1
93,4.651505,41,57,1,1,12.161357879638672,12.058669090270996,0.3339695930480957,0.1966981440782547,1,50.0,3.2050962448120117,0.23021115362644196,1.0,12.090007781982422,255,1,0,0,0,1
94,4.701449,91,57,1,0,12.161357879638672,12.058669090270996,0.3339695930480957,0.1966981440782547,1,50.0,3.2050962448120117,0.23021115362644196,1.0,12.090007781982422,255,1,0,0,0,1
95,4.751418,52,58,1,1,12.222314834594727,12.263175964355469,0.4315803349018097,0.2802430987358093,1,50.0,3.1410436630249023,0.23203988373279572,1.0,12.090007781982422,255,1,0,0,0,1
96,4.80143,17,59,1,1,12.30054759979248,12.355191230773926,0.5616313219070435,0.3909822106361389,1,50.0,3.055972099304199,0.2343868762254715,1.0,12.090007781982422,255,1,0,0,0,1
97,4.851423,67,59,1,0,12.30054759979248,12.355191230773926,0.5616313219070435,0.3909822106361389,1,50.0,3.055972099304199,0.2343868762254715,1.0,12.090007781982422,255,1,0,0,0,1
98,4.901419,36,60,1,1,12.277650833129883,12.181398391723633,0.41141560673713684,0.20129697024822235,1,50.0,3.148162364959717,0.23369993269443512,1.0,12.090007781982422,255,1,0,0,0,1
99,4.95147,4,61,1,1,12.287353515625,12.252938270568848,0.36335548758506775,0.13392356038093567,1,50.0,3.1761250495910645,0.23399104177951813,1.0,12.090007781982422,255,1,0,0,0,1
100,5.001419,54,61,1,0,12.287353515625,12.252938270568848,0.36335548758506775,0.13392356038093567,1,50.0,3.1761250495910645,0.23399104177951813,1.0,12.090007781982422,255,1,0,0,0,1
101,5.051455,22,62,1,1,12.303441047668457,12.283651351928711,0.33728358149528503,0.0952463150024414,1,50.0,3.1903202533721924,0.2344736009836197,1.0,12.090007781982422,255,1,0,0,0,1
102,5.101444,72,62,1,0,12.303441047668457,12.283651351928711,0.33728358149528503,0.0952463150024414,1,50.0,3.1903202533721924,0.2344736009836197,1.0,12.090007781982422,255,1,0,0,0,1
103,5.151453,40,63,1,1,12.354126930236816,12.385905265808105,0.4046229422092438,0.15739066898822784,1,50.0,3.145354986190796,0.23599417507648468,1.0,12.090007781982422,255,1,0,0,0,1
104,5.201484,6,64,1,1,12.417508125305176,12.45744514465332,0.49362125992774963,0.23647597432136536,1,50.0,3.086251735687256,0.23789562284946442,1.0,12.090007781982422,255,1,0,0,0,1
105,5.251418,56,64,1,0,12.417508125305176,12.45744514465332,0.49362125992774963,0.23647597432136536,1,50.0,3.086251735687256,0.23789562284946442,1.0,12.090007781982422,255,1,0,0,0,1
106,5.301501,24,65,1,1,12.42402172088623,12.375667572021484,0.42174577713012695,0.14123503863811493,1,50.0,3.1287906169891357,0.23809106647968292,1.0,12.090007781982422,255,1,0,0,0,1
107,5.351418,74,65,1,0,12.42402172088623,12.375667572021484,0.42174577713012695,0.14123503863811493,1,50.0,3.1287906169891357,0.23809106647968292,1.0,12.090007781982422,255,1,0,0,0,1
108,5.401419,42,66,1,1,12.407144546508789,12.334715843200684,0.2969449758529663,-0.0011021047830581665,1,50.0,3.2051901817321777,0.23758472502231598,1.0,12.090007781982422,255,1,0,0,0,1
109,5.451418,8,67,1,1,12.369760513305664,12.283651351928711,0.13295505940914154,-0.17214812338352203,1,50.0,3.3069489002227783,0.23646320402622223,1.0,12.090007781982422,255,1,0,0,0,1
110,5.501428,58,67,1,0,12.369760513305664,12.283651351928711,0.13295505940914154,-0.17214812338352203,1,50.0,3.3069489002227783,0.23646320402622223,1.0,12.090007781982422,255,1,0,0,0,1
111,5.551419,27,68,1,1,12.356863975524902,12.324603080749512,0.05836040526628494,-0.23546317219734192,1,50.0,3.3528659343719482,0.23607636988162994,1.0,12.090007781982422,255,1,0,0,0,1
112,5.601418,77,68,1,0,12.356863975524902,12.324603080749512,0.05836040526628494,-0.23546317219734192,1,50.0,3.3528659343719482,0.23607636988162994,1.0,12.090007781982422,255,1,0,0,0,1
113,5.651423,42,69,1,1,12.341352462768555,12.31436538696289,-0.013285830616950989,-0.2893637716770172,1,50.0,3.397249698638916,0.2356109768152237,1.0,12.090007781982422,255,1,0,0,0,1
114,5.70142,8,70,1,1,12.376174926757812,12.42685604095459,0.059576816856861115,-0.1879294514656067,1,50.0,3.350398302078247,0.23665566742420197,1.0,12.090007781982422,255,1,0,0,0,1
115,5.751418,58,70,1,0,12.376174926757812,12.42685604095459,0.059576816856861115,-0.1879294514656067,1,50.0,3.350398302078247,0.23665566742420197,1.0,12.090007781982422,255,1,0,0,0,1
116,5.801418,27,71,1,1,12.425451278686523,12.488158226013184,0.16255679726600647,-0.06448417901992798,1,50.0,3.284175157546997,0.2381339818239212,1.0,12.090007781982422,255,1,0,0,0,1
117,5.851418,77,71,1,0,12.425451278686523,12.488158226013184,0.16255679726600647,-0.06448417901992798,1,50.0,3.284175157546997,0.2381339818239212,1.0,12.090007781982422,255,1,0,0,0,1
118,5.901419,42,72,1,1,12.382193565368652,12.304126739501953,0.007657244801521301,-0.22054770588874817,1,50.0,3.3810083866119385,0.2368362694978714,1.0,12.090007781982422,255,1,0,0,0,1
119,5.95142,7,73,1,1,12.379348754882812,12.375667572021484,-0.01818358525633812,-0.2279561161994934,1,50.0,3.396768808364868,0.23675085604190826,1.0,12.090007781982422,255,1,0,0,0,1
120,6.001423,57,73,1,0,12.379348754882812,12.375667572021484,-0.01818358525633812,-0.2279561161994934,1,50.0,3.396768808364868,0.23675085604190826,1.0,12.090007781982422,255,1,0,0,0,1
121,6.051419,26,74,1,1,12.35084342956543,12.31436538696289,-0.10552869737148285,-0.2999090254306793,1,50.0,3.4517414569854736,0.23589570820331573,1.0,12.090007781982422,255,1,0,0,0,1
122,6.101418,76,74,1,0,12.35084342956543,12.31436538696289,-0.10552869737148285,-0.2999090254306793,1,50.0,3.4517414569854736,0.23589570820331573,1.0,12.090007781982422,255,1,0,0,0,1
123,6.151419,42,75,1,1,12.265268325805664,12.160922050476074,-0.3293045163154602,-0.5073765516281128,1,50.0,3.5937089920043945,0.23332847654819489,1.0,12.090007781982422,255,1,0,0,0,1
124,6.201418,7,76,1,1,12.277381896972656,12.334715843200684,-0.26225829124450684,-0.39230549335479736,1,50.0,3.5523908138275146,0.23369188606739044,1.0,12.090007781982422,255,1,0,0,0,1
125,6.251418,57,76,1,0,12.277381896972656,12.334715843200684,-0.26225829124450684,-0.39230549335479736,1,50.0,3.5523908138275146,0.23369188606739044,1.0,12.090007781982422,255,1,0,0,0,1
126,6.301418,26,77,1,1,12.224114418029785,12.181398391723633,-0.37458181381225586,-0.47644495964050293,1,50.0,3.6245789527893066,0.23209382593631744,1.0,12.090007781982422,255,1,0,0,0,1
127,6.351419,76,77,1,0,12.224114418029785,12.181398391723633,-0.37458181381225586,-0.47644495964050293,1,50.0,3.6245789527893066,0.23209382593631744,1.0,12.090007781982422,255,1,0,0,0,1
128,6.401431,41,78,1,1,12.152180671691895,12.099494934082031,-0.5158650875091553,-0.5817078948020935,1,50.0,3.71582293510437,0.22993578016757965,1.0,12.090007781982422,255,1,0,0,0,1
129,6.45142,6,79,1,1,12.068785667419434,12.017717361450195,-0.6636543273925781,-0.6843771934509277,1,50.0,3.812001943588257,0.22743399441242218,1.0,12.090007781982422,255,1,0,0,0,1
130,6.501418,56,79,1,0,12.068785667419434,12.017717361450195,-0.6636543273925781,-0.6843771934509277,1,50.0,3.812001943588257,0.22743399441242218,1.0,12.090007781982422,255,1,0,0,0,1
131,6.551419,25,80,1,1,11.984843254089355,11.946052551269531,-0.7922677397727966,-0.7607841491699219,1,50.0,3.8967247009277344,0.2249157577753067,1.0,12.090007781982422,255,1,0,0,0,1
132,6.601419,75,80,1,0,11.984843254089355,11.946052551269531,-0.7922677397727966,-0.7607841491699219,1,50.0,3.8967247009277344,0.2249157577753067,1.0,12.090007781982422,255,1,0,0,0,1
133,6.651419,42,81,1,1,11.980324745178223,12.068906784057617,-0.687950849533081,-0.5859122276306152,1,50.0,3.8345415592193604,0.2247801572084427,1.0,12.090007781982422,255,1,0,0,0,1
134,6.701421,8,82,1,1,11.995732307434082,12.099494934082031,-0.5395592451095581,-0.3795923590660095,1,50.0,3.744119882583618,0.22524233162403107,1.0,12.090007781982422,255,1,0,0,0,1
135,6.751418,58,82,1,0,11.995732307434082,12.099494934082031,-0.5395592451095581,-0.3795923590660095,1,50.0,3.744119882583618,0.22524233162403107,1.0,12.090007781982422,255,1,0,0,0,1
136,6.801424,26,83,1,1,12.012714385986328,12.099494934082031,-0.40673309564590454,-0.20841029286384583,1,50.0,3.662895679473877,0.2257518321275711,1.0,12.090007781982422,255,1,0,0,0,1
137,6.851418,76,83,1,0,12.012714385986328,12.099494934082031,-0.40673309564590454,-0.20841029286384583,1,50.0,3.662895679473877,0.2257518321275711,1.0,12.090007781982422,255,1,0,0,0,1
138,6.901419,41,84,1,1,11.977127075195312,11.976766586303711,-0.42513787746429443,-0.2091304212808609,1,50.0,3.6771411895751953,0.22468425333499908,1.0,12.090007781982422,255,1,0,0,0,1
139,6.951445,5,85,1,1,11.951139450073242,11.966527938842773,-0.4133025109767914,-0.17801910638809204,1,50.0,3.6723790168762207,0.22390462458133698,1.0,12.090007781982422,255,1,0,0,0,1
140,7.00142,55,85,1,0,11.951139450073242,11.966527938842773,-0.4133025109767914,-0.17801910638809204,1,50.0,3.6723790168762207,0.22390462458133698,1.0,12.090007781982422,255,1,0,0,0,1
141,7.051419,24,86,1,1,11.907812118530273,11.894988059997559,-0.4519772529602051,-0.20332913100719452,1,50.0,3.6994831562042236,0.22260476648807526,1.0,12.090007781982422,255,1,0,0,0,1
142,7.101434,74,86,1,0,11.907812118530273,11.894988059997559,-0.4519772529602051,-0.20332913100719452,1,50.0,3.6994831562042236,0.22260476648807526,1.0,12.106758117675781,255,1,0,0,0,1
143,7.151419,41,87,1,1,11.86307430267334,11.854037284851074,-0.48594722151756287,-0.22117158770561218,1,50.0,3.7238917350769043,0.22126264870166779,1.0,12.106758117675781,255,1,0,0,0,1
144,7.201459,7,88,1,1,11.856691360473633,11.90522575378418,-0.41213521361351013,-0.12473295629024506,1,50.0,3.6801791191101074,0.22107113897800446,1.0,12.106758117675781,255,1,0,0,0,1
145,7.251418,57,88,1,0,11.856691360473633,11.90522575378418,-0.41213521361351013,-0.12473295629024506,1,50.0,3.6801791191101074,0.22107113897800446,1.0,12.106758117675781,255,1,0,0,0,1
146,7.301436,27,89,1,1,11.793554306030273,11.75178337097168,-0.500068187713623,-0.20613327622413635,1,50.0,3.7386209964752197,0.2191770225763321,1.0,12.106758117675781,255,1,0,0,0,1
147,7.351419,77,89,1,0,11.793554306030273,11.75178337097168,-0.500068187713623,-0.20613327622413635,1,50.0,3.7386209964752197,0.2191770225763321,1.0,12.127697944641113,255,1,0,0,0,1
148,7.401418,42,90,1,1,11.755227088928223,11.7620210647583,-0.5046482682228088,-0.1926213800907135,1,50.0,3.744818687438965,0.21802718937397003,1.0,12.127697944641113,255,1,0,0,0,1
149,7.45142,8,91,1,1,11.694401741027832,11.670005798339844,-0.5674866437911987,-0.24132251739501953,1,50.0,3.7879960536956787,0.21620245277881622,1.0,12.127697944641113,255,1,0,0,0,1
150,7.501418,58,91,1,0,11.694401741027832,11.670005798339844,-0.5674866437911987,-0.24132251739501953,1,50.0,3.7879960536956787,0.21620245277881622,1.0,12.127697944641113,255,1,0,0,0,1
151,7.551419,27,92,1,1,11.631319046020508,11.6085786819458,-0.6298422813415527,-0.286014199256897,1,50.0,3.8310868740081787,0.21431000530719757,1.0,12.127697944641113,255,1,0,0,0,1
152,7.601418,77,92,1,0,11.631319046020508,11.6085786819458,-0.6298422813415527,-0.286014199256897,1,50.0,3.8310868740081787,0.21431000530719757,1.0,12.127697944641113,255,1,0,0,0,1
153,7.651432,41,93,1,1,11.628690719604492,11.700594902038574,-0.516137957572937,-0.1416601836681366,1,50.0,3.7631006240844727,0.21423114836215973,1.0,12.127697944641113,255,1,0,0,0,1
154,7.701419,8,94,1,1,11.642507553100586,11.721070289611816,-0.3779268264770508,0.014862224459648132,1,50.0,3.6789302825927734,0.2146456390619278,1.0,12.127697944641113,255,1,0,0,0,1
155,7.751418,58,94,1,0,11.642507553100586,11.721070289611816,-0.3779268264770508,0.014862224459648132,1,50.0,3.6789302825927734,0.2146456390619278,1.0,12.127697944641113,255,1,0,0,0,1
156,7.801431,26,95,1,1,11.678893089294434,11.772259712219238,-0.200217142701149,0.19911718368530273,1,50.0,3.5690300464630127,0.2157372385263443,1.0,12.127697944641113,255,1,0,0,0,1
157,7.851418,76,95,1,0,11.678893089294434,11.772259712219238,-0.200217142701149,0.19911718368530273,1,50.0,3.5690300464630127,0.2157372385263443,1.0,12.127697944641113,255,1,0,0,0,1
158,7.901419,42,96,1,1,11.700196266174316,11.75178337097168,-0.08527061343193054,0.3016679883003235,1,50.0,3.49814510345459,0.21637625992298126,1.0,12.127697944641113,255,1,0,0,0,1
159,7.951419,7,97,1,1,11.653606414794922,11.59834098815918,-0.16582661867141724,0.19081231951713562,1,50.0,3.550671339035034,0.21497859060764313,1.0,12.127697944641113,255,1,0,0,0,1
160,8.001418,57,97,1,0,11.653606414794922,11.59834098815918,-0.16582661867141724,0.19081231951713562,1,50.0,3.550671339035034,0.21497859060764313,1.0,12.127697944641113,255,1,0,0,0,1
161,8.051419,26,98,1,1,11.648737907409668,11.659768104553223,-0.1295771598815918,0.21252314746379852,1,50.0,3.529360055923462,0.21483255922794342,1.0,12.127697944641113,255,1,0,0,0,1
162,8.101418,76,98,1,0,11.648737907409668,11.659768104553223,-0.1295771598815918,0.21252314746379852,1,50.0,3.529360055923462,0.21483255922794342,1.0,12.127697944641113,255,1,0,0,0,1
163,8.151421,42,99,1,1,11.656096458435059,11.680243492126465,-0.0658143013715744,0.2604626417160034,1,50.0,3.4904398918151855,0.21505333483219147,1.0,12.127697944641113,255,1,0,0,0,1
164,8.201419,7,100,1,1,11.732682228088379,11.843799591064453,0.1697162240743637,0.4832206666469574,1,50.0,3.342229127883911,0.21735085546970367,1.0,12.127697944641113,255,1,0,0,0,1
165,8.251418,57,100,1,0,11.732682228088379,11.843799591064453,0.1697162240743637,0.4832206666469574,1,50.0,3.342229127883911,0.21735085546970367,1.0,12.127697944641113,255,1,0,0,0,1
166,8.301418,27,101,1,1,11.779304504394531,11.823323249816895,0.2908610701560974,0.5693542957305908,1,50.0,3.265346050262451,0.218749538064003,1.0,12.127697944641113,255,1,0,0,0,1
167,8.351424,77,101,1,0,11.779304504394531,11.823323249816895,0.2908610701560974,0.5693542957305908,1,50.0,3.265346050262451,0.218749538064003,1.0,12.127697944641113,255,1,0,0,0,1
168,8.401419,41,102,1,1,11.774727821350098,11.731307983398438,0.2565227150917053,0.48238590359687805,1,50.0,3.2863609790802,0.2186122089624405,1.0,12.127697944641113,255,1,0,0,0,1
169,8.451419,8,103,1,1,11.778367042541504,11.75178337097168,0.24587848782539368,0.4294814467430115,1,50.0,3.292419910430908,0.218721404671669,1.0,12.127697944641113,255,1,0,0,0,1
170,8.501418,58,103,1,0,11.778367042541504,11.75178337097168,0.24587848782539368,0.4294814467430115,1,50.0,3.292419910430908,0.218721404671669,1.0,12.127697944641113,255,1,0,0,0,1
171,8.55142,27,104,1,1,11.80955982208252,11.823323249816895,0.30652162432670593,0.45647796988487244,1,50.0,3.2532267570495605,0.21965719759464264,1.0,12.127697944641113,255,1,0,0,0,1
172,8.601418,77,104,1,0,11.80955982208252,11.823323249816895,0.30652162432670593,0.45647796988487244,1,50.0,3.2532267570495605,0.21965719759464264,1.0,12.127697944641113,255,1,0,0,0,1
173,8.651419,42,105,1,1,11.861562728881836,11.894988059997559,0.4091659486293793,0.5231332778930664,1,50.0,3.186959743499756,0.2212172895669937,1.0,12.127697944641113,255,1,0,0,0,1
174,8.701419,8,106,1,1,11.935392379760742,11.987004280090332,0.5518943071365356,0.626245379447937,1,50.0,3.0946779251098633,0.22343219816684723,1.0,12.127697944641113,255,1,0,0,0,1
175,8.751419,58,106,1,0,11.935392379760742,11.987004280090332,0.5518943071365356,0.626245379447937,1,50.0,3.0946779251098633,0.22343219816684723,1.0,12.127697944641113,255,1,0,0,0,1
176,8.801418,27,107,1,1,11.967061996459961,11.946052551269531,0.5630773305892944,0.5849603414535522,1,50.0,3.085117816925049,0.22438229620456696,1.0,12.127697944641113,255,1,0,0,0,1
177,8.851418,77,107,1,0,11.967061996459961,11.946052551269531,0.5630773305892944,0.5849603414535522,1,50.0,3.085117816925049,0.22438229620456696,1.0,12.127697944641113,255,1,0,0,0,1
178,8.901426,41,108,1,1,12.000377655029297,11.976766586303711,0.5679901242256165,0.53757643699646,1,50.0,3.079172134399414,0.2253817468881607,1.0,12.127697944641113,255,1,0,0,0,1
179,8.951509,7,109,1,1,12.006092071533203,11.946052551269531,0.49793741106987,0.41734322905540466,1,50.0,3.1206893920898438,0.22555316984653473,1.0,12.127697944641113,255,1,0,0,0,1
180,9.001418,57,109,1,0,12.006092071533203,11.946052551269531,0.49793741106987,0.41734322905540466,1,50.0,3.1206893920898438,0.22555316984653473,1.0,12.127697944641113,255,1,0,0,0,1
181,9.051421,25,110,1,1,12.005413055419922,11.946052551269531,0.4197319447994232,0.29999056458473206,1,50.0,3.1676738262176514,0.22553278505802155,1.0,12.127697944641113,255,1,0,0,0,1
182,9.101425,75,110,1,0,12.005413055419922,11.946052551269531,0.4197319447994232,0.29999056458473206,1,50.0,3.1676738262176514,0.22553278505802155,1.0,12.127697944641113,255,1,0,0,0,1
183,9.15142,41,111,1,1,11.997228622436523,11.93593978881836,0.3282109498977661,0.17814844846725464,1,50.0,3.223322868347168,0.2252872735261917,1.0,12.127697944641113,255,1,0,0,0,1
184,9.201425,7,112,1,1,12.099705696105957,12.201748847961426,0.5380436778068542,0.381549596786499,1,50.0,3.088200569152832,0.2283615618944168,1.0,12.127697944641113,255,1,0,0,0,1
185,9.251438,57,112,1,0,12.099705696105957,12.201748847961426,0.5380436778068542,0.381549596786499,1,50.0,3.088200569152832,0.2283615618944168,1.0,12.127697944641113,255,1,0,0,0,1
186,9.301486,25,113,1,1,12.20316219329834,12.283651351928711,0.7214579582214355,0.5403591394424438,1,50.0,2.9688405990600586,0.23146529495716095,1.0,12.127697944641113,255,1,0,0,0,1
187,9.351461,75,113,1,0,12.20316219329834,12.283651351928711,0.7214579582214355,0.5403591394424438,1,50.0,2.9688405990600586,0.23146529495716095,1.0,12.127697944641113,255,1,0,0,0,1
188,9.40144,41,114,1,1,12.268925666809082,12.27341365814209,0.7753894925117493,0.5492753386497498,1,50.0,2.93056321144104,0.2334381490945816,1.0,12.127697944641113,255,1,0,0,0,1
189,9.451471,8,115,1,1,12.352178573608398,12.375667572021484,0.8655821084976196,0.5958336591720581,1,50.0,2.868954658508301,0.2359357625246048,1.0,12.127697944641113,255,1,0,0,0,1
190,9.501419,58,115,1,0,12.352178573608398,12.375667572021484,0.8655821084976196,0.5958336591720581,1,50.0,2.868954658508301,0.2359357625246048,1.0,12.127697944641113,255,1,0,0,0,1
191,9.551419,27,116,1,1,12.425334930419922,12.42685604095459,0.9166978597640991,0.5988127589225769,1,50.0,2.8317012786865234,0.23813046514987946,1.0,12.127697944641113,255,1,0,0,0,1
192,9.601418,77,116,1,0,12.425334930419922,12.42685604095459,0.9166978597640991,0.5988127589225769,1,50.0,2.8317012786865234,0.23813046514987946,1.0,12.127697944641113,255,1,0,0,0,1
193,9.651419,42,117,1,1,12.506771087646484,12.508634567260742,0.9711551666259766,0.602527379989624,1,50.0,2.7916977405548096,0.24057354032993317,1.0,12.127697944641113,255,1,0,0,0,1
194,9.701437,8,118,1,1,12.577554702758789,12.559823036193848,0.987827718257904,0.5671054720878601,1,50.0,2.7753236293792725,0.242697075009346,1.0,12.127697944641113,255,1,0,0,0,1
195,9.751418,58,118,1,0,12.577554702758789,12.559823036193848,0.987827718257904,0.5671054720878601,1,50.0,2.7753236293792725,0.242697075009346,1.0,12.127697944641113,255,1,0,0,0,1
196,9.801434,25,119,1,1,12.674656867980957,12.692790031433105,1.0694282054901123,0.6031436920166016,1,50.0,2.7176241874694824,0.2456100732088089,1.0,12.127697944641113,255,1,0,0,0,1
197,9.851432,75,119,1,0,12.674656867980957,12.692790031433105,1.0694282054901123,0.6031436920166016,1,50.0,2.7176241874694824,0.2456100732088089,1.0,12.127697944641113,255,1,0,0,0,1
198,9.901419,42,120,1,1,12.773605346679688,12.784806251525879,1.1407614946365356,0.6253474950790405,1,50.0,2.6659188270568848,0.24857856333255768,1.0,12.127697944641113,255,1,0,0,0,1
199,9.951428,7,121,1,1,12.878837585449219,12.887059211730957,1.2096922397613525,0.6418125629425049,1,50.0,2.6150894165039062,0.25173553824424744,1.0,12.127697944641113,255,1,0,0,0,1
200,10.001418,57,121,1,0,12.878837585449219,12.887059211730957,1.2096922397613525,0.6418125629425049,1,50.0,2.6150894165039062,0.25173553824424744,1.0,12.127697944641113,255,1,0,0,0,1
201,10.051419,26,122,1,1,12.97470760345459,12.968836784362793,1.2506211996078491,0.6302684545516968,1,50.0,2.5819034576416016,0.25461170077323914,1.0,12.127697944641113,255,1,0,0,0,1
202,10.101418,76,122,1,0,12.97470760345459,12.968836784362793,1.2506211996078491,0.6302684545516968,1,50.0,2.5819034576416016,0.25461170077323914,1.0,12.127697944641113,255,1,0,0,0,1
203,10.151419,42,123,1,1,13.086060523986816,13.091691017150879,1.3142642974853516,0.6414406895637512,1,50.0,2.533696174621582,0.2579522430896759,1.0,12.127697944641113,255,1,0,0,0,1
204,10.201433,7,124,1,1,13.340006828308105,13.531418800354004,1.7363123893737793,1.0250678062438965,1,50.0,2.2576117515563965,0.26557067036628723,1.0,12.127697944641113,255,1,0,0,0,1
205,10.251418,57,124,1,0,13.340006828308105,13.531418800354004,1.7363123893737793,1.0250678062438965,1,50.0,2.2576117515563965,0.26557067036628723,1.0,12.127697944641113,255,1,0,0,0,1
206,10.301426,27,125,1,1,13.553912162780762,13.65414810180664,2.0061371326446533,1.2211781740188599,1,50.0,2.076465606689453,0.27198782563209534,1.0,12.127697944641113,255,1,0,0,0,1
207,10.351429,77,125,1,0,13.553912162780762,13.65414810180664,2.0061371326446533,1.2211781740188599,1,50.0,2.076465606689453,0.27198782563209534,1.0,12.073256492614746,255,1,0,0,0,1
208,10.401419,42,126,1,1,13.680194854736328,13.61319637298584,1.982133150100708,1.0877375602722168,1,50.0,2.079502582550049,0.27577629685401917,1.0,12.073256492614746,255,1,0,0,0,1
209,10.45143,8,127,1,1,13.944503784179688,14.073524475097656,2.3203094005584717,1.3453712463378906,1,50.0,1.852809190750122,0.28370556235313416,1.0,12.073256492614746,255,1,0,0,0,1
210,10.501418,58,127,1,0,13.944503784179688,14.073524475097656,2.3203094005584717,1.3453712463378906,1,50.0,1.852809190750122,0.28370556235313416,1.0,12.073256492614746,255,1,0,0,0,1
211,10.551419,27,128,1,1,14.17024040222168,14.216729164123535,2.5167698860168457,1.4367152452468872,1,50.0,1.714616298675537,0.2904776632785797,1.0,12.073256492614746,255,1,0,0,0,1
212,10.601418,77,128,1,0,14.17024040222168,14.216729164123535,2.5167698860168457,1.4367152452468872,1,50.0,1.714616298675537,0.2904776632785797,1.0,12.073256492614746,255,1,0,0,0,1
213,10.651419,42,129,1,1,14.394159317016602,14.400760650634766,2.651510715484619,1.4498907327651978,1,50.0,1.6136194467544556,0.2971952259540558,1.0,12.073256492614746,255,1,0,0,0,1
214,10.701426,8,130,1,1,14.70986557006836,14.830374717712402,3.004028558731079,1.6907247304916382,1,50.0,1.3736950159072876,0.30666640400886536,1.0,12.073256492614746,255,1,0,0,0,1
215,10.751418,58,130,1,0,14.70986557006836,14.830374717712402,3.004028558731079,1.6907247304916382,1,50.0,1.3736950159072876,0.30666640400886536,1.0,12.073256492614746,255,1,0,0,0,1
216,10.801419,27,131,1,1,14.986289024353027,15.024643898010254,3.213172197341919,1.7661027908325195,1,50.0,1.2233304977416992,0.3149591386318207,1.0,12.073256492614746,255,1,0,0,0,1
217,10.851422,77,131,1,0,14.986289024353027,15.024643898010254,3.213172197341919,1.7661027908325195,1,50.0,1.2233304977416992,0.3149591386318207,1.0,12.123509407043457,255,1,0,0,0,1
218,10.901422,41,132,1,1,15.204781532287598,15.11678409576416,3.195888042449951,1.5895086526870728,1,50.0,1.2140369415283203,0.3215138614177704,1.0,12.123509407043457,255,1,0,0,0,1
219,10.951423,7,133,1,1,15.468460083007812,15.45425796508789,3.3021554946899414,1.5610674619674683,1,50.0,1.1265453100204468,0.3294242322444916,1.0,12.123509407043457,255,1,0,0,0,1
220,11.001419,57,133,1,0,15.468460083007812,15.45425796508789,3.3021554946899414,1.5610674619674683,1,50.0,1.1265453100204468,0.3294242322444916,1.0,12.123509407043457,255,1,0,0,0,1
221,11.051419,25,134,1,1,15.704275131225586,15.648652076721191,3.324819564819336,1.4511046409606934,1,50.0,1.0917233228683472,0.3364987075328827,1.0,12.123509407043457,255,1,0,0,0,1
222,11.101418,75,134,1,0,15.704275131225586,15.648652076721191,3.324819564819336,1.4511046409606934,1,50.0,1.0917233228683472,0.3364987075328827,1.0,12.123509407043457,255,1,0,0,0,1
223,11.151419,41,135,1,1,16.02631187438965,16.078142166137695,3.545417070388794,1.5541439056396484,1,50.0,0.9303815364837646,0.34615978598594666,0.7789623141288757,12.123509407043457,199,1,0,0,0,0
224,11.201495,7,136,1,1,16.322765350341797,16.31336212158203,3.6580073833465576,1.5353996753692627,1,50.0,0.8361468315124512,0.32447707653045654,0.6822263598442078,12.123509407043457,174,1,0,0,0,0
225,11.251433,57,136,1,0,16.322765350341797,16.31336212158203,3.6580073833465576,1.5353996753692627,1,50.0,0.8361468315124512,0.32447707653045654,0.6822263598442078,12.123509407043457,174,1,0,0,0,0
226,11.301422,26,137,1,1,16.648099899291992,16.681549072265625,3.8452308177948,1.601025104522705,1,50.0,0.6945323944091797,0.3072952926158905,0.5163161158561707,12.123509407043457,132,1,0,0,0,0
227,11.351418,76,137,1,0,16.648099899291992,16.681549072265625,3.8452308177948,1.601025104522705,1,50.0,0.6945323944091797,0.3072952926158905,0.5163161158561707,12.127697944641113,132,1,0,0,0,0
228,11.401448,41,138,1,1,16.97966194152832,16.97819709777832,3.9785196781158447,1.5981037616729736,1,50.0,0.5847187042236328,0.29056066274642944,0.3922107219696045,12.127697944641113,100,1,0,0,0,0
229,11.451471,8,139,1,1,17.259675979614258,17.182828903198242,3.96498441696167,1.4455249309539795,1,50.0,0.5676388740539551,0.2692427635192871,0.3978614807128906,12.127697944641113,101,1,0,0,0,0
230,11.501457,58,139,1,0,17.259675979614258,17.182828903198242,3.96498441696167,1.4455249309539795,1,50.0,0.5676388740539551,0.2692427635192871,0.3978614807128906,12.127697944641113,101,1,0,0,0,0
231,11.551424,27,140,1,1,17.575429916381836,17.561254501342773,4.0554680824279785,1.417749285697937,1,50.0,0.48493027687072754,0.25252315402030945,0.3098761737346649,12.127697944641113,80,1,0,0,0,0
232,11.601423,77,140,1,0,17.575429916381836,17.561254501342773,4.0554680824279785,1.417749285697937,1,50.0,0.48493027687072754,0.25252315402030945,0.3098761737346649,12.127697944641113,80,1,0,0,0,0
233,11.651418,42,141,1,1,17.89686393737793,17.857776641845703,4.1013360023498535,1.3398313522338867,1,50.0,0.4284806251525879,0.23622651398181915,0.25633880496025085,12.127697944641113,80,1,0,0,0,0
234,11.701422,8,142,1,1,18.285032272338867,18.338455200195312,4.316137790679932,1.446552038192749,1,50.0,0.2646644115447998,0.21897870302200317,0.06091427803039551,12.127697944641113,80,1,0,0,0,0
235,11.751418,58,142,1,0,18.285032272338867,18.338455200195312,4.316137790679932,1.446552038192749,1,50.0,0.2646644115447998,0.21897870302200317,0.06091427803039551,12.127697944641113,80,1,0,0,0,0
236,11.801419,27,143,1,1,18.624757766723633,18.604389190673828,4.394967555999756,1.4065265655517578,1,50.0,0.18679141998291016,0.20379853248596191,0.0,12.127697944641113,0,0,0,0,0,0
237,11.85143,77,143,1,0,18.624757766723633,18.604389190673828,4.394967555999756,1.4065265655517578,1,50.0,0.18679141998291016,0.20379853248596191,0.0,12.127697944641113,0,0,0,0,0,0
238,11.901419,42,144,1,1,18.990476608276367,18.972702026367188,4.480541706085205,1.3710541725158691,1,50.0,0.10253214836120605,0.1896698772907257,0.0,12.127697944641113,0,0,0,0,0,0
239,11.951421,7,145,1,1,19.39156723022461,19.412429809570312,4.637251853942871,1.4129761457443237,1,50.0,-0.027592182159423828,0.1737940013408661,0.0,12.127697944641113,0,0,0,0,0,0
240,12.001417,57,145,1,0,19.39156723022461,19.412429809570312,4.637251853942871,1.4129761457443237,1,50.0,-0.027592182159423828,0.1737940013408661,0.0,12.127697944641113,0,0,0,0,0,0
241,12.051419,24,146,1,1,19.776714324951172,19.77037811279297,4.74243688583374,1.400356650352478,1,50.0,-0.1253664493560791,0.16086170077323914,-0.06360625475645065,12.127697944641113,80,2,384,0,0,0
242,12.101418,74,146,1,0,19.776714324951172,19.77037811279297,4.74243688583374,1.400356650352478,1,50.0,-0.1253664493560791,0.16086170077323914,-0.06360625475645065,12.127697944641113,80,2,384,0,0,0
243,12.151419,42,147,1,1,20.1527156829834,20.128328323364258,4.811201572418213,1.3522677421569824,1,50.0,-0.20046544075012207,0.1464519500732422,-0.07709275186061859,12.127697944641113,80,2,384,0,0,0
244,12.201433,7,148,1,1,20.62761688232422,20.71138572692871,5.086418151855469,1.5195767879486084,1,50.0,-0.4083364009857178,0.13532882928848267,-0.1208144947886467,12.127697944641113,80,2,384,0,0,0
245,12.251418,57,148,1,0,20.62761688232422,20.71138572692871,5.086418151855469,1.5195767879486084,1,50.0,-0.4083364009857178,0.13532882928848267,-0.1208144947886467,12.127697944641113,80,2,384,0,0,0
246,12.301419,27,149,1,1,21.047603607177734,21.059097290039062,5.229482173919678,1.5420259237289429,1,50.0,-0.5319736003875732,0.12443047761917114,-0.14586757123470306,12.127697944641113,80,2,384,0,0,0
247,12.351418,77,149,1,0,21.047603607177734,21.059097290039062,5.229482173919678,1.5420259237289429,1,50.0,-0.5319736003875732,0.12443047761917114,-0.14586757123470306,12.127697944641113,80,2,384,0,0,0
248,12.401419,41,150,1,1,21.471092224121094,21.427284240722656,5.278119087219238,1.4543511867523193,1,50.0,-0.5992696285247803,0.1139732301235199,-0.15849842131137848,12.127697944641113,80,2,384,0,0,0
249,12.451438,7,151,1,1,21.936281204223633,21.959152221679688,5.444127082824707,1.5001089572906494,1,50.0,-0.740741491317749,0.10225287079811096,-0.18733207881450653,12.127697944641113,80,2,384,0,0,0
250,12.501418,57,151,1,0,21.936281204223633,21.959152221679688,5.444127082824707,1.5001089572906494,1,50.0,-0.740741491317749,0.10225287079811096,-0.18733207881450653,12.127697944641113,80,2,384,0,0,0
251,12.551419,26,152,1,1,22.337892532348633,22.276275634765625,5.449616432189941,1.3789950609207153,1,50.0,-0.7801802158355713,0.09185019135475159,-0.19378453493118286,12.127697944641113,80,2,384,0,0,0
252,12.601418,76,152,1,0,22.337892532348633,22.276275634765625,5.449616432189941,1.3789950609207153,1,50.0,-0.7801802158355713,0.09185019135475159,-0.19378453493118286,12.127697944641113,80,2,384,0,0,0
253,12.651419,42,153,1,1,22.786527633666992,22.767192840576172,5.528709411621094,1.3406367301940918,1,50.0,-0.8680131435394287,0.08317965269088745,-0.21137617528438568,12.127697944641113,80,2,384,0,0,0
254,12.701427,8,154,1,1,23.26962661743164,23.288822174072266,5.677971839904785,1.3788913488388062,1,50.0,-1.0010497570037842,0.07318049669265747,-0.23871782422065735,12.127697944641113,80,2,384,0,0,0
255,12.751418,58,154,1,0,23.26962661743164,23.288822174072266,5.677971839904785,1.3788913488388062,1,50.0,-1.0010497570037842,0.07318049669265747,-0.23871782422065735,12.127697944641113,80,2,384,0,0,0
256,12.801425,27,155,1,1,23.72748565673828,23.718311309814453,5.77241325378418,1.3608825206756592,1,50.0,-1.098921775817871,0.06553196907043457,-0.2587674856185913,12.127697944641113,80,2,384,0,0,0
257,12.851418,77,155,1,0,23.72748565673828,23.718311309814453,5.77241325378418,1.3608825206756592,1,50.0,-1.098921775817871,0.06553196907043457,-0.2587674856185913,12.127697944641113,80,2,384,0,0,0
258,12.901419,41,156,1,1,24.190404891967773,24.13768768310547,5.788127422332764,1.2551214694976807,1,50.0,-1.1500129699707031,0.05840146541595459,-0.2685365378856659,12.127697944641113,80,2,384,0,0,0
259,12.951428,7,157,1,1,24.628684997558594,24.557065963745117,5.756120204925537,1.1116970777511597,1,50.0,-1.1702537536621094,0.04832124710083008,-0.27079445123672485,12.127697944641113,80,2,384,0,0,0
260,13.001418,57,157,1,0,24.628684997558594,24.557065963745117,5.756120204925537,1.1116970777511597,1,50.0,-1.1702537536621094,0.04832124710083008,-0.27079445123672485,12.127697944641113,80,2,384,0,0,0
261,13.051419,26,158,1,1,25.05171775817871,24.986555099487305,5.7234368324279785,0.9835800528526306,1,50.0,-1.1887166500091553,0.04071521759033203,-0.27320706844329834,12.127697944641113,80,2,384,0,0,0
262,13.101418,76,158,1,0,25.05171775817871,24.986555099487305,5.7234368324279785,0.9835800528526306,1,50.0,-1.1887166500091553,0.04071521759033203,-0.27320706844329834,12.127697944641113,80,2,384,0,0,0
263,13.151437,42,159,1,1,25.498544692993164,25.446882247924805,5.707886219024658,0.8810868859291077,1,50.0,-1.2196009159088135,0.03416132926940918,-0.2786138355731964,12.127697944641113,0,0,0,0,0,0
264,13.201436,7,160,1,1,25.961841583251953,25.927560806274414,5.7169671058654785,0.8123943209648132,1,50.0,-1.2667460441589355,0.026009023189544678,-0.2872789204120636,12.127697944641113,0,0,0,0,0,0
265,13.251424,57,160,1,0,25.961841583251953,25.927560806274414,5.7169671058654785,0.8123943209648132,1,50.0,-1.2667460441589355,0.026009023189544678,-0.2872789204120636,12.127697944641113,0,0,0,0,0,0
266,13.301419,25,161,1,1,26.397098541259766,26.34693717956543,5.68851900100708,0.7131603956222534,1,50.0,-1.2888503074645996,0.019836246967315674,-0.2908192276954651,12.127697944641113,0,0,0,0,0,0
267,13.351426,75,161,1,0,26.397098541259766,26.34693717956543,5.68851900100708,0.7131603956222534,1,50.0,-1.2888503074645996,0.019836246967315674,-0.2908192276954651,12.127697944641113,0,0,0,0,0,0
268,13.401419,40,162,1,1,26.825233459472656,26.745838165283203,5.596978664398193,0.5543478727340698,1,50.0,-1.2724583148956299,0.013797938823699951,-0.28583472967147827,12.127697944641113,0,0,0,0,0,0
269,13.451438,6,163,1,1,27.176830291748047,27.01177215576172,5.327458381652832,0.224490225315094,1,50.0,-1.1423900127410889,0.003488600254058838,-0.2546396851539612,12.127697944641113,0,0,0,0,0,0
270,13.501418,56,163,1,0,27.176830291748047,27.01177215576172,5.327458381652832,0.224490225315094,1,50.0,-1.1423900127410889,0.003488600254058838,-0.2546396851539612,12.127697944641113,0,0,0,0,0,0
271,13.55146,24,164,1,1,27.503225326538086,27.349246978759766,5.054590702056885,-0.07952985167503357,1,50.0,-1.008044958114624,-0.004978060722351074,-0.222903773188591,12.127697944641113,80,2,384,0,0,0
272,13.601418,74,164,1,0,27.503225326538086,27.349246978759766,5.054590702056885,-0.07952985167503357,1,50.0,-1.008044958114624,-0.004978060722351074,-0.222903773188591,12.127697944641113,80,2,384,0,0,0
273,13.651448,41,165,1,1,27.87509536743164,27.809450149536133,4.923776149749756,-0.20919866859912872,1,50.0,-0.963024377822876,-0.012944221496582031,-0.21112892031669617,12.127697944641113,80,2,384,0,0,0
274,13.701428,8,166,1,1,28.290361404418945,28.300491333007812,4.925593852996826,-0.18917445838451385,1,50.0,-1.0014888048171997,-0.01929241418838501,-0.2182658612728119,12.127697944641113,80,2,384,0,0,0
275,13.75142,58,166,1,0,28.290361404418945,28.300491333007812,4.925593852996826,-0.18917445838451385,1,50.0,-1.0014888048171997,-0.01929241418838501,-0.2182658612728119,12.127697944641113,80,2,384,0,0,0
276,13.801418,26,167,1,1,28.666078567504883,28.627727508544922,4.837830543518066,-0.2646087408065796,1,50.0,-0.9826455116271973,-0.025388658046722412,-0.2127237468957901,12.127697944641113,80,2,384,0,0,0
277,13.851418,76,167,1,0,28.666078567504883,28.627727508544922,4.837830543518066,-0.2646087408065796,1,50.0,-0.9826455116271973,-0.025388658046722412,-0.2127237468957901,12.127697944641113,80,2,384,0,0,0
278,13.901437,44,168,1,1,29.004487991333008,28.924375534057617,4.665478706359863,-0.42192214727401733,1,50.0,-0.9096912145614624,-0.03230339288711548,-0.1949750781059265,12.127697944641113,80,2,384,0,0,0
279,13.951434,13,169,1,1,29.382492065429688,29.384578704833984,4.6352033615112305,-0.417848140001297,1,50.0,-0.925546407699585,-0.03880947828292847,-0.19705265760421753,12.127697944641113,80,2,384,0,0,0
280,14.001418,63,169,1,0,29.382492065429688,29.384578704833984,4.6352033615112305,-0.417848140001297,1,50.0,-0.925546407699585,-0.03880947828292847,-0.19705265760421753,12.127697944641113,80,2,384,0,0,0
281,14.051419,32,170,1,1,29.767744064331055,29.783479690551758,4.630715847015381,-0.3871760368347168,1,50.0,-0.957526445388794,-0.043745994567871094,-0.20306232571601868,12.127697944641113,80,2,384,0,0,0
282,14.101429,82,170,1,0,29.767744064331055,29.783479690551758,4.630715847015381,-0.3871760368347168,1,50.0,-0.957526445388794,-0.043745994567871094,-0.20306232571601868,12.127697944641113,80,2,384,0,0,0
283,14.151418,47,171,1,1,30.15647315979004,30.15166664123535,4.588626384735107,-0.3967641592025757,1,50.0,-0.9672584533691406,-0.04928147792816162,-0.20399488508701324,12.127697944641113,80,2,384,0,0,0
284,14.201437,14,172,1,1,30.51628875732422,30.489139556884766,4.503901481628418,-0.4508533477783203,1,50.0,-0.9488070011138916,-0.054361820220947266,-0.1987655758857727,12.127697944641113,80,2,384,0,0,0
285,14.251418,64,172,1,0,30.51628875732422,30.489139556884766,4.503901481628418,-0.4508533477783203,1,50.0,-0.9488070011138916,-0.054361820220947266,-0.1987655758857727,12.127697944641113,80,2,384,0,0,0
286,14.301419,34,173,1,1,30.910350799560547,30.959705352783203,4.560263156890869,-0.35428136587142944,1,50.0,-1.0180894136428833,-0.059101104736328125,-0.21310849487781525,12.127697944641113,80,2,384,0,0,0
287,14.351465,3,174,1,1,31.2268123626709,31.153974533081055,4.395499229431152,-0.4965305030345917,1,50.0,-0.9477125406265259,-0.06487894058227539,-0.19618524610996246,12.102571487426758,0,0,0,0,0,0
288,14.401418,53,174,1,0,31.2268123626709,31.153974533081055,4.395499229431152,-0.4965305030345917,1,50.0,-0.9477125406265259,-0.06487894058227539,-0.19618524610996246,12.102571487426758,0,0,0,0,0,0
289,14.451427,22,175,1,1,31.55245590209961,31.511924743652344,4.279575347900391,-0.5757128596305847,1,50.0,-0.9074661731719971,-0.07012814283370972,-0.1860751211643219,12.102571487426758,0,0,0,0,0,0
290,14.501418,72,175,1,0,31.55245590209961,31.511924743652344,4.279575347900391,-0.5757128596305847,1,50.0,-0.9074661731719971,-0.07012814283370972,-0.1860751211643219,12.102571487426758,0,0,0,0,0,0
291,14.551418,38,176,1,1,31.970277786254883,32.05403137207031,4.390531063079834,-0.4090834856033325,1,50.0,-1.0116437673568726,-0.07327395677566528,-0.2085266262292862,12.102571487426758,80,2,384,0,0,0
292,14.601427,5,177,1,1,32.366310119628906,32.41197967529297,4.4436798095703125,-0.31799033284187317,1,50.0,-1.0791758298873901,-0.07581669092178345,-0.2229686677455902,12.102571487426758,80,2,384,0,0,0
293,14.651418,55,177,1,0,32.366310119628906,32.41197967529297,4.4436798095703125,-0.31799033284187317,1,50.0,-1.0791758298873901,-0.07581669092178345,-0.2229686677455902,12.102571487426758,80,2,384,0,0,0
294,14.701433,24,178,1,1,32.86343765258789,33.056339263916016,4.781810283660889,0.06267651915550232,1,50.0,-1.3267955780029297,-0.07500982284545898,-0.27817460894584656,12.102571487426758,80,2,384,0,0,0
295,14.751418,74,178,1,0,32.86343765258789,33.056339263916016,4.781810283660889,0.06267651915550232,1,50.0,-1.3267955780029297,-0.07500982284545898,-0.27817460894584656,12.102571487426758,80,2,384,0,0,0
296,14.801436,43,179,1,1,33.297691345214844,33.363224029541016,4.909872531890869,0.19139036536216736,1,50.0,-1.4427157640457153,-0.07654833793640137,-0.3035927712917328,12.102571487426758,80,2,384,0,0,0
297,14.851432,12,180,1,1,33.70647430419922,33.72117233276367,4.952907562255859,0.2202168107032776,1,50.0,-1.5053272247314453,-0.07764667272567749,-0.31726232171058655,12.102571487426758,81,2,384,0,0,0
298,14.901418,62,180,1,0,33.70647430419922,33.72117233276367,4.952907562255859,0.2202168107032776,1,50.0,-1.5053272247314453,-0.07764667272567749,-0.31726232171058655,12.102571487426758,81,2,384,0,0,0
299,14.951427,28,181,1,1,34.11765670776367,34.10983657836914,4.956505298614502,0.204617440700531,1,50.0,-1.544492244720459,-0.07916069030761719,-0.32562923431396484,12.102571487426758,83,2,384,0,0,0
300,15.001418,78,181,1,0,34.11765670776367,34.10983657836914,4.956505298614502,0.204617440700531,1,50.0,-1.544492244720459,-0.07916069030761719,-0.32562923431396484,12.102571487426758,83,2,384,0,0,0
301,15.051433,46,182,1,1,34.54377746582031,34.57016372680664,5.023387432098389,0.25706782937049866,1,50.0,-1.6229724884033203,-0.0790829062461853,-0.3430866003036499,12.102571487426758,87,2,384,0,0,0
302,15.101419,15,183,1,1,34.94602584838867,34.938350677490234,5.029750823974609,0.24192829430103302,1,50.0,-1.6629929542541504,-0.07938039302825928,-0.3519138991832733,12.102571487426758,90,2,384,0,0,0
303,15.151418,65,183,1,0,34.94602584838867,34.938350677490234,5.029750823974609,0.24192829430103302,1,50.0,-1.6629929542541504,-0.07938039302825928,-0.3519138991832733,12.102571487426758,90,2,384,0,0,0
304,15.201506,34,184,1,1,35.38544845581055,35.42926788330078,5.131600379943848,0.32807689905166626,1,50.0,-1.7636507749557495,-0.07824087142944336,-0.37453553080558777,12.102571487426758,96,2,384,0,0,0
305,15.251545,3,185,1,1,35.838462829589844,35.88947296142578,5.253817558288574,0.42827215790748596,1,50.0,-1.8777521848678589,-0.07707273960113525,-0.40015098452568054,12.102571487426758,102,2,384,0,0,0
306,15.301418,53,185,1,0,35.838462829589844,35.88947296142578,5.253817558288574,0.42827215790748596,1,50.0,-1.8777521848678589,-0.07707273960113525,-0.40015098452568054,12.102571487426758,102,2,384,0,0,0
307,15.351421,21,186,1,1,36.26953887939453,36.26789855957031,5.285838603973389,0.4250277578830719,1,50.0,-1.93576180934906,-0.07546961307525635,-0.41339829564094543,12.102571487426758,105,2,384,0,0,0
308,15.401442,71,186,1,0,36.26953887939453,36.26789855957031,5.285838603973389,0.4250277578830719,1,50.0,-1.93576180934906,-0.07546961307525635,-0.41339829564094543,12.102571487426758,105,2,384,0,0,0
309,15.45146,37,187,1,1,36.70338439941406,36.68727493286133,5.290711402893066,0.39274105429649353,1,50.0,-1.9777315855026245,-0.07412517070770264,-0.42302364110946655,12.102571487426758,108,2,384,0,0,0
310,15.501434,5,188,1,1,37.082271575927734,37.0042724609375,5.174464225769043,0.23729275166988373,1,50.0,-1.9420830011367798,-0.07339584827423096,-0.4152637720108032,12.102571487426758,106,2,384,0,0,0
311,15.551418,55,188,1,0,37.082271575927734,37.0042724609375,5.174464225769043,0.23729275166988373,1,50.0,-1.9420830011367798,-0.07339584827423096,-0.4152637720108032,12.102571487426758,106,2,384,0,0,0
312,15.601433,24,189,1,1,37.443843841552734,37.36234664916992,5.03997278213501,0.07630376517772675,1,50.0,-1.8939296007156372,-0.07288289070129395,-0.40467703342437744,12.102571487426758,103,2,384,0,0,0
313,15.651453,74,189,1,0,37.443843841552734,37.36234664916992,5.03997278213501,0.07630376517772675,1,50.0,-1.8939296007156372,-0.07288289070129395,-0.40467703342437744,12.102571487426758,103,2,384,0,0,0
314,15.701459,42,190,1,1,37.838565826416016,37.812313079833984,4.996635437011719,0.024353060871362686,1,50.0,-1.9034521579742432,-0.07171404361724854,-0.4070529043674469,12.102571487426758,104,2,384,0,0,0
315,15.751435,6,191,1,1,38.278778076171875,38.292991638183594,5.0262346267700195,0.05315057188272476,1,50.0,-1.960830807685852,-0.0682368278503418,-0.42057645320892334,12.102571487426758,107,2,384,0,0,0
316,15.801457,56,191,1,0,38.278778076171875,38.292991638183594,5.0262346267700195,0.05315057188272476,1,50.0,-1.960830807685852,-0.0682368278503418,-0.42057645320892334,12.102571487426758,107,2,384,0,0,0
317,15.851449,24,192,1,1,38.66136169433594,38.6203498840332,4.952249050140381,-0.028861574828624725,1,50.0,-1.9508719444274902,-0.06672227382659912,-0.4186999201774597,12.064881324768066,107,2,384,0,0,0
318,15.901418,74,192,1,0,38.66136169433594,38.6203498840332,4.952249050140381,-0.028861574828624725,1,50.0,-1.9508719444274902,-0.06672227382659912,-0.4186999201774597,12.064881324768066,107,2,384,0,0,0
319,15.951435,41,193,1,1,39.03279495239258,38.978302001953125,4.845874786376953,-0.1377076506614685,1,50.0,-1.9204765558242798,-0.06521713733673096,-0.4122799038887024,12.064881324768066,105,2,384,0,0,0
320,16.0015,6,194,1,1,39.39856719970703,39.33625030517578,4.7139973640441895,-0.26346534490585327,1,50.0,-1.8742694854736328,-0.06356620788574219,-0.40237849950790405,12.064881324768066,103,2,384,0,0,0
321,16.051452,56,194,1,0,39.39856719970703,39.33625030517578,4.7139973640441895,-0.26346534490585327,1,50.0,-1.8742694854736328,-0.06356620788574219,-0.40237849950790405,12.064881324768066,103,2,384,0,0,0
322,16.101419,24,195,1,1,39.79796600341797,39.81692886352539,4.728485584259033,-0.22569790482521057,1,50.0,-1.9189083576202393,-0.060065388679504395,-0.4130762219429016,12.064881324768066,105,2,384,0,0,0
323,16.151418,74,195,1,0,39.79796600341797,39.81692886352539,4.728485584259033,-0.22569790482521057,1,50.0,-1.9189083576202393,-0.060065388679504395,-0.4130762219429016,12.064881324768066,105,2,384,0,0,0
324,16.201462,42,196,1,1,40.2407341003418,40.31821060180664,4.856504440307617,-0.07235966622829437,1,50.0,-2.0355687141418457,-0.05545401573181152,-0.4400254786014557,12.064881324768066,112,2,384,0,0,0
325,16.251474,10,197,1,1,40.64153289794922,40.64544677734375,4.8579559326171875,-0.06463149189949036,1,50.0,-2.072511672973633,-0.05123746395111084,-0.4491720199584961,12.064881324768066,115,2,384,0,0,0
326,16.301454,60,197,1,0,40.64153289794922,40.64544677734375,4.8579559326171875,-0.06463149189949036,1,50.0,-2.072511672973633,-0.05123746395111084,-0.4491720199584961,12.064881324768066,115,2,384,0,0,0
327,16.351419,26,198,1,1,41.0257568359375,40.99315643310547,4.790362358093262,-0.12966293096542358,1,50.0,-2.066535472869873,-0.04766547679901123,-0.44863778352737427,12.064881324768066,114,2,384,0,0,0
328,16.40142,76,198,1,0,41.0257568359375,40.99315643310547,4.790362358093262,-0.12966293096542358,1,50.0,-2.066535472869873,-0.04766547679901123,-0.44863778352737427,12.064881324768066,114,2,384,0,0,0
329,16.451461,44,199,1,1,41.34724426269531,41.24885177612305,4.593328952789307,-0.3246130049228668,1,50.0,-1.9772493839263916,-0.045200228691101074,-0.4293442666530609,12.064881324768066,109,2,384,0,0,0
330,16.501452,12,200,1,1,41.63156509399414,41.504547119140625,4.326823711395264,-0.5754775404930115,1,50.0,-1.8429352045059204,-0.044025421142578125,-0.3997577428817749,12.064881324768066,102,2,384,0,0,0
331,16.551421,62,200,1,0,41.63156509399414,41.504547119140625,4.326823711395264,-0.5754775404930115,1,50.0,-1.8429352045059204,-0.044025421142578125,-0.3997577428817749,12.064881324768066,102,2,384,0,0,0
332,16.601419,26,201,1,1,41.951412200927734,41.882972717285156,4.145236015319824,-0.7135379314422607,1,50.0,-1.7627687454223633,-0.041124701499938965,-0.3825875520706177,12.064881324768066,98,2,384,0,0,0
333,16.651418,76,201,1,0,41.951412200927734,41.882972717285156,4.145236015319824,-0.7135379314422607,1,50.0,-1.7627687454223633,-0.041124701499938965,-0.3825875520706177,12.064881324768066,98,2,384,0,0,0
334,16.70148,44,202,1,1,42.35903549194336,42.45579528808594,4.270944118499756,-0.5210391879081726,1,50.0,-1.8748795986175537,-0.03573727607727051,-0.40869826078414917,12.064881324768066,104,2,384,0,0,0
335,16.751446,12,203,1,1,42.700599670410156,42.69101333618164,4.210097312927246,-0.5399783253669739,1,50.0,-1.8691123723983765,-0.03198516368865967,-0.40825045108795166,12.064881324768066,104,2,384,0,0,0
336,16.801418,62,203,1,0,42.700599670410156,42.69101333618164,4.210097312927246,-0.5399783253669739,1,50.0,-1.8691123723983765,-0.03198516368865967,-0.40825045108795166,12.064881324768066,104,2,384,0,0,0
337,16.851419,29,204,1,1,43.05708694458008,43.06943893432617,4.188695907592773,-0.5155041217803955,1,50.0,-1.8883554935455322,-0.027130126953125,-0.41360560059547424,12.064881324768066,105,2,384,0,0,0
338,16.90145,79,204,1,0,43.05708694458008,43.06943893432617,4.188695907592773,-0.5155041217803955,1,50.0,-1.8883554935455322,-0.027130126953125,-0.41360560059547424,12.064881324768066,105,2,384,0,0,0
339,16.951477,44,205,1,1,43.379241943359375,43.33537292480469,4.060621738433838,-0.6035374402999878,1,50.0,-1.8405050039291382,-0.023366928100585938,-0.40380847454071045,12.064881324768066,103,2,384,0,0,0
340,17.001419,12,206,1,1,43.64301300048828,43.55011749267578,3.834785223007202,-0.7877861261367798,1,50.0,-1.7287423610687256,-0.02108156681060791,-0.37948018312454224,12.064881324768066,97,2,384,0,0,0
341,17.051425,62,206,1,0,43.64301300048828,43.55011749267578,3.834785223007202,-0.7877861261367798,1,50.0,-1.7287423610687256,-0.02108156681060791,-0.37948018312454224,12.064881324768066,97,2,384,0,0,0
342,17.101455,29,207,1,1,43.93314743041992,43.897953033447266,3.702587366104126,-0.8575955033302307,1,50.0,-1.6755359172821045,-0.017463088035583496,-0.36846062541007996,12.064881324768066,94,2,384,0,0,0
343,17.151433,79,207,1,0,43.93314743041992,43.897953033447266,3.702587366104126,-0.8575955033302307,1,50.0,-1.6755359172821045,-0.017463088035583496,-0.36846062541007996,12.064881324768066,94,2,384,0,0,0
344,17.201468,45,208,1,1,44.281768798828125,44.33768081665039,3.737320899963379,-0.7460473775863647,1,50.0,-1.7277517318725586,-0.01216137409210205,-0.3812423050403595,12.064881324768066,97,2,384,0,0,0
345,17.251419,13,209,1,1,44.618953704833984,44.665042877197266,3.763375759124756,-0.6549091339111328,1,50.0,-1.7737314701080322,-0.006620287895202637,-0.39269137382507324,12.064881324768066,100,2,384,0,0,0
346,17.301448,63,209,1,0,44.618953704833984,44.665042877197266,3.763375759124756,-0.6549091339111328,1,50.0,-1.7737314701080322,-0.006620287895202637,-0.39269137382507324,12.064881324768066,100,2,384,0,0,0
347,17.351453,29,210,1,1,44.975013732910156,45.03322982788086,3.8193719387054443,-0.5389390587806702,1,50.0,-1.8393745422363281,-0.0005124807357788086,-0.4086360037326813,12.064881324768066,104,2,384,0,0,0
348,17.401421,79,210,1,0,44.975013732910156,45.03322982788086,3.8193719387054443,-0.5389390587806702,1,50.0,-1.8393745422363281,-0.0005124807357788086,-0.4086360037326813,12.064881324768066,104,2,384,0,0,0
349,17.451455,45,211,1,1,45.26163101196289,45.217262268066406,3.689208745956421,-0.6276063919067383,1,50.0,-1.7870720624923706,0.0038149356842041016,-0.3979748785495758,12.064881324768066,101,2,384,0,0,0
350,17.501419,13,212,1,1,45.5461540222168,45.524147033691406,3.5960707664489746,-0.6711363196372986,1,50.0,-1.7567964792251587,0.008559823036193848,-0.39230141043663025,12.064881324768066,100,2,384,0,0,0
351,17.55149,63,212,1,0,45.5461540222168,45.524147033691406,3.5960707664489746,-0.6711363196372986,1,50.0,-1.7567964792251587,0.008559823036193848,-0.39230141043663025,12.064881324768066,100,2,384,0,0,0
352,17.601419,29,213,1,1,45.76647186279297,45.65711212158203,3.3312032222747803,-0.8888992667198181,1,50.0,-1.6177043914794922,0.011383652687072754,-0.3620195686817169,12.064881324768066,92,2,384,0,0,0
353,17.65142,79,213,1,0,45.76647186279297,45.65711212158203,3.3312032222747803,-0.8888992667198181,1,50.0,-1.6177043914794922,0.011383652687072754,-0.3620195686817169,12.064881324768066,92,2,384,0,0,0
354,17.701447,45,214,1,1,45.99254608154297,45.92304611206055,3.123619556427002,-1.0277001857757568,1,50.0,-1.5135009288787842,0.01456749439239502,-0.3395707607269287,12.064881324768066,87,2,384,0,0,0
355,17.751423,14,215,1,1,46.211395263671875,46.16850662231445,2.9596621990203857,-1.1120048761367798,1,50.0,-1.434822916984558,0.017726540565490723,-0.3227887749671936,12.064881324768066,82,2,384,0,0,0
356,17.801418,64,215,1,0,46.211395263671875,46.16850662231445,2.9596621990203857,-1.1120048761367798,1,50.0,-1.434822916984558,0.017726540565490723,-0.3227887749671936,12.064881324768066,82,2,384,0,0,0
357,17.851471,30,216,1,1,46.48992919921875,46.53669357299805,2.9551525115966797,-1.0191519260406494,1,50.0,-1.45718514919281,0.02305161952972412,-0.3289414942264557,12.064881324768066,84,2,384,0,0,0
358,17.901418,80,216,1,0,46.48992919921875,46.53669357299805,2.9551525115966797,-1.0191519260406494,1,50.0,-1.45718514919281,0.02305161952972412,-0.3289414942264557,12.064881324768066,84,2,384,0,0,0
359,17.95147,46,217,1,1,46.74597930908203,46.76167678833008,2.899533748626709,-0.9878346920013428,1,50.0,-1.4468584060668945,0.02774953842163086,-0.32769066095352173,12.064881324768066,84,2,384,0,0,0
360,18.001419,14,218,1,1,46.95305633544922,46.91511917114258,2.7467336654663086,-1.06281316280365,1,50.0,-1.3738152980804443,0.03135871887207031,-0.3122608959674835,12.064881324768066,80,2,384,0,0,0
361,18.051481,64,218,1,0,46.95305633544922,46.91511917114258,2.7467336654663086,-1.06281316280365,1,50.0,-1.3738152980804443,0.03135871887207031,-0.3122608959674835,12.064881324768066,80,2,384,0,0,0
362,18.101432,29,219,1,1,47.151771545410156,47.1093864440918,2.5751426219940186,-1.1476480960845947,1,50.0,-1.2887451648712158,0.03473019599914551,-0.2941056489944458,12.064881324768066,80,2,384,0,0,0
363,18.151418,79,219,1,0,47.151771545410156,47.1093864440918,2.5751426219940186,-1.1476480960845947,1,50.0,-1.2887451648712158,0.03473019599914551,-0.2941056489944458,12.064881324768066,80,2,384,0,0,0
364,18.201446,45,220,1,1,47.38175964355469,47.406036376953125,2.5252742767333984,-1.099071741104126,1,50.0,-1.2795230150222778,0.03920888900756836,-0.293051540851593,12.064881324768066,80,2,384,0,0,0
365,18.251418,13,221,1,1,47.61296844482422,47.651493072509766,2.5081050395965576,-1.0229034423828125,1,50.0,-1.2900302410125732,0.04391968250274658,-0.29643332958221436,12.064881324768066,80,2,384,0,0,0
366,18.301418,63,221,1,0,47.61296844482422,47.651493072509766,2.5081050395965576,-1.0229034423828125,1,50.0,-1.2900302410125732,0.04391968250274658,-0.29643332958221436,12.064881324768066,80,2,384,0,0,0
367,18.351419,29,222,1,1,47.873924255371094,47.94813919067383,2.563568353652954,-0.8752830624580383,1,50.0,-1.3467943668365479,0.04983866214752197,-0.31036290526390076,12.064881324768066,80,2,384,0,0,0
368,18.401418,79,222,1,0,47.873924255371094,47.94813919067383,2.563568353652954,-0.8752830624580383,1,50.0,-1.3467943668365479,0.04983866214752197,-0.31036290526390076,12.064881324768066,80,2,384,0,0,0
369,18.451435,46,223,1,1,48.0525016784668,48.00944137573242,2.4091172218322754,-0.9606931805610657,1,50.0,-1.270195484161377,0.05338883399963379,-0.2941298484802246,12.064881324768066,80,2,384,0,0,0
370,18.501419,14,224,1,1,48.301605224609375,48.37775421142578,2.473994493484497,-0.8106801509857178,1,50.0,-1.3315411806106567,0.059303879737854004,-0.3090766668319702,12.064881324768066,80,2,384,0,0,0
371,18.551488,64,224,1,0,48.301605224609375,48.37775421142578,2.473994493484497,-0.8106801509857178,1,50.0,-1.3315411806106567,0.059303879737854004,-0.3090766668319702,12.064881324768066,80,2,384,0,0,0
372,18.601429,29,225,1,1,48.50965118408203,48.510597229003906,2.4068946838378906,-0.8087926506996155,1,50.0,-1.3100054264068604,0.0641016960144043,-0.3053571283817291,12.064881324768066,80,2,384,0,0,0
373,18.651418,79,225,1,0,48.50965118408203,48.510597229003906,2.4068946838378906,-0.8087926506996155,1,50.0,-1.3100054264068604,0.0641016960144043,-0.3053571283817291,12.064881324768066,80,2,384,0,0,0
374,18.70147,45,226,1,1,48.73747253417969,48.77653121948242,2.413771867752075,-0.7307019233703613,1,50.0,-1.3346357345581055,0.06966960430145264,-0.3120678663253784,12.064881324768066,80,2,384,0,0,0
375,18.751419,14,227,1,1,48.94317626953125,48.960689544677734,2.3875534534454346,-0.6962820291519165,1,50.0,-1.3374179601669312,0.07476747035980225,-0.3138189911842346,12.064881324768066,80,2,384,0,0,0
376,18.801418,64,227,1,0,48.94317626953125,48.960689544677734,2.3875534534454346,-0.6962820291519165,1,50.0,-1.3374179601669312,0.07476747035980225,-0.3138189911842346,12.064881324768066,80,2,384,0,0,0
377,18.851419,30,228,1,1,49.15131759643555,49.16519546508789,2.355435848236084,-0.6687496304512024,1,50.0,-1.336880087852478,0.08016633987426758,-0.314899206161499,12.031379699707031,80,2,384,0,0,0
378,18.901418,80,228,1,0,49.15131759643555,49.16519546508789,2.355435848236084,-0.6687496304512024,1,50.0,-1.336880087852478,0.08016633987426758,-0.314899206161499,12.031379699707031,80,2,384,0,0,0
379,18.951438,45,229,1,1,49.327598571777344,49.298160552978516,2.2420637607574463,-0.7277525663375854,1,50.0,-1.2847222089767456,0.08473324775695801,-0.3043234348297119,12.031379699707031,80,2,384,0,0,0
380,19.001419,13,230,1,1,49.50639724731445,49.50279235839844,2.1755552291870117,-0.7348849177360535,1,50.0,-1.260908842086792,0.08955931663513184,-0.300104022026062,12.031379699707031,80,2,384,0,0,0
381,19.051521,63,230,1,0,49.50639724731445,49.50279235839844,2.1755552291870117,-0.7348849177360535,1,50.0,-1.260908842086792,0.08955931663513184,-0.300104022026062,12.031379699707031,80,2,384,0,0,0
382,19.101419,29,231,1,1,49.669490814208984,49.645999908447266,2.0690536499023438,-0.7816193103790283,1,50.0,-1.211686372756958,0.09403252601623535,-0.29015976190567017,12.031379699707031,80,2,384,0,0,0
383,19.151418,79,231,1,0,49.669490814208984,49.645999908447266,2.0690536499023438,-0.7816193103790283,1,50.0,-1.211686372756958,0.09403252601623535,-0.29015976190567017,12.031379699707031,80,2,384,0,0,0
384,19.201453,46,232,1,1,49.8994140625,49.98347091674805,2.1638855934143066,-0.6149038672447205,1,50.0,-1.2892786264419556,0.10064935684204102,-0.30887287855148315,12.031379699707031,80,2,384,0,0,0
385,19.25142,15,233,1,1,50.15066909790039,50.2596435546875,2.3184690475463867,-0.4014732241630554,1,50.0,-1.4046416282653809,0.10810649394989014,-0.33616626262664795,12.031379699707031,86,2,384,0,0,0
386,19.301424,65,233,1,0,50.15066909790039,50.2596435546875,2.3184690475463867,-0.4014732241630554,1,50.0,-1.4046416282653809,0.10810649394989014,-0.33616626262664795,12.031379699707031,86,2,384,0,0,0
387,19.351419,29,234,1,1,50.39303207397461,50.453914642333984,2.4008383750915527,-0.27943840622901917,1,50.0,-1.475875973701477,0.11550545692443848,-0.3536403179168701,12.031379699707031,90,2,384,0,0,0
388,19.401418,79,234,1,0,50.39303207397461,50.453914642333984,2.4008383750915527,-0.27943840622901917,1,50.0,-1.475875973701477,0.11550545692443848,-0.3536403179168701,12.031379699707031,90,2,384,0,0,0
389,19.45144,45,235,1,1,50.54334259033203,50.474388122558594,2.2450761795043945,-0.4175027012825012,1,50.0,-1.3959466218948364,0.12034881114959717,-0.3369545340538025,12.031379699707031,86,2,384,0,0,0
390,19.501419,14,236,1,1,50.68795394897461,50.63806915283203,2.1172919273376465,-0.5155973434448242,1,50.0,-1.3322911262512207,0.1251218318939209,-0.3238695561885834,12.031379699707031,83,2,384,0,0,0
391,19.551467,64,236,1,0,50.68795394897461,50.63806915283203,2.1172919273376465,-0.5155973434448242,1,50.0,-1.3322911262512207,0.1251218318939209,-0.3238695561885834,12.031379699707031,83,2,384,0,0,0
392,19.601419,29,237,1,1,50.89498519897461,50.934715270996094,2.149413585662842,-0.4363158941268921,1,50.0,-1.37019681930542,0.13191747665405273,-0.3338031768798828,12.031379699707031,85,2,384,0,0,0
393,19.651419,79,237,1,0,50.89498519897461,50.934715270996094,2.149413585662842,-0.4363158941268921,1,50.0,-1.37019681930542,0.13191747665405273,-0.3338031768798828,12.031379699707031,85,2,384,0,0,0
394,19.701442,46,238,1,1,51.05720520019531,51.03696823120117,2.074690580368042,-0.4765142798423767,1,50.0,-1.3399628400802612,0.13754498958587646,-0.32833507657051086,12.031379699707031,84,2,384,0,0,0
395,19.751419,15,239,1,1,51.24393081665039,51.27219009399414,2.0891313552856445,-0.42113107442855835,1,50.0,-1.365432620048523,0.14399254322052002,-0.33542782068252563,12.031379699707031,86,2,384,0,0,0
396,19.801424,65,239,1,0,51.24393081665039,51.27219009399414,2.0891313552856445,-0.42113107442855835,1,50.0,-1.365432620048523,0.14399254322052002,-0.33542782068252563,12.031379699707031,86,2,384,0,0,0
397,19.851419,29,240,1,1,51.49259567260742,51.58918762207031,2.2384095191955566,-0.22748158872127533,1,50.0,-1.477379322052002,0.1525096893310547,-0.36219751834869385,12.031379699707031,92,2,384,0,0,0
398,19.901427,79,240,1,0,51.49259567260742,51.58918762207031,2.2384095191955566,-0.22748158872127533,1,50.0,-1.477379322052002,0.1525096893310547,-0.36219751834869385,12.031379699707031,92,2,384,0,0,0
399,19.951448,45,241,1,1,51.6674919128418,51.65061569213867,2.1869258880615234,-0.26127055287361145,1,50.0,-1.46222984790802,0.1590254306793213,-0.3602789640426636,12.031379699707031,92,2,384,0,0,0
400,20.00146,14,242,1,1,51.861366271972656,51.88583755493164,2.2118520736694336,-0.21315573155879974,1,50.0,-1.4946341514587402,0.16617560386657715,-0.36906883120536804,12.031379699707031,94,2,384,0,0,0
401,20.051418,64,242,1,0,51.861366271972656,51.88583755493164,2.2118520736694336,-0.21315573155879974,1,50.0,-1.4946341514587402,0.16617560386657715,-0.36906883120536804,12.031379699707031,94,2,384,0,0,0
402,20.101457,18,243,1,1,52.05370330810547,52.0290412902832,2.141240358352661,-0.26542139053344727,1,50.0,-1.4695775508880615,0.17352783679962158,-0.3651345372200012,12.031379699707031,93,2,384,0,0,0
403,20.151418,68,243,1,0,52.05370330810547,52.0290412902832,2.141240358352661,-0.26542139053344727,1,50.0,-1.4695775508880615,0.17352783679962158,-0.3651345372200012,12.031379699707031,93,2,384,0,0,0
404,20.201422,32,244,1,1,52.25310134887695,52.274497985839844,2.1608622074127197,-0.2212197184562683,1,50.0,-1.4992965459823608,0.18156349658966064,-0.3735244870185852,12.031379699707031,95,2,384,0,0,0
405,20.251418,82,244,1,0,52.25310134887695,52.274497985839844,2.1608622074127197,-0.2212197184562683,1,50.0,-1.4992965459823608,0.18156349658966064,-0.3735244870185852,12.031379699707031,95,2,384,0,0,0
406,20.301418,48,245,1,1,52.4967155456543,52.581382751464844,2.305959463119507,-0.05073651671409607,1,50.0,-1.608280062675476,0.1907869577407837,-0.3997926712036133,12.031379699707031,102,2,384,0,0,0
407,20.351429,16,246,1,1,52.676177978515625,52.66316223144531,2.2772343158721924,-0.07634071260690689,1,50.0,-1.6071966886520386,0.19816827774047852,-0.40119221806526184,12.123509407043457,102,2,384,0,0,0
408,20.401418,66,246,1,0,52.676177978515625,52.66316223144531,2.2772343158721924,-0.07634071260690689,1,50.0,-1.6071966886520386,0.19816827774047852,-0.40119221806526184,12.123509407043457,102,2,384,0,0,0
409,20.451419,35,247,1,1,52.80379867553711,52.72459030151367,2.1238644123077393,-0.22985759377479553,1,50.0,-1.5266605615615845,0.20413780212402344,-0.38462185859680176,12.123509407043457,98,2,384,0,0,0
410,20.501521,4,248,1,1,52.989925384521484,53.0108757019043,2.143984794616699,-0.1894395500421524,1,50.0,-1.5554841756820679,0.21210479736328125,-0.3927975594997406,12.123509407043457,100,2,384,0,0,0
411,20.551418,54,248,1,0,52.989925384521484,53.0108757019043,2.143984794616699,-0.1894395500421524,1,50.0,-1.5554841756820679,0.21210479736328125,-0.3927975594997406,12.123509407043457,100,2,384,0,0,0
412,20.601419,20,249,1,1,53.19291687011719,53.22574234008789,2.189831256866455,-0.1250290423631668,1,50.0,-1.6012613773345947,0.22058653831481934,-0.4048551321029663,12.123509407043457,103,2,384,0,0,0
413,20.65142,70,249,1,0,53.19291687011719,53.22574234008789,2.189831256866455,-0.1250290423631668,1,50.0,-1.6012613773345947,0.22058653831481934,-0.4048551321029663,12.123509407043457,103,2,384,0,0,0
414,20.701419,37,250,1,1,53.45762252807617,53.573455810546875,2.398188591003418,0.10297012329101562,1,50.0,-1.7500993013381958,0.23124158382415771,-0.4402979612350464,12.123509407043457,112,2,384,0,0,0
415,20.751437,6,251,1,1,53.73441696166992,53.84962844848633,2.622016668319702,0.32756006717681885,1,50.0,-1.9093077182769775,0.24231159687042236,-0.4781376123428345,12.123509407043457,122,2,384,0,0,0
416,20.801418,56,251,1,0,53.73441696166992,53.84962844848633,2.622016668319702,0.32756006717681885,1,50.0,-1.9093077182769775,0.24231159687042236,-0.4781376123428345,12.123509407043457,122,2,384,0,0,0
417,20.851418,25,252,1,1,53.996253967285156,54.06437301635742,2.775456428527832,0.4598555266857147,1,50.0,-2.0249366760253906,0.25315427780151367,-0.5062424540519714,12.123509407043457,129,2,384,0,0,0
418,20.901418,75,252,1,0,53.996253967285156,54.06437301635742,2.775456428527832,0.4598555266857147,1,50.0,-2.0249366760253906,0.25315427780151367,-0.5062424540519714,12.123509407043457,129,2,384,0,0,0
419,20.951421,38,253,1,1,54.122291564941406,53.962120056152344,2.506852149963379,0.13827556371688843,1,50.0,-1.8751176595687866,0.26033222675323486,-0.4745444059371948,12.123509407043457,121,2,384,0,0,0
420,21.001435,7,254,1,1,54.331974029541016,54.340545654296875,2.5342493057250977,0.15515655279159546,1,50.0,-1.9104273319244385,0.2701265811920166,-0.4845675230026245,12.123509407043457,124,2,384,0,0,0
421,21.051418,57,254,1,0,54.331974029541016,54.340545654296875,2.5342493057250977,0.15515655279159546,1,50.0,-1.9104273319244385,0.2701265811920166,-0.4845675230026245,12.123509407043457,124,2,384,0,0,0
422,21.101419,26,255,1,1,54.45988464355469,54.35078048706055,2.342606544494629,-0.05783678591251373,1,50.0,-1.8069535493850708,0.27742958068847656,-0.4631962180137634,12.123509407043457,118,2,384,0,0,0
423,21.151419,76,255,1,0,54.45988464355469,54.35078048706055,2.342606544494629,-0.05783678591251373,1,50.0,-1.8069535493850708,0.27742958068847656,-0.4631962180137634,12.123509407043457,118,2,384,0,0,0
424,21.201424,44,256,1,1,54.62864303588867,54.59624099731445,2.277092695236206,-0.12126486003398895,1,50.0,-1.7828335762023926,0.2860602140426636,-0.45975416898727417,12.123509407043457,117,2,384,0,0,0
425,21.251419,13,257,1,1,54.86724090576172,54.94395065307617,2.4105899333953857,0.028417766094207764,1,50.0,-1.8844057321548462,0.29715240001678467,-0.4847906827926636,12.123509407043457,124,2,384,0,0,0
426,21.301418,63,257,1,0,54.86724090576172,54.94395065307617,2.4105899333953857,0.028417766094207764,1,50.0,-1.8844057321548462,0.29715240001678467,-0.4847906827926636,12.123509407043457,124,2,384,0,0,0
427,21.351419,32,258,1,1,55.0430908203125,55.01561737060547,2.361607074737549,-0.025175880640745163,1,50.0,-1.870842456817627,0.30632174015045166,-0.4838142395019531,12.123509407043457,123,2,384,0,0,0
428,21.401418,82,258,1,0,55.0430908203125,55.01561737060547,2.361607074737549,-0.025175880640745163,1,50.0,-1.870842456817627,0.30632174015045166,-0.4838142395019531,12.123509407043457,123,2,384,0,0,0
429,21.451418,48,259,1,1,55.3181266784668,55.42462921142578,2.561879873275757,0.1863490790128708,1,50.0,-2.0157594680786133,0.3188595771789551,-0.5188042521476746,12.123509407043457,132,2,384,0,0,0
430,21.50142,17,260,1,1,55.46685028076172,55.38380432128906,2.4205729961395264,0.02283760905265808,1,50.0,-1.944360375404358,0.32757568359375,-0.5048746466636658,12.123509407043457,129,2,384,0,0,0
431,21.551424,67,260,1,0,55.46685028076172,55.38380432128906,2.4205729961395264,0.02283760905265808,1,50.0,-1.944360375404358,0.32757568359375,-0.5048746466636658,12.123509407043457,129,2,384,0,0,0
432,21.601419,36,261,1,1,55.61068344116211,55.53724670410156,2.284695625305176,-0.12122060358524323,1,50.0,-1.8757789134979248,0.33626413345336914,-0.49156510829925537,12.123509407043457,125,2,384,0,0,0
433,21.651473,5,262,1,1,55.781585693359375,55.762229919433594,2.2386281490325928,-0.15915343165397644,1,50.0,-1.8635196685791016,0.34587979316711426,-0.4909776449203491,12.123509407043457,125,2,384,0,0,0
434,21.701418,55,262,1,0,55.781585693359375,55.762229919433594,2.2386281490325928,-0.15915343165397644,1,50.0,-1.8635196685791016,0.34587979316711426,-0.4909776449203491,12.123509407043457,125,2,384,0,0,0
435,21.751419,24,263,1,1,56.04492950439453,56.161128997802734,2.443349599838257,0.06865949928760529,1,50.0,-2.0100536346435547,0.3586944341659546,-0.5263884663581848,12.123509407043457,134,2,384,0,0,0
436,21.801418,74,263,1,0,56.04492950439453,56.161128997802734,2.443349599838257,0.06865949928760529,1,50.0,-2.0100536346435547,0.3586944341659546,-0.5263884663581848,12.123509407043457,134,2,384,0,0,0
437,21.851435,43,264,1,1,56.24300003051758,56.2429084777832,2.448739528656006,0.06848003715276718,1,50.0,-2.031113862991333,0.3694725036621094,-0.5334636569023132,12.123509407043457,136,2,384,0,0,0
438,21.901434,12,265,1,1,56.36756134033203,56.26338195800781,2.2588939666748047,-0.13618850708007812,1,50.0,-1.9284169673919678,0.37820374965667725,-0.5125823616981506,12.123509407043457,131,2,384,0,0,0
439,21.951419,62,265,1,0,56.36756134033203,56.26338195800781,2.2588939666748047,-0.13618850708007812,1,50.0,-1.9284169673919678,0.37820374965667725,-0.5125823616981506,12.123509407043457,131,2,384,0,0,0
440,22.001419,27,266,1,1,56.52503204345703,56.47813034057617,2.157224655151367,-0.2305317372083664,1,50.0,-1.8815877437591553,0.38834047317504883,-0.504428505897522,12.123509407043457,129,2,384,0,0,0
441,22.051451,77,266,1,0,56.52503204345703,56.47813034057617,2.157224655151367,-0.2305317372083664,1,50.0,-1.8815877437591553,0.38834047317504883,-0.504428505897522,12.123509407043457,129,2,384,0,0,0
442,22.101419,47,267,1,1,56.69099044799805,56.682762145996094,2.123267650604248,-0.24678096175193787,1,50.0,-1.8761497735977173,0.39853906631469727,-0.5054863691329956,12.123509407043457,129,2,384,0,0,0
443,22.151461,16,268,1,1,56.804500579833984,56.72358703613281,1.9512029886245728,-0.4061240255832672,1,50.0,-1.783126950263977,0.4072972536087036,-0.4867609441280365,12.123509407043457,124,2,384,0,0,0
444,22.201418,66,268,1,0,56.804500579833984,56.72358703613281,1.9512029886245728,-0.4061240255832672,1,50.0,-1.783126950263977,0.4072972536087036,-0.4867609441280365,12.123509407043457,124,2,384,0,0,0
445,22.251454,34,269,1,1,56.96133041381836,56.95880889892578,1.913138747215271,-0.41111475229263306,1,50.0,-1.7744030952453613,0.4174457788467407,-0.487077534198761,12.123509407043457,124,2,384,0,0,0
446,22.301458,4,270,1,1,57.10422897338867,57.091773986816406,1.8569458723068237,-0.43554484844207764,1,50.0,-1.7535481452941895,0.42764973640441895,-0.48471060395240784,12.123509407043457,124,2,384,0,0,0
447,22.351418,54,270,1,0,57.10422897338867,57.091773986816406,1.8569458723068237,-0.43554484844207764,1,50.0,-1.7535481452941895,0.42764973640441895,-0.48471060395240784,12.123509407043457,124,2,384,0,0,0
448,22.401419,22,271,1,1,57.1615104675293,57.03047180175781,1.5741329193115234,-0.6946103572845459,1,50.0,-1.5890157222747803,0.4350515604019165,-0.449792742729187,12.123509407043457,115,2,384,0,0,0
449,22.451418,72,271,1,0,57.1615104675293,57.03047180175781,1.5741329193115234,-0.6946103572845459,1,50.0,-1.5890157222747803,0.4350515604019165,-0.449792742729187,12.123509407043457,115,2,384,0,0,0
450,22.501419,42,272,1,1,57.21347427368164,57.11225128173828,1.3291438817977905,-0.8932387828826904,1,50.0,-1.4466991424560547,0.44233977794647217,-0.4197864234447479,12.123509407043457,107,2,384,0,0,0
451,22.551426,7,273,1,1,57.3635368347168,57.41913604736328,1.3599764108657837,-0.7813370227813721,1,50.0,-1.4787042140960693,0.45297300815582275,-0.42926159501075745,12.123509407043457,109,2,384,0,0,0
452,22.60142,57,273,1,0,57.3635368347168,57.41913604736328,1.3599764108657837,-0.7813370227813721,1,50.0,-1.4787042140960693,0.45297300815582275,-0.42926159501075745,12.123509407043457,109,2,384,0,0,0
453,22.651419,25,274,1,1,57.55302810668945,57.66459274291992,1.5088403224945068,-0.5581990480422974,1,50.0,-1.5850768089294434,0.46454858779907227,-0.45547235012054443,12.123509407043457,116,2,384,0,0,0
454,22.701418,75,274,1,0,57.55302810668945,57.66459274291992,1.5088403224945068,-0.5581990480422974,1,50.0,-1.5850768089294434,0.46454858779907227,-0.45547235012054443,12.123509407043457,116,2,384,0,0,0
455,22.751428,45,275,1,1,57.70292663574219,57.74637222290039,1.545836329460144,-0.47261112928390503,1,50.0,-1.620765209197998,0.47508788108825684,-0.46574512124061584,12.123509407043457,119,2,384,0,0,0
456,22.801421,13,276,1,1,57.887840270996094,57.97135543823242,1.6647547483444214,-0.3073098659515381,1,50.0,-1.7087585926055908,0.4871828556060791,-0.4879869818687439,12.123509407043457,124,2,384,0,0,0
457,22.851421,63,276,1,0,57.887840270996094,57.97135543823242,1.6647547483444214,-0.3073098659515381,1,50.0,-1.7087585926055908,0.4871828556060791,-0.4879869818687439,12.123509407043457,124,2,384,0,0,0
458,22.901419,27,277,1,1,57.97489929199219,57.89981460571289,1.4929157495498657,-0.45967069268226624,1,50.0,-1.6134904623031616,0.4961048364639282,-0.46879899501800537,12.123509407043457,120,2,384,0,0,0
459,22.951418,77,277,1,0,57.97489929199219,57.89981460571289,1.4929157495498657,-0.45967069268226624,1,50.0,-1.6134904623031616,0.4961048364639282,-0.46879899501800537,12.123509407043457,120,2,384,0,0,0
460,23.001418,47,278,1,1,58.09342575073242,58.094207763671875,1.4576241970062256,-0.45811763405799866,1,50.0,-1.6029828786849976,0.506439208984375,-0.46876049041748047,12.123509407043457,120,2,384,0,0,0
461,23.051419,16,279,1,1,58.19156265258789,58.165748596191406,1.3719863891601562,-0.5089817047119141,1,50.0,-1.5604325532913208,0.5158581733703613,-0.4613979458808899,12.123509407043457,118,2,384,0,0,0
462,23.101419,66,279,1,0,58.19156265258789,58.165748596191406,1.3719863891601562,-0.5089817047119141,1,50.0,-1.5604325532913208,0.5158581733703613,-0.4613979458808899,12.123509407043457,118,2,384,0,0,0
463,23.151419,34,280,1,1,58.29229736328125,58.27824020385742,1.3037312030792236,-0.5367767214775085,1,50.0,-1.528545618057251,0.5254334211349487,-0.4564397931098938,12.123509407043457,116,2,384,0,0,0
464,23.201548,3,281,1,1,58.453487396240234,58.533935546875,1.411475658416748,-0.37827596068382263,1,50.0,-1.6076993942260742,0.5373175144195557,-0.47667041420936584,12.123509407043457,122,2,384,0,0,0
465,23.251418,53,281,1,0,58.453487396240234,58.533935546875,1.411475658416748,-0.37827596068382263,1,50.0,-1.6076993942260742,0.5373175144195557,-0.47667041420936584,12.123509407043457,122,2,384,0,0,0
466,23.301419,23,282,1,1,58.60310745239258,58.65666580200195,1.4811714887619019,-0.2734958529472351,1,50.0,-1.662982702255249,0.5485689640045166,-0.49145591259002686,12.123509407043457,125,2,384,0,0,0
467,23.351418,73,282,1,0,58.60310745239258,58.65666580200195,1.4811714887619019,-0.2734958529472351,1,50.0,-1.662982702255249,0.5485689640045166,-0.49145591259002686,12.106758117675781,125,2,384,0,0,0
468,23.401419,42,283,1,1,58.656822204589844,58.56464767456055,1.286434531211853,-0.4544065594673157,1,50.0,-1.5509748458862305,0.5570628643035889,-0.4684528112411499,12.106758117675781,119,2,384,0,0,0
469,23.451431,8,284,1,1,58.692909240722656,58.59536361694336,1.062031626701355,-0.6495341062545776,1,50.0,-1.4195809364318848,0.5655038356781006,-0.4411299526691437,12.106758117675781,112,2,384,0,0,0
470,23.501418,58,284,1,0,58.692909240722656,58.59536361694336,1.062031626701355,-0.6495341062545776,1,50.0,-1.4195809364318848,0.5655038356781006,-0.4411299526691437,12.106758117675781,112,2,384,0,0,0
471,23.551419,27,285,1,1,58.77360916137695,58.76915740966797,1.0009914636611938,-0.6583629846572876,1,50.0,-1.3902196884155273,0.5748790502548218,-0.4366886019706726,12.106758117675781,111,2,384,0,0,0
472,23.601419,77,285,1,0,58.77360916137695,58.76915740966797,1.0009914636611938,-0.6583629846572876,1,50.0,-1.3902196884155273,0.5748790502548218,-0.4366886019706726,12.106758117675781,111,2,384,0,0,0
473,23.651444,45,286,1,1,58.89946365356445,58.96355056762695,1.0684268474578857,-0.5311627388000488,1,50.0,-1.4420078992843628,0.5856735706329346,-0.4505958557128906,12.106758117675781,115,2,384,0,0,0
474,23.701419,14,287,1,1,59.00117492675781,59.02485275268555,1.0700184106826782,-0.4844154715538025,1,50.0,-1.452116847038269,0.5958446264266968,-0.4551025629043579,12.106758117675781,116,2,384,0,0,0
475,23.751418,64,287,1,0,59.00117492675781,59.02485275268555,1.0700184106826782,-0.4844154715538025,1,50.0,-1.452116847038269,0.5958446264266968,-0.4551025629043579,12.106758117675781,116,2,384,0,0,0
476,23.801424,33,288,1,1,59.094783782958984,59.106754302978516,1.0532832145690918,-0.4608324468135834,1,50.0,-1.45050048828125,0.6063038110733032,-0.457067608833313,12.106758117675781,117,2,384,0,0,0
477,23.851426,83,288,1,0,59.094783782958984,59.106754302978516,1.0532832145690918,-0.4608324468135834,1,50.0,-1.45050048828125,0.6063038110733032,-0.457067608833313,12.106758117675781,117,2,384,0,0,0
478,23.90142,52,289,1,1,59.25502395629883,59.362449645996094,1.217714548110962,-0.24934257566928864,1,50.0,-1.5635809898376465,0.6183868646621704,-0.48488175868988037,12.106758117675781,124,2,384,0,0,0
479,23.951419,18,290,1,1,59.30747604370117,59.239723205566406,1.0672905445098877,-0.38503265380859375,1,50.0,-1.478047251701355,0.6278271675109863,-0.46797215938568115,12.106758117675781,119,2,384,0,0,0
480,24.001418,68,290,1,0,59.30747604370117,59.239723205566406,1.0672905445098877,-0.38503265380859375,1,50.0,-1.478047251701355,0.6278271675109863,-0.46797215938568115,12.106758117675781,119,2,384,0,0,0
481,24.051419,36,291,1,1,59.320621490478516,59.21924591064453,0.8427446484565735,-0.5872312188148499,1,50.0,-1.3445028066635132,0.6356675624847412,-0.4400378465652466,12.106758117675781,112,2,384,0,0,0
482,24.101431,5,292,1,1,59.34256362915039,59.280548095703125,0.6781059503555298,-0.7099186778068542,1,50.0,-1.2476943731307983,0.6437822580337524,-0.42032814025878906,12.106758117675781,107,2,384,0,0,0
483,24.151419,55,292,1,0,59.34256362915039,59.280548095703125,0.6781059503555298,-0.7099186778068542,1,50.0,-1.2476943731307983,0.6437822580337524,-0.42032814025878906,12.106758117675781,107,2,384,0,0,0
484,24.201448,24,293,1,1,59.42410659790039,59.46470260620117,0.6969361305236816,-0.629906177520752,1,50.0,-1.2663313150405884,0.6537027359008789,-0.4266742467880249,12.106758117675781,109,2,384,0,0,0
485,24.251418,74,293,1,0,59.42410659790039,59.46470260620117,0.6969361305236816,-0.629906177520752,1,50.0,-1.2663313150405884,0.6537027359008789,-0.4266742467880249,12.106758117675781,109,2,384,0,0,0
486,24.301457,38,294,1,1,59.504737854003906,59.5362434387207,0.7036552429199219,-0.566112220287323,1,50.0,-1.2776196002960205,0.6641321182250977,-0.4315003454685211,12.106758117675781,110,2,384,0,0,0
487,24.351425,7,295,1,1,59.48145294189453,59.37268829345703,0.4511362314224243,-0.7826036214828491,1,50.0,-1.1240124702453613,0.6715126037597656,-0.3990055322647095,12.018816947937012,102,2,384,0,0,0
488,24.401418,57,295,1,0,59.48145294189453,59.37268829345703,0.4511362314224243,-0.7826036214828491,1,50.0,-1.1240124702453613,0.6715126037597656,-0.3990055322647095,12.018816947937012,102,2,384,0,0,0
489,24.451419,25,296,1,1,59.49871826171875,59.47494125366211,0.34191644191741943,-0.8297958970069885,1,50.0,-1.0600345134735107,0.6796156167984009,-0.3865889310836792,12.018816947937012,99,2,384,0,0,0
490,24.501418,75,296,1,0,59.49871826171875,59.47494125366211,0.34191644191741943,-0.8297958970069885,1,50.0,-1.0600345134735107,0.6796156167984009,-0.3865889310836792,12.018816947937012,99,2,384,0,0,0
491,24.551437,44,297,1,1,59.45222854614258,59.352210998535156,0.08653315901756287,-1.026961088180542,1,50.0,-0.9026204943656921,0.6858198642730713,-0.35298675298690796,12.018816947937012,90,2,384,0,0,0
492,24.601425,12,298,1,1,59.455284118652344,59.4544677734375,0.0007785848574712873,-1.0285786390304565,1,50.0,-0.8514427542686462,0.6939460039138794,-0.3434196710586548,12.018816947937012,88,2,384,0,0,0
493,24.651421,62,298,1,0,59.455284118652344,59.4544677734375,0.0007785848574712873,-1.0285786390304565,1,50.0,-0.8514427542686462,0.6939460039138794,-0.3434196710586548,12.018816947937012,88,2,384,0,0,0
494,24.701419,32,299,1,1,59.45730209350586,59.46470260620117,-0.06768008321523666,-1.0140882730484009,1,50.0,-0.8105491995811462,0.7015708088874817,-0.33602669835090637,12.018816947937012,86,2,384,0,0,0
495,24.751421,82,299,1,0,59.45730209350586,59.46470260620117,-0.06768008321523666,-1.0140882730484009,1,50.0,-0.8105491995811462,0.7015708088874817,-0.33602669835090637,12.018816947937012,86,2,384,0,0,0
496,24.801418,48,300,1,1,59.50214385986328,59.57719421386719,-0.009917989373207092,-0.8643441796302795,1,50.0,-0.8492421507835388,0.7109546661376953,-0.3467103838920593,12.018816947937012,88,2,384,0,0,0
497,24.851418,15,301,1,1,59.57007598876953,59.669212341308594,0.10773561894893646,-0.6660276055335999,1,50.0,-0.9259482026100159,0.7205944061279297,-0.3658983111381531,12.018816947937012,93,2,384,0,0,0
498,24.901418,65,301,1,0,59.57007598876953,59.669212341308594,0.10773561894893646,-0.6660276055335999,1,50.0,-0.9259482026100159,0.7205944061279297,-0.3658983111381531,12.018816947937012,93,2,384,0,0,0
499,24.951419,34,302,1,1,59.56830978393555,59.55672073364258,0.031890593469142914,-0.6889556050300598,1,50.0,-0.8802822828292847,0.7281975746154785,-0.35743996500968933,12.018816947937012,91,2,384,0,0,0
500,25.001532,3,303,1,1,59.5423583984375,59.505531311035156,-0.0931355208158493,-0.7614505887031555,1,50.0,-0.8029309511184692,0.7355519533157349,-0.3418850600719452,12.018816947937012,87,2,384,0,0,0
501,25.051492,53,303,1,0,59.5423583984375,59.505531311035156,-0.0931355208158493,-0.7614505887031555,1,50.0,-0.8029309511184692,0.7355519533157349,-0.3418850600719452,12.018816947937012,87,2,384,0,0,0
502,25.101428,18,304,1,1,59.52067947387695,59.505531311035156,-0.18693892657756805,-0.791896402835846,1,50.0,-0.7446978092193604,0.7425354719161987,-0.33049628138542175,12.018816947937012,84,2,384,0,0,0
503,25.151418,68,304,1,0,59.52067947387695,59.505531311035156,-0.18693892657756805,-0.791896402835846,1,50.0,-0.7446978092193604,0.7425354719161987,-0.33049628138542175,12.018816947937012,84,2,384,0,0,0
504,25.201503,35,305,1,1,59.4865608215332,59.46470260620117,-0.2945258617401123,-0.8357095718383789,1,50.0,-0.6770750284194946,0.7496045231819153,-0.3170399069786072,12.018816947937012,81,2,384,0,0,0
505,25.251559,4,306,1,1,59.50896072387695,59.57719421386719,-0.23330286145210266,-0.7007561922073364,1,50.0,-0.7158247232437134,0.7583401799201965,-0.32759225368499756,12.018816947937012,84,2,384,0,0,0
506,25.301418,54,306,1,0,59.50896072387695,59.57719421386719,-0.23330286145210266,-0.7007561922073364,1,50.0,-0.7158247232437134,0.7583401799201965,-0.32759225368499756,12.018816947937012,84,2,384,0,0,0
507,25.351419,18,307,1,1,59.51607894897461,59.55672073364258,-0.2150452733039856,-0.6185850501060486,1,50.0,-0.7274199724197388,0.7661609053611755,-0.33190685510635376,12.018816947937012,85,2,384,0,0,0
508,25.401418,68,307,1,0,59.51607894897461,59.55672073364258,-0.2150452733039856,-0.6185850501060486,1,50.0,-0.7274199724197388,0.7661609053611755,-0.33190685510635376,12.018816947937012,85,2,384,0,0,0
509,25.451419,35,308,1,1,59.487178802490234,59.47494125366211,-0.2898533344268799,-0.6431349515914917,1,50.0,-0.6799341440200806,0.7733825445175171,-0.322959303855896,12.018816947937012,82,2,384,0,0,0
510,25.501537,4,309,1,1,59.42864227294922,59.3828010559082,-0.42845895886421204,-0.7336632013320923,1,50.0,-0.5915024280548096,0.7796906232833862,-0.3047095537185669,12.018816947937012,80,2,384,0,0,0
511,25.551418,54,309,1,0,59.42864227294922,59.3828010559082,-0.42845895886421204,-0.7336632013320923,1,50.0,-0.5915024280548096,0.7796906232833862,-0.3047095537185669,12.018816947937012,80,2,384,0,0,0
512,25.601419,19,310,1,1,59.37382507324219,59.352210998535156,-0.5322620272636414,-0.7770191431045532,1,50.0,-0.5242870450019836,0.7855889797210693,-0.29108354449272156,12.018816947937012,80,2,384,0,0,0
513,25.651418,69,310,1,0,59.37382507324219,59.352210998535156,-0.5322620272636414,-0.7770191431045532,1,50.0,-0.5242870450019836,0.7855889797210693,-0.29108354449272156,12.018816947937012,80,2,384,0,0,0
514,25.7015,34,311,1,1,59.31529998779297,59.301025390625,-0.6258720755577087,-0.8058401942253113,1,50.0,-0.4628537893295288,0.7918010354042053,-0.2788121998310089,12.018816947937012,80,2,384,0,0,0
515,25.751465,3,312,1,1,59.321170806884766,59.40327835083008,-0.5358279943466187,-0.643436074256897,1,50.0,-0.5174086093902588,0.7998949885368347,-0.29273414611816406,12.018816947937012,80,2,384,0,0,0
516,25.801418,53,312,1,0,59.321170806884766,59.40327835083008,-0.5358279943466187,-0.643436074256897,1,50.0,-0.5174086093902588,0.7998949885368347,-0.29273414611816406,12.018816947937012,80,2,384,0,0,0
517,25.851419,18,313,1,1,59.3109016418457,59.362449645996094,-0.49170318245887756,-0.5401386618614197,1,50.0,-0.5429592132568359,0.8070439100265503,-0.30000069737434387,12.010440826416016,80,2,384,0,0,0
518,25.901494,68,313,1,0,59.3109016418457,59.362449645996094,-0.49170318245887756,-0.5401386618614197,1,50.0,-0.5429592132568359,0.8070439100265503,-0.30000069737434387,12.010440826416016,80,2,384,0,0,0
519,25.951419,35,314,1,1,59.24331283569336,59.209007263183594,-0.6019468903541565,-0.6084994673728943,1,50.0,-0.4707300662994385,0.8129305839538574,-0.2852579355239868,12.010440826416016,80,2,384,0,0,0
520,26.001473,4,315,1,1,59.17377471923828,59.147579193115234,-0.700477659702301,-0.6599669456481934,1,50.0,-0.4053531587123871,0.8187013864517212,-0.2720121145248413,12.010440826416016,80,2,384,0,0,0
521,26.05142,54,315,1,0,59.17377471923828,59.147579193115234,-0.700477659702301,-0.6599669456481934,1,50.0,-0.4053531587123871,0.8187013864517212,-0.2720121145248413,12.010440826416016,80,2,384,0,0,0
522,26.101467,18,316,1,1,59.070350646972656,59.01461410522461,-0.8643951416015625,-0.7719182372093201,1,50.0,-0.29769444465637207,0.8229376077651978,-0.24902933835983276,12.010440826416016,80,2,384,0,0,0
523,26.151418,68,316,1,0,59.070350646972656,59.01461410522461,-0.8643951416015625,-0.7719182372093201,1,50.0,-0.29769444465637207,0.8229376077651978,-0.24902933835983276,12.010440826416016,80,2,384,0,0,0
524,26.201419,35,317,1,1,58.94782257080078,58.88164520263672,-1.0548197031021118,-0.9038782715797424,1,50.0,-0.1724122166633606,0.8269714713096619,-0.22208526730537415,12.010440826416016,80,2,384,0,0,0
525,26.251476,3,318,1,1,58.87665557861328,58.902122497558594,-1.0807710886001587,-0.8535739183425903,1,50.0,-0.1504364013671875,0.8324422240257263,-0.2184174656867981,12.010440826416016,80,2,384,0,0,0
526,26.301499,53,318,1,0,58.87665557861328,58.902122497558594,-1.0807710886001587,-0.8535739183425903,1,50.0,-0.1504364013671875,0.8324422240257263,-0.2184174656867981,12.010440826416016,80,2,384,0,0,0
527,26.351433,19,319,1,1,58.798622131347656,58.82034683227539,-1.1110843420028687,-0.8103552460670471,1,50.0,-0.12522536516189575,0.8372024893760681,-0.21387284994125366,12.060693740844727,80,2,384,0,0,0
528,26.40142,69,319,1,0,58.798622131347656,58.82034683227539,-1.1110843420028687,-0.8103552460670471,1,50.0,-0.12522536516189575,0.8372024893760681,-0.21387284994125366,12.060693740844727,80,2,384,0,0,0
529,26.451441,34,320,1,1,58.65650939941406,58.59536361694336,-1.2975176572799683,-0.9330665469169617,1,50.0,-0.0005752444267272949,0.8404179215431213,-0.18688735365867615,12.060693740844727,80,2,384,0,0,0
530,26.501511,3,321,1,1,58.56373977661133,58.58512496948242,-1.3327723741531372,-0.8909671902656555,1,50.0,0.028926849365234375,0.8449928760528564,-0.1813480257987976,12.060693740844727,80,2,384,0,0,0
531,26.551418,53,321,1,0,58.56373977661133,58.58512496948242,-1.3327723741531372,-0.8909671902656555,1,50.0,0.028926849365234375,0.8449928760528564,-0.1813480257987976,12.060693740844727,80,2,384,0,0,0
532,26.601419,18,322,1,1,58.45793914794922,58.472633361816406,-1.3803993463516235,-0.8616272807121277,1,50.0,0.0670250654220581,0.8486699461936951,-0.17369885742664337,12.060693740844727,80,2,384,0,0,0
533,26.651418,68,322,1,0,58.45793914794922,58.472633361816406,-1.3803993463516235,-0.8616272807121277,1,50.0,0.0670250654220581,0.8486699461936951,-0.17369885742664337,12.060693740844727,80,2,384,0,0,0
534,26.701496,35,323,1,1,58.32717514038086,58.30895233154297,-1.4865977764129639,-0.8978317975997925,1,50.0,0.14251291751861572,0.8519362211227417,-0.15764962136745453,12.060693740844727,80,2,384,0,0,0
535,26.751467,4,324,1,1,58.2263298034668,58.25776290893555,-1.500327706336975,-0.8362315893173218,1,50.0,0.15982693433761597,0.8559889197349548,-0.15470266342163086,12.060693740844727,80,2,384,0,0,0
536,26.801418,54,324,1,0,58.2263298034668,58.25776290893555,-1.500327706336975,-0.8362315893173218,1,50.0,0.15982693433761597,0.8559889197349548,-0.15470266342163086,12.060693740844727,80,2,384,0,0,0
537,26.851419,19,325,1,1,58.10368347167969,58.114559173583984,-1.55064058303833,-0.8145500421524048,1,50.0,0.20105284452438354,0.8588905334472656,-0.14618615806102753,12.060693740844727,80,2,384,0,0,0
538,26.901486,69,325,1,0,58.10368347167969,58.114559173583984,-1.55064058303833,-0.8145500421524048,1,50.0,0.20105284452438354,0.8588905334472656,-0.14618615806102753,12.060693740844727,80,2,384,0,0,0
539,26.951419,35,326,1,1,57.96231460571289,57.95100402832031,-1.6407115459442139,-0.8371466994285583,1,50.0,0.2678186297416687,0.8615376949310303,-0.13193756341934204,12.060693740844727,80,2,384,0,0,0
540,27.001466,4,327,1,1,57.7888298034668,57.73613357543945,-1.8077049255371094,-0.9406979084014893,1,50.0,0.383628249168396,0.8631009459495544,-0.10654947906732559,12.060693740844727,80,2,384,0,0,0
541,27.051418,54,327,1,0,57.7888298034668,57.73613357543945,-1.8077049255371094,-0.9406979084014893,1,50.0,0.383628249168396,0.8631009459495544,-0.10654947906732559,12.060693740844727,80,2,384,0,0,0
542,27.101419,18,328,1,1,57.61859893798828,57.60316467285156,-1.9182770252227783,-0.9716697335243225,1,50.0,0.4652923345565796,0.8642251491546631,-0.08865174651145935,12.060693740844727,0,0,0,0,0,0
543,27.151418,68,328,1,0,57.61859893798828,57.60316467285156,-1.9182770252227783,-0.9716697335243225,1,50.0,0.4652923345565796,0.8642251491546631,-0.08865174651145935,12.060693740844727,0,0,0,0,0,0
544,27.201419,34,329,1,1,57.452266693115234,57.44984817504883,-2.0045361518859863,-0.9765108227729797,1,50.0,0.532017707824707,0.8657110929489136,-0.0741540864109993,12.060693740844727,0,0,0,0,0,0
545,27.251465,3,330,1,1,57.376304626464844,57.500911712646484,-1.8489713668823242,-0.7315436005592346,1,50.0,0.4455154538154602,0.8697666525840759,-0.09427805244922638,12.060693740844727,0,0,0,0,0,0
546,27.301418,53,330,1,0,57.376304626464844,57.500911712646484,-1.8489713668823242,-0.7315436005592346,1,50.0,0.4455154538154602,0.8697666525840759,-0.09427805244922638,12.060693740844727,0,0,0,0,0,0
547,27.351418,19,331,1,1,57.26406478881836,57.327117919921875,-1.7906219959259033,-0.6064676642417908,1,50.0,0.42060738801956177,0.8723004460334778,-0.10037623345851898,12.060693740844727,0,0,0,0,0,0
548,27.401418,69,331,1,0,57.26406478881836,57.327117919921875,-1.7906219959259033,-0.6064676642417908,1,50.0,0.42060738801956177,0.8723004460334778,-0.10037623345851898,12.060693740844727,0,0,0,0,0,0
549,27.451419,35,332,1,1,57.11613082885742,57.12248611450195,-1.8294367790222168,-0.5938063859939575,1,50.0,0.4572103023529053,0.8740369081497192,-0.09262813627719879,12.060693740844727,0,0,0,0,0,0
550,27.501614,3,333,1,1,56.966182708740234,56.96904373168945,-1.8727232217788696,-0.5881626605987549,1,50.0,0.4966775178909302,0.8755871653556824,-0.08420214056968689,12.060693740844727,80,2,384,0,0,0
551,27.551418,53,333,1,0,56.966182708740234,56.96904373168945,-1.8727232217788696,-0.5881626605987549,1,50.0,0.4966775178909302,0.8755871653556824,-0.08420214056968689,12.060693740844727,80,2,384,0,0,0
552,27.601419,19,334,1,1,56.810550689697266,56.81572723388672,-1.912272572517395,-0.5778726935386658,1,50.0,0.5344139337539673,0.8764911890029907,-0.07601717114448547,12.060693740844727,80,2,384,0,0,0
553,27.651418,69,334,1,0,56.810550689697266,56.81572723388672,-1.912272572517395,-0.5778726935386658,1,50.0,0.5344139337539673,0.8764911890029907,-0.07601717114448547,12.060693740844727,80,2,384,0,0,0
554,27.701492,35,335,1,1,56.67546081542969,56.713348388671875,-1.888413429260254,-0.5022996664047241,1,50.0,0.532256543636322,0.8782274723052979,-0.07688242942094803,12.060693740844727,80,2,384,0,0,0
555,27.75146,4,336,1,1,56.6269416809082,56.774776458740234,-1.6510684490203857,-0.21201485395431519,1,50.0,0.3942163586616516,0.8824460506439209,-0.10849549621343613,12.060693740844727,80,2,384,0,0,0
556,27.801418,54,336,1,0,56.6269416809082,56.774776458740234,-1.6510684490203857,-0.21201485395431519,1,50.0,0.3942163586616516,0.8824460506439209,-0.10849549621343613,12.060693740844727,0,0,0,0,0,0
557,27.851419,19,337,1,1,56.551509857177734,56.641807556152344,-1.4965342283248901,-0.031871944665908813,1,50.0,0.3082846403121948,0.8854846954345703,-0.12826667726039886,12.060693740844727,0,0,0,0,0,0
558,27.901418,69,337,1,0,56.551509857177734,56.641807556152344,-1.4965342283248901,-0.031871944665908813,1,50.0,0.3082846403121948,0.8854846954345703,-0.12826667726039886,12.060693740844727,0,0,0,0,0,0
559,27.951419,34,338,1,1,56.412418365478516,56.3963508605957,-1.530173897743225,-0.0641515851020813,1,50.0,0.3409866690635681,0.8868806958198547,-0.1213097870349884,12.060693740844727,0,0,0,0,0,0
560,28.001468,3,339,1,1,56.31637191772461,56.35540008544922,-1.4617422819137573,0.012705199420452118,1,50.0,0.30857187509536743,0.8894498944282532,-0.1290840059518814,12.060693740844727,0,0,0,0,0,0
561,28.051418,53,339,1,0,56.31637191772461,56.35540008544922,-1.4617422819137573,0.012705199420452118,1,50.0,0.30857187509536743,0.8894498944282532,-0.1290840059518814,12.060693740844727,0,0,0,0,0,0
562,28.101419,19,340,1,1,56.231544494628906,56.28385925292969,-1.3611927032470703,0.11656172573566437,1,50.0,0.25587666034698486,0.8919582366943359,-0.14135146141052246,12.060693740844727,0,0,0,0,0,0
563,28.151418,69,340,1,0,56.231544494628906,56.28385925292969,-1.3611927032470703,0.11656172573566437,1,50.0,0.25587666034698486,0.8919582366943359,-0.14135146141052246,12.060693740844727,0,0,0,0,0,0
564,28.201419,35,341,1,1,56.19623947143555,56.30433654785156,-1.1450221538543701,0.33199542760849,1,50.0,0.12935173511505127,0.8961958289146423,-0.17040979862213135,12.060693740844727,0,0,0,0,0,0
565,28.251468,4,342,1,1,56.183746337890625,56.294097900390625,-0.9106922745704651,0.548589825630188,1,50.0,-0.010121822357177734,0.9010878205299377,-0.20249103009700775,12.060693740844727,0,0,0,0,0,0
566,28.301418,54,342,1,0,56.183746337890625,56.294097900390625,-0.9106922745704651,0.548589825630188,1,50.0,-0.010121822357177734,0.9010878205299377,-0.20249103009700775,12.060693740844727,0,0,0,0,0,0
567,28.351419,19,343,1,1,56.19941711425781,56.324684143066406,-0.624734103679657,0.7984540462493896,1,50.0,-0.18310710787773132,0.9065049886703491,-0.24213604629039764,12.060693740844727,0,0,0,0,0,0
568,28.401423,69,343,1,0,56.19941711425781,56.324684143066406,-0.624734103679657,0.7984540462493896,1,50.0,-0.18310710787773132,0.9065049886703491,-0.24213604629039764,12.060693740844727,0,0,0,0,0,0
569,28.451419,34,344,1,1,56.12826919555664,56.09970474243164,-0.6118543148040771,0.741065263748169,1,50.0,-0.18443164229393005,0.9096400141716003,-0.24312704801559448,12.060693740844727,0,0,0,0,0,0
570,28.50158,3,345,1,1,56.093196868896484,56.10993957519531,-0.520241379737854,0.7740373015403748,1,50.0,-0.23624292016029358,0.9137967824935913,-0.2555643618106842,12.060693740844727,80,2,384,0,0,0
571,28.551421,53,345,1,0,56.093196868896484,56.10993957519531,-0.520241379737854,0.7740373015403748,1,50.0,-0.23624292016029358,0.9137967824935913,-0.2555643618106842,12.060693740844727,80,2,384,0,0,0
572,28.601463,19,346,1,1,56.0850830078125,56.13041687011719,-0.36901232600212097,0.8640369176864624,1,50.0,-0.3262500762939453,0.9184279441833496,-0.2765951156616211,12.060693740844727,80,2,384,0,0,0
573,28.651418,69,346,1,0,56.0850830078125,56.13041687011719,-0.36901232600212097,0.8640369176864624,1,50.0,-0.3262500762939453,0.9184279441833496,-0.2765951156616211,12.060693740844727,80,2,384,0,0,0
574,28.701494,35,347,1,1,56.096614837646484,56.15089416503906,-0.19279922544956207,0.9722152948379517,1,50.0,-0.4330158531665802,0.9239463210105896,-0.30154716968536377,12.060693740844727,80,2,384,0,0,0
575,28.751519,4,348,1,1,56.16331481933594,56.27362060546875,0.09330224245786667,1.1887142658233643,1,50.0,-0.6106796860694885,0.9311293959617615,-0.3426242470741272,12.060693740844727,87,2,384,0,0,0
576,28.801418,54,348,1,0,56.16331481933594,56.27362060546875,0.09330224245786667,1.1887142658233643,1,50.0,-0.6106796860694885,0.9311293959617615,-0.3426242470741272,12.060693740844727,87,2,384,0,0,0
577,28.851419,18,349,1,1,56.178157806396484,56.181480407714844,0.20191286504268646,1.1953753232955933,1,50.0,-0.6771819591522217,0.9365053772926331,-0.35859715938568115,12.060693740844727,91,2,384,0,0,0
578,28.901418,68,349,1,0,56.178157806396484,56.181480407714844,0.20191286504268646,1.1953753232955933,1,50.0,-0.6771819591522217,0.9365053772926331,-0.35859715938568115,12.060693740844727,91,2,384,0,0,0
579,28.951419,34,350,1,1,56.23070526123047,56.27362060546875,0.3846628665924072,1.2813020944595337,1,50.0,-0.7915611863136292,0.9433332681655884,-0.38553211092948914,12.060693740844727,98,2,384,0,0,0
580,29.001547,4,351,1,1,56.341407775878906,56.44741439819336,0.6856474280357361,1.4885170459747314,1,50.0,-0.9821152687072754,0.9519504308700562,-0.4297923743724823,12.060693740844727,110,2,384,0,0,0
581,29.051418,54,351,1,0,56.341407775878906,56.44741439819336,0.6856474280357361,1.4885170459747314,1,50.0,-0.9821152687072754,0.9519504308700562,-0.4297923743724823,12.060693740844727,110,2,384,0,0,0
582,29.101419,19,352,1,1,56.362701416015625,56.30433654785156,0.700909435749054,1.3723567724227905,1,50.0,-0.9931888580322266,0.9576624035835266,-0.433522492647171,12.060693740844727,111,2,384,0,0,0
583,29.151422,69,352,1,0,56.362701416015625,56.30433654785156,0.700909435749054,1.3723567724227905,1,50.0,-0.9931888580322266,0.9576624035835266,-0.433522492647171,12.060693740844727,111,2,384,0,0,0
584,29.201418,35,353,1,1,56.357723236083984,56.26338195800781,0.6358045339584351,1.184070348739624,1,50.0,-0.9536778926849365,0.9629213213920593,-0.42591094970703125,12.060693740844727,109,2,384,0,0,0
585,29.251561,4,354,1,1,56.42744064331055,56.44741439819336,0.7692875266075134,1.2232989072799683,1,50.0,-1.0400421619415283,0.9704169034957886,-0.4467686414718628,12.060693740844727,114,2,384,0,0,0
586,29.301418,54,354,1,0,56.42744064331055,56.44741439819336,0.7692875266075134,1.2232989072799683,1,50.0,-1.0400421619415283,0.9704169034957886,-0.4467686414718628,12.060693740844727,114,2,384,0,0,0
587,29.351419,18,355,1,1,56.47670364379883,56.44741439819336,0.818192720413208,1.1645337343215942,1,50.0,-1.0738189220428467,0.9770366549491882,-0.4557456970214844,12.002065658569336,116,2,384,0,0,0
588,29.401418,68,355,1,0,56.47670364379883,56.44741439819336,0.818192720413208,1.1645337343215942,1,50.0,-1.0738189220428467,0.9770366549491882,-0.4557456970214844,12.002065658569336,116,2,384,0,0,0
589,29.451419,35,356,1,1,56.574928283691406,56.6110954284668,0.9838536381721497,1.2365539073944092,1,50.0,-1.1820557117462158,0.9854885935783386,-0.48167651891708374,12.002065658569336,123,2,384,0,0,0
590,29.501519,4,357,1,1,56.66873550415039,56.682762145996094,1.1103661060333252,1.2640665769577026,1,50.0,-1.2664059400558472,0.9938915967941284,-0.5022883415222168,12.002065658569336,128,2,384,0,0,0
591,29.551418,54,357,1,0,56.66873550415039,56.682762145996094,1.1103661060333252,1.2640665769577026,1,50.0,-1.2664059400558472,0.9938915967941284,-0.5022883415222168,12.002065658569336,128,2,384,0,0,0
592,29.601419,19,358,1,1,56.68883514404297,56.58038330078125,1.0107004642486572,1.0478408336639404,1,50.0,-1.2084155082702637,0.9998295307159424,-0.49072110652923584,12.131885528564453,125,2,384,0,0,0
593,29.651418,69,358,1,0,56.68883514404297,56.58038330078125,1.0107004642486572,1.0478408336639404,1,50.0,-1.2084155082702637,0.9998295307159424,-0.49072110652923584,12.131885528564453,125,2,384,0,0,0
594,29.701419,34,359,1,1,56.742313385009766,56.692874908447266,1.004624843597412,0.9485449194908142,1,50.0,-1.2095831632614136,1.0071194171905518,-0.49260056018829346,12.131885528564453,126,2,384,0,0,0
595,29.75154,3,360,1,1,56.775020599365234,56.70310974121094,0.9458171725273132,0.8069528937339783,1,50.0,-1.1772422790527344,1.013831615447998,-0.4869052767753601,12.131885528564453,124,2,384,0,0,0
596,29.801418,53,360,1,0,56.775020599365234,56.70310974121094,0.9458171725273132,0.8069528937339783,1,50.0,-1.1772422790527344,1.013831615447998,-0.4869052767753601,12.131885528564453,124,2,384,0,0,0
597,29.851423,18,361,1,1,56.874839782714844,56.89750671386719,1.0577529668807983,0.8521981239318848,1,50.0,-1.253387451171875,1.0222461223602295,-0.5056963562965393,12.131885528564453,129,2,384,0,0,0
598,29.901418,68,361,1,0,56.874839782714844,56.89750671386719,1.0577529668807983,0.8521981239318848,1,50.0,-1.253387451171875,1.0222461223602295,-0.5056963562965393,12.131885528564453,129,2,384,0,0,0
599,29.951419,35,362,1,1,56.84666061401367,56.682762145996094,0.816624641418457,0.5266715288162231,1,50.0,-1.1061742305755615,1.0272443294525146,-0.4740930199623108,12.131885528564453,121,2,384,0,0,0
600,30.001541,4,363,1,1,56.86475372314453,56.795249938964844,0.7288690209388733,0.3904969096183777,1,50.0,-1.0551493167877197,1.033606767654419,-0.4641680121421814,12.131885528564453,118,2,384,0,0,0
601,30.051492,54,363,1,0,56.86475372314453,56.795249938964844,0.7288690209388733,0.3904969096183777,1,50.0,-1.0551493167877197,1.033606767654419,-0.4641680121421814,12.131885528564453,118,2,384,0,0,0
602,30.101419,18,364,1,1,56.79042053222656,56.60085678100586,0.39851030707359314,0.010579675436019897,1,50.0,-0.8502440452575684,1.0368685722351074,-0.41935837268829346,12.131885528564453,107,2,384,0,0,0
603,30.151418,68,364,1,0,56.79042053222656,56.60085678100586,0.39851030707359314,0.010579675436019897,1,50.0,-0.8502440452575684,1.0368685722351074,-0.41935837268829346,12.131885528564453,107,2,384,0,0,0
604,30.201496,34,365,1,1,56.76860427856445,56.692874908447266,0.2541477084159851,-0.1410032957792282,1,50.0,-0.7616630792617798,1.0419859886169434,-0.4008108973503113,12.131885528564453,102,2,384,0,0,0
605,30.251562,3,366,1,1,56.744407653808594,56.682762145996094,0.12664468586444855,-0.26217660307884216,1,50.0,-0.6829835176467896,1.0470134019851685,-0.3844437301158905,12.131885528564453,98,2,384,0,0,0
606,30.301418,53,366,1,0,56.744407653808594,56.682762145996094,0.12664468586444855,-0.26217660307884216,1,50.0,-0.6829835176467896,1.0470134019851685,-0.3844437301158905,12.131885528564453,98,2,384,0,0,0
607,30.351419,18,367,1,1,56.72412109375,56.682762145996094,0.025320135056972504,-0.34467923641204834,1,50.0,-0.6203629970550537,1.0518003702163696,-0.37159186601638794,12.131885528564453,95,2,384,0,0,0
608,30.401418,68,367,1,0,56.72412109375,56.682762145996094,0.025320135056972504,-0.34467923641204834,1,50.0,-0.6203629970550537,1.0518003702163696,-0.37159186601638794,12.131885528564453,95,2,384,0,0,0
609,30.451419,35,368,1,1,56.629852294921875,56.49860382080078,-0.252974271774292,-0.6052956581115723,1,50.0,-0.4449021518230438,1.054687738418579,-0.3332422375679016,12.131885528564453,85,2,384,0,0,0
610,30.501541,4,369,1,1,56.540618896484375,56.44741439819336,-0.47690123319625854,-0.7879074215888977,1,50.0,-0.3025149703025818,1.0576461553573608,-0.3022580146789551,12.131885528564453,80,2,384,0,0,0
611,30.551422,54,369,1,0,56.540618896484375,56.44741439819336,-0.47690123319625854,-0.7879074215888977,1,50.0,-0.3025149703025818,1.0576461553573608,-0.3022580146789551,12.131885528564453,80,2,384,0,0,0
612,30.601419,19,370,1,1,56.42031478881836,56.314449310302734,-0.745989978313446,-0.9989155530929565,1,50.0,-0.13023433089256287,1.0592694282531738,-0.26433417201042175,12.136073112487793,80,2,384,0,0,0
613,30.651461,69,370,1,0,56.42031478881836,56.314449310302734,-0.745989978313446,-0.9989155530929565,1,50.0,-0.13023433089256287,1.0592694282531738,-0.26433417201042175,12.136073112487793,80,2,384,0,0,0
614,30.701505,34,371,1,1,56.29364013671875,56.212196350097656,-0.9876543283462524,-1.1625072956085205,1,50.0,0.0261649489402771,1.0609265565872192,-0.229947030544281,12.136073112487793,80,2,384,0,0,0
615,30.751456,3,372,1,1,56.20224380493164,56.19171905517578,-1.1016749143600464,-1.1832349300384521,1,50.0,0.10280299186706543,1.0635342597961426,-0.21349582076072693,12.136073112487793,80,2,384,0,0,0
616,30.801418,53,372,1,0,56.20224380493164,56.19171905517578,-1.1016749143600464,-1.1832349300384521,1,50.0,0.10280299186706543,1.0635342597961426,-0.21349582076072693,12.136073112487793,80,2,384,0,0,0
617,30.851419,18,373,1,1,56.067909240722656,56.01792526245117,-1.2978579998016357,-1.283029317855835,1,50.0,0.23260295391082764,1.0644659996032715,-0.18485845625400543,12.136073112487793,80,2,384,0,0,0
618,30.901492,68,373,1,0,56.067909240722656,56.01792526245117,-1.2978579998016357,-1.283029317855835,1,50.0,0.23260295391082764,1.0644659996032715,-0.18485845625400543,12.136073112487793,80,2,384,0,0,0
619,30.951419,35,374,1,1,55.94315719604492,55.925785064697266,-1.4374135732650757,-1.317541241645813,1,50.0,0.327564001083374,1.0658812522888184,-0.1640705168247223,12.136073112487793,80,2,384,0,0,0
620,31.001473,4,375,1,1,55.73752212524414,55.61902618408203,-1.7665088176727295,-1.5497344732284546,1,50.0,0.5435282588005066,1.0647637844085693,-0.11583011597394943,12.136073112487793,80,2,384,0,0,0
621,31.051422,54,375,1,0,55.73752212524414,55.61902618408203,-1.7665088176727295,-1.5497344732284546,1,50.0,0.5435282588005066,1.0647637844085693,-0.11583011597394943,12.136073112487793,80,2,384,0,0,0
622,31.101465,18,376,1,1,55.57046890258789,55.55759811401367,-1.9245004653930664,-1.575534462928772,1,50.0,0.6533580422401428,1.0643422603607178,-0.09132983535528183,12.136073112487793,80,2,384,0,0,0
623,31.151418,68,376,1,0,55.57046890258789,55.55759811401367,-1.9245004653930664,-1.575534462928772,1,50.0,0.6533580422401428,1.0643422603607178,-0.09132983535528183,12.136073112487793,80,2,384,0,0,0
624,31.201419,35,377,1,1,55.366092681884766,55.312137603759766,-2.158175230026245,-1.6829450130462646,1,50.0,0.8119568228721619,1.06294584274292,-0.05577533692121506,12.136073112487793,80,2,384,0,0,0
625,31.251463,4,378,1,1,55.21721267700195,55.26107406616211,-2.212087392807007,-1.5969043970108032,1,50.0,0.8577033281326294,1.0630406141281128,-0.04563050717115402,12.136073112487793,80,2,384,0,0,0
626,31.301502,54,378,1,0,55.21721267700195,55.26107406616211,-2.212087392807007,-1.5969043970108032,1,50.0,0.8577033281326294,1.0630406141281128,-0.04563050717115402,12.136073112487793,80,2,384,0,0,0
627,31.351419,19,379,1,1,54.981346130371094,54.92347717285156,-2.4583568572998047,-1.7123026847839355,1,50.0,1.0266931056976318,1.060138463973999,-0.007432302460074425,12.136073112487793,80,2,384,0,0,0
628,31.401418,69,379,1,0,54.981346130371094,54.92347717285156,-2.4583568572998047,-1.7123026847839355,1,50.0,1.0266931056976318,1.060138463973999,-0.007432302460074425,12.136073112487793,80,2,384,0,0,0
629,31.451419,34,380,1,1,54.754886627197266,54.739444732666016,-2.633622884750366,-1.7433207035064697,1,50.0,1.1522340774536133,1.0575788021087646,0.12620703876018524,12.136073112487793,80,1,0,0,0,0
630,31.501532,3,381,1,1,54.49260711669922,54.432559967041016,-2.888110876083374,-1.8615713119506836,1,50.0,1.3285319805145264,1.053752064704895,0.366373211145401,12.136073112487793,93,1,0,0,0,0
631,31.551418,53,381,1,0,54.49260711669922,54.432559967041016,-2.888110876083374,-1.8615713119506836,1,50.0,1.3285319805145264,1.053752064704895,0.366373211145401,12.136073112487793,93,1,0,0,0,0
632,31.601419,18,382,1,1,54.19635772705078,54.13591384887695,-3.1619479656219482,-1.9822447299957275,1,50.0,1.5194966793060303,1.0484586954116821,0.6280506253242493,12.136073112487793,160,1,0,0,0,0
633,31.651418,68,382,1,0,54.19635772705078,54.13591384887695,-3.1619479656219482,-1.9822447299957275,1,50.0,1.5194966793060303,1.0484586954116821,0.6280506253242493,12.136073112487793,160,1,0,0,0,0
634,31.701418,35,383,1,1,53.90312576293945,53.87010192871094,-3.389317035675049,-2.0478429794311523,1,50.0,1.6823089122772217,1.0432286262512207,0.8521071076393127,12.136073112487793,217,1,0,0,0,0
635,31.751559,4,384,1,1,53.62725067138672,53.63475799560547,-3.5411031246185303,-2.0331311225891113,1,50.0,1.798209309577942,1.0382699966430664,1.0,12.136073112487793,255,1,0,0,0,1
636,31.801418,54,384,1,0,53.62725067138672,53.63475799560547,-3.5411031246185303,-2.0331311225891113,1,50.0,1.798209309577942,1.0382699966430664,1.0,12.136073112487793,255,1,0,0,0,1
637,31.851419,19,385,1,1,53.37007522583008,53.440486907958984,-3.579498291015625,-1.8927855491638184,1,50.0,1.8443922996520996,1.0305546522140503,1.0,12.136073112487793,255,1,0,0,0,1
638,31.901418,69,385,1,0,53.37007522583008,53.440486907958984,-3.579498291015625,-1.8927855491638184,1,50.0,1.8443922996520996,1.0305546522140503,1.0,12.136073112487793,255,1,0,0,0,1
639,31.951489,35,386,1,1,53.010711669921875,52.939334869384766,-3.8750789165496826,-2.0353567600250244,1,50.0,2.0540833473205566,1.0197738409042358,1.0,12.136073112487793,255,1,0,0,0,1
640,32.001467,4,387,1,1,52.67459487915039,52.652923583984375,-4.080727577209473,-2.0779380798339844,1,50.0,2.2077231407165527,1.009690284729004,1.0,12.136073112487793,255,1,0,0,0,1
641,32.051418,54,387,1,0,52.67459487915039,52.652923583984375,-4.080727577209473,-2.0779380798339844,1,50.0,2.2077231407165527,1.009690284729004,1.0,12.136073112487793,255,1,0,0,0,1
642,32.101418,18,388,1,1,52.35894775390625,52.41770553588867,-4.146468639373779,-1.9600272178649902,1,50.0,2.275575876235962,1.0002208948135376,1.0,12.136073112487793,255,1,0,0,0,1
643,32.151497,68,388,1,0,52.35894775390625,52.41770553588867,-4.146468639373779,-1.9600272178649902,1,50.0,2.275575876235962,1.0002208948135376,1.0,12.136073112487793,255,1,0,0,0,1
644,32.201419,34,389,1,1,52.061927795410156,52.14153289794922,-4.158350467681885,-1.8006103038787842,1,50.0,2.309436798095703,0.9913102388381958,1.0,12.136073112487793,255,1,0,0,0,1
645,32.251461,3,390,1,1,51.84452438354492,52.018802642822266,-3.9760053157806396,-1.4580072164535522,1,50.0,2.2195959091186523,0.984788179397583,1.0,12.136073112487793,255,1,0,0,0,1
646,32.301418,53,390,1,0,51.84452438354492,52.018802642822266,-3.9760053157806396,-1.4580072164535522,1,50.0,2.2195959091186523,0.984788179397583,1.0,12.136073112487793,255,1,0,0,0,1
647,32.351496,19,391,1,1,51.553489685058594,51.619903564453125,-3.972295045852661,-1.3262686729431152,1,50.0,2.243562936782837,0.9760571718215942,1.0,12.136073112487793,255,1,0,0,0,1
648,32.401418,69,391,1,0,51.553489685058594,51.619903564453125,-3.972295045852661,-1.3262686729431152,1,50.0,2.243562936782837,0.9760571718215942,1.0,12.136073112487793,255,1,0,0,0,1
649,32.451419,35,392,1,1,51.25208282470703,51.30290222167969,-3.98671293258667,-1.225021481513977,1,50.0,2.2793405055999756,0.9670149087905884,1.0,12.136073112487793,255,1,0,0,0,1
650,32.501524,3,393,1,1,50.961036682128906,51.01649475097656,-3.9823217391967773,-1.1155637502670288,1,50.0,2.3028998374938965,0.958283543586731,1.0,12.136073112487793,255,1,0,0,0,1
651,32.551497,53,393,1,0,50.961036682128906,51.01649475097656,-3.9823217391967773,-1.1155637502670288,1,50.0,2.3028998374938965,0.958283543586731,1.0,12.136073112487793,255,1,0,0,0,1
652,32.60142,19,394,1,1,50.74950408935547,50.92448043823242,-3.742828845977783,-0.7677129507064819,1,50.0,2.1782422065734863,0.9519375562667847,1.0,12.136073112487793,255,1,0,0,0,1
653,32.651418,69,394,1,0,50.74950408935547,50.92448043823242,-3.742828845977783,-0.7677129507064819,1,50.0,2.1782422065734863,0.9519375562667847,1.0,12.136073112487793,255,1,0,0,0,1
654,32.701426,35,395,1,1,50.510406494140625,50.617591857910156,-3.6025054454803467,-0.553930401802063,1,50.0,2.1155667304992676,0.9447646141052246,1.0,12.136073112487793,255,1,0,0,0,1
655,32.751534,4,396,1,1,50.35858154296875,50.55616760253906,-3.275782823562622,-0.16596803069114685,1,50.0,1.9331973791122437,0.9402098655700684,1.0,12.136073112487793,255,1,0,0,0,1
656,32.801434,54,396,1,0,50.35858154296875,50.55616760253906,-3.275782823562622,-0.16596803069114685,1,50.0,1.9331973791122437,0.9402098655700684,1.0,12.136073112487793,255,1,0,0,0,1
657,32.851419,19,397,1,1,50.16400146484375,50.280120849609375,-3.067990779876709,0.06568567454814911,1,50.0,1.826034426689148,0.9343725442886353,1.0,12.136073112487793,255,1,0,0,0,1
658,32.901429,69,397,1,0,50.16400146484375,50.280120849609375,-3.067990779876709,0.06568567454814911,1,50.0,1.826034426689148,0.9343725442886353,1.0,12.136073112487793,255,1,0,0,0,1
659,32.951498,35,398,1,1,49.96913146972656,50.05501174926758,-2.898076295852661,0.23727498948574066,1,50.0,1.7416239976882935,0.9285264015197754,1.0,12.136073112487793,255,1,0,0,0,1
660,33.001525,4,399,1,1,49.843238830566406,49.993709564208984,-2.5956571102142334,0.532943844795227,1,50.0,1.571502923965454,0.9247496128082275,0.8623378276824951,12.136073112487793,220,1,0,0,0,0
661,33.051418,54,399,1,0,49.843238830566406,49.993709564208984,-2.5956571102142334,0.532943844795227,1,50.0,1.571502923965454,0.9247496128082275,0.8623378276824951,12.136073112487793,220,1,0,0,0,0
662,33.101419,19,400,1,1,49.75846481323242,49.94252014160156,-2.198554039001465,0.9002155661582947,1,50.0,1.3408706188201904,0.9220731854438782,0.558396577835083,12.136073112487793,142,1,0,0,0,0
663,33.151418,69,400,1,0,49.75846481323242,49.94252014160156,-2.198554039001465,0.9002155661582947,1,50.0,1.3408706188201904,0.9220731854438782,0.558396577835083,12.136073112487793,142,1,0,0,0,0
664,33.201419,36,401,1,1,49.688880920410156,49.840267181396484,-1.8357049226760864,1.2010033130645752,1,50.0,1.12942373752594,0.9197803735733032,0.27952447533607483,12.136073112487793,80,1,0,0,0,0
665,33.251547,5,402,1,1,49.75307083129883,50.04477310180664,-1.1907768249511719,1.7728886604309082,1,50.0,0.7366897463798523,0.9214571714401245,0.0,12.136073112487793,0,0,0,0,0,0
666,33.301417,55,402,1,0,49.75307083129883,50.04477310180664,-1.1907768249511719,1.7728886604309082,1,50.0,0.7366897463798523,0.9214571714401245,0.0,12.136073112487793,0,0,0,0,0,0
667,33.351419,24,403,1,1,49.800167083740234,49.993709564208984,-0.6859009265899658,2.1503069400787354,1,50.0,0.4295255243778229,0.922660231590271,-0.10958549380302429,12.136073112487793,80,2,384,0,0,0
668,33.401418,74,403,1,0,49.800167083740234,49.993709564208984,-0.6859009265899658,2.1503069400787354,1,50.0,0.4295255243778229,0.922660231590271,-0.10958549380302429,12.136073112487793,80,2,384,0,0,0
669,33.451419,37,404,1,1,49.77438735961914,49.80955505371094,-0.43097469210624695,2.221156120300293,1,50.0,0.2788899540901184,0.9217169284820557,-0.14285044372081757,12.136073112487793,80,2,384,0,0,0
670,33.501419,6,405,1,1,49.77306365966797,49.80955505371094,-0.1820254623889923,2.293243169784546,1,50.0,0.12963955104351044,0.9214967489242554,-0.1759682595729828,12.136073112487793,80,2,384,0,0,0
671,33.551418,56,405,1,0,49.77306365966797,49.80955505371094,-0.1820254623889923,2.293243169784546,1,50.0,0.12963955104351044,0.9214967489242554,-0.1759682595729828,12.136073112487793,80,2,384,0,0,0
672,33.601419,25,406,1,1,49.82670593261719,49.91193389892578,0.16343334317207336,2.460075855255127,1,50.0,-0.08246354758739471,0.9229243993759155,-0.22341953217983246,12.05650520324707,80,2,384,0,0,0
673,33.651418,75,406,1,0,49.82670593261719,49.91193389892578,0.16343334317207336,2.460075855255127,1,50.0,-0.08246354758739471,0.9229243993759155,-0.22341953217983246,12.05650520324707,80,2,384,0,0,0
674,33.701427,44,407,1,1,49.925567626953125,50.03466033935547,0.5663767457008362,2.67293381690979,1,50.0,-0.33312714099884033,0.925743043422699,-0.27974891662597656,12.05650520324707,80,2,384,0,0,0
675,33.751419,12,408,1,1,50.067169189453125,50.18798065185547,1.0122807025909424,2.909928321838379,1,50.0,-0.6134136915206909,0.9299315214157104,-0.34296563267707825,12.05650520324707,87,2,384,0,0,0
676,33.801423,62,408,1,0,50.067169189453125,50.18798065185547,1.0122807025909424,2.909928321838379,1,50.0,-0.6134136915206909,0.9299315214157104,-0.34296563267707825,12.05650520324707,87,2,384,0,0,0
677,33.851419,32,409,1,1,50.16167449951172,50.16762924194336,1.2561554908752441,2.9215147495269775,1,50.0,-0.7682440280914307,0.9328204393386841,-0.37801432609558105,12.05650520324707,96,2,384,0,0,0
678,33.901418,82,409,1,0,50.16167449951172,50.16762924194336,1.2561554908752441,2.9215147495269775,1,50.0,-0.7682440280914307,0.9328204393386841,-0.37801432609558105,12.05650520324707,96,2,384,0,0,0
679,33.951418,48,410,1,1,50.27002716064453,50.2596435546875,1.4818445444107056,2.900897979736328,1,50.0,-0.9134091734886169,0.9362084269523621,-0.41102612018585205,12.05650520324707,105,2,384,0,0,0
680,34.001419,17,411,1,1,50.37959671020508,50.35165786743164,1.664180874824524,2.8458566665649414,1,50.0,-1.0326722860336304,0.9397115111351013,-0.4383074939250946,12.05650520324707,112,2,384,0,0,0
681,34.051418,67,411,1,0,50.37959671020508,50.35165786743164,1.664180874824524,2.8458566665649414,1,50.0,-1.0326722860336304,0.9397115111351013,-0.4383074939250946,12.05650520324707,112,2,384,0,0,0
682,34.101419,35,412,1,1,50.49997329711914,50.464149475097656,1.8299200534820557,2.775129556655884,1,50.0,-1.1429497003555298,0.9436265230178833,-0.4636836349964142,12.05650520324707,118,2,384,0,0,0
683,34.15157,4,413,1,1,50.67055130004883,50.68913269042969,2.089613437652588,2.8116538524627686,1,50.0,-1.314117670059204,0.9491437673568726,-0.5029469728469849,12.05650520324707,128,2,384,0,0,0
684,34.201419,54,413,1,0,50.67055130004883,50.68913269042969,2.089613437652588,2.8116538524627686,1,50.0,-1.314117670059204,0.9491437673568726,-0.5029469728469849,12.05650520324707,128,2,384,0,0,0
685,34.251419,24,414,1,1,50.874698638916016,50.914241790771484,2.3882601261138916,2.888822555541992,1,50.0,-1.51167893409729,0.955838143825531,-0.5483371615409851,12.05650520324707,140,2,384,0,0,0
686,34.301418,74,414,1,0,50.874698638916016,50.914241790771484,2.3882601261138916,2.888822555541992,1,50.0,-1.51167893409729,0.955838143825531,-0.5483371615409851,12.05650520324707,140,2,384,0,0,0
687,34.351419,43,415,1,1,50.984378814697266,50.852813720703125,2.376250982284546,2.6311845779418945,1,50.0,-1.5143446922302246,0.9598283171653748,-0.5498162508010864,12.05650520324707,140,2,384,0,0,0
688,34.401437,12,416,1,1,51.11109161376953,51.006256103515625,2.3929190635681152,2.4253807067871094,1,50.0,-1.5357496738433838,0.9644172787666321,-0.5555926561355591,12.05650520324707,142,2,384,0,0,0
689,34.451418,62,416,1,0,51.11109161376953,51.006256103515625,2.3929190635681152,2.4253807067871094,1,50.0,-1.5357496738433838,0.9644172787666321,-0.5555926561355591,12.05650520324707,142,2,384,0,0,0
690,34.501427,28,417,1,1,51.13741683959961,50.88352584838867,2.111795425415039,1.9175488948822021,1,50.0,-1.3694448471069336,0.9661514759063721,-0.5190213918685913,12.05650520324707,132,2,384,0,0,0
691,34.551418,78,417,1,0,51.13741683959961,50.88352584838867,2.111795425415039,1.9175488948822021,1,50.0,-1.3694448471069336,0.9661514759063721,-0.5190213918685913,12.05650520324707,132,2,384,0,0,0
692,34.60142,47,418,1,1,51.13471603393555,50.88352584838867,1.7917518615722656,1.41961669921875,1,50.0,-1.1771756410598755,0.9669803380966187,-0.47647911310195923,12.05650520324707,122,2,384,0,0,0
693,34.651419,16,419,1,1,51.19414520263672,51.06755828857422,1.668318510055542,1.1697958707809448,1,50.0,-1.108464241027832,0.9696710109710693,-0.46180784702301025,12.05650520324707,118,2,384,0,0,0
694,34.701418,66,419,1,0,51.19414520263672,51.06755828857422,1.668318510055542,1.1697958707809448,1,50.0,-1.108464241027832,0.9696710109710693,-0.46180784702301025,12.05650520324707,118,2,384,0,0,0
695,34.751423,35,420,1,1,51.22691345214844,51.077796936035156,1.4827994108200073,0.8760254979133606,1,50.0,-1.000101923942566,0.971609354019165,-0.4381580650806427,12.05650520324707,112,2,384,0,0,0
696,34.80153,4,421,1,1,51.32610321044922,51.292667388916016,1.490951418876648,0.8101775050163269,1,50.0,-1.0139201879501343,0.9756278991699219,-0.44212180376052856,12.05650520324707,113,2,384,0,0,0
697,34.851435,54,421,1,0,51.32610321044922,51.292667388916016,1.490951418876648,0.8101775050163269,1,50.0,-1.0139201879501343,0.9756278991699219,-0.44212180376052856,12.035567283630371,113,2,384,0,0,0
698,34.901419,22,422,1,1,51.30398941040039,51.098270416259766,1.1686515808105469,0.4025951027870178,1,50.0,-0.8185499906539917,0.9760253429412842,-0.3987945318222046,12.035567283630371,102,2,384,0,0,0
699,34.951459,72,422,1,0,51.30398941040039,51.098270416259766,1.1686515808105469,0.4025951027870178,1,50.0,-0.8185499906539917,0.9760253429412842,-0.3987945318222046,12.035567283630371,102,2,384,0,0,0
700,35.001419,41,423,1,1,51.27863311767578,51.1085090637207,0.8807351589202881,0.06650468707084656,1,50.0,-0.6435180902481079,0.9763078689575195,-0.3599613308906555,12.035567283630371,92,2,384,0,0,0
701,35.051494,8,424,1,1,51.23292922973633,51.06755828857422,0.5714802742004395,-0.2635044753551483,1,50.0,-0.4538518190383911,0.9760236144065857,-0.31775009632110596,12.035567283630371,81,2,384,0,0,0
702,35.101421,58,424,1,0,51.23292922973633,51.06755828857422,0.5714802742004395,-0.2635044753551483,1,50.0,-0.4538518190383911,0.9760236144065857,-0.31775009632110596,12.035567283630371,81,2,384,0,0,0
703,35.151419,24,425,1,1,51.225040435791016,51.14945983886719,0.40401244163513184,-0.41581353545188904,1,50.0,-0.3526611328125,0.9767732620239258,-0.29542985558509827,12.035567283630371,80,2,384,0,0,0
704,35.201498,74,425,1,0,51.225040435791016,51.14945983886719,0.40401244163513184,-0.41581353545188904,1,50.0,-0.3526611328125,0.9767732620239258,-0.29542985558509827,12.035567283630371,80,2,384,0,0,0
705,35.251426,43,426,1,1,51.21166229248047,51.14945983886719,0.2523537278175354,-0.5394571423530579,1,50.0,-0.26046186685562134,0.9774132370948792,-0.27508336305618286,12.035567283630371,80,2,384,0,0,0
706,35.301419,13,427,1,1,51.16682434082031,51.077796936035156,0.04246915876865387,-0.7142572402954102,1,50.0,-0.13049569725990295,0.9770373702049255,-0.2461184710264206,12.035567283630371,80,2,384,0,0,0
707,35.351418,63,427,1,0,51.16682434082031,51.077796936035156,0.04246915876865387,-0.7142572402954102,1,50.0,-0.13049569725990295,0.9770373702049255,-0.2461184710264206,12.043943405151367,80,2,384,0,0,0
708,35.401419,27,428,1,1,51.11695861816406,51.04720687866211,-0.15346947312355042,-0.8552234172821045,1,50.0,-0.008444592356681824,0.9764748811721802,-0.21887099742889404,12.043943405151367,80,2,384,0,0,0
709,35.451418,77,428,1,0,51.11695861816406,51.04720687866211,-0.15346947312355042,-0.8552234172821045,1,50.0,-0.008444592356681824,0.9764748811721802,-0.21887099742889404,12.043943405151367,80,2,384,0,0,0
710,35.501418,47,429,1,1,50.96809005737305,50.781272888183594,-0.5744806528091431,-1.2247250080108643,1,50.0,0.2575603127479553,0.9729582071304321,-0.15897731482982635,12.043943405151367,80,2,384,0,0,0
711,35.551419,15,430,1,1,50.80900192260742,50.658546447753906,-0.9592146873474121,-1.522679090499878,1,50.0,0.5027186870574951,0.9689600467681885,-0.10360918939113617,12.043943405151367,80,2,384,0,0,0
712,35.601418,65,430,1,0,50.80900192260742,50.658546447753906,-0.9592146873474121,-1.522679090499878,1,50.0,0.5027186870574951,0.9689600467681885,-0.10360918939113617,12.043943405151367,80,2,384,0,0,0
713,35.651419,34,431,1,1,50.583099365234375,50.38237380981445,-1.4599788188934326,-1.9182415008544922,1,50.0,0.8235083818435669,0.9628301858901978,-0.030960403382778168,12.043943405151367,80,2,384,0,0,0
714,35.701555,4,432,1,1,50.436405181884766,50.40284729003906,-1.676051139831543,-1.9838730096817017,1,50.0,0.966354250907898,0.9589250087738037,0.0,12.043943405151367,0,0,0,0,0,0
715,35.751417,54,432,1,0,50.436405181884766,50.40284729003906,-1.676051139831543,-1.9838730096817017,1,50.0,0.966354250907898,0.9589250087738037,0.0,12.043943405151367,0,0,0,0,0,0
716,35.801419,23,433,1,1,50.32649612426758,50.372135162353516,-1.7513328790664673,-1.8943415880203247,1,50.0,1.021415114402771,0.9559768438339233,0.08725103735923767,12.043943405151367,80,1,0,0,0,0
717,35.851418,73,433,1,0,50.32649612426758,50.372135162353516,-1.7513328790664673,-1.8943415880203247,1,50.0,1.021415114402771,0.9559768438339233,0.08725103735923767,12.043943405151367,80,1,0,0,0,0
718,35.901419,42,434,1,1,50.19514465332031,50.218692779541016,-1.8606082201004028,-1.8480489253997803,1,50.0,1.0988019704818726,0.9522974491119385,0.1953393816947937,12.043943405151367,80,1,0,0,0,0
719,35.951435,8,435,1,1,49.99038314819336,49.932281494140625,-2.1268796920776367,-1.9643757343292236,1,50.0,1.2769932746887207,0.9463205337524414,0.44089698791503906,12.043943405151367,112,1,0,0,0,0
720,36.001418,58,435,1,0,49.99038314819336,49.932281494140625,-2.1268796920776367,-1.9643757343292236,1,50.0,1.2769932746887207,0.9463205337524414,0.44089698791503906,12.043943405151367,112,1,0,0,0,0
721,36.051424,27,436,1,1,49.789459228515625,49.758487701416016,-2.344635009765625,-2.025803804397583,1,50.0,1.425729751586914,0.9402850866317749,0.647259533405304,12.043943405151367,165,1,0,0,0,0
722,36.101419,77,436,1,0,49.789459228515625,49.758487701416016,-2.344635009765625,-2.025803804397583,1,50.0,1.425729751586914,0.9402850866317749,0.647259533405304,12.043943405151367,165,1,0,0,0,0
723,36.151433,45,437,1,1,49.60506820678711,49.62552261352539,-2.471991777420044,-1.98520028591156,1,50.0,1.5187389850616455,0.9345849752426147,0.778872013092041,12.043943405151367,199,1,0,0,0,0
724,36.201419,13,438,1,1,49.45751953125,49.54362106323242,-2.471583604812622,-1.8142253160476685,1,50.0,1.5317734479904175,0.9298425912857056,0.8025744557380676,12.043943405151367,205,1,0,0,0,0
725,36.251418,63,438,1,0,49.45751953125,49.54362106323242,-2.471583604812622,-1.8142253160476685,1,50.0,1.5317734479904175,0.9298425912857056,0.8025744557380676,12.043943405151367,205,1,0,0,0,0
726,36.301419,32,439,1,1,49.2666015625,49.28792190551758,-2.578362464904785,-1.772127389907837,1,50.0,1.6130234003067017,0.9236539602279663,0.9191592335700989,12.043943405151367,234,1,0,0,0,0
727,36.351423,82,439,1,0,49.2666015625,49.28792190551758,-2.578362464904785,-1.772127389907837,1,50.0,1.6130234003067017,0.9236539602279663,0.9191592335700989,12.043943405151367,234,1,0,0,0,0
728,36.401427,52,440,1,1,49.130226135253906,49.23685836791992,-2.5209009647369385,-1.5632730722427368,1,50.0,1.5908203125,0.9189759492874146,0.8957924842834473,12.043943405151367,228,1,0,0,0,0
729,36.451419,17,441,1,1,48.867000579833984,48.80724334716797,-2.7683370113372803,-1.6833277940750122,1,50.0,1.7629722356796265,0.9103398323059082,1.0,12.043943405151367,255,1,0,0,0,1
730,36.501418,67,441,1,0,48.867000579833984,48.80724334716797,-2.7683370113372803,-1.6833277940750122,1,50.0,1.7629722356796265,0.9103398323059082,1.0,12.043943405151367,255,1,0,0,0,1
731,36.551419,36,442,1,1,48.61853790283203,48.592498779296875,-2.9540343284606934,-1.7350388765335083,1,50.0,1.8967522382736206,0.902885913848877,1.0,12.043943405151367,255,1,0,0,0,1
732,36.601465,4,443,1,1,48.416255950927734,48.48000717163086,-2.975520610809326,-1.608462929725647,1,50.0,1.9278494119644165,0.8968174457550049,1.0,12.043943405151367,255,1,0,0,0,1
733,36.651418,54,443,1,0,48.416255950927734,48.48000717163086,-2.975520610809326,-1.608462929725647,1,50.0,1.9278494119644165,0.8968174457550049,1.0,12.043943405151367,255,1,0,0,0,1
734,36.701419,24,444,1,1,48.2113151550293,48.265140533447266,-3.003405809402466,-1.5028126239776611,1,50.0,1.9630252122879028,0.8906692266464233,1.0,12.043943405151367,255,1,0,0,0,1
735,36.751418,74,444,1,0,48.2113151550293,48.265140533447266,-3.003405809402466,-1.5028126239776611,1,50.0,1.9630252122879028,0.8906692266464233,1.0,12.043943405151367,255,1,0,0,0,1
736,36.801425,43,445,1,1,48.06734085083008,48.214073181152344,-2.850147247314453,-1.214516043663025,1,50.0,1.8840277194976807,0.8863500356674194,1.0,12.043943405151367,255,1,0,0,0,1
737,36.851419,12,446,1,1,47.97823715209961,48.1833610534668,-2.563692808151245,-0.811037540435791,1,50.0,1.7201744318008423,0.8836768865585327,1.0,12.043943405151367,255,1,0,0,0,1
738,36.901418,62,446,1,0,47.97823715209961,48.1833610534668,-2.563692808151245,-0.811037540435791,1,50.0,1.7201744318008423,0.8836768865585327,1.0,12.043943405151367,255,1,0,0,0,1
739,36.951419,28,447,1,1,47.82173538208008,47.907188415527344,-2.468533515930176,-0.6399075984954834,1,50.0,1.6771639585494995,0.8789818286895752,1.0,12.043943405151367,255,1,0,0,0,1
740,37.001448,78,447,1,0,47.82173538208008,47.907188415527344,-2.468533515930176,-0.6399075984954834,1,50.0,1.6771639585494995,0.8789818286895752,1.0,12.043943405151367,255,1,0,0,0,1
741,37.051421,47,448,1,1,47.67566680908203,47.753746032714844,-2.3725576400756836,-0.48501986265182495,1,50.0,1.632724642753601,0.874599814414978,1.0,12.043943405151367,255,1,0,0,0,1
742,37.101469,14,449,1,1,47.53730392456055,47.62078094482422,-2.2537264823913574,-0.31833416223526,1,50.0,1.573878526687622,0.8704489469528198,0.9379060864448547,12.094195365905762,239,1,0,0,0,0
743,37.151418,64,449,1,0,47.53730392456055,47.62078094482422,-2.2537264823913574,-0.31833416223526,1,50.0,1.573878526687622,0.8704489469528198,0.9379060864448547,12.094195365905762,239,1,0,0,0,0
744,37.201432,33,450,1,1,47.47798156738281,47.651493072509766,-1.9517669677734375,0.02509555220603943,1,50.0,1.398041844367981,0.866576075553894,0.708621084690094,12.094195365905762,181,1,0,0,0,0
745,37.251425,83,450,1,0,47.47798156738281,47.651493072509766,-1.9517669677734375,0.02509555220603943,1,50.0,1.398041844367981,0.866576075553894,0.708621084690094,12.094195365905762,181,1,0,0,0,0
746,37.301418,52,451,1,1,47.41542434692383,47.54924011230469,-1.6980468034744263,0.2888854742050171,1,50.0,1.2514399290084839,0.8626816868782043,0.5183443427085876,12.094195365905762,132,1,0,0,0,0
747,37.351424,18,452,1,1,47.36362075805664,47.48781204223633,-1.4364968538284302,0.5375257730484009,1,50.0,1.0991722345352173,0.8589307069778442,0.32032203674316406,12.098382949829102,82,1,0,0,0,0
748,37.401418,68,452,1,0,47.36362075805664,47.48781204223633,-1.4364968538284302,0.5375257730484009,1,50.0,1.0991722345352173,0.8589307069778442,0.32032203674316406,12.098382949829102,82,1,0,0,0,0
749,37.451419,34,453,1,1,47.41624069213867,47.651493072509766,-0.9387507438659668,1.0115816593170166,1,50.0,0.7957888245582581,0.8584001064300537,0.0,12.098382949829102,0,0,0,0,0,0
750,37.501494,84,453,1,0,47.41624069213867,47.651493072509766,-0.9387507438659668,1.0115816593170166,1,50.0,0.7957888245582581,0.8584001064300537,0.0,12.098382949829102,0,0,0,0,0,0
751,37.551417,52,454,1,1,47.37786102294922,47.426509857177734,-0.7630795240402222,1.1086900234222412,1,50.0,0.6938402652740479,0.8550524711608887,0.0,12.098382949829102,0,0,0,0,0,0
752,37.601419,18,455,1,1,47.397972106933594,47.5082893371582,-0.45833486318588257,1.3302744626998901,1,50.0,0.5091834664344788,0.8534271121025085,-0.0764985904097557,12.098382949829102,80,2,384,0,0,0
753,37.651418,68,455,1,0,47.397972106933594,47.5082893371582,-0.45833486318588257,1.3302744626998901,1,50.0,0.5091834664344788,0.8534271121025085,-0.0764985904097557,12.098382949829102,80,2,384,0,0,0
754,37.701425,35,456,1,1,47.47233581542969,47.62078094482422,-0.06411132216453552,1.6274080276489258,1,50.0,0.2659565806388855,0.8535764217376709,-0.13058218359947205,12.098382949829102,80,2,384,0,0,0
755,37.751457,4,457,1,1,47.61138916015625,47.804935455322266,0.4327550232410431,2.009640693664551,1,50.0,-0.04467804729938507,0.8555995225906372,-0.20006167888641357,12.098382949829102,80,2,384,0,0,0
756,37.801418,54,457,1,0,47.61138916015625,47.804935455322266,0.4327550232410431,2.009640693664551,1,50.0,-0.04467804729938507,0.8555995225906372,-0.20006167888641357,12.098382949829102,80,2,384,0,0,0
757,37.851418,23,458,1,1,47.76735305786133,47.92766571044922,0.8960787653923035,2.3243908882141113,1,50.0,-0.33670908212661743,0.8583674430847168,-0.26557254791259766,12.098382949829102,0,0,0,0,0,0
758,37.901418,73,458,1,0,47.76735305786133,47.92766571044922,0.8960787653923035,2.3243908882141113,1,50.0,-0.33670908212661743,0.8583674430847168,-0.26557254791259766,12.098382949829102,0,0,0,0,0,0
759,37.951418,37,459,1,1,47.888832092285156,47.937904357910156,1.1904782056808472,2.4233005046844482,1,50.0,-0.5242817997932434,0.8601140975952148,-0.3076435327529907,12.098382949829102,0,0,0,0,0,0
760,38.001433,7,460,1,1,48.058937072753906,48.15264892578125,1.5607836246490479,2.6079494953155518,1,50.0,-0.7617745399475098,0.8635283708572388,-0.3611784279346466,12.098382949829102,92,2,384,0,0,0
761,38.051418,57,460,1,0,48.058937072753906,48.15264892578125,1.5607836246490479,2.6079494953155518,1,50.0,-0.7617745399475098,0.8635283708572388,-0.3611784279346466,12.098382949829102,92,2,384,0,0,0
762,38.10142,26,461,1,1,48.21082305908203,48.23455047607422,1.81648850440979,2.654484748840332,1,50.0,-0.9288671612739563,0.8665320873260498,-0.3989776372909546,12.098382949829102,102,2,384,0,0,0
763,38.151418,76,461,1,0,48.21082305908203,48.23455047607422,1.81648850440979,2.654484748840332,1,50.0,-0.9288671612739563,0.8665320873260498,-0.3989776372909546,12.098382949829102,102,2,384,0,0,0
764,38.201428,45,462,1,1,48.434967041015625,48.53107452392578,2.2113053798675537,2.842693567276001,1,50.0,-1.1859303712844849,0.871825098991394,-0.4572790265083313,12.098382949829102,117,2,384,0,0,0
765,38.251419,13,463,1,1,48.67586898803711,48.745941162109375,2.5762829780578613,2.980722665786743,1,50.0,-1.426598072052002,0.877721905708313,-0.5120710730552673,12.098382949829102,131,2,384,0,0,0
766,38.30143,63,463,1,0,48.67586898803711,48.745941162109375,2.5762829780578613,2.980722665786743,1,50.0,-1.426598072052002,0.877721905708313,-0.5120710730552673,12.098382949829102,131,2,384,0,0,0
767,38.351419,33,464,1,1,48.89472198486328,48.899261474609375,2.823209524154663,2.9895873069763184,1,50.0,-1.5944507122039795,0.8832281231880188,-0.5505952835083008,12.098382949829102,140,2,384,0,0,0
768,38.401431,83,464,1,0,48.89472198486328,48.899261474609375,2.823209524154663,2.9895873069763184,1,50.0,-1.5944507122039795,0.8832281231880188,-0.5505952835083008,12.098382949829102,140,2,384,0,0,0
769,38.451418,52,465,1,1,49.065879821777344,48.970924377441406,2.887725591659546,2.8036136627197266,1,50.0,-1.6485645771026611,0.8874785900115967,-0.5635651350021362,12.098382949829102,144,2,384,0,0,0
770,38.501419,18,466,1,1,49.279911041259766,49.226619720458984,3.0216078758239746,2.697253704071045,1,50.0,-1.7481567859649658,0.8931056261062622,-0.5869472026824951,12.098382949829102,150,2,384,0,0,0
771,38.551418,68,466,1,0,49.279911041259766,49.226619720458984,3.0216078758239746,2.697253704071045,1,50.0,-1.7481567859649658,0.8931056261062622,-0.5869472026824951,12.098382949829102,150,2,384,0,0,0
772,38.601419,37,467,1,1,49.4737434387207,49.39030075073242,3.082369565963745,2.532177209854126,1,50.0,-1.8020588159561157,0.8983444571495056,-0.6000896096229553,12.098382949829102,153,2,384,0,0,0
773,38.651568,3,468,1,1,49.67560958862305,49.584571838378906,3.120795249938965,2.3497772216796875,1,50.0,-1.8432819843292236,0.9039795398712158,-0.6105025410652161,12.098382949829102,156,2,384,0,0,0
774,38.701418,53,468,1,0,49.67560958862305,49.584571838378906,3.120795249938965,2.3497772216796875,1,50.0,-1.8432819843292236,0.9039795398712158,-0.6105025410652161,12.098382949829102,156,2,384,0,0,0
775,38.751419,23,469,1,1,49.92831802368164,49.92204666137695,3.296987533569336,2.337433338165283,1,50.0,-1.9717411994934082,0.9112850427627563,-0.6406724452972412,12.098382949829102,163,2,384,0,0,0
776,38.801418,73,469,1,0,49.92831802368164,49.92204666137695,3.296987533569336,2.337433338165283,1,50.0,-1.9717411994934082,0.9112850427627563,-0.6406724452972412,12.098382949829102,163,2,384,0,0,0
777,38.851419,42,470,1,1,50.137229919433594,50.04477310180664,3.3129029273986816,2.1557765007019043,1,50.0,-2.0000925064086914,0.9174950122833252,-0.6483528017997742,12.098382949829102,165,2,384,0,0,0
778,38.901431,8,471,1,1,50.29880142211914,50.126678466796875,3.165656089782715,1.8118560314178467,1,50.0,-1.9262858629226685,0.9224588871002197,-0.6330544352531433,12.098382949829102,161,2,384,0,0,0
779,38.951418,58,471,1,0,50.29880142211914,50.126678466796875,3.165656089782715,1.8118560314178467,1,50.0,-1.9262858629226685,0.9224588871002197,-0.6330544352531433,12.098382949829102,161,2,384,0,0,0
780,39.001419,27,472,1,1,50.46943283081055,50.34142303466797,3.0705790519714355,1.558513879776001,1,50.0,-1.8845964670181274,0.9278168678283691,-0.6249806880950928,12.098382949829102,159,2,384,0,0,0
781,39.051428,77,472,1,0,50.46943283081055,50.34142303466797,3.0705790519714355,1.558513879776001,1,50.0,-1.8845964670181274,0.9278168678283691,-0.6249806880950928,12.098382949829102,159,2,384,0,0,0
782,39.101424,46,473,1,1,50.61964416503906,50.474388122558594,2.9236841201782227,1.2723201513290405,1,50.0,-1.8099786043167114,0.9326987266540527,-0.6094838380813599,12.098382949829102,155,2,384,0,0,0
783,39.151465,15,474,1,1,50.751068115234375,50.59711837768555,2.7377851009368896,0.9694887399673462,1,50.0,-1.710267186164856,0.9371371865272522,-0.5883120894432068,12.098382949829102,150,2,384,0,0,0
784,39.201419,65,474,1,0,50.751068115234375,50.59711837768555,2.7377851009368896,0.9694887399673462,1,50.0,-1.710267186164856,0.9371371865272522,-0.5883120894432068,12.098382949829102,150,2,384,0,0,0
785,39.251468,33,475,1,1,50.91775894165039,50.83233642578125,2.6560614109039307,0.8005275130271912,1,50.0,-1.6762351989746094,0.9427763223648071,-0.5820025205612183,12.098382949829102,148,2,384,0,0,0
786,39.301461,3,476,1,1,51.08879852294922,51.0267333984375,2.6039974689483643,0.6788308620452881,1,50.0,-1.6603903770446777,0.9486416578292847,-0.5797849297523499,12.098382949829102,148,2,384,0,0,0
787,39.35143,53,476,1,0,51.08879852294922,51.0267333984375,2.6039974689483643,0.6788308620452881,1,50.0,-1.6603903770446777,0.9486416578292847,-0.5797849297523499,12.098382949829102,148,2,384,0,0,0
788,39.401419,22,477,1,1,51.17068862915039,50.985782623291016,2.3123421669006348,0.3154594600200653,1,50.0,-1.492767333984375,0.9519695043563843,-0.5432748794555664,12.098382949829102,139,2,384,0,0,0
789,39.451418,72,477,1,0,51.17068862915039,50.985782623291016,2.3123421669006348,0.3154594600200653,1,50.0,-1.492767333984375,0.9519695043563843,-0.5432748794555664,12.098382949829102,139,2,384,0,0,0
790,39.501419,37,478,1,1,51.24187469482422,51.06755828857422,2.0042128562927246,-0.035478442907333374,1,50.0,-1.3142964839935303,0.9551000595092773,-0.5043103694915771,12.098382949829102,129,2,384,0,0,0
791,39.551435,7,479,1,1,51.266883850097656,51.077796936035156,1.6446220874786377,-0.4092707633972168,1,50.0,-1.1007928848266602,0.9568438529968262,-0.4572526216506958,12.098382949829102,117,2,384,0,0,0
792,39.601428,57,479,1,0,51.266883850097656,51.077796936035156,1.6446220874786377,-0.4092707633972168,1,50.0,-1.1007928848266602,0.9568438529968262,-0.4572526216506958,12.098382949829102,117,2,384,0,0,0
793,39.65142,23,480,1,1,51.309749603271484,51.18017578125,1.362303376197815,-0.6690201759338379,1,50.0,-0.9352595210075378,0.9591432809829712,-0.4209783971309662,12.098382949829102,107,2,384,0,0,0
794,39.701418,73,480,1,0,51.309749603271484,51.18017578125,1.362303376197815,-0.6690201759338379,1,50.0,-0.9352595210075378,0.9591432809829712,-0.4209783971309662,12.098382949829102,107,2,384,0,0,0
795,39.751419,42,481,1,1,51.43391418457031,51.45622253417969,1.35032320022583,-0.6247944235801697,1,50.0,-0.9392462372779846,0.9639816284179688,-0.4229394793510437,12.098382949829102,108,2,384,0,0,0
796,39.801433,8,482,1,1,51.426090240478516,51.2619514465332,0.9836025238037109,-0.9539963006973267,1,50.0,-0.7185096740722656,0.9649657011032104,-0.37410563230514526,12.098382949829102,95,2,384,0,0,0
797,39.851418,58,482,1,0,51.426090240478516,51.2619514465332,0.9836025238037109,-0.9539963006973267,1,50.0,-0.7185096740722656,0.9649657011032104,-0.37410563230514526,12.169574737548828,95,2,384,0,0,0
798,39.901419,26,483,1,1,51.3551139831543,51.14945983886719,0.5142097473144531,-1.3637752532958984,1,50.0,-0.43048611283302307,0.9639772772789001,-0.3098807632923126,12.169574737548828,80,2,384,0,0,0
799,39.951418,76,483,1,0,51.3551139831543,51.14945983886719,0.5142097473144531,-1.3637752532958984,1,50.0,-0.43048611283302307,0.9639772772789001,-0.3098807632923126,12.169574737548828,80,2,384,0,0,0
800,40.001435,45,484,1,1,51.39338684082031,51.394920349121094,0.40663084387779236,-1.360750436782837,1,50.0,-0.3693833351135254,0.9662094712257385,-0.29679837822914124,12.169574737548828,80,2,384,0,0,0
801,40.051492,14,485,1,1,51.338279724121094,51.22100067138672,0.07627701759338379,-1.5914437770843506,1,50.0,-0.16621139645576477,0.9657406806945801,-0.25154489278793335,12.169574737548828,80,2,384,0,0,0
802,40.10142,64,485,1,0,51.338279724121094,51.22100067138672,0.07627701759338379,-1.5914437770843506,1,50.0,-0.16621139645576477,0.9657406806945801,-0.25154489278793335,12.169574737548828,80,2,384,0,0,0
803,40.151419,32,486,1,1,51.2984504699707,51.241477966308594,-0.16164879500865936,-1.7040191888809204,1,50.0,-0.019871264696121216,0.9656164646148682,-0.2189972698688507,12.169574737548828,80,2,384,0,0,0
804,40.2015,82,486,1,0,51.2984504699707,51.241477966308594,-0.16164879500865936,-1.7040191888809204,1,50.0,-0.019871264696121216,0.9656164646148682,-0.2189972698688507,12.169574737548828,80,2,384,0,0,0
805,40.251418,49,487,1,1,51.26767349243164,51.25171661376953,-0.3334190547466278,-1.7357994318008423,1,50.0,0.08596082031726837,0.9657319784164429,-0.19550471007823944,12.169574737548828,80,2,384,0,0,0
806,40.301418,16,488,1,1,51.215721130371094,51.19041442871094,-0.525782585144043,-1.7863709926605225,1,50.0,0.2060546576976776,0.9652509689331055,-0.16871029138565063,12.169574737548828,80,2,384,0,0,0
807,40.351418,66,488,1,0,51.215721130371094,51.19041442871094,-0.525782585144043,-1.7863709926605225,1,50.0,0.2060546576976776,0.9652509689331055,-0.16871029138565063,12.169574737548828,80,2,384,0,0,0
808,40.401419,34,489,1,1,51.150848388671875,51.12898635864258,-0.713788628578186,-1.829848051071167,1,50.0,0.3246968388557434,0.9642773270606995,-0.14212900400161743,12.169574737548828,80,2,384,0,0,0
809,40.451463,4,490,1,1,51.075233459472656,51.05744552612305,-0.893486738204956,-1.8647339344024658,1,50.0,0.43932104110717773,0.9629870653152466,-0.11637023091316223,12.169574737548828,80,2,384,0,0,0
810,40.501418,54,490,1,0,51.075233459472656,51.05744552612305,-0.893486738204956,-1.8647339344024658,1,50.0,0.43932104110717773,0.9629870653152466,-0.11637023091316223,12.169574737548828,80,2,384,0,0,0
811,40.551423,22,491,1,1,50.957496643066406,50.90400314331055,-1.1471120119094849,-1.970226764678955,1,50.0,0.6020925045013428,0.9603151082992554,-0.07960502058267593,12.169574737548828,80,2,384,0,0,0
812,40.601418,72,491,1,0,50.957496643066406,50.90400314331055,-1.1471120119094849,-1.970226764678955,1,50.0,0.6020925045013428,0.9603151082992554,-0.07960502058267593,12.169574737548828,80,2,384,0,0,0
813,40.651419,40,492,1,1,50.867958068847656,50.88352584838867,-1.2792671918869019,-1.939431071281433,1,50.0,0.6894441246986389,0.9583949446678162,-0.05976684391498566,12.169574737548828,80,2,384,0,0,0
814,40.701419,6,493,1,1,50.782413482666016,50.82210159301758,-1.3662307262420654,-1.8599143028259277,1,50.0,0.7493212223052979,0.956566333770752,-0.04605446755886078,12.169574737548828,80,2,384,0,0,0
815,40.751418,56,493,1,0,50.782413482666016,50.82210159301758,-1.3662307262420654,-1.8599143028259277,1,50.0,0.7493212223052979,0.956566333770752,-0.04605446755886078,12.169574737548828,80,2,384,0,0,0
816,40.801419,24,494,1,1,50.713226318359375,50.781272888183594,-1.389316439628601,-1.7244253158569336,1,50.0,0.7693995237350464,0.9551166296005249,-0.04127047210931778,12.169574737548828,80,2,384,0,0,0
817,40.851418,74,494,1,0,50.713226318359375,50.781272888183594,-1.389316439628601,-1.7244253158569336,1,50.0,0.7693995237350464,0.9551166296005249,-0.04127047210931778,12.169574737548828,80,2,384,0,0,0
818,40.901425,43,495,1,1,50.55752182006836,50.505104064941406,-1.6277785301208496,-1.827854871749878,1,50.0,0.9264901876449585,0.9510517120361328,-0.00545811653137207,12.169574737548828,0,0,0,0,0,0
819,40.951436,12,496,1,1,50.3275260925293,50.19821548461914,-2.018524646759033,-2.0820276737213135,1,50.0,1.1816375255584717,0.9445979595184326,0.31605276465415955,12.169574737548828,81,1,0,0,0,0
820,41.001418,62,496,1,0,50.3275260925293,50.19821548461914,-2.018524646759033,-2.0820276737213135,1,50.0,1.1816375255584717,0.9445979595184326,0.31605276465415955,12.169574737548828,81,1,0,0,0,0
821,41.051419,28,497,1,1,50.119110107421875,50.07548904418945,-2.2766008377075195,-2.1691336631774902,1,50.0,1.3552407026290894,0.9386237859725952,0.5554892420768738,12.169574737548828,142,1,0,0,0,0
822,41.101426,78,497,1,0,50.119110107421875,50.07548904418945,-2.2766008377075195,-2.1691336631774902,1,50.0,1.3552407026290894,0.9386237859725952,0.5554892420768738,12.169574737548828,142,1,0,0,0,0
823,41.151433,46,498,1,1,49.87245559692383,49.79931640625,-2.5933566093444824,-2.314547061920166,1,50.0,1.5674930810928345,0.931319534778595,0.8482313752174377,12.169574737548828,216,1,0,0,0,0
824,41.201418,14,499,1,1,49.64093780517578,49.62552261352539,-2.8123514652252197,-2.3451216220855713,1,50.0,1.7197265625,0.9242718815803528,1.0,12.169574737548828,255,1,0,0,0,1
825,41.251418,64,499,1,0,49.64093780517578,49.62552261352539,-2.8123514652252197,-2.3451216220855713,1,50.0,1.7197265625,0.9242718815803528,1.0,12.169574737548828,255,1,0,0,0,1
826,41.301441,33,500,1,1,49.45454025268555,49.52326965332031,-2.873008966445923,-2.209723949432373,1,50.0,1.7728967666625977,0.9186800122261047,1.0,12.169574737548828,255,1,0,0,0,1
827,41.351465,3,501,1,1,49.25950622558594,49.31863784790039,-2.939516067504883,-2.0942132472991943,1,50.0,1.83035409450531,0.9128289818763733,1.0,12.169574737548828,255,1,0,0,0,1
828,41.401445,53,501,1,0,49.25950622558594,49.31863784790039,-2.939516067504883,-2.0942132472991943,1,50.0,1.83035409450531,0.9128289818763733,1.0,12.169574737548828,255,1,0,0,0,1
829,41.451418,21,502,1,1,48.986053466796875,48.9504508972168,-3.1781935691833496,-2.1643505096435547,1,50.0,1.9981714487075806,0.9046253561973572,1.0,12.169574737548828,255,1,0,0,0,1
830,41.501418,71,502,1,0,48.986053466796875,48.9504508972168,-3.1781935691833496,-2.1643505096435547,1,50.0,1.9981714487075806,0.9046253561973572,1.0,12.169574737548828,255,1,0,0,0,1
831,41.551419,38,503,1,1,48.72355270385742,48.7357063293457,-3.3347396850585938,-2.140162944793701,1,50.0,2.1157243251800537,0.8967503905296326,1.0,12.169574737548828,255,1,0,0,0,1
832,41.601426,5,504,1,1,48.469268798828125,48.510597229003906,-3.4334933757781982,-2.057574987411499,1,50.0,2.197861909866333,0.8891218304634094,1.0,12.169574737548828,255,1,0,0,0,1
833,41.651418,55,504,1,0,48.469268798828125,48.510597229003906,-3.4334933757781982,-2.057574987411499,1,50.0,2.197861909866333,0.8891218304634094,1.0,12.169574737548828,255,1,0,0,0,1
834,41.701419,25,505,1,1,48.20311737060547,48.22431182861328,-3.55828595161438,-2.015881061553955,1,50.0,2.2966909408569336,0.8811373114585876,1.0,12.169574737548828,255,1,0,0,0,1
835,41.751418,75,505,1,0,48.20311737060547,48.22431182861328,-3.55828595161438,-2.015881061553955,1,50.0,2.2966909408569336,0.8811373114585876,1.0,12.169574737548828,255,1,0,0,0,1
836,41.80144,44,506,1,1,47.984378814697266,48.091346740722656,-3.52097487449646,-1.8057430982589722,1,50.0,2.2939910888671875,0.8745751976966858,1.0,12.169574737548828,255,1,0,0,0,1
837,41.851429,13,507,1,1,47.76517868041992,47.866363525390625,-3.4775078296661377,-1.6069421768188477,1,50.0,2.2876386642456055,0.8679991364479065,1.0,12.169574737548828,255,1,0,0,0,1
838,41.901422,63,507,1,0,47.76517868041992,47.866363525390625,-3.4775078296661377,-1.6069421768188477,1,50.0,2.2876386642456055,0.8679991364479065,1.0,12.169574737548828,255,1,0,0,0,1
839,41.951419,32,508,1,1,47.52048873901367,47.579952239990234,-3.4961133003234863,-1.4900360107421875,1,50.0,2.320824146270752,0.8606584668159485,1.0,12.169574737548828,255,1,0,0,0,1
840,42.001418,82,508,1,0,47.52048873901367,47.579952239990234,-3.4961133003234863,-1.4900360107421875,1,50.0,2.320824146270752,0.8606584668159485,1.0,12.169574737548828,255,1,0,0,0,1
841,42.051418,48,509,1,1,47.307498931884766,47.426509857177734,-3.3939402103424072,-1.2518670558929443,1,50.0,2.278689384460449,0.8542687296867371,1.0,12.169574737548828,255,1,0,0,0,1
842,42.101419,13,510,1,1,47.10647964477539,47.23211669921875,-3.2570762634277344,-0.9971450567245483,1,50.0,2.214662551879883,0.8482381701469421,1.0,12.169574737548828,255,1,0,0,0,1
843,42.151418,63,510,1,0,47.10647964477539,47.23211669921875,-3.2570762634277344,-0.9971450567245483,1,50.0,2.214662551879883,0.8482381701469421,1.0,12.169574737548828,255,1,0,0,0,1
844,42.201418,32,511,1,1,46.92686462402344,47.0480842590332,-3.1073856353759766,-0.7558253407478333,1,50.0,2.1410136222839355,0.8428497910499573,1.0,12.169574737548828,255,1,0,0,0,1
845,42.251418,82,511,1,0,46.92686462402344,47.0480842590332,-3.1073856353759766,-0.7558253407478333,1,50.0,2.1410136222839355,0.8428497910499573,1.0,12.169574737548828,255,1,0,0,0,1
846,42.301418,48,512,1,1,46.846763610839844,47.099273681640625,-2.6869637966156006,-0.2491072416305542,1,50.0,1.8959696292877197,0.8404467701911926,1.0,12.169574737548828,255,1,0,0,0,1
847,42.351419,14,513,1,1,46.82658004760742,47.1093864440918,-2.1641685962677,0.32014214992523193,1,50.0,1.5841090679168701,0.8398411870002747,0.9923571944236755,12.169574737548828,253,1,0,0,0,0
848,42.401418,64,513,1,0,46.82658004760742,47.1093864440918,-2.1641685962677,0.32014214992523193,1,50.0,1.5841090679168701,0.8398411870002747,0.9923571944236755,12.169574737548828,253,1,0,0,0,0
849,42.451421,33,514,1,1,46.77943420410156,46.95606994628906,-1.8042066097259521,0.6699166893959045,1,50.0,1.3723750114440918,0.8357294797897339,0.715527355670929,12.169574737548828,182,1,0,0,0,0
850,42.501476,83,514,1,0,46.77943420410156,46.95606994628906,-1.8042066097259521,0.6699166893959045,1,50.0,1.3723750114440918,0.8357294797897339,0.715527355670929,12.169574737548828,182,1,0,0,0,0
851,42.551418,51,515,1,1,46.712867736816406,46.82310485839844,-1.5411980152130127,0.8878315091133118,1,50.0,1.2205607891082764,0.8311560153961182,0.5192063450813293,12.169574737548828,132,1,0,0,0,0
852,42.601419,14,516,1,1,46.65827178955078,46.76167678833008,-1.2631629705429077,1.0979688167572021,1,50.0,1.0586533546447754,0.8267240524291992,0.30923905968666077,12.169574737548828,80,1,0,0,0,0
853,42.651418,64,516,1,0,46.65827178955078,46.76167678833008,-1.2631629705429077,1.0979688167572021,1,50.0,1.0586533546447754,0.8267240524291992,0.30923905968666077,12.169574737548828,80,1,0,0,0,0
854,42.701419,33,517,1,1,46.713043212890625,46.925357818603516,-0.7710019946098328,1.5198612213134766,1,50.0,0.7584273815155029,0.8255267143249512,0.0,12.169574737548828,0,0,0,0,0,0
855,42.751423,83,517,1,0,46.713043212890625,46.925357818603516,-0.7710019946098328,1.5198612213134766,1,50.0,0.7584273815155029,0.8255267143249512,0.0,12.169574737548828,0,0,0,0,0,0
856,42.801427,52,518,1,1,46.84063720703125,47.099273681640625,-0.16202041506767273,2.0283026695251465,1,50.0,0.3815549314022064,0.8267250061035156,-0.09892668575048447,12.169574737548828,80,2,384,0,0,0
857,42.851419,14,519,1,1,46.933773040771484,47.06856155395508,0.27890390157699585,2.302703380584717,1,50.0,0.10861809551715851,0.8268335461616516,-0.15960343182086945,12.085820198059082,80,2,384,0,0,0
858,42.901418,64,519,1,0,46.933773040771484,47.06856155395508,0.27890390157699585,2.302703380584717,1,50.0,0.10861809551715851,0.8268335461616516,-0.15960343182086945,12.085820198059082,80,2,384,0,0,0
859,42.951419,32,520,1,1,47.02119827270508,47.099273681640625,0.6169191598892212,2.458641529083252,1,50.0,-0.10205936431884766,0.8268499970436096,-0.2064242959022522,12.085820198059082,80,2,384,0,0,0
860,43.001434,82,520,1,0,47.02119827270508,47.099273681640625,0.6169191598892212,2.458641529083252,1,50.0,-0.10205936431884766,0.8268499970436096,-0.2064242959022522,12.085820198059082,80,2,384,0,0,0
861,43.051418,52,521,1,1,47.12543487548828,47.19129180908203,0.9368209838867188,2.587460517883301,1,50.0,-0.3033817410469055,0.8275940418243408,-0.2513279318809509,12.085820198059082,80,2,384,0,0,0
862,43.101419,14,522,1,1,47.23261642456055,47.252593994140625,1.2032949924468994,2.6279778480529785,1,50.0,-0.472912460565567,0.8283661007881165,-0.2891730070114136,12.085820198059082,80,2,384,0,0,0
863,43.151419,64,522,1,0,47.23261642456055,47.252593994140625,1.2032949924468994,2.6279778480529785,1,50.0,-0.472912460565567,0.8283661007881165,-0.2891730070114136,12.085820198059082,80,2,384,0,0,0
864,43.201419,32,523,1,1,47.36355209350586,47.39579772949219,1.4802716970443726,2.6922008991241455,1,50.0,-0.6508827209472656,0.829941987991333,-0.32907214760780334,12.085820198059082,84,2,384,0,0,0
865,43.251426,82,523,1,0,47.36355209350586,47.39579772949219,1.4802716970443726,2.6922008991241455,1,50.0,-0.6508827209472656,0.829941987991333,-0.32907214760780334,12.085820198059082,84,2,384,0,0,0
866,43.301418,52,524,1,1,47.62997817993164,47.82541275024414,2.060732841491699,3.0736947059631348,1,50.0,-1.0231376886367798,0.8358255624771118,-0.4131029546260834,12.085820198059082,105,2,384,0,0,0
867,43.351429,14,525,1,1,47.91089630126953,48.0299186706543,2.5620031356811523,3.314714193344116,1,50.0,-1.3491826057434082,0.8422385454177856,-0.48698246479034424,12.085820198059082,124,2,384,0,0,0
868,43.401423,64,525,1,0,47.91089630126953,48.0299186706543,2.5620031356811523,3.314714193344116,1,50.0,-1.3491826057434082,0.8422385454177856,-0.48698246479034424,12.085820198059082,124,2,384,0,0,0
869,43.451461,33,526,1,1,48.053306579589844,47.94813919067383,2.631267786026001,3.106673240661621,1,50.0,-1.403558373451233,0.8447351455688477,-0.49962079524993896,12.085820198059082,127,2,384,0,0,0
870,43.501431,83,526,1,0,48.053306579589844,47.94813919067383,2.631267786026001,3.106673240661621,1,50.0,-1.403558373451233,0.8447351455688477,-0.49962079524993896,12.085820198059082,127,2,384,0,0,0
871,43.551438,52,527,1,1,48.259090423583984,48.23455047607422,2.836940288543701,3.0586559772491455,1,50.0,-1.5454823970794678,0.8493512868881226,-0.5321852564811707,12.085820198059082,136,2,384,0,0,0
872,43.601419,14,528,1,1,48.377445220947266,48.1833610534668,2.729296922683716,2.6652863025665283,1,50.0,-1.4915482997894287,0.8514221906661987,-0.5206601023674011,12.085820198059082,133,2,384,0,0,0
873,43.651418,64,528,1,0,48.377445220947266,48.1833610534668,2.729296922683716,2.6652863025665283,1,50.0,-1.4915482997894287,0.8514221906661987,-0.5206601023674011,12.085820198059082,133,2,384,0,0,0
874,43.701419,33,529,1,1,48.48088836669922,48.30609130859375,2.6139230728149414,2.3194775581359863,1,50.0,-1.4316338300704956,0.8531463146209717,-0.5077288746833801,12.085820198059082,129,2,384,0,0,0
875,43.751423,83,529,1,0,48.48088836669922,48.30609130859375,2.6139230728149414,2.3194775581359863,1,50.0,-1.4316338300704956,0.8531463146209717,-0.5077288746833801,12.085820198059082,129,2,384,0,0,0
876,43.801419,52,530,1,1,48.659584045410156,48.60273742675781,2.6953206062316895,2.2082762718200684,1,50.0,-1.496554970741272,0.8572919964790344,-0.523077130317688,12.085820198059082,133,2,384,0,0,0
877,43.851419,14,531,1,1,48.81159591674805,48.68451690673828,2.6429946422576904,1.9508180618286133,1,50.0,-1.4788404703140259,0.860713005065918,-0.5199007391929626,12.085820198059082,133,2,384,0,0,0
878,43.901418,64,531,1,0,48.81159591674805,48.68451690673828,2.6429946422576904,1.9508180618286133,1,50.0,-1.4788404703140259,0.860713005065918,-0.5199007391929626,12.085820198059082,133,2,384,0,0,0
879,43.951419,31,532,1,1,48.97066116333008,48.878910064697266,2.6290903091430664,1.767340064048767,1,50.0,-1.4848136901855469,0.8644748330116272,-0.5220640897750854,12.085820198059082,133,2,384,0,0,0
880,44.001418,81,532,1,0,48.97066116333008,48.878910064697266,2.6290903091430664,1.767340064048767,1,50.0,-1.4848136901855469,0.8644748330116272,-0.5220640897750854,12.085820198059082,133,2,384,0,0,0
881,44.051418,48,533,1,1,49.16095733642578,49.114131927490234,2.6866629123687744,1.6743329763412476,1,50.0,-1.5364840030670166,0.8693087100982666,-0.5346205830574036,12.085820198059082,136,2,384,0,0,0
882,44.101423,14,534,1,1,49.210636138916016,48.960689544677734,2.3504207134246826,1.1766078472137451,1,50.0,-1.3392096757888794,0.8701279163360596,-0.4909639358520508,12.085820198059082,125,2,384,0,0,0
883,44.151418,64,534,1,0,49.210636138916016,48.960689544677734,2.3504207134246826,1.1766078472137451,1,50.0,-1.3392096757888794,0.8701279163360596,-0.4909639358520508,12.085820198059082,125,2,384,0,0,0
884,44.201419,33,535,1,1,49.283443450927734,49.114131927490234,2.127819776535034,0.8447030782699585,1,50.0,-1.2122018337249756,0.8716410994529724,-0.46307623386383057,12.085820198059082,118,2,384,0,0,0
885,44.251426,83,535,1,0,49.283443450927734,49.114131927490234,2.127819776535034,0.8447030782699585,1,50.0,-1.2122018337249756,0.8716410994529724,-0.46307623386383057,12.085820198059082,118,2,384,0,0,0
886,44.301419,52,536,1,1,49.42592239379883,49.38006591796875,2.1107168197631836,0.7553771138191223,1,50.0,-1.2147631645202637,0.8753422498703003,-0.4644678831100464,12.085820198059082,118,2,384,0,0,0
887,44.351419,15,537,1,1,49.56175231933594,49.4925537109375,2.0430939197540283,0.6161783337593079,1,50.0,-1.186414122581482,0.8789291977882385,-0.4589651823043823,12.085820198059082,117,2,384,0,0,0
888,44.401419,65,537,1,0,49.56175231933594,49.4925537109375,2.0430939197540283,0.6161783337593079,1,50.0,-1.186414122581482,0.8789291977882385,-0.4589651823043823,12.085820198059082,117,2,384,0,0,0
889,44.451419,34,538,1,1,49.647247314453125,49.533382415771484,1.8778446912765503,0.3915805518627167,1,50.0,-1.0949591398239136,0.8811214566230774,-0.4391290247440338,12.085820198059082,112,2,384,0,0,0
890,44.501534,3,539,1,1,49.71064758300781,49.584571838378906,1.6735504865646362,0.1451307237148285,1,50.0,-0.9780886173248291,0.882741391658783,-0.4135178029537201,12.085820198059082,105,2,384,0,0,0
891,44.551418,53,539,1,0,49.71064758300781,49.584571838378906,1.6735504865646362,0.1451307237148285,1,50.0,-0.9780886173248291,0.882741391658783,-0.4135178029537201,12.085820198059082,105,2,384,0,0,0
892,44.601419,22,540,1,1,49.712337493896484,49.52326965332031,1.3326222896575928,-0.22329342365264893,1,50.0,-0.7736837863922119,0.8825605511665344,-0.36805427074432373,12.085820198059082,94,2,384,0,0,0
893,44.651418,72,540,1,0,49.712337493896484,49.52326965332031,1.3326222896575928,-0.22329342365264893,1,50.0,-0.7736837863922119,0.8825605511665344,-0.36805427074432373,12.085820198059082,94,2,384,0,0,0
894,44.701431,35,541,1,1,49.724788665771484,49.584571838378906,1.0425925254821777,-0.5058423280715942,1,50.0,-0.6007865071296692,0.8826895356178284,-0.3296613395214081,12.085820198059082,84,2,384,0,0,0
895,44.751538,4,542,1,1,49.71846389770508,49.594810485839844,0.7675342559814453,-0.7502682209014893,1,50.0,-0.4351823031902313,0.8822658061981201,-0.2927662432193756,12.085820198059082,80,2,384,0,0,0
896,44.801418,54,542,1,0,49.71846389770508,49.594810485839844,0.7675342559814453,-0.7502682209014893,1,50.0,-0.4351823031902313,0.8822658061981201,-0.2927662432193756,12.085820198059082,80,2,384,0,0,0
897,44.851419,23,543,1,1,49.6847038269043,49.553855895996094,0.4613913297653198,-1.0065990686416626,1,50.0,-0.2484581619501114,0.8810278177261353,-0.2509968876838684,12.04813003540039,80,2,384,0,0,0
898,44.901418,73,543,1,0,49.6847038269043,49.553855895996094,0.4613913297653198,-1.0065990686416626,1,50.0,-0.2484581619501114,0.8810278177261353,-0.2509968876838684,12.04813003540039,80,2,384,0,0,0
899,44.951491,41,544,1,1,49.60762405395508,49.451602935791016,0.08568644523620605,-1.3129756450653076,1,50.0,-0.016098033636808395,0.8784632682800293,-0.19879141449928284,12.04813003540039,80,2,384,0,0,0
900,45.001423,7,545,1,1,49.612327575683594,49.61528396606445,-0.0189758762717247,-1.3070944547653198,1,50.0,0.04627604782581329,0.8782708048820496,-0.18488770723342896,12.04813003540039,80,2,384,0,0,0
901,45.051497,57,545,1,0,49.612327575683594,49.61528396606445,-0.0189758762717247,-1.3070944547653198,1,50.0,0.04627604782581329,0.8782708048820496,-0.18488770723342896,12.04813003540039,80,2,384,0,0,0
902,45.10142,26,546,1,1,49.56322479248047,49.50279235839844,-0.23863646388053894,-1.4260339736938477,1,50.0,0.18249166011810303,0.8764875531196594,-0.154221311211586,12.04813003540039,80,2,384,0,0,0
903,45.151471,76,546,1,0,49.56322479248047,49.50279235839844,-0.23863646388053894,-1.4260339736938477,1,50.0,0.18249166011810303,0.8764875531196594,-0.154221311211586,12.04813003540039,80,2,384,0,0,0
904,45.201503,46,547,1,1,49.49459457397461,49.431129455566406,-0.4709210991859436,-1.5496536493301392,1,50.0,0.32803913950920105,0.8740792870521545,-0.12134227156639099,12.04813003540039,80,2,384,0,0,0
905,45.251419,15,548,1,1,49.42604064941406,49.39030075073242,-0.6631186008453369,-1.61941397190094,1,50.0,0.4495275020599365,0.871618390083313,-0.093797966837883,12.04813003540039,80,2,384,0,0,0
906,45.301423,65,548,1,0,49.42604064941406,49.39030075073242,-0.6631186008453369,-1.61941397190094,1,50.0,0.4495275020599365,0.871618390083313,-0.093797966837883,12.04813003540039,80,2,384,0,0,0
907,45.351504,34,549,1,1,49.389366149902344,49.42089080810547,-0.7353711128234863,-1.557752013206482,1,50.0,0.4961797595024109,0.8700302243232727,-0.08307787775993347,12.04813003540039,80,2,384,0,0,0
908,45.401469,3,550,1,1,49.33917236328125,49.359588623046875,-0.8233291506767273,-1.5177457332611084,1,50.0,0.5534719824790955,0.8680359721183777,-0.06990310549736023,12.04813003540039,80,2,384,0,0,0
909,45.451418,53,550,1,0,49.33917236328125,49.359588623046875,-0.8233291506767273,-1.5177457332611084,1,50.0,0.5534719824790955,0.8680359721183777,-0.06990310549736023,12.04813003540039,80,2,384,0,0,0
910,45.501442,22,551,1,1,49.19956970214844,49.1038932800293,-1.125620722770691,-1.7055195569992065,1,50.0,0.7474111914634705,0.8633190989494324,-0.025757312774658203,12.04813003540039,80,2,384,0,0,0
911,45.551504,72,551,1,0,49.19956970214844,49.1038932800293,-1.125620722770691,-1.7055195569992065,1,50.0,0.7474111914634705,0.8633190989494324,-0.025757312774658203,12.04813003540039,80,2,384,0,0,0
912,45.60143,38,552,1,1,49.01955795288086,48.90950012207031,-1.4790199995040894,-1.925484299659729,1,50.0,0.9756518006324768,0.8572384715080261,0.15788443386554718,12.04813003540039,80,1,0,0,0,0
913,45.651434,6,553,1,1,48.80070877075195,48.674278259277344,-1.8774415254592896,-2.1772704124450684,1,50.0,1.2344012260437012,0.8498886823654175,0.5126833915710449,12.04813003540039,131,1,0,0,0,0
914,45.701433,56,553,1,0,48.80070877075195,48.674278259277344,-1.8774415254592896,-2.1772704124450684,1,50.0,1.2344012260437012,0.8498886823654175,0.5126833915710449,12.04813003540039,131,1,0,0,0,0
915,45.751419,25,554,1,1,48.719173431396484,48.827720642089844,-1.8489845991134644,-1.9627950191497803,1,50.0,1.2246652841567993,0.8464831709861755,0.5042428374290466,12.04813003540039,129,1,0,0,0,0
916,45.801418,75,554,1,0,48.719173431396484,48.827720642089844,-1.8489845991134644,-1.9627950191497803,1,50.0,1.2246652841567993,0.8464831709861755,0.5042428374290466,12.04813003540039,129,1,0,0,0,0
917,45.851441,43,555,1,1,48.5997200012207,48.65380096435547,-1.907692551612854,-1.8556969165802002,1,50.0,1.2706407308578491,0.8418107628822327,0.5717732906341553,12.04813003540039,146,1,0,0,0,0
918,45.901425,11,556,1,1,48.38235092163086,48.30609130859375,-2.204176664352417,-2.0069007873535156,1,50.0,1.4680944681167603,0.8341695666313171,0.8452332019805908,12.04813003540039,216,1,0,0,0,0
919,45.951418,61,556,1,0,48.38235092163086,48.30609130859375,-2.204176664352417,-2.0069007873535156,1,50.0,1.4680944681167603,0.8341695666313171,0.8452332019805908,12.04813003540039,216,1,0,0,0,0
920,46.001419,27,557,1,1,48.10560989379883,47.98909378051758,-2.595930337905884,-2.240691900253296,1,50.0,1.7280534505844116,0.8244922161102295,1.0,12.04813003540039,255,1,0,0,0,1
921,46.051418,77,557,1,0,48.10560989379883,47.98909378051758,-2.595930337905884,-2.240691900253296,1,50.0,1.7280534505844116,0.8244922161102295,1.0,12.04813003540039,255,1,0,0,0,1
922,46.101427,46,558,1,1,47.85327911376953,47.804935455322266,-2.8688900470733643,-2.336516857147217,1,50.0,1.9145389795303345,0.8169223070144653,1.0,12.04813003540039,255,1,0,0,0,1
923,46.151419,14,559,1,1,47.631717681884766,47.6617317199707,-3.0037083625793457,-2.2770259380340576,1,50.0,2.0153706073760986,0.8102755546569824,1.0,12.04813003540039,255,1,0,0,0,1
924,46.201419,64,559,1,0,47.631717681884766,47.6617317199707,-3.0037083625793457,-2.2770259380340576,1,50.0,2.0153706073760986,0.8102755546569824,1.0,12.04813003540039,255,1,0,0,0,1
925,46.251426,33,560,1,1,47.50216293334961,47.67197036743164,-2.8687541484832764,-1.9423127174377441,1,50.0,1.946057915687561,0.8063888549804688,1.0,12.04813003540039,255,1,0,0,0,1
926,46.301426,83,560,1,0,47.50216293334961,47.67197036743164,-2.8687541484832764,-1.9423127174377441,1,50.0,1.946057915687561,0.8063888549804688,1.0,12.04813003540039,255,1,0,0,0,1
927,46.351418,51,561,1,1,47.35525894165039,47.48781204223633,-2.7778162956237793,-1.680108666419983,1,50.0,1.9047166109085083,0.8019816875457764,1.0,12.081631660461426,255,1,0,0,0,1
928,46.401425,17,562,1,1,47.14762496948242,47.19129180908203,-2.835402250289917,-1.5925953388214111,1,50.0,1.9579551219940186,0.795752763748169,1.0,12.081631660461426,255,1,0,0,0,1
929,46.451418,67,562,1,0,47.14762496948242,47.19129180908203,-2.835402250289917,-1.5925953388214111,1,50.0,1.9579551219940186,0.795752763748169,1.0,12.081631660461426,255,1,0,0,0,1
930,46.501419,35,563,1,1,46.98918533325195,47.099273681640625,-2.7565910816192627,-1.3732916116714478,1,50.0,1.924928069114685,0.7909995317459106,1.0,12.081631660461426,255,1,0,0,0,1
931,46.551458,3,564,1,1,46.819766998291016,46.90488052368164,-2.707836151123047,-1.2043064832687378,1,50.0,1.9109227657318115,0.7859170436859131,1.0,12.081631660461426,255,1,0,0,0,1
932,46.601421,53,564,1,0,46.819766998291016,46.90488052368164,-2.707836151123047,-1.2043064832687378,1,50.0,1.9109227657318115,0.7859170436859131,1.0,12.081631660461426,255,1,0,0,0,1
933,46.651418,22,565,1,1,46.631248474121094,46.67989730834961,-2.713834285736084,-1.1084203720092773,1,50.0,1.931488275527954,0.7802613973617554,1.0,12.081631660461426,255,1,0,0,0,1
934,46.701418,72,565,1,0,46.631248474121094,46.67989730834961,-2.713834285736084,-1.1084203720092773,1,50.0,1.931488275527954,0.7802613973617554,1.0,12.081631660461426,255,1,0,0,0,1
935,46.751418,42,566,1,1,46.58588409423828,46.83333969116211,-2.3409836292266846,-0.6249049305915833,1,50.0,1.7118606567382812,0.7789005041122437,1.0,12.081631660461426,255,1,0,0,0,1
936,46.801419,8,567,1,1,46.48822784423828,46.62870788574219,-2.1262049674987793,-0.3449697196483612,1,50.0,1.5917824506759644,0.7759708166122437,1.0,12.081631660461426,255,1,0,0,0,1
937,46.851418,58,567,1,0,46.48822784423828,46.62870788574219,-2.1262049674987793,-0.3449697196483612,1,50.0,1.5917824506759644,0.7759708166122437,1.0,12.081631660461426,255,1,0,0,0,1
938,46.901426,24,568,1,1,46.348533630371094,46.403724670410156,-2.049208879470825,-0.23403149843215942,1,50.0,1.5581573247909546,0.7717800140380859,1.0,12.081631660461426,255,1,0,0,0,1
939,46.951421,74,568,1,0,46.348533630371094,46.403724670410156,-2.049208879470825,-0.23403149843215942,1,50.0,1.5581573247909546,0.7717800140380859,1.0,12.081631660461426,255,1,0,0,0,1
940,47.001431,43,569,1,1,46.274600982666016,46.403724670410156,-1.8236807584762573,0.021900266408920288,1,50.0,1.4294943809509277,0.7695620059967041,0.8799098134040833,12.081631660461426,224,1,0,0,0,0
941,47.051431,12,570,1,1,46.18687057495117,46.27075958251953,-1.6641712188720703,0.1870630532503128,1,50.0,1.3416844606399536,0.7639498114585876,0.7703129053115845,12.081631660461426,196,1,0,0,0,0
942,47.101419,62,570,1,0,46.18687057495117,46.27075958251953,-1.6641712188720703,0.1870630532503128,1,50.0,1.3416844606399536,0.7639498114585876,0.7703129053115845,12.081631660461426,196,1,0,0,0,0
943,47.151419,23,571,1,1,46.11186981201172,46.20933151245117,-1.4562002420425415,0.3872268497943878,1,50.0,1.2236518859863281,0.7584585547447205,0.6202577948570251,12.081631660461426,158,1,0,0,0,0
944,47.201419,73,571,1,0,46.11186981201172,46.20933151245117,-1.4562002420425415,0.3872268497943878,1,50.0,1.2236518859863281,0.7584585547447205,0.6202577948570251,12.081631660461426,158,1,0,0,0,0
945,47.251419,42,572,1,1,46.154178619384766,46.37301254272461,-1.0069005489349365,0.8244128227233887,1,50.0,0.9502642750740051,0.7564229965209961,0.2584550380706787,12.081631660461426,80,1,0,0,0,0
946,47.301437,8,573,1,1,46.18624496459961,46.34230041503906,-0.6386343240737915,1.137205719947815,1,50.0,0.7264186143875122,0.7541159391403198,0.0,12.081631660461426,0,0,0,0,0,0
947,47.351417,58,573,1,0,46.18624496459961,46.34230041503906,-0.6386343240737915,1.137205719947815,1,50.0,0.7264186143875122,0.7541159391403198,0.0,12.081631660461426,0,0,0,0,0,0
948,47.401431,24,574,1,1,46.2666015625,46.444679260253906,-0.20149579644203186,1.494510293006897,1,50.0,0.456903338432312,0.7534757256507874,-0.06590497493743896,12.081631660461426,80,2,384,0,0,0
949,47.451418,74,574,1,0,46.2666015625,46.444679260253906,-0.20149579644203186,1.494510293006897,1,50.0,0.456903338432312,0.7534757256507874,-0.06590497493743896,12.081631660461426,80,2,384,0,0,0
950,47.501486,43,575,1,1,46.35152053833008,46.485504150390625,0.17222696542739868,1.7588298320770264,1,50.0,0.2250269651412964,0.7528499960899353,-0.11729400604963303,12.081631660461426,80,2,384,0,0,0
951,47.551419,12,576,1,1,46.44864273071289,46.55717086791992,0.5178003311157227,1.9713575839996338,1,50.0,0.008941948413848877,0.7528448104858398,-0.1653117537498474,12.081631660461426,80,2,384,0,0,0
952,47.601421,62,576,1,0,46.44864273071289,46.55717086791992,0.5178003311157227,1.9713575839996338,1,50.0,0.008941948413848877,0.7528448104858398,-0.1653117537498474,12.081631660461426,80,2,384,0,0,0
953,47.651438,23,577,1,1,46.54752731323242,46.60823440551758,0.8119117617607117,2.095398426055908,1,50.0,-0.17642450332641602,0.7527926564216614,-0.20649270713329315,12.081631660461426,80,2,384,0,0,0
954,47.701418,73,577,1,0,46.54752731323242,46.60823440551758,0.8119117617607117,2.095398426055908,1,50.0,-0.17642450332641602,0.7527926564216614,-0.20649270713329315,12.081631660461426,80,2,384,0,0,0
955,47.751436,42,578,1,1,46.778526306152344,46.99689483642578,1.3971972465515137,2.5296499729156494,1,50.0,-0.548385739326477,0.7567880749702454,-0.2900386452674866,12.081631660461426,80,2,384,0,0,0
956,47.801425,8,579,1,1,46.98240661621094,47.08903884887695,1.8134053945541382,2.7424933910369873,1,50.0,-0.8164598941802979,0.7601661682128906,-0.35036131739616394,12.081631660461426,89,2,384,0,0,0
957,47.851429,58,579,1,0,46.98240661621094,47.08903884887695,1.8134053945541382,2.7424933910369873,1,50.0,-0.8164598941802979,0.7601661682128906,-0.35036131739616394,12.081631660461426,89,2,384,0,0,0
958,47.901425,23,580,1,1,47.182682037353516,47.23211669921875,2.141662836074829,2.8418619632720947,1,50.0,-1.0314390659332275,0.7637603878974915,-0.3989332318305969,12.081631660461426,102,2,384,0,0,0
959,47.951418,73,580,1,0,47.182682037353516,47.23211669921875,2.141662836074829,2.8418619632720947,1,50.0,-1.0314390659332275,0.7637603878974915,-0.3989332318305969,12.081631660461426,102,2,384,0,0,0
960,48.001418,43,581,1,1,47.4322509765625,47.52876281738281,2.5500240325927734,3.0309512615203857,1,50.0,-1.2989170551300049,0.768852710723877,-0.4595043957233429,12.081631660461426,117,2,384,0,0,0
961,48.051434,12,582,1,1,47.654144287109375,47.6617317199707,2.8096790313720703,3.045736074447632,1,50.0,-1.4746804237365723,0.7734552621841431,-0.49958568811416626,12.081631660461426,127,2,384,0,0,0
962,48.101418,62,582,1,0,47.654144287109375,47.6617317199707,2.8096790313720703,3.045736074447632,1,50.0,-1.4746804237365723,0.7734552621841431,-0.49958568811416626,12.14026165008545,127,2,384,0,0,0
963,48.151419,23,583,1,1,47.8732795715332,47.8151741027832,2.9674596786499023,2.9274494647979736,1,50.0,-1.5890710353851318,0.7780354022979736,-0.5260236263275146,12.14026165008545,134,2,384,0,0,0
964,48.201419,73,583,1,0,47.8732795715332,47.8151741027832,2.9674596786499023,2.9274494647979736,1,50.0,-1.5890710353851318,0.7780354022979736,-0.5260236263275146,12.14026165008545,134,2,384,0,0,0
965,48.251421,42,584,1,1,48.135597229003906,48.15264892578125,3.2369754314422607,2.9612631797790527,1,50.0,-1.7743890285491943,0.7840971946716309,-0.5685524940490723,12.14026165008545,145,2,384,0,0,0
966,48.301439,12,585,1,1,48.44414138793945,48.500484466552734,3.578925848007202,3.070974588394165,1,50.0,-2.0073282718658447,0.7918620705604553,-0.6220422983169556,12.14026165008545,159,2,384,0,0,0
967,48.351418,62,585,1,0,48.44414138793945,48.500484466552734,3.578925848007202,3.070974588394165,1,50.0,-2.0073282718658447,0.7918620705604553,-0.6220422983169556,12.14026165008545,159,2,384,0,0,0
968,48.401422,24,586,1,1,48.59125900268555,48.347042083740234,3.3760643005371094,2.577101707458496,1,50.0,-1.8988518714904785,0.7949530482292175,-0.5986233353614807,12.14026165008545,153,2,384,0,0,0
969,48.451418,74,586,1,0,48.59125900268555,48.347042083740234,3.3760643005371094,2.577101707458496,1,50.0,-1.8988518714904785,0.7949530482292175,-0.5986233353614807,12.14026165008545,153,2,384,0,0,0
970,48.501436,44,587,1,1,48.800777435302734,48.70499038696289,3.401890277862549,2.3888204097747803,1,50.0,-1.9332042932510376,0.8000411987304688,-0.6073878407478333,12.14026165008545,155,2,384,0,0,0
971,48.551419,13,588,1,1,48.968936920166016,48.80724334716797,3.293280839920044,2.073268175125122,1,50.0,-1.883172869682312,0.8041266202926636,-0.5971776843070984,12.14026165008545,152,2,384,0,0,0
972,48.60142,63,588,1,0,48.968936920166016,48.80724334716797,3.293280839920044,2.073268175125122,1,50.0,-1.883172869682312,0.8041266202926636,-0.5971776843070984,12.14026165008545,152,2,384,0,0,0
973,48.651419,31,589,1,1,49.08883285522461,48.86867141723633,3.050569534301758,1.6420581340789795,1,50.0,-1.7483367919921875,0.8068986535072327,-0.5678300857543945,12.14026165008545,145,2,384,0,0,0
974,48.701418,81,589,1,0,49.08883285522461,48.86867141723633,3.050569534301758,1.6420581340789795,1,50.0,-1.7483367919921875,0.8068986535072327,-0.5678300857543945,12.14026165008545,145,2,384,0,0,0
975,48.751418,48,590,1,1,49.31419372558594,49.267574310302734,3.0987350940704346,1.5499863624572754,1,50.0,-1.7975186109542847,0.8128848671913147,-0.5800896883010864,12.14026165008545,148,2,384,0,0,0
976,48.80142,17,591,1,1,49.49959182739258,49.40053939819336,3.0384161472320557,1.355764389038086,1,50.0,-1.778012990951538,0.8178983330726624,-0.5768691897392273,12.14026165008545,147,2,384,0,0,0
977,48.851418,67,591,1,0,49.49959182739258,49.40053939819336,3.0384161472320557,1.355764389038086,1,50.0,-1.778012990951538,0.8178983330726624,-0.5768691897392273,12.14026165008545,147,2,384,0,0,0
978,48.901419,36,592,1,1,49.6175651550293,49.431129455566406,2.7994513511657715,0.9911963939666748,1,50.0,-1.645251750946045,0.8210370540618896,-0.5480641722679138,12.14026165008545,140,2,384,0,0,0
979,48.951552,5,593,1,1,49.72136306762695,49.54362106323242,2.547455072402954,0.6437622308731079,1,50.0,-1.5033957958221436,0.8238451480865479,-0.5171646475791931,12.14026165008545,132,2,384,0,0,0
980,49.001418,55,593,1,0,49.72136306762695,49.54362106323242,2.547455072402954,0.6437622308731079,1,50.0,-1.5033957958221436,0.8238451480865479,-0.5171646475791931,12.14026165008545,132,2,384,0,0,0
981,49.051419,24,594,1,1,49.83744812011719,49.70730209350586,2.3561904430389404,0.3891754448413849,1,50.0,-1.3990845680236816,0.827090859413147,-0.4947056174278259,12.14026165008545,126,2,384,0,0,0
982,49.101419,74,594,1,0,49.83744812011719,49.70730209350586,2.3561904430389404,0.3891754448413849,1,50.0,-1.3990845680236816,0.827090859413147,-0.4947056174278259,12.14026165008545,126,2,384,0,0,0
983,49.151429,42,595,1,1,49.98619079589844,49.92204666137695,2.2673332691192627,0.26283761858940125,1,50.0,-1.3591570854187012,0.8314230442047119,-0.486795574426651,12.14026165008545,124,2,384,0,0,0
984,49.201422,11,596,1,1,50.054569244384766,49.891456604003906,1.9822611808776855,-0.05773577094078064,1,50.0,-1.194267988204956,0.8334633111953735,-0.45060694217681885,12.14026165008545,115,2,384,0,0,0
985,49.251418,61,596,1,0,50.054569244384766,49.891456604003906,1.9822611808776855,-0.05773577094078064,1,50.0,-1.194267988204956,0.8334633111953735,-0.45060694217681885,12.14026165008545,115,2,384,0,0,0
986,49.30142,28,597,1,1,50.07768630981445,49.88121795654297,1.6045089960098267,-0.4480384588241577,1,50.0,-0.9696971774101257,0.83420330286026,-0.4008667767047882,12.14026165008545,102,2,384,0,0,0
987,49.351418,78,597,1,0,50.07768630981445,49.88121795654297,1.6045089960098267,-0.4480384588241577,1,50.0,-0.9696971774101257,0.83420330286026,-0.4008667767047882,12.14026165008545,102,2,384,0,0,0
988,49.401418,47,598,1,1,50.15597152709961,50.085723876953125,1.4357715845108032,-0.586683988571167,1,50.0,-0.8755004405975342,0.8366139531135559,-0.3804698586463928,12.14026165008545,97,2,384,0,0,0
989,49.451419,16,599,1,1,50.150978088378906,49.98347091674805,1.0734553337097168,-0.9163532257080078,1,50.0,-0.6576612591743469,0.8365889191627502,-0.33205559849739075,12.14026165008545,85,2,384,0,0,0
990,49.501418,66,599,1,0,50.150978088378906,49.98347091674805,1.0734553337097168,-0.9163532257080078,1,50.0,-0.6576612591743469,0.8365889191627502,-0.33205559849739075,12.14026165008545,85,2,384,0,0,0
991,49.551419,35,600,1,1,50.18141174316406,50.106201171875,0.8580588102340698,-1.0642545223236084,1,50.0,-0.5311623811721802,0.8376227021217346,-0.3041744828224182,12.14026165008545,80,2,384,0,0,0
992,49.601473,3,601,1,1,50.12077713012695,49.94252014160156,0.4342736303806305,-1.4168789386749268,1,50.0,-0.27143412828445435,0.8359578847885132,-0.24608713388442993,12.14026165008545,80,2,384,0,0,0
993,49.651418,53,601,1,0,50.12077713012695,49.94252014160156,0.4342736303806305,-1.4168789386749268,1,50.0,-0.27143412828445435,0.8359578847885132,-0.24608713388442993,12.14026165008545,80,2,384,0,0,0
994,49.701427,21,602,1,1,50.09851837158203,50.02442169189453,0.17781184613704681,-1.5638809204101562,1,50.0,-0.11555376648902893,0.8353866934776306,-0.21132010221481323,12.14026165008545,80,2,384,0,0,0
995,49.751418,71,602,1,0,50.09851837158203,50.02442169189453,0.17781184613704681,-1.5638809204101562,1,50.0,-0.11555376648902893,0.8353866934776306,-0.21132010221481323,12.14026165008545,80,2,384,0,0,0
996,49.801447,38,603,1,1,50.08572769165039,50.05501174926758,-0.010549485683441162,-1.6252415180206299,1,50.0,-0.0013858010061085224,0.8350868225097656,-0.1858827918767929,12.14026165008545,80,2,384,0,0,0
997,49.851418,7,604,1,1,50.086395263671875,50.09596252441406,-0.12411343306303024,-1.6062935590744019,1,50.0,0.06669248640537262,0.8351753950119019,-0.17077398300170898,12.14026165008545,80,2,384,0,0,0
998,49.901463,57,604,1,0,50.086395263671875,50.09596252441406,-0.12411343306303024,-1.6062935590744019,1,50.0,0.06669248640537262,0.8351753950119019,-0.17077398300170898,12.14026165008545,80,2,384,0,0,0
999,49.951419,25,605,1,1,50.04288864135742,50.00394821166992,-0.32952266931533813,-1.6835311651229858,1,50.0,0.19385363161563873,0.8339391946792603,-0.1422412395477295,12.14026165008545,80,2,384,0,0,0
1000,50.001444,75,605,1,0,50.04288864135742,50.00394821166992,-0.32952266931533813,-1.6835311651229858,1,50.0,0.19385363161563873,0.8339391946792603,-0.1422412395477295,12.14026165008545,80,2,384,0,0,0
1001,50.051494,44,606,1,1,49.95248794555664,49.87097930908203,-0.619361400604248,-1.8444106578826904,1,50.0,0.3758929371833801,0.8312614560127258,-0.10119299590587616,12.14026165008545,80,2,384,0,0,0
1002,50.101419,13,607,1,1,49.911251068115234,49.932281494140625,-0.7292402386665344,-1.8029789924621582,1,50.0,0.44553157687187195,0.8299840688705444,-0.08543388545513153,12.14026165008545,80,2,384,0,0,0
1003,50.151418,63,607,1,0,49.911251068115234,49.932281494140625,-0.7292402386665344,-1.8029789924621582,1,50.0,0.44553157687187195,0.8299840688705444,-0.08543388545513153,12.14026165008545,80,2,384,0,0,0
1004,50.201497,32,608,1,1,49.826751708984375,49.79931640625,-0.9268048405647278,-1.8570009469985962,1,50.0,0.5716752409934998,0.8273780941963196,-0.05682285130023956,12.14026165008545,80,2,384,0,0,0
1005,50.25142,82,608,1,0,49.826751708984375,49.79931640625,-0.9268048405647278,-1.8570009469985962,1,50.0,0.5716752409934998,0.8273780941963196,-0.05682285130023956,12.14026165008545,80,2,384,0,0,0
1006,50.301418,48,609,1,1,49.7662467956543,49.79931640625,-1.0195913314819336,-1.7907590866088867,1,50.0,0.6327926516532898,0.8254157304763794,-0.042805127799510956,12.14026165008545,80,2,384,0,0,0
1007,50.351419,13,610,1,1,49.6832389831543,49.69706344604492,-1.145027756690979,-1.7627114057540894,1,50.0,0.7155251502990723,0.8227384686470032,-0.023825179785490036,12.14026165008545,80,2,384,0,0,0
1008,50.401419,63,610,1,0,49.6832389831543,49.69706344604492,-1.145027756690979,-1.7627114057540894,1,50.0,0.7155251502990723,0.8227384686470032,-0.023825179785490036,12.14026165008545,80,2,384,0,0,0
1009,50.451419,32,611,1,1,49.563194274902344,49.533382415771484,-1.344489574432373,-1.8220782279968262,1,50.0,0.8460063338279724,0.8188679218292236,0.0,12.14026165008545,0,0,0,0,0,0
1010,50.501418,82,611,1,0,49.563194274902344,49.533382415771484,-1.344489574432373,-1.8220782279968262,1,50.0,0.8460063338279724,0.8188679218292236,0.0,12.14026165008545,0,0,0,0,0,0
1011,50.551437,46,612,1,1,49.41942596435547,49.39030075073242,-1.557654619216919,-1.881197214126587,1,50.0,0.9868444204330444,0.8141835331916809,0.23021452128887177,12.14026165008545,80,1,0,0,0,0
1012,50.601421,13,613,1,1,49.285457611083984,49.28792190551758,-1.709063172340393,-1.876245141029358,1,50.0,1.0897467136383057,0.8096710443496704,0.3734342157840729,12.14026165008545,95,1,0,0,0,0
1013,50.651418,63,613,1,0,49.285457611083984,49.28792190551758,-1.709063172340393,-1.876245141029358,1,50.0,1.0897467136383057,0.8096710443496704,0.3734342157840729,12.14026165008545,95,1,0,0,0,0
1014,50.701419,31,614,1,1,49.119972229003906,49.09365463256836,-1.91291081905365,-1.9285838603973389,1,50.0,1.2269490957260132,0.8041347861289978,0.5637524127960205,12.14026165008545,144,1,0,0,0,0
1015,50.751418,81,614,1,0,49.119972229003906,49.09365463256836,-1.91291081905365,-1.9285838603973389,1,50.0,1.2269490957260132,0.8041347861289978,0.5637524127960205,12.14026165008545,144,1,0,0,0,0
1016,50.801418,48,615,1,1,48.97431945800781,49.00164031982422,-2.0210485458374023,-1.8742163181304932,1,50.0,1.3049404621124268,0.7990171909332275,0.6745643615722656,12.14026165008545,172,1,0,0,0,0
1017,50.851419,14,616,1,1,48.827720642089844,48.86867141723633,-2.1001505851745605,-1.7922430038452148,1,50.0,1.3655954599380493,0.7937987446784973,0.7623956203460693,12.14026165008545,194,1,0,0,0,0
1018,50.901419,64,616,1,0,48.827720642089844,48.86867141723633,-2.1001505851745605,-1.7922430038452148,1,50.0,1.3655954599380493,0.7937987446784973,0.7623956203460693,12.14026165008545,194,1,0,0,0,0
1019,50.951418,33,617,1,1,48.592750549316406,48.510597229003906,-2.400190830230713,-1.9542971849441528,1,50.0,1.5667669773101807,0.7857532501220703,1.0,12.14026165008545,255,1,0,0,0,1
1020,51.00144,83,617,1,0,48.592750549316406,48.510597229003906,-2.400190830230713,-1.9542971849441528,1,50.0,1.5667669773101807,0.7857532501220703,1.0,12.14026165008545,255,1,0,0,0,1
1021,51.051418,52,618,1,1,48.36471939086914,48.32656478881836,-2.629945755004883,-2.0290732383728027,1,50.0,1.7251428365707397,0.7789123058319092,1.0,12.14026165008545,255,1,0,0,0,1
1022,51.101419,13,619,1,1,48.12668228149414,48.132171630859375,-2.7997958660125732,-2.0178494453430176,1,50.0,1.8484762907028198,0.7717711925506592,1.0,12.102571487426758,255,1,0,0,0,1
1023,51.151418,63,619,1,0,48.12668228149414,48.132171630859375,-2.7997958660125732,-2.0178494453430176,1,50.0,1.8484762907028198,0.7717711925506592,1.0,12.102571487426758,255,1,0,0,0,1
1024,51.201419,32,620,1,1,47.95072937011719,48.0299186706543,-2.812405824661255,-1.8602375984191895,1,50.0,1.8718780279159546,0.7664926052093506,1.0,12.102571487426758,255,1,0,0,0,1
1025,51.251418,82,620,1,0,47.95072937011719,48.0299186706543,-2.812405824661255,-1.8602375984191895,1,50.0,1.8718780279159546,0.7664926052093506,1.0,12.102571487426758,255,1,0,0,0,1
1026,51.301418,48,621,1,1,47.81343460083008,47.958377838134766,-2.691558837890625,-1.5707242488861084,1,50.0,1.8117263317108154,0.762373685836792,1.0,12.102571487426758,255,1,0,0,0,1
1027,51.351419,14,622,1,1,47.66726303100586,47.784461975097656,-2.5991017818450928,-1.3363258838653564,1,50.0,1.7694075107574463,0.7579885721206665,1.0,12.102571487426758,255,1,0,0,0,1
1028,51.401418,64,622,1,0,47.66726303100586,47.784461975097656,-2.5991017818450928,-1.3363258838653564,1,50.0,1.7694075107574463,0.7579885721206665,1.0,12.102571487426758,255,1,0,0,0,1
1029,51.451419,32,623,1,1,47.49570083618164,47.559478759765625,-2.587918281555176,-1.2101726531982422,1,50.0,1.7781380414962769,0.7528417110443115,1.0,12.102571487426758,255,1,0,0,0,1
1030,51.501426,82,623,1,0,47.49570083618164,47.559478759765625,-2.587918281555176,-1.2101726531982422,1,50.0,1.7781380414962769,0.7528417110443115,1.0,12.102571487426758,255,1,0,0,0,1
1031,51.551418,52,624,1,1,47.318153381347656,47.36508560180664,-2.597332000732422,-1.1188324689865112,1,50.0,1.7997655868530273,0.7475152015686035,1.0,12.102571487426758,255,1,0,0,0,1
1032,51.601419,13,625,1,1,47.172245025634766,47.29354476928711,-2.4605770111083984,-0.8720340728759766,1,50.0,1.730844259262085,0.7431380748748779,1.0,12.102571487426758,255,1,0,0,0,1
1033,51.651418,63,625,1,0,47.172245025634766,47.29354476928711,-2.4605770111083984,-0.8720340728759766,1,50.0,1.730844259262085,0.7431380748748779,1.0,12.102571487426758,255,1,0,0,0,1
1034,51.701418,32,626,1,1,47.062984466552734,47.19129180908203,-2.2875564098358154,-0.6176328659057617,1,50.0,1.6368653774261475,0.7398601770401001,1.0,12.102571487426758,255,1,0,0,0,1
1035,51.751418,82,626,1,0,47.062984466552734,47.19129180908203,-2.2875564098358154,-0.6176328659057617,1,50.0,1.6368653774261475,0.7398601770401001,1.0,12.102571487426758,255,1,0,0,0,1
1036,51.801418,48,627,1,1,47.01308059692383,47.21176528930664,-1.9603970050811768,-0.2218894064426422,1,50.0,1.4450610876083374,0.7383630275726318,0.9422640800476074,12.102571487426758,240,1,0,0,0,0
1037,51.851419,14,628,1,1,46.95368576049805,47.099273681640625,-1.7007039785385132,0.06867176294326782,1,50.0,1.294590711593628,0.7341916561126709,0.7471988201141357,12.102571487426758,191,1,0,0,0,0
1038,51.901422,64,628,1,0,46.95368576049805,47.099273681640625,-1.7007039785385132,0.06867176294326782,1,50.0,1.294590711593628,0.7341916561126709,0.7471988201141357,12.102571487426758,191,1,0,0,0,0
1039,51.951427,33,629,1,1,46.904518127441406,47.027610778808594,-1.4636658430099487,0.3103807866573334,1,50.0,1.1567928791046143,0.7301273345947266,0.5688874125480652,12.102571487426758,145,1,0,0,0,0
1040,52.001429,83,629,1,0,46.904518127441406,47.027610778808594,-1.4636658430099487,0.3103807866573334,1,50.0,1.1567928791046143,0.7301273345947266,0.5688874125480652,12.102571487426758,145,1,0,0,0,0
1041,52.051439,52,630,1,1,46.87855911254883,47.00713348388672,-1.1984754800796509,0.5611430406570435,1,50.0,1.0000150203704834,0.7268721461296082,0.3641904890537262,12.102571487426758,93,1,0,0,0,0
1042,52.101419,13,631,1,1,46.89065170288086,47.0480842590332,-0.8414710760116577,0.8816630244255066,1,50.0,0.7847240567207336,0.7245816588401794,0.08018985390663147,12.102571487426758,80,1,0,0,0,0
1043,52.151418,63,631,1,0,46.89065170288086,47.0480842590332,-0.8414710760116577,0.8816630244255066,1,50.0,0.7847240567207336,0.7245816588401794,0.08018985390663147,12.102571487426758,80,1,0,0,0,0
1044,52.201419,32,632,1,1,46.96620178222656,47.16057586669922,-0.40084004402160645,1.2670159339904785,1,50.0,0.5135458707809448,0.7242052555084229,0.0,12.102571487426758,0,0,0,0,0,0
1045,52.251418,82,632,1,0,46.96620178222656,47.16057586669922,-0.40084004402160645,1.2670159339904785,1,50.0,0.5135458707809448,0.7242052555084229,0.0,12.102571487426758,0,0,0,0,0,0
1046,52.301418,48,633,1,1,47.0957145690918,47.31401824951172,0.12198913097381592,1.701639175415039,1,50.0,0.188192218542099,0.725511908531189,-0.11940436065196991,12.102571487426758,80,2,384,0,0,0
1047,52.351486,14,634,1,1,47.300567626953125,47.559478759765625,0.7597317695617676,2.2180802822113037,1,50.0,-0.2128901481628418,0.7293340563774109,-0.20938315987586975,12.102571487426758,0,0,0,0,0,0
1048,52.401418,64,634,1,0,47.300567626953125,47.559478759765625,0.7597317695617676,2.2180802822113037,1,50.0,-0.2128901481628418,0.7293340563774109,-0.20938315987586975,12.102571487426758,0,0,0,0,0,0
1049,52.451419,31,635,1,1,47.45038986206055,47.559478759765625,1.1512619256973267,2.4345955848693848,1,50.0,-0.46129223704338074,0.7315342426300049,-0.2650725543498993,12.102571487426758,0,0,0,0,0,0
1050,52.501451,81,635,1,0,47.45038986206055,47.559478759765625,1.1512619256973267,2.4345955848693848,1,50.0,-0.46129223704338074,0.7315342426300049,-0.2650725543498993,12.102571487426758,0,0,0,0,0,0
1051,52.551418,47,636,1,1,47.72957229614258,47.9686164855957,1.8118464946746826,2.91064190864563,1,50.0,-0.8827694058418274,0.7377426028251648,-0.3601137399673462,12.102571487426758,92,2,384,0,0,0
1052,52.601418,14,637,1,1,47.8370361328125,47.76398468017578,1.9146339893341064,2.765765428543091,1,50.0,-0.9541137218475342,0.7391501665115356,-0.37628087401390076,12.102571487426758,96,2,384,0,0,0
1053,52.651418,64,637,1,0,47.8370361328125,47.76398468017578,1.9146339893341064,2.765765428543091,1,50.0,-0.9541137218475342,0.7391501665115356,-0.37628087401390076,12.102571487426758,96,2,384,0,0,0
1054,52.701419,33,638,1,1,48.06864929199219,48.16288757324219,2.315337657928467,2.950239419937134,1,50.0,-1.2153810262680054,0.7442599534988403,-0.43547576665878296,12.102571487426758,111,2,384,0,0,0
1055,52.751422,83,638,1,0,48.06864929199219,48.16288757324219,2.315337657928467,2.950239419937134,1,50.0,-1.2153810262680054,0.7442599534988403,-0.43547576665878296,12.102571487426758,111,2,384,0,0,0
1056,52.801418,52,639,1,1,48.34635925292969,48.45953369140625,2.765334367752075,3.1706604957580566,1,50.0,-1.5103729963302612,0.7510461807250977,-0.5025376081466675,12.102571487426758,128,2,384,0,0,0
1057,52.851419,14,640,1,1,48.628292083740234,48.664039611816406,3.1136584281921387,3.2430033683776855,1,50.0,-1.744741439819336,0.7580986022949219,-0.5561866760253906,12.102571487426758,142,2,384,0,0,0
1058,52.901418,64,640,1,0,48.628292083740234,48.664039611816406,3.1136584281921387,3.2430033683776855,1,50.0,-1.744741439819336,0.7580986022949219,-0.5561866760253906,12.102571487426758,142,2,384,0,0,0
1059,52.951419,32,641,1,1,48.85349655151367,48.7970085144043,3.2719175815582275,3.130643606185913,1,50.0,-1.8599653244018555,0.7636887431144714,-0.5830342769622803,12.102571487426758,149,2,384,0,0,0
1060,53.001441,82,641,1,0,48.85349655151367,48.7970085144043,3.2719175815582275,3.130643606185913,1,50.0,-1.8599653244018555,0.7636887431144714,-0.5830342769622803,12.102571487426758,149,2,384,0,0,0
1061,53.051418,50,642,1,1,49.15037536621094,49.17543411254883,3.575975179672241,3.1800644397735596,1,50.0,-2.0691189765930176,0.7716779112815857,-0.6312882304191589,12.102571487426758,161,2,384,0,0,0
1062,53.101419,13,643,1,1,49.42084884643555,49.34934997558594,3.7141573429107666,3.035555839538574,1,50.0,-2.176370859146118,0.7790699005126953,-0.6567646265029907,12.002065658569336,167,2,384,0,0,0
1063,53.151418,63,643,1,0,49.42084884643555,49.34934997558594,3.7141573429107666,3.035555839538574,1,50.0,-2.176370859146118,0.7790699005126953,-0.6567646265029907,12.002065658569336,167,2,384,0,0,0
1064,53.201425,32,644,1,1,49.66138458251953,49.56409454345703,3.7759904861450195,2.843461751937866,1,50.0,-2.235119104385376,0.7857937216758728,-0.671314001083374,12.002065658569336,171,2,384,0,0,0
1065,53.251418,82,644,1,0,49.66138458251953,49.56409454345703,3.7759904861450195,2.843461751937866,1,50.0,-2.235119104385376,0.7857937216758728,-0.671314001083374,12.002065658569336,171,2,384,0,0,0
1066,53.301418,48,645,1,1,49.982139587402344,49.973236083984375,3.997893810272217,2.825770378112793,1,50.0,-2.3971290588378906,0.7951284646987915,-0.7093904614448547,12.002065658569336,181,2,384,0,0,0
1067,53.351419,15,646,1,1,50.288204193115234,50.23917007446289,4.13934850692749,2.7285897731781006,1,50.0,-2.509547472000122,0.8042961359024048,-0.7364097833633423,12.052318572998047,188,2,384,0,0,0
1068,53.401418,65,646,1,0,50.288204193115234,50.23917007446289,4.13934850692749,2.7285897731781006,1,50.0,-2.509547472000122,0.8042961359024048,-0.7364097833633423,12.052318572998047,188,2,384,0,0,0
1069,53.451419,33,647,1,1,50.52180099487305,50.36189651489258,4.061588287353516,2.413752555847168,1,50.0,-2.483915090560913,0.8115490674972534,-0.7323253154754639,12.052318572998047,187,2,384,0,0,0
1070,53.501426,83,647,1,0,50.52180099487305,50.36189651489258,4.061588287353516,2.413752555847168,1,50.0,-2.483915090560913,0.8115490674972534,-0.7323253154754639,12.052318572998047,187,2,384,0,0,0
1071,53.551418,52,648,1,1,50.78390884399414,50.679019927978516,4.0609822273254395,2.2088937759399414,1,50.0,-2.507141351699829,0.8198297023773193,-0.7393268346786499,12.052318572998047,189,2,384,0,0,0
1072,53.601419,13,649,1,1,51.02588653564453,50.852813720703125,3.9197685718536377,1.8563100099563599,1,50.0,-2.4441909790039062,0.8277553915977478,-0.7270991802215576,12.052318572998047,185,2,384,0,0,0
1073,53.651418,63,649,1,0,51.02588653564453,50.852813720703125,3.9197685718536377,1.8563100099563599,1,50.0,-2.4441909790039062,0.8277553915977478,-0.7270991802215576,12.052318572998047,185,2,384,0,0,0
1074,53.701419,32,650,1,1,51.192352294921875,50.97554397583008,3.6581974029541016,1.4263969659805298,1,50.0,-2.3022303581237793,0.8336212635040283,-0.696855902671814,12.052318572998047,178,2,384,0,0,0
1075,53.751418,82,650,1,0,51.192352294921875,50.97554397583008,3.6581974029541016,1.4263969659805298,1,50.0,-2.3022303581237793,0.8336212635040283,-0.696855902671814,12.052318572998047,178,2,384,0,0,0
1076,53.801419,48,651,1,1,51.441226959228516,51.35396957397461,3.611574649810791,1.2526774406433105,1,50.0,-2.2966554164886475,0.8421010971069336,-0.6975014209747314,12.052318572998047,178,2,384,0,0,0
1077,53.851419,14,652,1,1,51.677345275878906,51.57895278930664,3.528776168823242,1.0564336776733398,1,50.0,-2.2682268619537354,0.8503376245498657,-0.69301438331604,12.073256492614746,177,2,384,0,0,0
1078,53.901419,64,652,1,0,51.677345275878906,51.57895278930664,3.528776168823242,1.0564336776733398,1,50.0,-2.2682268619537354,0.8503376245498657,-0.69301438331604,12.073256492614746,177,2,384,0,0,0
1079,53.951419,33,653,1,1,51.85170364379883,51.691566467285156,3.3133535385131836,0.7421744465827942,1,50.0,-2.154665470123291,0.8569941520690918,-0.6692577600479126,12.073256492614746,171,2,384,0,0,0
1080,54.001446,83,653,1,0,51.85170364379883,51.691566467285156,3.3133535385131836,0.7421744465827942,1,50.0,-2.154665470123291,0.8569941520690918,-0.6692577600479126,12.073256492614746,171,2,384,0,0,0
1081,54.051418,52,654,1,1,51.981544494628906,51.78358459472656,3.004031181335449,0.35627982020378113,1,50.0,-1.9807578325271606,0.8623706698417664,-0.6318063139915466,12.073256492614746,161,2,384,0,0,0
1082,54.101449,14,655,1,1,52.12006759643555,51.947261810302734,2.700362205505371,0.0065427422523498535,1,50.0,-1.811023473739624,0.8682107329368591,-0.5953853726387024,12.073256492614746,152,2,384,0,0,0
1083,54.151421,64,655,1,0,52.12006759643555,51.947261810302734,2.700362205505371,0.0065427422523498535,1,50.0,-1.811023473739624,0.8682107329368591,-0.5953853726387024,12.073256492614746,152,2,384,0,0,0
1084,54.20143,33,656,1,1,52.226070404052734,52.06999206542969,2.4051876068115234,-0.3021293580532074,1,50.0,-1.6434589624404907,0.8731928467750549,-0.5592559576034546,12.073256492614746,143,2,384,0,0,0
1085,54.251419,83,656,1,0,52.226070404052734,52.06999206542969,2.4051876068115234,-0.3021293580532074,1,50.0,-1.6434589624404907,0.8731928467750549,-0.5592559576034546,12.073256492614746,143,2,384,0,0,0
1086,54.301418,52,657,1,1,52.40618133544922,52.38698959350586,2.344759702682495,-0.3396766781806946,1,50.0,-1.6234121322631836,0.8803770542144775,-0.5563976168632507,12.073256492614746,142,2,384,0,0,0
1087,54.351419,14,658,1,1,52.55943298339844,52.48924255371094,2.1785836219787598,-0.48192480206489563,1,50.0,-1.537499189376831,0.8870198726654053,-0.538782000541687,12.077445030212402,137,2,384,0,0,0
1088,54.401418,64,658,1,0,52.55943298339844,52.48924255371094,2.1785836219787598,-0.48192480206489563,1,50.0,-1.537499189376831,0.8870198726654053,-0.538782000541687,12.077445030212402,137,2,384,0,0,0
1089,54.451419,32,659,1,1,52.64964294433594,52.53019714355469,1.911395788192749,-0.7195383310317993,1,50.0,-1.385305404663086,0.8919016718864441,-0.5060460567474365,12.077445030212402,129,2,384,0,0,0
1090,54.501421,82,659,1,0,52.64964294433594,52.53019714355469,1.911395788192749,-0.7195383310317993,1,50.0,-1.385305404663086,0.8919016718864441,-0.5060460567474365,12.077445030212402,129,2,384,0,0,0
1091,54.551419,52,660,1,1,52.7474479675293,52.67340087890625,1.7156051397323608,-0.8638854026794434,1,50.0,-1.2766335010528564,0.8969554901123047,-0.48301973938941956,12.077445030212402,123,2,384,0,0,0
1092,54.601419,14,661,1,1,52.822776794433594,52.72459030151367,1.4493521451950073,-1.0624663829803467,1,50.0,-1.1236612796783447,0.9015506505966187,-0.4500470757484436,12.077445030212402,115,2,384,0,0,0
1093,54.651418,64,661,1,0,52.822776794433594,52.72459030151367,1.4493521451950073,-1.0624663829803467,1,50.0,-1.1236612796783447,0.9015506505966187,-0.4500470757484436,12.077445030212402,115,2,384,0,0,0
1094,54.701419,32,662,1,1,52.92997741699219,52.91885757446289,1.341057300567627,-1.0845667123794556,1,50.0,-1.0683324337005615,0.907166063785553,-0.43899962306022644,12.077445030212402,112,2,384,0,0,0
1095,54.751418,82,662,1,0,52.92997741699219,52.91885757446289,1.341057300567627,-1.0845667123794556,1,50.0,-1.0683324337005615,0.907166063785553,-0.43899962306022644,12.077445030212402,112,2,384,0,0,0
1096,54.801418,48,663,1,1,53.027034759521484,53.0108757019043,1.2191004753112793,-1.1167725324630737,1,50.0,-1.003893494606018,0.9125683307647705,-0.42588040232658386,12.077445030212402,109,2,384,0,0,0
1097,54.851427,13,664,1,1,53.06474304199219,52.98028564453125,0.9618143439292908,-1.286217451095581,1,50.0,-0.8529155254364014,0.9161211252212524,-0.3931192457675934,12.110946655273438,100,2,384,0,0,0
1098,54.901418,63,664,1,0,53.06474304199219,52.98028564453125,0.9618143439292908,-1.286217451095581,1,50.0,-0.8529155254364014,0.9161211252212524,-0.3931192457675934,12.110946655273438,100,2,384,0,0,0
1099,54.951419,31,665,1,1,53.106868743896484,53.06206512451172,0.7714524865150452,-1.374825358390808,1,50.0,-0.7424896955490112,0.9199898838996887,-0.3694399297237396,12.110946655273438,94,2,384,0,0,0
1100,55.001418,81,665,1,0,53.106868743896484,53.06206512451172,0.7714524865150452,-1.374825358390808,1,50.0,-0.7424896955490112,0.9199898838996887,-0.3694399297237396,12.110946655273438,94,2,384,0,0,0
1101,55.051498,48,666,1,1,53.062435150146484,52.91885757446289,0.38553115725517273,-1.6585780382156372,1,50.0,-0.5069378614425659,0.9212977290153503,-0.3173856735229492,12.110946655273438,81,2,384,0,0,0
1102,55.101419,13,667,1,1,53.05184555053711,53.00063705444336,0.14648181200027466,-1.760933518409729,1,50.0,-0.36255520582199097,0.9234301447868347,-0.2857745289802551,12.110946655273438,80,2,384,0,0,0
1103,55.151418,63,667,1,0,53.05184555053711,53.00063705444336,0.14648181200027466,-1.760933518409729,1,50.0,-0.36255520582199097,0.9234301447868347,-0.2857745289802551,12.110946655273438,80,2,384,0,0,0
1104,55.201494,32,668,1,1,53.012630462646484,52.9495735168457,-0.11480145156383514,-1.8847826719284058,1,50.0,-0.20225588977336884,0.9248476028442383,-0.2504674196243286,12.110946655273438,80,2,384,0,0,0
1105,55.251418,82,668,1,0,53.012630462646484,52.9495735168457,-0.11480145156383514,-1.8847826719284058,1,50.0,-0.20225588977336884,0.9248476028442383,-0.2504674196243286,12.110946655273438,80,2,384,0,0,0
1106,55.301418,48,669,1,1,53.06256866455078,53.15407943725586,-0.09931609034538269,-1.7033616304397583,1,50.0,-0.21604153513908386,0.9289065599441528,-0.25443291664123535,12.110946655273438,80,2,384,0,0,0
1107,55.351419,13,670,1,1,53.08412551879883,53.133602142333984,-0.14914566278457642,-1.6042799949645996,1,50.0,-0.18808391690254211,0.9320033192634583,-0.24890826642513275,12.110946655273438,80,2,384,0,0,0
1108,55.401418,63,670,1,0,53.08412551879883,53.133602142333984,-0.14914566278457642,-1.6042799949645996,1,50.0,-0.18808391690254211,0.9320033192634583,-0.24890826642513275,12.110946655273438,80,2,384,0,0,0
1109,55.451425,32,671,1,1,53.01774978637695,52.9495735168457,-0.40753650665283203,-1.7383251190185547,1,50.0,-0.027075588703155518,0.9326335787773132,-0.2132686972618103,12.110946655273438,80,2,384,0,0,0
1110,55.501418,82,671,1,0,53.01774978637695,52.9495735168457,-0.40753650665283203,-1.7383251190185547,1,50.0,-0.027075588703155518,0.9326335787773132,-0.2132686972618103,12.110946655273438,80,2,384,0,0,0
1111,55.55142,46,672,1,1,52.943359375,52.89838409423828,-0.6434919834136963,-1.8285351991653442,1,50.0,0.12119284272193909,0.9329668879508972,-0.1803942322731018,12.110946655273438,80,2,384,0,0,0
1112,55.601419,14,673,1,1,52.8559684753418,52.81660461425781,-0.8680674433708191,-1.9064134359359741,1,50.0,0.26380330324172974,0.9326998591423035,-0.14864367246627808,12.110946655273438,80,2,384,0,0,0
1113,55.651418,64,673,1,0,52.8559684753418,52.81660461425781,-0.8680674433708191,-1.9064134359359741,1,50.0,0.26380330324172974,0.9326998591423035,-0.14864367246627808,12.110946655273438,80,2,384,0,0,0
1114,55.701419,32,674,1,1,52.743038177490234,52.69387435913086,-1.1170027256011963,-2.0030760765075684,1,50.0,0.4233282208442688,0.9317395687103271,-0.11298029869794846,12.110946655273438,80,2,384,0,0,0
1115,55.751418,82,674,1,0,52.743038177490234,52.69387435913086,-1.1170027256011963,-2.0030760765075684,1,50.0,0.4233282208442688,0.9317395687103271,-0.11298029869794846,12.110946655273438,80,2,384,0,0,0
1116,55.801419,48,675,1,1,52.66386795043945,52.69387435913086,-1.2282216548919678,-1.9435380697250366,1,50.0,0.4971848726272583,0.9315589070320129,-0.09652755409479141,12.110946655273438,80,2,384,0,0,0
1117,55.851419,13,676,1,1,52.58623123168945,52.632450103759766,-1.3046648502349854,-1.8509172201156616,1,50.0,0.5500380992889404,0.9314940571784973,-0.08476798981428146,12.110946655273438,80,2,384,0,0,0
1118,55.901418,63,676,1,0,52.58623123168945,52.632450103759766,-1.3046648502349854,-1.8509172201156616,1,50.0,0.5500380992889404,0.9314940571784973,-0.08476798981428146,12.110946655273438,80,2,384,0,0,0
1119,55.951419,32,677,1,1,52.403663635253906,52.305213928222656,-1.6401374340057373,-2.0445847511291504,1,50.0,0.7677527666091919,0.9282153248786926,-0.0356583446264267,12.110946655273438,80,2,384,0,0,0
1120,56.001418,82,677,1,0,52.403663635253906,52.305213928222656,-1.6401374340057373,-2.0445847511291504,1,50.0,0.7677527666091919,0.9282153248786926,-0.0356583446264267,12.110946655273438,80,2,384,0,0,0
1121,56.051417,48,678,1,1,52.21377182006836,52.151771545410156,-1.9297521114349365,-2.1676242351531982,1,50.0,0.9586118459701538,0.9245616793632507,0.0,12.110946655273438,0,0,0,0,0,0
1122,56.101419,13,679,1,1,52.0580940246582,52.080230712890625,-2.0714924335479736,-2.1232619285583496,1,50.0,1.0576670169830322,0.9216623902320862,0.18133948743343353,12.110946655273438,80,1,0,0,0,0
1123,56.151419,63,679,1,0,52.0580940246582,52.080230712890625,-2.0714924335479736,-2.1232619285583496,1,50.0,1.0576670169830322,0.9216623902320862,0.18133948743343353,12.110946655273438,80,1,0,0,0,0
1124,56.201419,32,680,1,1,51.91436767578125,51.95750045776367,-2.1621856689453125,-2.0384039878845215,1,50.0,1.1250183582305908,0.9190999865531921,0.27455782890319824,12.110946655273438,80,1,0,0,0,0
1125,56.25145,82,680,1,0,51.91436767578125,51.95750045776367,-2.1621856689453125,-2.0384039878845215,1,50.0,1.1250183582305908,0.9190999865531921,0.27455782890319824,12.110946655273438,80,1,0,0,0,0
1126,56.301418,47,681,1,1,51.72277069091797,51.7221565246582,-2.33662748336792,-2.03963303565979,1,50.0,1.246927261352539,0.9149792790412903,0.44259729981422424,12.110946655273438,113,1,0,0,0,0
1127,56.351436,15,682,1,1,51.56437683105469,51.619903564453125,-2.398813009262085,-1.9299499988555908,1,50.0,1.2984939813613892,0.9116056561470032,0.5158510804176331,12.110946655273438,132,1,0,0,0,0
1128,56.401418,65,682,1,0,51.56437683105469,51.619903564453125,-2.398813009262085,-1.9299499988555908,1,50.0,1.2984939813613892,0.9116056561470032,0.5158510804176331,12.110946655273438,132,1,0,0,0,0
1129,56.451419,33,683,1,1,51.298316955566406,51.21076202392578,-2.7219460010528564,-2.102118492126465,1,50.0,1.5163190364837646,0.9049535989761353,0.8151538968086243,12.110946655273438,208,1,0,0,0,0
1130,56.501422,83,683,1,0,51.298316955566406,51.21076202392578,-2.7219460010528564,-2.102118492126465,1,50.0,1.5163190364837646,0.9049535989761353,0.8151538968086243,12.110946655273438,208,1,0,0,0,0
1131,56.551418,52,684,1,1,51.0950927734375,51.12898635864258,-2.828862190246582,-2.0359387397766113,1,50.0,1.5987590551376343,0.899895429611206,0.9318181872367859,12.110946655273438,238,1,0,0,0,0
1132,56.601419,13,685,1,1,50.90365982055664,50.99601745605469,-2.829749345779419,-1.8477317094802856,1,50.0,1.6165202856063843,0.8950833678245544,0.961915910243988,12.110946655273438,245,1,0,0,0,0
1133,56.651418,63,685,1,0,50.90365982055664,50.99601745605469,-2.829749345779419,-1.8477317094802856,1,50.0,1.6165202856063843,0.8950833678245544,0.961915910243988,12.110946655273438,245,1,0,0,0,0
1134,56.701418,32,686,1,1,50.715824127197266,50.781272888183594,-2.855013132095337,-1.717890739440918,1,50.0,1.6485837697982788,0.8902163505554199,1.0,12.110946655273438,255,1,0,0,0,1
1135,56.751418,82,686,1,0,50.715824127197266,50.781272888183594,-2.855013132095337,-1.717890739440918,1,50.0,1.6485837697982788,0.8902163505554199,1.0,12.110946655273438,255,1,0,0,0,1
1136,56.801431,47,687,1,1,50.53056335449219,50.617591857910156,-2.834012508392334,-1.5435700416564941,1,50.0,1.65265691280365,0.8846585750579834,1.0,12.110946655273438,255,1,0,0,0,1
1137,56.851418,14,688,1,1,50.363311767578125,50.464149475097656,-2.770002841949463,-1.3430259227752686,1,50.0,1.6293036937713623,0.879641056060791,0.9995501637458801,12.123509407043457,255,1,0,0,0,0
1138,56.901418,64,688,1,0,50.363311767578125,50.464149475097656,-2.770002841949463,-1.3430259227752686,1,50.0,1.6293036937713623,0.879641056060791,0.9995501637458801,12.123509407043457,255,1,0,0,0,0
1139,56.951419,33,689,1,1,50.12697982788086,50.11643981933594,-2.8985722064971924,-1.363685965538025,1,50.0,1.7277151346206665,0.8728598952293396,1.0,12.123509407043457,255,1,0,0,0,1
1140,57.001434,83,689,1,0,50.12697982788086,50.11643981933594,-2.8985722064971924,-1.363685965538025,1,50.0,1.7277151346206665,0.8728598952293396,1.0,12.123509407043457,255,1,0,0,0,1
1141,57.051418,52,690,1,1,49.957275390625,50.05501174926758,-2.8267359733581543,-1.1732308864593506,1,50.0,1.6998869180679321,0.8677687048912048,1.0,12.123509407043457,255,1,0,0,0,1
1142,57.101419,13,691,1,1,49.82550048828125,49.993709564208984,-2.6031994819641113,-0.830856204032898,1,50.0,1.577624797821045,0.8638154864311218,0.9517457485198975,12.123509407043457,243,1,0,0,0,0
1143,57.151418,63,691,1,0,49.82550048828125,49.993709564208984,-2.6031994819641113,-0.830856204032898,1,50.0,1.577624797821045,0.8638154864311218,0.9517457485198975,12.123509407043457,243,1,0,0,0,0
1144,57.201421,31,692,1,1,49.71952438354492,49.87097930908203,-2.3820104598999023,-0.5288954377174377,1,50.0,1.45444917678833,0.8604878783226013,0.7919483780860901,12.123509407043457,202,1,0,0,0,0
1145,57.251418,81,692,1,0,49.71952438354492,49.87097930908203,-2.3820104598999023,-0.5288954377174377,1,50.0,1.45444917678833,0.8604878783226013,0.7919483780860901,12.123509407043457,202,1,0,0,0,0
1146,57.301418,48,693,1,1,49.6589241027832,49.85050582885742,-2.0616698265075684,-0.14869654178619385,1,50.0,1.2676987648010254,0.8584315180778503,0.5456896424293518,12.123509407043457,139,1,0,0,0,0
1147,57.351419,14,694,1,1,49.62179183959961,49.80955505371094,-1.7159117460250854,0.22525644302368164,1,50.0,1.063585877418518,0.8570446372032166,0.27538833022117615,12.123509407043457,80,1,0,0,0,0
1148,57.401418,64,694,1,0,49.62179183959961,49.80955505371094,-1.7159117460250854,0.22525644302368164,1,50.0,1.063585877418518,0.8570446372032166,0.27538833022117615,12.123509407043457,80,1,0,0,0,0
1149,57.451419,33,695,1,1,49.51718521118164,49.56409454345703,-1.609548807144165,0.31726494431495667,1,50.0,1.0091825723648071,0.8535849452018738,0.20746348798274994,12.123509407043457,80,1,0,0,0,0
1150,57.501496,83,695,1,0,49.51718521118164,49.56409454345703,-1.609548807144165,0.31726494431495667,1,50.0,1.0091825723648071,0.8535849452018738,0.20746348798274994,12.123509407043457,80,1,0,0,0,0
1151,57.551419,51,696,1,1,49.51163864135742,49.686824798583984,-1.254737138748169,0.6606796979904175,1,50.0,0.7967948317527771,0.8530322909355164,0.0,12.123509407043457,0,0,0,0,0,0
1152,57.601419,13,697,1,1,49.49360275268555,49.61528396606445,-0.960096538066864,0.9075300097465515,1,50.0,0.6216337084770203,0.8520761132240295,-0.051209427416324615,12.123509407043457,80,2,384,0,0,0
1153,57.651418,63,697,1,0,49.49360275268555,49.61528396606445,-0.960096538066864,0.9075300097465515,1,50.0,0.6216337084770203,0.8520761132240295,-0.051209427416324615,12.123509407043457,80,2,384,0,0,0
1154,57.701419,32,698,1,1,49.55708694458008,49.748252868652344,-0.5241196155548096,1.2858411073684692,1,50.0,0.3543339669704437,0.8535502552986145,-0.1109369546175003,12.123509407043457,80,2,384,0,0,0
1155,57.751418,82,698,1,0,49.55708694458008,49.748252868652344,-0.5241196155548096,1.2858411073684692,1,50.0,0.3543339669704437,0.8535502552986145,-0.1109369546175003,12.123509407043457,80,2,384,0,0,0
1156,57.801418,48,699,1,1,49.62326431274414,49.76872634887695,-0.1388707160949707,1.5752148628234863,1,50.0,0.11722864955663681,0.8551591038703918,-0.16398455202579498,12.123509407043457,80,2,384,0,0,0
1157,57.851419,14,700,1,1,49.719791412353516,49.86074447631836,0.26275086402893066,1.8562910556793213,1,50.0,-0.132431760430336,0.8577533960342407,-0.22004114091396332,12.123509407043457,80,2,384,0,0,0
1158,57.901418,64,700,1,0,49.719791412353516,49.86074447631836,0.26275086402893066,1.8562910556793213,1,50.0,-0.132431760430336,0.8577533960342407,-0.22004114091396332,12.123509407043457,80,2,384,0,0,0
1159,57.951419,32,701,1,1,49.76926040649414,49.79931640625,0.4717899560928345,1.9156092405319214,1,50.0,-0.26230743527412415,0.8589993715286255,-0.24917928874492645,12.123509407043457,80,2,384,0,0,0
1160,58.001434,82,701,1,0,49.76926040649414,49.79931640625,0.4717899560928345,1.9156092405319214,1,50.0,-0.26230743527412415,0.8589993715286255,-0.24917928874492645,12.123509407043457,80,2,384,0,0,0
1161,58.051418,50,702,1,1,49.89788055419922,50.01418685913086,0.847743034362793,2.144155740737915,1,50.0,-0.4994550943374634,0.8626733422279358,-0.30269521474838257,12.123509407043457,80,2,384,0,0,0
1162,58.101419,14,703,1,1,49.985050201416016,49.993709564208984,1.048789381980896,2.1615350246429443,1,50.0,-0.6279281973838806,0.8652016520500183,-0.33180662989616394,12.123509407043457,85,2,384,0,0,0
1163,58.15142,64,703,1,0,49.985050201416016,49.993709564208984,1.048789381980896,2.1615350246429443,1,50.0,-0.6279281973838806,0.8652016520500183,-0.33180662989616394,12.123509407043457,85,2,384,0,0,0
1164,58.201423,33,704,1,1,50.1320686340332,50.20845413208008,1.367983341217041,2.3119802474975586,1,50.0,-0.8326762318611145,0.8695995807647705,-0.3782835006713867,12.123509407043457,96,2,384,0,0,0
1165,58.251427,83,704,1,0,50.1320686340332,50.20845413208008,1.367983341217041,2.3119802474975586,1,50.0,-0.8326762318611145,0.8695995807647705,-0.3782835006713867,12.123509407043457,96,2,384,0,0,0
1166,58.301423,52,705,1,1,50.33942794799805,50.464149475097656,1.7884893417358398,2.5555665493011475,1,50.0,-1.103642225265503,0.8759259581565857,-0.4399040639400482,12.123509407043457,112,2,384,0,0,0
1167,58.351419,13,706,1,1,50.572479248046875,50.658546447753906,2.1839065551757812,2.7308707237243652,1,50.0,-1.361867070198059,0.8832059502601624,-0.49890509247779846,12.123509407043457,127,2,384,0,0,0
1168,58.401457,63,706,1,0,50.572479248046875,50.658546447753906,2.1839065551757812,2.7308707237243652,1,50.0,-1.361867070198059,0.8832059502601624,-0.49890509247779846,12.123509407043457,127,2,384,0,0,0
1169,58.451419,31,707,1,1,50.700408935546875,50.617591857910156,2.249607563018799,2.565760612487793,1,50.0,-1.4128013849258423,0.887530505657196,-0.5111848711967468,12.123509407043457,130,2,384,0,0,0
1170,58.50144,81,707,1,0,50.700408935546875,50.617591857910156,2.249607563018799,2.565760612487793,1,50.0,-1.4128013849258423,0.887530505657196,-0.5111848711967468,12.123509407043457,130,2,384,0,0,0
1171,58.551418,47,708,1,1,50.90509796142578,50.914241790771484,2.4826135635375977,2.5840044021606445,1,50.0,-1.5710270404815674,0.8942665457725525,-0.5478430390357971,12.123509407043457,140,2,384,0,0,0
1172,58.601419,14,709,1,1,51.059295654296875,50.97554397583008,2.537876605987549,2.417829990386963,1,50.0,-1.6180627346038818,0.899616539478302,-0.5594842433929443,12.123509407043457,143,2,384,0,0,0
1173,58.651418,64,709,1,0,51.059295654296875,50.97554397583008,2.537876605987549,2.417829990386963,1,50.0,-1.6180627346038818,0.899616539478302,-0.5594842433929443,12.123509407043457,143,2,384,0,0,0
1174,58.701419,32,710,1,1,51.22705078125,51.159698486328125,2.6091530323028564,2.2852489948272705,1,50.0,-1.6759264469146729,0.9055495858192444,-0.5736613273620605,12.123509407043457,146,2,384,0,0,0
1175,58.751418,82,710,1,0,51.22705078125,51.159698486328125,2.6091530323028564,2.2852489948272705,1,50.0,-1.6759264469146729,0.9055495858192444,-0.5736613273620605,12.123509407043457,146,2,384,0,0,0
1176,58.801419,48,711,1,1,51.46369934082031,51.4766960144043,2.82582426071167,2.3110482692718506,1,50.0,-1.8272275924682617,0.9136919379234314,-0.6090932488441467,12.123509407043457,155,2,384,0,0,0
1177,58.851427,13,712,1,1,51.599849700927734,51.446109771728516,2.727090835571289,2.002969741821289,1,50.0,-1.7802410125732422,0.9189475178718567,-0.5998196601867676,12.123509407043457,153,2,384,0,0,0
1178,58.901418,63,712,1,0,51.599849700927734,51.446109771728516,2.727090835571289,2.002969741821289,1,50.0,-1.7802410125732422,0.9189475178718567,-0.5998196601867676,12.123509407043457,153,2,384,0,0,0
1179,58.951419,32,713,1,1,51.6891975402832,51.49717330932617,2.5275261402130127,1.6252920627593994,1,50.0,-1.6685435771942139,0.9229878187179565,-0.5758958458900452,12.123509407043457,147,2,384,0,0,0
1180,59.001418,82,713,1,0,51.6891975402832,51.49717330932617,2.5275261402130127,1.6252920627593994,1,50.0,-1.6685435771942139,0.9229878187179565,-0.5758958458900452,12.123509407043457,147,2,384,0,0,0
1181,59.051418,48,714,1,1,51.77794647216797,51.59942626953125,2.3247416019439697,1.2710940837860107,1,50.0,-1.554860234260559,0.9270860552787781,-0.5515435934066772,12.123509407043457,141,2,384,0,0,0
1182,59.101419,14,715,1,1,51.865806579589844,51.711917877197266,2.137742280960083,0.9644837379455566,1,50.0,-1.4505680799484253,0.9311442375183105,-0.5292694568634033,12.123509407043457,135,2,384,0,0,0
1183,59.151418,64,715,1,0,51.865806579589844,51.711917877197266,2.137742280960083,0.9644837379455566,1,50.0,-1.4505680799484253,0.9311442375183105,-0.5292694568634033,12.123509407043457,135,2,384,0,0,0
1184,59.201424,33,716,1,1,51.968292236328125,51.865360260009766,2.0223748683929443,0.7624924182891846,1,50.0,-1.3905712366104126,0.9358046650886536,-0.5169724225997925,12.123509407043457,132,2,384,0,0,0
1185,59.251428,83,716,1,0,51.968292236328125,51.865360260009766,2.0223748683929443,0.7624924182891846,1,50.0,-1.3905712366104126,0.9358046650886536,-0.5169724225997925,12.123509407043457,132,2,384,0,0,0
1186,59.301418,52,717,1,1,52.03965377807617,51.90631103515625,1.835168719291687,0.5024820566177368,1,50.0,-1.284670114517212,0.9395201802253723,-0.49426448345184326,12.123509407043457,126,2,384,0,0,0
1187,59.351419,13,718,1,1,52.077938079833984,51.90631103515625,1.5450788736343384,0.15307435393333435,1,50.0,-1.1140618324279785,0.9424024820327759,-0.4569920301437378,12.123509407043457,117,2,384,0,0,0
1188,59.401418,63,718,1,0,52.077938079833984,51.90631103515625,1.5450788736343384,0.15307435393333435,1,50.0,-1.1140618324279785,0.9424024820327759,-0.4569920301437378,12.123509407043457,117,2,384,0,0,0
1189,59.451419,32,719,1,1,52.04859161376953,51.83464813232422,1.151024580001831,-0.2710781991481781,1,50.0,-0.8749880194664001,0.9432882070541382,-0.4040614068508148,12.123509407043457,103,2,384,0,0,0
1190,59.501418,82,719,1,0,52.04859161376953,51.83464813232422,1.151024580001831,-0.2710781991481781,1,50.0,-0.8749880194664001,0.9432882070541382,-0.4040614068508148,12.123509407043457,103,2,384,0,0,0
1191,59.551418,48,720,1,1,52.05705261230469,51.93702697753906,0.899285078048706,-0.5100495219230652,1,50.0,-0.7247058153152466,0.9452834129333496,-0.3711087107658386,12.123509407043457,95,2,384,0,0,0
1192,59.601419,14,721,1,1,51.98445510864258,51.78358459472656,0.4725203514099121,-0.9107550382614136,1,50.0,-0.4621132016181946,0.9447511434555054,-0.31263652443885803,12.123509407043457,80,2,384,0,0,0
1193,59.651418,64,721,1,0,51.98445510864258,51.78358459472656,0.4725203514099121,-0.9107550382614136,1,50.0,-0.4621132016181946,0.9447511434555054,-0.31263652443885803,12.123509407043457,80,2,384,0,0,0
1194,59.701419,33,722,1,1,51.94239807128906,51.83464813232422,0.1961880624294281,-1.1222527027130127,1,50.0,-0.2925286889076233,0.9451761841773987,-0.2750455141067505,12.123509407043457,80,2,384,0,0,0
1195,59.751443,83,722,1,0,51.94239807128906,51.83464813232422,0.1961880624294281,-1.1222527027130127,1,50.0,-0.2925286889076233,0.9451761841773987,-0.2750455141067505,12.123509407043457,80,2,384,0,0,0
1196,59.801422,51,723,1,1,51.93451690673828,51.90631103515625,0.05121055245399475,-1.177561640739441,1,50.0,-0.20483285188674927,0.9464936256408691,-0.25585031509399414,12.123509407043457,80,2,384,0,0,0
1197,59.851419,13,724,1,1,51.93120193481445,51.926788330078125,-0.06099680811166763,-1.1865198612213135,1,50.0,-0.13721010088920593,0.9480385184288025,-0.24116633832454681,12.031379699707031,80,2,384,0,0,0
1198,59.901418,63,724,1,0,51.93120193481445,51.926788330078125,-0.06099680811166763,-1.1865198612213135,1,50.0,-0.13721010088920593,0.9480385184288025,-0.24116633832454681,12.031379699707031,80,2,384,0,0,0
1199,59.951419,32,725,1,1,51.821197509765625,51.68132781982422,-0.42229416966438293,-1.4633318185806274,1,50.0,0.08946873247623444,0.9463800191879272,-0.19042474031448364,12.031379699707031,80,2,384,0,0,0
