source,input_last_line,outcome_line,session,elapsed_s,depth_cm,target_depth_cm,pid_base,pid_output,split,residual_label
D:\Squid-Robot-Delivery-20260922\4_PC_Console\target-pi-build\release\squid-logs\control-1791351717.csv,30,31,control-1791351717-segment014-target40,104.974,10.959,40.0,80.0,94.25,train,0.0
D:\Squid-Robot-Delivery-20260922\4_PC_Console\target-pi-build\release\squid-logs\control-1791351717.csv,37,38,control-1791351717-segment015-target40,108.498,10.958,40.0,80.0,95.0,train,0.0
D:\Squid-Robot-Delivery-20260922\4_PC_Console\target-pi-build\release\squid-logs\control-1791351717.csv,38,39,control-1791351717-segment015-target40,109.012,10.944,40.0,80.0,95.5,train,0.0
D:\Squid-Robot-Delivery-20260922\4_PC_Console\target-pi-build\release\squid-logs\control-1791351717.csv,39,40,control-1791351717-segment015-target40,109.478,10.992,40.0,80.0,95.25,train,0.0
D:\Squid-Robot-Delivery-20260922\4_PC_Console\target-pi-build\release\squid-logs\control-1791351717.csv,40,41,control-1791351717-segment015-target40,109.992,10.972,40.0,80.0,95.5,train,0.0
D:\Squid-Robot-Delivery-20260922\4_PC_Console\target-pi-build\release\squid-logs\control-1791351717.csv,41,42,control-1791351717-segment015-target40,110.507,10.884,40.0,80.0,95.75,train,0.0
D:\Squid-Robot-Delivery-20260922\4_PC_Console\target-pi-build\release\squid-logs\control-1791351717.csv,42,43,control-1791351717-segment015-target40,110.988,10.938,40.0,80.0,95.5,train,0.0
D:\Squid-Robot-Delivery-20260922\4_PC_Console\target-pi-build\release\squid-logs\control-1791351717.csv,43,44,control-1791351717-segment015-target40,111.501,10.978,40.0,80.0,95.25,train,0.0
D:\Squid-Robot-Delivery-20260922\4_PC_Console\target-pi-build\release\squid-logs\control-1791351717.csv,44,45,control-1791351717-segment015-target40,112.003,11.017,40.0,80.0,95.25,train,0.0
D:\Squid-Robot-Delivery-20260922\4_PC_Console\target-pi-build\release\squid-logs\control-1791351717.csv,45,46,control-1791351717-segment015-target40,112.495,11.049,40.0,80.0,95.25,train,0.0
D:\Squid-Robot-Delivery-20260922\4_PC_Console\target-pi-build\release\squid-logs\control-1791351717.csv,46,47,control-1791351717-segment015-target40,112.98,11.056,40.0,80.0,95.25,train,0.0
D:\Squid-Robot-Delivery-20260922\4_PC_Console\target-pi-build\release\squid-logs\control-1791351717.csv,47,48,control-1791351717-segment015-target40,113.477,11.025,40.0,80.0,95.5,train,0.0
D:\Squid-Robot-Delivery-20260922\4_PC_Console\target-pi-build\release\squid-logs\control-1791351717.csv,48,49,control-1791351717-segment015-target40,113.991,10.962,40.0,80.0,95.5,train,0.0
D:\Squid-Robot-Delivery-20260922\4_PC_Console\target-pi-build\release\squid-logs\control-1791351717.csv,49,50,control-1791351717-segment015-target40,114.5,10.993,40.0,80.0,95.5,train,0.0
D:\Squid-Robot-Delivery-20260922\4_PC_Console\target-pi-build\release\squid-logs\control-1791351717.csv,50,51,control-1791351717-segment015-target40,114.978,10.974,40.0,80.0,95.5,train,0.0
D:\Squid-Robot-Delivery-20260922\4_PC_Console\target-pi-build\release\squid-logs\control-1791351717.csv,51,52,control-1791351717-segment015-target40,115.505,11.044,40.0,80.0,95.25,train,0.0
D:\Squid-Robot-Delivery-20260922\4_PC_Console\target-pi-build\release\squid-logs\control-1791351717.csv,52,53,control-1791351717-segment015-target40,115.99,11.097,40.0,80.0,95.25,train,0.0
D:\Squid-Robot-Delivery-20260922\4_PC_Console\target-pi-build\release\squid-logs\control-1791351717.csv,53,54,control-1791351717-segment015-target40,116.506,11.099,40.0,80.0,95.0,train,0.0
D:\Squid-Robot-Delivery-20260922\4_PC_Console\target-pi-build\release\squid-logs\control-1791351717.csv,54,55,control-1791351717-segment015-target40,116.975,11.185,40.0,80.0,94.75,train,0.0
D:\Squid-Robot-Delivery-20260922\4_PC_Console\target-pi-build\release\squid-logs\control-1791351717.csv,55,56,control-1791351717-segment015-target40,117.501,11.159,40.0,80.0,95.0,train,0.0
D:\Squid-Robot-Delivery-20260922\4_PC_Console\target-pi-build\release\squid-logs\control-1791351717.csv,56,57,control-1791351717-segment015-target40,118.013,11.109,40.0,80.0,95.5,train,0.0
D:\Squid-Robot-Delivery-20260922\4_PC_Console\target-pi-build\release\squid-logs\control-1791351717.csv,57,58,control-1791351717-segment015-target40,118.475,11.226,40.0,80.0,94.75,train,0.0
D:\Squid-Robot-Delivery-20260922\4_PC_Console\target-pi-build\release\squid-logs\control-1791351717.csv,58,59,control-1791351717-segment015-target40,118.992,11.156,40.0,80.0,94.75,train,0.0
D:\Squid-Robot-Delivery-20260922\4_PC_Console\target-pi-build\release\squid-logs\control-1791351717.csv,59,60,control-1791351717-segment015-target40,119.474,11.163,40.0,80.0,95.5,train,0.0
D:\Squid-Robot-Delivery-20260922\4_PC_Console\target-pi-build\release\squid-logs\control-1791351717.csv,60,61,control-1791351717-segment015-target40,120.004,11.116,40.0,80.0,95.5,train,0.0
D:\Squid-Robot-Delivery-20260922\4_PC_Console\target-pi-build\release\squid-logs\control-1791351717.csv,61,62,control-1791351717-segment015-target40,120.502,11.217,40.0,80.0,95.0,train,0.0
D:\Squid-Robot-Delivery-20260922\4_PC_Console\target-pi-build\release\squid-logs\control-1791351717.csv,62,63,control-1791351717-segment015-target40,120.999,11.288,40.0,80.0,94.75,train,0.0
D:\Squid-Robot-Delivery-20260922\4_PC_Console\target-pi-build\release\squid-logs\control-1791351717.csv,63,64,control-1791351717-segment015-target40,121.481,11.244,40.0,80.0,95.25,train,0.0
D:\Squid-Robot-Delivery-20260922\4_PC_Console\target-pi-build\release\squid-logs\control-1791351717.csv,64,65,control-1791351717-segment015-target40,121.976,11.3,40.0,80.0,95.0,train,0.0
D:\Squid-Robot-Delivery-20260922\4_PC_Console\target-pi-build\release\squid-logs\control-1791351717.csv,65,66,control-1791351717-segment015-target40,122.517,11.281,40.0,80.0,95.25,train,0.0
D:\Squid-Robot-Delivery-20260922\4_PC_Console\target-pi-build\release\squid-logs\control-1791351717.csv,66,67,control-1791351717-segment015-target40,123.015,11.311,40.0,80.0,95.25,train,0.0
D:\Squid-Robot-Delivery-20260922\4_PC_Console\target-pi-build\release\squid-logs\control-1791351717.csv,67,68,control-1791351717-segment015-target40,123.498,11.321,40.0,80.0,95.25,train,0.0
D:\Squid-Robot-Delivery-20260922\4_PC_Console\target-pi-build\release\squid-logs\control-1791351717.csv,68,69,control-1791351717-segment015-target40,123.998,11.311,40.0,80.0,95.5,train,0.0
D:\Squid-Robot-Delivery-20260922\4_PC_Console\target-pi-build\release\squid-logs\control-1791351717.csv,69,70,control-1791351717-segment015-target40,124.499,11.365,40.0,80.0,94.75,train,0.0
D:\Squid-Robot-Delivery-20260922\4_PC_Console\target-pi-build\release\squid-logs\control-1791351717.csv,75,76,control-1791351717-segment016-target40,128.01,11.416,40.0,80.0,95.25,train,0.0
D:\Squid-Robot-Delivery-20260922\4_PC_Console\target-pi-build\release\squid-logs\control-1791351717.csv,76,77,control-1791351717-segment016-target40,128.497,11.449,40.0,80.0,95.0,train,0.0
D:\Squid-Robot-Delivery-20260922\4_PC_Console\target-pi-build\release\squid-logs\control-1791351717.csv,77,78,control-1791351717-segment016-target40,128.997,11.496,40.0,80.0,94.5,train,0.0
D:\Squid-Robot-Delivery-20260922\4_PC_Console\target-pi-build\release\squid-logs\control-1791351717.csv,78,79,control-1791351717-segment016-target40,129.493,11.486,40.0,80.0,95.0,train,0.0
D:\Squid-Robot-Delivery-20260922\4_PC_Console\target-pi-build\release\squid-logs\control-1791351717.csv,79,80,control-1791351717-segment016-target40,129.993,11.477,40.0,80.0,94.75,train,0.0
D:\Squid-Robot-Delivery-20260922\4_PC_Console\target-pi-build\release\squid-logs\control-1791351717.csv,80,81,control-1791351717-segment016-target40,130.491,11.507,40.0,80.0,94.75,train,0.0
D:\Squid-Robot-Delivery-20260922\4_PC_Console\target-pi-build\release\squid-logs\control-1791351717.csv,81,82,control-1791351717-segment016-target40,131.001,11.605,40.0,80.0,94.25,train,0.0
D:\Squid-Robot-Delivery-20260922\4_PC_Console\target-pi-build\release\squid-logs\control-1791351717.csv,82,83,control-1791351717-segment016-target40,131.5,11.614,40.0,80.0,94.75,train,0.0
D:\Squid-Robot-Delivery-20260922\4_PC_Console\target-pi-build\release\squid-logs\control-1791351717.csv,83,84,control-1791351717-segment016-target40,131.995,11.669,40.0,80.0,94.75,train,0.0
D:\Squid-Robot-Delivery-20260922\4_PC_Console\target-pi-build\release\squid-logs\control-1791351717.csv,84,85,control-1791351717-segment016-target40,132.477,12.21,40.0,80.0,92.75,train,0.0
D:\Squid-Robot-Delivery-20260922\4_PC_Console\target-pi-build\release\squid-logs\control-1791351717.csv,85,86,control-1791351717-segment016-target40,132.992,14.849,40.0,80.0,83.75,train,0.0
D:\Squid-Robot-Delivery-20260922\4_PC_Console\target-pi-build\release\squid-logs\control-1791351717.csv,86,87,control-1791351717-segment016-target40,133.5,18.209,40.0,80.0,77.0,train,0.0
D:\Squid-Robot-Delivery-20260922\4_PC_Console\target-pi-build\release\squid-logs\control-1791351717.csv,87,88,control-1791351717-segment016-target40,134.014,20.075,40.0,80.0,80.25,train,0.0
D:\Squid-Robot-Delivery-20260922\4_PC_Console\target-pi-build\release\squid-logs\control-1791351717.csv,88,89,control-1791351717-segment016-target40,134.489,22.179,40.0,80.0,81.25,train,0.0
D:\Squid-Robot-Delivery-20260922\4_PC_Console\target-pi-build\release\squid-logs\control-1791351717.csv,89,90,control-1791351717-segment016-target40,135.014,25.149,40.0,-80.0,-83.25,train,0.0
D:\Squid-Robot-Delivery-20260922\4_PC_Console\target-pi-build\release\squid-logs\control-1791351717.csv,90,91,control-1791351717-segment016-target40,135.517,27.153,40.0,-80.0,-81.75,train,20.0
D:\Squid-Robot-Delivery-20260922\4_PC_Console\target-pi-build\release\squid-logs\control-1791351717.csv,91,92,control-1791351717-segment016-target40,135.999,27.612,40.0,80.0,84.25,train,20.0
D:\Squid-Robot-Delivery-20260922\4_PC_Console\target-pi-build\release\squid-logs\control-1791351717.csv,92,93,control-1791351717-segment016-target40,136.482,27.726,40.0,80.0,87.75,train,0.0
D:\Squid-Robot-Delivery-20260922\4_PC_Console\target-pi-build\release\squid-logs\control-1791351717.csv,93,94,control-1791351717-segment016-target40,137.017,27.996,40.0,80.0,87.0,train,0.0
D:\Squid-Robot-Delivery-20260922\4_PC_Console\target-pi-build\release\squid-logs\control-1791351717.csv,94,95,control-1791351717-segment016-target40,137.484,28.367,40.0,80.0,85.75,train,-20.0
D:\Squid-Robot-Delivery-20260922\4_PC_Console\target-pi-build\release\squid-logs\control-1791351717.csv,95,96,control-1791351717-segment016-target40,137.997,28.312,40.0,80.0,85.75,train,0.0
D:\Squid-Robot-Delivery-20260922\4_PC_Console\target-pi-build\release\squid-logs\control-1791351717.csv,96,97,control-1791351717-segment016-target40,138.51,28.371,40.0,80.0,85.75,train,-20.0
D:\Squid-Robot-Delivery-20260922\4_PC_Console\target-pi-build\release\squid-logs\control-1791351717.csv,97,98,control-1791351717-segment016-target40,138.994,28.979,40.0,80.0,83.5,train,-20.0
D:\Squid-Robot-Delivery-20260922\4_PC_Console\target-pi-build\release\squid-logs\control-1791351717.csv,98,99,control-1791351717-segment016-target40,139.494,29.547,40.0,80.0,82.5,train,-20.0
D:\Squid-Robot-Delivery-20260922\4_PC_Console\target-pi-build\release\squid-logs\control-1791351717.csv,99,100,control-1791351717-segment016-target40,140.01,29.87,40.0,80.0,83.25,train,-20.0
D:\Squid-Robot-Delivery-20260922\4_PC_Console\target-pi-build\release\squid-logs\control-1791351717.csv,100,101,control-1791351717-segment016-target40,140.493,30.349,40.0,80.0,83.25,train,-20.0
D:\Squid-Robot-Delivery-20260922\4_PC_Console\target-pi-build\release\squid-logs\control-1791351717.csv,101,102,control-1791351717-segment016-target40,140.991,31.298,40.0,-80.0,-79.0,train,20.0
D:\Squid-Robot-Delivery-20260922\4_PC_Console\target-pi-build\release\squid-logs\control-1791351717.csv,102,103,control-1791351717-segment016-target40,141.492,32.45,40.0,-80.0,-81.25,train,20.0
D:\Squid-Robot-Delivery-20260922\4_PC_Console\target-pi-build\release\squid-logs\control-1791351717.csv,103,104,control-1791351717-segment016-target40,141.989,33.28,40.0,-80.0,-80.75,train,20.0
D:\Squid-Robot-Delivery-20260922\4_PC_Console\target-pi-build\release\squid-logs\control-1791351717.csv,104,105,control-1791351717-segment016-target40,142.486,33.185,40.0,80.0,82.75,train,20.0
D:\Squid-Robot-Delivery-20260922\4_PC_Console\target-pi-build\release\squid-logs\control-1791351717.csv,105,106,control-1791351717-segment016-target40,142.988,32.364,40.0,80.0,87.5,train,20.0
D:\Squid-Robot-Delivery-20260922\4_PC_Console\target-pi-build\release\squid-logs\control-1791351717.csv,106,107,control-1791351717-segment016-target40,143.518,31.286,40.0,80.0,89.75,train,20.0
D:\Squid-Robot-Delivery-20260922\4_PC_Console\target-pi-build\release\squid-logs\control-1791351717.csv,107,108,control-1791351717-segment016-target40,144.002,30.778,40.0,80.0,88.5,train,-20.0
D:\Squid-Robot-Delivery-20260922\4_PC_Console\target-pi-build\release\squid-logs\control-1791351717.csv,108,109,control-1791351717-segment016-target40,144.515,31.021,40.0,80.0,84.5,train,-20.0
D:\Squid-Robot-Delivery-20260922\4_PC_Console\target-pi-build\release\squid-logs\control-1791351717.csv,109,110,control-1791351717-segment016-target40,144.984,31.356,40.0,80.0,82.75,train,-20.0
D:\Squid-Robot-Delivery-20260922\4_PC_Console\target-pi-build\release\squid-logs\control-1791351717.csv,110,111,control-1791351717-segment016-target40,145.514,31.494,40.0,80.0,84.0,train,-20.0
D:\Squid-Robot-Delivery-20260922\4_PC_Console\target-pi-build\release\squid-logs\control-1791351717.csv,111,112,control-1791351717-segment016-target40,145.978,31.736,40.0,80.0,84.25,train,-20.0
D:\Squid-Robot-Delivery-20260922\4_PC_Console\target-pi-build\release\squid-logs\control-1791351717.csv,112,113,control-1791351717-segment016-target40,146.507,32.565,40.0,-80.0,-77.0,train,20.0
D:\Squid-Robot-Delivery-20260922\4_PC_Console\target-pi-build\release\squid-logs\control-1791351717.csv,113,114,control-1791351717-segment016-target40,147.022,33.726,40.0,-80.0,-79.0,train,20.0
D:\Squid-Robot-Delivery-20260922\4_PC_Console\target-pi-build\release\squid-logs\control-1791351717.csv,114,115,control-1791351717-segment016-target40,147.488,34.482,40.0,-80.0,-78.0,train,20.0
D:\Squid-Robot-Delivery-20260922\4_PC_Console\target-pi-build\release\squid-logs\control-1791351717.csv,115,116,control-1791351717-segment016-target40,148.001,34.522,40.0,80.0,84.5,train,16.0
D:\Squid-Robot-Delivery-20260922\4_PC_Console\target-pi-build\release\squid-logs\control-1791351717.csv,116,117,control-1791351717-segment016-target40,148.483,33.902,40.0,80.0,88.5,train,0.0
D:\Squid-Robot-Delivery-20260922\4_PC_Console\target-pi-build\release\squid-logs\control-1791351717.csv,117,118,control-1791351717-segment016-target40,148.997,32.722,40.0,80.0,92.75,train,0.0
D:\Squid-Robot-Delivery-20260922\4_PC_Console\target-pi-build\release\squid-logs\control-1791351717.csv,118,119,control-1791351717-segment016-target40,149.485,31.9,40.0,80.0,92.25,train,-20.0
D:\Squid-Robot-Delivery-20260922\4_PC_Console\target-pi-build\release\squid-logs\control-1791351717.csv,119,120,control-1791351717-segment016-target40,149.987,31.978,40.0,80.0,88.5,train,-20.0
D:\Squid-Robot-Delivery-20260922\4_PC_Console\target-pi-build\release\squid-logs\control-1791351717.csv,120,121,control-1791351717-segment016-target40,150.483,32.316,40.0,-80.0,-73.5,train,20.0
D:\Squid-Robot-Delivery-20260922\4_PC_Console\target-pi-build\release\squid-logs\control-1791351717.csv,132,133,control-1791351717-segment018-target40,156.497,33.738,40.0,80.0,95.0,train,-20.0
D:\Squid-Robot-Delivery-20260922\4_PC_Console\target-pi-build\release\squid-logs\control-1791351717.csv,133,134,control-1791351717-segment018-target40,156.977,34.045,40.0,80.0,91.5,train,-20.0
D:\Squid-Robot-Delivery-20260922\4_PC_Console\target-pi-build\release\squid-logs\control-1791351717.csv,134,135,control-1791351717-segment018-target40,157.517,34.438,40.0,-80.0,-70.5,train,20.0
D:\Squid-Robot-Delivery-20260922\4_PC_Console\target-pi-build\release\squid-logs\control-1791351717.csv,135,136,control-1791351717-segment018-target40,157.983,34.653,40.0,80.0,89.25,train,0.0
D:\Squid-Robot-Delivery-20260922\4_PC_Console\target-pi-build\release\squid-logs\control-1791351717.csv,136,137,control-1791351717-segment018-target40,158.482,34.763,40.0,80.0,90.75,train,0.0
D:\Squid-Robot-Delivery-20260922\4_PC_Console\target-pi-build\release\squid-logs\control-1791351717.csv,137,138,control-1791351717-segment018-target40,158.98,34.754,40.0,80.0,92.0,train,-20.0
D:\Squid-Robot-Delivery-20260922\4_PC_Console\target-pi-build\release\squid-logs\control-1791351717.csv,138,139,control-1791351717-segment018-target40,159.497,34.512,40.0,80.0,93.0,train,-20.0
D:\Squid-Robot-Delivery-20260922\4_PC_Console\target-pi-build\release\squid-logs\control-1791351717.csv,139,140,control-1791351717-segment018-target40,160.018,34.842,40.0,80.0,91.75,train,-20.0
D:\Squid-Robot-Delivery-20260922\4_PC_Console\target-pi-build\release\squid-logs\control-1791351717.csv,140,141,control-1791351717-segment018-target40,160.516,35.981,40.0,-58.155,-50.405,train,20.0
D:\Squid-Robot-Delivery-20260922\4_PC_Console\target-pi-build\release\squid-logs\control-1791351717.csv,141,142,control-1791351717-segment018-target40,161.0,37.421,40.0,-80.0,-75.75,train,20.0
D:\Squid-Robot-Delivery-20260922\4_PC_Console\target-pi-build\release\squid-logs\control-1791351717.csv,142,143,control-1791351717-segment018-target40,161.495,38.127,40.0,-80.0,-73.25,train,20.0
D:\Squid-Robot-Delivery-20260922\4_PC_Console\target-pi-build\release\squid-logs\control-1791351717.csv,143,144,control-1791351717-segment018-target40,162.009,37.924,40.0,80.0,89.75,train,-8.0
D:\Squid-Robot-Delivery-20260922\4_PC_Console\target-pi-build\release\squid-logs\control-1791351717.csv,144,145,control-1791351717-segment018-target40,162.491,37.473,40.0,80.0,93.0,train,-20.0
D:\Squid-Robot-Delivery-20260922\4_PC_Console\target-pi-build\release\squid-logs\control-1791351717.csv,145,146,control-1791351717-segment018-target40,163.002,37.47,40.0,80.0,92.25,train,-20.0
D:\Squid-Robot-Delivery-20260922\4_PC_Console\target-pi-build\release\squid-logs\control-1791351717.csv,146,147,control-1791351717-segment018-target40,163.486,37.967,40.0,-80.0,-70.75,train,20.0
D:\Squid-Robot-Delivery-20260922\4_PC_Console\target-pi-build\release\squid-logs\control-1791351717.csv,147,148,control-1791351717-segment018-target40,164.002,39.271,40.0,-80.0,-75.0,train,20.0
D:\Squid-Robot-Delivery-20260922\4_PC_Console\target-pi-build\release\squid-logs\control-1791351717.csv,148,149,control-1791351717-segment018-target40,164.515,40.407,40.0,-80.0,-75.75,train,20.0
D:\Squid-Robot-Delivery-20260922\4_PC_Console\target-pi-build\release\squid-logs\control-1791351717.csv,149,150,control-1791351717-segment018-target40,165.0,41.351,40.0,-80.0,-76.25,train,20.0
D:\Squid-Robot-Delivery-20260922\4_PC_Console\target-pi-build\release\squid-logs\control-1791351717.csv,150,151,control-1791351717-segment018-target40,165.496,41.671,40.0,-80.0,-74.0,train,20.0
D:\Squid-Robot-Delivery-20260922\4_PC_Console\target-pi-build\release\squid-logs\control-1791351717.csv,151,152,control-1791351717-segment018-target40,166.017,41.6,40.0,-80.0,-71.75,train,20.0
D:\Squid-Robot-Delivery-20260922\4_PC_Console\target-pi-build\release\squid-logs\control-1791351717.csv,152,153,control-1791351717-segment018-target40,166.484,41.107,40.0,78.968,90.968,train,-12.0
D:\Squid-Robot-Delivery-20260922\4_PC_Console\target-pi-build\release\squid-logs\control-1791351717.csv,153,154,control-1791351717-segment018-target40,166.983,39.666,40.0,80.0,94.5,train,-20.0
D:\Squid-Robot-Delivery-20260922\4_PC_Console\target-pi-build\release\squid-logs\control-1791351717.csv,154,155,control-1791351717-segment018-target40,167.497,37.789,40.0,80.0,98.5,train,-20.0
D:\Squid-Robot-Delivery-20260922\4_PC_Console\target-pi-build\release\squid-logs\control-1791351717.csv,155,156,control-1791351717-segment018-target40,167.995,36.486,40.0,80.0,97.0,train,-20.0
D:\Squid-Robot-Delivery-20260922\4_PC_Console\target-pi-build\release\squid-logs\control-1791351717.csv,156,157,control-1791351717-segment018-target40,168.477,36.129,40.0,80.0,92.75,train,-20.0
D:\Squid-Robot-Delivery-20260922\4_PC_Console\target-pi-build\release\squid-logs\control-1791351717.csv,157,158,control-1791351717-segment018-target40,168.991,36.219,40.0,80.0,89.5,train,-20.0
D:\Squid-Robot-Delivery-20260922\4_PC_Console\target-pi-build\release\squid-logs\control-1791351717.csv,158,159,control-1791351717-segment018-target40,169.474,35.817,40.0,80.0,90.5,train,-20.0
D:\Squid-Robot-Delivery-20260922\4_PC_Console\target-pi-build\release\squid-logs\control-1791351717.csv,159,160,control-1791351717-segment018-target40,169.982,35.717,40.0,80.0,90.75,train,-20.0
D:\Squid-Robot-Delivery-20260922\4_PC_Console\target-pi-build\release\squid-logs\control-1791351717.csv,160,161,control-1791351717-segment018-target40,170.48,36.431,40.0,-80.0,-71.75,train,20.0
D:\Squid-Robot-Delivery-20260922\4_PC_Console\target-pi-build\release\squid-logs\control-1791351717.csv,161,162,control-1791351717-segment018-target40,170.995,37.446,40.0,-50.332,-45.082,train,20.0
D:\Squid-Robot-Delivery-20260922\4_PC_Console\target-pi-build\release\squid-logs\control-1791351717.csv,162,163,control-1791351717-segment018-target40,171.51,37.901,40.0,-80.0,-73.75,train,20.0
D:\Squid-Robot-Delivery-20260922\4_PC_Console\target-pi-build\release\squid-logs\control-1791354652.csv,7,8,control-1791354652-segment001-target40,197.144,35.291,40.0,-80.0,-81.75,train,20.0
D:\Squid-Robot-Delivery-20260922\4_PC_Console\target-pi-build\release\squid-logs\control-1791354652.csv,8,9,control-1791354652-segment001-target40,197.646,35.54,40.0,80.0,80.0,train,-14.0
D:\Squid-Robot-Delivery-20260922\4_PC_Console\target-pi-build\release\squid-logs\control-1791354652.csv,9,10,control-1791354652-segment001-target40,198.149,35.366,40.0,80.0,82.75,train,-20.0
D:\Squid-Robot-Delivery-20260922\4_PC_Console\target-pi-build\release\squid-logs\control-1791354652.csv,10,11,control-1791354652-segment001-target40,198.652,34.503,40.0,80.0,86.0,train,-20.0
D:\Squid-Robot-Delivery-20260922\4_PC_Console\target-pi-build\release\squid-logs\control-1791354652.csv,11,12,control-1791354652-segment001-target40,199.137,33.663,40.0,80.0,87.25,train,-20.0
D:\Squid-Robot-Delivery-20260922\4_PC_Console\target-pi-build\release\squid-logs\control-1791354652.csv,12,13,control-1791354652-segment001-target40,199.644,33.845,40.0,80.0,83.75,train,-20.0
D:\Squid-Robot-Delivery-20260922\4_PC_Console\target-pi-build\release\squid-logs\control-1791354652.csv,13,14,control-1791354652-segment001-target40,200.162,34.736,40.0,-80.0,-80.5,train,20.0
D:\Squid-Robot-Delivery-20260922\4_PC_Console\target-pi-build\release\squid-logs\control-1791354652.csv,14,15,control-1791354652-segment001-target40,200.65,35.453,40.0,-80.0,-82.25,train,20.0
D:\Squid-Robot-Delivery-20260922\4_PC_Console\target-pi-build\release\squid-logs\control-1791354652.csv,15,16,control-1791354652-segment001-target40,201.134,35.677,40.0,-80.0,-80.25,train,20.0
D:\Squid-Robot-Delivery-20260922\4_PC_Console\target-pi-build\release\squid-logs\control-1791354652.csv,16,17,control-1791354652-segment001-target40,201.655,35.244,40.0,80.0,83.75,train,20.0
D:\Squid-Robot-Delivery-20260922\4_PC_Console\target-pi-build\release\squid-logs\control-1791354652.csv,17,18,control-1791354652-segment001-target40,202.173,34.414,40.0,80.0,86.75,train,-20.0
D:\Squid-Robot-Delivery-20260922\4_PC_Console\target-pi-build\release\squid-logs\control-1791354652.csv,18,19,control-1791354652-segment001-target40,202.648,33.633,40.0,80.0,87.5,train,-20.0
D:\Squid-Robot-Delivery-20260922\4_PC_Console\target-pi-build\release\squid-logs\control-1791354652.csv,19,20,control-1791354652-segment001-target40,203.133,33.376,40.0,80.0,85.5,train,-20.0
D:\Squid-Robot-Delivery-20260922\4_PC_Console\target-pi-build\release\squid-logs\control-1791354652.csv,20,21,control-1791354652-segment001-target40,203.663,33.98,40.0,-80.0,-78.75,train,20.0
D:\Squid-Robot-Delivery-20260922\4_PC_Console\target-pi-build\release\squid-logs\control-1791354652.csv,21,22,control-1791354652-segment001-target40,204.135,34.677,40.0,-80.0,-81.5,train,20.0
D:\Squid-Robot-Delivery-20260922\4_PC_Console\target-pi-build\release\squid-logs\control-1791354652.csv,22,23,control-1791354652-segment001-target40,204.639,35.092,40.0,-80.0,-80.75,train,20.0
D:\Squid-Robot-Delivery-20260922\4_PC_Console\target-pi-build\release\squid-logs\control-1791354652.csv,23,24,control-1791354652-segment001-target40,205.138,34.731,40.0,80.0,83.0,train,20.0
D:\Squid-Robot-Delivery-20260922\4_PC_Console\target-pi-build\release\squid-logs\control-1791354652.csv,24,25,control-1791354652-segment001-target40,205.657,33.907,40.0,80.0,86.5,train,0.0
D:\Squid-Robot-Delivery-20260922\4_PC_Console\target-pi-build\release\squid-logs\control-1791354652.csv,25,26,control-1791354652-segment001-target40,206.159,33.052,40.0,80.0,87.5,train,-20.0
D:\Squid-Robot-Delivery-20260922\4_PC_Console\target-pi-build\release\squid-logs\control-1791354652.csv,26,27,control-1791354652-segment001-target40,206.661,32.664,40.0,80.0,86.25,train,-20.0
D:\Squid-Robot-Delivery-20260922\4_PC_Console\target-pi-build\release\squid-logs\control-1791354652.csv,27,28,control-1791354652-segment001-target40,207.134,33.139,40.0,-80.0,-77.75,train,20.0
D:\Squid-Robot-Delivery-20260922\4_PC_Console\target-pi-build\release\squid-logs\control-1791354652.csv,28,29,control-1791354652-segment001-target40,207.651,33.834,40.0,-80.0,-80.5,train,20.0
D:\Squid-Robot-Delivery-20260922\4_PC_Console\target-pi-build\release\squid-logs\control-1791354652.csv,29,30,control-1791354652-segment001-target40,208.163,34.011,40.0,80.0,80.0,train,0.0
D:\Squid-Robot-Delivery-20260922\4_PC_Console\target-pi-build\release\squid-logs\control-1791354652.csv,30,31,control-1791354652-segment001-target40,208.633,33.864,40.0,80.0,83.0,train,-20.0
D:\Squid-Robot-Delivery-20260922\4_PC_Console\target-pi-build\release\squid-logs\control-1791354652.csv,31,32,control-1791354652-segment001-target40,209.138,33.435,40.0,80.0,85.0,train,-20.0
D:\Squid-Robot-Delivery-20260922\4_PC_Console\target-pi-build\release\squid-logs\control-1791354652.csv,32,33,control-1791354652-segment001-target40,209.644,33.015,40.0,80.0,86.0,train,-20.0
D:\Squid-Robot-Delivery-20260922\4_PC_Console\target-pi-build\release\squid-logs\control-1791354652.csv,33,34,control-1791354652-segment001-target40,210.13,33.227,40.0,80.0,83.25,train,-20.0
D:\Squid-Robot-Delivery-20260922\4_PC_Console\target-pi-build\release\squid-logs\control-1791354652.csv,34,35,control-1791354652-segment001-target40,210.651,34.151,40.0,-80.0,-80.5,train,20.0
D:\Squid-Robot-Delivery-20260922\4_PC_Console\target-pi-build\release\squid-logs\control-1791354652.csv,35,36,control-1791354652-segment001-target40,211.169,35.147,40.0,-80.0,-82.75,train,20.0
D:\Squid-Robot-Delivery-20260922\4_PC_Console\target-pi-build\release\squid-logs\control-1791354652.csv,36,37,control-1791354652-segment001-target40,211.637,35.594,40.0,-80.0,-81.25,train,20.0
D:\Squid-Robot-Delivery-20260922\4_PC_Console\target-pi-build\release\squid-logs\control-1791354652.csv,37,38,control-1791354652-segment001-target40,212.148,35.295,40.0,80.0,82.75,train,20.0
D:\Squid-Robot-Delivery-20260922\4_PC_Console\target-pi-build\release\squid-logs\control-1791354652.csv,38,39,control-1791354652-segment001-target40,212.633,34.609,40.0,80.0,86.0,train,0.0
D:\Squid-Robot-Delivery-20260922\4_PC_Console\target-pi-build\release\squid-logs\control-1791354652.csv,39,40,control-1791354652-segment001-target40,213.154,33.789,40.0,80.0,87.25,train,-20.0
D:\Squid-Robot-Delivery-20260922\4_PC_Console\target-pi-build\release\squid-logs\control-1791354652.csv,40,41,control-1791354652-segment001-target40,213.657,33.746,40.0,80.0,84.75,train,-20.0
D:\Squid-Robot-Delivery-20260922\4_PC_Console\target-pi-build\release\squid-logs\control-1791354652.csv,41,42,control-1791354652-segment001-target40,214.159,34.313,40.0,-80.0,-79.0,train,20.0
D:\Squid-Robot-Delivery-20260922\4_PC_Console\target-pi-build\release\squid-logs\control-1791354652.csv,42,43,control-1791354652-segment001-target40,214.663,35.146,40.0,-80.0,-82.0,train,20.0
D:\Squid-Robot-Delivery-20260922\4_PC_Console\target-pi-build\release\squid-logs\control-1791354652.csv,43,44,control-1791354652-segment001-target40,215.133,35.677,40.0,-80.0,-81.5,train,20.0
D:\Squid-Robot-Delivery-20260922\4_PC_Console\target-pi-build\release\squid-logs\control-1791354652.csv,44,45,control-1791354652-segment001-target40,215.651,35.625,40.0,80.0,81.75,train,12.0
D:\Squid-Robot-Delivery-20260922\4_PC_Console\target-pi-build\release\squid-logs\control-1791354652.csv,45,46,control-1791354652-segment001-target40,216.139,34.93,40.0,80.0,85.25,train,0.0
D:\Squid-Robot-Delivery-20260922\4_PC_Console\target-pi-build\release\squid-logs\control-1791354652.csv,46,47,control-1791354652-segment001-target40,216.638,33.969,40.0,80.0,87.5,train,-20.0
D:\Squid-Robot-Delivery-20260922\4_PC_Console\target-pi-build\release\squid-logs\control-1791354652.csv,47,48,control-1791354652-segment001-target40,217.138,33.28,40.0,80.0,87.0,train,-20.0
D:\Squid-Robot-Delivery-20260922\4_PC_Console\target-pi-build\release\squid-logs\control-1791354652.csv,48,49,control-1791354652-segment001-target40,217.655,33.499,40.0,80.0,83.25,train,-20.0
D:\Squid-Robot-Delivery-20260922\4_PC_Console\target-pi-build\release\squid-logs\control-1791354652.csv,49,50,control-1791354652-segment001-target40,218.141,34.337,40.0,-80.0,-80.5,train,20.0
D:\Squid-Robot-Delivery-20260922\4_PC_Console\target-pi-build\release\squid-logs\control-1791354652.csv,50,51,control-1791354652-segment001-target40,218.64,34.815,40.0,-80.0,-81.25,train,20.0
D:\Squid-Robot-Delivery-20260922\4_PC_Console\target-pi-build\release\squid-logs\control-1791354652.csv,51,52,control-1791354652-segment001-target40,219.142,34.681,40.0,80.0,82.0,train,20.0
D:\Squid-Robot-Delivery-20260922\4_PC_Console\target-pi-build\release\squid-logs\control-1791354652.csv,52,53,control-1791354652-segment001-target40,219.656,34.232,40.0,80.0,84.5,train,-20.0
D:\Squid-Robot-Delivery-20260922\4_PC_Console\target-pi-build\release\squid-logs\control-1791354652.csv,53,54,control-1791354652-segment001-target40,220.14,33.542,40.0,80.0,86.75,train,-20.0
D:\Squid-Robot-Delivery-20260922\4_PC_Console\target-pi-build\release\squid-logs\control-1791354652.csv,54,55,control-1791354652-segment001-target40,220.642,33.024,40.0,80.0,86.5,train,-20.0
D:\Squid-Robot-Delivery-20260922\4_PC_Console\target-pi-build\release\squid-logs\control-1791354652.csv,55,56,control-1791354652-segment001-target40,221.159,33.369,40.0,80.0,83.0,train,-20.0
D:\Squid-Robot-Delivery-20260922\4_PC_Console\target-pi-build\release\squid-logs\control-1791354652.csv,56,57,control-1791354652-segment001-target40,221.648,34.317,40.0,-80.0,-80.5,train,20.0
D:\Squid-Robot-Delivery-20260922\4_PC_Console\target-pi-build\release\squid-logs\control-1791354652.csv,57,58,control-1791354652-segment001-target40,222.135,34.864,40.0,-80.0,-81.75,train,20.0
D:\Squid-Robot-Delivery-20260922\4_PC_Console\target-pi-build\release\squid-logs\control-1791354652.csv,58,59,control-1791354652-segment001-target40,222.635,35.088,40.0,80.0,80.25,train,0.0
D:\Squid-Robot-Delivery-20260922\4_PC_Console\target-pi-build\release\squid-logs\control-1791354652.csv,59,60,control-1791354652-segment001-target40,223.138,34.709,40.0,80.0,84.0,train,0.0
D:\Squid-Robot-Delivery-20260922\4_PC_Console\target-pi-build\release\squid-logs\control-1791354652.csv,60,61,control-1791354652-segment001-target40,223.672,33.847,40.0,80.0,87.0,train,-20.0
D:\Squid-Robot-Delivery-20260922\4_PC_Console\target-pi-build\release\squid-logs\control-1791354652.csv,61,62,control-1791354652-segment001-target40,224.155,33.135,40.0,80.0,87.25,train,-20.0
D:\Squid-Robot-Delivery-20260922\4_PC_Console\target-pi-build\release\squid-logs\control-1791354652.csv,62,63,control-1791354652-segment001-target40,224.655,33.106,40.0,80.0,84.75,train,-20.0
D:\Squid-Robot-Delivery-20260922\4_PC_Console\target-pi-build\release\squid-logs\control-1791354652.csv,63,64,control-1791354652-segment001-target40,225.142,33.874,40.0,-80.0,-79.25,train,20.0
D:\Squid-Robot-Delivery-20260922\4_PC_Console\target-pi-build\release\squid-logs\control-1791354652.csv,64,65,control-1791354652-segment001-target40,225.655,34.409,40.0,-80.0,-81.25,train,20.0
D:\Squid-Robot-Delivery-20260922\4_PC_Console\target-pi-build\release\squid-logs\control-1791354652.csv,65,66,control-1791354652-segment001-target40,226.156,34.662,40.0,80.0,80.5,train,0.0
D:\Squid-Robot-Delivery-20260922\4_PC_Console\target-pi-build\release\squid-logs\control-1791354652.csv,66,67,control-1791354652-segment001-target40,226.658,34.044,40.0,80.0,84.5,train,0.0
D:\Squid-Robot-Delivery-20260922\4_PC_Console\target-pi-build\release\squid-logs\control-1791354652.csv,67,68,control-1791354652-segment001-target40,227.176,33.092,40.0,80.0,87.5,train,0.0
D:\Squid-Robot-Delivery-20260922\4_PC_Console\target-pi-build\release\squid-logs\control-1791354652.csv,68,69,control-1791354652-segment001-target40,227.648,32.334,40.0,80.0,87.5,train,-20.0
D:\Squid-Robot-Delivery-20260922\4_PC_Console\target-pi-build\release\squid-logs\control-1791354652.csv,69,70,control-1791354652-segment001-target40,228.15,32.246,40.0,80.0,85.5,train,-20.0
D:\Squid-Robot-Delivery-20260922\4_PC_Console\target-pi-build\release\squid-logs\control-1791354652.csv,70,71,control-1791354652-segment001-target40,228.654,32.811,40.0,-80.0,-78.5,train,20.0
D:\Squid-Robot-Delivery-20260922\4_PC_Console\target-pi-build\release\squid-logs\control-1791354652.csv,71,72,control-1791354652-segment001-target40,229.143,33.284,40.0,-80.0,-80.25,train,20.0
D:\Squid-Robot-Delivery-20260922\4_PC_Console\target-pi-build\release\squid-logs\control-1791354652.csv,72,73,control-1791354652-segment001-target40,229.632,33.423,40.0,80.0,81.75,train,20.0
D:\Squid-Robot-Delivery-20260922\4_PC_Console\target-pi-build\release\squid-logs\control-1791354652.csv,73,74,control-1791354652-segment001-target40,230.136,33.094,40.0,80.0,84.0,train,-20.0
D:\Squid-Robot-Delivery-20260922\4_PC_Console\target-pi-build\release\squid-logs\control-1791354652.csv,74,75,control-1791354652-segment001-target40,230.638,32.58,40.0,80.0,86.25,train,-20.0
D:\Squid-Robot-Delivery-20260922\4_PC_Console\target-pi-build\release\squid-logs\control-1791354652.csv,75,76,control-1791354652-segment001-target40,231.155,32.432,40.0,80.0,85.0,train,-20.0
D:\Squid-Robot-Delivery-20260922\4_PC_Console\target-pi-build\release\squid-logs\control-1791354652.csv,76,77,control-1791354652-segment001-target40,231.638,33.115,40.0,-80.0,-78.75,train,20.0
D:\Squid-Robot-Delivery-20260922\4_PC_Console\target-pi-build\release\squid-logs\control-1791354652.csv,77,78,control-1791354652-segment001-target40,232.157,34.076,40.0,-80.0,-81.75,train,20.0
D:\Squid-Robot-Delivery-20260922\4_PC_Console\target-pi-build\release\squid-logs\control-1791354652.csv,78,79,control-1791354652-segment001-target40,232.644,34.702,40.0,-80.0,-81.0,train,20.0
D:\Squid-Robot-Delivery-20260922\4_PC_Console\target-pi-build\release\squid-logs\control-1791354652.csv,79,80,control-1791354652-segment001-target40,233.131,34.621,40.0,80.0,82.25,train,20.0
D:\Squid-Robot-Delivery-20260922\4_PC_Console\target-pi-build\release\squid-logs\control-1791354652.csv,80,81,control-1791354652-segment001-target40,233.65,33.751,40.0,80.0,86.25,train,20.0
D:\Squid-Robot-Delivery-20260922\4_PC_Console\target-pi-build\release\squid-logs\control-1791354652.csv,81,82,control-1791354652-segment001-target40,234.151,32.74,40.0,80.0,88.0,train,0.0
D:\Squid-Robot-Delivery-20260922\4_PC_Console\target-pi-build\release\squid-logs\control-1791354652.csv,82,83,control-1791354652-segment001-target40,234.657,32.2,40.0,80.0,87.25,train,-20.0
D:\Squid-Robot-Delivery-20260922\4_PC_Console\target-pi-build\release\squid-logs\control-1791354652.csv,83,84,control-1791354652-segment001-target40,235.146,32.378,40.0,80.0,84.25,train,-20.0
D:\Squid-Robot-Delivery-20260922\4_PC_Console\target-pi-build\release\squid-logs\control-1791354652.csv,84,85,control-1791354652-segment001-target40,235.634,32.942,40.0,-80.0,-79.0,train,20.0
D:\Squid-Robot-Delivery-20260922\4_PC_Console\target-pi-build\release\squid-logs\control-1791354652.csv,85,86,control-1791354652-segment001-target40,236.155,33.278,40.0,80.0,80.25,train,20.0
D:\Squid-Robot-Delivery-20260922\4_PC_Console\target-pi-build\release\squid-logs\control-1791354652.csv,86,87,control-1791354652-segment001-target40,236.653,33.2,40.0,80.0,82.75,train,0.0
D:\Squid-Robot-Delivery-20260922\4_PC_Console\target-pi-build\release\squid-logs\control-1791354652.csv,87,88,control-1791354652-segment001-target40,237.137,32.923,40.0,80.0,84.5,train,-20.0
D:\Squid-Robot-Delivery-20260922\4_PC_Console\target-pi-build\release\squid-logs\control-1791354652.csv,88,89,control-1791354652-segment001-target40,237.636,32.71,40.0,80.0,84.75,train,-20.0
D:\Squid-Robot-Delivery-20260922\4_PC_Console\target-pi-build\release\squid-logs\control-1791354652.csv,89,90,control-1791354652-segment001-target40,238.15,32.973,40.0,80.0,82.75,train,-20.0
D:\Squid-Robot-Delivery-20260922\4_PC_Console\target-pi-build\release\squid-logs\control-1791354652.csv,90,91,control-1791354652-segment001-target40,238.656,34.041,40.0,-80.0,-80.5,train,20.0
D:\Squid-Robot-Delivery-20260922\4_PC_Console\target-pi-build\release\squid-logs\control-1791354652.csv,91,92,control-1791354652-segment001-target40,239.158,35.119,40.0,-80.0,-83.0,train,20.0
D:\Squid-Robot-Delivery-20260922\4_PC_Console\target-pi-build\release\squid-logs\control-1791354652.csv,92,93,control-1791354652-segment001-target40,239.664,35.561,40.0,-80.0,-80.75,train,20.0
D:\Squid-Robot-Delivery-20260922\4_PC_Console\target-pi-build\release\squid-logs\control-1791354652.csv,93,94,control-1791354652-segment001-target40,240.133,35.237,40.0,80.0,83.25,train,20.0
D:\Squid-Robot-Delivery-20260922\4_PC_Console\target-pi-build\release\squid-logs\control-1791354652.csv,94,95,control-1791354652-segment001-target40,240.65,34.372,40.0,80.0,86.75,train,0.0
D:\Squid-Robot-Delivery-20260922\4_PC_Console\target-pi-build\release\squid-logs\control-1791354652.csv,95,96,control-1791354652-segment001-target40,241.171,33.598,40.0,80.0,87.5,train,-20.0
D:\Squid-Robot-Delivery-20260922\4_PC_Console\target-pi-build\release\squid-logs\control-1791354652.csv,96,97,control-1791354652-segment001-target40,241.638,33.567,40.0,80.0,84.75,train,-20.0
D:\Squid-Robot-Delivery-20260922\4_PC_Console\target-pi-build\release\squid-logs\control-1791354652.csv,97,98,control-1791354652-segment001-target40,242.173,34.113,40.0,-80.0,-79.25,train,20.0
D:\Squid-Robot-Delivery-20260922\4_PC_Console\target-pi-build\release\squid-logs\control-1791354652.csv,98,99,control-1791354652-segment001-target40,242.664,34.7,40.0,-80.0,-81.5,train,20.0
D:\Squid-Robot-Delivery-20260922\4_PC_Console\target-pi-build\release\squid-logs\control-1791354652.csv,99,100,control-1791354652-segment001-target40,243.148,34.854,40.0,80.0,80.25,train,0.0
D:\Squid-Robot-Delivery-20260922\4_PC_Console\target-pi-build\release\squid-logs\control-1791354652.csv,100,101,control-1791354652-segment001-target40,243.638,34.627,40.0,80.0,83.0,train,-20.0
D:\Squid-Robot-Delivery-20260922\4_PC_Console\target-pi-build\release\squid-logs\control-1791354652.csv,101,102,control-1791354652-segment001-target40,244.155,33.901,40.0,80.0,86.25,train,-20.0
D:\Squid-Robot-Delivery-20260922\4_PC_Console\target-pi-build\release\squid-logs\control-1791354652.csv,102,103,control-1791354652-segment001-target40,244.641,33.113,40.0,80.0,87.0,train,-20.0
D:\Squid-Robot-Delivery-20260922\4_PC_Console\target-pi-build\release\squid-logs\control-1791354652.csv,103,104,control-1791354652-segment001-target40,245.16,33.235,40.0,80.0,84.25,train,-20.0
D:\Squid-Robot-Delivery-20260922\4_PC_Console\target-pi-build\release\squid-logs\control-1791354652.csv,104,105,control-1791354652-segment001-target40,245.661,34.101,40.0,-80.0,-80.25,train,20.0
D:\Squid-Robot-Delivery-20260922\4_PC_Console\target-pi-build\release\squid-logs\control-1791354652.csv,105,106,control-1791354652-segment001-target40,246.162,34.788,40.0,-80.0,-81.75,train,20.0
D:\Squid-Robot-Delivery-20260922\4_PC_Console\target-pi-build\release\squid-logs\control-1791354652.csv,106,107,control-1791354652-segment001-target40,246.664,34.954,40.0,80.0,80.25,train,0.0
D:\Squid-Robot-Delivery-20260922\4_PC_Console\target-pi-build\release\squid-logs\control-1791354652.csv,107,108,control-1791354652-segment001-target40,247.15,34.629,40.0,80.0,83.75,train,-20.0
D:\Squid-Robot-Delivery-20260922\4_PC_Console\target-pi-build\release\squid-logs\control-1791354652.csv,116,117,control-1791354652-segment003-target50,251.666,39.737,50.0,-80.0,-81.0,train,20.0
D:\Squid-Robot-Delivery-20260922\4_PC_Console\target-pi-build\release\squid-logs\control-1791354652.csv,117,118,control-1791354652-segment003-target50,252.152,41.466,50.0,-80.0,-84.25,train,20.0
D:\Squid-Robot-Delivery-20260922\4_PC_Console\target-pi-build\release\squid-logs\control-1791354652.csv,118,119,control-1791354652-segment003-target50,252.653,42.262,50.0,-80.0,-82.5,train,20.0
D:\Squid-Robot-Delivery-20260922\4_PC_Console\target-pi-build\release\squid-logs\control-1791354652.csv,119,120,control-1791354652-segment003-target50,253.137,42.435,50.0,80.0,81.5,train,20.0
D:\Squid-Robot-Delivery-20260922\4_PC_Console\target-pi-build\release\squid-logs\control-1791354652.csv,120,121,control-1791354652-segment003-target50,253.652,42.431,50.0,80.0,84.75,train,0.0
D:\Squid-Robot-Delivery-20260922\4_PC_Console\target-pi-build\release\squid-logs\control-1791354652.csv,121,122,control-1791354652-segment003-target50,254.135,42.914,50.0,80.0,84.75,train,-20.0
D:\Squid-Robot-Delivery-20260922\4_PC_Console\target-pi-build\release\squid-logs\control-1791354652.csv,122,123,control-1791354652-segment003-target50,254.639,44.0,50.0,-80.0,-78.75,train,20.0
D:\Squid-Robot-Delivery-20260922\4_PC_Console\target-pi-build\release\squid-logs\control-1791354652.csv,123,124,control-1791354652-segment003-target50,255.156,45.878,50.0,-80.0,-82.5,train,20.0
D:\Squid-Robot-Delivery-20260922\4_PC_Console\target-pi-build\release\squid-logs\control-1791354652.csv,124,125,control-1791354652-segment003-target50,255.655,47.563,50.0,-80.0,-86.0,train,20.0
D:\Squid-Robot-Delivery-20260922\4_PC_Console\target-pi-build\release\squid-logs\control-1791354652.csv,125,126,control-1791354652-segment003-target50,256.155,48.713,50.0,-80.0,-86.0,train,20.0
D:\Squid-Robot-Delivery-20260922\4_PC_Console\target-pi-build\release\squid-logs\control-1791354652.csv,126,127,control-1791354652-segment003-target50,256.669,48.934,50.0,80.0,77.5,train,-20.0
D:\Squid-Robot-Delivery-20260922\4_PC_Console\target-pi-build\release\squid-logs\control-1791354652.csv,127,128,control-1791354652-segment003-target50,257.156,48.875,50.0,80.0,80.75,train,-20.0
D:\Squid-Robot-Delivery-20260922\4_PC_Console\target-pi-build\release\squid-logs\control-1791354652.csv,128,129,control-1791354652-segment003-target50,257.662,49.05,50.0,65.35,67.1,train,-20.0
D:\Squid-Robot-Delivery-20260922\4_PC_Console\target-pi-build\release\squid-logs\control-1791354652.csv,129,130,control-1791354652-segment003-target50,258.166,49.759,50.0,-80.0,-79.75,train,20.0
D:\Squid-Robot-Delivery-20260922\4_PC_Console\target-pi-build\release\squid-logs\control-1791354652.csv,130,131,control-1791354652-segment003-target50,258.665,51.077,50.0,-80.0,-82.75,train,18.0
D:\Squid-Robot-Delivery-20260922\4_PC_Console\target-pi-build\release\squid-logs\control-1791354652.csv,131,132,control-1791354652-segment003-target50,259.167,53.015,50.0,-80.0,-88.25,train,-20.0
D:\Squid-Robot-Delivery-20260922\4_PC_Console\target-pi-build\release\squid-logs\control-1791354652.csv,132,133,control-1791354652-segment003-target50,259.656,54.589,50.0,-80.0,-90.0,train,-20.0
D:\Squid-Robot-Delivery-20260922\4_PC_Console\target-pi-build\release\squid-logs\control-1791354652.csv,133,134,control-1791354652-segment003-target50,260.16,55.417,50.0,-80.0,-89.5,train,20.0
D:\Squid-Robot-Delivery-20260922\4_PC_Console\target-pi-build\release\squid-logs\control-1791354652.csv,134,135,control-1791354652-segment003-target50,260.661,55.865,50.0,-80.0,-86.0,train,20.0
D:\Squid-Robot-Delivery-20260922\4_PC_Console\target-pi-build\release\squid-logs\control-1791354652.csv,135,136,control-1791354652-segment003-target50,261.163,56.015,50.0,-80.0,-83.75,train,20.0
D:\Squid-Robot-Delivery-20260922\4_PC_Console\target-pi-build\release\squid-logs\control-1791354652.csv,136,137,control-1791354652-segment003-target50,261.679,55.773,50.0,80.0,77.75,train,-20.0
D:\Squid-Robot-Delivery-20260922\4_PC_Console\target-pi-build\release\squid-logs\control-1791354652.csv,137,138,control-1791354652-segment003-target50,262.18,54.961,50.0,80.0,79.75,train,-20.0
D:\Squid-Robot-Delivery-20260922\4_PC_Console\target-pi-build\release\squid-logs\control-1791354652.csv,138,139,control-1791354652-segment003-target50,262.665,53.927,50.0,30.791,33.291,train,-20.0
D:\Squid-Robot-Delivery-20260922\4_PC_Console\target-pi-build\release\squid-logs\control-1791354652.csv,139,140,control-1791354652-segment003-target50,263.164,53.521,50.0,-80.0,-77.0,train,-20.0
D:\Squid-Robot-Delivery-20260922\4_PC_Console\target-pi-build\release\squid-logs\control-1791354652.csv,140,141,control-1791354652-segment003-target50,263.65,54.601,50.0,-80.0,-81.75,train,-20.0
D:\Squid-Robot-Delivery-20260922\4_PC_Console\target-pi-build\release\squid-logs\control-1791354652.csv,141,142,control-1791354652-segment003-target50,264.164,55.999,50.0,-80.0,-88.5,train,-20.0
D:\Squid-Robot-Delivery-20260922\4_PC_Console\target-pi-build\release\squid-logs\control-1791354652.csv,142,143,control-1791354652-segment003-target50,264.664,56.623,50.0,-80.0,-89.0,train,20.0
D:\Squid-Robot-Delivery-20260922\4_PC_Console\target-pi-build\release\squid-logs\control-1791354652.csv,143,144,control-1791354652-segment003-target50,265.164,56.476,50.0,-80.0,-86.0,train,20.0
D:\Squid-Robot-Delivery-20260922\4_PC_Console\target-pi-build\release\squid-logs\control-1791354652.csv,144,145,control-1791354652-segment003-target50,265.666,55.746,50.0,80.0,78.25,train,-20.0
D:\Squid-Robot-Delivery-20260922\4_PC_Console\target-pi-build\release\squid-logs\control-1791354652.csv,145,146,control-1791354652-segment003-target50,266.17,55.188,50.0,80.0,81.0,train,-20.0
D:\Squid-Robot-Delivery-20260922\4_PC_Console\target-pi-build\release\squid-logs\control-1791354652.csv,146,147,control-1791354652-segment003-target50,266.642,54.879,50.0,-80.0,-80.0,train,0.0
D:\Squid-Robot-Delivery-20260922\4_PC_Console\target-pi-build\release\squid-logs\control-1791354652.csv,147,148,control-1791354652-segment003-target50,267.146,54.859,50.0,-80.0,-80.5,train,20.0
D:\Squid-Robot-Delivery-20260922\4_PC_Console\target-pi-build\release\squid-logs\control-1791354652.csv,148,149,control-1791354652-segment003-target50,267.661,55.434,50.0,-80.0,-83.75,train,20.0
D:\Squid-Robot-Delivery-20260922\4_PC_Console\target-pi-build\release\squid-logs\control-1791354652.csv,149,150,control-1791354652-segment003-target50,268.158,55.7,50.0,-80.0,-85.75,train,20.0
D:\Squid-Robot-Delivery-20260922\4_PC_Console\target-pi-build\release\squid-logs\control-1791354652.csv,150,151,control-1791354652-segment003-target50,268.64,54.577,50.0,35.196,32.696,train,0.0
D:\Squid-Robot-Delivery-20260922\4_PC_Console\target-pi-build\release\squid-logs\control-1791354652.csv,151,152,control-1791354652-segment003-target50,269.158,52.532,50.0,80.0,84.0,train,-20.0
D:\Squid-Robot-Delivery-20260922\4_PC_Console\target-pi-build\release\squid-logs\control-1791354652.csv,152,153,control-1791354652-segment003-target50,269.643,50.877,50.0,80.0,87.0,train,-20.0
D:\Squid-Robot-Delivery-20260922\4_PC_Console\target-pi-build\release\squid-logs\control-1791354652.csv,153,154,control-1791354652-segment003-target50,270.155,50.166,50.0,0.0,0.0,train,0.0
D:\Squid-Robot-Delivery-20260922\4_PC_Console\target-pi-build\release\squid-logs\control-1791354652.csv,154,155,control-1791354652-segment003-target50,270.655,50.167,50.0,0.0,0.0,train,-20.0
D:\Squid-Robot-Delivery-20260922\4_PC_Console\target-pi-build\release\squid-logs\control-1791354652.csv,155,156,control-1791354652-segment003-target50,271.158,50.107,50.0,0.0,0.0,train,-20.0
D:\Squid-Robot-Delivery-20260922\4_PC_Console\target-pi-build\release\squid-logs\control-1791354652.csv,156,157,control-1791354652-segment003-target50,271.654,50.495,50.0,-80.0,-80.75,train,20.0
D:\Squid-Robot-Delivery-20260922\4_PC_Console\target-pi-build\release\squid-logs\control-1791354652.csv,157,158,control-1791354652-segment003-target50,272.15,51.339,50.0,-80.0,-82.75,train,20.0
D:\Squid-Robot-Delivery-20260922\4_PC_Console\target-pi-build\release\squid-logs\control-1791354652.csv,158,159,control-1791354652-segment003-target50,272.66,51.934,50.0,-80.0,-85.25,train,20.0
D:\Squid-Robot-Delivery-20260922\4_PC_Console\target-pi-build\release\squid-logs\control-1791354652.csv,159,160,control-1791354652-segment003-target50,273.162,51.669,50.0,-57.272,-61.272,train,20.0
D:\Squid-Robot-Delivery-20260922\4_PC_Console\target-pi-build\release\squid-logs\control-1791354652.csv,160,161,control-1791354652-segment003-target50,273.679,50.319,50.0,80.0,82.75,train,20.0
D:\Squid-Robot-Delivery-20260922\4_PC_Console\target-pi-build\release\squid-logs\control-1791354652.csv,161,162,control-1791354652-segment003-target50,274.15,48.639,50.0,80.0,85.75,train,-20.0
D:\Squid-Robot-Delivery-20260922\4_PC_Console\target-pi-build\release\squid-logs\control-1791354652.csv,162,163,control-1791354652-segment003-target50,274.664,47.426,50.0,80.0,87.75,train,-20.0
D:\Squid-Robot-Delivery-20260922\4_PC_Console\target-pi-build\release\squid-logs\control-1791354652.csv,163,164,control-1791354652-segment003-target50,275.146,46.799,50.0,80.0,86.75,train,-20.0
D:\Squid-Robot-Delivery-20260922\4_PC_Console\target-pi-build\release\squid-logs\control-1791354652.csv,164,165,control-1791354652-segment003-target50,275.662,46.642,50.0,80.0,83.25,train,-20.0
D:\Squid-Robot-Delivery-20260922\4_PC_Console\target-pi-build\release\squid-logs\control-1791354652.csv,165,166,control-1791354652-segment003-target50,276.16,46.868,50.0,-80.0,-79.25,train,20.0
D:\Squid-Robot-Delivery-20260922\4_PC_Console\target-pi-build\release\squid-logs\control-1791354652.csv,166,167,control-1791354652-segment003-target50,276.661,47.585,50.0,-80.0,-80.75,train,20.0
D:\Squid-Robot-Delivery-20260922\4_PC_Console\target-pi-build\release\squid-logs\control-1791354652.csv,167,168,control-1791354652-segment003-target50,277.145,48.586,50.0,-80.0,-83.0,train,20.0
D:\Squid-Robot-Delivery-20260922\4_PC_Console\target-pi-build\release\squid-logs\control-1791354652.csv,168,169,control-1791354652-segment003-target50,277.642,49.054,50.0,-20.816,-25.066,train,14.0
D:\Squid-Robot-Delivery-20260922\4_PC_Console\target-pi-build\release\squid-logs\control-1791354652.csv,169,170,control-1791354652-segment003-target50,278.143,48.519,50.0,80.0,79.75,train,0.0
D:\Squid-Robot-Delivery-20260922\4_PC_Console\target-pi-build\release\squid-logs\control-1791354652.csv,170,171,control-1791354652-segment003-target50,278.661,47.294,50.0,80.0,84.25,train,-20.0
D:\Squid-Robot-Delivery-20260922\4_PC_Console\target-pi-build\release\squid-logs\control-1791354652.csv,171,172,control-1791354652-segment003-target50,279.164,46.363,50.0,80.0,87.5,train,-20.0
D:\Squid-Robot-Delivery-20260922\4_PC_Console\target-pi-build\release\squid-logs\control-1791354652.csv,172,173,control-1791354652-segment003-target50,279.679,46.528,50.0,80.0,85.5,train,-20.0
D:\Squid-Robot-Delivery-20260922\4_PC_Console\target-pi-build\release\squid-logs\control-1791354652.csv,173,174,control-1791354652-segment003-target50,280.179,47.216,50.0,-80.0,-79.75,train,20.0
D:\Squid-Robot-Delivery-20260922\4_PC_Console\target-pi-build\release\squid-logs\control-1791354652.csv,180,181,control-1791354652-segment004-target50,283.649,48.281,50.0,-80.0,-80.5,train,20.0
D:\Squid-Robot-Delivery-20260922\4_PC_Console\target-pi-build\release\squid-logs\control-1791354652.csv,181,182,control-1791354652-segment004-target50,284.183,49.677,50.0,-80.0,-86.0,train,18.0
D:\Squid-Robot-Delivery-20260922\4_PC_Console\target-pi-build\release\squid-logs\control-1791354652.csv,182,183,control-1791354652-segment004-target50,284.655,50.319,50.0,-80.0,-85.75,train,20.0
D:\Squid-Robot-Delivery-20260922\4_PC_Console\target-pi-build\release\squid-logs\control-1791354652.csv,183,184,control-1791354652-segment004-target50,285.159,50.45,50.0,-56.239,-58.489,train,20.0
D:\Squid-Robot-Delivery-20260922\4_PC_Console\target-pi-build\release\squid-logs\control-1791354652.csv,184,185,control-1791354652-segment004-target50,285.643,50.816,50.0,-80.0,-80.0,train,20.0
D:\Squid-Robot-Delivery-20260922\4_PC_Console\target-pi-build\release\squid-logs\control-1791354652.csv,185,186,control-1791354652-segment004-target50,286.162,50.898,50.0,-80.0,-81.25,train,20.0
D:\Squid-Robot-Delivery-20260922\4_PC_Console\target-pi-build\release\squid-logs\control-1791354652.csv,186,187,control-1791354652-segment004-target50,286.646,50.108,50.0,0.0,0.0,train,20.0
D:\Squid-Robot-Delivery-20260922\4_PC_Console\target-pi-build\release\squid-logs\control-1791354652.csv,187,188,control-1791354652-segment004-target50,287.177,48.113,50.0,80.0,85.25,train,20.0
D:\Squid-Robot-Delivery-20260922\4_PC_Console\target-pi-build\release\squid-logs\control-1791354652.csv,188,189,control-1791354652-segment004-target50,287.659,46.262,50.0,80.0,88.25,train,-20.0
D:\Squid-Robot-Delivery-20260922\4_PC_Console\target-pi-build\release\squid-logs\control-1791354652.csv,189,190,control-1791354652-segment004-target50,288.162,45.28,50.0,80.0,87.75,train,-20.0
D:\Squid-Robot-Delivery-20260922\4_PC_Console\target-pi-build\release\squid-logs\control-1791354652.csv,190,191,control-1791354652-segment004-target50,288.663,45.217,50.0,80.0,85.0,train,-20.0
D:\Squid-Robot-Delivery-20260922\4_PC_Console\target-pi-build\release\squid-logs\control-1791354652.csv,191,192,control-1791354652-segment004-target50,289.163,45.061,50.0,80.0,81.5,train,-20.0
D:\Squid-Robot-Delivery-20260922\4_PC_Console\target-pi-build\release\squid-logs\control-1791354652.csv,192,193,control-1791354652-segment004-target50,289.658,45.134,50.0,80.0,82.25,train,-20.0
D:\Squid-Robot-Delivery-20260922\4_PC_Console\target-pi-build\release\squid-logs\control-1791354652.csv,193,194,control-1791354652-segment004-target50,290.161,45.847,50.0,-80.0,-79.5,train,20.0
D:\Squid-Robot-Delivery-20260922\4_PC_Console\target-pi-build\release\squid-logs\control-1791354652.csv,194,195,control-1791354652-segment004-target50,290.674,47.161,50.0,-80.0,-83.25,train,20.0
D:\Squid-Robot-Delivery-20260922\4_PC_Console\target-pi-build\release\squid-logs\control-1791354652.csv,195,196,control-1791354652-segment004-target50,291.143,47.99,50.0,-41.308,-46.058,train,20.0
D:\Squid-Robot-Delivery-20260922\4_PC_Console\target-pi-build\release\squid-logs\control-1791354652.csv,196,197,control-1791354652-segment004-target50,291.648,47.756,50.0,80.0,78.75,train,-20.0
D:\Squid-Robot-Delivery-20260922\4_PC_Console\target-pi-build\release\squid-logs\control-1791354652.csv,197,198,control-1791354652-segment004-target50,292.168,46.868,50.0,80.0,83.5,train,-20.0
D:\Squid-Robot-Delivery-20260922\4_PC_Console\target-pi-build\release\squid-logs\control-1791354652.csv,198,199,control-1791354652-segment004-target50,292.64,46.09,50.0,80.0,86.75,train,-20.0
D:\Squid-Robot-Delivery-20260922\4_PC_Console\target-pi-build\release\squid-logs\control-1791354652.csv,199,200,control-1791354652-segment004-target50,293.145,46.213,50.0,80.0,85.25,train,-20.0
D:\Squid-Robot-Delivery-20260922\4_PC_Console\target-pi-build\release\squid-logs\control-1791354652.csv,200,201,control-1791354652-segment004-target50,293.648,46.876,50.0,-80.0,-79.25,train,20.0
D:\Squid-Robot-Delivery-20260922\4_PC_Console\target-pi-build\release\squid-logs\control-1791354652.csv,201,202,control-1791354652-segment004-target50,294.162,47.565,50.0,-80.0,-81.5,train,20.0
D:\Squid-Robot-Delivery-20260922\4_PC_Console\target-pi-build\release\squid-logs\control-1791354652.csv,202,203,control-1791354652-segment004-target50,294.664,48.163,50.0,-76.934,-79.934,train,20.0
D:\Squid-Robot-Delivery-20260922\4_PC_Console\target-pi-build\release\squid-logs\control-1791354652.csv,203,204,control-1791354652-segment004-target50,295.164,48.224,50.0,80.0,78.5,train,-20.0
D:\Squid-Robot-Delivery-20260922\4_PC_Console\target-pi-build\release\squid-logs\control-1791354652.csv,204,205,control-1791354652-segment004-target50,295.662,47.452,50.0,80.0,82.25,train,-20.0
D:\Squid-Robot-Delivery-20260922\4_PC_Console\target-pi-build\release\squid-logs\control-1791354652.csv,205,206,control-1791354652-segment004-target50,296.149,46.221,50.0,80.0,86.25,train,-20.0
D:\Squid-Robot-Delivery-20260922\4_PC_Console\target-pi-build\release\squid-logs\control-1791354652.csv,206,207,control-1791354652-segment004-target50,296.652,45.545,50.0,80.0,87.5,train,-20.0
D:\Squid-Robot-Delivery-20260922\4_PC_Console\target-pi-build\release\squid-logs\control-1791354652.csv,207,208,control-1791354652-segment004-target50,297.166,46.002,50.0,80.0,84.75,train,-20.0
D:\Squid-Robot-Delivery-20260922\4_PC_Console\target-pi-build\release\squid-logs\control-1791354652.csv,208,209,control-1791354652-segment004-target50,297.663,46.955,50.0,-80.0,-81.0,train,20.0
D:\Squid-Robot-Delivery-20260922\4_PC_Console\target-pi-build\release\squid-logs\control-1791354652.csv,209,210,control-1791354652-segment004-target50,298.151,47.76,50.0,-80.0,-83.5,train,20.0
D:\Squid-Robot-Delivery-20260922\4_PC_Console\target-pi-build\release\squid-logs\control-1791354652.csv,210,211,control-1791354652-segment004-target50,298.652,48.022,50.0,-80.0,-82.75,train,20.0
D:\Squid-Robot-Delivery-20260922\4_PC_Console\target-pi-build\release\squid-logs\control-1791354652.csv,211,212,control-1791354652-segment004-target50,299.166,47.794,50.0,80.0,80.25,train,0.0
D:\Squid-Robot-Delivery-20260922\4_PC_Console\target-pi-build\release\squid-logs\control-1791354652.csv,212,213,control-1791354652-segment004-target50,299.681,47.226,50.0,80.0,83.5,train,-20.0
D:\Squid-Robot-Delivery-20260922\4_PC_Console\target-pi-build\release\squid-logs\control-1791354652.csv,213,214,control-1791354652-segment004-target50,300.167,46.689,50.0,80.0,85.0,train,-20.0
D:\Squid-Robot-Delivery-20260922\4_PC_Console\target-pi-build\release\squid-logs\control-1791354652.csv,214,215,control-1791354652-segment004-target50,300.637,46.933,50.0,80.0,84.0,train,-20.0
D:\Squid-Robot-Delivery-20260922\4_PC_Console\target-pi-build\release\squid-logs\control-1791354652.csv,215,216,control-1791354652-segment004-target50,301.156,48.189,50.0,-80.0,-80.5,train,20.0
D:\Squid-Robot-Delivery-20260922\4_PC_Console\target-pi-build\release\squid-logs\control-1791354652.csv,216,217,control-1791354652-segment004-target50,301.642,49.567,50.0,-80.0,-85.0,train,12.0
D:\Squid-Robot-Delivery-20260922\4_PC_Console\target-pi-build\release\squid-logs\control-1791354652.csv,217,218,control-1791354652-segment004-target50,302.158,50.458,50.0,-80.0,-86.25,train,20.0
D:\Squid-Robot-Delivery-20260922\4_PC_Console\target-pi-build\release\squid-logs\control-1791354652.csv,218,219,control-1791354652-segment004-target50,302.644,50.732,50.0,-80.0,-83.75,train,20.0
D:\Squid-Robot-Delivery-20260922\4_PC_Console\target-pi-build\release\squid-logs\control-1791354652.csv,219,220,control-1791354652-segment004-target50,303.149,50.864,50.0,-80.0,-80.5,train,20.0
D:\Squid-Robot-Delivery-20260922\4_PC_Console\target-pi-build\release\squid-logs\control-1791354652.csv,220,221,control-1791354652-segment004-target50,303.663,50.749,50.0,-13.986,-14.486,train,6.0
D:\Squid-Robot-Delivery-20260922\4_PC_Console\target-pi-build\release\squid-logs\control-1791354652.csv,221,222,control-1791354652-segment004-target50,304.138,49.962,50.0,0.0,0.0,train,20.0
D:\Squid-Robot-Delivery-20260922\4_PC_Console\target-pi-build\release\squid-logs\control-1791354652.csv,222,223,control-1791354652-segment004-target50,304.644,48.347,50.0,80.0,86.0,train,-10.0
D:\Squid-Robot-Delivery-20260922\4_PC_Console\target-pi-build\release\squid-logs\control-1791354652.csv,223,224,control-1791354652-segment004-target50,305.148,46.976,50.0,80.0,87.25,train,-20.0
D:\Squid-Robot-Delivery-20260922\4_PC_Console\target-pi-build\release\squid-logs\control-1791354652.csv,224,225,control-1791354652-segment004-target50,305.661,46.597,50.0,80.0,86.0,train,-20.0
D:\Squid-Robot-Delivery-20260922\4_PC_Console\target-pi-build\release\squid-logs\control-1791354652.csv,225,226,control-1791354652-segment004-target50,306.166,47.117,50.0,-80.0,-78.25,train,20.0
D:\Squid-Robot-Delivery-20260922\4_PC_Console\target-pi-build\release\squid-logs\control-1791354652.csv,226,227,control-1791354652-segment004-target50,306.667,47.607,50.0,-80.0,-81.5,train,20.0
D:\Squid-Robot-Delivery-20260922\4_PC_Console\target-pi-build\release\squid-logs\control-1791354652.csv,227,228,control-1791354652-segment004-target50,307.181,48.01,50.0,-80.0,-82.75,train,20.0
D:\Squid-Robot-Delivery-20260922\4_PC_Console\target-pi-build\release\squid-logs\control-1791354652.csv,228,229,control-1791354652-segment004-target50,307.668,48.092,50.0,80.0,79.0,train,-20.0
D:\Squid-Robot-Delivery-20260922\4_PC_Console\target-pi-build\release\squid-logs\control-1791354652.csv,229,230,control-1791354652-segment004-target50,308.167,47.443,50.0,80.0,81.5,train,-20.0
D:\Squid-Robot-Delivery-20260922\4_PC_Console\target-pi-build\release\squid-logs\control-1791354652.csv,230,231,control-1791354652-segment004-target50,308.64,46.342,50.0,80.0,84.75,train,-20.0
D:\Squid-Robot-Delivery-20260922\4_PC_Console\target-pi-build\release\squid-logs\control-1791354652.csv,231,232,control-1791354652-segment004-target50,309.143,45.572,50.0,80.0,87.25,train,-20.0
D:\Squid-Robot-Delivery-20260922\4_PC_Console\target-pi-build\release\squid-logs\control-1791354652.csv,232,233,control-1791354652-segment004-target50,309.643,45.951,50.0,80.0,85.25,train,-20.0
D:\Squid-Robot-Delivery-20260922\4_PC_Console\target-pi-build\release\squid-logs\control-1791354652.csv,233,234,control-1791354652-segment004-target50,310.16,47.171,50.0,-80.0,-81.0,train,20.0
D:\Squid-Robot-Delivery-20260922\4_PC_Console\target-pi-build\release\squid-logs\control-1791354652.csv,234,235,control-1791354652-segment004-target50,310.644,48.033,50.0,-22.22,-26.47,train,16.0
D:\Squid-Robot-Delivery-20260922\4_PC_Console\target-pi-build\release\squid-logs\control-1791354652.csv,235,236,control-1791354652-segment004-target50,311.148,48.251,50.0,-80.0,-82.75,train,20.0
D:\Squid-Robot-Delivery-20260922\4_PC_Console\target-pi-build\release\squid-logs\control-1791354652.csv,236,237,control-1791354652-segment004-target50,311.651,48.098,50.0,80.0,80.0,train,0.0
D:\Squid-Robot-Delivery-20260922\4_PC_Console\target-pi-build\release\squid-logs\control-1791354652.csv,237,238,control-1791354652-segment004-target50,312.165,47.652,50.0,80.0,83.25,train,-20.0
D:\Squid-Robot-Delivery-20260922\4_PC_Console\target-pi-build\release\squid-logs\control-1791354652.csv,238,239,control-1791354652-segment004-target50,312.654,47.413,50.0,80.0,83.75,train,-20.0
D:\Squid-Robot-Delivery-20260922\4_PC_Console\target-pi-build\release\squid-logs\control-1791354652.csv,239,240,control-1791354652-segment004-target50,313.141,47.725,50.0,80.0,82.5,train,-20.0
D:\Squid-Robot-Delivery-20260922\4_PC_Console\target-pi-build\release\squid-logs\control-1791354652.csv,240,241,control-1791354652-segment004-target50,313.658,49.094,50.0,-80.0,-81.25,train,-8.0
D:\Squid-Robot-Delivery-20260922\4_PC_Console\target-pi-build\release\squid-logs\control-1791354652.csv,241,242,control-1791354652-segment004-target50,314.163,50.764,50.0,-80.0,-86.25,train,-20.0
D:\Squid-Robot-Delivery-20260922\4_PC_Console\target-pi-build\release\squid-logs\control-1791354652.csv,242,243,control-1791354652-segment004-target50,314.666,51.852,50.0,-80.0,-87.75,train,20.0
D:\Squid-Robot-Delivery-20260922\4_PC_Console\target-pi-build\release\squid-logs\control-1791354652.csv,243,244,control-1791354652-segment004-target50,315.17,52.299,50.0,-80.0,-85.0,train,20.0
D:\Squid-Robot-Delivery-20260922\4_PC_Console\target-pi-build\release\squid-logs\control-1791354652.csv,244,245,control-1791354652-segment004-target50,315.671,52.461,50.0,-80.0,-81.75,train,20.0
D:\Squid-Robot-Delivery-20260922\4_PC_Console\target-pi-build\release\squid-logs\control-1791354652.csv,245,246,control-1791354652-segment004-target50,316.145,52.302,50.0,-80.0,-80.5,train,20.0
D:\Squid-Robot-Delivery-20260922\4_PC_Console\target-pi-build\release\squid-logs\control-1791354652.csv,246,247,control-1791354652-segment004-target50,316.65,51.368,50.0,80.0,81.5,train,0.0
D:\Squid-Robot-Delivery-20260922\4_PC_Console\target-pi-build\release\squid-logs\control-1791354652.csv,247,248,control-1791354652-segment004-target50,317.154,49.798,50.0,80.0,85.75,train,-20.0
D:\Squid-Robot-Delivery-20260922\4_PC_Console\target-pi-build\release\squid-logs\control-1791354652.csv,248,249,control-1791354652-segment004-target50,317.656,48.36,50.0,80.0,87.25,train,-20.0
D:\Squid-Robot-Delivery-20260922\4_PC_Console\target-pi-build\release\squid-logs\control-1791354652.csv,249,250,control-1791354652-segment004-target50,318.154,48.105,50.0,80.0,86.5,train,-20.0
D:\Squid-Robot-Delivery-20260922\4_PC_Console\target-pi-build\release\squid-logs\control-1791354652.csv,250,251,control-1791354652-segment004-target50,318.651,48.705,50.0,-42.131,-41.381,train,20.0
D:\Squid-Robot-Delivery-20260922\4_PC_Console\target-pi-build\release\squid-logs\control-1791354652.csv,251,252,control-1791354652-segment004-target50,319.166,49.264,50.0,-80.0,-82.5,train,20.0
D:\Squid-Robot-Delivery-20260922\4_PC_Console\target-pi-build\release\squid-logs\control-1791354652.csv,252,253,control-1791354652-segment004-target50,319.653,49.569,50.0,-80.0,-82.5,train,20.0
D:\Squid-Robot-Delivery-20260922\4_PC_Console\target-pi-build\release\squid-logs\control-1791354652.csv,253,254,control-1791354652-segment004-target50,320.14,49.786,50.0,-9.675,-11.425,train,18.0
D:\Squid-Robot-Delivery-20260922\4_PC_Console\target-pi-build\release\squid-logs\control-1791354652.csv,254,255,control-1791354652-segment004-target50,320.655,49.673,50.0,80.0,80.25,train,-20.0
D:\Squid-Robot-Delivery-20260922\4_PC_Console\target-pi-build\release\squid-logs\control-1791354652.csv,255,256,control-1791354652-segment004-target50,321.168,48.969,50.0,80.0,82.0,train,-20.0
D:\Squid-Robot-Delivery-20260922\4_PC_Console\target-pi-build\release\squid-logs\control-1791354652.csv,256,257,control-1791354652-segment004-target50,321.661,48.423,50.0,80.0,83.5,train,-20.0
D:\Squid-Robot-Delivery-20260922\4_PC_Console\target-pi-build\release\squid-logs\control-1791354652.csv,257,258,control-1791354652-segment004-target50,322.179,48.567,50.0,80.0,83.5,train,-20.0
D:\Squid-Robot-Delivery-20260922\4_PC_Console\target-pi-build\release\squid-logs\control-1791354652.csv,258,259,control-1791354652-segment004-target50,322.636,49.936,50.0,0.0,0.0,train,-20.0
D:\Squid-Robot-Delivery-20260922\4_PC_Console\target-pi-build\release\squid-logs\control-1791354652.csv,259,260,control-1791354652-segment004-target50,323.153,51.392,50.0,-80.0,-86.5,train,-20.0
D:\Squid-Robot-Delivery-20260922\4_PC_Console\target-pi-build\release\squid-logs\control-1791354652.csv,260,261,control-1791354652-segment004-target50,323.656,52.31,50.0,-80.0,-87.25,train,20.0
D:\Squid-Robot-Delivery-20260922\4_PC_Console\target-pi-build\release\squid-logs\control-1791354652.csv,261,262,control-1791354652-segment004-target50,324.145,52.849,50.0,-80.0,-85.25,train,20.0
D:\Squid-Robot-Delivery-20260922\4_PC_Console\target-pi-build\release\squid-logs\control-1791354652.csv,262,263,control-1791354652-segment004-target50,324.647,53.327,50.0,-80.0,-84.25,train,20.0
D:\Squid-Robot-Delivery-20260922\4_PC_Console\target-pi-build\release\squid-logs\control-1791354652.csv,263,264,control-1791354652-segment004-target50,325.162,53.07,50.0,80.0,78.25,train,-20.0
D:\Squid-Robot-Delivery-20260922\4_PC_Console\target-pi-build\release\squid-logs\control-1791354652.csv,264,265,control-1791354652-segment004-target50,325.649,51.889,50.0,80.0,81.5,train,-20.0
D:\Squid-Robot-Delivery-20260922\4_PC_Console\target-pi-build\release\squid-logs\control-1791354652.csv,265,266,control-1791354652-segment004-target50,326.142,50.299,50.0,80.0,86.0,train,-20.0
D:\Squid-Robot-Delivery-20260922\4_PC_Console\target-pi-build\release\squid-logs\control-1791354652.csv,266,267,control-1791354652-segment004-target50,326.655,49.245,50.0,80.0,86.0,train,-20.0
D:\Squid-Robot-Delivery-20260922\4_PC_Console\target-pi-build\release\squid-logs\control-1791354652.csv,267,268,control-1791354652-segment004-target50,327.146,49.235,50.0,64.311,68.811,train,-20.0
D:\Squid-Robot-Delivery-20260922\4_PC_Console\target-pi-build\release\squid-logs\control-1791354652.csv,268,269,control-1791354652-segment004-target50,327.663,49.729,50.0,-80.0,-81.0,train,20.0
D:\Squid-Robot-Delivery-20260922\4_PC_Console\target-pi-build\release\squid-logs\control-1791354652.csv,269,270,control-1791354652-segment004-target50,328.163,50.203,50.0,-80.0,-83.25,train,20.0
D:\Squid-Robot-Delivery-20260922\4_PC_Console\target-pi-build\release\squid-logs\control-1791354652.csv,270,271,control-1791354652-segment004-target50,328.663,50.824,50.0,-80.0,-83.0,train,20.0
D:\Squid-Robot-Delivery-20260922\4_PC_Console\target-pi-build\release\squid-logs\control-1791354652.csv,271,272,control-1791354652-segment004-target50,329.152,51.422,50.0,-80.0,-83.5,train,20.0
D:\Squid-Robot-Delivery-20260922\4_PC_Console\target-pi-build\release\squid-logs\control-1791354652.csv,272,273,control-1791354652-segment004-target50,329.656,51.619,50.0,-80.0,-83.25,train,20.0
D:\Squid-Robot-Delivery-20260922\4_PC_Console\target-pi-build\release\squid-logs\control-1791354652.csv,273,274,control-1791354652-segment004-target50,330.157,50.903,50.0,80.0,80.25,train,0.0
D:\Squid-Robot-Delivery-20260922\4_PC_Console\target-pi-build\release\squid-logs\control-1791354652.csv,274,275,control-1791354652-segment004-target50,330.659,49.382,50.0,80.0,84.75,train,-20.0
D:\Squid-Robot-Delivery-20260922\4_PC_Console\target-pi-build\release\squid-logs\control-1791354652.csv,275,276,control-1791354652-segment004-target50,331.157,47.823,50.0,80.0,87.75,train,-20.0
D:\Squid-Robot-Delivery-20260922\4_PC_Console\target-pi-build\release\squid-logs\control-1791354652.csv,276,277,control-1791354652-segment004-target50,331.64,46.934,50.0,80.0,87.75,train,-20.0
D:\Squid-Robot-Delivery-20260922\4_PC_Console\target-pi-build\release\squid-logs\control-1791354652.csv,277,278,control-1791354652-segment004-target50,332.154,46.572,50.0,80.0,85.25,train,-20.0
D:\Squid-Robot-Delivery-20260922\4_PC_Console\target-pi-build\release\squid-logs\control-1791354652.csv,278,279,control-1791354652-segment004-target50,332.653,46.707,50.0,80.0,82.75,train,-20.0
D:\Squid-Robot-Delivery-20260922\4_PC_Console\target-pi-build\release\squid-logs\control-1791354652.csv,279,280,control-1791354652-segment004-target50,333.143,47.127,50.0,-80.0,-79.75,train,20.0
D:\Squid-Robot-Delivery-20260922\4_PC_Console\target-pi-build\release\squid-logs\control-1791354652.csv,280,281,control-1791354652-segment004-target50,333.646,48.065,50.0,-80.0,-82.0,train,20.0
D:\Squid-Robot-Delivery-20260922\4_PC_Console\target-pi-build\release\squid-logs\control-1791354652.csv,281,282,control-1791354652-segment004-target50,334.16,48.813,50.0,-80.0,-83.5,train,20.0
D:\Squid-Robot-Delivery-20260922\4_PC_Console\target-pi-build\release\squid-logs\control-1791354652.csv,282,283,control-1791354652-segment004-target50,334.661,49.012,50.0,80.0,77.25,train,-20.0
D:\Squid-Robot-Delivery-20260922\4_PC_Console\target-pi-build\release\squid-logs\control-1791354652.csv,283,284,control-1791354652-segment004-target50,335.147,47.992,50.0,80.0,81.5,train,-20.0
D:\Squid-Robot-Delivery-20260922\4_PC_Console\target-pi-build\release\squid-logs\control-1791354652.csv,284,285,control-1791354652-segment004-target50,335.648,46.748,50.0,80.0,86.5,train,-20.0
D:\Squid-Robot-Delivery-20260922\4_PC_Console\target-pi-build\release\squid-logs\control-1791354652.csv,285,286,control-1791354652-segment004-target50,336.165,46.14,50.0,80.0,87.75,train,-20.0
D:\Squid-Robot-Delivery-20260922\4_PC_Console\target-pi-build\release\squid-logs\control-1791354652.csv,286,287,control-1791354652-segment004-target50,336.649,46.437,50.0,80.0,84.5,train,-20.0
D:\Squid-Robot-Delivery-20260922\4_PC_Console\target-pi-build\release\squid-logs\control-1791354652.csv,287,288,control-1791354652-segment004-target50,337.153,47.091,50.0,-80.0,-80.25,train,20.0
D:\Squid-Robot-Delivery-20260922\4_PC_Console\target-pi-build\release\squid-logs\control-1791354652.csv,288,289,control-1791354652-segment004-target50,337.651,47.647,50.0,-80.0,-82.5,train,20.0
D:\Squid-Robot-Delivery-20260922\4_PC_Console\target-pi-build\release\squid-logs\control-1791354652.csv,289,290,control-1791354652-segment004-target50,338.151,48.001,50.0,-80.0,-81.75,train,20.0
D:\Squid-Robot-Delivery-20260922\4_PC_Console\target-pi-build\release\squid-logs\control-1791354652.csv,290,291,control-1791354652-segment004-target50,338.655,47.889,50.0,80.0,79.75,train,-6.0
D:\Squid-Robot-Delivery-20260922\4_PC_Console\target-pi-build\release\squid-logs\control-1791354652.csv,291,292,control-1791354652-segment004-target50,339.16,46.96,50.0,80.0,83.0,train,-20.0
D:\Squid-Robot-Delivery-20260922\4_PC_Console\target-pi-build\release\squid-logs\control-1791354652.csv,292,293,control-1791354652-segment004-target50,339.645,45.66,50.0,80.0,87.0,train,-20.0
D:\Squid-Robot-Delivery-20260922\4_PC_Console\target-pi-build\release\squid-logs\control-1791354652.csv,293,294,control-1791354652-segment004-target50,340.163,45.202,50.0,80.0,87.5,train,-20.0
D:\Squid-Robot-Delivery-20260922\4_PC_Console\target-pi-build\release\squid-logs\control-1791354652.csv,294,295,control-1791354652-segment004-target50,340.65,45.894,50.0,-80.0,-76.75,train,20.0
D:\Squid-Robot-Delivery-20260922\4_PC_Console\target-pi-build\release\squid-logs\control-1791354652.csv,302,303,control-1791354652-segment006-target60,344.659,52.274,60.0,-80.0,-85.5,train,20.0
D:\Squid-Robot-Delivery-20260922\4_PC_Console\target-pi-build\release\squid-logs\control-1791354652.csv,303,304,control-1791354652-segment006-target60,345.16,53.902,60.0,-80.0,-85.5,train,20.0
D:\Squid-Robot-Delivery-20260922\4_PC_Console\target-pi-build\release\squid-logs\control-1791354652.csv,304,305,control-1791354652-segment006-target60,345.664,54.702,60.0,-80.0,-82.5,train,20.0
D:\Squid-Robot-Delivery-20260922\4_PC_Console\target-pi-build\release\squid-logs\control-1791354652.csv,305,306,control-1791354652-segment006-target60,346.148,55.058,60.0,80.0,81.0,train,0.0
D:\Squid-Robot-Delivery-20260922\4_PC_Console\target-pi-build\release\squid-logs\control-1791354652.csv,306,307,control-1791354652-segment006-target60,346.668,55.217,60.0,80.0,82.0,train,-20.0
D:\Squid-Robot-Delivery-20260922\4_PC_Console\target-pi-build\release\squid-logs\control-1791354652.csv,307,308,control-1791354652-segment006-target60,347.171,55.3,60.0,80.0,82.5,train,-20.0
D:\Squid-Robot-Delivery-20260922\4_PC_Console\target-pi-build\release\squid-logs\control-1791354652.csv,308,309,control-1791354652-segment006-target60,347.659,55.833,60.0,80.0,81.0,train,-20.0
D:\Squid-Robot-Delivery-20260922\4_PC_Console\target-pi-build\release\squid-logs\control-1791354652.csv,309,310,control-1791354652-segment006-target60,348.159,57.522,60.0,-80.0,-83.0,train,-20.0
D:\Squid-Robot-Delivery-20260922\4_PC_Console\target-pi-build\release\squid-logs\control-1791354652.csv,310,311,control-1791354652-segment006-target60,348.656,60.012,60.0,0.0,0.0,train,0.0
D:\Squid-Robot-Delivery-20260922\4_PC_Console\target-pi-build\release\squid-logs\control-1791354652.csv,311,312,control-1791354652-segment006-target60,349.155,62.57,60.0,-80.0,-93.0,train,0.0
D:\Squid-Robot-Delivery-20260922\4_PC_Console\target-pi-build\release\squid-logs\control-1791354652.csv,312,313,control-1791354652-segment006-target60,349.645,64.423,60.0,-80.0,-92.0,train,-20.0
D:\Squid-Robot-Delivery-20260922\4_PC_Console\target-pi-build\release\squid-logs\control-1791354652.csv,313,314,control-1791354652-segment006-target60,350.16,66.011,60.0,-80.0,-89.75,train,-20.0
D:\Squid-Robot-Delivery-20260922\4_PC_Console\target-pi-build\release\squid-logs\control-1791354652.csv,314,315,control-1791354652-segment006-target60,350.665,67.653,60.0,-80.0,-89.75,train,-20.0
D:\Squid-Robot-Delivery-20260922\4_PC_Console\target-pi-build\release\squid-logs\control-1791354652.csv,315,316,control-1791354652-segment006-target60,351.168,69.201,60.0,-80.0,-91.0,train,-20.0
D:\Squid-Robot-Delivery-20260922\4_PC_Console\target-pi-build\release\squid-logs\control-1791354652.csv,316,317,control-1791354652-segment006-target60,351.653,70.028,60.0,-80.0,-89.5,train,0.0
D:\Squid-Robot-Delivery-20260922\4_PC_Console\target-pi-build\release\squid-logs\control-1791354652.csv,317,318,control-1791354652-segment006-target60,352.155,70.416,60.0,-80.0,-87.0,train,20.0
D:\Squid-Robot-Delivery-20260922\4_PC_Console\target-pi-build\release\squid-logs\control-1791354652.csv,318,319,control-1791354652-segment006-target60,352.658,70.835,60.0,-80.0,-86.5,train,20.0
D:\Squid-Robot-Delivery-20260922\4_PC_Console\target-pi-build\release\squid-logs\control-1791354652.csv,319,320,control-1791354652-segment006-target60,353.177,71.057,60.0,-80.0,-86.75,train,20.0
D:\Squid-Robot-Delivery-20260922\4_PC_Console\target-pi-build\release\squid-logs\control-1791354652.csv,320,321,control-1791354652-segment006-target60,353.659,70.677,60.0,-80.0,-85.0,train,20.0
D:\Squid-Robot-Delivery-20260922\4_PC_Console\target-pi-build\release\squid-logs\control-1791354652.csv,321,322,control-1791354652-segment006-target60,354.161,69.892,60.0,80.0,78.0,train,-20.0
D:\Squid-Robot-Delivery-20260922\4_PC_Console\target-pi-build\release\squid-logs\control-1791354652.csv,322,323,control-1791354652-segment006-target60,354.648,69.051,60.0,80.0,80.0,train,-20.0
D:\Squid-Robot-Delivery-20260922\4_PC_Console\target-pi-build\release\squid-logs\control-1791354652.csv,323,324,control-1791354652-segment006-target60,355.165,69.145,60.0,-80.0,-82.75,train,0.0
D:\Squid-Robot-Delivery-20260922\4_PC_Console\target-pi-build\release\squid-logs\control-1791354652.csv,324,325,control-1791354652-segment006-target60,355.668,69.873,60.0,-80.0,-87.25,train,-20.0
D:\Squid-Robot-Delivery-20260922\4_PC_Console\target-pi-build\release\squid-logs\control-1791354652.csv,330,331,control-1791354652-segment007-target60,359.159,69.323,60.0,-80.0,-85.25,validation,20.0
D:\Squid-Robot-Delivery-20260922\4_PC_Console\target-pi-build\release\squid-logs\control-1791354652.csv,331,332,control-1791354652-segment007-target60,359.641,69.29,60.0,-80.0,-86.25,validation,20.0
D:\Squid-Robot-Delivery-20260922\4_PC_Console\target-pi-build\release\squid-logs\control-1791354652.csv,332,333,control-1791354652-segment007-target60,360.172,68.452,60.0,80.0,77.75,validation,-20.0
D:\Squid-Robot-Delivery-20260922\4_PC_Console\target-pi-build\release\squid-logs\control-1791354652.csv,333,334,control-1791354652-segment007-target60,360.641,66.868,60.0,70.702,73.452,validation,-20.0
D:\Squid-Robot-Delivery-20260922\4_PC_Console\target-pi-build\release\squid-logs\control-1791354652.csv,334,335,control-1791354652-segment007-target60,361.153,65.101,60.0,80.0,85.5,validation,-20.0
D:\Squid-Robot-Delivery-20260922\4_PC_Console\target-pi-build\release\squid-logs\control-1791354652.csv,335,336,control-1791354652-segment007-target60,361.639,64.116,60.0,69.208,72.958,validation,-20.0
D:\Squid-Robot-Delivery-20260922\4_PC_Console\target-pi-build\release\squid-logs\control-1791354652.csv,336,337,control-1791354652-segment007-target60,362.169,63.859,60.0,-80.0,-79.5,validation,20.0
D:\Squid-Robot-Delivery-20260922\4_PC_Console\target-pi-build\release\squid-logs\control-1791354652.csv,337,338,control-1791354652-segment007-target60,362.654,64.172,60.0,-80.0,-84.25,validation,0.0
D:\Squid-Robot-Delivery-20260922\4_PC_Console\target-pi-build\release\squid-logs\control-1791354652.csv,338,339,control-1791354652-segment007-target60,363.169,64.599,60.0,-80.0,-85.5,validation,20.0
D:\Squid-Robot-Delivery-20260922\4_PC_Console\target-pi-build\release\squid-logs\control-1791354652.csv,339,340,control-1791354652-segment007-target60,363.651,64.617,60.0,-80.0,-83.5,validation,20.0
D:\Squid-Robot-Delivery-20260922\4_PC_Console\target-pi-build\release\squid-logs\control-1791354652.csv,340,341,control-1791354652-segment007-target60,364.149,63.972,60.0,64.488,63.738,validation,-20.0
D:\Squid-Robot-Delivery-20260922\4_PC_Console\target-pi-build\release\squid-logs\control-1791354652.csv,341,342,control-1791354652-segment007-target60,364.65,62.41,60.0,80.0,85.0,validation,-20.0
D:\Squid-Robot-Delivery-20260922\4_PC_Console\target-pi-build\release\squid-logs\control-1791354652.csv,342,343,control-1791354652-segment007-target60,365.149,60.503,60.0,80.0,87.5,validation,-20.0
D:\Squid-Robot-Delivery-20260922\4_PC_Console\target-pi-build\release\squid-logs\control-1791354652.csv,343,344,control-1791354652-segment007-target60,365.654,59.372,60.0,80.0,86.25,validation,-20.0
D:\Squid-Robot-Delivery-20260922\4_PC_Console\target-pi-build\release\squid-logs\control-1791354652.csv,344,345,control-1791354652-segment007-target60,366.168,59.092,60.0,80.0,82.25,validation,-20.0
D:\Squid-Robot-Delivery-20260922\4_PC_Console\target-pi-build\release\squid-logs\control-1791354652.csv,345,346,control-1791354652-segment007-target60,366.639,59.313,60.0,34.926,33.926,validation,-20.0
D:\Squid-Robot-Delivery-20260922\4_PC_Console\target-pi-build\release\squid-logs\control-1791354652.csv,346,347,control-1791354652-segment007-target60,367.137,60.044,60.0,0.0,0.0,validation,-20.0
D:\Squid-Robot-Delivery-20260922\4_PC_Console\target-pi-build\release\squid-logs\control-1791354652.csv,347,348,control-1791354652-segment007-target60,367.653,61.304,60.0,-80.0,-86.0,validation,-20.0
D:\Squid-Robot-Delivery-20260922\4_PC_Console\target-pi-build\release\squid-logs\control-1791354652.csv,348,349,control-1791354652-segment007-target60,368.152,62.854,60.0,-80.0,-88.25,validation,-20.0
D:\Squid-Robot-Delivery-20260922\4_PC_Console\target-pi-build\release\squid-logs\control-1791354652.csv,349,350,control-1791354652-segment007-target60,368.666,64.014,60.0,-80.0,-88.25,validation,20.0
D:\Squid-Robot-Delivery-20260922\4_PC_Console\target-pi-build\release\squid-logs\control-1791354652.csv,350,351,control-1791354652-segment007-target60,369.165,64.222,60.0,-80.0,-84.0,validation,20.0
D:\Squid-Robot-Delivery-20260922\4_PC_Console\target-pi-build\release\squid-logs\control-1791354652.csv,351,352,control-1791354652-segment007-target60,369.665,63.798,60.0,80.0,79.75,validation,-20.0
D:\Squid-Robot-Delivery-20260922\4_PC_Console\target-pi-build\release\squid-logs\control-1791354652.csv,352,353,control-1791354652-segment007-target60,370.152,63.151,60.0,60.56,62.56,validation,-20.0
D:\Squid-Robot-Delivery-20260922\4_PC_Console\target-pi-build\release\squid-logs\control-1791354652.csv,353,354,control-1791354652-segment007-target60,370.669,62.55,60.0,41.74,44.49,validation,-20.0
D:\Squid-Robot-Delivery-20260922\4_PC_Console\target-pi-build\release\squid-logs\control-1791354652.csv,354,355,control-1791354652-segment007-target60,371.166,62.18,60.0,69.866,71.866,validation,-20.0
D:\Squid-Robot-Delivery-20260922\4_PC_Console\target-pi-build\release\squid-logs\control-1791354652.csv,355,356,control-1791354652-segment007-target60,371.667,62.607,60.0,-80.0,-82.5,validation,20.0
D:\Squid-Robot-Delivery-20260922\4_PC_Console\target-pi-build\release\squid-logs\control-1791354652.csv,356,357,control-1791354652-segment007-target60,372.151,63.898,60.0,-80.0,-87.0,validation,-20.0
D:\Squid-Robot-Delivery-20260922\4_PC_Console\target-pi-build\release\squid-logs\control-1791354652.csv,357,358,control-1791354652-segment007-target60,372.665,64.911,60.0,-80.0,-87.75,validation,20.0
D:\Squid-Robot-Delivery-20260922\4_PC_Console\target-pi-build\release\squid-logs\control-1791354652.csv,358,359,control-1791354652-segment007-target60,373.165,64.848,60.0,-80.0,-83.75,validation,20.0
D:\Squid-Robot-Delivery-20260922\4_PC_Console\target-pi-build\release\squid-logs\control-1791354652.csv,359,360,control-1791354652-segment007-target60,373.663,63.805,60.0,22.405,24.655,validation,20.0
D:\Squid-Robot-Delivery-20260922\4_PC_Console\target-pi-build\release\squid-logs\control-1791354652.csv,360,361,control-1791354652-segment007-target60,374.147,62.775,60.0,26.3,31.05,validation,-18.0
D:\Squid-Robot-Delivery-20260922\4_PC_Console\target-pi-build\release\squid-logs\control-1791354652.csv,361,362,control-1791354652-segment007-target60,374.646,62.164,60.0,34.372,37.622,validation,-20.0
D:\Squid-Robot-Delivery-20260922\4_PC_Console\target-pi-build\release\squid-logs\control-1791354652.csv,362,363,control-1791354652-segment007-target60,375.161,61.774,60.0,37.923,39.173,validation,-20.0
D:\Squid-Robot-Delivery-20260922\4_PC_Console\target-pi-build\release\squid-logs\control-1791354652.csv,363,364,control-1791354652-segment007-target60,375.645,61.919,60.0,-80.0,-81.25,validation,20.0
D:\Squid-Robot-Delivery-20260922\4_PC_Console\target-pi-build\release\squid-logs\control-1791354652.csv,364,365,control-1791354652-segment007-target60,376.164,62.709,60.0,-80.0,-84.5,validation,20.0
D:\Squid-Robot-Delivery-20260922\4_PC_Console\target-pi-build\release\squid-logs\control-1791354652.csv,365,366,control-1791354652-segment007-target60,376.668,63.731,60.0,-80.0,-86.75,validation,20.0
D:\Squid-Robot-Delivery-20260922\4_PC_Console\target-pi-build\release\squid-logs\control-1791354652.csv,366,367,control-1791354652-segment007-target60,377.168,63.644,60.0,-80.0,-83.25,validation,20.0
D:\Squid-Robot-Delivery-20260922\4_PC_Console\target-pi-build\release\squid-logs\control-1791354652.csv,386,387,control-1791354652-segment016-target30,387.169,13.63,30.0,80.0,87.75,validation,0.0
D:\Squid-Robot-Delivery-20260922\4_PC_Console\target-pi-build\release\squid-logs\control-1791354652.csv,387,388,control-1791354652-segment016-target30,387.652,10.369,30.0,80.0,88.0,validation,0.0
D:\Squid-Robot-Delivery-20260922\4_PC_Console\target-pi-build\release\squid-logs\control-1791354652.csv,388,389,control-1791354652-segment016-target30,388.168,9.446,30.0,80.0,86.75,validation,0.0
D:\Squid-Robot-Delivery-20260922\4_PC_Console\target-pi-build\release\squid-logs\control-1791354652.csv,389,390,control-1791354652-segment016-target30,388.642,11.596,30.0,80.0,78.25,validation,0.0
D:\Squid-Robot-Delivery-20260922\4_PC_Console\target-pi-build\release\squid-logs\control-1791354652.csv,390,391,control-1791354652-segment016-target30,389.159,11.871,30.0,80.0,79.5,validation,0.0
D:\Squid-Robot-Delivery-20260922\4_PC_Console\target-pi-build\release\squid-logs\control-1791354652.csv,391,392,control-1791354652-segment016-target30,389.658,11.403,30.0,80.0,83.75,validation,0.0
D:\Squid-Robot-Delivery-20260922\4_PC_Console\target-pi-build\release\squid-logs\control-1791354652.csv,392,393,control-1791354652-segment016-target30,390.163,11.443,30.0,80.0,85.0,validation,0.0
D:\Squid-Robot-Delivery-20260922\4_PC_Console\target-pi-build\release\squid-logs\control-1791354652.csv,393,394,control-1791354652-segment016-target30,390.663,10.477,30.0,80.0,87.25,validation,0.0
D:\Squid-Robot-Delivery-20260922\4_PC_Console\target-pi-build\release\squid-logs\control-1791354652.csv,394,395,control-1791354652-segment016-target30,391.163,9.671,30.0,80.0,87.75,validation,0.0
D:\Squid-Robot-Delivery-20260922\4_PC_Console\target-pi-build\release\squid-logs\control-1791354652.csv,395,396,control-1791354652-segment016-target30,391.66,11.169,30.0,80.0,83.75,validation,0.0
D:\Squid-Robot-Delivery-20260922\4_PC_Console\target-pi-build\release\squid-logs\control-1791354652.csv,396,397,control-1791354652-segment016-target30,392.161,11.695,30.0,80.0,82.75,validation,0.0
D:\Squid-Robot-Delivery-20260922\4_PC_Console\target-pi-build\release\squid-logs\control-1791354652.csv,397,398,control-1791354652-segment016-target30,392.662,11.122,30.0,80.0,85.5,validation,0.0
D:\Squid-Robot-Delivery-20260922\4_PC_Console\target-pi-build\release\squid-logs\control-1791354652.csv,398,399,control-1791354652-segment016-target30,393.167,10.585,30.0,80.0,86.75,validation,0.0
D:\Squid-Robot-Delivery-20260922\4_PC_Console\target-pi-build\release\squid-logs\control-1791354652.csv,399,400,control-1791354652-segment016-target30,393.654,10.052,30.0,80.0,87.25,validation,0.0
D:\Squid-Robot-Delivery-20260922\4_PC_Console\target-pi-build\release\squid-logs\control-1791354652.csv,400,401,control-1791354652-segment016-target30,394.161,10.289,30.0,80.0,86.25,validation,0.0
D:\Squid-Robot-Delivery-20260922\4_PC_Console\target-pi-build\release\squid-logs\control-1791354652.csv,401,402,control-1791354652-segment016-target30,394.645,10.876,30.0,80.0,84.25,validation,0.0
D:\Squid-Robot-Delivery-20260922\4_PC_Console\target-pi-build\release\squid-logs\control-1791354652.csv,402,403,control-1791354652-segment016-target30,395.166,11.158,30.0,80.0,84.5,validation,0.0
D:\Squid-Robot-Delivery-20260922\4_PC_Console\target-pi-build\release\squid-logs\control-1791354652.csv,403,404,control-1791354652-segment016-target30,395.653,11.147,30.0,80.0,85.25,validation,0.0
D:\Squid-Robot-Delivery-20260922\4_PC_Console\target-pi-build\release\squid-logs\control-1791354652.csv,404,405,control-1791354652-segment016-target30,396.156,10.465,30.0,80.0,87.0,validation,0.0
D:\Squid-Robot-Delivery-20260922\4_PC_Console\target-pi-build\release\squid-logs\control-1791354652.csv,405,406,control-1791354652-segment016-target30,396.656,10.159,30.0,80.0,87.0,validation,0.0
D:\Squid-Robot-Delivery-20260922\4_PC_Console\target-pi-build\release\squid-logs\control-1791354652.csv,406,407,control-1791354652-segment016-target30,397.154,10.523,30.0,80.0,85.75,validation,0.0
D:\Squid-Robot-Delivery-20260922\4_PC_Console\target-pi-build\release\squid-logs\control-1791354652.csv,407,408,control-1791354652-segment016-target30,397.684,10.632,30.0,80.0,85.5,validation,0.0
D:\Squid-Robot-Delivery-20260922\4_PC_Console\target-pi-build\release\squid-logs\control-1791354652.csv,408,409,control-1791354652-segment016-target30,398.152,11.043,30.0,80.0,84.5,validation,0.0
D:\Squid-Robot-Delivery-20260922\4_PC_Console\target-pi-build\release\squid-logs\control-1791354652.csv,409,410,control-1791354652-segment016-target30,398.665,11.057,30.0,80.0,85.25,validation,0.0
D:\Squid-Robot-Delivery-20260922\4_PC_Console\target-pi-build\release\squid-logs\control-1791354652.csv,410,411,control-1791354652-segment016-target30,399.179,10.542,30.0,80.0,86.75,validation,0.0
D:\Squid-Robot-Delivery-20260922\4_PC_Console\target-pi-build\release\squid-logs\control-1791354652.csv,411,412,control-1791354652-segment016-target30,399.668,10.5,30.0,80.0,86.5,validation,0.0
D:\Squid-Robot-Delivery-20260922\4_PC_Console\target-pi-build\release\squid-logs\control-1791354652.csv,412,413,control-1791354652-segment016-target30,400.15,10.502,30.0,80.0,86.5,validation,0.0
D:\Squid-Robot-Delivery-20260922\4_PC_Console\target-pi-build\release\squid-logs\control-1791354652.csv,413,414,control-1791354652-segment016-target30,400.668,10.584,30.0,80.0,86.0,validation,0.0
D:\Squid-Robot-Delivery-20260922\4_PC_Console\target-pi-build\release\squid-logs\control-1791354652.csv,414,415,control-1791354652-segment016-target30,401.158,11.016,30.0,80.0,84.75,validation,0.0
D:\Squid-Robot-Delivery-20260922\4_PC_Console\target-pi-build\release\squid-logs\control-1791354652.csv,415,416,control-1791354652-segment016-target30,401.64,10.975,30.0,80.0,85.5,validation,0.0
D:\Squid-Robot-Delivery-20260922\4_PC_Console\target-pi-build\release\squid-logs\control-1791354652.csv,416,417,control-1791354652-segment016-target30,402.174,10.835,30.0,80.0,86.0,validation,0.0
D:\Squid-Robot-Delivery-20260922\4_PC_Console\target-pi-build\release\squid-logs\control-1791354652.csv,417,418,control-1791354652-segment016-target30,402.649,10.719,30.0,80.0,86.5,validation,0.0
D:\Squid-Robot-Delivery-20260922\4_PC_Console\target-pi-build\release\squid-logs\control-1791354652.csv,418,419,control-1791354652-segment016-target30,403.162,10.459,30.0,80.0,86.75,validation,0.0
D:\Squid-Robot-Delivery-20260922\4_PC_Console\target-pi-build\release\squid-logs\control-1791354652.csv,419,420,control-1791354652-segment016-target30,403.667,10.632,30.0,80.0,86.25,validation,0.0
D:\Squid-Robot-Delivery-20260922\4_PC_Console\target-pi-build\release\squid-logs\control-1791354652.csv,420,421,control-1791354652-segment016-target30,404.156,10.845,30.0,80.0,85.25,validation,0.0
D:\Squid-Robot-Delivery-20260922\4_PC_Console\target-pi-build\release\squid-logs\control-1791354652.csv,421,422,control-1791354652-segment016-target30,404.654,10.933,30.0,80.0,85.5,validation,0.0
D:\Squid-Robot-Delivery-20260922\4_PC_Console\target-pi-build\release\squid-logs\control-1791354652.csv,422,423,control-1791354652-segment016-target30,405.159,11.016,30.0,80.0,85.75,validation,0.0
D:\Squid-Robot-Delivery-20260922\4_PC_Console\target-pi-build\release\squid-logs\control-1791354652.csv,423,424,control-1791354652-segment016-target30,405.664,10.913,30.0,80.0,86.0,validation,0.0
D:\Squid-Robot-Delivery-20260922\4_PC_Console\target-pi-build\release\squid-logs\control-1791354652.csv,424,425,control-1791354652-segment016-target30,406.165,10.707,30.0,80.0,86.75,validation,0.0
D:\Squid-Robot-Delivery-20260922\4_PC_Console\target-pi-build\release\squid-logs\control-1791354652.csv,425,426,control-1791354652-segment016-target30,406.645,10.731,30.0,80.0,86.25,validation,0.0
D:\Squid-Robot-Delivery-20260922\4_PC_Console\target-pi-build\release\squid-logs\control-1791354652.csv,426,427,control-1791354652-segment016-target30,407.149,10.724,30.0,80.0,86.0,validation,0.0
D:\Squid-Robot-Delivery-20260922\4_PC_Console\target-pi-build\release\squid-logs\control-1791354652.csv,427,428,control-1791354652-segment016-target30,407.649,10.946,30.0,80.0,85.5,validation,0.0
D:\Squid-Robot-Delivery-20260922\4_PC_Console\target-pi-build\release\squid-logs\control-1791354652.csv,428,429,control-1791354652-segment016-target30,408.179,11.044,30.0,80.0,85.75,validation,0.0
D:\Squid-Robot-Delivery-20260922\4_PC_Console\target-pi-build\release\squid-logs\control-1791354652.csv,429,430,control-1791354652-segment016-target30,408.647,11.072,30.0,80.0,85.75,validation,0.0
D:\Squid-Robot-Delivery-20260922\4_PC_Console\target-pi-build\release\squid-logs\control-1791354652.csv,430,431,control-1791354652-segment016-target30,409.164,11.01,30.0,80.0,86.0,validation,0.0
D:\Squid-Robot-Delivery-20260922\4_PC_Console\target-pi-build\release\squid-logs\control-1791354652.csv,431,432,control-1791354652-segment016-target30,409.646,10.889,30.0,80.0,86.5,validation,0.0
D:\Squid-Robot-Delivery-20260922\4_PC_Console\target-pi-build\release\squid-logs\control-1791354652.csv,432,433,control-1791354652-segment016-target30,410.164,10.824,30.0,80.0,86.25,validation,0.0
D:\Squid-Robot-Delivery-20260922\4_PC_Console\target-pi-build\release\squid-logs\control-1791354652.csv,433,434,control-1791354652-segment016-target30,410.668,10.896,30.0,80.0,85.75,validation,0.0
D:\Squid-Robot-Delivery-20260922\4_PC_Console\target-pi-build\release\squid-logs\control-1791354652.csv,434,435,control-1791354652-segment016-target30,411.166,10.93,30.0,80.0,85.75,validation,0.0
D:\Squid-Robot-Delivery-20260922\4_PC_Console\target-pi-build\release\squid-logs\control-1791354652.csv,435,436,control-1791354652-segment016-target30,411.668,11.117,30.0,80.0,85.5,validation,0.0
D:\Squid-Robot-Delivery-20260922\4_PC_Console\target-pi-build\release\squid-logs\control-1791354652.csv,436,437,control-1791354652-segment016-target30,412.15,11.165,30.0,80.0,85.5,validation,0.0
D:\Squid-Robot-Delivery-20260922\4_PC_Console\target-pi-build\release\squid-logs\control-1791354652.csv,437,438,control-1791354652-segment016-target30,412.666,11.137,30.0,80.0,86.0,validation,0.0
D:\Squid-Robot-Delivery-20260922\4_PC_Console\target-pi-build\release\squid-logs\control-1791354652.csv,438,439,control-1791354652-segment016-target30,413.154,11.103,30.0,80.0,86.0,validation,0.0
D:\Squid-Robot-Delivery-20260922\4_PC_Console\target-pi-build\release\squid-logs\control-1791354652.csv,439,440,control-1791354652-segment016-target30,413.656,10.999,30.0,80.0,86.25,validation,0.0
D:\Squid-Robot-Delivery-20260922\4_PC_Console\target-pi-build\release\squid-logs\control-1791354652.csv,440,441,control-1791354652-segment016-target30,414.142,10.999,30.0,80.0,86.25,validation,0.0
D:\Squid-Robot-Delivery-20260922\4_PC_Console\target-pi-build\release\squid-logs\control-1791354652.csv,441,442,control-1791354652-segment016-target30,414.66,11.118,30.0,80.0,85.75,validation,0.0
D:\Squid-Robot-Delivery-20260922\4_PC_Console\target-pi-build\release\squid-logs\control-1791354652.csv,442,443,control-1791354652-segment016-target30,415.161,11.19,30.0,80.0,85.75,validation,0.0
D:\Squid-Robot-Delivery-20260922\4_PC_Console\target-pi-build\release\squid-logs\control-1791354652.csv,443,444,control-1791354652-segment016-target30,415.646,11.249,30.0,80.0,85.75,validation,0.0
D:\Squid-Robot-Delivery-20260922\4_PC_Console\target-pi-build\release\squid-logs\control-1791354652.csv,444,445,control-1791354652-segment016-target30,416.146,11.324,30.0,80.0,85.5,validation,0.0
D:\Squid-Robot-Delivery-20260922\4_PC_Console\target-pi-build\release\squid-logs\control-1791354652.csv,445,446,control-1791354652-segment016-target30,416.642,11.275,30.0,80.0,86.0,validation,0.0
D:\Squid-Robot-Delivery-20260922\4_PC_Console\target-pi-build\release\squid-logs\control-1791354652.csv,446,447,control-1791354652-segment016-target30,417.185,11.161,30.0,80.0,86.25,validation,0.0
D:\Squid-Robot-Delivery-20260922\4_PC_Console\target-pi-build\release\squid-logs\control-1791354652.csv,447,448,control-1791354652-segment016-target30,417.65,11.207,30.0,80.0,86.0,validation,0.0
D:\Squid-Robot-Delivery-20260922\4_PC_Console\target-pi-build\release\squid-logs\control-1791354652.csv,448,449,control-1791354652-segment016-target30,418.166,11.193,30.0,80.0,86.0,validation,0.0
D:\Squid-Robot-Delivery-20260922\4_PC_Console\target-pi-build\release\squid-logs\control-1791354652.csv,449,450,control-1791354652-segment016-target30,418.665,11.273,30.0,80.0,85.75,validation,0.0
D:\Squid-Robot-Delivery-20260922\4_PC_Console\target-pi-build\release\squid-logs\control-1791354652.csv,450,451,control-1791354652-segment016-target30,419.164,11.378,30.0,80.0,85.5,validation,0.0
D:\Squid-Robot-Delivery-20260922\4_PC_Console\target-pi-build\release\squid-logs\control-1791354652.csv,451,452,control-1791354652-segment016-target30,419.647,11.392,30.0,80.0,85.75,validation,0.0
D:\Squid-Robot-Delivery-20260922\4_PC_Console\target-pi-build\release\squid-logs\control-1791354652.csv,452,453,control-1791354652-segment016-target30,420.145,11.407,30.0,80.0,86.0,validation,0.0
D:\Squid-Robot-Delivery-20260922\4_PC_Console\target-pi-build\release\squid-logs\control-1791354652.csv,453,454,control-1791354652-segment016-target30,420.645,11.391,30.0,80.0,86.0,validation,0.0
D:\Squid-Robot-Delivery-20260922\4_PC_Console\target-pi-build\release\squid-logs\control-1791354652.csv,459,460,control-1791354652-segment017-target30,424.161,11.627,30.0,80.0,85.75,validation,0.0
D:\Squid-Robot-Delivery-20260922\4_PC_Console\target-pi-build\release\squid-logs\control-1791354652.csv,460,461,control-1791354652-segment017-target30,424.646,11.638,30.0,80.0,85.75,validation,0.0
D:\Squid-Robot-Delivery-20260922\4_PC_Console\target-pi-build\release\squid-logs\control-1791354652.csv,461,462,control-1791354652-segment017-target30,425.141,11.595,30.0,80.0,86.0,validation,0.0
D:\Squid-Robot-Delivery-20260922\4_PC_Console\target-pi-build\release\squid-logs\control-1791354652.csv,462,463,control-1791354652-segment017-target30,425.672,11.566,30.0,80.0,85.75,validation,0.0
D:\Squid-Robot-Delivery-20260922\4_PC_Console\target-pi-build\release\squid-logs\control-1791354652.csv,463,464,control-1791354652-segment017-target30,426.17,11.6,30.0,80.0,85.75,validation,0.0
D:\Squid-Robot-Delivery-20260922\4_PC_Console\target-pi-build\release\squid-logs\control-1791354652.csv,464,465,control-1791354652-segment017-target30,426.639,11.68,30.0,80.0,85.5,validation,0.0
D:\Squid-Robot-Delivery-20260922\4_PC_Console\target-pi-build\release\squid-logs\control-1791354652.csv,465,466,control-1791354652-segment017-target30,427.171,11.724,30.0,80.0,85.5,validation,0.0
D:\Squid-Robot-Delivery-20260922\4_PC_Console\target-pi-build\release\squid-logs\control-1791354652.csv,466,467,control-1791354652-segment017-target30,427.671,11.811,30.0,80.0,85.5,validation,0.0
D:\Squid-Robot-Delivery-20260922\4_PC_Console\target-pi-build\release\squid-logs\control-1791354652.csv,467,468,control-1791354652-segment017-target30,428.152,11.888,30.0,80.0,85.75,validation,0.0
D:\Squid-Robot-Delivery-20260922\4_PC_Console\target-pi-build\release\squid-logs\control-1791354652.csv,468,469,control-1791354652-segment017-target30,428.67,11.905,30.0,80.0,85.75,validation,0.0
D:\Squid-Robot-Delivery-20260922\4_PC_Console\target-pi-build\release\squid-logs\control-1791354652.csv,469,470,control-1791354652-segment017-target30,429.168,11.894,30.0,80.0,86.0,validation,0.0
D:\Squid-Robot-Delivery-20260922\4_PC_Console\target-pi-build\release\squid-logs\control-1791354652.csv,470,471,control-1791354652-segment017-target30,429.668,11.928,30.0,80.0,85.75,validation,0.0
D:\Squid-Robot-Delivery-20260922\4_PC_Console\target-pi-build\release\squid-logs\control-1791354652.csv,471,472,control-1791354652-segment017-target30,430.17,11.914,30.0,80.0,85.75,validation,0.0
D:\Squid-Robot-Delivery-20260922\4_PC_Console\target-pi-build\release\squid-logs\control-1791354652.csv,472,473,control-1791354652-segment017-target30,430.67,11.92,30.0,80.0,85.75,validation,0.0
D:\Squid-Robot-Delivery-20260922\4_PC_Console\target-pi-build\release\squid-logs\control-1791354652.csv,473,474,control-1791354652-segment017-target30,431.141,12.055,30.0,80.0,85.5,validation,0.0
D:\Squid-Robot-Delivery-20260922\4_PC_Console\target-pi-build\release\squid-logs\control-1791354652.csv,474,475,control-1791354652-segment017-target30,431.66,12.106,30.0,80.0,85.75,validation,0.0
D:\Squid-Robot-Delivery-20260922\4_PC_Console\target-pi-build\release\squid-logs\control-1791354652.csv,475,476,control-1791354652-segment017-target30,432.147,12.201,30.0,80.0,85.5,validation,0.0
D:\Squid-Robot-Delivery-20260922\4_PC_Console\target-pi-build\release\squid-logs\control-1791354652.csv,476,477,control-1791354652-segment017-target30,432.663,12.371,30.0,80.0,85.5,validation,0.0
D:\Squid-Robot-Delivery-20260922\4_PC_Console\target-pi-build\release\squid-logs\control-1791354652.csv,477,478,control-1791354652-segment017-target30,433.168,12.635,30.0,80.0,85.25,validation,0.0
D:\Squid-Robot-Delivery-20260922\4_PC_Console\target-pi-build\release\squid-logs\control-1791354652.csv,478,479,control-1791354652-segment017-target30,433.65,12.962,30.0,80.0,84.75,validation,0.0
D:\Squid-Robot-Delivery-20260922\4_PC_Console\target-pi-build\release\squid-logs\control-1791354652.csv,479,480,control-1791354652-segment017-target30,434.162,13.361,30.0,80.0,84.75,validation,0.0
D:\Squid-Robot-Delivery-20260922\4_PC_Console\target-pi-build\release\squid-logs\control-1791354652.csv,480,481,control-1791354652-segment017-target30,434.661,13.943,30.0,80.0,84.0,validation,0.0
D:\Squid-Robot-Delivery-20260922\4_PC_Console\target-pi-build\release\squid-logs\control-1791354652.csv,481,482,control-1791354652-segment017-target30,435.166,14.696,30.0,80.0,83.5,validation,0.0
D:\Squid-Robot-Delivery-20260922\4_PC_Console\target-pi-build\release\squid-logs\control-1791354652.csv,482,483,control-1791354652-segment017-target30,435.665,15.664,30.0,80.0,82.75,validation,-20.0
D:\Squid-Robot-Delivery-20260922\4_PC_Console\target-pi-build\release\squid-logs\control-1791354652.csv,483,484,control-1791354652-segment017-target30,436.173,16.775,30.0,-80.0,-78.0,validation,20.0
D:\Squid-Robot-Delivery-20260922\4_PC_Console\target-pi-build\release\squid-logs\control-1791354652.csv,484,485,control-1791354652-segment017-target30,436.665,18.061,30.0,-80.0,-80.0,validation,20.0
D:\Squid-Robot-Delivery-20260922\4_PC_Console\target-pi-build\release\squid-logs\control-1791354652.csv,485,486,control-1791354652-segment017-target30,437.15,19.423,30.0,-80.0,-80.0,validation,20.0
D:\Squid-Robot-Delivery-20260922\4_PC_Console\target-pi-build\release\squid-logs\control-1791354652.csv,486,487,control-1791354652-segment017-target30,437.665,19.765,30.0,80.0,82.75,validation,20.0
D:\Squid-Robot-Delivery-20260922\4_PC_Console\target-pi-build\release\squid-logs\control-1791354652.csv,487,488,control-1791354652-segment017-target30,438.167,19.062,30.0,80.0,87.25,validation,20.0
D:\Squid-Robot-Delivery-20260922\4_PC_Console\target-pi-build\release\squid-logs\control-1791354652.csv,488,489,control-1791354652-segment017-target30,438.648,18.17,30.0,80.0,88.0,validation,20.0
D:\Squid-Robot-Delivery-20260922\4_PC_Console\target-pi-build\release\squid-logs\control-1791354652.csv,489,490,control-1791354652-segment017-target30,439.164,18.05,30.0,80.0,87.0,validation,0.0
D:\Squid-Robot-Delivery-20260922\4_PC_Console\target-pi-build\release\squid-logs\control-1791354652.csv,490,491,control-1791354652-segment017-target30,439.666,18.773,30.0,-80.0,-76.5,validation,20.0
D:\Squid-Robot-Delivery-20260922\4_PC_Console\target-pi-build\release\squid-logs\control-1791354652.csv,491,492,control-1791354652-segment017-target30,440.169,19.288,30.0,80.0,81.75,validation,20.0
D:\Squid-Robot-Delivery-20260922\4_PC_Console\target-pi-build\release\squid-logs\control-1791354652.csv,492,493,control-1791354652-segment017-target30,440.656,19.496,30.0,80.0,83.25,validation,20.0
D:\Squid-Robot-Delivery-20260922\4_PC_Console\target-pi-build\release\squid-logs\control-1791354652.csv,493,494,control-1791354652-segment017-target30,441.155,19.693,30.0,80.0,83.75,validation,-20.0
